solid fv_apriltag_plate_id312_base
  facet normal 0.000000 0.000000 -1.000000
    outer loop
      vertex 0.000000 0.000000 0.400000
      vertex 50.000000 50.000000 0.400000
      vertex 50.000000 0.000000 0.400000
    endloop
  endfacet
  facet normal 0.000000 0.000000 -1.000000
    outer loop
      vertex 0.000000 0.000000 0.400000
      vertex 0.000000 50.000000 0.400000
      vertex 50.000000 50.000000 0.400000
    endloop
  endfacet
  facet normal 0.000000 0.000000 1.000000
    outer loop
      vertex 0.000000 0.000000 2.000000
      vertex 50.000000 0.000000 2.000000
      vertex 50.000000 50.000000 2.000000
    endloop
  endfacet
  facet normal 0.000000 0.000000 1.000000
    outer loop
      vertex 0.000000 0.000000 2.000000
      vertex 50.000000 50.000000 2.000000
      vertex 0.000000 50.000000 2.000000
    endloop
  endfacet
  facet normal 0.000000 -1.000000 0.000000
    outer loop
      vertex 0.000000 0.000000 0.400000
      vertex 50.000000 0.000000 0.400000
      vertex 50.000000 0.000000 2.000000
    endloop
  endfacet
  facet normal 0.000000 -1.000000 0.000000
    outer loop
      vertex 0.000000 0.000000 0.400000
      vertex 50.000000 0.000000 2.000000
      vertex 0.000000 0.000000 2.000000
    endloop
  endfacet
  facet normal 0.000000 1.000000 0.000000
    outer loop
      vertex 0.000000 50.000000 0.400000
      vertex 50.000000 50.000000 2.000000
      vertex 50.000000 50.000000 0.400000
    endloop
  endfacet
  facet normal 0.000000 1.000000 0.000000
    outer loop
      vertex 0.000000 50.000000 0.400000
      vertex 0.000000 50.000000 2.000000
      vertex 50.000000 50.000000 2.000000
    endloop
  endfacet
  facet normal -1.000000 0.000000 0.000000
    outer loop
      vertex 0.000000 0.000000 0.400000
      vertex 0.000000 0.000000 2.000000
      vertex 0.000000 50.000000 2.000000
    endloop
  endfacet
  facet normal -1.000000 0.000000 0.000000
    outer loop
      vertex 0.000000 0.000000 0.400000
      vertex 0.000000 50.000000 2.000000
      vertex 0.000000 50.000000 0.400000
    endloop
  endfacet
  facet normal 1.000000 0.000000 0.000000
    outer loop
      vertex 50.000000 0.000000 0.400000
      vertex 50.000000 50.000000 0.400000
      vertex 50.000000 50.000000 2.000000
    endloop
  endfacet
  facet normal 1.000000 0.000000 0.000000
    outer loop
      vertex 50.000000 0.000000 0.400000
      vertex 50.000000 50.000000 2.000000
      vertex 50.000000 0.000000 2.000000
    endloop
  endfacet
  facet normal 0.000000 0.000000 -1.000000
    outer loop
      vertex 0.000000 0.000000 0.000000
      vertex 50.000000 10.000000 0.000000
      vertex 50.000000 0.000000 0.000000
    endloop
  endfacet
  facet normal 0.000000 0.000000 -1.000000
    outer loop
      vertex 0.000000 0.000000 0.000000
      vertex 0.000000 10.000000 0.000000
      vertex 50.000000 10.000000 0.000000
    endloop
  endfacet
  facet normal 0.000000 0.000000 1.000000
    outer loop
      vertex 0.000000 0.000000 0.400000
      vertex 50.000000 0.000000 0.400000
      vertex 50.000000 10.000000 0.400000
    endloop
  endfacet
  facet normal 0.000000 0.000000 1.000000
    outer loop
      vertex 0.000000 0.000000 0.400000
      vertex 50.000000 10.000000 0.400000
      vertex 0.000000 10.000000 0.400000
    endloop
  endfacet
  facet normal 0.000000 -1.000000 0.000000
    outer loop
      vertex 0.000000 0.000000 0.000000
      vertex 50.000000 0.000000 0.000000
      vertex 50.000000 0.000000 0.400000
    endloop
  endfacet
  facet normal 0.000000 -1.000000 0.000000
    outer loop
      vertex 0.000000 0.000000 0.000000
      vertex 50.000000 0.000000 0.400000
      vertex 0.000000 0.000000 0.400000
    endloop
  endfacet
  facet normal 0.000000 1.000000 0.000000
    outer loop
      vertex 0.000000 10.000000 0.000000
      vertex 50.000000 10.000000 0.400000
      vertex 50.000000 10.000000 0.000000
    endloop
  endfacet
  facet normal 0.000000 1.000000 0.000000
    outer loop
      vertex 0.000000 10.000000 0.000000
      vertex 0.000000 10.000000 0.400000
      vertex 50.000000 10.000000 0.400000
    endloop
  endfacet
  facet normal -1.000000 0.000000 0.000000
    outer loop
      vertex 0.000000 0.000000 0.000000
      vertex 0.000000 0.000000 0.400000
      vertex 0.000000 10.000000 0.400000
    endloop
  endfacet
  facet normal -1.000000 0.000000 0.000000
    outer loop
      vertex 0.000000 0.000000 0.000000
      vertex 0.000000 10.000000 0.400000
      vertex 0.000000 10.000000 0.000000
    endloop
  endfacet
  facet normal 1.000000 0.000000 0.000000
    outer loop
      vertex 50.000000 0.000000 0.000000
      vertex 50.000000 10.000000 0.000000
      vertex 50.000000 10.000000 0.400000
    endloop
  endfacet
  facet normal 1.000000 0.000000 0.000000
    outer loop
      vertex 50.000000 0.000000 0.000000
      vertex 50.000000 10.000000 0.400000
      vertex 50.000000 0.000000 0.400000
    endloop
  endfacet
  facet normal 0.000000 0.000000 -1.000000
    outer loop
      vertex 0.000000 40.000000 0.000000
      vertex 50.000000 50.000000 0.000000
      vertex 50.000000 40.000000 0.000000
    endloop
  endfacet
  facet normal 0.000000 0.000000 -1.000000
    outer loop
      vertex 0.000000 40.000000 0.000000
      vertex 0.000000 50.000000 0.000000
      vertex 50.000000 50.000000 0.000000
    endloop
  endfacet
  facet normal 0.000000 0.000000 1.000000
    outer loop
      vertex 0.000000 40.000000 0.400000
      vertex 50.000000 40.000000 0.400000
      vertex 50.000000 50.000000 0.400000
    endloop
  endfacet
  facet normal 0.000000 0.000000 1.000000
    outer loop
      vertex 0.000000 40.000000 0.400000
      vertex 50.000000 50.000000 0.400000
      vertex 0.000000 50.000000 0.400000
    endloop
  endfacet
  facet normal 0.000000 -1.000000 0.000000
    outer loop
      vertex 0.000000 40.000000 0.000000
      vertex 50.000000 40.000000 0.000000
      vertex 50.000000 40.000000 0.400000
    endloop
  endfacet
  facet normal 0.000000 -1.000000 0.000000
    outer loop
      vertex 0.000000 40.000000 0.000000
      vertex 50.000000 40.000000 0.400000
      vertex 0.000000 40.000000 0.400000
    endloop
  endfacet
  facet normal 0.000000 1.000000 0.000000
    outer loop
      vertex 0.000000 50.000000 0.000000
      vertex 50.000000 50.000000 0.400000
      vertex 50.000000 50.000000 0.000000
    endloop
  endfacet
  facet normal 0.000000 1.000000 0.000000
    outer loop
      vertex 0.000000 50.000000 0.000000
      vertex 0.000000 50.000000 0.400000
      vertex 50.000000 50.000000 0.400000
    endloop
  endfacet
  facet normal -1.000000 0.000000 0.000000
    outer loop
      vertex 0.000000 40.000000 0.000000
      vertex 0.000000 40.000000 0.400000
      vertex 0.000000 50.000000 0.400000
    endloop
  endfacet
  facet normal -1.000000 0.000000 0.000000
    outer loop
      vertex 0.000000 40.000000 0.000000
      vertex 0.000000 50.000000 0.400000
      vertex 0.000000 50.000000 0.000000
    endloop
  endfacet
  facet normal 1.000000 0.000000 0.000000
    outer loop
      vertex 50.000000 40.000000 0.000000
      vertex 50.000000 50.000000 0.000000
      vertex 50.000000 50.000000 0.400000
    endloop
  endfacet
  facet normal 1.000000 0.000000 0.000000
    outer loop
      vertex 50.000000 40.000000 0.000000
      vertex 50.000000 50.000000 0.400000
      vertex 50.000000 40.000000 0.400000
    endloop
  endfacet
  facet normal 0.000000 0.000000 -1.000000
    outer loop
      vertex 0.000000 10.000000 0.000000
      vertex 5.000000 40.000000 0.000000
      vertex 5.000000 10.000000 0.000000
    endloop
  endfacet
  facet normal 0.000000 0.000000 -1.000000
    outer loop
      vertex 0.000000 10.000000 0.000000
      vertex 0.000000 40.000000 0.000000
      vertex 5.000000 40.000000 0.000000
    endloop
  endfacet
  facet normal 0.000000 0.000000 1.000000
    outer loop
      vertex 0.000000 10.000000 0.400000
      vertex 5.000000 10.000000 0.400000
      vertex 5.000000 40.000000 0.400000
    endloop
  endfacet
  facet normal 0.000000 0.000000 1.000000
    outer loop
      vertex 0.000000 10.000000 0.400000
      vertex 5.000000 40.000000 0.400000
      vertex 0.000000 40.000000 0.400000
    endloop
  endfacet
  facet normal 0.000000 -1.000000 0.000000
    outer loop
      vertex 0.000000 10.000000 0.000000
      vertex 5.000000 10.000000 0.000000
      vertex 5.000000 10.000000 0.400000
    endloop
  endfacet
  facet normal 0.000000 -1.000000 0.000000
    outer loop
      vertex 0.000000 10.000000 0.000000
      vertex 5.000000 10.000000 0.400000
      vertex 0.000000 10.000000 0.400000
    endloop
  endfacet
  facet normal 0.000000 1.000000 0.000000
    outer loop
      vertex 0.000000 40.000000 0.000000
      vertex 5.000000 40.000000 0.400000
      vertex 5.000000 40.000000 0.000000
    endloop
  endfacet
  facet normal 0.000000 1.000000 0.000000
    outer loop
      vertex 0.000000 40.000000 0.000000
      vertex 0.000000 40.000000 0.400000
      vertex 5.000000 40.000000 0.400000
    endloop
  endfacet
  facet normal -1.000000 0.000000 0.000000
    outer loop
      vertex 0.000000 10.000000 0.000000
      vertex 0.000000 10.000000 0.400000
      vertex 0.000000 40.000000 0.400000
    endloop
  endfacet
  facet normal -1.000000 0.000000 0.000000
    outer loop
      vertex 0.000000 10.000000 0.000000
      vertex 0.000000 40.000000 0.400000
      vertex 0.000000 40.000000 0.000000
    endloop
  endfacet
  facet normal 1.000000 0.000000 0.000000
    outer loop
      vertex 5.000000 10.000000 0.000000
      vertex 5.000000 40.000000 0.000000
      vertex 5.000000 40.000000 0.400000
    endloop
  endfacet
  facet normal 1.000000 0.000000 0.000000
    outer loop
      vertex 5.000000 10.000000 0.000000
      vertex 5.000000 40.000000 0.400000
      vertex 5.000000 10.000000 0.400000
    endloop
  endfacet
  facet normal 0.000000 0.000000 -1.000000
    outer loop
      vertex 45.000000 10.000000 0.000000
      vertex 50.000000 40.000000 0.000000
      vertex 50.000000 10.000000 0.000000
    endloop
  endfacet
  facet normal 0.000000 0.000000 -1.000000
    outer loop
      vertex 45.000000 10.000000 0.000000
      vertex 45.000000 40.000000 0.000000
      vertex 50.000000 40.000000 0.000000
    endloop
  endfacet
  facet normal 0.000000 0.000000 1.000000
    outer loop
      vertex 45.000000 10.000000 0.400000
      vertex 50.000000 10.000000 0.400000
      vertex 50.000000 40.000000 0.400000
    endloop
  endfacet
  facet normal 0.000000 0.000000 1.000000
    outer loop
      vertex 45.000000 10.000000 0.400000
      vertex 50.000000 40.000000 0.400000
      vertex 45.000000 40.000000 0.400000
    endloop
  endfacet
  facet normal 0.000000 -1.000000 0.000000
    outer loop
      vertex 45.000000 10.000000 0.000000
      vertex 50.000000 10.000000 0.000000
      vertex 50.000000 10.000000 0.400000
    endloop
  endfacet
  facet normal 0.000000 -1.000000 0.000000
    outer loop
      vertex 45.000000 10.000000 0.000000
      vertex 50.000000 10.000000 0.400000
      vertex 45.000000 10.000000 0.400000
    endloop
  endfacet
  facet normal 0.000000 1.000000 0.000000
    outer loop
      vertex 45.000000 40.000000 0.000000
      vertex 50.000000 40.000000 0.400000
      vertex 50.000000 40.000000 0.000000
    endloop
  endfacet
  facet normal 0.000000 1.000000 0.000000
    outer loop
      vertex 45.000000 40.000000 0.000000
      vertex 45.000000 40.000000 0.400000
      vertex 50.000000 40.000000 0.400000
    endloop
  endfacet
  facet normal -1.000000 0.000000 0.000000
    outer loop
      vertex 45.000000 10.000000 0.000000
      vertex 45.000000 10.000000 0.400000
      vertex 45.000000 40.000000 0.400000
    endloop
  endfacet
  facet normal -1.000000 0.000000 0.000000
    outer loop
      vertex 45.000000 10.000000 0.000000
      vertex 45.000000 40.000000 0.400000
      vertex 45.000000 40.000000 0.000000
    endloop
  endfacet
  facet normal 1.000000 0.000000 0.000000
    outer loop
      vertex 50.000000 10.000000 0.000000
      vertex 50.000000 40.000000 0.000000
      vertex 50.000000 40.000000 0.400000
    endloop
  endfacet
  facet normal 1.000000 0.000000 0.000000
    outer loop
      vertex 50.000000 10.000000 0.000000
      vertex 50.000000 40.000000 0.400000
      vertex 50.000000 10.000000 0.400000
    endloop
  endfacet
  facet normal 0.000000 0.000000 -1.000000
    outer loop
      vertex 5.000000 38.085106 0.000000
      vertex 45.000000 40.000000 0.000000
      vertex 45.000000 38.085106 0.000000
    endloop
  endfacet
  facet normal 0.000000 0.000000 -1.000000
    outer loop
      vertex 5.000000 38.085106 0.000000
      vertex 5.000000 40.000000 0.000000
      vertex 45.000000 40.000000 0.000000
    endloop
  endfacet
  facet normal 0.000000 0.000000 1.000000
    outer loop
      vertex 5.000000 38.085106 0.400000
      vertex 45.000000 38.085106 0.400000
      vertex 45.000000 40.000000 0.400000
    endloop
  endfacet
  facet normal 0.000000 0.000000 1.000000
    outer loop
      vertex 5.000000 38.085106 0.400000
      vertex 45.000000 40.000000 0.400000
      vertex 5.000000 40.000000 0.400000
    endloop
  endfacet
  facet normal 0.000000 -1.000000 0.000000
    outer loop
      vertex 5.000000 38.085106 0.000000
      vertex 45.000000 38.085106 0.000000
      vertex 45.000000 38.085106 0.400000
    endloop
  endfacet
  facet normal 0.000000 -1.000000 0.000000
    outer loop
      vertex 5.000000 38.085106 0.000000
      vertex 45.000000 38.085106 0.400000
      vertex 5.000000 38.085106 0.400000
    endloop
  endfacet
  facet normal 0.000000 1.000000 0.000000
    outer loop
      vertex 5.000000 40.000000 0.000000
      vertex 45.000000 40.000000 0.400000
      vertex 45.000000 40.000000 0.000000
    endloop
  endfacet
  facet normal 0.000000 1.000000 0.000000
    outer loop
      vertex 5.000000 40.000000 0.000000
      vertex 5.000000 40.000000 0.400000
      vertex 45.000000 40.000000 0.400000
    endloop
  endfacet
  facet normal -1.000000 0.000000 0.000000
    outer loop
      vertex 5.000000 38.085106 0.000000
      vertex 5.000000 38.085106 0.400000
      vertex 5.000000 40.000000 0.400000
    endloop
  endfacet
  facet normal -1.000000 0.000000 0.000000
    outer loop
      vertex 5.000000 38.085106 0.000000
      vertex 5.000000 40.000000 0.400000
      vertex 5.000000 40.000000 0.000000
    endloop
  endfacet
  facet normal 1.000000 0.000000 0.000000
    outer loop
      vertex 45.000000 38.085106 0.000000
      vertex 45.000000 40.000000 0.000000
      vertex 45.000000 40.000000 0.400000
    endloop
  endfacet
  facet normal 1.000000 0.000000 0.000000
    outer loop
      vertex 45.000000 38.085106 0.000000
      vertex 45.000000 40.000000 0.400000
      vertex 45.000000 38.085106 0.400000
    endloop
  endfacet
  facet normal 0.000000 0.000000 -1.000000
    outer loop
      vertex 5.000000 37.765957 0.000000
      vertex 23.730159 38.085106 0.000000
      vertex 23.730159 37.765957 0.000000
    endloop
  endfacet
  facet normal 0.000000 0.000000 -1.000000
    outer loop
      vertex 5.000000 37.765957 0.000000
      vertex 5.000000 38.085106 0.000000
      vertex 23.730159 38.085106 0.000000
    endloop
  endfacet
  facet normal 0.000000 0.000000 1.000000
    outer loop
      vertex 5.000000 37.765957 0.400000
      vertex 23.730159 37.765957 0.400000
      vertex 23.730159 38.085106 0.400000
    endloop
  endfacet
  facet normal 0.000000 0.000000 1.000000
    outer loop
      vertex 5.000000 37.765957 0.400000
      vertex 23.730159 38.085106 0.400000
      vertex 5.000000 38.085106 0.400000
    endloop
  endfacet
  facet normal 0.000000 -1.000000 0.000000
    outer loop
      vertex 5.000000 37.765957 0.000000
      vertex 23.730159 37.765957 0.000000
      vertex 23.730159 37.765957 0.400000
    endloop
  endfacet
  facet normal 0.000000 -1.000000 0.000000
    outer loop
      vertex 5.000000 37.765957 0.000000
      vertex 23.730159 37.765957 0.400000
      vertex 5.000000 37.765957 0.400000
    endloop
  endfacet
  facet normal 0.000000 1.000000 0.000000
    outer loop
      vertex 5.000000 38.085106 0.000000
      vertex 23.730159 38.085106 0.400000
      vertex 23.730159 38.085106 0.000000
    endloop
  endfacet
  facet normal 0.000000 1.000000 0.000000
    outer loop
      vertex 5.000000 38.085106 0.000000
      vertex 5.000000 38.085106 0.400000
      vertex 23.730159 38.085106 0.400000
    endloop
  endfacet
  facet normal -1.000000 0.000000 0.000000
    outer loop
      vertex 5.000000 37.765957 0.000000
      vertex 5.000000 37.765957 0.400000
      vertex 5.000000 38.085106 0.400000
    endloop
  endfacet
  facet normal -1.000000 0.000000 0.000000
    outer loop
      vertex 5.000000 37.765957 0.000000
      vertex 5.000000 38.085106 0.400000
      vertex 5.000000 38.085106 0.000000
    endloop
  endfacet
  facet normal 1.000000 0.000000 0.000000
    outer loop
      vertex 23.730159 37.765957 0.000000
      vertex 23.730159 38.085106 0.000000
      vertex 23.730159 38.085106 0.400000
    endloop
  endfacet
  facet normal 1.000000 0.000000 0.000000
    outer loop
      vertex 23.730159 37.765957 0.000000
      vertex 23.730159 38.085106 0.400000
      vertex 23.730159 37.765957 0.400000
    endloop
  endfacet
  facet normal 0.000000 0.000000 -1.000000
    outer loop
      vertex 26.904762 37.765957 0.000000
      vertex 45.000000 38.085106 0.000000
      vertex 45.000000 37.765957 0.000000
    endloop
  endfacet
  facet normal 0.000000 0.000000 -1.000000
    outer loop
      vertex 26.904762 37.765957 0.000000
      vertex 26.904762 38.085106 0.000000
      vertex 45.000000 38.085106 0.000000
    endloop
  endfacet
  facet normal 0.000000 0.000000 1.000000
    outer loop
      vertex 26.904762 37.765957 0.400000
      vertex 45.000000 37.765957 0.400000
      vertex 45.000000 38.085106 0.400000
    endloop
  endfacet
  facet normal 0.000000 0.000000 1.000000
    outer loop
      vertex 26.904762 37.765957 0.400000
      vertex 45.000000 38.085106 0.400000
      vertex 26.904762 38.085106 0.400000
    endloop
  endfacet
  facet normal 0.000000 -1.000000 0.000000
    outer loop
      vertex 26.904762 37.765957 0.000000
      vertex 45.000000 37.765957 0.000000
      vertex 45.000000 37.765957 0.400000
    endloop
  endfacet
  facet normal 0.000000 -1.000000 0.000000
    outer loop
      vertex 26.904762 37.765957 0.000000
      vertex 45.000000 37.765957 0.400000
      vertex 26.904762 37.765957 0.400000
    endloop
  endfacet
  facet normal 0.000000 1.000000 0.000000
    outer loop
      vertex 26.904762 38.085106 0.000000
      vertex 45.000000 38.085106 0.400000
      vertex 45.000000 38.085106 0.000000
    endloop
  endfacet
  facet normal 0.000000 1.000000 0.000000
    outer loop
      vertex 26.904762 38.085106 0.000000
      vertex 26.904762 38.085106 0.400000
      vertex 45.000000 38.085106 0.400000
    endloop
  endfacet
  facet normal -1.000000 0.000000 0.000000
    outer loop
      vertex 26.904762 37.765957 0.000000
      vertex 26.904762 37.765957 0.400000
      vertex 26.904762 38.085106 0.400000
    endloop
  endfacet
  facet normal -1.000000 0.000000 0.000000
    outer loop
      vertex 26.904762 37.765957 0.000000
      vertex 26.904762 38.085106 0.400000
      vertex 26.904762 38.085106 0.000000
    endloop
  endfacet
  facet normal 1.000000 0.000000 0.000000
    outer loop
      vertex 45.000000 37.765957 0.000000
      vertex 45.000000 38.085106 0.000000
      vertex 45.000000 38.085106 0.400000
    endloop
  endfacet
  facet normal 1.000000 0.000000 0.000000
    outer loop
      vertex 45.000000 37.765957 0.000000
      vertex 45.000000 38.085106 0.400000
      vertex 45.000000 37.765957 0.400000
    endloop
  endfacet
  facet normal 0.000000 0.000000 -1.000000
    outer loop
      vertex 5.000000 37.446809 0.000000
      vertex 11.984127 37.765957 0.000000
      vertex 11.984127 37.446809 0.000000
    endloop
  endfacet
  facet normal 0.000000 0.000000 -1.000000
    outer loop
      vertex 5.000000 37.446809 0.000000
      vertex 5.000000 37.765957 0.000000
      vertex 11.984127 37.765957 0.000000
    endloop
  endfacet
  facet normal 0.000000 0.000000 1.000000
    outer loop
      vertex 5.000000 37.446809 0.400000
      vertex 11.984127 37.446809 0.400000
      vertex 11.984127 37.765957 0.400000
    endloop
  endfacet
  facet normal 0.000000 0.000000 1.000000
    outer loop
      vertex 5.000000 37.446809 0.400000
      vertex 11.984127 37.765957 0.400000
      vertex 5.000000 37.765957 0.400000
    endloop
  endfacet
  facet normal 0.000000 -1.000000 0.000000
    outer loop
      vertex 5.000000 37.446809 0.000000
      vertex 11.984127 37.446809 0.000000
      vertex 11.984127 37.446809 0.400000
    endloop
  endfacet
  facet normal 0.000000 -1.000000 0.000000
    outer loop
      vertex 5.000000 37.446809 0.000000
      vertex 11.984127 37.446809 0.400000
      vertex 5.000000 37.446809 0.400000
    endloop
  endfacet
  facet normal 0.000000 1.000000 0.000000
    outer loop
      vertex 5.000000 37.765957 0.000000
      vertex 11.984127 37.765957 0.400000
      vertex 11.984127 37.765957 0.000000
    endloop
  endfacet
  facet normal 0.000000 1.000000 0.000000
    outer loop
      vertex 5.000000 37.765957 0.000000
      vertex 5.000000 37.765957 0.400000
      vertex 11.984127 37.765957 0.400000
    endloop
  endfacet
  facet normal -1.000000 0.000000 0.000000
    outer loop
      vertex 5.000000 37.446809 0.000000
      vertex 5.000000 37.446809 0.400000
      vertex 5.000000 37.765957 0.400000
    endloop
  endfacet
  facet normal -1.000000 0.000000 0.000000
    outer loop
      vertex 5.000000 37.446809 0.000000
      vertex 5.000000 37.765957 0.400000
      vertex 5.000000 37.765957 0.000000
    endloop
  endfacet
  facet normal 1.000000 0.000000 0.000000
    outer loop
      vertex 11.984127 37.446809 0.000000
      vertex 11.984127 37.765957 0.000000
      vertex 11.984127 37.765957 0.400000
    endloop
  endfacet
  facet normal 1.000000 0.000000 0.000000
    outer loop
      vertex 11.984127 37.446809 0.000000
      vertex 11.984127 37.765957 0.400000
      vertex 11.984127 37.446809 0.400000
    endloop
  endfacet
  facet normal 0.000000 0.000000 -1.000000
    outer loop
      vertex 18.015873 37.446809 0.000000
      vertex 22.777778 37.765957 0.000000
      vertex 22.777778 37.446809 0.000000
    endloop
  endfacet
  facet normal 0.000000 0.000000 -1.000000
    outer loop
      vertex 18.015873 37.446809 0.000000
      vertex 18.015873 37.765957 0.000000
      vertex 22.777778 37.765957 0.000000
    endloop
  endfacet
  facet normal 0.000000 0.000000 1.000000
    outer loop
      vertex 18.015873 37.446809 0.400000
      vertex 22.777778 37.446809 0.400000
      vertex 22.777778 37.765957 0.400000
    endloop
  endfacet
  facet normal 0.000000 0.000000 1.000000
    outer loop
      vertex 18.015873 37.446809 0.400000
      vertex 22.777778 37.765957 0.400000
      vertex 18.015873 37.765957 0.400000
    endloop
  endfacet
  facet normal 0.000000 -1.000000 0.000000
    outer loop
      vertex 18.015873 37.446809 0.000000
      vertex 22.777778 37.446809 0.000000
      vertex 22.777778 37.446809 0.400000
    endloop
  endfacet
  facet normal 0.000000 -1.000000 0.000000
    outer loop
      vertex 18.015873 37.446809 0.000000
      vertex 22.777778 37.446809 0.400000
      vertex 18.015873 37.446809 0.400000
    endloop
  endfacet
  facet normal 0.000000 1.000000 0.000000
    outer loop
      vertex 18.015873 37.765957 0.000000
      vertex 22.777778 37.765957 0.400000
      vertex 22.777778 37.765957 0.000000
    endloop
  endfacet
  facet normal 0.000000 1.000000 0.000000
    outer loop
      vertex 18.015873 37.765957 0.000000
      vertex 18.015873 37.765957 0.400000
      vertex 22.777778 37.765957 0.400000
    endloop
  endfacet
  facet normal -1.000000 0.000000 0.000000
    outer loop
      vertex 18.015873 37.446809 0.000000
      vertex 18.015873 37.446809 0.400000
      vertex 18.015873 37.765957 0.400000
    endloop
  endfacet
  facet normal -1.000000 0.000000 0.000000
    outer loop
      vertex 18.015873 37.446809 0.000000
      vertex 18.015873 37.765957 0.400000
      vertex 18.015873 37.765957 0.000000
    endloop
  endfacet
  facet normal 1.000000 0.000000 0.000000
    outer loop
      vertex 22.777778 37.446809 0.000000
      vertex 22.777778 37.765957 0.000000
      vertex 22.777778 37.765957 0.400000
    endloop
  endfacet
  facet normal 1.000000 0.000000 0.000000
    outer loop
      vertex 22.777778 37.446809 0.000000
      vertex 22.777778 37.765957 0.400000
      vertex 22.777778 37.446809 0.400000
    endloop
  endfacet
  facet normal 0.000000 0.000000 -1.000000
    outer loop
      vertex 27.857143 37.446809 0.000000
      vertex 31.666667 37.765957 0.000000
      vertex 31.666667 37.446809 0.000000
    endloop
  endfacet
  facet normal 0.000000 0.000000 -1.000000
    outer loop
      vertex 27.857143 37.446809 0.000000
      vertex 27.857143 37.765957 0.000000
      vertex 31.666667 37.765957 0.000000
    endloop
  endfacet
  facet normal 0.000000 0.000000 1.000000
    outer loop
      vertex 27.857143 37.446809 0.400000
      vertex 31.666667 37.446809 0.400000
      vertex 31.666667 37.765957 0.400000
    endloop
  endfacet
  facet normal 0.000000 0.000000 1.000000
    outer loop
      vertex 27.857143 37.446809 0.400000
      vertex 31.666667 37.765957 0.400000
      vertex 27.857143 37.765957 0.400000
    endloop
  endfacet
  facet normal 0.000000 -1.000000 0.000000
    outer loop
      vertex 27.857143 37.446809 0.000000
      vertex 31.666667 37.446809 0.000000
      vertex 31.666667 37.446809 0.400000
    endloop
  endfacet
  facet normal 0.000000 -1.000000 0.000000
    outer loop
      vertex 27.857143 37.446809 0.000000
      vertex 31.666667 37.446809 0.400000
      vertex 27.857143 37.446809 0.400000
    endloop
  endfacet
  facet normal 0.000000 1.000000 0.000000
    outer loop
      vertex 27.857143 37.765957 0.000000
      vertex 31.666667 37.765957 0.400000
      vertex 31.666667 37.765957 0.000000
    endloop
  endfacet
  facet normal 0.000000 1.000000 0.000000
    outer loop
      vertex 27.857143 37.765957 0.000000
      vertex 27.857143 37.765957 0.400000
      vertex 31.666667 37.765957 0.400000
    endloop
  endfacet
  facet normal -1.000000 0.000000 0.000000
    outer loop
      vertex 27.857143 37.446809 0.000000
      vertex 27.857143 37.446809 0.400000
      vertex 27.857143 37.765957 0.400000
    endloop
  endfacet
  facet normal -1.000000 0.000000 0.000000
    outer loop
      vertex 27.857143 37.446809 0.000000
      vertex 27.857143 37.765957 0.400000
      vertex 27.857143 37.765957 0.000000
    endloop
  endfacet
  facet normal 1.000000 0.000000 0.000000
    outer loop
      vertex 31.666667 37.446809 0.000000
      vertex 31.666667 37.765957 0.000000
      vertex 31.666667 37.765957 0.400000
    endloop
  endfacet
  facet normal 1.000000 0.000000 0.000000
    outer loop
      vertex 31.666667 37.446809 0.000000
      vertex 31.666667 37.765957 0.400000
      vertex 31.666667 37.446809 0.400000
    endloop
  endfacet
  facet normal 0.000000 0.000000 -1.000000
    outer loop
      vertex 41.190476 10.000000 0.000000
      vertex 45.000000 37.765957 0.000000
      vertex 45.000000 10.000000 0.000000
    endloop
  endfacet
  facet normal 0.000000 0.000000 -1.000000
    outer loop
      vertex 41.190476 10.000000 0.000000
      vertex 41.190476 37.765957 0.000000
      vertex 45.000000 37.765957 0.000000
    endloop
  endfacet
  facet normal 0.000000 0.000000 1.000000
    outer loop
      vertex 41.190476 10.000000 0.400000
      vertex 45.000000 10.000000 0.400000
      vertex 45.000000 37.765957 0.400000
    endloop
  endfacet
  facet normal 0.000000 0.000000 1.000000
    outer loop
      vertex 41.190476 10.000000 0.400000
      vertex 45.000000 37.765957 0.400000
      vertex 41.190476 37.765957 0.400000
    endloop
  endfacet
  facet normal 0.000000 -1.000000 0.000000
    outer loop
      vertex 41.190476 10.000000 0.000000
      vertex 45.000000 10.000000 0.000000
      vertex 45.000000 10.000000 0.400000
    endloop
  endfacet
  facet normal 0.000000 -1.000000 0.000000
    outer loop
      vertex 41.190476 10.000000 0.000000
      vertex 45.000000 10.000000 0.400000
      vertex 41.190476 10.000000 0.400000
    endloop
  endfacet
  facet normal 0.000000 1.000000 0.000000
    outer loop
      vertex 41.190476 37.765957 0.000000
      vertex 45.000000 37.765957 0.400000
      vertex 45.000000 37.765957 0.000000
    endloop
  endfacet
  facet normal 0.000000 1.000000 0.000000
    outer loop
      vertex 41.190476 37.765957 0.000000
      vertex 41.190476 37.765957 0.400000
      vertex 45.000000 37.765957 0.400000
    endloop
  endfacet
  facet normal -1.000000 0.000000 0.000000
    outer loop
      vertex 41.190476 10.000000 0.000000
      vertex 41.190476 10.000000 0.400000
      vertex 41.190476 37.765957 0.400000
    endloop
  endfacet
  facet normal -1.000000 0.000000 0.000000
    outer loop
      vertex 41.190476 10.000000 0.000000
      vertex 41.190476 37.765957 0.400000
      vertex 41.190476 37.765957 0.000000
    endloop
  endfacet
  facet normal 1.000000 0.000000 0.000000
    outer loop
      vertex 45.000000 10.000000 0.000000
      vertex 45.000000 37.765957 0.000000
      vertex 45.000000 37.765957 0.400000
    endloop
  endfacet
  facet normal 1.000000 0.000000 0.000000
    outer loop
      vertex 45.000000 10.000000 0.000000
      vertex 45.000000 37.765957 0.400000
      vertex 45.000000 10.000000 0.400000
    endloop
  endfacet
  facet normal 0.000000 0.000000 -1.000000
    outer loop
      vertex 5.000000 37.127660 0.000000
      vertex 11.031746 37.446809 0.000000
      vertex 11.031746 37.127660 0.000000
    endloop
  endfacet
  facet normal 0.000000 0.000000 -1.000000
    outer loop
      vertex 5.000000 37.127660 0.000000
      vertex 5.000000 37.446809 0.000000
      vertex 11.031746 37.446809 0.000000
    endloop
  endfacet
  facet normal 0.000000 0.000000 1.000000
    outer loop
      vertex 5.000000 37.127660 0.400000
      vertex 11.031746 37.127660 0.400000
      vertex 11.031746 37.446809 0.400000
    endloop
  endfacet
  facet normal 0.000000 0.000000 1.000000
    outer loop
      vertex 5.000000 37.127660 0.400000
      vertex 11.031746 37.446809 0.400000
      vertex 5.000000 37.446809 0.400000
    endloop
  endfacet
  facet normal 0.000000 -1.000000 0.000000
    outer loop
      vertex 5.000000 37.127660 0.000000
      vertex 11.031746 37.127660 0.000000
      vertex 11.031746 37.127660 0.400000
    endloop
  endfacet
  facet normal 0.000000 -1.000000 0.000000
    outer loop
      vertex 5.000000 37.127660 0.000000
      vertex 11.031746 37.127660 0.400000
      vertex 5.000000 37.127660 0.400000
    endloop
  endfacet
  facet normal 0.000000 1.000000 0.000000
    outer loop
      vertex 5.000000 37.446809 0.000000
      vertex 11.031746 37.446809 0.400000
      vertex 11.031746 37.446809 0.000000
    endloop
  endfacet
  facet normal 0.000000 1.000000 0.000000
    outer loop
      vertex 5.000000 37.446809 0.000000
      vertex 5.000000 37.446809 0.400000
      vertex 11.031746 37.446809 0.400000
    endloop
  endfacet
  facet normal -1.000000 0.000000 0.000000
    outer loop
      vertex 5.000000 37.127660 0.000000
      vertex 5.000000 37.127660 0.400000
      vertex 5.000000 37.446809 0.400000
    endloop
  endfacet
  facet normal -1.000000 0.000000 0.000000
    outer loop
      vertex 5.000000 37.127660 0.000000
      vertex 5.000000 37.446809 0.400000
      vertex 5.000000 37.446809 0.000000
    endloop
  endfacet
  facet normal 1.000000 0.000000 0.000000
    outer loop
      vertex 11.031746 37.127660 0.000000
      vertex 11.031746 37.446809 0.000000
      vertex 11.031746 37.446809 0.400000
    endloop
  endfacet
  facet normal 1.000000 0.000000 0.000000
    outer loop
      vertex 11.031746 37.127660 0.000000
      vertex 11.031746 37.446809 0.400000
      vertex 11.031746 37.127660 0.400000
    endloop
  endfacet
  facet normal 0.000000 0.000000 -1.000000
    outer loop
      vertex 18.015873 37.127660 0.000000
      vertex 22.142857 37.446809 0.000000
      vertex 22.142857 37.127660 0.000000
    endloop
  endfacet
  facet normal 0.000000 0.000000 -1.000000
    outer loop
      vertex 18.015873 37.127660 0.000000
      vertex 18.015873 37.446809 0.000000
      vertex 22.142857 37.446809 0.000000
    endloop
  endfacet
  facet normal 0.000000 0.000000 1.000000
    outer loop
      vertex 18.015873 37.127660 0.400000
      vertex 22.142857 37.127660 0.400000
      vertex 22.142857 37.446809 0.400000
    endloop
  endfacet
  facet normal 0.000000 0.000000 1.000000
    outer loop
      vertex 18.015873 37.127660 0.400000
      vertex 22.142857 37.446809 0.400000
      vertex 18.015873 37.446809 0.400000
    endloop
  endfacet
  facet normal 0.000000 -1.000000 0.000000
    outer loop
      vertex 18.015873 37.127660 0.000000
      vertex 22.142857 37.127660 0.000000
      vertex 22.142857 37.127660 0.400000
    endloop
  endfacet
  facet normal 0.000000 -1.000000 0.000000
    outer loop
      vertex 18.015873 37.127660 0.000000
      vertex 22.142857 37.127660 0.400000
      vertex 18.015873 37.127660 0.400000
    endloop
  endfacet
  facet normal 0.000000 1.000000 0.000000
    outer loop
      vertex 18.015873 37.446809 0.000000
      vertex 22.142857 37.446809 0.400000
      vertex 22.142857 37.446809 0.000000
    endloop
  endfacet
  facet normal 0.000000 1.000000 0.000000
    outer loop
      vertex 18.015873 37.446809 0.000000
      vertex 18.015873 37.446809 0.400000
      vertex 22.142857 37.446809 0.400000
    endloop
  endfacet
  facet normal -1.000000 0.000000 0.000000
    outer loop
      vertex 18.015873 37.127660 0.000000
      vertex 18.015873 37.127660 0.400000
      vertex 18.015873 37.446809 0.400000
    endloop
  endfacet
  facet normal -1.000000 0.000000 0.000000
    outer loop
      vertex 18.015873 37.127660 0.000000
      vertex 18.015873 37.446809 0.400000
      vertex 18.015873 37.446809 0.000000
    endloop
  endfacet
  facet normal 1.000000 0.000000 0.000000
    outer loop
      vertex 22.142857 37.127660 0.000000
      vertex 22.142857 37.446809 0.000000
      vertex 22.142857 37.446809 0.400000
    endloop
  endfacet
  facet normal 1.000000 0.000000 0.000000
    outer loop
      vertex 22.142857 37.127660 0.000000
      vertex 22.142857 37.446809 0.400000
      vertex 22.142857 37.127660 0.400000
    endloop
  endfacet
  facet normal 0.000000 0.000000 -1.000000
    outer loop
      vertex 28.492063 37.127660 0.000000
      vertex 31.666667 37.446809 0.000000
      vertex 31.666667 37.127660 0.000000
    endloop
  endfacet
  facet normal 0.000000 0.000000 -1.000000
    outer loop
      vertex 28.492063 37.127660 0.000000
      vertex 28.492063 37.446809 0.000000
      vertex 31.666667 37.446809 0.000000
    endloop
  endfacet
  facet normal 0.000000 0.000000 1.000000
    outer loop
      vertex 28.492063 37.127660 0.400000
      vertex 31.666667 37.127660 0.400000
      vertex 31.666667 37.446809 0.400000
    endloop
  endfacet
  facet normal 0.000000 0.000000 1.000000
    outer loop
      vertex 28.492063 37.127660 0.400000
      vertex 31.666667 37.446809 0.400000
      vertex 28.492063 37.446809 0.400000
    endloop
  endfacet
  facet normal 0.000000 -1.000000 0.000000
    outer loop
      vertex 28.492063 37.127660 0.000000
      vertex 31.666667 37.127660 0.000000
      vertex 31.666667 37.127660 0.400000
    endloop
  endfacet
  facet normal 0.000000 -1.000000 0.000000
    outer loop
      vertex 28.492063 37.127660 0.000000
      vertex 31.666667 37.127660 0.400000
      vertex 28.492063 37.127660 0.400000
    endloop
  endfacet
  facet normal 0.000000 1.000000 0.000000
    outer loop
      vertex 28.492063 37.446809 0.000000
      vertex 31.666667 37.446809 0.400000
      vertex 31.666667 37.446809 0.000000
    endloop
  endfacet
  facet normal 0.000000 1.000000 0.000000
    outer loop
      vertex 28.492063 37.446809 0.000000
      vertex 28.492063 37.446809 0.400000
      vertex 31.666667 37.446809 0.400000
    endloop
  endfacet
  facet normal -1.000000 0.000000 0.000000
    outer loop
      vertex 28.492063 37.127660 0.000000
      vertex 28.492063 37.127660 0.400000
      vertex 28.492063 37.446809 0.400000
    endloop
  endfacet
  facet normal -1.000000 0.000000 0.000000
    outer loop
      vertex 28.492063 37.127660 0.000000
      vertex 28.492063 37.446809 0.400000
      vertex 28.492063 37.446809 0.000000
    endloop
  endfacet
  facet normal 1.000000 0.000000 0.000000
    outer loop
      vertex 31.666667 37.127660 0.000000
      vertex 31.666667 37.446809 0.000000
      vertex 31.666667 37.446809 0.400000
    endloop
  endfacet
  facet normal 1.000000 0.000000 0.000000
    outer loop
      vertex 31.666667 37.127660 0.000000
      vertex 31.666667 37.446809 0.400000
      vertex 31.666667 37.127660 0.400000
    endloop
  endfacet
  facet normal 0.000000 0.000000 -1.000000
    outer loop
      vertex 5.000000 36.808511 0.000000
      vertex 10.714286 37.127660 0.000000
      vertex 10.714286 36.808511 0.000000
    endloop
  endfacet
  facet normal 0.000000 0.000000 -1.000000
    outer loop
      vertex 5.000000 36.808511 0.000000
      vertex 5.000000 37.127660 0.000000
      vertex 10.714286 37.127660 0.000000
    endloop
  endfacet
  facet normal 0.000000 0.000000 1.000000
    outer loop
      vertex 5.000000 36.808511 0.400000
      vertex 10.714286 36.808511 0.400000
      vertex 10.714286 37.127660 0.400000
    endloop
  endfacet
  facet normal 0.000000 0.000000 1.000000
    outer loop
      vertex 5.000000 36.808511 0.400000
      vertex 10.714286 37.127660 0.400000
      vertex 5.000000 37.127660 0.400000
    endloop
  endfacet
  facet normal 0.000000 -1.000000 0.000000
    outer loop
      vertex 5.000000 36.808511 0.000000
      vertex 10.714286 36.808511 0.000000
      vertex 10.714286 36.808511 0.400000
    endloop
  endfacet
  facet normal 0.000000 -1.000000 0.000000
    outer loop
      vertex 5.000000 36.808511 0.000000
      vertex 10.714286 36.808511 0.400000
      vertex 5.000000 36.808511 0.400000
    endloop
  endfacet
  facet normal 0.000000 1.000000 0.000000
    outer loop
      vertex 5.000000 37.127660 0.000000
      vertex 10.714286 37.127660 0.400000
      vertex 10.714286 37.127660 0.000000
    endloop
  endfacet
  facet normal 0.000000 1.000000 0.000000
    outer loop
      vertex 5.000000 37.127660 0.000000
      vertex 5.000000 37.127660 0.400000
      vertex 10.714286 37.127660 0.400000
    endloop
  endfacet
  facet normal -1.000000 0.000000 0.000000
    outer loop
      vertex 5.000000 36.808511 0.000000
      vertex 5.000000 36.808511 0.400000
      vertex 5.000000 37.127660 0.400000
    endloop
  endfacet
  facet normal -1.000000 0.000000 0.000000
    outer loop
      vertex 5.000000 36.808511 0.000000
      vertex 5.000000 37.127660 0.400000
      vertex 5.000000 37.127660 0.000000
    endloop
  endfacet
  facet normal 1.000000 0.000000 0.000000
    outer loop
      vertex 10.714286 36.808511 0.000000
      vertex 10.714286 37.127660 0.000000
      vertex 10.714286 37.127660 0.400000
    endloop
  endfacet
  facet normal 1.000000 0.000000 0.000000
    outer loop
      vertex 10.714286 36.808511 0.000000
      vertex 10.714286 37.127660 0.400000
      vertex 10.714286 36.808511 0.400000
    endloop
  endfacet
  facet normal 0.000000 0.000000 -1.000000
    outer loop
      vertex 18.015873 36.808511 0.000000
      vertex 21.825397 37.127660 0.000000
      vertex 21.825397 36.808511 0.000000
    endloop
  endfacet
  facet normal 0.000000 0.000000 -1.000000
    outer loop
      vertex 18.015873 36.808511 0.000000
      vertex 18.015873 37.127660 0.000000
      vertex 21.825397 37.127660 0.000000
    endloop
  endfacet
  facet normal 0.000000 0.000000 1.000000
    outer loop
      vertex 18.015873 36.808511 0.400000
      vertex 21.825397 36.808511 0.400000
      vertex 21.825397 37.127660 0.400000
    endloop
  endfacet
  facet normal 0.000000 0.000000 1.000000
    outer loop
      vertex 18.015873 36.808511 0.400000
      vertex 21.825397 37.127660 0.400000
      vertex 18.015873 37.127660 0.400000
    endloop
  endfacet
  facet normal 0.000000 -1.000000 0.000000
    outer loop
      vertex 18.015873 36.808511 0.000000
      vertex 21.825397 36.808511 0.000000
      vertex 21.825397 36.808511 0.400000
    endloop
  endfacet
  facet normal 0.000000 -1.000000 0.000000
    outer loop
      vertex 18.015873 36.808511 0.000000
      vertex 21.825397 36.808511 0.400000
      vertex 18.015873 36.808511 0.400000
    endloop
  endfacet
  facet normal 0.000000 1.000000 0.000000
    outer loop
      vertex 18.015873 37.127660 0.000000
      vertex 21.825397 37.127660 0.400000
      vertex 21.825397 37.127660 0.000000
    endloop
  endfacet
  facet normal 0.000000 1.000000 0.000000
    outer loop
      vertex 18.015873 37.127660 0.000000
      vertex 18.015873 37.127660 0.400000
      vertex 21.825397 37.127660 0.400000
    endloop
  endfacet
  facet normal -1.000000 0.000000 0.000000
    outer loop
      vertex 18.015873 36.808511 0.000000
      vertex 18.015873 36.808511 0.400000
      vertex 18.015873 37.127660 0.400000
    endloop
  endfacet
  facet normal -1.000000 0.000000 0.000000
    outer loop
      vertex 18.015873 36.808511 0.000000
      vertex 18.015873 37.127660 0.400000
      vertex 18.015873 37.127660 0.000000
    endloop
  endfacet
  facet normal 1.000000 0.000000 0.000000
    outer loop
      vertex 21.825397 36.808511 0.000000
      vertex 21.825397 37.127660 0.000000
      vertex 21.825397 37.127660 0.400000
    endloop
  endfacet
  facet normal 1.000000 0.000000 0.000000
    outer loop
      vertex 21.825397 36.808511 0.000000
      vertex 21.825397 37.127660 0.400000
      vertex 21.825397 36.808511 0.400000
    endloop
  endfacet
  facet normal 0.000000 0.000000 -1.000000
    outer loop
      vertex 28.809524 36.808511 0.000000
      vertex 31.666667 37.127660 0.000000
      vertex 31.666667 36.808511 0.000000
    endloop
  endfacet
  facet normal 0.000000 0.000000 -1.000000
    outer loop
      vertex 28.809524 36.808511 0.000000
      vertex 28.809524 37.127660 0.000000
      vertex 31.666667 37.127660 0.000000
    endloop
  endfacet
  facet normal 0.000000 0.000000 1.000000
    outer loop
      vertex 28.809524 36.808511 0.400000
      vertex 31.666667 36.808511 0.400000
      vertex 31.666667 37.127660 0.400000
    endloop
  endfacet
  facet normal 0.000000 0.000000 1.000000
    outer loop
      vertex 28.809524 36.808511 0.400000
      vertex 31.666667 37.127660 0.400000
      vertex 28.809524 37.127660 0.400000
    endloop
  endfacet
  facet normal 0.000000 -1.000000 0.000000
    outer loop
      vertex 28.809524 36.808511 0.000000
      vertex 31.666667 36.808511 0.000000
      vertex 31.666667 36.808511 0.400000
    endloop
  endfacet
  facet normal 0.000000 -1.000000 0.000000
    outer loop
      vertex 28.809524 36.808511 0.000000
      vertex 31.666667 36.808511 0.400000
      vertex 28.809524 36.808511 0.400000
    endloop
  endfacet
  facet normal 0.000000 1.000000 0.000000
    outer loop
      vertex 28.809524 37.127660 0.000000
      vertex 31.666667 37.127660 0.400000
      vertex 31.666667 37.127660 0.000000
    endloop
  endfacet
  facet normal 0.000000 1.000000 0.000000
    outer loop
      vertex 28.809524 37.127660 0.000000
      vertex 28.809524 37.127660 0.400000
      vertex 31.666667 37.127660 0.400000
    endloop
  endfacet
  facet normal -1.000000 0.000000 0.000000
    outer loop
      vertex 28.809524 36.808511 0.000000
      vertex 28.809524 36.808511 0.400000
      vertex 28.809524 37.127660 0.400000
    endloop
  endfacet
  facet normal -1.000000 0.000000 0.000000
    outer loop
      vertex 28.809524 36.808511 0.000000
      vertex 28.809524 37.127660 0.400000
      vertex 28.809524 37.127660 0.000000
    endloop
  endfacet
  facet normal 1.000000 0.000000 0.000000
    outer loop
      vertex 31.666667 36.808511 0.000000
      vertex 31.666667 37.127660 0.000000
      vertex 31.666667 37.127660 0.400000
    endloop
  endfacet
  facet normal 1.000000 0.000000 0.000000
    outer loop
      vertex 31.666667 36.808511 0.000000
      vertex 31.666667 37.127660 0.400000
      vertex 31.666667 36.808511 0.400000
    endloop
  endfacet
  facet normal 0.000000 0.000000 -1.000000
    outer loop
      vertex 5.000000 36.170213 0.000000
      vertex 10.079365 36.808511 0.000000
      vertex 10.079365 36.170213 0.000000
    endloop
  endfacet
  facet normal 0.000000 0.000000 -1.000000
    outer loop
      vertex 5.000000 36.170213 0.000000
      vertex 5.000000 36.808511 0.000000
      vertex 10.079365 36.808511 0.000000
    endloop
  endfacet
  facet normal 0.000000 0.000000 1.000000
    outer loop
      vertex 5.000000 36.170213 0.400000
      vertex 10.079365 36.170213 0.400000
      vertex 10.079365 36.808511 0.400000
    endloop
  endfacet
  facet normal 0.000000 0.000000 1.000000
    outer loop
      vertex 5.000000 36.170213 0.400000
      vertex 10.079365 36.808511 0.400000
      vertex 5.000000 36.808511 0.400000
    endloop
  endfacet
  facet normal 0.000000 -1.000000 0.000000
    outer loop
      vertex 5.000000 36.170213 0.000000
      vertex 10.079365 36.170213 0.000000
      vertex 10.079365 36.170213 0.400000
    endloop
  endfacet
  facet normal 0.000000 -1.000000 0.000000
    outer loop
      vertex 5.000000 36.170213 0.000000
      vertex 10.079365 36.170213 0.400000
      vertex 5.000000 36.170213 0.400000
    endloop
  endfacet
  facet normal 0.000000 1.000000 0.000000
    outer loop
      vertex 5.000000 36.808511 0.000000
      vertex 10.079365 36.808511 0.400000
      vertex 10.079365 36.808511 0.000000
    endloop
  endfacet
  facet normal 0.000000 1.000000 0.000000
    outer loop
      vertex 5.000000 36.808511 0.000000
      vertex 5.000000 36.808511 0.400000
      vertex 10.079365 36.808511 0.400000
    endloop
  endfacet
  facet normal -1.000000 0.000000 0.000000
    outer loop
      vertex 5.000000 36.170213 0.000000
      vertex 5.000000 36.170213 0.400000
      vertex 5.000000 36.808511 0.400000
    endloop
  endfacet
  facet normal -1.000000 0.000000 0.000000
    outer loop
      vertex 5.000000 36.170213 0.000000
      vertex 5.000000 36.808511 0.400000
      vertex 5.000000 36.808511 0.000000
    endloop
  endfacet
  facet normal 1.000000 0.000000 0.000000
    outer loop
      vertex 10.079365 36.170213 0.000000
      vertex 10.079365 36.808511 0.000000
      vertex 10.079365 36.808511 0.400000
    endloop
  endfacet
  facet normal 1.000000 0.000000 0.000000
    outer loop
      vertex 10.079365 36.170213 0.000000
      vertex 10.079365 36.808511 0.400000
      vertex 10.079365 36.170213 0.400000
    endloop
  endfacet
  facet normal 0.000000 0.000000 -1.000000
    outer loop
      vertex 18.015873 36.489362 0.000000
      vertex 21.507937 36.808511 0.000000
      vertex 21.507937 36.489362 0.000000
    endloop
  endfacet
  facet normal 0.000000 0.000000 -1.000000
    outer loop
      vertex 18.015873 36.489362 0.000000
      vertex 18.015873 36.808511 0.000000
      vertex 21.507937 36.808511 0.000000
    endloop
  endfacet
  facet normal 0.000000 0.000000 1.000000
    outer loop
      vertex 18.015873 36.489362 0.400000
      vertex 21.507937 36.489362 0.400000
      vertex 21.507937 36.808511 0.400000
    endloop
  endfacet
  facet normal 0.000000 0.000000 1.000000
    outer loop
      vertex 18.015873 36.489362 0.400000
      vertex 21.507937 36.808511 0.400000
      vertex 18.015873 36.808511 0.400000
    endloop
  endfacet
  facet normal 0.000000 -1.000000 0.000000
    outer loop
      vertex 18.015873 36.489362 0.000000
      vertex 21.507937 36.489362 0.000000
      vertex 21.507937 36.489362 0.400000
    endloop
  endfacet
  facet normal 0.000000 -1.000000 0.000000
    outer loop
      vertex 18.015873 36.489362 0.000000
      vertex 21.507937 36.489362 0.400000
      vertex 18.015873 36.489362 0.400000
    endloop
  endfacet
  facet normal 0.000000 1.000000 0.000000
    outer loop
      vertex 18.015873 36.808511 0.000000
      vertex 21.507937 36.808511 0.400000
      vertex 21.507937 36.808511 0.000000
    endloop
  endfacet
  facet normal 0.000000 1.000000 0.000000
    outer loop
      vertex 18.015873 36.808511 0.000000
      vertex 18.015873 36.808511 0.400000
      vertex 21.507937 36.808511 0.400000
    endloop
  endfacet
  facet normal -1.000000 0.000000 0.000000
    outer loop
      vertex 18.015873 36.489362 0.000000
      vertex 18.015873 36.489362 0.400000
      vertex 18.015873 36.808511 0.400000
    endloop
  endfacet
  facet normal -1.000000 0.000000 0.000000
    outer loop
      vertex 18.015873 36.489362 0.000000
      vertex 18.015873 36.808511 0.400000
      vertex 18.015873 36.808511 0.000000
    endloop
  endfacet
  facet normal 1.000000 0.000000 0.000000
    outer loop
      vertex 21.507937 36.489362 0.000000
      vertex 21.507937 36.808511 0.000000
      vertex 21.507937 36.808511 0.400000
    endloop
  endfacet
  facet normal 1.000000 0.000000 0.000000
    outer loop
      vertex 21.507937 36.489362 0.000000
      vertex 21.507937 36.808511 0.400000
      vertex 21.507937 36.489362 0.400000
    endloop
  endfacet
  facet normal 0.000000 0.000000 -1.000000
    outer loop
      vertex 29.126984 36.489362 0.000000
      vertex 31.666667 36.808511 0.000000
      vertex 31.666667 36.489362 0.000000
    endloop
  endfacet
  facet normal 0.000000 0.000000 -1.000000
    outer loop
      vertex 29.126984 36.489362 0.000000
      vertex 29.126984 36.808511 0.000000
      vertex 31.666667 36.808511 0.000000
    endloop
  endfacet
  facet normal 0.000000 0.000000 1.000000
    outer loop
      vertex 29.126984 36.489362 0.400000
      vertex 31.666667 36.489362 0.400000
      vertex 31.666667 36.808511 0.400000
    endloop
  endfacet
  facet normal 0.000000 0.000000 1.000000
    outer loop
      vertex 29.126984 36.489362 0.400000
      vertex 31.666667 36.808511 0.400000
      vertex 29.126984 36.808511 0.400000
    endloop
  endfacet
  facet normal 0.000000 -1.000000 0.000000
    outer loop
      vertex 29.126984 36.489362 0.000000
      vertex 31.666667 36.489362 0.000000
      vertex 31.666667 36.489362 0.400000
    endloop
  endfacet
  facet normal 0.000000 -1.000000 0.000000
    outer loop
      vertex 29.126984 36.489362 0.000000
      vertex 31.666667 36.489362 0.400000
      vertex 29.126984 36.489362 0.400000
    endloop
  endfacet
  facet normal 0.000000 1.000000 0.000000
    outer loop
      vertex 29.126984 36.808511 0.000000
      vertex 31.666667 36.808511 0.400000
      vertex 31.666667 36.808511 0.000000
    endloop
  endfacet
  facet normal 0.000000 1.000000 0.000000
    outer loop
      vertex 29.126984 36.808511 0.000000
      vertex 29.126984 36.808511 0.400000
      vertex 31.666667 36.808511 0.400000
    endloop
  endfacet
  facet normal -1.000000 0.000000 0.000000
    outer loop
      vertex 29.126984 36.489362 0.000000
      vertex 29.126984 36.489362 0.400000
      vertex 29.126984 36.808511 0.400000
    endloop
  endfacet
  facet normal -1.000000 0.000000 0.000000
    outer loop
      vertex 29.126984 36.489362 0.000000
      vertex 29.126984 36.808511 0.400000
      vertex 29.126984 36.808511 0.000000
    endloop
  endfacet
  facet normal 1.000000 0.000000 0.000000
    outer loop
      vertex 31.666667 36.489362 0.000000
      vertex 31.666667 36.808511 0.000000
      vertex 31.666667 36.808511 0.400000
    endloop
  endfacet
  facet normal 1.000000 0.000000 0.000000
    outer loop
      vertex 31.666667 36.489362 0.000000
      vertex 31.666667 36.808511 0.400000
      vertex 31.666667 36.489362 0.400000
    endloop
  endfacet
  facet normal 0.000000 0.000000 -1.000000
    outer loop
      vertex 18.015873 36.170213 0.000000
      vertex 21.190476 36.489362 0.000000
      vertex 21.190476 36.170213 0.000000
    endloop
  endfacet
  facet normal 0.000000 0.000000 -1.000000
    outer loop
      vertex 18.015873 36.170213 0.000000
      vertex 18.015873 36.489362 0.000000
      vertex 21.190476 36.489362 0.000000
    endloop
  endfacet
  facet normal 0.000000 0.000000 1.000000
    outer loop
      vertex 18.015873 36.170213 0.400000
      vertex 21.190476 36.170213 0.400000
      vertex 21.190476 36.489362 0.400000
    endloop
  endfacet
  facet normal 0.000000 0.000000 1.000000
    outer loop
      vertex 18.015873 36.170213 0.400000
      vertex 21.190476 36.489362 0.400000
      vertex 18.015873 36.489362 0.400000
    endloop
  endfacet
  facet normal 0.000000 -1.000000 0.000000
    outer loop
      vertex 18.015873 36.170213 0.000000
      vertex 21.190476 36.170213 0.000000
      vertex 21.190476 36.170213 0.400000
    endloop
  endfacet
  facet normal 0.000000 -1.000000 0.000000
    outer loop
      vertex 18.015873 36.170213 0.000000
      vertex 21.190476 36.170213 0.400000
      vertex 18.015873 36.170213 0.400000
    endloop
  endfacet
  facet normal 0.000000 1.000000 0.000000
    outer loop
      vertex 18.015873 36.489362 0.000000
      vertex 21.190476 36.489362 0.400000
      vertex 21.190476 36.489362 0.000000
    endloop
  endfacet
  facet normal 0.000000 1.000000 0.000000
    outer loop
      vertex 18.015873 36.489362 0.000000
      vertex 18.015873 36.489362 0.400000
      vertex 21.190476 36.489362 0.400000
    endloop
  endfacet
  facet normal -1.000000 0.000000 0.000000
    outer loop
      vertex 18.015873 36.170213 0.000000
      vertex 18.015873 36.170213 0.400000
      vertex 18.015873 36.489362 0.400000
    endloop
  endfacet
  facet normal -1.000000 0.000000 0.000000
    outer loop
      vertex 18.015873 36.170213 0.000000
      vertex 18.015873 36.489362 0.400000
      vertex 18.015873 36.489362 0.000000
    endloop
  endfacet
  facet normal 1.000000 0.000000 0.000000
    outer loop
      vertex 21.190476 36.170213 0.000000
      vertex 21.190476 36.489362 0.000000
      vertex 21.190476 36.489362 0.400000
    endloop
  endfacet
  facet normal 1.000000 0.000000 0.000000
    outer loop
      vertex 21.190476 36.170213 0.000000
      vertex 21.190476 36.489362 0.400000
      vertex 21.190476 36.170213 0.400000
    endloop
  endfacet
  facet normal 0.000000 0.000000 -1.000000
    outer loop
      vertex 29.444444 36.170213 0.000000
      vertex 31.666667 36.489362 0.000000
      vertex 31.666667 36.170213 0.000000
    endloop
  endfacet
  facet normal 0.000000 0.000000 -1.000000
    outer loop
      vertex 29.444444 36.170213 0.000000
      vertex 29.444444 36.489362 0.000000
      vertex 31.666667 36.489362 0.000000
    endloop
  endfacet
  facet normal 0.000000 0.000000 1.000000
    outer loop
      vertex 29.444444 36.170213 0.400000
      vertex 31.666667 36.170213 0.400000
      vertex 31.666667 36.489362 0.400000
    endloop
  endfacet
  facet normal 0.000000 0.000000 1.000000
    outer loop
      vertex 29.444444 36.170213 0.400000
      vertex 31.666667 36.489362 0.400000
      vertex 29.444444 36.489362 0.400000
    endloop
  endfacet
  facet normal 0.000000 -1.000000 0.000000
    outer loop
      vertex 29.444444 36.170213 0.000000
      vertex 31.666667 36.170213 0.000000
      vertex 31.666667 36.170213 0.400000
    endloop
  endfacet
  facet normal 0.000000 -1.000000 0.000000
    outer loop
      vertex 29.444444 36.170213 0.000000
      vertex 31.666667 36.170213 0.400000
      vertex 29.444444 36.170213 0.400000
    endloop
  endfacet
  facet normal 0.000000 1.000000 0.000000
    outer loop
      vertex 29.444444 36.489362 0.000000
      vertex 31.666667 36.489362 0.400000
      vertex 31.666667 36.489362 0.000000
    endloop
  endfacet
  facet normal 0.000000 1.000000 0.000000
    outer loop
      vertex 29.444444 36.489362 0.000000
      vertex 29.444444 36.489362 0.400000
      vertex 31.666667 36.489362 0.400000
    endloop
  endfacet
  facet normal -1.000000 0.000000 0.000000
    outer loop
      vertex 29.444444 36.170213 0.000000
      vertex 29.444444 36.170213 0.400000
      vertex 29.444444 36.489362 0.400000
    endloop
  endfacet
  facet normal -1.000000 0.000000 0.000000
    outer loop
      vertex 29.444444 36.170213 0.000000
      vertex 29.444444 36.489362 0.400000
      vertex 29.444444 36.489362 0.000000
    endloop
  endfacet
  facet normal 1.000000 0.000000 0.000000
    outer loop
      vertex 31.666667 36.170213 0.000000
      vertex 31.666667 36.489362 0.000000
      vertex 31.666667 36.489362 0.400000
    endloop
  endfacet
  facet normal 1.000000 0.000000 0.000000
    outer loop
      vertex 31.666667 36.170213 0.000000
      vertex 31.666667 36.489362 0.400000
      vertex 31.666667 36.170213 0.400000
    endloop
  endfacet
  facet normal 0.000000 0.000000 -1.000000
    outer loop
      vertex 5.000000 35.531915 0.000000
      vertex 9.761905 36.170213 0.000000
      vertex 9.761905 35.531915 0.000000
    endloop
  endfacet
  facet normal 0.000000 0.000000 -1.000000
    outer loop
      vertex 5.000000 35.531915 0.000000
      vertex 5.000000 36.170213 0.000000
      vertex 9.761905 36.170213 0.000000
    endloop
  endfacet
  facet normal 0.000000 0.000000 1.000000
    outer loop
      vertex 5.000000 35.531915 0.400000
      vertex 9.761905 35.531915 0.400000
      vertex 9.761905 36.170213 0.400000
    endloop
  endfacet
  facet normal 0.000000 0.000000 1.000000
    outer loop
      vertex 5.000000 35.531915 0.400000
      vertex 9.761905 36.170213 0.400000
      vertex 5.000000 36.170213 0.400000
    endloop
  endfacet
  facet normal 0.000000 -1.000000 0.000000
    outer loop
      vertex 5.000000 35.531915 0.000000
      vertex 9.761905 35.531915 0.000000
      vertex 9.761905 35.531915 0.400000
    endloop
  endfacet
  facet normal 0.000000 -1.000000 0.000000
    outer loop
      vertex 5.000000 35.531915 0.000000
      vertex 9.761905 35.531915 0.400000
      vertex 5.000000 35.531915 0.400000
    endloop
  endfacet
  facet normal 0.000000 1.000000 0.000000
    outer loop
      vertex 5.000000 36.170213 0.000000
      vertex 9.761905 36.170213 0.400000
      vertex 9.761905 36.170213 0.000000
    endloop
  endfacet
  facet normal 0.000000 1.000000 0.000000
    outer loop
      vertex 5.000000 36.170213 0.000000
      vertex 5.000000 36.170213 0.400000
      vertex 9.761905 36.170213 0.400000
    endloop
  endfacet
  facet normal -1.000000 0.000000 0.000000
    outer loop
      vertex 5.000000 35.531915 0.000000
      vertex 5.000000 35.531915 0.400000
      vertex 5.000000 36.170213 0.400000
    endloop
  endfacet
  facet normal -1.000000 0.000000 0.000000
    outer loop
      vertex 5.000000 35.531915 0.000000
      vertex 5.000000 36.170213 0.400000
      vertex 5.000000 36.170213 0.000000
    endloop
  endfacet
  facet normal 1.000000 0.000000 0.000000
    outer loop
      vertex 9.761905 35.531915 0.000000
      vertex 9.761905 36.170213 0.000000
      vertex 9.761905 36.170213 0.400000
    endloop
  endfacet
  facet normal 1.000000 0.000000 0.000000
    outer loop
      vertex 9.761905 35.531915 0.000000
      vertex 9.761905 36.170213 0.400000
      vertex 9.761905 35.531915 0.400000
    endloop
  endfacet
  facet normal 0.000000 0.000000 -1.000000
    outer loop
      vertex 18.015873 35.851064 0.000000
      vertex 20.873016 36.170213 0.000000
      vertex 20.873016 35.851064 0.000000
    endloop
  endfacet
  facet normal 0.000000 0.000000 -1.000000
    outer loop
      vertex 18.015873 35.851064 0.000000
      vertex 18.015873 36.170213 0.000000
      vertex 20.873016 36.170213 0.000000
    endloop
  endfacet
  facet normal 0.000000 0.000000 1.000000
    outer loop
      vertex 18.015873 35.851064 0.400000
      vertex 20.873016 35.851064 0.400000
      vertex 20.873016 36.170213 0.400000
    endloop
  endfacet
  facet normal 0.000000 0.000000 1.000000
    outer loop
      vertex 18.015873 35.851064 0.400000
      vertex 20.873016 36.170213 0.400000
      vertex 18.015873 36.170213 0.400000
    endloop
  endfacet
  facet normal 0.000000 -1.000000 0.000000
    outer loop
      vertex 18.015873 35.851064 0.000000
      vertex 20.873016 35.851064 0.000000
      vertex 20.873016 35.851064 0.400000
    endloop
  endfacet
  facet normal 0.000000 -1.000000 0.000000
    outer loop
      vertex 18.015873 35.851064 0.000000
      vertex 20.873016 35.851064 0.400000
      vertex 18.015873 35.851064 0.400000
    endloop
  endfacet
  facet normal 0.000000 1.000000 0.000000
    outer loop
      vertex 18.015873 36.170213 0.000000
      vertex 20.873016 36.170213 0.400000
      vertex 20.873016 36.170213 0.000000
    endloop
  endfacet
  facet normal 0.000000 1.000000 0.000000
    outer loop
      vertex 18.015873 36.170213 0.000000
      vertex 18.015873 36.170213 0.400000
      vertex 20.873016 36.170213 0.400000
    endloop
  endfacet
  facet normal -1.000000 0.000000 0.000000
    outer loop
      vertex 18.015873 35.851064 0.000000
      vertex 18.015873 35.851064 0.400000
      vertex 18.015873 36.170213 0.400000
    endloop
  endfacet
  facet normal -1.000000 0.000000 0.000000
    outer loop
      vertex 18.015873 35.851064 0.000000
      vertex 18.015873 36.170213 0.400000
      vertex 18.015873 36.170213 0.000000
    endloop
  endfacet
  facet normal 1.000000 0.000000 0.000000
    outer loop
      vertex 20.873016 35.851064 0.000000
      vertex 20.873016 36.170213 0.000000
      vertex 20.873016 36.170213 0.400000
    endloop
  endfacet
  facet normal 1.000000 0.000000 0.000000
    outer loop
      vertex 20.873016 35.851064 0.000000
      vertex 20.873016 36.170213 0.400000
      vertex 20.873016 35.851064 0.400000
    endloop
  endfacet
  facet normal 0.000000 0.000000 -1.000000
    outer loop
      vertex 24.365079 29.148936 0.000000
      vertex 26.269841 36.170213 0.000000
      vertex 26.269841 29.148936 0.000000
    endloop
  endfacet
  facet normal 0.000000 0.000000 -1.000000
    outer loop
      vertex 24.365079 29.148936 0.000000
      vertex 24.365079 36.170213 0.000000
      vertex 26.269841 36.170213 0.000000
    endloop
  endfacet
  facet normal 0.000000 0.000000 1.000000
    outer loop
      vertex 24.365079 29.148936 0.400000
      vertex 26.269841 29.148936 0.400000
      vertex 26.269841 36.170213 0.400000
    endloop
  endfacet
  facet normal 0.000000 0.000000 1.000000
    outer loop
      vertex 24.365079 29.148936 0.400000
      vertex 26.269841 36.170213 0.400000
      vertex 24.365079 36.170213 0.400000
    endloop
  endfacet
  facet normal 0.000000 -1.000000 0.000000
    outer loop
      vertex 24.365079 29.148936 0.000000
      vertex 26.269841 29.148936 0.000000
      vertex 26.269841 29.148936 0.400000
    endloop
  endfacet
  facet normal 0.000000 -1.000000 0.000000
    outer loop
      vertex 24.365079 29.148936 0.000000
      vertex 26.269841 29.148936 0.400000
      vertex 24.365079 29.148936 0.400000
    endloop
  endfacet
  facet normal 0.000000 1.000000 0.000000
    outer loop
      vertex 24.365079 36.170213 0.000000
      vertex 26.269841 36.170213 0.400000
      vertex 26.269841 36.170213 0.000000
    endloop
  endfacet
  facet normal 0.000000 1.000000 0.000000
    outer loop
      vertex 24.365079 36.170213 0.000000
      vertex 24.365079 36.170213 0.400000
      vertex 26.269841 36.170213 0.400000
    endloop
  endfacet
  facet normal -1.000000 0.000000 0.000000
    outer loop
      vertex 24.365079 29.148936 0.000000
      vertex 24.365079 29.148936 0.400000
      vertex 24.365079 36.170213 0.400000
    endloop
  endfacet
  facet normal -1.000000 0.000000 0.000000
    outer loop
      vertex 24.365079 29.148936 0.000000
      vertex 24.365079 36.170213 0.400000
      vertex 24.365079 36.170213 0.000000
    endloop
  endfacet
  facet normal 1.000000 0.000000 0.000000
    outer loop
      vertex 26.269841 29.148936 0.000000
      vertex 26.269841 36.170213 0.000000
      vertex 26.269841 36.170213 0.400000
    endloop
  endfacet
  facet normal 1.000000 0.000000 0.000000
    outer loop
      vertex 26.269841 29.148936 0.000000
      vertex 26.269841 36.170213 0.400000
      vertex 26.269841 29.148936 0.400000
    endloop
  endfacet
  facet normal 0.000000 0.000000 -1.000000
    outer loop
      vertex 29.761905 35.851064 0.000000
      vertex 31.666667 36.170213 0.000000
      vertex 31.666667 35.851064 0.000000
    endloop
  endfacet
  facet normal 0.000000 0.000000 -1.000000
    outer loop
      vertex 29.761905 35.851064 0.000000
      vertex 29.761905 36.170213 0.000000
      vertex 31.666667 36.170213 0.000000
    endloop
  endfacet
  facet normal 0.000000 0.000000 1.000000
    outer loop
      vertex 29.761905 35.851064 0.400000
      vertex 31.666667 35.851064 0.400000
      vertex 31.666667 36.170213 0.400000
    endloop
  endfacet
  facet normal 0.000000 0.000000 1.000000
    outer loop
      vertex 29.761905 35.851064 0.400000
      vertex 31.666667 36.170213 0.400000
      vertex 29.761905 36.170213 0.400000
    endloop
  endfacet
  facet normal 0.000000 -1.000000 0.000000
    outer loop
      vertex 29.761905 35.851064 0.000000
      vertex 31.666667 35.851064 0.000000
      vertex 31.666667 35.851064 0.400000
    endloop
  endfacet
  facet normal 0.000000 -1.000000 0.000000
    outer loop
      vertex 29.761905 35.851064 0.000000
      vertex 31.666667 35.851064 0.400000
      vertex 29.761905 35.851064 0.400000
    endloop
  endfacet
  facet normal 0.000000 1.000000 0.000000
    outer loop
      vertex 29.761905 36.170213 0.000000
      vertex 31.666667 36.170213 0.400000
      vertex 31.666667 36.170213 0.000000
    endloop
  endfacet
  facet normal 0.000000 1.000000 0.000000
    outer loop
      vertex 29.761905 36.170213 0.000000
      vertex 29.761905 36.170213 0.400000
      vertex 31.666667 36.170213 0.400000
    endloop
  endfacet
  facet normal -1.000000 0.000000 0.000000
    outer loop
      vertex 29.761905 35.851064 0.000000
      vertex 29.761905 35.851064 0.400000
      vertex 29.761905 36.170213 0.400000
    endloop
  endfacet
  facet normal -1.000000 0.000000 0.000000
    outer loop
      vertex 29.761905 35.851064 0.000000
      vertex 29.761905 36.170213 0.400000
      vertex 29.761905 36.170213 0.000000
    endloop
  endfacet
  facet normal 1.000000 0.000000 0.000000
    outer loop
      vertex 31.666667 35.851064 0.000000
      vertex 31.666667 36.170213 0.000000
      vertex 31.666667 36.170213 0.400000
    endloop
  endfacet
  facet normal 1.000000 0.000000 0.000000
    outer loop
      vertex 31.666667 35.851064 0.000000
      vertex 31.666667 36.170213 0.400000
      vertex 31.666667 35.851064 0.400000
    endloop
  endfacet
  facet normal 0.000000 0.000000 -1.000000
    outer loop
      vertex 12.936508 32.978723 0.000000
      vertex 15.158730 35.851064 0.000000
      vertex 15.158730 32.978723 0.000000
    endloop
  endfacet
  facet normal 0.000000 0.000000 -1.000000
    outer loop
      vertex 12.936508 32.978723 0.000000
      vertex 12.936508 35.851064 0.000000
      vertex 15.158730 35.851064 0.000000
    endloop
  endfacet
  facet normal 0.000000 0.000000 1.000000
    outer loop
      vertex 12.936508 32.978723 0.400000
      vertex 15.158730 32.978723 0.400000
      vertex 15.158730 35.851064 0.400000
    endloop
  endfacet
  facet normal 0.000000 0.000000 1.000000
    outer loop
      vertex 12.936508 32.978723 0.400000
      vertex 15.158730 35.851064 0.400000
      vertex 12.936508 35.851064 0.400000
    endloop
  endfacet
  facet normal 0.000000 -1.000000 0.000000
    outer loop
      vertex 12.936508 32.978723 0.000000
      vertex 15.158730 32.978723 0.000000
      vertex 15.158730 32.978723 0.400000
    endloop
  endfacet
  facet normal 0.000000 -1.000000 0.000000
    outer loop
      vertex 12.936508 32.978723 0.000000
      vertex 15.158730 32.978723 0.400000
      vertex 12.936508 32.978723 0.400000
    endloop
  endfacet
  facet normal 0.000000 1.000000 0.000000
    outer loop
      vertex 12.936508 35.851064 0.000000
      vertex 15.158730 35.851064 0.400000
      vertex 15.158730 35.851064 0.000000
    endloop
  endfacet
  facet normal 0.000000 1.000000 0.000000
    outer loop
      vertex 12.936508 35.851064 0.000000
      vertex 12.936508 35.851064 0.400000
      vertex 15.158730 35.851064 0.400000
    endloop
  endfacet
  facet normal -1.000000 0.000000 0.000000
    outer loop
      vertex 12.936508 32.978723 0.000000
      vertex 12.936508 32.978723 0.400000
      vertex 12.936508 35.851064 0.400000
    endloop
  endfacet
  facet normal -1.000000 0.000000 0.000000
    outer loop
      vertex 12.936508 32.978723 0.000000
      vertex 12.936508 35.851064 0.400000
      vertex 12.936508 35.851064 0.000000
    endloop
  endfacet
  facet normal 1.000000 0.000000 0.000000
    outer loop
      vertex 15.158730 32.978723 0.000000
      vertex 15.158730 35.851064 0.000000
      vertex 15.158730 35.851064 0.400000
    endloop
  endfacet
  facet normal 1.000000 0.000000 0.000000
    outer loop
      vertex 15.158730 32.978723 0.000000
      vertex 15.158730 35.851064 0.400000
      vertex 15.158730 32.978723 0.400000
    endloop
  endfacet
  facet normal 0.000000 0.000000 -1.000000
    outer loop
      vertex 18.015873 35.212766 0.000000
      vertex 20.555556 35.851064 0.000000
      vertex 20.555556 35.212766 0.000000
    endloop
  endfacet
  facet normal 0.000000 0.000000 -1.000000
    outer loop
      vertex 18.015873 35.212766 0.000000
      vertex 18.015873 35.851064 0.000000
      vertex 20.555556 35.851064 0.000000
    endloop
  endfacet
  facet normal 0.000000 0.000000 1.000000
    outer loop
      vertex 18.015873 35.212766 0.400000
      vertex 20.555556 35.212766 0.400000
      vertex 20.555556 35.851064 0.400000
    endloop
  endfacet
  facet normal 0.000000 0.000000 1.000000
    outer loop
      vertex 18.015873 35.212766 0.400000
      vertex 20.555556 35.851064 0.400000
      vertex 18.015873 35.851064 0.400000
    endloop
  endfacet
  facet normal 0.000000 -1.000000 0.000000
    outer loop
      vertex 18.015873 35.212766 0.000000
      vertex 20.555556 35.212766 0.000000
      vertex 20.555556 35.212766 0.400000
    endloop
  endfacet
  facet normal 0.000000 -1.000000 0.000000
    outer loop
      vertex 18.015873 35.212766 0.000000
      vertex 20.555556 35.212766 0.400000
      vertex 18.015873 35.212766 0.400000
    endloop
  endfacet
  facet normal 0.000000 1.000000 0.000000
    outer loop
      vertex 18.015873 35.851064 0.000000
      vertex 20.555556 35.851064 0.400000
      vertex 20.555556 35.851064 0.000000
    endloop
  endfacet
  facet normal 0.000000 1.000000 0.000000
    outer loop
      vertex 18.015873 35.851064 0.000000
      vertex 18.015873 35.851064 0.400000
      vertex 20.555556 35.851064 0.400000
    endloop
  endfacet
  facet normal -1.000000 0.000000 0.000000
    outer loop
      vertex 18.015873 35.212766 0.000000
      vertex 18.015873 35.212766 0.400000
      vertex 18.015873 35.851064 0.400000
    endloop
  endfacet
  facet normal -1.000000 0.000000 0.000000
    outer loop
      vertex 18.015873 35.212766 0.000000
      vertex 18.015873 35.851064 0.400000
      vertex 18.015873 35.851064 0.000000
    endloop
  endfacet
  facet normal 1.000000 0.000000 0.000000
    outer loop
      vertex 20.555556 35.212766 0.000000
      vertex 20.555556 35.851064 0.000000
      vertex 20.555556 35.851064 0.400000
    endloop
  endfacet
  facet normal 1.000000 0.000000 0.000000
    outer loop
      vertex 20.555556 35.212766 0.000000
      vertex 20.555556 35.851064 0.400000
      vertex 20.555556 35.212766 0.400000
    endloop
  endfacet
  facet normal 0.000000 0.000000 -1.000000
    outer loop
      vertex 23.730159 29.468085 0.000000
      vertex 24.365079 35.851064 0.000000
      vertex 24.365079 29.468085 0.000000
    endloop
  endfacet
  facet normal 0.000000 0.000000 -1.000000
    outer loop
      vertex 23.730159 29.468085 0.000000
      vertex 23.730159 35.851064 0.000000
      vertex 24.365079 35.851064 0.000000
    endloop
  endfacet
  facet normal 0.000000 0.000000 1.000000
    outer loop
      vertex 23.730159 29.468085 0.400000
      vertex 24.365079 29.468085 0.400000
      vertex 24.365079 35.851064 0.400000
    endloop
  endfacet
  facet normal 0.000000 0.000000 1.000000
    outer loop
      vertex 23.730159 29.468085 0.400000
      vertex 24.365079 35.851064 0.400000
      vertex 23.730159 35.851064 0.400000
    endloop
  endfacet
  facet normal 0.000000 -1.000000 0.000000
    outer loop
      vertex 23.730159 29.468085 0.000000
      vertex 24.365079 29.468085 0.000000
      vertex 24.365079 29.468085 0.400000
    endloop
  endfacet
  facet normal 0.000000 -1.000000 0.000000
    outer loop
      vertex 23.730159 29.468085 0.000000
      vertex 24.365079 29.468085 0.400000
      vertex 23.730159 29.468085 0.400000
    endloop
  endfacet
  facet normal 0.000000 1.000000 0.000000
    outer loop
      vertex 23.730159 35.851064 0.000000
      vertex 24.365079 35.851064 0.400000
      vertex 24.365079 35.851064 0.000000
    endloop
  endfacet
  facet normal 0.000000 1.000000 0.000000
    outer loop
      vertex 23.730159 35.851064 0.000000
      vertex 23.730159 35.851064 0.400000
      vertex 24.365079 35.851064 0.400000
    endloop
  endfacet
  facet normal -1.000000 0.000000 0.000000
    outer loop
      vertex 23.730159 29.468085 0.000000
      vertex 23.730159 29.468085 0.400000
      vertex 23.730159 35.851064 0.400000
    endloop
  endfacet
  facet normal -1.000000 0.000000 0.000000
    outer loop
      vertex 23.730159 29.468085 0.000000
      vertex 23.730159 35.851064 0.400000
      vertex 23.730159 35.851064 0.000000
    endloop
  endfacet
  facet normal 1.000000 0.000000 0.000000
    outer loop
      vertex 24.365079 29.468085 0.000000
      vertex 24.365079 35.851064 0.000000
      vertex 24.365079 35.851064 0.400000
    endloop
  endfacet
  facet normal 1.000000 0.000000 0.000000
    outer loop
      vertex 24.365079 29.468085 0.000000
      vertex 24.365079 35.851064 0.400000
      vertex 24.365079 29.468085 0.400000
    endloop
  endfacet
  facet normal 0.000000 0.000000 -1.000000
    outer loop
      vertex 26.269841 29.468085 0.000000
      vertex 26.587302 35.851064 0.000000
      vertex 26.587302 29.468085 0.000000
    endloop
  endfacet
  facet normal 0.000000 0.000000 -1.000000
    outer loop
      vertex 26.269841 29.468085 0.000000
      vertex 26.269841 35.851064 0.000000
      vertex 26.587302 35.851064 0.000000
    endloop
  endfacet
  facet normal 0.000000 0.000000 1.000000
    outer loop
      vertex 26.269841 29.468085 0.400000
      vertex 26.587302 29.468085 0.400000
      vertex 26.587302 35.851064 0.400000
    endloop
  endfacet
  facet normal 0.000000 0.000000 1.000000
    outer loop
      vertex 26.269841 29.468085 0.400000
      vertex 26.587302 35.851064 0.400000
      vertex 26.269841 35.851064 0.400000
    endloop
  endfacet
  facet normal 0.000000 -1.000000 0.000000
    outer loop
      vertex 26.269841 29.468085 0.000000
      vertex 26.587302 29.468085 0.000000
      vertex 26.587302 29.468085 0.400000
    endloop
  endfacet
  facet normal 0.000000 -1.000000 0.000000
    outer loop
      vertex 26.269841 29.468085 0.000000
      vertex 26.587302 29.468085 0.400000
      vertex 26.269841 29.468085 0.400000
    endloop
  endfacet
  facet normal 0.000000 1.000000 0.000000
    outer loop
      vertex 26.269841 35.851064 0.000000
      vertex 26.587302 35.851064 0.400000
      vertex 26.587302 35.851064 0.000000
    endloop
  endfacet
  facet normal 0.000000 1.000000 0.000000
    outer loop
      vertex 26.269841 35.851064 0.000000
      vertex 26.269841 35.851064 0.400000
      vertex 26.587302 35.851064 0.400000
    endloop
  endfacet
  facet normal -1.000000 0.000000 0.000000
    outer loop
      vertex 26.269841 29.468085 0.000000
      vertex 26.269841 29.468085 0.400000
      vertex 26.269841 35.851064 0.400000
    endloop
  endfacet
  facet normal -1.000000 0.000000 0.000000
    outer loop
      vertex 26.269841 29.468085 0.000000
      vertex 26.269841 35.851064 0.400000
      vertex 26.269841 35.851064 0.000000
    endloop
  endfacet
  facet normal 1.000000 0.000000 0.000000
    outer loop
      vertex 26.587302 29.468085 0.000000
      vertex 26.587302 35.851064 0.000000
      vertex 26.587302 35.851064 0.400000
    endloop
  endfacet
  facet normal 1.000000 0.000000 0.000000
    outer loop
      vertex 26.587302 29.468085 0.000000
      vertex 26.587302 35.851064 0.400000
      vertex 26.587302 29.468085 0.400000
    endloop
  endfacet
  facet normal 0.000000 0.000000 -1.000000
    outer loop
      vertex 30.079365 34.893617 0.000000
      vertex 34.841270 35.851064 0.000000
      vertex 34.841270 34.893617 0.000000
    endloop
  endfacet
  facet normal 0.000000 0.000000 -1.000000
    outer loop
      vertex 30.079365 34.893617 0.000000
      vertex 30.079365 35.851064 0.000000
      vertex 34.841270 35.851064 0.000000
    endloop
  endfacet
  facet normal 0.000000 0.000000 1.000000
    outer loop
      vertex 30.079365 34.893617 0.400000
      vertex 34.841270 34.893617 0.400000
      vertex 34.841270 35.851064 0.400000
    endloop
  endfacet
  facet normal 0.000000 0.000000 1.000000
    outer loop
      vertex 30.079365 34.893617 0.400000
      vertex 34.841270 35.851064 0.400000
      vertex 30.079365 35.851064 0.400000
    endloop
  endfacet
  facet normal 0.000000 -1.000000 0.000000
    outer loop
      vertex 30.079365 34.893617 0.000000
      vertex 34.841270 34.893617 0.000000
      vertex 34.841270 34.893617 0.400000
    endloop
  endfacet
  facet normal 0.000000 -1.000000 0.000000
    outer loop
      vertex 30.079365 34.893617 0.000000
      vertex 34.841270 34.893617 0.400000
      vertex 30.079365 34.893617 0.400000
    endloop
  endfacet
  facet normal 0.000000 1.000000 0.000000
    outer loop
      vertex 30.079365 35.851064 0.000000
      vertex 34.841270 35.851064 0.400000
      vertex 34.841270 35.851064 0.000000
    endloop
  endfacet
  facet normal 0.000000 1.000000 0.000000
    outer loop
      vertex 30.079365 35.851064 0.000000
      vertex 30.079365 35.851064 0.400000
      vertex 34.841270 35.851064 0.400000
    endloop
  endfacet
  facet normal -1.000000 0.000000 0.000000
    outer loop
      vertex 30.079365 34.893617 0.000000
      vertex 30.079365 34.893617 0.400000
      vertex 30.079365 35.851064 0.400000
    endloop
  endfacet
  facet normal -1.000000 0.000000 0.000000
    outer loop
      vertex 30.079365 34.893617 0.000000
      vertex 30.079365 35.851064 0.400000
      vertex 30.079365 35.851064 0.000000
    endloop
  endfacet
  facet normal 1.000000 0.000000 0.000000
    outer loop
      vertex 34.841270 34.893617 0.000000
      vertex 34.841270 35.851064 0.000000
      vertex 34.841270 35.851064 0.400000
    endloop
  endfacet
  facet normal 1.000000 0.000000 0.000000
    outer loop
      vertex 34.841270 34.893617 0.000000
      vertex 34.841270 35.851064 0.400000
      vertex 34.841270 34.893617 0.400000
    endloop
  endfacet
  facet normal 0.000000 0.000000 -1.000000
    outer loop
      vertex 37.698413 20.531915 0.000000
      vertex 41.190476 35.851064 0.000000
      vertex 41.190476 20.531915 0.000000
    endloop
  endfacet
  facet normal 0.000000 0.000000 -1.000000
    outer loop
      vertex 37.698413 20.531915 0.000000
      vertex 37.698413 35.851064 0.000000
      vertex 41.190476 35.851064 0.000000
    endloop
  endfacet
  facet normal 0.000000 0.000000 1.000000
    outer loop
      vertex 37.698413 20.531915 0.400000
      vertex 41.190476 20.531915 0.400000
      vertex 41.190476 35.851064 0.400000
    endloop
  endfacet
  facet normal 0.000000 0.000000 1.000000
    outer loop
      vertex 37.698413 20.531915 0.400000
      vertex 41.190476 35.851064 0.400000
      vertex 37.698413 35.851064 0.400000
    endloop
  endfacet
  facet normal 0.000000 -1.000000 0.000000
    outer loop
      vertex 37.698413 20.531915 0.000000
      vertex 41.190476 20.531915 0.000000
      vertex 41.190476 20.531915 0.400000
    endloop
  endfacet
  facet normal 0.000000 -1.000000 0.000000
    outer loop
      vertex 37.698413 20.531915 0.000000
      vertex 41.190476 20.531915 0.400000
      vertex 37.698413 20.531915 0.400000
    endloop
  endfacet
  facet normal 0.000000 1.000000 0.000000
    outer loop
      vertex 37.698413 35.851064 0.000000
      vertex 41.190476 35.851064 0.400000
      vertex 41.190476 35.851064 0.000000
    endloop
  endfacet
  facet normal 0.000000 1.000000 0.000000
    outer loop
      vertex 37.698413 35.851064 0.000000
      vertex 37.698413 35.851064 0.400000
      vertex 41.190476 35.851064 0.400000
    endloop
  endfacet
  facet normal -1.000000 0.000000 0.000000
    outer loop
      vertex 37.698413 20.531915 0.000000
      vertex 37.698413 20.531915 0.400000
      vertex 37.698413 35.851064 0.400000
    endloop
  endfacet
  facet normal -1.000000 0.000000 0.000000
    outer loop
      vertex 37.698413 20.531915 0.000000
      vertex 37.698413 35.851064 0.400000
      vertex 37.698413 35.851064 0.000000
    endloop
  endfacet
  facet normal 1.000000 0.000000 0.000000
    outer loop
      vertex 41.190476 20.531915 0.000000
      vertex 41.190476 35.851064 0.000000
      vertex 41.190476 35.851064 0.400000
    endloop
  endfacet
  facet normal 1.000000 0.000000 0.000000
    outer loop
      vertex 41.190476 20.531915 0.000000
      vertex 41.190476 35.851064 0.400000
      vertex 41.190476 20.531915 0.400000
    endloop
  endfacet
  facet normal 0.000000 0.000000 -1.000000
    outer loop
      vertex 5.000000 10.000000 0.000000
      vertex 9.444444 35.531915 0.000000
      vertex 9.444444 10.000000 0.000000
    endloop
  endfacet
  facet normal 0.000000 0.000000 -1.000000
    outer loop
      vertex 5.000000 10.000000 0.000000
      vertex 5.000000 35.531915 0.000000
      vertex 9.444444 35.531915 0.000000
    endloop
  endfacet
  facet normal 0.000000 0.000000 1.000000
    outer loop
      vertex 5.000000 10.000000 0.400000
      vertex 9.444444 10.000000 0.400000
      vertex 9.444444 35.531915 0.400000
    endloop
  endfacet
  facet normal 0.000000 0.000000 1.000000
    outer loop
      vertex 5.000000 10.000000 0.400000
      vertex 9.444444 35.531915 0.400000
      vertex 5.000000 35.531915 0.400000
    endloop
  endfacet
  facet normal 0.000000 -1.000000 0.000000
    outer loop
      vertex 5.000000 10.000000 0.000000
      vertex 9.444444 10.000000 0.000000
      vertex 9.444444 10.000000 0.400000
    endloop
  endfacet
  facet normal 0.000000 -1.000000 0.000000
    outer loop
      vertex 5.000000 10.000000 0.000000
      vertex 9.444444 10.000000 0.400000
      vertex 5.000000 10.000000 0.400000
    endloop
  endfacet
  facet normal 0.000000 1.000000 0.000000
    outer loop
      vertex 5.000000 35.531915 0.000000
      vertex 9.444444 35.531915 0.400000
      vertex 9.444444 35.531915 0.000000
    endloop
  endfacet
  facet normal 0.000000 1.000000 0.000000
    outer loop
      vertex 5.000000 35.531915 0.000000
      vertex 5.000000 35.531915 0.400000
      vertex 9.444444 35.531915 0.400000
    endloop
  endfacet
  facet normal -1.000000 0.000000 0.000000
    outer loop
      vertex 5.000000 10.000000 0.000000
      vertex 5.000000 10.000000 0.400000
      vertex 5.000000 35.531915 0.400000
    endloop
  endfacet
  facet normal -1.000000 0.000000 0.000000
    outer loop
      vertex 5.000000 10.000000 0.000000
      vertex 5.000000 35.531915 0.400000
      vertex 5.000000 35.531915 0.000000
    endloop
  endfacet
  facet normal 1.000000 0.000000 0.000000
    outer loop
      vertex 9.444444 10.000000 0.000000
      vertex 9.444444 35.531915 0.000000
      vertex 9.444444 35.531915 0.400000
    endloop
  endfacet
  facet normal 1.000000 0.000000 0.000000
    outer loop
      vertex 9.444444 10.000000 0.000000
      vertex 9.444444 35.531915 0.400000
      vertex 9.444444 10.000000 0.400000
    endloop
  endfacet
  facet normal 0.000000 0.000000 -1.000000
    outer loop
      vertex 12.619048 33.297872 0.000000
      vertex 12.936508 35.531915 0.000000
      vertex 12.936508 33.297872 0.000000
    endloop
  endfacet
  facet normal 0.000000 0.000000 -1.000000
    outer loop
      vertex 12.619048 33.297872 0.000000
      vertex 12.619048 35.531915 0.000000
      vertex 12.936508 35.531915 0.000000
    endloop
  endfacet
  facet normal 0.000000 0.000000 1.000000
    outer loop
      vertex 12.619048 33.297872 0.400000
      vertex 12.936508 33.297872 0.400000
      vertex 12.936508 35.531915 0.400000
    endloop
  endfacet
  facet normal 0.000000 0.000000 1.000000
    outer loop
      vertex 12.619048 33.297872 0.400000
      vertex 12.936508 35.531915 0.400000
      vertex 12.619048 35.531915 0.400000
    endloop
  endfacet
  facet normal 0.000000 -1.000000 0.000000
    outer loop
      vertex 12.619048 33.297872 0.000000
      vertex 12.936508 33.297872 0.000000
      vertex 12.936508 33.297872 0.400000
    endloop
  endfacet
  facet normal 0.000000 -1.000000 0.000000
    outer loop
      vertex 12.619048 33.297872 0.000000
      vertex 12.936508 33.297872 0.400000
      vertex 12.619048 33.297872 0.400000
    endloop
  endfacet
  facet normal 0.000000 1.000000 0.000000
    outer loop
      vertex 12.619048 35.531915 0.000000
      vertex 12.936508 35.531915 0.400000
      vertex 12.936508 35.531915 0.000000
    endloop
  endfacet
  facet normal 0.000000 1.000000 0.000000
    outer loop
      vertex 12.619048 35.531915 0.000000
      vertex 12.619048 35.531915 0.400000
      vertex 12.936508 35.531915 0.400000
    endloop
  endfacet
  facet normal -1.000000 0.000000 0.000000
    outer loop
      vertex 12.619048 33.297872 0.000000
      vertex 12.619048 33.297872 0.400000
      vertex 12.619048 35.531915 0.400000
    endloop
  endfacet
  facet normal -1.000000 0.000000 0.000000
    outer loop
      vertex 12.619048 33.297872 0.000000
      vertex 12.619048 35.531915 0.400000
      vertex 12.619048 35.531915 0.000000
    endloop
  endfacet
  facet normal 1.000000 0.000000 0.000000
    outer loop
      vertex 12.936508 33.297872 0.000000
      vertex 12.936508 35.531915 0.000000
      vertex 12.936508 35.531915 0.400000
    endloop
  endfacet
  facet normal 1.000000 0.000000 0.000000
    outer loop
      vertex 12.936508 33.297872 0.000000
      vertex 12.936508 35.531915 0.400000
      vertex 12.936508 33.297872 0.400000
    endloop
  endfacet
  facet normal 0.000000 0.000000 -1.000000
    outer loop
      vertex 23.412698 29.787234 0.000000
      vertex 23.730159 35.531915 0.000000
      vertex 23.730159 29.787234 0.000000
    endloop
  endfacet
  facet normal 0.000000 0.000000 -1.000000
    outer loop
      vertex 23.412698 29.787234 0.000000
      vertex 23.412698 35.531915 0.000000
      vertex 23.730159 35.531915 0.000000
    endloop
  endfacet
  facet normal 0.000000 0.000000 1.000000
    outer loop
      vertex 23.412698 29.787234 0.400000
      vertex 23.730159 29.787234 0.400000
      vertex 23.730159 35.531915 0.400000
    endloop
  endfacet
  facet normal 0.000000 0.000000 1.000000
    outer loop
      vertex 23.412698 29.787234 0.400000
      vertex 23.730159 35.531915 0.400000
      vertex 23.412698 35.531915 0.400000
    endloop
  endfacet
  facet normal 0.000000 -1.000000 0.000000
    outer loop
      vertex 23.412698 29.787234 0.000000
      vertex 23.730159 29.787234 0.000000
      vertex 23.730159 29.787234 0.400000
    endloop
  endfacet
  facet normal 0.000000 -1.000000 0.000000
    outer loop
      vertex 23.412698 29.787234 0.000000
      vertex 23.730159 29.787234 0.400000
      vertex 23.412698 29.787234 0.400000
    endloop
  endfacet
  facet normal 0.000000 1.000000 0.000000
    outer loop
      vertex 23.412698 35.531915 0.000000
      vertex 23.730159 35.531915 0.400000
      vertex 23.730159 35.531915 0.000000
    endloop
  endfacet
  facet normal 0.000000 1.000000 0.000000
    outer loop
      vertex 23.412698 35.531915 0.000000
      vertex 23.412698 35.531915 0.400000
      vertex 23.730159 35.531915 0.400000
    endloop
  endfacet
  facet normal -1.000000 0.000000 0.000000
    outer loop
      vertex 23.412698 29.787234 0.000000
      vertex 23.412698 29.787234 0.400000
      vertex 23.412698 35.531915 0.400000
    endloop
  endfacet
  facet normal -1.000000 0.000000 0.000000
    outer loop
      vertex 23.412698 29.787234 0.000000
      vertex 23.412698 35.531915 0.400000
      vertex 23.412698 35.531915 0.000000
    endloop
  endfacet
  facet normal 1.000000 0.000000 0.000000
    outer loop
      vertex 23.730159 29.787234 0.000000
      vertex 23.730159 35.531915 0.000000
      vertex 23.730159 35.531915 0.400000
    endloop
  endfacet
  facet normal 1.000000 0.000000 0.000000
    outer loop
      vertex 23.730159 29.787234 0.000000
      vertex 23.730159 35.531915 0.400000
      vertex 23.730159 29.787234 0.400000
    endloop
  endfacet
  facet normal 0.000000 0.000000 -1.000000
    outer loop
      vertex 26.587302 29.787234 0.000000
      vertex 27.222222 35.531915 0.000000
      vertex 27.222222 29.787234 0.000000
    endloop
  endfacet
  facet normal 0.000000 0.000000 -1.000000
    outer loop
      vertex 26.587302 29.787234 0.000000
      vertex 26.587302 35.531915 0.000000
      vertex 27.222222 35.531915 0.000000
    endloop
  endfacet
  facet normal 0.000000 0.000000 1.000000
    outer loop
      vertex 26.587302 29.787234 0.400000
      vertex 27.222222 29.787234 0.400000
      vertex 27.222222 35.531915 0.400000
    endloop
  endfacet
  facet normal 0.000000 0.000000 1.000000
    outer loop
      vertex 26.587302 29.787234 0.400000
      vertex 27.222222 35.531915 0.400000
      vertex 26.587302 35.531915 0.400000
    endloop
  endfacet
  facet normal 0.000000 -1.000000 0.000000
    outer loop
      vertex 26.587302 29.787234 0.000000
      vertex 27.222222 29.787234 0.000000
      vertex 27.222222 29.787234 0.400000
    endloop
  endfacet
  facet normal 0.000000 -1.000000 0.000000
    outer loop
      vertex 26.587302 29.787234 0.000000
      vertex 27.222222 29.787234 0.400000
      vertex 26.587302 29.787234 0.400000
    endloop
  endfacet
  facet normal 0.000000 1.000000 0.000000
    outer loop
      vertex 26.587302 35.531915 0.000000
      vertex 27.222222 35.531915 0.400000
      vertex 27.222222 35.531915 0.000000
    endloop
  endfacet
  facet normal 0.000000 1.000000 0.000000
    outer loop
      vertex 26.587302 35.531915 0.000000
      vertex 26.587302 35.531915 0.400000
      vertex 27.222222 35.531915 0.400000
    endloop
  endfacet
  facet normal -1.000000 0.000000 0.000000
    outer loop
      vertex 26.587302 29.787234 0.000000
      vertex 26.587302 29.787234 0.400000
      vertex 26.587302 35.531915 0.400000
    endloop
  endfacet
  facet normal -1.000000 0.000000 0.000000
    outer loop
      vertex 26.587302 29.787234 0.000000
      vertex 26.587302 35.531915 0.400000
      vertex 26.587302 35.531915 0.000000
    endloop
  endfacet
  facet normal 1.000000 0.000000 0.000000
    outer loop
      vertex 27.222222 29.787234 0.000000
      vertex 27.222222 35.531915 0.000000
      vertex 27.222222 35.531915 0.400000
    endloop
  endfacet
  facet normal 1.000000 0.000000 0.000000
    outer loop
      vertex 27.222222 29.787234 0.000000
      vertex 27.222222 35.531915 0.400000
      vertex 27.222222 29.787234 0.400000
    endloop
  endfacet
  facet normal 0.000000 0.000000 -1.000000
    outer loop
      vertex 12.301587 33.617021 0.000000
      vertex 12.619048 35.212766 0.000000
      vertex 12.619048 33.617021 0.000000
    endloop
  endfacet
  facet normal 0.000000 0.000000 -1.000000
    outer loop
      vertex 12.301587 33.617021 0.000000
      vertex 12.301587 35.212766 0.000000
      vertex 12.619048 35.212766 0.000000
    endloop
  endfacet
  facet normal 0.000000 0.000000 1.000000
    outer loop
      vertex 12.301587 33.617021 0.400000
      vertex 12.619048 33.617021 0.400000
      vertex 12.619048 35.212766 0.400000
    endloop
  endfacet
  facet normal 0.000000 0.000000 1.000000
    outer loop
      vertex 12.301587 33.617021 0.400000
      vertex 12.619048 35.212766 0.400000
      vertex 12.301587 35.212766 0.400000
    endloop
  endfacet
  facet normal 0.000000 -1.000000 0.000000
    outer loop
      vertex 12.301587 33.617021 0.000000
      vertex 12.619048 33.617021 0.000000
      vertex 12.619048 33.617021 0.400000
    endloop
  endfacet
  facet normal 0.000000 -1.000000 0.000000
    outer loop
      vertex 12.301587 33.617021 0.000000
      vertex 12.619048 33.617021 0.400000
      vertex 12.301587 33.617021 0.400000
    endloop
  endfacet
  facet normal 0.000000 1.000000 0.000000
    outer loop
      vertex 12.301587 35.212766 0.000000
      vertex 12.619048 35.212766 0.400000
      vertex 12.619048 35.212766 0.000000
    endloop
  endfacet
  facet normal 0.000000 1.000000 0.000000
    outer loop
      vertex 12.301587 35.212766 0.000000
      vertex 12.301587 35.212766 0.400000
      vertex 12.619048 35.212766 0.400000
    endloop
  endfacet
  facet normal -1.000000 0.000000 0.000000
    outer loop
      vertex 12.301587 33.617021 0.000000
      vertex 12.301587 33.617021 0.400000
      vertex 12.301587 35.212766 0.400000
    endloop
  endfacet
  facet normal -1.000000 0.000000 0.000000
    outer loop
      vertex 12.301587 33.617021 0.000000
      vertex 12.301587 35.212766 0.400000
      vertex 12.301587 35.212766 0.000000
    endloop
  endfacet
  facet normal 1.000000 0.000000 0.000000
    outer loop
      vertex 12.619048 33.617021 0.000000
      vertex 12.619048 35.212766 0.000000
      vertex 12.619048 35.212766 0.400000
    endloop
  endfacet
  facet normal 1.000000 0.000000 0.000000
    outer loop
      vertex 12.619048 33.617021 0.000000
      vertex 12.619048 35.212766 0.400000
      vertex 12.619048 33.617021 0.400000
    endloop
  endfacet
  facet normal 0.000000 0.000000 -1.000000
    outer loop
      vertex 18.015873 34.255319 0.000000
      vertex 20.238095 35.212766 0.000000
      vertex 20.238095 34.255319 0.000000
    endloop
  endfacet
  facet normal 0.000000 0.000000 -1.000000
    outer loop
      vertex 18.015873 34.255319 0.000000
      vertex 18.015873 35.212766 0.000000
      vertex 20.238095 35.212766 0.000000
    endloop
  endfacet
  facet normal 0.000000 0.000000 1.000000
    outer loop
      vertex 18.015873 34.255319 0.400000
      vertex 20.238095 34.255319 0.400000
      vertex 20.238095 35.212766 0.400000
    endloop
  endfacet
  facet normal 0.000000 0.000000 1.000000
    outer loop
      vertex 18.015873 34.255319 0.400000
      vertex 20.238095 35.212766 0.400000
      vertex 18.015873 35.212766 0.400000
    endloop
  endfacet
  facet normal 0.000000 -1.000000 0.000000
    outer loop
      vertex 18.015873 34.255319 0.000000
      vertex 20.238095 34.255319 0.000000
      vertex 20.238095 34.255319 0.400000
    endloop
  endfacet
  facet normal 0.000000 -1.000000 0.000000
    outer loop
      vertex 18.015873 34.255319 0.000000
      vertex 20.238095 34.255319 0.400000
      vertex 18.015873 34.255319 0.400000
    endloop
  endfacet
  facet normal 0.000000 1.000000 0.000000
    outer loop
      vertex 18.015873 35.212766 0.000000
      vertex 20.238095 35.212766 0.400000
      vertex 20.238095 35.212766 0.000000
    endloop
  endfacet
  facet normal 0.000000 1.000000 0.000000
    outer loop
      vertex 18.015873 35.212766 0.000000
      vertex 18.015873 35.212766 0.400000
      vertex 20.238095 35.212766 0.400000
    endloop
  endfacet
  facet normal -1.000000 0.000000 0.000000
    outer loop
      vertex 18.015873 34.255319 0.000000
      vertex 18.015873 34.255319 0.400000
      vertex 18.015873 35.212766 0.400000
    endloop
  endfacet
  facet normal -1.000000 0.000000 0.000000
    outer loop
      vertex 18.015873 34.255319 0.000000
      vertex 18.015873 35.212766 0.400000
      vertex 18.015873 35.212766 0.000000
    endloop
  endfacet
  facet normal 1.000000 0.000000 0.000000
    outer loop
      vertex 20.238095 34.255319 0.000000
      vertex 20.238095 35.212766 0.000000
      vertex 20.238095 35.212766 0.400000
    endloop
  endfacet
  facet normal 1.000000 0.000000 0.000000
    outer loop
      vertex 20.238095 34.255319 0.000000
      vertex 20.238095 35.212766 0.400000
      vertex 20.238095 34.255319 0.400000
    endloop
  endfacet
  facet normal 0.000000 0.000000 -1.000000
    outer loop
      vertex 23.095238 30.425532 0.000000
      vertex 23.412698 34.893617 0.000000
      vertex 23.412698 30.425532 0.000000
    endloop
  endfacet
  facet normal 0.000000 0.000000 -1.000000
    outer loop
      vertex 23.095238 30.425532 0.000000
      vertex 23.095238 34.893617 0.000000
      vertex 23.412698 34.893617 0.000000
    endloop
  endfacet
  facet normal 0.000000 0.000000 1.000000
    outer loop
      vertex 23.095238 30.425532 0.400000
      vertex 23.412698 30.425532 0.400000
      vertex 23.412698 34.893617 0.400000
    endloop
  endfacet
  facet normal 0.000000 0.000000 1.000000
    outer loop
      vertex 23.095238 30.425532 0.400000
      vertex 23.412698 34.893617 0.400000
      vertex 23.095238 34.893617 0.400000
    endloop
  endfacet
  facet normal 0.000000 -1.000000 0.000000
    outer loop
      vertex 23.095238 30.425532 0.000000
      vertex 23.412698 30.425532 0.000000
      vertex 23.412698 30.425532 0.400000
    endloop
  endfacet
  facet normal 0.000000 -1.000000 0.000000
    outer loop
      vertex 23.095238 30.425532 0.000000
      vertex 23.412698 30.425532 0.400000
      vertex 23.095238 30.425532 0.400000
    endloop
  endfacet
  facet normal 0.000000 1.000000 0.000000
    outer loop
      vertex 23.095238 34.893617 0.000000
      vertex 23.412698 34.893617 0.400000
      vertex 23.412698 34.893617 0.000000
    endloop
  endfacet
  facet normal 0.000000 1.000000 0.000000
    outer loop
      vertex 23.095238 34.893617 0.000000
      vertex 23.095238 34.893617 0.400000
      vertex 23.412698 34.893617 0.400000
    endloop
  endfacet
  facet normal -1.000000 0.000000 0.000000
    outer loop
      vertex 23.095238 30.425532 0.000000
      vertex 23.095238 30.425532 0.400000
      vertex 23.095238 34.893617 0.400000
    endloop
  endfacet
  facet normal -1.000000 0.000000 0.000000
    outer loop
      vertex 23.095238 30.425532 0.000000
      vertex 23.095238 34.893617 0.400000
      vertex 23.095238 34.893617 0.000000
    endloop
  endfacet
  facet normal 1.000000 0.000000 0.000000
    outer loop
      vertex 23.412698 30.425532 0.000000
      vertex 23.412698 34.893617 0.000000
      vertex 23.412698 34.893617 0.400000
    endloop
  endfacet
  facet normal 1.000000 0.000000 0.000000
    outer loop
      vertex 23.412698 30.425532 0.000000
      vertex 23.412698 34.893617 0.400000
      vertex 23.412698 30.425532 0.400000
    endloop
  endfacet
  facet normal 0.000000 0.000000 -1.000000
    outer loop
      vertex 27.222222 30.425532 0.000000
      vertex 27.539683 34.893617 0.000000
      vertex 27.539683 30.425532 0.000000
    endloop
  endfacet
  facet normal 0.000000 0.000000 -1.000000
    outer loop
      vertex 27.222222 30.425532 0.000000
      vertex 27.222222 34.893617 0.000000
      vertex 27.539683 34.893617 0.000000
    endloop
  endfacet
  facet normal 0.000000 0.000000 1.000000
    outer loop
      vertex 27.222222 30.425532 0.400000
      vertex 27.539683 30.425532 0.400000
      vertex 27.539683 34.893617 0.400000
    endloop
  endfacet
  facet normal 0.000000 0.000000 1.000000
    outer loop
      vertex 27.222222 30.425532 0.400000
      vertex 27.539683 34.893617 0.400000
      vertex 27.222222 34.893617 0.400000
    endloop
  endfacet
  facet normal 0.000000 -1.000000 0.000000
    outer loop
      vertex 27.222222 30.425532 0.000000
      vertex 27.539683 30.425532 0.000000
      vertex 27.539683 30.425532 0.400000
    endloop
  endfacet
  facet normal 0.000000 -1.000000 0.000000
    outer loop
      vertex 27.222222 30.425532 0.000000
      vertex 27.539683 30.425532 0.400000
      vertex 27.222222 30.425532 0.400000
    endloop
  endfacet
  facet normal 0.000000 1.000000 0.000000
    outer loop
      vertex 27.222222 34.893617 0.000000
      vertex 27.539683 34.893617 0.400000
      vertex 27.539683 34.893617 0.000000
    endloop
  endfacet
  facet normal 0.000000 1.000000 0.000000
    outer loop
      vertex 27.222222 34.893617 0.000000
      vertex 27.222222 34.893617 0.400000
      vertex 27.539683 34.893617 0.400000
    endloop
  endfacet
  facet normal -1.000000 0.000000 0.000000
    outer loop
      vertex 27.222222 30.425532 0.000000
      vertex 27.222222 30.425532 0.400000
      vertex 27.222222 34.893617 0.400000
    endloop
  endfacet
  facet normal -1.000000 0.000000 0.000000
    outer loop
      vertex 27.222222 30.425532 0.000000
      vertex 27.222222 34.893617 0.400000
      vertex 27.222222 34.893617 0.000000
    endloop
  endfacet
  facet normal 1.000000 0.000000 0.000000
    outer loop
      vertex 27.539683 30.425532 0.000000
      vertex 27.539683 34.893617 0.000000
      vertex 27.539683 34.893617 0.400000
    endloop
  endfacet
  facet normal 1.000000 0.000000 0.000000
    outer loop
      vertex 27.539683 30.425532 0.000000
      vertex 27.539683 34.893617 0.400000
      vertex 27.539683 30.425532 0.400000
    endloop
  endfacet
  facet normal 0.000000 0.000000 -1.000000
    outer loop
      vertex 30.396825 33.936170 0.000000
      vertex 34.841270 34.893617 0.000000
      vertex 34.841270 33.936170 0.000000
    endloop
  endfacet
  facet normal 0.000000 0.000000 -1.000000
    outer loop
      vertex 30.396825 33.936170 0.000000
      vertex 30.396825 34.893617 0.000000
      vertex 34.841270 34.893617 0.000000
    endloop
  endfacet
  facet normal 0.000000 0.000000 1.000000
    outer loop
      vertex 30.396825 33.936170 0.400000
      vertex 34.841270 33.936170 0.400000
      vertex 34.841270 34.893617 0.400000
    endloop
  endfacet
  facet normal 0.000000 0.000000 1.000000
    outer loop
      vertex 30.396825 33.936170 0.400000
      vertex 34.841270 34.893617 0.400000
      vertex 30.396825 34.893617 0.400000
    endloop
  endfacet
  facet normal 0.000000 -1.000000 0.000000
    outer loop
      vertex 30.396825 33.936170 0.000000
      vertex 34.841270 33.936170 0.000000
      vertex 34.841270 33.936170 0.400000
    endloop
  endfacet
  facet normal 0.000000 -1.000000 0.000000
    outer loop
      vertex 30.396825 33.936170 0.000000
      vertex 34.841270 33.936170 0.400000
      vertex 30.396825 33.936170 0.400000
    endloop
  endfacet
  facet normal 0.000000 1.000000 0.000000
    outer loop
      vertex 30.396825 34.893617 0.000000
      vertex 34.841270 34.893617 0.400000
      vertex 34.841270 34.893617 0.000000
    endloop
  endfacet
  facet normal 0.000000 1.000000 0.000000
    outer loop
      vertex 30.396825 34.893617 0.000000
      vertex 30.396825 34.893617 0.400000
      vertex 34.841270 34.893617 0.400000
    endloop
  endfacet
  facet normal -1.000000 0.000000 0.000000
    outer loop
      vertex 30.396825 33.936170 0.000000
      vertex 30.396825 33.936170 0.400000
      vertex 30.396825 34.893617 0.400000
    endloop
  endfacet
  facet normal -1.000000 0.000000 0.000000
    outer loop
      vertex 30.396825 33.936170 0.000000
      vertex 30.396825 34.893617 0.400000
      vertex 30.396825 34.893617 0.000000
    endloop
  endfacet
  facet normal 1.000000 0.000000 0.000000
    outer loop
      vertex 34.841270 33.936170 0.000000
      vertex 34.841270 34.893617 0.000000
      vertex 34.841270 34.893617 0.400000
    endloop
  endfacet
  facet normal 1.000000 0.000000 0.000000
    outer loop
      vertex 34.841270 33.936170 0.000000
      vertex 34.841270 34.893617 0.400000
      vertex 34.841270 33.936170 0.400000
    endloop
  endfacet
  facet normal 0.000000 0.000000 -1.000000
    outer loop
      vertex 18.015873 18.617021 0.000000
      vertex 19.920635 34.255319 0.000000
      vertex 19.920635 18.617021 0.000000
    endloop
  endfacet
  facet normal 0.000000 0.000000 -1.000000
    outer loop
      vertex 18.015873 18.617021 0.000000
      vertex 18.015873 34.255319 0.000000
      vertex 19.920635 34.255319 0.000000
    endloop
  endfacet
  facet normal 0.000000 0.000000 1.000000
    outer loop
      vertex 18.015873 18.617021 0.400000
      vertex 19.920635 18.617021 0.400000
      vertex 19.920635 34.255319 0.400000
    endloop
  endfacet
  facet normal 0.000000 0.000000 1.000000
    outer loop
      vertex 18.015873 18.617021 0.400000
      vertex 19.920635 34.255319 0.400000
      vertex 18.015873 34.255319 0.400000
    endloop
  endfacet
  facet normal 0.000000 -1.000000 0.000000
    outer loop
      vertex 18.015873 18.617021 0.000000
      vertex 19.920635 18.617021 0.000000
      vertex 19.920635 18.617021 0.400000
    endloop
  endfacet
  facet normal 0.000000 -1.000000 0.000000
    outer loop
      vertex 18.015873 18.617021 0.000000
      vertex 19.920635 18.617021 0.400000
      vertex 18.015873 18.617021 0.400000
    endloop
  endfacet
  facet normal 0.000000 1.000000 0.000000
    outer loop
      vertex 18.015873 34.255319 0.000000
      vertex 19.920635 34.255319 0.400000
      vertex 19.920635 34.255319 0.000000
    endloop
  endfacet
  facet normal 0.000000 1.000000 0.000000
    outer loop
      vertex 18.015873 34.255319 0.000000
      vertex 18.015873 34.255319 0.400000
      vertex 19.920635 34.255319 0.400000
    endloop
  endfacet
  facet normal -1.000000 0.000000 0.000000
    outer loop
      vertex 18.015873 18.617021 0.000000
      vertex 18.015873 18.617021 0.400000
      vertex 18.015873 34.255319 0.400000
    endloop
  endfacet
  facet normal -1.000000 0.000000 0.000000
    outer loop
      vertex 18.015873 18.617021 0.000000
      vertex 18.015873 34.255319 0.400000
      vertex 18.015873 34.255319 0.000000
    endloop
  endfacet
  facet normal 1.000000 0.000000 0.000000
    outer loop
      vertex 19.920635 18.617021 0.000000
      vertex 19.920635 34.255319 0.000000
      vertex 19.920635 34.255319 0.400000
    endloop
  endfacet
  facet normal 1.000000 0.000000 0.000000
    outer loop
      vertex 19.920635 18.617021 0.000000
      vertex 19.920635 34.255319 0.400000
      vertex 19.920635 18.617021 0.400000
    endloop
  endfacet
  facet normal 0.000000 0.000000 -1.000000
    outer loop
      vertex 22.777778 31.063830 0.000000
      vertex 23.095238 34.255319 0.000000
      vertex 23.095238 31.063830 0.000000
    endloop
  endfacet
  facet normal 0.000000 0.000000 -1.000000
    outer loop
      vertex 22.777778 31.063830 0.000000
      vertex 22.777778 34.255319 0.000000
      vertex 23.095238 34.255319 0.000000
    endloop
  endfacet
  facet normal 0.000000 0.000000 1.000000
    outer loop
      vertex 22.777778 31.063830 0.400000
      vertex 23.095238 31.063830 0.400000
      vertex 23.095238 34.255319 0.400000
    endloop
  endfacet
  facet normal 0.000000 0.000000 1.000000
    outer loop
      vertex 22.777778 31.063830 0.400000
      vertex 23.095238 34.255319 0.400000
      vertex 22.777778 34.255319 0.400000
    endloop
  endfacet
  facet normal 0.000000 -1.000000 0.000000
    outer loop
      vertex 22.777778 31.063830 0.000000
      vertex 23.095238 31.063830 0.000000
      vertex 23.095238 31.063830 0.400000
    endloop
  endfacet
  facet normal 0.000000 -1.000000 0.000000
    outer loop
      vertex 22.777778 31.063830 0.000000
      vertex 23.095238 31.063830 0.400000
      vertex 22.777778 31.063830 0.400000
    endloop
  endfacet
  facet normal 0.000000 1.000000 0.000000
    outer loop
      vertex 22.777778 34.255319 0.000000
      vertex 23.095238 34.255319 0.400000
      vertex 23.095238 34.255319 0.000000
    endloop
  endfacet
  facet normal 0.000000 1.000000 0.000000
    outer loop
      vertex 22.777778 34.255319 0.000000
      vertex 22.777778 34.255319 0.400000
      vertex 23.095238 34.255319 0.400000
    endloop
  endfacet
  facet normal -1.000000 0.000000 0.000000
    outer loop
      vertex 22.777778 31.063830 0.000000
      vertex 22.777778 31.063830 0.400000
      vertex 22.777778 34.255319 0.400000
    endloop
  endfacet
  facet normal -1.000000 0.000000 0.000000
    outer loop
      vertex 22.777778 31.063830 0.000000
      vertex 22.777778 34.255319 0.400000
      vertex 22.777778 34.255319 0.000000
    endloop
  endfacet
  facet normal 1.000000 0.000000 0.000000
    outer loop
      vertex 23.095238 31.063830 0.000000
      vertex 23.095238 34.255319 0.000000
      vertex 23.095238 34.255319 0.400000
    endloop
  endfacet
  facet normal 1.000000 0.000000 0.000000
    outer loop
      vertex 23.095238 31.063830 0.000000
      vertex 23.095238 34.255319 0.400000
      vertex 23.095238 31.063830 0.400000
    endloop
  endfacet
  facet normal 0.000000 0.000000 -1.000000
    outer loop
      vertex 27.539683 31.063830 0.000000
      vertex 27.857143 33.936170 0.000000
      vertex 27.857143 31.063830 0.000000
    endloop
  endfacet
  facet normal 0.000000 0.000000 -1.000000
    outer loop
      vertex 27.539683 31.063830 0.000000
      vertex 27.539683 33.936170 0.000000
      vertex 27.857143 33.936170 0.000000
    endloop
  endfacet
  facet normal 0.000000 0.000000 1.000000
    outer loop
      vertex 27.539683 31.063830 0.400000
      vertex 27.857143 31.063830 0.400000
      vertex 27.857143 33.936170 0.400000
    endloop
  endfacet
  facet normal 0.000000 0.000000 1.000000
    outer loop
      vertex 27.539683 31.063830 0.400000
      vertex 27.857143 33.936170 0.400000
      vertex 27.539683 33.936170 0.400000
    endloop
  endfacet
  facet normal 0.000000 -1.000000 0.000000
    outer loop
      vertex 27.539683 31.063830 0.000000
      vertex 27.857143 31.063830 0.000000
      vertex 27.857143 31.063830 0.400000
    endloop
  endfacet
  facet normal 0.000000 -1.000000 0.000000
    outer loop
      vertex 27.539683 31.063830 0.000000
      vertex 27.857143 31.063830 0.400000
      vertex 27.539683 31.063830 0.400000
    endloop
  endfacet
  facet normal 0.000000 1.000000 0.000000
    outer loop
      vertex 27.539683 33.936170 0.000000
      vertex 27.857143 33.936170 0.400000
      vertex 27.857143 33.936170 0.000000
    endloop
  endfacet
  facet normal 0.000000 1.000000 0.000000
    outer loop
      vertex 27.539683 33.936170 0.000000
      vertex 27.539683 33.936170 0.400000
      vertex 27.857143 33.936170 0.400000
    endloop
  endfacet
  facet normal -1.000000 0.000000 0.000000
    outer loop
      vertex 27.539683 31.063830 0.000000
      vertex 27.539683 31.063830 0.400000
      vertex 27.539683 33.936170 0.400000
    endloop
  endfacet
  facet normal -1.000000 0.000000 0.000000
    outer loop
      vertex 27.539683 31.063830 0.000000
      vertex 27.539683 33.936170 0.400000
      vertex 27.539683 33.936170 0.000000
    endloop
  endfacet
  facet normal 1.000000 0.000000 0.000000
    outer loop
      vertex 27.857143 31.063830 0.000000
      vertex 27.857143 33.936170 0.000000
      vertex 27.857143 33.936170 0.400000
    endloop
  endfacet
  facet normal 1.000000 0.000000 0.000000
    outer loop
      vertex 27.857143 31.063830 0.000000
      vertex 27.857143 33.936170 0.400000
      vertex 27.857143 31.063830 0.400000
    endloop
  endfacet
  facet normal 0.000000 0.000000 -1.000000
    outer loop
      vertex 30.714286 23.085106 0.000000
      vertex 34.841270 33.936170 0.000000
      vertex 34.841270 23.085106 0.000000
    endloop
  endfacet
  facet normal 0.000000 0.000000 -1.000000
    outer loop
      vertex 30.714286 23.085106 0.000000
      vertex 30.714286 33.936170 0.000000
      vertex 34.841270 33.936170 0.000000
    endloop
  endfacet
  facet normal 0.000000 0.000000 1.000000
    outer loop
      vertex 30.714286 23.085106 0.400000
      vertex 34.841270 23.085106 0.400000
      vertex 34.841270 33.936170 0.400000
    endloop
  endfacet
  facet normal 0.000000 0.000000 1.000000
    outer loop
      vertex 30.714286 23.085106 0.400000
      vertex 34.841270 33.936170 0.400000
      vertex 30.714286 33.936170 0.400000
    endloop
  endfacet
  facet normal 0.000000 -1.000000 0.000000
    outer loop
      vertex 30.714286 23.085106 0.000000
      vertex 34.841270 23.085106 0.000000
      vertex 34.841270 23.085106 0.400000
    endloop
  endfacet
  facet normal 0.000000 -1.000000 0.000000
    outer loop
      vertex 30.714286 23.085106 0.000000
      vertex 34.841270 23.085106 0.400000
      vertex 30.714286 23.085106 0.400000
    endloop
  endfacet
  facet normal 0.000000 1.000000 0.000000
    outer loop
      vertex 30.714286 33.936170 0.000000
      vertex 34.841270 33.936170 0.400000
      vertex 34.841270 33.936170 0.000000
    endloop
  endfacet
  facet normal 0.000000 1.000000 0.000000
    outer loop
      vertex 30.714286 33.936170 0.000000
      vertex 30.714286 33.936170 0.400000
      vertex 34.841270 33.936170 0.400000
    endloop
  endfacet
  facet normal -1.000000 0.000000 0.000000
    outer loop
      vertex 30.714286 23.085106 0.000000
      vertex 30.714286 23.085106 0.400000
      vertex 30.714286 33.936170 0.400000
    endloop
  endfacet
  facet normal -1.000000 0.000000 0.000000
    outer loop
      vertex 30.714286 23.085106 0.000000
      vertex 30.714286 33.936170 0.400000
      vertex 30.714286 33.936170 0.000000
    endloop
  endfacet
  facet normal 1.000000 0.000000 0.000000
    outer loop
      vertex 34.841270 23.085106 0.000000
      vertex 34.841270 33.936170 0.000000
      vertex 34.841270 33.936170 0.400000
    endloop
  endfacet
  facet normal 1.000000 0.000000 0.000000
    outer loop
      vertex 34.841270 23.085106 0.000000
      vertex 34.841270 33.936170 0.400000
      vertex 34.841270 23.085106 0.400000
    endloop
  endfacet
  facet normal 0.000000 0.000000 -1.000000
    outer loop
      vertex 9.444444 10.000000 0.000000
      vertex 9.761905 33.297872 0.000000
      vertex 9.761905 10.000000 0.000000
    endloop
  endfacet
  facet normal 0.000000 0.000000 -1.000000
    outer loop
      vertex 9.444444 10.000000 0.000000
      vertex 9.444444 33.297872 0.000000
      vertex 9.761905 33.297872 0.000000
    endloop
  endfacet
  facet normal 0.000000 0.000000 1.000000
    outer loop
      vertex 9.444444 10.000000 0.400000
      vertex 9.761905 10.000000 0.400000
      vertex 9.761905 33.297872 0.400000
    endloop
  endfacet
  facet normal 0.000000 0.000000 1.000000
    outer loop
      vertex 9.444444 10.000000 0.400000
      vertex 9.761905 33.297872 0.400000
      vertex 9.444444 33.297872 0.400000
    endloop
  endfacet
  facet normal 0.000000 -1.000000 0.000000
    outer loop
      vertex 9.444444 10.000000 0.000000
      vertex 9.761905 10.000000 0.000000
      vertex 9.761905 10.000000 0.400000
    endloop
  endfacet
  facet normal 0.000000 -1.000000 0.000000
    outer loop
      vertex 9.444444 10.000000 0.000000
      vertex 9.761905 10.000000 0.400000
      vertex 9.444444 10.000000 0.400000
    endloop
  endfacet
  facet normal 0.000000 1.000000 0.000000
    outer loop
      vertex 9.444444 33.297872 0.000000
      vertex 9.761905 33.297872 0.400000
      vertex 9.761905 33.297872 0.000000
    endloop
  endfacet
  facet normal 0.000000 1.000000 0.000000
    outer loop
      vertex 9.444444 33.297872 0.000000
      vertex 9.444444 33.297872 0.400000
      vertex 9.761905 33.297872 0.400000
    endloop
  endfacet
  facet normal -1.000000 0.000000 0.000000
    outer loop
      vertex 9.444444 10.000000 0.000000
      vertex 9.444444 10.000000 0.400000
      vertex 9.444444 33.297872 0.400000
    endloop
  endfacet
  facet normal -1.000000 0.000000 0.000000
    outer loop
      vertex 9.444444 10.000000 0.000000
      vertex 9.444444 33.297872 0.400000
      vertex 9.444444 33.297872 0.000000
    endloop
  endfacet
  facet normal 1.000000 0.000000 0.000000
    outer loop
      vertex 9.761905 10.000000 0.000000
      vertex 9.761905 33.297872 0.000000
      vertex 9.761905 33.297872 0.400000
    endloop
  endfacet
  facet normal 1.000000 0.000000 0.000000
    outer loop
      vertex 9.761905 10.000000 0.000000
      vertex 9.761905 33.297872 0.400000
      vertex 9.761905 10.000000 0.400000
    endloop
  endfacet
  facet normal 0.000000 0.000000 -1.000000
    outer loop
      vertex 9.761905 10.000000 0.000000
      vertex 10.079365 32.659574 0.000000
      vertex 10.079365 10.000000 0.000000
    endloop
  endfacet
  facet normal 0.000000 0.000000 -1.000000
    outer loop
      vertex 9.761905 10.000000 0.000000
      vertex 9.761905 32.659574 0.000000
      vertex 10.079365 32.659574 0.000000
    endloop
  endfacet
  facet normal 0.000000 0.000000 1.000000
    outer loop
      vertex 9.761905 10.000000 0.400000
      vertex 10.079365 10.000000 0.400000
      vertex 10.079365 32.659574 0.400000
    endloop
  endfacet
  facet normal 0.000000 0.000000 1.000000
    outer loop
      vertex 9.761905 10.000000 0.400000
      vertex 10.079365 32.659574 0.400000
      vertex 9.761905 32.659574 0.400000
    endloop
  endfacet
  facet normal 0.000000 -1.000000 0.000000
    outer loop
      vertex 9.761905 10.000000 0.000000
      vertex 10.079365 10.000000 0.000000
      vertex 10.079365 10.000000 0.400000
    endloop
  endfacet
  facet normal 0.000000 -1.000000 0.000000
    outer loop
      vertex 9.761905 10.000000 0.000000
      vertex 10.079365 10.000000 0.400000
      vertex 9.761905 10.000000 0.400000
    endloop
  endfacet
  facet normal 0.000000 1.000000 0.000000
    outer loop
      vertex 9.761905 32.659574 0.000000
      vertex 10.079365 32.659574 0.400000
      vertex 10.079365 32.659574 0.000000
    endloop
  endfacet
  facet normal 0.000000 1.000000 0.000000
    outer loop
      vertex 9.761905 32.659574 0.000000
      vertex 9.761905 32.659574 0.400000
      vertex 10.079365 32.659574 0.400000
    endloop
  endfacet
  facet normal -1.000000 0.000000 0.000000
    outer loop
      vertex 9.761905 10.000000 0.000000
      vertex 9.761905 10.000000 0.400000
      vertex 9.761905 32.659574 0.400000
    endloop
  endfacet
  facet normal -1.000000 0.000000 0.000000
    outer loop
      vertex 9.761905 10.000000 0.000000
      vertex 9.761905 32.659574 0.400000
      vertex 9.761905 32.659574 0.000000
    endloop
  endfacet
  facet normal 1.000000 0.000000 0.000000
    outer loop
      vertex 10.079365 10.000000 0.000000
      vertex 10.079365 32.659574 0.000000
      vertex 10.079365 32.659574 0.400000
    endloop
  endfacet
  facet normal 1.000000 0.000000 0.000000
    outer loop
      vertex 10.079365 10.000000 0.000000
      vertex 10.079365 32.659574 0.400000
      vertex 10.079365 10.000000 0.400000
    endloop
  endfacet
  facet normal 0.000000 0.000000 -1.000000
    outer loop
      vertex 10.079365 10.000000 0.000000
      vertex 10.714286 32.021277 0.000000
      vertex 10.714286 10.000000 0.000000
    endloop
  endfacet
  facet normal 0.000000 0.000000 -1.000000
    outer loop
      vertex 10.079365 10.000000 0.000000
      vertex 10.079365 32.021277 0.000000
      vertex 10.714286 32.021277 0.000000
    endloop
  endfacet
  facet normal 0.000000 0.000000 1.000000
    outer loop
      vertex 10.079365 10.000000 0.400000
      vertex 10.714286 10.000000 0.400000
      vertex 10.714286 32.021277 0.400000
    endloop
  endfacet
  facet normal 0.000000 0.000000 1.000000
    outer loop
      vertex 10.079365 10.000000 0.400000
      vertex 10.714286 32.021277 0.400000
      vertex 10.079365 32.021277 0.400000
    endloop
  endfacet
  facet normal 0.000000 -1.000000 0.000000
    outer loop
      vertex 10.079365 10.000000 0.000000
      vertex 10.714286 10.000000 0.000000
      vertex 10.714286 10.000000 0.400000
    endloop
  endfacet
  facet normal 0.000000 -1.000000 0.000000
    outer loop
      vertex 10.079365 10.000000 0.000000
      vertex 10.714286 10.000000 0.400000
      vertex 10.079365 10.000000 0.400000
    endloop
  endfacet
  facet normal 0.000000 1.000000 0.000000
    outer loop
      vertex 10.079365 32.021277 0.000000
      vertex 10.714286 32.021277 0.400000
      vertex 10.714286 32.021277 0.000000
    endloop
  endfacet
  facet normal 0.000000 1.000000 0.000000
    outer loop
      vertex 10.079365 32.021277 0.000000
      vertex 10.079365 32.021277 0.400000
      vertex 10.714286 32.021277 0.400000
    endloop
  endfacet
  facet normal -1.000000 0.000000 0.000000
    outer loop
      vertex 10.079365 10.000000 0.000000
      vertex 10.079365 10.000000 0.400000
      vertex 10.079365 32.021277 0.400000
    endloop
  endfacet
  facet normal -1.000000 0.000000 0.000000
    outer loop
      vertex 10.079365 10.000000 0.000000
      vertex 10.079365 32.021277 0.400000
      vertex 10.079365 32.021277 0.000000
    endloop
  endfacet
  facet normal 1.000000 0.000000 0.000000
    outer loop
      vertex 10.714286 10.000000 0.000000
      vertex 10.714286 32.021277 0.000000
      vertex 10.714286 32.021277 0.400000
    endloop
  endfacet
  facet normal 1.000000 0.000000 0.000000
    outer loop
      vertex 10.714286 10.000000 0.000000
      vertex 10.714286 32.021277 0.400000
      vertex 10.714286 10.000000 0.400000
    endloop
  endfacet
  facet normal 0.000000 0.000000 -1.000000
    outer loop
      vertex 10.714286 10.000000 0.000000
      vertex 11.031746 31.702128 0.000000
      vertex 11.031746 10.000000 0.000000
    endloop
  endfacet
  facet normal 0.000000 0.000000 -1.000000
    outer loop
      vertex 10.714286 10.000000 0.000000
      vertex 10.714286 31.702128 0.000000
      vertex 11.031746 31.702128 0.000000
    endloop
  endfacet
  facet normal 0.000000 0.000000 1.000000
    outer loop
      vertex 10.714286 10.000000 0.400000
      vertex 11.031746 10.000000 0.400000
      vertex 11.031746 31.702128 0.400000
    endloop
  endfacet
  facet normal 0.000000 0.000000 1.000000
    outer loop
      vertex 10.714286 10.000000 0.400000
      vertex 11.031746 31.702128 0.400000
      vertex 10.714286 31.702128 0.400000
    endloop
  endfacet
  facet normal 0.000000 -1.000000 0.000000
    outer loop
      vertex 10.714286 10.000000 0.000000
      vertex 11.031746 10.000000 0.000000
      vertex 11.031746 10.000000 0.400000
    endloop
  endfacet
  facet normal 0.000000 -1.000000 0.000000
    outer loop
      vertex 10.714286 10.000000 0.000000
      vertex 11.031746 10.000000 0.400000
      vertex 10.714286 10.000000 0.400000
    endloop
  endfacet
  facet normal 0.000000 1.000000 0.000000
    outer loop
      vertex 10.714286 31.702128 0.000000
      vertex 11.031746 31.702128 0.400000
      vertex 11.031746 31.702128 0.000000
    endloop
  endfacet
  facet normal 0.000000 1.000000 0.000000
    outer loop
      vertex 10.714286 31.702128 0.000000
      vertex 10.714286 31.702128 0.400000
      vertex 11.031746 31.702128 0.400000
    endloop
  endfacet
  facet normal -1.000000 0.000000 0.000000
    outer loop
      vertex 10.714286 10.000000 0.000000
      vertex 10.714286 10.000000 0.400000
      vertex 10.714286 31.702128 0.400000
    endloop
  endfacet
  facet normal -1.000000 0.000000 0.000000
    outer loop
      vertex 10.714286 10.000000 0.000000
      vertex 10.714286 31.702128 0.400000
      vertex 10.714286 31.702128 0.000000
    endloop
  endfacet
  facet normal 1.000000 0.000000 0.000000
    outer loop
      vertex 11.031746 10.000000 0.000000
      vertex 11.031746 31.702128 0.000000
      vertex 11.031746 31.702128 0.400000
    endloop
  endfacet
  facet normal 1.000000 0.000000 0.000000
    outer loop
      vertex 11.031746 10.000000 0.000000
      vertex 11.031746 31.702128 0.400000
      vertex 11.031746 10.000000 0.400000
    endloop
  endfacet
  facet normal 0.000000 0.000000 -1.000000
    outer loop
      vertex 11.031746 19.893617 0.000000
      vertex 11.984127 31.382979 0.000000
      vertex 11.984127 19.893617 0.000000
    endloop
  endfacet
  facet normal 0.000000 0.000000 -1.000000
    outer loop
      vertex 11.031746 19.893617 0.000000
      vertex 11.031746 31.382979 0.000000
      vertex 11.984127 31.382979 0.000000
    endloop
  endfacet
  facet normal 0.000000 0.000000 1.000000
    outer loop
      vertex 11.031746 19.893617 0.400000
      vertex 11.984127 19.893617 0.400000
      vertex 11.984127 31.382979 0.400000
    endloop
  endfacet
  facet normal 0.000000 0.000000 1.000000
    outer loop
      vertex 11.031746 19.893617 0.400000
      vertex 11.984127 31.382979 0.400000
      vertex 11.031746 31.382979 0.400000
    endloop
  endfacet
  facet normal 0.000000 -1.000000 0.000000
    outer loop
      vertex 11.031746 19.893617 0.000000
      vertex 11.984127 19.893617 0.000000
      vertex 11.984127 19.893617 0.400000
    endloop
  endfacet
  facet normal 0.000000 -1.000000 0.000000
    outer loop
      vertex 11.031746 19.893617 0.000000
      vertex 11.984127 19.893617 0.400000
      vertex 11.031746 19.893617 0.400000
    endloop
  endfacet
  facet normal 0.000000 1.000000 0.000000
    outer loop
      vertex 11.031746 31.382979 0.000000
      vertex 11.984127 31.382979 0.400000
      vertex 11.984127 31.382979 0.000000
    endloop
  endfacet
  facet normal 0.000000 1.000000 0.000000
    outer loop
      vertex 11.031746 31.382979 0.000000
      vertex 11.031746 31.382979 0.400000
      vertex 11.984127 31.382979 0.400000
    endloop
  endfacet
  facet normal -1.000000 0.000000 0.000000
    outer loop
      vertex 11.031746 19.893617 0.000000
      vertex 11.031746 19.893617 0.400000
      vertex 11.031746 31.382979 0.400000
    endloop
  endfacet
  facet normal -1.000000 0.000000 0.000000
    outer loop
      vertex 11.031746 19.893617 0.000000
      vertex 11.031746 31.382979 0.400000
      vertex 11.031746 31.382979 0.000000
    endloop
  endfacet
  facet normal 1.000000 0.000000 0.000000
    outer loop
      vertex 11.984127 19.893617 0.000000
      vertex 11.984127 31.382979 0.000000
      vertex 11.984127 31.382979 0.400000
    endloop
  endfacet
  facet normal 1.000000 0.000000 0.000000
    outer loop
      vertex 11.984127 19.893617 0.000000
      vertex 11.984127 31.382979 0.400000
      vertex 11.984127 19.893617 0.400000
    endloop
  endfacet
  facet normal 0.000000 0.000000 -1.000000
    outer loop
      vertex 30.396825 17.659574 0.000000
      vertex 30.714286 31.382979 0.000000
      vertex 30.714286 17.659574 0.000000
    endloop
  endfacet
  facet normal 0.000000 0.000000 -1.000000
    outer loop
      vertex 30.396825 17.659574 0.000000
      vertex 30.396825 31.382979 0.000000
      vertex 30.714286 31.382979 0.000000
    endloop
  endfacet
  facet normal 0.000000 0.000000 1.000000
    outer loop
      vertex 30.396825 17.659574 0.400000
      vertex 30.714286 17.659574 0.400000
      vertex 30.714286 31.382979 0.400000
    endloop
  endfacet
  facet normal 0.000000 0.000000 1.000000
    outer loop
      vertex 30.396825 17.659574 0.400000
      vertex 30.714286 31.382979 0.400000
      vertex 30.396825 31.382979 0.400000
    endloop
  endfacet
  facet normal 0.000000 -1.000000 0.000000
    outer loop
      vertex 30.396825 17.659574 0.000000
      vertex 30.714286 17.659574 0.000000
      vertex 30.714286 17.659574 0.400000
    endloop
  endfacet
  facet normal 0.000000 -1.000000 0.000000
    outer loop
      vertex 30.396825 17.659574 0.000000
      vertex 30.714286 17.659574 0.400000
      vertex 30.396825 17.659574 0.400000
    endloop
  endfacet
  facet normal 0.000000 1.000000 0.000000
    outer loop
      vertex 30.396825 31.382979 0.000000
      vertex 30.714286 31.382979 0.400000
      vertex 30.714286 31.382979 0.000000
    endloop
  endfacet
  facet normal 0.000000 1.000000 0.000000
    outer loop
      vertex 30.396825 31.382979 0.000000
      vertex 30.396825 31.382979 0.400000
      vertex 30.714286 31.382979 0.400000
    endloop
  endfacet
  facet normal -1.000000 0.000000 0.000000
    outer loop
      vertex 30.396825 17.659574 0.000000
      vertex 30.396825 17.659574 0.400000
      vertex 30.396825 31.382979 0.400000
    endloop
  endfacet
  facet normal -1.000000 0.000000 0.000000
    outer loop
      vertex 30.396825 17.659574 0.000000
      vertex 30.396825 31.382979 0.400000
      vertex 30.396825 31.382979 0.000000
    endloop
  endfacet
  facet normal 1.000000 0.000000 0.000000
    outer loop
      vertex 30.714286 17.659574 0.000000
      vertex 30.714286 31.382979 0.000000
      vertex 30.714286 31.382979 0.400000
    endloop
  endfacet
  facet normal 1.000000 0.000000 0.000000
    outer loop
      vertex 30.714286 17.659574 0.000000
      vertex 30.714286 31.382979 0.400000
      vertex 30.714286 17.659574 0.400000
    endloop
  endfacet
  facet normal 0.000000 0.000000 -1.000000
    outer loop
      vertex 11.984127 20.531915 0.000000
      vertex 15.158730 31.063830 0.000000
      vertex 15.158730 20.531915 0.000000
    endloop
  endfacet
  facet normal 0.000000 0.000000 -1.000000
    outer loop
      vertex 11.984127 20.531915 0.000000
      vertex 11.984127 31.063830 0.000000
      vertex 15.158730 31.063830 0.000000
    endloop
  endfacet
  facet normal 0.000000 0.000000 1.000000
    outer loop
      vertex 11.984127 20.531915 0.400000
      vertex 15.158730 20.531915 0.400000
      vertex 15.158730 31.063830 0.400000
    endloop
  endfacet
  facet normal 0.000000 0.000000 1.000000
    outer loop
      vertex 11.984127 20.531915 0.400000
      vertex 15.158730 31.063830 0.400000
      vertex 11.984127 31.063830 0.400000
    endloop
  endfacet
  facet normal 0.000000 -1.000000 0.000000
    outer loop
      vertex 11.984127 20.531915 0.000000
      vertex 15.158730 20.531915 0.000000
      vertex 15.158730 20.531915 0.400000
    endloop
  endfacet
  facet normal 0.000000 -1.000000 0.000000
    outer loop
      vertex 11.984127 20.531915 0.000000
      vertex 15.158730 20.531915 0.400000
      vertex 11.984127 20.531915 0.400000
    endloop
  endfacet
  facet normal 0.000000 1.000000 0.000000
    outer loop
      vertex 11.984127 31.063830 0.000000
      vertex 15.158730 31.063830 0.400000
      vertex 15.158730 31.063830 0.000000
    endloop
  endfacet
  facet normal 0.000000 1.000000 0.000000
    outer loop
      vertex 11.984127 31.063830 0.000000
      vertex 11.984127 31.063830 0.400000
      vertex 15.158730 31.063830 0.400000
    endloop
  endfacet
  facet normal -1.000000 0.000000 0.000000
    outer loop
      vertex 11.984127 20.531915 0.000000
      vertex 11.984127 20.531915 0.400000
      vertex 11.984127 31.063830 0.400000
    endloop
  endfacet
  facet normal -1.000000 0.000000 0.000000
    outer loop
      vertex 11.984127 20.531915 0.000000
      vertex 11.984127 31.063830 0.400000
      vertex 11.984127 31.063830 0.000000
    endloop
  endfacet
  facet normal 1.000000 0.000000 0.000000
    outer loop
      vertex 15.158730 20.531915 0.000000
      vertex 15.158730 31.063830 0.000000
      vertex 15.158730 31.063830 0.400000
    endloop
  endfacet
  facet normal 1.000000 0.000000 0.000000
    outer loop
      vertex 15.158730 20.531915 0.000000
      vertex 15.158730 31.063830 0.400000
      vertex 15.158730 20.531915 0.400000
    endloop
  endfacet
  facet normal 0.000000 0.000000 -1.000000
    outer loop
      vertex 19.920635 10.000000 0.000000
      vertex 20.238095 31.063830 0.000000
      vertex 20.238095 10.000000 0.000000
    endloop
  endfacet
  facet normal 0.000000 0.000000 -1.000000
    outer loop
      vertex 19.920635 10.000000 0.000000
      vertex 19.920635 31.063830 0.000000
      vertex 20.238095 31.063830 0.000000
    endloop
  endfacet
  facet normal 0.000000 0.000000 1.000000
    outer loop
      vertex 19.920635 10.000000 0.400000
      vertex 20.238095 10.000000 0.400000
      vertex 20.238095 31.063830 0.400000
    endloop
  endfacet
  facet normal 0.000000 0.000000 1.000000
    outer loop
      vertex 19.920635 10.000000 0.400000
      vertex 20.238095 31.063830 0.400000
      vertex 19.920635 31.063830 0.400000
    endloop
  endfacet
  facet normal 0.000000 -1.000000 0.000000
    outer loop
      vertex 19.920635 10.000000 0.000000
      vertex 20.238095 10.000000 0.000000
      vertex 20.238095 10.000000 0.400000
    endloop
  endfacet
  facet normal 0.000000 -1.000000 0.000000
    outer loop
      vertex 19.920635 10.000000 0.000000
      vertex 20.238095 10.000000 0.400000
      vertex 19.920635 10.000000 0.400000
    endloop
  endfacet
  facet normal 0.000000 1.000000 0.000000
    outer loop
      vertex 19.920635 31.063830 0.000000
      vertex 20.238095 31.063830 0.400000
      vertex 20.238095 31.063830 0.000000
    endloop
  endfacet
  facet normal 0.000000 1.000000 0.000000
    outer loop
      vertex 19.920635 31.063830 0.000000
      vertex 19.920635 31.063830 0.400000
      vertex 20.238095 31.063830 0.400000
    endloop
  endfacet
  facet normal -1.000000 0.000000 0.000000
    outer loop
      vertex 19.920635 10.000000 0.000000
      vertex 19.920635 10.000000 0.400000
      vertex 19.920635 31.063830 0.400000
    endloop
  endfacet
  facet normal -1.000000 0.000000 0.000000
    outer loop
      vertex 19.920635 10.000000 0.000000
      vertex 19.920635 31.063830 0.400000
      vertex 19.920635 31.063830 0.000000
    endloop
  endfacet
  facet normal 1.000000 0.000000 0.000000
    outer loop
      vertex 20.238095 10.000000 0.000000
      vertex 20.238095 31.063830 0.000000
      vertex 20.238095 31.063830 0.400000
    endloop
  endfacet
  facet normal 1.000000 0.000000 0.000000
    outer loop
      vertex 20.238095 10.000000 0.000000
      vertex 20.238095 31.063830 0.400000
      vertex 20.238095 10.000000 0.400000
    endloop
  endfacet
  facet normal 0.000000 0.000000 -1.000000
    outer loop
      vertex 30.079365 16.702128 0.000000
      vertex 30.396825 30.425532 0.000000
      vertex 30.396825 16.702128 0.000000
    endloop
  endfacet
  facet normal 0.000000 0.000000 -1.000000
    outer loop
      vertex 30.079365 16.702128 0.000000
      vertex 30.079365 30.425532 0.000000
      vertex 30.396825 30.425532 0.000000
    endloop
  endfacet
  facet normal 0.000000 0.000000 1.000000
    outer loop
      vertex 30.079365 16.702128 0.400000
      vertex 30.396825 16.702128 0.400000
      vertex 30.396825 30.425532 0.400000
    endloop
  endfacet
  facet normal 0.000000 0.000000 1.000000
    outer loop
      vertex 30.079365 16.702128 0.400000
      vertex 30.396825 30.425532 0.400000
      vertex 30.079365 30.425532 0.400000
    endloop
  endfacet
  facet normal 0.000000 -1.000000 0.000000
    outer loop
      vertex 30.079365 16.702128 0.000000
      vertex 30.396825 16.702128 0.000000
      vertex 30.396825 16.702128 0.400000
    endloop
  endfacet
  facet normal 0.000000 -1.000000 0.000000
    outer loop
      vertex 30.079365 16.702128 0.000000
      vertex 30.396825 16.702128 0.400000
      vertex 30.079365 16.702128 0.400000
    endloop
  endfacet
  facet normal 0.000000 1.000000 0.000000
    outer loop
      vertex 30.079365 30.425532 0.000000
      vertex 30.396825 30.425532 0.400000
      vertex 30.396825 30.425532 0.000000
    endloop
  endfacet
  facet normal 0.000000 1.000000 0.000000
    outer loop
      vertex 30.079365 30.425532 0.000000
      vertex 30.079365 30.425532 0.400000
      vertex 30.396825 30.425532 0.400000
    endloop
  endfacet
  facet normal -1.000000 0.000000 0.000000
    outer loop
      vertex 30.079365 16.702128 0.000000
      vertex 30.079365 16.702128 0.400000
      vertex 30.079365 30.425532 0.400000
    endloop
  endfacet
  facet normal -1.000000 0.000000 0.000000
    outer loop
      vertex 30.079365 16.702128 0.000000
      vertex 30.079365 30.425532 0.400000
      vertex 30.079365 30.425532 0.000000
    endloop
  endfacet
  facet normal 1.000000 0.000000 0.000000
    outer loop
      vertex 30.396825 16.702128 0.000000
      vertex 30.396825 30.425532 0.000000
      vertex 30.396825 30.425532 0.400000
    endloop
  endfacet
  facet normal 1.000000 0.000000 0.000000
    outer loop
      vertex 30.396825 16.702128 0.000000
      vertex 30.396825 30.425532 0.400000
      vertex 30.396825 16.702128 0.400000
    endloop
  endfacet
  facet normal 0.000000 0.000000 -1.000000
    outer loop
      vertex 20.238095 19.574468 0.000000
      vertex 20.555556 30.106383 0.000000
      vertex 20.555556 19.574468 0.000000
    endloop
  endfacet
  facet normal 0.000000 0.000000 -1.000000
    outer loop
      vertex 20.238095 19.574468 0.000000
      vertex 20.238095 30.106383 0.000000
      vertex 20.555556 30.106383 0.000000
    endloop
  endfacet
  facet normal 0.000000 0.000000 1.000000
    outer loop
      vertex 20.238095 19.574468 0.400000
      vertex 20.555556 19.574468 0.400000
      vertex 20.555556 30.106383 0.400000
    endloop
  endfacet
  facet normal 0.000000 0.000000 1.000000
    outer loop
      vertex 20.238095 19.574468 0.400000
      vertex 20.555556 30.106383 0.400000
      vertex 20.238095 30.106383 0.400000
    endloop
  endfacet
  facet normal 0.000000 -1.000000 0.000000
    outer loop
      vertex 20.238095 19.574468 0.000000
      vertex 20.555556 19.574468 0.000000
      vertex 20.555556 19.574468 0.400000
    endloop
  endfacet
  facet normal 0.000000 -1.000000 0.000000
    outer loop
      vertex 20.238095 19.574468 0.000000
      vertex 20.555556 19.574468 0.400000
      vertex 20.238095 19.574468 0.400000
    endloop
  endfacet
  facet normal 0.000000 1.000000 0.000000
    outer loop
      vertex 20.238095 30.106383 0.000000
      vertex 20.555556 30.106383 0.400000
      vertex 20.555556 30.106383 0.000000
    endloop
  endfacet
  facet normal 0.000000 1.000000 0.000000
    outer loop
      vertex 20.238095 30.106383 0.000000
      vertex 20.238095 30.106383 0.400000
      vertex 20.555556 30.106383 0.400000
    endloop
  endfacet
  facet normal -1.000000 0.000000 0.000000
    outer loop
      vertex 20.238095 19.574468 0.000000
      vertex 20.238095 19.574468 0.400000
      vertex 20.238095 30.106383 0.400000
    endloop
  endfacet
  facet normal -1.000000 0.000000 0.000000
    outer loop
      vertex 20.238095 19.574468 0.000000
      vertex 20.238095 30.106383 0.400000
      vertex 20.238095 30.106383 0.000000
    endloop
  endfacet
  facet normal 1.000000 0.000000 0.000000
    outer loop
      vertex 20.555556 19.574468 0.000000
      vertex 20.555556 30.106383 0.000000
      vertex 20.555556 30.106383 0.400000
    endloop
  endfacet
  facet normal 1.000000 0.000000 0.000000
    outer loop
      vertex 20.555556 19.574468 0.000000
      vertex 20.555556 30.106383 0.400000
      vertex 20.555556 19.574468 0.400000
    endloop
  endfacet
  facet normal 0.000000 0.000000 -1.000000
    outer loop
      vertex 26.587302 29.468085 0.000000
      vertex 26.904762 29.787234 0.000000
      vertex 26.904762 29.468085 0.000000
    endloop
  endfacet
  facet normal 0.000000 0.000000 -1.000000
    outer loop
      vertex 26.587302 29.468085 0.000000
      vertex 26.587302 29.787234 0.000000
      vertex 26.904762 29.787234 0.000000
    endloop
  endfacet
  facet normal 0.000000 0.000000 1.000000
    outer loop
      vertex 26.587302 29.468085 0.400000
      vertex 26.904762 29.468085 0.400000
      vertex 26.904762 29.787234 0.400000
    endloop
  endfacet
  facet normal 0.000000 0.000000 1.000000
    outer loop
      vertex 26.587302 29.468085 0.400000
      vertex 26.904762 29.787234 0.400000
      vertex 26.587302 29.787234 0.400000
    endloop
  endfacet
  facet normal 0.000000 -1.000000 0.000000
    outer loop
      vertex 26.587302 29.468085 0.000000
      vertex 26.904762 29.468085 0.000000
      vertex 26.904762 29.468085 0.400000
    endloop
  endfacet
  facet normal 0.000000 -1.000000 0.000000
    outer loop
      vertex 26.587302 29.468085 0.000000
      vertex 26.904762 29.468085 0.400000
      vertex 26.587302 29.468085 0.400000
    endloop
  endfacet
  facet normal 0.000000 1.000000 0.000000
    outer loop
      vertex 26.587302 29.787234 0.000000
      vertex 26.904762 29.787234 0.400000
      vertex 26.904762 29.787234 0.000000
    endloop
  endfacet
  facet normal 0.000000 1.000000 0.000000
    outer loop
      vertex 26.587302 29.787234 0.000000
      vertex 26.587302 29.787234 0.400000
      vertex 26.904762 29.787234 0.400000
    endloop
  endfacet
  facet normal -1.000000 0.000000 0.000000
    outer loop
      vertex 26.587302 29.468085 0.000000
      vertex 26.587302 29.468085 0.400000
      vertex 26.587302 29.787234 0.400000
    endloop
  endfacet
  facet normal -1.000000 0.000000 0.000000
    outer loop
      vertex 26.587302 29.468085 0.000000
      vertex 26.587302 29.787234 0.400000
      vertex 26.587302 29.787234 0.000000
    endloop
  endfacet
  facet normal 1.000000 0.000000 0.000000
    outer loop
      vertex 26.904762 29.468085 0.000000
      vertex 26.904762 29.787234 0.000000
      vertex 26.904762 29.787234 0.400000
    endloop
  endfacet
  facet normal 1.000000 0.000000 0.000000
    outer loop
      vertex 26.904762 29.468085 0.000000
      vertex 26.904762 29.787234 0.400000
      vertex 26.904762 29.468085 0.400000
    endloop
  endfacet
  facet normal 0.000000 0.000000 -1.000000
    outer loop
      vertex 20.555556 20.531915 0.000000
      vertex 20.873016 29.468085 0.000000
      vertex 20.873016 20.531915 0.000000
    endloop
  endfacet
  facet normal 0.000000 0.000000 -1.000000
    outer loop
      vertex 20.555556 20.531915 0.000000
      vertex 20.555556 29.468085 0.000000
      vertex 20.873016 29.468085 0.000000
    endloop
  endfacet
  facet normal 0.000000 0.000000 1.000000
    outer loop
      vertex 20.555556 20.531915 0.400000
      vertex 20.873016 20.531915 0.400000
      vertex 20.873016 29.468085 0.400000
    endloop
  endfacet
  facet normal 0.000000 0.000000 1.000000
    outer loop
      vertex 20.555556 20.531915 0.400000
      vertex 20.873016 29.468085 0.400000
      vertex 20.555556 29.468085 0.400000
    endloop
  endfacet
  facet normal 0.000000 -1.000000 0.000000
    outer loop
      vertex 20.555556 20.531915 0.000000
      vertex 20.873016 20.531915 0.000000
      vertex 20.873016 20.531915 0.400000
    endloop
  endfacet
  facet normal 0.000000 -1.000000 0.000000
    outer loop
      vertex 20.555556 20.531915 0.000000
      vertex 20.873016 20.531915 0.400000
      vertex 20.555556 20.531915 0.400000
    endloop
  endfacet
  facet normal 0.000000 1.000000 0.000000
    outer loop
      vertex 20.555556 29.468085 0.000000
      vertex 20.873016 29.468085 0.400000
      vertex 20.873016 29.468085 0.000000
    endloop
  endfacet
  facet normal 0.000000 1.000000 0.000000
    outer loop
      vertex 20.555556 29.468085 0.000000
      vertex 20.555556 29.468085 0.400000
      vertex 20.873016 29.468085 0.400000
    endloop
  endfacet
  facet normal -1.000000 0.000000 0.000000
    outer loop
      vertex 20.555556 20.531915 0.000000
      vertex 20.555556 20.531915 0.400000
      vertex 20.555556 29.468085 0.400000
    endloop
  endfacet
  facet normal -1.000000 0.000000 0.000000
    outer loop
      vertex 20.555556 20.531915 0.000000
      vertex 20.555556 29.468085 0.400000
      vertex 20.555556 29.468085 0.000000
    endloop
  endfacet
  facet normal 1.000000 0.000000 0.000000
    outer loop
      vertex 20.873016 20.531915 0.000000
      vertex 20.873016 29.468085 0.000000
      vertex 20.873016 29.468085 0.400000
    endloop
  endfacet
  facet normal 1.000000 0.000000 0.000000
    outer loop
      vertex 20.873016 20.531915 0.000000
      vertex 20.873016 29.468085 0.400000
      vertex 20.873016 20.531915 0.400000
    endloop
  endfacet
  facet normal 0.000000 0.000000 -1.000000
    outer loop
      vertex 29.761905 10.000000 0.000000
      vertex 30.079365 29.468085 0.000000
      vertex 30.079365 10.000000 0.000000
    endloop
  endfacet
  facet normal 0.000000 0.000000 -1.000000
    outer loop
      vertex 29.761905 10.000000 0.000000
      vertex 29.761905 29.468085 0.000000
      vertex 30.079365 29.468085 0.000000
    endloop
  endfacet
  facet normal 0.000000 0.000000 1.000000
    outer loop
      vertex 29.761905 10.000000 0.400000
      vertex 30.079365 10.000000 0.400000
      vertex 30.079365 29.468085 0.400000
    endloop
  endfacet
  facet normal 0.000000 0.000000 1.000000
    outer loop
      vertex 29.761905 10.000000 0.400000
      vertex 30.079365 29.468085 0.400000
      vertex 29.761905 29.468085 0.400000
    endloop
  endfacet
  facet normal 0.000000 -1.000000 0.000000
    outer loop
      vertex 29.761905 10.000000 0.000000
      vertex 30.079365 10.000000 0.000000
      vertex 30.079365 10.000000 0.400000
    endloop
  endfacet
  facet normal 0.000000 -1.000000 0.000000
    outer loop
      vertex 29.761905 10.000000 0.000000
      vertex 30.079365 10.000000 0.400000
      vertex 29.761905 10.000000 0.400000
    endloop
  endfacet
  facet normal 0.000000 1.000000 0.000000
    outer loop
      vertex 29.761905 29.468085 0.000000
      vertex 30.079365 29.468085 0.400000
      vertex 30.079365 29.468085 0.000000
    endloop
  endfacet
  facet normal 0.000000 1.000000 0.000000
    outer loop
      vertex 29.761905 29.468085 0.000000
      vertex 29.761905 29.468085 0.400000
      vertex 30.079365 29.468085 0.400000
    endloop
  endfacet
  facet normal -1.000000 0.000000 0.000000
    outer loop
      vertex 29.761905 10.000000 0.000000
      vertex 29.761905 10.000000 0.400000
      vertex 29.761905 29.468085 0.400000
    endloop
  endfacet
  facet normal -1.000000 0.000000 0.000000
    outer loop
      vertex 29.761905 10.000000 0.000000
      vertex 29.761905 29.468085 0.400000
      vertex 29.761905 29.468085 0.000000
    endloop
  endfacet
  facet normal 1.000000 0.000000 0.000000
    outer loop
      vertex 30.079365 10.000000 0.000000
      vertex 30.079365 29.468085 0.000000
      vertex 30.079365 29.468085 0.400000
    endloop
  endfacet
  facet normal 1.000000 0.000000 0.000000
    outer loop
      vertex 30.079365 10.000000 0.000000
      vertex 30.079365 29.468085 0.400000
      vertex 30.079365 10.000000 0.400000
    endloop
  endfacet
  facet normal 0.000000 0.000000 -1.000000
    outer loop
      vertex 20.873016 21.170213 0.000000
      vertex 21.190476 29.148936 0.000000
      vertex 21.190476 21.170213 0.000000
    endloop
  endfacet
  facet normal 0.000000 0.000000 -1.000000
    outer loop
      vertex 20.873016 21.170213 0.000000
      vertex 20.873016 29.148936 0.000000
      vertex 21.190476 29.148936 0.000000
    endloop
  endfacet
  facet normal 0.000000 0.000000 1.000000
    outer loop
      vertex 20.873016 21.170213 0.400000
      vertex 21.190476 21.170213 0.400000
      vertex 21.190476 29.148936 0.400000
    endloop
  endfacet
  facet normal 0.000000 0.000000 1.000000
    outer loop
      vertex 20.873016 21.170213 0.400000
      vertex 21.190476 29.148936 0.400000
      vertex 20.873016 29.148936 0.400000
    endloop
  endfacet
  facet normal 0.000000 -1.000000 0.000000
    outer loop
      vertex 20.873016 21.170213 0.000000
      vertex 21.190476 21.170213 0.000000
      vertex 21.190476 21.170213 0.400000
    endloop
  endfacet
  facet normal 0.000000 -1.000000 0.000000
    outer loop
      vertex 20.873016 21.170213 0.000000
      vertex 21.190476 21.170213 0.400000
      vertex 20.873016 21.170213 0.400000
    endloop
  endfacet
  facet normal 0.000000 1.000000 0.000000
    outer loop
      vertex 20.873016 29.148936 0.000000
      vertex 21.190476 29.148936 0.400000
      vertex 21.190476 29.148936 0.000000
    endloop
  endfacet
  facet normal 0.000000 1.000000 0.000000
    outer loop
      vertex 20.873016 29.148936 0.000000
      vertex 20.873016 29.148936 0.400000
      vertex 21.190476 29.148936 0.400000
    endloop
  endfacet
  facet normal -1.000000 0.000000 0.000000
    outer loop
      vertex 20.873016 21.170213 0.000000
      vertex 20.873016 21.170213 0.400000
      vertex 20.873016 29.148936 0.400000
    endloop
  endfacet
  facet normal -1.000000 0.000000 0.000000
    outer loop
      vertex 20.873016 21.170213 0.000000
      vertex 20.873016 29.148936 0.400000
      vertex 20.873016 29.148936 0.000000
    endloop
  endfacet
  facet normal 1.000000 0.000000 0.000000
    outer loop
      vertex 21.190476 21.170213 0.000000
      vertex 21.190476 29.148936 0.000000
      vertex 21.190476 29.148936 0.400000
    endloop
  endfacet
  facet normal 1.000000 0.000000 0.000000
    outer loop
      vertex 21.190476 21.170213 0.000000
      vertex 21.190476 29.148936 0.400000
      vertex 21.190476 21.170213 0.400000
    endloop
  endfacet
  facet normal 0.000000 0.000000 -1.000000
    outer loop
      vertex 29.444444 10.000000 0.000000
      vertex 29.761905 29.148936 0.000000
      vertex 29.761905 10.000000 0.000000
    endloop
  endfacet
  facet normal 0.000000 0.000000 -1.000000
    outer loop
      vertex 29.444444 10.000000 0.000000
      vertex 29.444444 29.148936 0.000000
      vertex 29.761905 29.148936 0.000000
    endloop
  endfacet
  facet normal 0.000000 0.000000 1.000000
    outer loop
      vertex 29.444444 10.000000 0.400000
      vertex 29.761905 10.000000 0.400000
      vertex 29.761905 29.148936 0.400000
    endloop
  endfacet
  facet normal 0.000000 0.000000 1.000000
    outer loop
      vertex 29.444444 10.000000 0.400000
      vertex 29.761905 29.148936 0.400000
      vertex 29.444444 29.148936 0.400000
    endloop
  endfacet
  facet normal 0.000000 -1.000000 0.000000
    outer loop
      vertex 29.444444 10.000000 0.000000
      vertex 29.761905 10.000000 0.000000
      vertex 29.761905 10.000000 0.400000
    endloop
  endfacet
  facet normal 0.000000 -1.000000 0.000000
    outer loop
      vertex 29.444444 10.000000 0.000000
      vertex 29.761905 10.000000 0.400000
      vertex 29.444444 10.000000 0.400000
    endloop
  endfacet
  facet normal 0.000000 1.000000 0.000000
    outer loop
      vertex 29.444444 29.148936 0.000000
      vertex 29.761905 29.148936 0.400000
      vertex 29.761905 29.148936 0.000000
    endloop
  endfacet
  facet normal 0.000000 1.000000 0.000000
    outer loop
      vertex 29.444444 29.148936 0.000000
      vertex 29.444444 29.148936 0.400000
      vertex 29.761905 29.148936 0.400000
    endloop
  endfacet
  facet normal -1.000000 0.000000 0.000000
    outer loop
      vertex 29.444444 10.000000 0.000000
      vertex 29.444444 10.000000 0.400000
      vertex 29.444444 29.148936 0.400000
    endloop
  endfacet
  facet normal -1.000000 0.000000 0.000000
    outer loop
      vertex 29.444444 10.000000 0.000000
      vertex 29.444444 29.148936 0.400000
      vertex 29.444444 29.148936 0.000000
    endloop
  endfacet
  facet normal 1.000000 0.000000 0.000000
    outer loop
      vertex 29.761905 10.000000 0.000000
      vertex 29.761905 29.148936 0.000000
      vertex 29.761905 29.148936 0.400000
    endloop
  endfacet
  facet normal 1.000000 0.000000 0.000000
    outer loop
      vertex 29.761905 10.000000 0.000000
      vertex 29.761905 29.148936 0.400000
      vertex 29.761905 10.000000 0.400000
    endloop
  endfacet
  facet normal 0.000000 0.000000 -1.000000
    outer loop
      vertex 21.190476 21.808511 0.000000
      vertex 21.507937 28.829787 0.000000
      vertex 21.507937 21.808511 0.000000
    endloop
  endfacet
  facet normal 0.000000 0.000000 -1.000000
    outer loop
      vertex 21.190476 21.808511 0.000000
      vertex 21.190476 28.829787 0.000000
      vertex 21.507937 28.829787 0.000000
    endloop
  endfacet
  facet normal 0.000000 0.000000 1.000000
    outer loop
      vertex 21.190476 21.808511 0.400000
      vertex 21.507937 21.808511 0.400000
      vertex 21.507937 28.829787 0.400000
    endloop
  endfacet
  facet normal 0.000000 0.000000 1.000000
    outer loop
      vertex 21.190476 21.808511 0.400000
      vertex 21.507937 28.829787 0.400000
      vertex 21.190476 28.829787 0.400000
    endloop
  endfacet
  facet normal 0.000000 -1.000000 0.000000
    outer loop
      vertex 21.190476 21.808511 0.000000
      vertex 21.507937 21.808511 0.000000
      vertex 21.507937 21.808511 0.400000
    endloop
  endfacet
  facet normal 0.000000 -1.000000 0.000000
    outer loop
      vertex 21.190476 21.808511 0.000000
      vertex 21.507937 21.808511 0.400000
      vertex 21.190476 21.808511 0.400000
    endloop
  endfacet
  facet normal 0.000000 1.000000 0.000000
    outer loop
      vertex 21.190476 28.829787 0.000000
      vertex 21.507937 28.829787 0.400000
      vertex 21.507937 28.829787 0.000000
    endloop
  endfacet
  facet normal 0.000000 1.000000 0.000000
    outer loop
      vertex 21.190476 28.829787 0.000000
      vertex 21.190476 28.829787 0.400000
      vertex 21.507937 28.829787 0.400000
    endloop
  endfacet
  facet normal -1.000000 0.000000 0.000000
    outer loop
      vertex 21.190476 21.808511 0.000000
      vertex 21.190476 21.808511 0.400000
      vertex 21.190476 28.829787 0.400000
    endloop
  endfacet
  facet normal -1.000000 0.000000 0.000000
    outer loop
      vertex 21.190476 21.808511 0.000000
      vertex 21.190476 28.829787 0.400000
      vertex 21.190476 28.829787 0.000000
    endloop
  endfacet
  facet normal 1.000000 0.000000 0.000000
    outer loop
      vertex 21.507937 21.808511 0.000000
      vertex 21.507937 28.829787 0.000000
      vertex 21.507937 28.829787 0.400000
    endloop
  endfacet
  facet normal 1.000000 0.000000 0.000000
    outer loop
      vertex 21.507937 21.808511 0.000000
      vertex 21.507937 28.829787 0.400000
      vertex 21.507937 21.808511 0.400000
    endloop
  endfacet
  facet normal 0.000000 0.000000 -1.000000
    outer loop
      vertex 29.126984 10.000000 0.000000
      vertex 29.444444 28.829787 0.000000
      vertex 29.444444 10.000000 0.000000
    endloop
  endfacet
  facet normal 0.000000 0.000000 -1.000000
    outer loop
      vertex 29.126984 10.000000 0.000000
      vertex 29.126984 28.829787 0.000000
      vertex 29.444444 28.829787 0.000000
    endloop
  endfacet
  facet normal 0.000000 0.000000 1.000000
    outer loop
      vertex 29.126984 10.000000 0.400000
      vertex 29.444444 10.000000 0.400000
      vertex 29.444444 28.829787 0.400000
    endloop
  endfacet
  facet normal 0.000000 0.000000 1.000000
    outer loop
      vertex 29.126984 10.000000 0.400000
      vertex 29.444444 28.829787 0.400000
      vertex 29.126984 28.829787 0.400000
    endloop
  endfacet
  facet normal 0.000000 -1.000000 0.000000
    outer loop
      vertex 29.126984 10.000000 0.000000
      vertex 29.444444 10.000000 0.000000
      vertex 29.444444 10.000000 0.400000
    endloop
  endfacet
  facet normal 0.000000 -1.000000 0.000000
    outer loop
      vertex 29.126984 10.000000 0.000000
      vertex 29.444444 10.000000 0.400000
      vertex 29.126984 10.000000 0.400000
    endloop
  endfacet
  facet normal 0.000000 1.000000 0.000000
    outer loop
      vertex 29.126984 28.829787 0.000000
      vertex 29.444444 28.829787 0.400000
      vertex 29.444444 28.829787 0.000000
    endloop
  endfacet
  facet normal 0.000000 1.000000 0.000000
    outer loop
      vertex 29.126984 28.829787 0.000000
      vertex 29.126984 28.829787 0.400000
      vertex 29.444444 28.829787 0.400000
    endloop
  endfacet
  facet normal -1.000000 0.000000 0.000000
    outer loop
      vertex 29.126984 10.000000 0.000000
      vertex 29.126984 10.000000 0.400000
      vertex 29.126984 28.829787 0.400000
    endloop
  endfacet
  facet normal -1.000000 0.000000 0.000000
    outer loop
      vertex 29.126984 10.000000 0.000000
      vertex 29.126984 28.829787 0.400000
      vertex 29.126984 28.829787 0.000000
    endloop
  endfacet
  facet normal 1.000000 0.000000 0.000000
    outer loop
      vertex 29.444444 10.000000 0.000000
      vertex 29.444444 28.829787 0.000000
      vertex 29.444444 28.829787 0.400000
    endloop
  endfacet
  facet normal 1.000000 0.000000 0.000000
    outer loop
      vertex 29.444444 10.000000 0.000000
      vertex 29.444444 28.829787 0.400000
      vertex 29.444444 10.000000 0.400000
    endloop
  endfacet
  facet normal 0.000000 0.000000 -1.000000
    outer loop
      vertex 21.507937 22.127660 0.000000
      vertex 21.825397 28.510638 0.000000
      vertex 21.825397 22.127660 0.000000
    endloop
  endfacet
  facet normal 0.000000 0.000000 -1.000000
    outer loop
      vertex 21.507937 22.127660 0.000000
      vertex 21.507937 28.510638 0.000000
      vertex 21.825397 28.510638 0.000000
    endloop
  endfacet
  facet normal 0.000000 0.000000 1.000000
    outer loop
      vertex 21.507937 22.127660 0.400000
      vertex 21.825397 22.127660 0.400000
      vertex 21.825397 28.510638 0.400000
    endloop
  endfacet
  facet normal 0.000000 0.000000 1.000000
    outer loop
      vertex 21.507937 22.127660 0.400000
      vertex 21.825397 28.510638 0.400000
      vertex 21.507937 28.510638 0.400000
    endloop
  endfacet
  facet normal 0.000000 -1.000000 0.000000
    outer loop
      vertex 21.507937 22.127660 0.000000
      vertex 21.825397 22.127660 0.000000
      vertex 21.825397 22.127660 0.400000
    endloop
  endfacet
  facet normal 0.000000 -1.000000 0.000000
    outer loop
      vertex 21.507937 22.127660 0.000000
      vertex 21.825397 22.127660 0.400000
      vertex 21.507937 22.127660 0.400000
    endloop
  endfacet
  facet normal 0.000000 1.000000 0.000000
    outer loop
      vertex 21.507937 28.510638 0.000000
      vertex 21.825397 28.510638 0.400000
      vertex 21.825397 28.510638 0.000000
    endloop
  endfacet
  facet normal 0.000000 1.000000 0.000000
    outer loop
      vertex 21.507937 28.510638 0.000000
      vertex 21.507937 28.510638 0.400000
      vertex 21.825397 28.510638 0.400000
    endloop
  endfacet
  facet normal -1.000000 0.000000 0.000000
    outer loop
      vertex 21.507937 22.127660 0.000000
      vertex 21.507937 22.127660 0.400000
      vertex 21.507937 28.510638 0.400000
    endloop
  endfacet
  facet normal -1.000000 0.000000 0.000000
    outer loop
      vertex 21.507937 22.127660 0.000000
      vertex 21.507937 28.510638 0.400000
      vertex 21.507937 28.510638 0.000000
    endloop
  endfacet
  facet normal 1.000000 0.000000 0.000000
    outer loop
      vertex 21.825397 22.127660 0.000000
      vertex 21.825397 28.510638 0.000000
      vertex 21.825397 28.510638 0.400000
    endloop
  endfacet
  facet normal 1.000000 0.000000 0.000000
    outer loop
      vertex 21.825397 22.127660 0.000000
      vertex 21.825397 28.510638 0.400000
      vertex 21.825397 22.127660 0.400000
    endloop
  endfacet
  facet normal 0.000000 0.000000 -1.000000
    outer loop
      vertex 28.809524 10.000000 0.000000
      vertex 29.126984 28.510638 0.000000
      vertex 29.126984 10.000000 0.000000
    endloop
  endfacet
  facet normal 0.000000 0.000000 -1.000000
    outer loop
      vertex 28.809524 10.000000 0.000000
      vertex 28.809524 28.510638 0.000000
      vertex 29.126984 28.510638 0.000000
    endloop
  endfacet
  facet normal 0.000000 0.000000 1.000000
    outer loop
      vertex 28.809524 10.000000 0.400000
      vertex 29.126984 10.000000 0.400000
      vertex 29.126984 28.510638 0.400000
    endloop
  endfacet
  facet normal 0.000000 0.000000 1.000000
    outer loop
      vertex 28.809524 10.000000 0.400000
      vertex 29.126984 28.510638 0.400000
      vertex 28.809524 28.510638 0.400000
    endloop
  endfacet
  facet normal 0.000000 -1.000000 0.000000
    outer loop
      vertex 28.809524 10.000000 0.000000
      vertex 29.126984 10.000000 0.000000
      vertex 29.126984 10.000000 0.400000
    endloop
  endfacet
  facet normal 0.000000 -1.000000 0.000000
    outer loop
      vertex 28.809524 10.000000 0.000000
      vertex 29.126984 10.000000 0.400000
      vertex 28.809524 10.000000 0.400000
    endloop
  endfacet
  facet normal 0.000000 1.000000 0.000000
    outer loop
      vertex 28.809524 28.510638 0.000000
      vertex 29.126984 28.510638 0.400000
      vertex 29.126984 28.510638 0.000000
    endloop
  endfacet
  facet normal 0.000000 1.000000 0.000000
    outer loop
      vertex 28.809524 28.510638 0.000000
      vertex 28.809524 28.510638 0.400000
      vertex 29.126984 28.510638 0.400000
    endloop
  endfacet
  facet normal -1.000000 0.000000 0.000000
    outer loop
      vertex 28.809524 10.000000 0.000000
      vertex 28.809524 10.000000 0.400000
      vertex 28.809524 28.510638 0.400000
    endloop
  endfacet
  facet normal -1.000000 0.000000 0.000000
    outer loop
      vertex 28.809524 10.000000 0.000000
      vertex 28.809524 28.510638 0.400000
      vertex 28.809524 28.510638 0.000000
    endloop
  endfacet
  facet normal 1.000000 0.000000 0.000000
    outer loop
      vertex 29.126984 10.000000 0.000000
      vertex 29.126984 28.510638 0.000000
      vertex 29.126984 28.510638 0.400000
    endloop
  endfacet
  facet normal 1.000000 0.000000 0.000000
    outer loop
      vertex 29.126984 10.000000 0.000000
      vertex 29.126984 28.510638 0.400000
      vertex 29.126984 10.000000 0.400000
    endloop
  endfacet
  facet normal 0.000000 0.000000 -1.000000
    outer loop
      vertex 21.825397 22.446809 0.000000
      vertex 22.142857 28.191489 0.000000
      vertex 22.142857 22.446809 0.000000
    endloop
  endfacet
  facet normal 0.000000 0.000000 -1.000000
    outer loop
      vertex 21.825397 22.446809 0.000000
      vertex 21.825397 28.191489 0.000000
      vertex 22.142857 28.191489 0.000000
    endloop
  endfacet
  facet normal 0.000000 0.000000 1.000000
    outer loop
      vertex 21.825397 22.446809 0.400000
      vertex 22.142857 22.446809 0.400000
      vertex 22.142857 28.191489 0.400000
    endloop
  endfacet
  facet normal 0.000000 0.000000 1.000000
    outer loop
      vertex 21.825397 22.446809 0.400000
      vertex 22.142857 28.191489 0.400000
      vertex 21.825397 28.191489 0.400000
    endloop
  endfacet
  facet normal 0.000000 -1.000000 0.000000
    outer loop
      vertex 21.825397 22.446809 0.000000
      vertex 22.142857 22.446809 0.000000
      vertex 22.142857 22.446809 0.400000
    endloop
  endfacet
  facet normal 0.000000 -1.000000 0.000000
    outer loop
      vertex 21.825397 22.446809 0.000000
      vertex 22.142857 22.446809 0.400000
      vertex 21.825397 22.446809 0.400000
    endloop
  endfacet
  facet normal 0.000000 1.000000 0.000000
    outer loop
      vertex 21.825397 28.191489 0.000000
      vertex 22.142857 28.191489 0.400000
      vertex 22.142857 28.191489 0.000000
    endloop
  endfacet
  facet normal 0.000000 1.000000 0.000000
    outer loop
      vertex 21.825397 28.191489 0.000000
      vertex 21.825397 28.191489 0.400000
      vertex 22.142857 28.191489 0.400000
    endloop
  endfacet
  facet normal -1.000000 0.000000 0.000000
    outer loop
      vertex 21.825397 22.446809 0.000000
      vertex 21.825397 22.446809 0.400000
      vertex 21.825397 28.191489 0.400000
    endloop
  endfacet
  facet normal -1.000000 0.000000 0.000000
    outer loop
      vertex 21.825397 22.446809 0.000000
      vertex 21.825397 28.191489 0.400000
      vertex 21.825397 28.191489 0.000000
    endloop
  endfacet
  facet normal 1.000000 0.000000 0.000000
    outer loop
      vertex 22.142857 22.446809 0.000000
      vertex 22.142857 28.191489 0.000000
      vertex 22.142857 28.191489 0.400000
    endloop
  endfacet
  facet normal 1.000000 0.000000 0.000000
    outer loop
      vertex 22.142857 22.446809 0.000000
      vertex 22.142857 28.191489 0.400000
      vertex 22.142857 22.446809 0.400000
    endloop
  endfacet
  facet normal 0.000000 0.000000 -1.000000
    outer loop
      vertex 28.492063 18.936170 0.000000
      vertex 28.809524 28.191489 0.000000
      vertex 28.809524 18.936170 0.000000
    endloop
  endfacet
  facet normal 0.000000 0.000000 -1.000000
    outer loop
      vertex 28.492063 18.936170 0.000000
      vertex 28.492063 28.191489 0.000000
      vertex 28.809524 28.191489 0.000000
    endloop
  endfacet
  facet normal 0.000000 0.000000 1.000000
    outer loop
      vertex 28.492063 18.936170 0.400000
      vertex 28.809524 18.936170 0.400000
      vertex 28.809524 28.191489 0.400000
    endloop
  endfacet
  facet normal 0.000000 0.000000 1.000000
    outer loop
      vertex 28.492063 18.936170 0.400000
      vertex 28.809524 28.191489 0.400000
      vertex 28.492063 28.191489 0.400000
    endloop
  endfacet
  facet normal 0.000000 -1.000000 0.000000
    outer loop
      vertex 28.492063 18.936170 0.000000
      vertex 28.809524 18.936170 0.000000
      vertex 28.809524 18.936170 0.400000
    endloop
  endfacet
  facet normal 0.000000 -1.000000 0.000000
    outer loop
      vertex 28.492063 18.936170 0.000000
      vertex 28.809524 18.936170 0.400000
      vertex 28.492063 18.936170 0.400000
    endloop
  endfacet
  facet normal 0.000000 1.000000 0.000000
    outer loop
      vertex 28.492063 28.191489 0.000000
      vertex 28.809524 28.191489 0.400000
      vertex 28.809524 28.191489 0.000000
    endloop
  endfacet
  facet normal 0.000000 1.000000 0.000000
    outer loop
      vertex 28.492063 28.191489 0.000000
      vertex 28.492063 28.191489 0.400000
      vertex 28.809524 28.191489 0.400000
    endloop
  endfacet
  facet normal -1.000000 0.000000 0.000000
    outer loop
      vertex 28.492063 18.936170 0.000000
      vertex 28.492063 18.936170 0.400000
      vertex 28.492063 28.191489 0.400000
    endloop
  endfacet
  facet normal -1.000000 0.000000 0.000000
    outer loop
      vertex 28.492063 18.936170 0.000000
      vertex 28.492063 28.191489 0.400000
      vertex 28.492063 28.191489 0.000000
    endloop
  endfacet
  facet normal 1.000000 0.000000 0.000000
    outer loop
      vertex 28.809524 18.936170 0.000000
      vertex 28.809524 28.191489 0.000000
      vertex 28.809524 28.191489 0.400000
    endloop
  endfacet
  facet normal 1.000000 0.000000 0.000000
    outer loop
      vertex 28.809524 18.936170 0.000000
      vertex 28.809524 28.191489 0.400000
      vertex 28.809524 18.936170 0.400000
    endloop
  endfacet
  facet normal 0.000000 0.000000 -1.000000
    outer loop
      vertex 22.142857 22.765957 0.000000
      vertex 22.777778 27.872340 0.000000
      vertex 22.777778 22.765957 0.000000
    endloop
  endfacet
  facet normal 0.000000 0.000000 -1.000000
    outer loop
      vertex 22.142857 22.765957 0.000000
      vertex 22.142857 27.872340 0.000000
      vertex 22.777778 27.872340 0.000000
    endloop
  endfacet
  facet normal 0.000000 0.000000 1.000000
    outer loop
      vertex 22.142857 22.765957 0.400000
      vertex 22.777778 22.765957 0.400000
      vertex 22.777778 27.872340 0.400000
    endloop
  endfacet
  facet normal 0.000000 0.000000 1.000000
    outer loop
      vertex 22.142857 22.765957 0.400000
      vertex 22.777778 27.872340 0.400000
      vertex 22.142857 27.872340 0.400000
    endloop
  endfacet
  facet normal 0.000000 -1.000000 0.000000
    outer loop
      vertex 22.142857 22.765957 0.000000
      vertex 22.777778 22.765957 0.000000
      vertex 22.777778 22.765957 0.400000
    endloop
  endfacet
  facet normal 0.000000 -1.000000 0.000000
    outer loop
      vertex 22.142857 22.765957 0.000000
      vertex 22.777778 22.765957 0.400000
      vertex 22.142857 22.765957 0.400000
    endloop
  endfacet
  facet normal 0.000000 1.000000 0.000000
    outer loop
      vertex 22.142857 27.872340 0.000000
      vertex 22.777778 27.872340 0.400000
      vertex 22.777778 27.872340 0.000000
    endloop
  endfacet
  facet normal 0.000000 1.000000 0.000000
    outer loop
      vertex 22.142857 27.872340 0.000000
      vertex 22.142857 27.872340 0.400000
      vertex 22.777778 27.872340 0.400000
    endloop
  endfacet
  facet normal -1.000000 0.000000 0.000000
    outer loop
      vertex 22.142857 22.765957 0.000000
      vertex 22.142857 22.765957 0.400000
      vertex 22.142857 27.872340 0.400000
    endloop
  endfacet
  facet normal -1.000000 0.000000 0.000000
    outer loop
      vertex 22.142857 22.765957 0.000000
      vertex 22.142857 27.872340 0.400000
      vertex 22.142857 27.872340 0.000000
    endloop
  endfacet
  facet normal 1.000000 0.000000 0.000000
    outer loop
      vertex 22.777778 22.765957 0.000000
      vertex 22.777778 27.872340 0.000000
      vertex 22.777778 27.872340 0.400000
    endloop
  endfacet
  facet normal 1.000000 0.000000 0.000000
    outer loop
      vertex 22.777778 22.765957 0.000000
      vertex 22.777778 27.872340 0.400000
      vertex 22.777778 22.765957 0.400000
    endloop
  endfacet
  facet normal 0.000000 0.000000 -1.000000
    outer loop
      vertex 27.857143 21.170213 0.000000
      vertex 28.492063 27.872340 0.000000
      vertex 28.492063 21.170213 0.000000
    endloop
  endfacet
  facet normal 0.000000 0.000000 -1.000000
    outer loop
      vertex 27.857143 21.170213 0.000000
      vertex 27.857143 27.872340 0.000000
      vertex 28.492063 27.872340 0.000000
    endloop
  endfacet
  facet normal 0.000000 0.000000 1.000000
    outer loop
      vertex 27.857143 21.170213 0.400000
      vertex 28.492063 21.170213 0.400000
      vertex 28.492063 27.872340 0.400000
    endloop
  endfacet
  facet normal 0.000000 0.000000 1.000000
    outer loop
      vertex 27.857143 21.170213 0.400000
      vertex 28.492063 27.872340 0.400000
      vertex 27.857143 27.872340 0.400000
    endloop
  endfacet
  facet normal 0.000000 -1.000000 0.000000
    outer loop
      vertex 27.857143 21.170213 0.000000
      vertex 28.492063 21.170213 0.000000
      vertex 28.492063 21.170213 0.400000
    endloop
  endfacet
  facet normal 0.000000 -1.000000 0.000000
    outer loop
      vertex 27.857143 21.170213 0.000000
      vertex 28.492063 21.170213 0.400000
      vertex 27.857143 21.170213 0.400000
    endloop
  endfacet
  facet normal 0.000000 1.000000 0.000000
    outer loop
      vertex 27.857143 27.872340 0.000000
      vertex 28.492063 27.872340 0.400000
      vertex 28.492063 27.872340 0.000000
    endloop
  endfacet
  facet normal 0.000000 1.000000 0.000000
    outer loop
      vertex 27.857143 27.872340 0.000000
      vertex 27.857143 27.872340 0.400000
      vertex 28.492063 27.872340 0.400000
    endloop
  endfacet
  facet normal -1.000000 0.000000 0.000000
    outer loop
      vertex 27.857143 21.170213 0.000000
      vertex 27.857143 21.170213 0.400000
      vertex 27.857143 27.872340 0.400000
    endloop
  endfacet
  facet normal -1.000000 0.000000 0.000000
    outer loop
      vertex 27.857143 21.170213 0.000000
      vertex 27.857143 27.872340 0.400000
      vertex 27.857143 27.872340 0.000000
    endloop
  endfacet
  facet normal 1.000000 0.000000 0.000000
    outer loop
      vertex 28.492063 21.170213 0.000000
      vertex 28.492063 27.872340 0.000000
      vertex 28.492063 27.872340 0.400000
    endloop
  endfacet
  facet normal 1.000000 0.000000 0.000000
    outer loop
      vertex 28.492063 21.170213 0.000000
      vertex 28.492063 27.872340 0.400000
      vertex 28.492063 21.170213 0.400000
    endloop
  endfacet
  facet normal 0.000000 0.000000 -1.000000
    outer loop
      vertex 22.777778 23.085106 0.000000
      vertex 23.730159 27.553191 0.000000
      vertex 23.730159 23.085106 0.000000
    endloop
  endfacet
  facet normal 0.000000 0.000000 -1.000000
    outer loop
      vertex 22.777778 23.085106 0.000000
      vertex 22.777778 27.553191 0.000000
      vertex 23.730159 27.553191 0.000000
    endloop
  endfacet
  facet normal 0.000000 0.000000 1.000000
    outer loop
      vertex 22.777778 23.085106 0.400000
      vertex 23.730159 23.085106 0.400000
      vertex 23.730159 27.553191 0.400000
    endloop
  endfacet
  facet normal 0.000000 0.000000 1.000000
    outer loop
      vertex 22.777778 23.085106 0.400000
      vertex 23.730159 27.553191 0.400000
      vertex 22.777778 27.553191 0.400000
    endloop
  endfacet
  facet normal 0.000000 -1.000000 0.000000
    outer loop
      vertex 22.777778 23.085106 0.000000
      vertex 23.730159 23.085106 0.000000
      vertex 23.730159 23.085106 0.400000
    endloop
  endfacet
  facet normal 0.000000 -1.000000 0.000000
    outer loop
      vertex 22.777778 23.085106 0.000000
      vertex 23.730159 23.085106 0.400000
      vertex 22.777778 23.085106 0.400000
    endloop
  endfacet
  facet normal 0.000000 1.000000 0.000000
    outer loop
      vertex 22.777778 27.553191 0.000000
      vertex 23.730159 27.553191 0.400000
      vertex 23.730159 27.553191 0.000000
    endloop
  endfacet
  facet normal 0.000000 1.000000 0.000000
    outer loop
      vertex 22.777778 27.553191 0.000000
      vertex 22.777778 27.553191 0.400000
      vertex 23.730159 27.553191 0.400000
    endloop
  endfacet
  facet normal -1.000000 0.000000 0.000000
    outer loop
      vertex 22.777778 23.085106 0.000000
      vertex 22.777778 23.085106 0.400000
      vertex 22.777778 27.553191 0.400000
    endloop
  endfacet
  facet normal -1.000000 0.000000 0.000000
    outer loop
      vertex 22.777778 23.085106 0.000000
      vertex 22.777778 27.553191 0.400000
      vertex 22.777778 27.553191 0.000000
    endloop
  endfacet
  facet normal 1.000000 0.000000 0.000000
    outer loop
      vertex 23.730159 23.085106 0.000000
      vertex 23.730159 27.553191 0.000000
      vertex 23.730159 27.553191 0.400000
    endloop
  endfacet
  facet normal 1.000000 0.000000 0.000000
    outer loop
      vertex 23.730159 23.085106 0.000000
      vertex 23.730159 27.553191 0.400000
      vertex 23.730159 23.085106 0.400000
    endloop
  endfacet
  facet normal 0.000000 0.000000 -1.000000
    outer loop
      vertex 26.904762 22.127660 0.000000
      vertex 27.857143 27.553191 0.000000
      vertex 27.857143 22.127660 0.000000
    endloop
  endfacet
  facet normal 0.000000 0.000000 -1.000000
    outer loop
      vertex 26.904762 22.127660 0.000000
      vertex 26.904762 27.553191 0.000000
      vertex 27.857143 27.553191 0.000000
    endloop
  endfacet
  facet normal 0.000000 0.000000 1.000000
    outer loop
      vertex 26.904762 22.127660 0.400000
      vertex 27.857143 22.127660 0.400000
      vertex 27.857143 27.553191 0.400000
    endloop
  endfacet
  facet normal 0.000000 0.000000 1.000000
    outer loop
      vertex 26.904762 22.127660 0.400000
      vertex 27.857143 27.553191 0.400000
      vertex 26.904762 27.553191 0.400000
    endloop
  endfacet
  facet normal 0.000000 -1.000000 0.000000
    outer loop
      vertex 26.904762 22.127660 0.000000
      vertex 27.857143 22.127660 0.000000
      vertex 27.857143 22.127660 0.400000
    endloop
  endfacet
  facet normal 0.000000 -1.000000 0.000000
    outer loop
      vertex 26.904762 22.127660 0.000000
      vertex 27.857143 22.127660 0.400000
      vertex 26.904762 22.127660 0.400000
    endloop
  endfacet
  facet normal 0.000000 1.000000 0.000000
    outer loop
      vertex 26.904762 27.553191 0.000000
      vertex 27.857143 27.553191 0.400000
      vertex 27.857143 27.553191 0.000000
    endloop
  endfacet
  facet normal 0.000000 1.000000 0.000000
    outer loop
      vertex 26.904762 27.553191 0.000000
      vertex 26.904762 27.553191 0.400000
      vertex 27.857143 27.553191 0.400000
    endloop
  endfacet
  facet normal -1.000000 0.000000 0.000000
    outer loop
      vertex 26.904762 22.127660 0.000000
      vertex 26.904762 22.127660 0.400000
      vertex 26.904762 27.553191 0.400000
    endloop
  endfacet
  facet normal -1.000000 0.000000 0.000000
    outer loop
      vertex 26.904762 22.127660 0.000000
      vertex 26.904762 27.553191 0.400000
      vertex 26.904762 27.553191 0.000000
    endloop
  endfacet
  facet normal 1.000000 0.000000 0.000000
    outer loop
      vertex 27.857143 22.127660 0.000000
      vertex 27.857143 27.553191 0.000000
      vertex 27.857143 27.553191 0.400000
    endloop
  endfacet
  facet normal 1.000000 0.000000 0.000000
    outer loop
      vertex 27.857143 22.127660 0.000000
      vertex 27.857143 27.553191 0.400000
      vertex 27.857143 22.127660 0.400000
    endloop
  endfacet
  facet normal 0.000000 0.000000 -1.000000
    outer loop
      vertex 15.158730 20.531915 0.000000
      vertex 18.015873 27.234043 0.000000
      vertex 18.015873 20.531915 0.000000
    endloop
  endfacet
  facet normal 0.000000 0.000000 -1.000000
    outer loop
      vertex 15.158730 20.531915 0.000000
      vertex 15.158730 27.234043 0.000000
      vertex 18.015873 27.234043 0.000000
    endloop
  endfacet
  facet normal 0.000000 0.000000 1.000000
    outer loop
      vertex 15.158730 20.531915 0.400000
      vertex 18.015873 20.531915 0.400000
      vertex 18.015873 27.234043 0.400000
    endloop
  endfacet
  facet normal 0.000000 0.000000 1.000000
    outer loop
      vertex 15.158730 20.531915 0.400000
      vertex 18.015873 27.234043 0.400000
      vertex 15.158730 27.234043 0.400000
    endloop
  endfacet
  facet normal 0.000000 -1.000000 0.000000
    outer loop
      vertex 15.158730 20.531915 0.000000
      vertex 18.015873 20.531915 0.000000
      vertex 18.015873 20.531915 0.400000
    endloop
  endfacet
  facet normal 0.000000 -1.000000 0.000000
    outer loop
      vertex 15.158730 20.531915 0.000000
      vertex 18.015873 20.531915 0.400000
      vertex 15.158730 20.531915 0.400000
    endloop
  endfacet
  facet normal 0.000000 1.000000 0.000000
    outer loop
      vertex 15.158730 27.234043 0.000000
      vertex 18.015873 27.234043 0.400000
      vertex 18.015873 27.234043 0.000000
    endloop
  endfacet
  facet normal 0.000000 1.000000 0.000000
    outer loop
      vertex 15.158730 27.234043 0.000000
      vertex 15.158730 27.234043 0.400000
      vertex 18.015873 27.234043 0.400000
    endloop
  endfacet
  facet normal -1.000000 0.000000 0.000000
    outer loop
      vertex 15.158730 20.531915 0.000000
      vertex 15.158730 20.531915 0.400000
      vertex 15.158730 27.234043 0.400000
    endloop
  endfacet
  facet normal -1.000000 0.000000 0.000000
    outer loop
      vertex 15.158730 20.531915 0.000000
      vertex 15.158730 27.234043 0.400000
      vertex 15.158730 27.234043 0.000000
    endloop
  endfacet
  facet normal 1.000000 0.000000 0.000000
    outer loop
      vertex 18.015873 20.531915 0.000000
      vertex 18.015873 27.234043 0.000000
      vertex 18.015873 27.234043 0.400000
    endloop
  endfacet
  facet normal 1.000000 0.000000 0.000000
    outer loop
      vertex 18.015873 20.531915 0.000000
      vertex 18.015873 27.234043 0.400000
      vertex 18.015873 20.531915 0.400000
    endloop
  endfacet
  facet normal 0.000000 0.000000 -1.000000
    outer loop
      vertex 23.730159 23.085106 0.000000
      vertex 26.904762 27.234043 0.000000
      vertex 26.904762 23.085106 0.000000
    endloop
  endfacet
  facet normal 0.000000 0.000000 -1.000000
    outer loop
      vertex 23.730159 23.085106 0.000000
      vertex 23.730159 27.234043 0.000000
      vertex 26.904762 27.234043 0.000000
    endloop
  endfacet
  facet normal 0.000000 0.000000 1.000000
    outer loop
      vertex 23.730159 23.085106 0.400000
      vertex 26.904762 23.085106 0.400000
      vertex 26.904762 27.234043 0.400000
    endloop
  endfacet
  facet normal 0.000000 0.000000 1.000000
    outer loop
      vertex 23.730159 23.085106 0.400000
      vertex 26.904762 27.234043 0.400000
      vertex 23.730159 27.234043 0.400000
    endloop
  endfacet
  facet normal 0.000000 -1.000000 0.000000
    outer loop
      vertex 23.730159 23.085106 0.000000
      vertex 26.904762 23.085106 0.000000
      vertex 26.904762 23.085106 0.400000
    endloop
  endfacet
  facet normal 0.000000 -1.000000 0.000000
    outer loop
      vertex 23.730159 23.085106 0.000000
      vertex 26.904762 23.085106 0.400000
      vertex 23.730159 23.085106 0.400000
    endloop
  endfacet
  facet normal 0.000000 1.000000 0.000000
    outer loop
      vertex 23.730159 27.234043 0.000000
      vertex 26.904762 27.234043 0.400000
      vertex 26.904762 27.234043 0.000000
    endloop
  endfacet
  facet normal 0.000000 1.000000 0.000000
    outer loop
      vertex 23.730159 27.234043 0.000000
      vertex 23.730159 27.234043 0.400000
      vertex 26.904762 27.234043 0.400000
    endloop
  endfacet
  facet normal -1.000000 0.000000 0.000000
    outer loop
      vertex 23.730159 23.085106 0.000000
      vertex 23.730159 23.085106 0.400000
      vertex 23.730159 27.234043 0.400000
    endloop
  endfacet
  facet normal -1.000000 0.000000 0.000000
    outer loop
      vertex 23.730159 23.085106 0.000000
      vertex 23.730159 27.234043 0.400000
      vertex 23.730159 27.234043 0.000000
    endloop
  endfacet
  facet normal 1.000000 0.000000 0.000000
    outer loop
      vertex 26.904762 23.085106 0.000000
      vertex 26.904762 27.234043 0.000000
      vertex 26.904762 27.234043 0.400000
    endloop
  endfacet
  facet normal 1.000000 0.000000 0.000000
    outer loop
      vertex 26.904762 23.085106 0.000000
      vertex 26.904762 27.234043 0.400000
      vertex 26.904762 23.085106 0.400000
    endloop
  endfacet
  facet normal 0.000000 0.000000 -1.000000
    outer loop
      vertex 34.841270 22.765957 0.000000
      vertex 37.698413 27.234043 0.000000
      vertex 37.698413 22.765957 0.000000
    endloop
  endfacet
  facet normal 0.000000 0.000000 -1.000000
    outer loop
      vertex 34.841270 22.765957 0.000000
      vertex 34.841270 27.234043 0.000000
      vertex 37.698413 27.234043 0.000000
    endloop
  endfacet
  facet normal 0.000000 0.000000 1.000000
    outer loop
      vertex 34.841270 22.765957 0.400000
      vertex 37.698413 22.765957 0.400000
      vertex 37.698413 27.234043 0.400000
    endloop
  endfacet
  facet normal 0.000000 0.000000 1.000000
    outer loop
      vertex 34.841270 22.765957 0.400000
      vertex 37.698413 27.234043 0.400000
      vertex 34.841270 27.234043 0.400000
    endloop
  endfacet
  facet normal 0.000000 -1.000000 0.000000
    outer loop
      vertex 34.841270 22.765957 0.000000
      vertex 37.698413 22.765957 0.000000
      vertex 37.698413 22.765957 0.400000
    endloop
  endfacet
  facet normal 0.000000 -1.000000 0.000000
    outer loop
      vertex 34.841270 22.765957 0.000000
      vertex 37.698413 22.765957 0.400000
      vertex 34.841270 22.765957 0.400000
    endloop
  endfacet
  facet normal 0.000000 1.000000 0.000000
    outer loop
      vertex 34.841270 27.234043 0.000000
      vertex 37.698413 27.234043 0.400000
      vertex 37.698413 27.234043 0.000000
    endloop
  endfacet
  facet normal 0.000000 1.000000 0.000000
    outer loop
      vertex 34.841270 27.234043 0.000000
      vertex 34.841270 27.234043 0.400000
      vertex 37.698413 27.234043 0.400000
    endloop
  endfacet
  facet normal -1.000000 0.000000 0.000000
    outer loop
      vertex 34.841270 22.765957 0.000000
      vertex 34.841270 22.765957 0.400000
      vertex 34.841270 27.234043 0.400000
    endloop
  endfacet
  facet normal -1.000000 0.000000 0.000000
    outer loop
      vertex 34.841270 22.765957 0.000000
      vertex 34.841270 27.234043 0.400000
      vertex 34.841270 27.234043 0.000000
    endloop
  endfacet
  facet normal 1.000000 0.000000 0.000000
    outer loop
      vertex 37.698413 22.765957 0.000000
      vertex 37.698413 27.234043 0.000000
      vertex 37.698413 27.234043 0.400000
    endloop
  endfacet
  facet normal 1.000000 0.000000 0.000000
    outer loop
      vertex 37.698413 22.765957 0.000000
      vertex 37.698413 27.234043 0.400000
      vertex 37.698413 22.765957 0.400000
    endloop
  endfacet
  facet normal 0.000000 0.000000 -1.000000
    outer loop
      vertex 22.777778 22.765957 0.000000
      vertex 23.095238 23.085106 0.000000
      vertex 23.095238 22.765957 0.000000
    endloop
  endfacet
  facet normal 0.000000 0.000000 -1.000000
    outer loop
      vertex 22.777778 22.765957 0.000000
      vertex 22.777778 23.085106 0.000000
      vertex 23.095238 23.085106 0.000000
    endloop
  endfacet
  facet normal 0.000000 0.000000 1.000000
    outer loop
      vertex 22.777778 22.765957 0.400000
      vertex 23.095238 22.765957 0.400000
      vertex 23.095238 23.085106 0.400000
    endloop
  endfacet
  facet normal 0.000000 0.000000 1.000000
    outer loop
      vertex 22.777778 22.765957 0.400000
      vertex 23.095238 23.085106 0.400000
      vertex 22.777778 23.085106 0.400000
    endloop
  endfacet
  facet normal 0.000000 -1.000000 0.000000
    outer loop
      vertex 22.777778 22.765957 0.000000
      vertex 23.095238 22.765957 0.000000
      vertex 23.095238 22.765957 0.400000
    endloop
  endfacet
  facet normal 0.000000 -1.000000 0.000000
    outer loop
      vertex 22.777778 22.765957 0.000000
      vertex 23.095238 22.765957 0.400000
      vertex 22.777778 22.765957 0.400000
    endloop
  endfacet
  facet normal 0.000000 1.000000 0.000000
    outer loop
      vertex 22.777778 23.085106 0.000000
      vertex 23.095238 23.085106 0.400000
      vertex 23.095238 23.085106 0.000000
    endloop
  endfacet
  facet normal 0.000000 1.000000 0.000000
    outer loop
      vertex 22.777778 23.085106 0.000000
      vertex 22.777778 23.085106 0.400000
      vertex 23.095238 23.085106 0.400000
    endloop
  endfacet
  facet normal -1.000000 0.000000 0.000000
    outer loop
      vertex 22.777778 22.765957 0.000000
      vertex 22.777778 22.765957 0.400000
      vertex 22.777778 23.085106 0.400000
    endloop
  endfacet
  facet normal -1.000000 0.000000 0.000000
    outer loop
      vertex 22.777778 22.765957 0.000000
      vertex 22.777778 23.085106 0.400000
      vertex 22.777778 23.085106 0.000000
    endloop
  endfacet
  facet normal 1.000000 0.000000 0.000000
    outer loop
      vertex 23.095238 22.765957 0.000000
      vertex 23.095238 23.085106 0.000000
      vertex 23.095238 23.085106 0.400000
    endloop
  endfacet
  facet normal 1.000000 0.000000 0.000000
    outer loop
      vertex 23.095238 22.765957 0.000000
      vertex 23.095238 23.085106 0.400000
      vertex 23.095238 22.765957 0.400000
    endloop
  endfacet
  facet normal 0.000000 0.000000 -1.000000
    outer loop
      vertex 25.634921 22.765957 0.000000
      vertex 26.904762 23.085106 0.000000
      vertex 26.904762 22.765957 0.000000
    endloop
  endfacet
  facet normal 0.000000 0.000000 -1.000000
    outer loop
      vertex 25.634921 22.765957 0.000000
      vertex 25.634921 23.085106 0.000000
      vertex 26.904762 23.085106 0.000000
    endloop
  endfacet
  facet normal 0.000000 0.000000 1.000000
    outer loop
      vertex 25.634921 22.765957 0.400000
      vertex 26.904762 22.765957 0.400000
      vertex 26.904762 23.085106 0.400000
    endloop
  endfacet
  facet normal 0.000000 0.000000 1.000000
    outer loop
      vertex 25.634921 22.765957 0.400000
      vertex 26.904762 23.085106 0.400000
      vertex 25.634921 23.085106 0.400000
    endloop
  endfacet
  facet normal 0.000000 -1.000000 0.000000
    outer loop
      vertex 25.634921 22.765957 0.000000
      vertex 26.904762 22.765957 0.000000
      vertex 26.904762 22.765957 0.400000
    endloop
  endfacet
  facet normal 0.000000 -1.000000 0.000000
    outer loop
      vertex 25.634921 22.765957 0.000000
      vertex 26.904762 22.765957 0.400000
      vertex 25.634921 22.765957 0.400000
    endloop
  endfacet
  facet normal 0.000000 1.000000 0.000000
    outer loop
      vertex 25.634921 23.085106 0.000000
      vertex 26.904762 23.085106 0.400000
      vertex 26.904762 23.085106 0.000000
    endloop
  endfacet
  facet normal 0.000000 1.000000 0.000000
    outer loop
      vertex 25.634921 23.085106 0.000000
      vertex 25.634921 23.085106 0.400000
      vertex 26.904762 23.085106 0.400000
    endloop
  endfacet
  facet normal -1.000000 0.000000 0.000000
    outer loop
      vertex 25.634921 22.765957 0.000000
      vertex 25.634921 22.765957 0.400000
      vertex 25.634921 23.085106 0.400000
    endloop
  endfacet
  facet normal -1.000000 0.000000 0.000000
    outer loop
      vertex 25.634921 22.765957 0.000000
      vertex 25.634921 23.085106 0.400000
      vertex 25.634921 23.085106 0.000000
    endloop
  endfacet
  facet normal 1.000000 0.000000 0.000000
    outer loop
      vertex 26.904762 22.765957 0.000000
      vertex 26.904762 23.085106 0.000000
      vertex 26.904762 23.085106 0.400000
    endloop
  endfacet
  facet normal 1.000000 0.000000 0.000000
    outer loop
      vertex 26.904762 22.765957 0.000000
      vertex 26.904762 23.085106 0.400000
      vertex 26.904762 22.765957 0.400000
    endloop
  endfacet
  facet normal 0.000000 0.000000 -1.000000
    outer loop
      vertex 30.714286 22.765957 0.000000
      vertex 32.301587 23.085106 0.000000
      vertex 32.301587 22.765957 0.000000
    endloop
  endfacet
  facet normal 0.000000 0.000000 -1.000000
    outer loop
      vertex 30.714286 22.765957 0.000000
      vertex 30.714286 23.085106 0.000000
      vertex 32.301587 23.085106 0.000000
    endloop
  endfacet
  facet normal 0.000000 0.000000 1.000000
    outer loop
      vertex 30.714286 22.765957 0.400000
      vertex 32.301587 22.765957 0.400000
      vertex 32.301587 23.085106 0.400000
    endloop
  endfacet
  facet normal 0.000000 0.000000 1.000000
    outer loop
      vertex 30.714286 22.765957 0.400000
      vertex 32.301587 23.085106 0.400000
      vertex 30.714286 23.085106 0.400000
    endloop
  endfacet
  facet normal 0.000000 -1.000000 0.000000
    outer loop
      vertex 30.714286 22.765957 0.000000
      vertex 32.301587 22.765957 0.000000
      vertex 32.301587 22.765957 0.400000
    endloop
  endfacet
  facet normal 0.000000 -1.000000 0.000000
    outer loop
      vertex 30.714286 22.765957 0.000000
      vertex 32.301587 22.765957 0.400000
      vertex 30.714286 22.765957 0.400000
    endloop
  endfacet
  facet normal 0.000000 1.000000 0.000000
    outer loop
      vertex 30.714286 23.085106 0.000000
      vertex 32.301587 23.085106 0.400000
      vertex 32.301587 23.085106 0.000000
    endloop
  endfacet
  facet normal 0.000000 1.000000 0.000000
    outer loop
      vertex 30.714286 23.085106 0.000000
      vertex 30.714286 23.085106 0.400000
      vertex 32.301587 23.085106 0.400000
    endloop
  endfacet
  facet normal -1.000000 0.000000 0.000000
    outer loop
      vertex 30.714286 22.765957 0.000000
      vertex 30.714286 22.765957 0.400000
      vertex 30.714286 23.085106 0.400000
    endloop
  endfacet
  facet normal -1.000000 0.000000 0.000000
    outer loop
      vertex 30.714286 22.765957 0.000000
      vertex 30.714286 23.085106 0.400000
      vertex 30.714286 23.085106 0.000000
    endloop
  endfacet
  facet normal 1.000000 0.000000 0.000000
    outer loop
      vertex 32.301587 22.765957 0.000000
      vertex 32.301587 23.085106 0.000000
      vertex 32.301587 23.085106 0.400000
    endloop
  endfacet
  facet normal 1.000000 0.000000 0.000000
    outer loop
      vertex 32.301587 22.765957 0.000000
      vertex 32.301587 23.085106 0.400000
      vertex 32.301587 22.765957 0.400000
    endloop
  endfacet
  facet normal 0.000000 0.000000 -1.000000
    outer loop
      vertex 22.142857 22.446809 0.000000
      vertex 22.460317 22.765957 0.000000
      vertex 22.460317 22.446809 0.000000
    endloop
  endfacet
  facet normal 0.000000 0.000000 -1.000000
    outer loop
      vertex 22.142857 22.446809 0.000000
      vertex 22.142857 22.765957 0.000000
      vertex 22.460317 22.765957 0.000000
    endloop
  endfacet
  facet normal 0.000000 0.000000 1.000000
    outer loop
      vertex 22.142857 22.446809 0.400000
      vertex 22.460317 22.446809 0.400000
      vertex 22.460317 22.765957 0.400000
    endloop
  endfacet
  facet normal 0.000000 0.000000 1.000000
    outer loop
      vertex 22.142857 22.446809 0.400000
      vertex 22.460317 22.765957 0.400000
      vertex 22.142857 22.765957 0.400000
    endloop
  endfacet
  facet normal 0.000000 -1.000000 0.000000
    outer loop
      vertex 22.142857 22.446809 0.000000
      vertex 22.460317 22.446809 0.000000
      vertex 22.460317 22.446809 0.400000
    endloop
  endfacet
  facet normal 0.000000 -1.000000 0.000000
    outer loop
      vertex 22.142857 22.446809 0.000000
      vertex 22.460317 22.446809 0.400000
      vertex 22.142857 22.446809 0.400000
    endloop
  endfacet
  facet normal 0.000000 1.000000 0.000000
    outer loop
      vertex 22.142857 22.765957 0.000000
      vertex 22.460317 22.765957 0.400000
      vertex 22.460317 22.765957 0.000000
    endloop
  endfacet
  facet normal 0.000000 1.000000 0.000000
    outer loop
      vertex 22.142857 22.765957 0.000000
      vertex 22.142857 22.765957 0.400000
      vertex 22.460317 22.765957 0.400000
    endloop
  endfacet
  facet normal -1.000000 0.000000 0.000000
    outer loop
      vertex 22.142857 22.446809 0.000000
      vertex 22.142857 22.446809 0.400000
      vertex 22.142857 22.765957 0.400000
    endloop
  endfacet
  facet normal -1.000000 0.000000 0.000000
    outer loop
      vertex 22.142857 22.446809 0.000000
      vertex 22.142857 22.765957 0.400000
      vertex 22.142857 22.765957 0.000000
    endloop
  endfacet
  facet normal 1.000000 0.000000 0.000000
    outer loop
      vertex 22.460317 22.446809 0.000000
      vertex 22.460317 22.765957 0.000000
      vertex 22.460317 22.765957 0.400000
    endloop
  endfacet
  facet normal 1.000000 0.000000 0.000000
    outer loop
      vertex 22.460317 22.446809 0.000000
      vertex 22.460317 22.765957 0.400000
      vertex 22.460317 22.446809 0.400000
    endloop
  endfacet
  facet normal 0.000000 0.000000 -1.000000
    outer loop
      vertex 26.587302 22.446809 0.000000
      vertex 26.904762 22.765957 0.000000
      vertex 26.904762 22.446809 0.000000
    endloop
  endfacet
  facet normal 0.000000 0.000000 -1.000000
    outer loop
      vertex 26.587302 22.446809 0.000000
      vertex 26.587302 22.765957 0.000000
      vertex 26.904762 22.765957 0.000000
    endloop
  endfacet
  facet normal 0.000000 0.000000 1.000000
    outer loop
      vertex 26.587302 22.446809 0.400000
      vertex 26.904762 22.446809 0.400000
      vertex 26.904762 22.765957 0.400000
    endloop
  endfacet
  facet normal 0.000000 0.000000 1.000000
    outer loop
      vertex 26.587302 22.446809 0.400000
      vertex 26.904762 22.765957 0.400000
      vertex 26.587302 22.765957 0.400000
    endloop
  endfacet
  facet normal 0.000000 -1.000000 0.000000
    outer loop
      vertex 26.587302 22.446809 0.000000
      vertex 26.904762 22.446809 0.000000
      vertex 26.904762 22.446809 0.400000
    endloop
  endfacet
  facet normal 0.000000 -1.000000 0.000000
    outer loop
      vertex 26.587302 22.446809 0.000000
      vertex 26.904762 22.446809 0.400000
      vertex 26.587302 22.446809 0.400000
    endloop
  endfacet
  facet normal 0.000000 1.000000 0.000000
    outer loop
      vertex 26.587302 22.765957 0.000000
      vertex 26.904762 22.765957 0.400000
      vertex 26.904762 22.765957 0.000000
    endloop
  endfacet
  facet normal 0.000000 1.000000 0.000000
    outer loop
      vertex 26.587302 22.765957 0.000000
      vertex 26.587302 22.765957 0.400000
      vertex 26.904762 22.765957 0.400000
    endloop
  endfacet
  facet normal -1.000000 0.000000 0.000000
    outer loop
      vertex 26.587302 22.446809 0.000000
      vertex 26.587302 22.446809 0.400000
      vertex 26.587302 22.765957 0.400000
    endloop
  endfacet
  facet normal -1.000000 0.000000 0.000000
    outer loop
      vertex 26.587302 22.446809 0.000000
      vertex 26.587302 22.765957 0.400000
      vertex 26.587302 22.765957 0.000000
    endloop
  endfacet
  facet normal 1.000000 0.000000 0.000000
    outer loop
      vertex 26.904762 22.446809 0.000000
      vertex 26.904762 22.765957 0.000000
      vertex 26.904762 22.765957 0.400000
    endloop
  endfacet
  facet normal 1.000000 0.000000 0.000000
    outer loop
      vertex 26.904762 22.446809 0.000000
      vertex 26.904762 22.765957 0.400000
      vertex 26.904762 22.446809 0.400000
    endloop
  endfacet
  facet normal 0.000000 0.000000 -1.000000
    outer loop
      vertex 30.714286 22.446809 0.000000
      vertex 31.031746 22.765957 0.000000
      vertex 31.031746 22.446809 0.000000
    endloop
  endfacet
  facet normal 0.000000 0.000000 -1.000000
    outer loop
      vertex 30.714286 22.446809 0.000000
      vertex 30.714286 22.765957 0.000000
      vertex 31.031746 22.765957 0.000000
    endloop
  endfacet
  facet normal 0.000000 0.000000 1.000000
    outer loop
      vertex 30.714286 22.446809 0.400000
      vertex 31.031746 22.446809 0.400000
      vertex 31.031746 22.765957 0.400000
    endloop
  endfacet
  facet normal 0.000000 0.000000 1.000000
    outer loop
      vertex 30.714286 22.446809 0.400000
      vertex 31.031746 22.765957 0.400000
      vertex 30.714286 22.765957 0.400000
    endloop
  endfacet
  facet normal 0.000000 -1.000000 0.000000
    outer loop
      vertex 30.714286 22.446809 0.000000
      vertex 31.031746 22.446809 0.000000
      vertex 31.031746 22.446809 0.400000
    endloop
  endfacet
  facet normal 0.000000 -1.000000 0.000000
    outer loop
      vertex 30.714286 22.446809 0.000000
      vertex 31.031746 22.446809 0.400000
      vertex 30.714286 22.446809 0.400000
    endloop
  endfacet
  facet normal 0.000000 1.000000 0.000000
    outer loop
      vertex 30.714286 22.765957 0.000000
      vertex 31.031746 22.765957 0.400000
      vertex 31.031746 22.765957 0.000000
    endloop
  endfacet
  facet normal 0.000000 1.000000 0.000000
    outer loop
      vertex 30.714286 22.765957 0.000000
      vertex 30.714286 22.765957 0.400000
      vertex 31.031746 22.765957 0.400000
    endloop
  endfacet
  facet normal -1.000000 0.000000 0.000000
    outer loop
      vertex 30.714286 22.446809 0.000000
      vertex 30.714286 22.446809 0.400000
      vertex 30.714286 22.765957 0.400000
    endloop
  endfacet
  facet normal -1.000000 0.000000 0.000000
    outer loop
      vertex 30.714286 22.446809 0.000000
      vertex 30.714286 22.765957 0.400000
      vertex 30.714286 22.765957 0.000000
    endloop
  endfacet
  facet normal 1.000000 0.000000 0.000000
    outer loop
      vertex 31.031746 22.446809 0.000000
      vertex 31.031746 22.765957 0.000000
      vertex 31.031746 22.765957 0.400000
    endloop
  endfacet
  facet normal 1.000000 0.000000 0.000000
    outer loop
      vertex 31.031746 22.446809 0.000000
      vertex 31.031746 22.765957 0.400000
      vertex 31.031746 22.446809 0.400000
    endloop
  endfacet
  facet normal 0.000000 0.000000 -1.000000
    outer loop
      vertex 35.793651 22.446809 0.000000
      vertex 37.698413 22.765957 0.000000
      vertex 37.698413 22.446809 0.000000
    endloop
  endfacet
  facet normal 0.000000 0.000000 -1.000000
    outer loop
      vertex 35.793651 22.446809 0.000000
      vertex 35.793651 22.765957 0.000000
      vertex 37.698413 22.765957 0.000000
    endloop
  endfacet
  facet normal 0.000000 0.000000 1.000000
    outer loop
      vertex 35.793651 22.446809 0.400000
      vertex 37.698413 22.446809 0.400000
      vertex 37.698413 22.765957 0.400000
    endloop
  endfacet
  facet normal 0.000000 0.000000 1.000000
    outer loop
      vertex 35.793651 22.446809 0.400000
      vertex 37.698413 22.765957 0.400000
      vertex 35.793651 22.765957 0.400000
    endloop
  endfacet
  facet normal 0.000000 -1.000000 0.000000
    outer loop
      vertex 35.793651 22.446809 0.000000
      vertex 37.698413 22.446809 0.000000
      vertex 37.698413 22.446809 0.400000
    endloop
  endfacet
  facet normal 0.000000 -1.000000 0.000000
    outer loop
      vertex 35.793651 22.446809 0.000000
      vertex 37.698413 22.446809 0.400000
      vertex 35.793651 22.446809 0.400000
    endloop
  endfacet
  facet normal 0.000000 1.000000 0.000000
    outer loop
      vertex 35.793651 22.765957 0.000000
      vertex 37.698413 22.765957 0.400000
      vertex 37.698413 22.765957 0.000000
    endloop
  endfacet
  facet normal 0.000000 1.000000 0.000000
    outer loop
      vertex 35.793651 22.765957 0.000000
      vertex 35.793651 22.765957 0.400000
      vertex 37.698413 22.765957 0.400000
    endloop
  endfacet
  facet normal -1.000000 0.000000 0.000000
    outer loop
      vertex 35.793651 22.446809 0.000000
      vertex 35.793651 22.446809 0.400000
      vertex 35.793651 22.765957 0.400000
    endloop
  endfacet
  facet normal -1.000000 0.000000 0.000000
    outer loop
      vertex 35.793651 22.446809 0.000000
      vertex 35.793651 22.765957 0.400000
      vertex 35.793651 22.765957 0.000000
    endloop
  endfacet
  facet normal 1.000000 0.000000 0.000000
    outer loop
      vertex 37.698413 22.446809 0.000000
      vertex 37.698413 22.765957 0.000000
      vertex 37.698413 22.765957 0.400000
    endloop
  endfacet
  facet normal 1.000000 0.000000 0.000000
    outer loop
      vertex 37.698413 22.446809 0.000000
      vertex 37.698413 22.765957 0.400000
      vertex 37.698413 22.446809 0.400000
    endloop
  endfacet
  facet normal 0.000000 0.000000 -1.000000
    outer loop
      vertex 36.428571 22.127660 0.000000
      vertex 37.698413 22.446809 0.000000
      vertex 37.698413 22.127660 0.000000
    endloop
  endfacet
  facet normal 0.000000 0.000000 -1.000000
    outer loop
      vertex 36.428571 22.127660 0.000000
      vertex 36.428571 22.446809 0.000000
      vertex 37.698413 22.446809 0.000000
    endloop
  endfacet
  facet normal 0.000000 0.000000 1.000000
    outer loop
      vertex 36.428571 22.127660 0.400000
      vertex 37.698413 22.127660 0.400000
      vertex 37.698413 22.446809 0.400000
    endloop
  endfacet
  facet normal 0.000000 0.000000 1.000000
    outer loop
      vertex 36.428571 22.127660 0.400000
      vertex 37.698413 22.446809 0.400000
      vertex 36.428571 22.446809 0.400000
    endloop
  endfacet
  facet normal 0.000000 -1.000000 0.000000
    outer loop
      vertex 36.428571 22.127660 0.000000
      vertex 37.698413 22.127660 0.000000
      vertex 37.698413 22.127660 0.400000
    endloop
  endfacet
  facet normal 0.000000 -1.000000 0.000000
    outer loop
      vertex 36.428571 22.127660 0.000000
      vertex 37.698413 22.127660 0.400000
      vertex 36.428571 22.127660 0.400000
    endloop
  endfacet
  facet normal 0.000000 1.000000 0.000000
    outer loop
      vertex 36.428571 22.446809 0.000000
      vertex 37.698413 22.446809 0.400000
      vertex 37.698413 22.446809 0.000000
    endloop
  endfacet
  facet normal 0.000000 1.000000 0.000000
    outer loop
      vertex 36.428571 22.446809 0.000000
      vertex 36.428571 22.446809 0.400000
      vertex 37.698413 22.446809 0.400000
    endloop
  endfacet
  facet normal -1.000000 0.000000 0.000000
    outer loop
      vertex 36.428571 22.127660 0.000000
      vertex 36.428571 22.127660 0.400000
      vertex 36.428571 22.446809 0.400000
    endloop
  endfacet
  facet normal -1.000000 0.000000 0.000000
    outer loop
      vertex 36.428571 22.127660 0.000000
      vertex 36.428571 22.446809 0.400000
      vertex 36.428571 22.446809 0.000000
    endloop
  endfacet
  facet normal 1.000000 0.000000 0.000000
    outer loop
      vertex 37.698413 22.127660 0.000000
      vertex 37.698413 22.446809 0.000000
      vertex 37.698413 22.446809 0.400000
    endloop
  endfacet
  facet normal 1.000000 0.000000 0.000000
    outer loop
      vertex 37.698413 22.127660 0.000000
      vertex 37.698413 22.446809 0.400000
      vertex 37.698413 22.127660 0.400000
    endloop
  endfacet
  facet normal 0.000000 0.000000 -1.000000
    outer loop
      vertex 27.222222 21.808511 0.000000
      vertex 27.857143 22.127660 0.000000
      vertex 27.857143 21.808511 0.000000
    endloop
  endfacet
  facet normal 0.000000 0.000000 -1.000000
    outer loop
      vertex 27.222222 21.808511 0.000000
      vertex 27.222222 22.127660 0.000000
      vertex 27.857143 22.127660 0.000000
    endloop
  endfacet
  facet normal 0.000000 0.000000 1.000000
    outer loop
      vertex 27.222222 21.808511 0.400000
      vertex 27.857143 21.808511 0.400000
      vertex 27.857143 22.127660 0.400000
    endloop
  endfacet
  facet normal 0.000000 0.000000 1.000000
    outer loop
      vertex 27.222222 21.808511 0.400000
      vertex 27.857143 22.127660 0.400000
      vertex 27.222222 22.127660 0.400000
    endloop
  endfacet
  facet normal 0.000000 -1.000000 0.000000
    outer loop
      vertex 27.222222 21.808511 0.000000
      vertex 27.857143 21.808511 0.000000
      vertex 27.857143 21.808511 0.400000
    endloop
  endfacet
  facet normal 0.000000 -1.000000 0.000000
    outer loop
      vertex 27.222222 21.808511 0.000000
      vertex 27.857143 21.808511 0.400000
      vertex 27.222222 21.808511 0.400000
    endloop
  endfacet
  facet normal 0.000000 1.000000 0.000000
    outer loop
      vertex 27.222222 22.127660 0.000000
      vertex 27.857143 22.127660 0.400000
      vertex 27.857143 22.127660 0.000000
    endloop
  endfacet
  facet normal 0.000000 1.000000 0.000000
    outer loop
      vertex 27.222222 22.127660 0.000000
      vertex 27.222222 22.127660 0.400000
      vertex 27.857143 22.127660 0.400000
    endloop
  endfacet
  facet normal -1.000000 0.000000 0.000000
    outer loop
      vertex 27.222222 21.808511 0.000000
      vertex 27.222222 21.808511 0.400000
      vertex 27.222222 22.127660 0.400000
    endloop
  endfacet
  facet normal -1.000000 0.000000 0.000000
    outer loop
      vertex 27.222222 21.808511 0.000000
      vertex 27.222222 22.127660 0.400000
      vertex 27.222222 22.127660 0.000000
    endloop
  endfacet
  facet normal 1.000000 0.000000 0.000000
    outer loop
      vertex 27.857143 21.808511 0.000000
      vertex 27.857143 22.127660 0.000000
      vertex 27.857143 22.127660 0.400000
    endloop
  endfacet
  facet normal 1.000000 0.000000 0.000000
    outer loop
      vertex 27.857143 21.808511 0.000000
      vertex 27.857143 22.127660 0.400000
      vertex 27.857143 21.808511 0.400000
    endloop
  endfacet
  facet normal 0.000000 0.000000 -1.000000
    outer loop
      vertex 36.746032 21.808511 0.000000
      vertex 37.698413 22.127660 0.000000
      vertex 37.698413 21.808511 0.000000
    endloop
  endfacet
  facet normal 0.000000 0.000000 -1.000000
    outer loop
      vertex 36.746032 21.808511 0.000000
      vertex 36.746032 22.127660 0.000000
      vertex 37.698413 22.127660 0.000000
    endloop
  endfacet
  facet normal 0.000000 0.000000 1.000000
    outer loop
      vertex 36.746032 21.808511 0.400000
      vertex 37.698413 21.808511 0.400000
      vertex 37.698413 22.127660 0.400000
    endloop
  endfacet
  facet normal 0.000000 0.000000 1.000000
    outer loop
      vertex 36.746032 21.808511 0.400000
      vertex 37.698413 22.127660 0.400000
      vertex 36.746032 22.127660 0.400000
    endloop
  endfacet
  facet normal 0.000000 -1.000000 0.000000
    outer loop
      vertex 36.746032 21.808511 0.000000
      vertex 37.698413 21.808511 0.000000
      vertex 37.698413 21.808511 0.400000
    endloop
  endfacet
  facet normal 0.000000 -1.000000 0.000000
    outer loop
      vertex 36.746032 21.808511 0.000000
      vertex 37.698413 21.808511 0.400000
      vertex 36.746032 21.808511 0.400000
    endloop
  endfacet
  facet normal 0.000000 1.000000 0.000000
    outer loop
      vertex 36.746032 22.127660 0.000000
      vertex 37.698413 22.127660 0.400000
      vertex 37.698413 22.127660 0.000000
    endloop
  endfacet
  facet normal 0.000000 1.000000 0.000000
    outer loop
      vertex 36.746032 22.127660 0.000000
      vertex 36.746032 22.127660 0.400000
      vertex 37.698413 22.127660 0.400000
    endloop
  endfacet
  facet normal -1.000000 0.000000 0.000000
    outer loop
      vertex 36.746032 21.808511 0.000000
      vertex 36.746032 21.808511 0.400000
      vertex 36.746032 22.127660 0.400000
    endloop
  endfacet
  facet normal -1.000000 0.000000 0.000000
    outer loop
      vertex 36.746032 21.808511 0.000000
      vertex 36.746032 22.127660 0.400000
      vertex 36.746032 22.127660 0.000000
    endloop
  endfacet
  facet normal 1.000000 0.000000 0.000000
    outer loop
      vertex 37.698413 21.808511 0.000000
      vertex 37.698413 22.127660 0.000000
      vertex 37.698413 22.127660 0.400000
    endloop
  endfacet
  facet normal 1.000000 0.000000 0.000000
    outer loop
      vertex 37.698413 21.808511 0.000000
      vertex 37.698413 22.127660 0.400000
      vertex 37.698413 21.808511 0.400000
    endloop
  endfacet
  facet normal 0.000000 0.000000 -1.000000
    outer loop
      vertex 27.539683 21.489362 0.000000
      vertex 27.857143 21.808511 0.000000
      vertex 27.857143 21.489362 0.000000
    endloop
  endfacet
  facet normal 0.000000 0.000000 -1.000000
    outer loop
      vertex 27.539683 21.489362 0.000000
      vertex 27.539683 21.808511 0.000000
      vertex 27.857143 21.808511 0.000000
    endloop
  endfacet
  facet normal 0.000000 0.000000 1.000000
    outer loop
      vertex 27.539683 21.489362 0.400000
      vertex 27.857143 21.489362 0.400000
      vertex 27.857143 21.808511 0.400000
    endloop
  endfacet
  facet normal 0.000000 0.000000 1.000000
    outer loop
      vertex 27.539683 21.489362 0.400000
      vertex 27.857143 21.808511 0.400000
      vertex 27.539683 21.808511 0.400000
    endloop
  endfacet
  facet normal 0.000000 -1.000000 0.000000
    outer loop
      vertex 27.539683 21.489362 0.000000
      vertex 27.857143 21.489362 0.000000
      vertex 27.857143 21.489362 0.400000
    endloop
  endfacet
  facet normal 0.000000 -1.000000 0.000000
    outer loop
      vertex 27.539683 21.489362 0.000000
      vertex 27.857143 21.489362 0.400000
      vertex 27.539683 21.489362 0.400000
    endloop
  endfacet
  facet normal 0.000000 1.000000 0.000000
    outer loop
      vertex 27.539683 21.808511 0.000000
      vertex 27.857143 21.808511 0.400000
      vertex 27.857143 21.808511 0.000000
    endloop
  endfacet
  facet normal 0.000000 1.000000 0.000000
    outer loop
      vertex 27.539683 21.808511 0.000000
      vertex 27.539683 21.808511 0.400000
      vertex 27.857143 21.808511 0.400000
    endloop
  endfacet
  facet normal -1.000000 0.000000 0.000000
    outer loop
      vertex 27.539683 21.489362 0.000000
      vertex 27.539683 21.489362 0.400000
      vertex 27.539683 21.808511 0.400000
    endloop
  endfacet
  facet normal -1.000000 0.000000 0.000000
    outer loop
      vertex 27.539683 21.489362 0.000000
      vertex 27.539683 21.808511 0.400000
      vertex 27.539683 21.808511 0.000000
    endloop
  endfacet
  facet normal 1.000000 0.000000 0.000000
    outer loop
      vertex 27.857143 21.489362 0.000000
      vertex 27.857143 21.808511 0.000000
      vertex 27.857143 21.808511 0.400000
    endloop
  endfacet
  facet normal 1.000000 0.000000 0.000000
    outer loop
      vertex 27.857143 21.489362 0.000000
      vertex 27.857143 21.808511 0.400000
      vertex 27.857143 21.489362 0.400000
    endloop
  endfacet
  facet normal 0.000000 0.000000 -1.000000
    outer loop
      vertex 37.063492 21.489362 0.000000
      vertex 37.698413 21.808511 0.000000
      vertex 37.698413 21.489362 0.000000
    endloop
  endfacet
  facet normal 0.000000 0.000000 -1.000000
    outer loop
      vertex 37.063492 21.489362 0.000000
      vertex 37.063492 21.808511 0.000000
      vertex 37.698413 21.808511 0.000000
    endloop
  endfacet
  facet normal 0.000000 0.000000 1.000000
    outer loop
      vertex 37.063492 21.489362 0.400000
      vertex 37.698413 21.489362 0.400000
      vertex 37.698413 21.808511 0.400000
    endloop
  endfacet
  facet normal 0.000000 0.000000 1.000000
    outer loop
      vertex 37.063492 21.489362 0.400000
      vertex 37.698413 21.808511 0.400000
      vertex 37.063492 21.808511 0.400000
    endloop
  endfacet
  facet normal 0.000000 -1.000000 0.000000
    outer loop
      vertex 37.063492 21.489362 0.000000
      vertex 37.698413 21.489362 0.000000
      vertex 37.698413 21.489362 0.400000
    endloop
  endfacet
  facet normal 0.000000 -1.000000 0.000000
    outer loop
      vertex 37.063492 21.489362 0.000000
      vertex 37.698413 21.489362 0.400000
      vertex 37.063492 21.489362 0.400000
    endloop
  endfacet
  facet normal 0.000000 1.000000 0.000000
    outer loop
      vertex 37.063492 21.808511 0.000000
      vertex 37.698413 21.808511 0.400000
      vertex 37.698413 21.808511 0.000000
    endloop
  endfacet
  facet normal 0.000000 1.000000 0.000000
    outer loop
      vertex 37.063492 21.808511 0.000000
      vertex 37.063492 21.808511 0.400000
      vertex 37.698413 21.808511 0.400000
    endloop
  endfacet
  facet normal -1.000000 0.000000 0.000000
    outer loop
      vertex 37.063492 21.489362 0.000000
      vertex 37.063492 21.489362 0.400000
      vertex 37.063492 21.808511 0.400000
    endloop
  endfacet
  facet normal -1.000000 0.000000 0.000000
    outer loop
      vertex 37.063492 21.489362 0.000000
      vertex 37.063492 21.808511 0.400000
      vertex 37.063492 21.808511 0.000000
    endloop
  endfacet
  facet normal 1.000000 0.000000 0.000000
    outer loop
      vertex 37.698413 21.489362 0.000000
      vertex 37.698413 21.808511 0.000000
      vertex 37.698413 21.808511 0.400000
    endloop
  endfacet
  facet normal 1.000000 0.000000 0.000000
    outer loop
      vertex 37.698413 21.489362 0.000000
      vertex 37.698413 21.808511 0.400000
      vertex 37.698413 21.489362 0.400000
    endloop
  endfacet
  facet normal 0.000000 0.000000 -1.000000
    outer loop
      vertex 37.380952 20.851064 0.000000
      vertex 37.698413 21.489362 0.000000
      vertex 37.698413 20.851064 0.000000
    endloop
  endfacet
  facet normal 0.000000 0.000000 -1.000000
    outer loop
      vertex 37.380952 20.851064 0.000000
      vertex 37.380952 21.489362 0.000000
      vertex 37.698413 21.489362 0.000000
    endloop
  endfacet
  facet normal 0.000000 0.000000 1.000000
    outer loop
      vertex 37.380952 20.851064 0.400000
      vertex 37.698413 20.851064 0.400000
      vertex 37.698413 21.489362 0.400000
    endloop
  endfacet
  facet normal 0.000000 0.000000 1.000000
    outer loop
      vertex 37.380952 20.851064 0.400000
      vertex 37.698413 21.489362 0.400000
      vertex 37.380952 21.489362 0.400000
    endloop
  endfacet
  facet normal 0.000000 -1.000000 0.000000
    outer loop
      vertex 37.380952 20.851064 0.000000
      vertex 37.698413 20.851064 0.000000
      vertex 37.698413 20.851064 0.400000
    endloop
  endfacet
  facet normal 0.000000 -1.000000 0.000000
    outer loop
      vertex 37.380952 20.851064 0.000000
      vertex 37.698413 20.851064 0.400000
      vertex 37.380952 20.851064 0.400000
    endloop
  endfacet
  facet normal 0.000000 1.000000 0.000000
    outer loop
      vertex 37.380952 21.489362 0.000000
      vertex 37.698413 21.489362 0.400000
      vertex 37.698413 21.489362 0.000000
    endloop
  endfacet
  facet normal 0.000000 1.000000 0.000000
    outer loop
      vertex 37.380952 21.489362 0.000000
      vertex 37.380952 21.489362 0.400000
      vertex 37.698413 21.489362 0.400000
    endloop
  endfacet
  facet normal -1.000000 0.000000 0.000000
    outer loop
      vertex 37.380952 20.851064 0.000000
      vertex 37.380952 20.851064 0.400000
      vertex 37.380952 21.489362 0.400000
    endloop
  endfacet
  facet normal -1.000000 0.000000 0.000000
    outer loop
      vertex 37.380952 20.851064 0.000000
      vertex 37.380952 21.489362 0.400000
      vertex 37.380952 21.489362 0.000000
    endloop
  endfacet
  facet normal 1.000000 0.000000 0.000000
    outer loop
      vertex 37.698413 20.851064 0.000000
      vertex 37.698413 21.489362 0.000000
      vertex 37.698413 21.489362 0.400000
    endloop
  endfacet
  facet normal 1.000000 0.000000 0.000000
    outer loop
      vertex 37.698413 20.851064 0.000000
      vertex 37.698413 21.489362 0.400000
      vertex 37.698413 20.851064 0.400000
    endloop
  endfacet
  facet normal 0.000000 0.000000 -1.000000
    outer loop
      vertex 23.730159 14.148936 0.000000
      vertex 25.000000 21.170213 0.000000
      vertex 25.000000 14.148936 0.000000
    endloop
  endfacet
  facet normal 0.000000 0.000000 -1.000000
    outer loop
      vertex 23.730159 14.148936 0.000000
      vertex 23.730159 21.170213 0.000000
      vertex 25.000000 21.170213 0.000000
    endloop
  endfacet
  facet normal 0.000000 0.000000 1.000000
    outer loop
      vertex 23.730159 14.148936 0.400000
      vertex 25.000000 14.148936 0.400000
      vertex 25.000000 21.170213 0.400000
    endloop
  endfacet
  facet normal 0.000000 0.000000 1.000000
    outer loop
      vertex 23.730159 14.148936 0.400000
      vertex 25.000000 21.170213 0.400000
      vertex 23.730159 21.170213 0.400000
    endloop
  endfacet
  facet normal 0.000000 -1.000000 0.000000
    outer loop
      vertex 23.730159 14.148936 0.000000
      vertex 25.000000 14.148936 0.000000
      vertex 25.000000 14.148936 0.400000
    endloop
  endfacet
  facet normal 0.000000 -1.000000 0.000000
    outer loop
      vertex 23.730159 14.148936 0.000000
      vertex 25.000000 14.148936 0.400000
      vertex 23.730159 14.148936 0.400000
    endloop
  endfacet
  facet normal 0.000000 1.000000 0.000000
    outer loop
      vertex 23.730159 21.170213 0.000000
      vertex 25.000000 21.170213 0.400000
      vertex 25.000000 21.170213 0.000000
    endloop
  endfacet
  facet normal 0.000000 1.000000 0.000000
    outer loop
      vertex 23.730159 21.170213 0.000000
      vertex 23.730159 21.170213 0.400000
      vertex 25.000000 21.170213 0.400000
    endloop
  endfacet
  facet normal -1.000000 0.000000 0.000000
    outer loop
      vertex 23.730159 14.148936 0.000000
      vertex 23.730159 14.148936 0.400000
      vertex 23.730159 21.170213 0.400000
    endloop
  endfacet
  facet normal -1.000000 0.000000 0.000000
    outer loop
      vertex 23.730159 14.148936 0.000000
      vertex 23.730159 21.170213 0.400000
      vertex 23.730159 21.170213 0.000000
    endloop
  endfacet
  facet normal 1.000000 0.000000 0.000000
    outer loop
      vertex 25.000000 14.148936 0.000000
      vertex 25.000000 21.170213 0.000000
      vertex 25.000000 21.170213 0.400000
    endloop
  endfacet
  facet normal 1.000000 0.000000 0.000000
    outer loop
      vertex 25.000000 14.148936 0.000000
      vertex 25.000000 21.170213 0.400000
      vertex 25.000000 14.148936 0.400000
    endloop
  endfacet
  facet normal 0.000000 0.000000 -1.000000
    outer loop
      vertex 28.174603 20.212766 0.000000
      vertex 28.492063 21.170213 0.000000
      vertex 28.492063 20.212766 0.000000
    endloop
  endfacet
  facet normal 0.000000 0.000000 -1.000000
    outer loop
      vertex 28.174603 20.212766 0.000000
      vertex 28.174603 21.170213 0.000000
      vertex 28.492063 21.170213 0.000000
    endloop
  endfacet
  facet normal 0.000000 0.000000 1.000000
    outer loop
      vertex 28.174603 20.212766 0.400000
      vertex 28.492063 20.212766 0.400000
      vertex 28.492063 21.170213 0.400000
    endloop
  endfacet
  facet normal 0.000000 0.000000 1.000000
    outer loop
      vertex 28.174603 20.212766 0.400000
      vertex 28.492063 21.170213 0.400000
      vertex 28.174603 21.170213 0.400000
    endloop
  endfacet
  facet normal 0.000000 -1.000000 0.000000
    outer loop
      vertex 28.174603 20.212766 0.000000
      vertex 28.492063 20.212766 0.000000
      vertex 28.492063 20.212766 0.400000
    endloop
  endfacet
  facet normal 0.000000 -1.000000 0.000000
    outer loop
      vertex 28.174603 20.212766 0.000000
      vertex 28.492063 20.212766 0.400000
      vertex 28.174603 20.212766 0.400000
    endloop
  endfacet
  facet normal 0.000000 1.000000 0.000000
    outer loop
      vertex 28.174603 21.170213 0.000000
      vertex 28.492063 21.170213 0.400000
      vertex 28.492063 21.170213 0.000000
    endloop
  endfacet
  facet normal 0.000000 1.000000 0.000000
    outer loop
      vertex 28.174603 21.170213 0.000000
      vertex 28.174603 21.170213 0.400000
      vertex 28.492063 21.170213 0.400000
    endloop
  endfacet
  facet normal -1.000000 0.000000 0.000000
    outer loop
      vertex 28.174603 20.212766 0.000000
      vertex 28.174603 20.212766 0.400000
      vertex 28.174603 21.170213 0.400000
    endloop
  endfacet
  facet normal -1.000000 0.000000 0.000000
    outer loop
      vertex 28.174603 20.212766 0.000000
      vertex 28.174603 21.170213 0.400000
      vertex 28.174603 21.170213 0.000000
    endloop
  endfacet
  facet normal 1.000000 0.000000 0.000000
    outer loop
      vertex 28.492063 20.212766 0.000000
      vertex 28.492063 21.170213 0.000000
      vertex 28.492063 21.170213 0.400000
    endloop
  endfacet
  facet normal 1.000000 0.000000 0.000000
    outer loop
      vertex 28.492063 20.212766 0.000000
      vertex 28.492063 21.170213 0.400000
      vertex 28.492063 20.212766 0.400000
    endloop
  endfacet
  facet normal 0.000000 0.000000 -1.000000
    outer loop
      vertex 31.984127 19.255319 0.000000
      vertex 34.206349 21.170213 0.000000
      vertex 34.206349 19.255319 0.000000
    endloop
  endfacet
  facet normal 0.000000 0.000000 -1.000000
    outer loop
      vertex 31.984127 19.255319 0.000000
      vertex 31.984127 21.170213 0.000000
      vertex 34.206349 21.170213 0.000000
    endloop
  endfacet
  facet normal 0.000000 0.000000 1.000000
    outer loop
      vertex 31.984127 19.255319 0.400000
      vertex 34.206349 19.255319 0.400000
      vertex 34.206349 21.170213 0.400000
    endloop
  endfacet
  facet normal 0.000000 0.000000 1.000000
    outer loop
      vertex 31.984127 19.255319 0.400000
      vertex 34.206349 21.170213 0.400000
      vertex 31.984127 21.170213 0.400000
    endloop
  endfacet
  facet normal 0.000000 -1.000000 0.000000
    outer loop
      vertex 31.984127 19.255319 0.000000
      vertex 34.206349 19.255319 0.000000
      vertex 34.206349 19.255319 0.400000
    endloop
  endfacet
  facet normal 0.000000 -1.000000 0.000000
    outer loop
      vertex 31.984127 19.255319 0.000000
      vertex 34.206349 19.255319 0.400000
      vertex 31.984127 19.255319 0.400000
    endloop
  endfacet
  facet normal 0.000000 1.000000 0.000000
    outer loop
      vertex 31.984127 21.170213 0.000000
      vertex 34.206349 21.170213 0.400000
      vertex 34.206349 21.170213 0.000000
    endloop
  endfacet
  facet normal 0.000000 1.000000 0.000000
    outer loop
      vertex 31.984127 21.170213 0.000000
      vertex 31.984127 21.170213 0.400000
      vertex 34.206349 21.170213 0.400000
    endloop
  endfacet
  facet normal -1.000000 0.000000 0.000000
    outer loop
      vertex 31.984127 19.255319 0.000000
      vertex 31.984127 19.255319 0.400000
      vertex 31.984127 21.170213 0.400000
    endloop
  endfacet
  facet normal -1.000000 0.000000 0.000000
    outer loop
      vertex 31.984127 19.255319 0.000000
      vertex 31.984127 21.170213 0.400000
      vertex 31.984127 21.170213 0.000000
    endloop
  endfacet
  facet normal 1.000000 0.000000 0.000000
    outer loop
      vertex 34.206349 19.255319 0.000000
      vertex 34.206349 21.170213 0.000000
      vertex 34.206349 21.170213 0.400000
    endloop
  endfacet
  facet normal 1.000000 0.000000 0.000000
    outer loop
      vertex 34.206349 19.255319 0.000000
      vertex 34.206349 21.170213 0.400000
      vertex 34.206349 19.255319 0.400000
    endloop
  endfacet
  facet normal 0.000000 0.000000 -1.000000
    outer loop
      vertex 23.412698 14.468085 0.000000
      vertex 23.730159 20.851064 0.000000
      vertex 23.730159 14.468085 0.000000
    endloop
  endfacet
  facet normal 0.000000 0.000000 -1.000000
    outer loop
      vertex 23.412698 14.468085 0.000000
      vertex 23.412698 20.851064 0.000000
      vertex 23.730159 20.851064 0.000000
    endloop
  endfacet
  facet normal 0.000000 0.000000 1.000000
    outer loop
      vertex 23.412698 14.468085 0.400000
      vertex 23.730159 14.468085 0.400000
      vertex 23.730159 20.851064 0.400000
    endloop
  endfacet
  facet normal 0.000000 0.000000 1.000000
    outer loop
      vertex 23.412698 14.468085 0.400000
      vertex 23.730159 20.851064 0.400000
      vertex 23.412698 20.851064 0.400000
    endloop
  endfacet
  facet normal 0.000000 -1.000000 0.000000
    outer loop
      vertex 23.412698 14.468085 0.000000
      vertex 23.730159 14.468085 0.000000
      vertex 23.730159 14.468085 0.400000
    endloop
  endfacet
  facet normal 0.000000 -1.000000 0.000000
    outer loop
      vertex 23.412698 14.468085 0.000000
      vertex 23.730159 14.468085 0.400000
      vertex 23.412698 14.468085 0.400000
    endloop
  endfacet
  facet normal 0.000000 1.000000 0.000000
    outer loop
      vertex 23.412698 20.851064 0.000000
      vertex 23.730159 20.851064 0.400000
      vertex 23.730159 20.851064 0.000000
    endloop
  endfacet
  facet normal 0.000000 1.000000 0.000000
    outer loop
      vertex 23.412698 20.851064 0.000000
      vertex 23.412698 20.851064 0.400000
      vertex 23.730159 20.851064 0.400000
    endloop
  endfacet
  facet normal -1.000000 0.000000 0.000000
    outer loop
      vertex 23.412698 14.468085 0.000000
      vertex 23.412698 14.468085 0.400000
      vertex 23.412698 20.851064 0.400000
    endloop
  endfacet
  facet normal -1.000000 0.000000 0.000000
    outer loop
      vertex 23.412698 14.468085 0.000000
      vertex 23.412698 20.851064 0.400000
      vertex 23.412698 20.851064 0.000000
    endloop
  endfacet
  facet normal 1.000000 0.000000 0.000000
    outer loop
      vertex 23.730159 14.468085 0.000000
      vertex 23.730159 20.851064 0.000000
      vertex 23.730159 20.851064 0.400000
    endloop
  endfacet
  facet normal 1.000000 0.000000 0.000000
    outer loop
      vertex 23.730159 14.468085 0.000000
      vertex 23.730159 20.851064 0.400000
      vertex 23.730159 14.468085 0.400000
    endloop
  endfacet
  facet normal 0.000000 0.000000 -1.000000
    outer loop
      vertex 25.000000 14.468085 0.000000
      vertex 25.634921 20.851064 0.000000
      vertex 25.634921 14.468085 0.000000
    endloop
  endfacet
  facet normal 0.000000 0.000000 -1.000000
    outer loop
      vertex 25.000000 14.468085 0.000000
      vertex 25.000000 20.851064 0.000000
      vertex 25.634921 20.851064 0.000000
    endloop
  endfacet
  facet normal 0.000000 0.000000 1.000000
    outer loop
      vertex 25.000000 14.468085 0.400000
      vertex 25.634921 14.468085 0.400000
      vertex 25.634921 20.851064 0.400000
    endloop
  endfacet
  facet normal 0.000000 0.000000 1.000000
    outer loop
      vertex 25.000000 14.468085 0.400000
      vertex 25.634921 20.851064 0.400000
      vertex 25.000000 20.851064 0.400000
    endloop
  endfacet
  facet normal 0.000000 -1.000000 0.000000
    outer loop
      vertex 25.000000 14.468085 0.000000
      vertex 25.634921 14.468085 0.000000
      vertex 25.634921 14.468085 0.400000
    endloop
  endfacet
  facet normal 0.000000 -1.000000 0.000000
    outer loop
      vertex 25.000000 14.468085 0.000000
      vertex 25.634921 14.468085 0.400000
      vertex 25.000000 14.468085 0.400000
    endloop
  endfacet
  facet normal 0.000000 1.000000 0.000000
    outer loop
      vertex 25.000000 20.851064 0.000000
      vertex 25.634921 20.851064 0.400000
      vertex 25.634921 20.851064 0.000000
    endloop
  endfacet
  facet normal 0.000000 1.000000 0.000000
    outer loop
      vertex 25.000000 20.851064 0.000000
      vertex 25.000000 20.851064 0.400000
      vertex 25.634921 20.851064 0.400000
    endloop
  endfacet
  facet normal -1.000000 0.000000 0.000000
    outer loop
      vertex 25.000000 14.468085 0.000000
      vertex 25.000000 14.468085 0.400000
      vertex 25.000000 20.851064 0.400000
    endloop
  endfacet
  facet normal -1.000000 0.000000 0.000000
    outer loop
      vertex 25.000000 14.468085 0.000000
      vertex 25.000000 20.851064 0.400000
      vertex 25.000000 20.851064 0.000000
    endloop
  endfacet
  facet normal 1.000000 0.000000 0.000000
    outer loop
      vertex 25.634921 14.468085 0.000000
      vertex 25.634921 20.851064 0.000000
      vertex 25.634921 20.851064 0.400000
    endloop
  endfacet
  facet normal 1.000000 0.000000 0.000000
    outer loop
      vertex 25.634921 14.468085 0.000000
      vertex 25.634921 20.851064 0.400000
      vertex 25.634921 14.468085 0.400000
    endloop
  endfacet
  facet normal 0.000000 0.000000 -1.000000
    outer loop
      vertex 31.031746 18.936170 0.000000
      vertex 31.984127 20.851064 0.000000
      vertex 31.984127 18.936170 0.000000
    endloop
  endfacet
  facet normal 0.000000 0.000000 -1.000000
    outer loop
      vertex 31.031746 18.936170 0.000000
      vertex 31.031746 20.851064 0.000000
      vertex 31.984127 20.851064 0.000000
    endloop
  endfacet
  facet normal 0.000000 0.000000 1.000000
    outer loop
      vertex 31.031746 18.936170 0.400000
      vertex 31.984127 18.936170 0.400000
      vertex 31.984127 20.851064 0.400000
    endloop
  endfacet
  facet normal 0.000000 0.000000 1.000000
    outer loop
      vertex 31.031746 18.936170 0.400000
      vertex 31.984127 20.851064 0.400000
      vertex 31.031746 20.851064 0.400000
    endloop
  endfacet
  facet normal 0.000000 -1.000000 0.000000
    outer loop
      vertex 31.031746 18.936170 0.000000
      vertex 31.984127 18.936170 0.000000
      vertex 31.984127 18.936170 0.400000
    endloop
  endfacet
  facet normal 0.000000 -1.000000 0.000000
    outer loop
      vertex 31.031746 18.936170 0.000000
      vertex 31.984127 18.936170 0.400000
      vertex 31.031746 18.936170 0.400000
    endloop
  endfacet
  facet normal 0.000000 1.000000 0.000000
    outer loop
      vertex 31.031746 20.851064 0.000000
      vertex 31.984127 20.851064 0.400000
      vertex 31.984127 20.851064 0.000000
    endloop
  endfacet
  facet normal 0.000000 1.000000 0.000000
    outer loop
      vertex 31.031746 20.851064 0.000000
      vertex 31.031746 20.851064 0.400000
      vertex 31.984127 20.851064 0.400000
    endloop
  endfacet
  facet normal -1.000000 0.000000 0.000000
    outer loop
      vertex 31.031746 18.936170 0.000000
      vertex 31.031746 18.936170 0.400000
      vertex 31.031746 20.851064 0.400000
    endloop
  endfacet
  facet normal -1.000000 0.000000 0.000000
    outer loop
      vertex 31.031746 18.936170 0.000000
      vertex 31.031746 20.851064 0.400000
      vertex 31.031746 20.851064 0.000000
    endloop
  endfacet
  facet normal 1.000000 0.000000 0.000000
    outer loop
      vertex 31.984127 18.936170 0.000000
      vertex 31.984127 20.851064 0.000000
      vertex 31.984127 20.851064 0.400000
    endloop
  endfacet
  facet normal 1.000000 0.000000 0.000000
    outer loop
      vertex 31.984127 18.936170 0.000000
      vertex 31.984127 20.851064 0.400000
      vertex 31.984127 18.936170 0.400000
    endloop
  endfacet
  facet normal 0.000000 0.000000 -1.000000
    outer loop
      vertex 34.206349 19.255319 0.000000
      vertex 34.841270 20.851064 0.000000
      vertex 34.841270 19.255319 0.000000
    endloop
  endfacet
  facet normal 0.000000 0.000000 -1.000000
    outer loop
      vertex 34.206349 19.255319 0.000000
      vertex 34.206349 20.851064 0.000000
      vertex 34.841270 20.851064 0.000000
    endloop
  endfacet
  facet normal 0.000000 0.000000 1.000000
    outer loop
      vertex 34.206349 19.255319 0.400000
      vertex 34.841270 19.255319 0.400000
      vertex 34.841270 20.851064 0.400000
    endloop
  endfacet
  facet normal 0.000000 0.000000 1.000000
    outer loop
      vertex 34.206349 19.255319 0.400000
      vertex 34.841270 20.851064 0.400000
      vertex 34.206349 20.851064 0.400000
    endloop
  endfacet
  facet normal 0.000000 -1.000000 0.000000
    outer loop
      vertex 34.206349 19.255319 0.000000
      vertex 34.841270 19.255319 0.000000
      vertex 34.841270 19.255319 0.400000
    endloop
  endfacet
  facet normal 0.000000 -1.000000 0.000000
    outer loop
      vertex 34.206349 19.255319 0.000000
      vertex 34.841270 19.255319 0.400000
      vertex 34.206349 19.255319 0.400000
    endloop
  endfacet
  facet normal 0.000000 1.000000 0.000000
    outer loop
      vertex 34.206349 20.851064 0.000000
      vertex 34.841270 20.851064 0.400000
      vertex 34.841270 20.851064 0.000000
    endloop
  endfacet
  facet normal 0.000000 1.000000 0.000000
    outer loop
      vertex 34.206349 20.851064 0.000000
      vertex 34.206349 20.851064 0.400000
      vertex 34.841270 20.851064 0.400000
    endloop
  endfacet
  facet normal -1.000000 0.000000 0.000000
    outer loop
      vertex 34.206349 19.255319 0.000000
      vertex 34.206349 19.255319 0.400000
      vertex 34.206349 20.851064 0.400000
    endloop
  endfacet
  facet normal -1.000000 0.000000 0.000000
    outer loop
      vertex 34.206349 19.255319 0.000000
      vertex 34.206349 20.851064 0.400000
      vertex 34.206349 20.851064 0.000000
    endloop
  endfacet
  facet normal 1.000000 0.000000 0.000000
    outer loop
      vertex 34.841270 19.255319 0.000000
      vertex 34.841270 20.851064 0.000000
      vertex 34.841270 20.851064 0.400000
    endloop
  endfacet
  facet normal 1.000000 0.000000 0.000000
    outer loop
      vertex 34.841270 19.255319 0.000000
      vertex 34.841270 20.851064 0.400000
      vertex 34.841270 19.255319 0.400000
    endloop
  endfacet
  facet normal 0.000000 0.000000 -1.000000
    outer loop
      vertex 11.984127 20.212766 0.000000
      vertex 12.936508 20.531915 0.000000
      vertex 12.936508 20.212766 0.000000
    endloop
  endfacet
  facet normal 0.000000 0.000000 -1.000000
    outer loop
      vertex 11.984127 20.212766 0.000000
      vertex 11.984127 20.531915 0.000000
      vertex 12.936508 20.531915 0.000000
    endloop
  endfacet
  facet normal 0.000000 0.000000 1.000000
    outer loop
      vertex 11.984127 20.212766 0.400000
      vertex 12.936508 20.212766 0.400000
      vertex 12.936508 20.531915 0.400000
    endloop
  endfacet
  facet normal 0.000000 0.000000 1.000000
    outer loop
      vertex 11.984127 20.212766 0.400000
      vertex 12.936508 20.531915 0.400000
      vertex 11.984127 20.531915 0.400000
    endloop
  endfacet
  facet normal 0.000000 -1.000000 0.000000
    outer loop
      vertex 11.984127 20.212766 0.000000
      vertex 12.936508 20.212766 0.000000
      vertex 12.936508 20.212766 0.400000
    endloop
  endfacet
  facet normal 0.000000 -1.000000 0.000000
    outer loop
      vertex 11.984127 20.212766 0.000000
      vertex 12.936508 20.212766 0.400000
      vertex 11.984127 20.212766 0.400000
    endloop
  endfacet
  facet normal 0.000000 1.000000 0.000000
    outer loop
      vertex 11.984127 20.531915 0.000000
      vertex 12.936508 20.531915 0.400000
      vertex 12.936508 20.531915 0.000000
    endloop
  endfacet
  facet normal 0.000000 1.000000 0.000000
    outer loop
      vertex 11.984127 20.531915 0.000000
      vertex 11.984127 20.531915 0.400000
      vertex 12.936508 20.531915 0.400000
    endloop
  endfacet
  facet normal -1.000000 0.000000 0.000000
    outer loop
      vertex 11.984127 20.212766 0.000000
      vertex 11.984127 20.212766 0.400000
      vertex 11.984127 20.531915 0.400000
    endloop
  endfacet
  facet normal -1.000000 0.000000 0.000000
    outer loop
      vertex 11.984127 20.212766 0.000000
      vertex 11.984127 20.531915 0.400000
      vertex 11.984127 20.531915 0.000000
    endloop
  endfacet
  facet normal 1.000000 0.000000 0.000000
    outer loop
      vertex 12.936508 20.212766 0.000000
      vertex 12.936508 20.531915 0.000000
      vertex 12.936508 20.531915 0.400000
    endloop
  endfacet
  facet normal 1.000000 0.000000 0.000000
    outer loop
      vertex 12.936508 20.212766 0.000000
      vertex 12.936508 20.531915 0.400000
      vertex 12.936508 20.212766 0.400000
    endloop
  endfacet
  facet normal 0.000000 0.000000 -1.000000
    outer loop
      vertex 15.476190 20.212766 0.000000
      vertex 18.015873 20.531915 0.000000
      vertex 18.015873 20.212766 0.000000
    endloop
  endfacet
  facet normal 0.000000 0.000000 -1.000000
    outer loop
      vertex 15.476190 20.212766 0.000000
      vertex 15.476190 20.531915 0.000000
      vertex 18.015873 20.531915 0.000000
    endloop
  endfacet
  facet normal 0.000000 0.000000 1.000000
    outer loop
      vertex 15.476190 20.212766 0.400000
      vertex 18.015873 20.212766 0.400000
      vertex 18.015873 20.531915 0.400000
    endloop
  endfacet
  facet normal 0.000000 0.000000 1.000000
    outer loop
      vertex 15.476190 20.212766 0.400000
      vertex 18.015873 20.531915 0.400000
      vertex 15.476190 20.531915 0.400000
    endloop
  endfacet
  facet normal 0.000000 -1.000000 0.000000
    outer loop
      vertex 15.476190 20.212766 0.000000
      vertex 18.015873 20.212766 0.000000
      vertex 18.015873 20.212766 0.400000
    endloop
  endfacet
  facet normal 0.000000 -1.000000 0.000000
    outer loop
      vertex 15.476190 20.212766 0.000000
      vertex 18.015873 20.212766 0.400000
      vertex 15.476190 20.212766 0.400000
    endloop
  endfacet
  facet normal 0.000000 1.000000 0.000000
    outer loop
      vertex 15.476190 20.531915 0.000000
      vertex 18.015873 20.531915 0.400000
      vertex 18.015873 20.531915 0.000000
    endloop
  endfacet
  facet normal 0.000000 1.000000 0.000000
    outer loop
      vertex 15.476190 20.531915 0.000000
      vertex 15.476190 20.531915 0.400000
      vertex 18.015873 20.531915 0.400000
    endloop
  endfacet
  facet normal -1.000000 0.000000 0.000000
    outer loop
      vertex 15.476190 20.212766 0.000000
      vertex 15.476190 20.212766 0.400000
      vertex 15.476190 20.531915 0.400000
    endloop
  endfacet
  facet normal -1.000000 0.000000 0.000000
    outer loop
      vertex 15.476190 20.212766 0.000000
      vertex 15.476190 20.531915 0.400000
      vertex 15.476190 20.531915 0.000000
    endloop
  endfacet
  facet normal 1.000000 0.000000 0.000000
    outer loop
      vertex 18.015873 20.212766 0.000000
      vertex 18.015873 20.531915 0.000000
      vertex 18.015873 20.531915 0.400000
    endloop
  endfacet
  facet normal 1.000000 0.000000 0.000000
    outer loop
      vertex 18.015873 20.212766 0.000000
      vertex 18.015873 20.531915 0.400000
      vertex 18.015873 20.212766 0.400000
    endloop
  endfacet
  facet normal 0.000000 0.000000 -1.000000
    outer loop
      vertex 23.095238 14.787234 0.000000
      vertex 23.412698 20.531915 0.000000
      vertex 23.412698 14.787234 0.000000
    endloop
  endfacet
  facet normal 0.000000 0.000000 -1.000000
    outer loop
      vertex 23.095238 14.787234 0.000000
      vertex 23.095238 20.531915 0.000000
      vertex 23.412698 20.531915 0.000000
    endloop
  endfacet
  facet normal 0.000000 0.000000 1.000000
    outer loop
      vertex 23.095238 14.787234 0.400000
      vertex 23.412698 14.787234 0.400000
      vertex 23.412698 20.531915 0.400000
    endloop
  endfacet
  facet normal 0.000000 0.000000 1.000000
    outer loop
      vertex 23.095238 14.787234 0.400000
      vertex 23.412698 20.531915 0.400000
      vertex 23.095238 20.531915 0.400000
    endloop
  endfacet
  facet normal 0.000000 -1.000000 0.000000
    outer loop
      vertex 23.095238 14.787234 0.000000
      vertex 23.412698 14.787234 0.000000
      vertex 23.412698 14.787234 0.400000
    endloop
  endfacet
  facet normal 0.000000 -1.000000 0.000000
    outer loop
      vertex 23.095238 14.787234 0.000000
      vertex 23.412698 14.787234 0.400000
      vertex 23.095238 14.787234 0.400000
    endloop
  endfacet
  facet normal 0.000000 1.000000 0.000000
    outer loop
      vertex 23.095238 20.531915 0.000000
      vertex 23.412698 20.531915 0.400000
      vertex 23.412698 20.531915 0.000000
    endloop
  endfacet
  facet normal 0.000000 1.000000 0.000000
    outer loop
      vertex 23.095238 20.531915 0.000000
      vertex 23.095238 20.531915 0.400000
      vertex 23.412698 20.531915 0.400000
    endloop
  endfacet
  facet normal -1.000000 0.000000 0.000000
    outer loop
      vertex 23.095238 14.787234 0.000000
      vertex 23.095238 14.787234 0.400000
      vertex 23.095238 20.531915 0.400000
    endloop
  endfacet
  facet normal -1.000000 0.000000 0.000000
    outer loop
      vertex 23.095238 14.787234 0.000000
      vertex 23.095238 20.531915 0.400000
      vertex 23.095238 20.531915 0.000000
    endloop
  endfacet
  facet normal 1.000000 0.000000 0.000000
    outer loop
      vertex 23.412698 14.787234 0.000000
      vertex 23.412698 20.531915 0.000000
      vertex 23.412698 20.531915 0.400000
    endloop
  endfacet
  facet normal 1.000000 0.000000 0.000000
    outer loop
      vertex 23.412698 14.787234 0.000000
      vertex 23.412698 20.531915 0.400000
      vertex 23.412698 14.787234 0.400000
    endloop
  endfacet
  facet normal 0.000000 0.000000 -1.000000
    outer loop
      vertex 30.714286 17.978723 0.000000
      vertex 31.031746 20.531915 0.000000
      vertex 31.031746 17.978723 0.000000
    endloop
  endfacet
  facet normal 0.000000 0.000000 -1.000000
    outer loop
      vertex 30.714286 17.978723 0.000000
      vertex 30.714286 20.531915 0.000000
      vertex 31.031746 20.531915 0.000000
    endloop
  endfacet
  facet normal 0.000000 0.000000 1.000000
    outer loop
      vertex 30.714286 17.978723 0.400000
      vertex 31.031746 17.978723 0.400000
      vertex 31.031746 20.531915 0.400000
    endloop
  endfacet
  facet normal 0.000000 0.000000 1.000000
    outer loop
      vertex 30.714286 17.978723 0.400000
      vertex 31.031746 20.531915 0.400000
      vertex 30.714286 20.531915 0.400000
    endloop
  endfacet
  facet normal 0.000000 -1.000000 0.000000
    outer loop
      vertex 30.714286 17.978723 0.000000
      vertex 31.031746 17.978723 0.000000
      vertex 31.031746 17.978723 0.400000
    endloop
  endfacet
  facet normal 0.000000 -1.000000 0.000000
    outer loop
      vertex 30.714286 17.978723 0.000000
      vertex 31.031746 17.978723 0.400000
      vertex 30.714286 17.978723 0.400000
    endloop
  endfacet
  facet normal 0.000000 1.000000 0.000000
    outer loop
      vertex 30.714286 20.531915 0.000000
      vertex 31.031746 20.531915 0.400000
      vertex 31.031746 20.531915 0.000000
    endloop
  endfacet
  facet normal 0.000000 1.000000 0.000000
    outer loop
      vertex 30.714286 20.531915 0.000000
      vertex 30.714286 20.531915 0.400000
      vertex 31.031746 20.531915 0.400000
    endloop
  endfacet
  facet normal -1.000000 0.000000 0.000000
    outer loop
      vertex 30.714286 17.978723 0.000000
      vertex 30.714286 17.978723 0.400000
      vertex 30.714286 20.531915 0.400000
    endloop
  endfacet
  facet normal -1.000000 0.000000 0.000000
    outer loop
      vertex 30.714286 17.978723 0.000000
      vertex 30.714286 20.531915 0.400000
      vertex 30.714286 20.531915 0.000000
    endloop
  endfacet
  facet normal 1.000000 0.000000 0.000000
    outer loop
      vertex 31.031746 17.978723 0.000000
      vertex 31.031746 20.531915 0.000000
      vertex 31.031746 20.531915 0.400000
    endloop
  endfacet
  facet normal 1.000000 0.000000 0.000000
    outer loop
      vertex 31.031746 17.978723 0.000000
      vertex 31.031746 20.531915 0.400000
      vertex 31.031746 17.978723 0.400000
    endloop
  endfacet
  facet normal 0.000000 0.000000 -1.000000
    outer loop
      vertex 34.841270 18.936170 0.000000
      vertex 35.158730 20.531915 0.000000
      vertex 35.158730 18.936170 0.000000
    endloop
  endfacet
  facet normal 0.000000 0.000000 -1.000000
    outer loop
      vertex 34.841270 18.936170 0.000000
      vertex 34.841270 20.531915 0.000000
      vertex 35.158730 20.531915 0.000000
    endloop
  endfacet
  facet normal 0.000000 0.000000 1.000000
    outer loop
      vertex 34.841270 18.936170 0.400000
      vertex 35.158730 18.936170 0.400000
      vertex 35.158730 20.531915 0.400000
    endloop
  endfacet
  facet normal 0.000000 0.000000 1.000000
    outer loop
      vertex 34.841270 18.936170 0.400000
      vertex 35.158730 20.531915 0.400000
      vertex 34.841270 20.531915 0.400000
    endloop
  endfacet
  facet normal 0.000000 -1.000000 0.000000
    outer loop
      vertex 34.841270 18.936170 0.000000
      vertex 35.158730 18.936170 0.000000
      vertex 35.158730 18.936170 0.400000
    endloop
  endfacet
  facet normal 0.000000 -1.000000 0.000000
    outer loop
      vertex 34.841270 18.936170 0.000000
      vertex 35.158730 18.936170 0.400000
      vertex 34.841270 18.936170 0.400000
    endloop
  endfacet
  facet normal 0.000000 1.000000 0.000000
    outer loop
      vertex 34.841270 20.531915 0.000000
      vertex 35.158730 20.531915 0.400000
      vertex 35.158730 20.531915 0.000000
    endloop
  endfacet
  facet normal 0.000000 1.000000 0.000000
    outer loop
      vertex 34.841270 20.531915 0.000000
      vertex 34.841270 20.531915 0.400000
      vertex 35.158730 20.531915 0.400000
    endloop
  endfacet
  facet normal -1.000000 0.000000 0.000000
    outer loop
      vertex 34.841270 18.936170 0.000000
      vertex 34.841270 18.936170 0.400000
      vertex 34.841270 20.531915 0.400000
    endloop
  endfacet
  facet normal -1.000000 0.000000 0.000000
    outer loop
      vertex 34.841270 18.936170 0.000000
      vertex 34.841270 20.531915 0.400000
      vertex 34.841270 20.531915 0.000000
    endloop
  endfacet
  facet normal 1.000000 0.000000 0.000000
    outer loop
      vertex 35.158730 18.936170 0.000000
      vertex 35.158730 20.531915 0.000000
      vertex 35.158730 20.531915 0.400000
    endloop
  endfacet
  facet normal 1.000000 0.000000 0.000000
    outer loop
      vertex 35.158730 18.936170 0.000000
      vertex 35.158730 20.531915 0.400000
      vertex 35.158730 18.936170 0.400000
    endloop
  endfacet
  facet normal 0.000000 0.000000 -1.000000
    outer loop
      vertex 38.015873 19.574468 0.000000
      vertex 41.190476 20.531915 0.000000
      vertex 41.190476 19.574468 0.000000
    endloop
  endfacet
  facet normal 0.000000 0.000000 -1.000000
    outer loop
      vertex 38.015873 19.574468 0.000000
      vertex 38.015873 20.531915 0.000000
      vertex 41.190476 20.531915 0.000000
    endloop
  endfacet
  facet normal 0.000000 0.000000 1.000000
    outer loop
      vertex 38.015873 19.574468 0.400000
      vertex 41.190476 19.574468 0.400000
      vertex 41.190476 20.531915 0.400000
    endloop
  endfacet
  facet normal 0.000000 0.000000 1.000000
    outer loop
      vertex 38.015873 19.574468 0.400000
      vertex 41.190476 20.531915 0.400000
      vertex 38.015873 20.531915 0.400000
    endloop
  endfacet
  facet normal 0.000000 -1.000000 0.000000
    outer loop
      vertex 38.015873 19.574468 0.000000
      vertex 41.190476 19.574468 0.000000
      vertex 41.190476 19.574468 0.400000
    endloop
  endfacet
  facet normal 0.000000 -1.000000 0.000000
    outer loop
      vertex 38.015873 19.574468 0.000000
      vertex 41.190476 19.574468 0.400000
      vertex 38.015873 19.574468 0.400000
    endloop
  endfacet
  facet normal 0.000000 1.000000 0.000000
    outer loop
      vertex 38.015873 20.531915 0.000000
      vertex 41.190476 20.531915 0.400000
      vertex 41.190476 20.531915 0.000000
    endloop
  endfacet
  facet normal 0.000000 1.000000 0.000000
    outer loop
      vertex 38.015873 20.531915 0.000000
      vertex 38.015873 20.531915 0.400000
      vertex 41.190476 20.531915 0.400000
    endloop
  endfacet
  facet normal -1.000000 0.000000 0.000000
    outer loop
      vertex 38.015873 19.574468 0.000000
      vertex 38.015873 19.574468 0.400000
      vertex 38.015873 20.531915 0.400000
    endloop
  endfacet
  facet normal -1.000000 0.000000 0.000000
    outer loop
      vertex 38.015873 19.574468 0.000000
      vertex 38.015873 20.531915 0.400000
      vertex 38.015873 20.531915 0.000000
    endloop
  endfacet
  facet normal 1.000000 0.000000 0.000000
    outer loop
      vertex 41.190476 19.574468 0.000000
      vertex 41.190476 20.531915 0.000000
      vertex 41.190476 20.531915 0.400000
    endloop
  endfacet
  facet normal 1.000000 0.000000 0.000000
    outer loop
      vertex 41.190476 19.574468 0.000000
      vertex 41.190476 20.531915 0.400000
      vertex 41.190476 19.574468 0.400000
    endloop
  endfacet
  facet normal 0.000000 0.000000 -1.000000
    outer loop
      vertex 16.428571 19.893617 0.000000
      vertex 18.015873 20.212766 0.000000
      vertex 18.015873 19.893617 0.000000
    endloop
  endfacet
  facet normal 0.000000 0.000000 -1.000000
    outer loop
      vertex 16.428571 19.893617 0.000000
      vertex 16.428571 20.212766 0.000000
      vertex 18.015873 20.212766 0.000000
    endloop
  endfacet
  facet normal 0.000000 0.000000 1.000000
    outer loop
      vertex 16.428571 19.893617 0.400000
      vertex 18.015873 19.893617 0.400000
      vertex 18.015873 20.212766 0.400000
    endloop
  endfacet
  facet normal 0.000000 0.000000 1.000000
    outer loop
      vertex 16.428571 19.893617 0.400000
      vertex 18.015873 20.212766 0.400000
      vertex 16.428571 20.212766 0.400000
    endloop
  endfacet
  facet normal 0.000000 -1.000000 0.000000
    outer loop
      vertex 16.428571 19.893617 0.000000
      vertex 18.015873 19.893617 0.000000
      vertex 18.015873 19.893617 0.400000
    endloop
  endfacet
  facet normal 0.000000 -1.000000 0.000000
    outer loop
      vertex 16.428571 19.893617 0.000000
      vertex 18.015873 19.893617 0.400000
      vertex 16.428571 19.893617 0.400000
    endloop
  endfacet
  facet normal 0.000000 1.000000 0.000000
    outer loop
      vertex 16.428571 20.212766 0.000000
      vertex 18.015873 20.212766 0.400000
      vertex 18.015873 20.212766 0.000000
    endloop
  endfacet
  facet normal 0.000000 1.000000 0.000000
    outer loop
      vertex 16.428571 20.212766 0.000000
      vertex 16.428571 20.212766 0.400000
      vertex 18.015873 20.212766 0.400000
    endloop
  endfacet
  facet normal -1.000000 0.000000 0.000000
    outer loop
      vertex 16.428571 19.893617 0.000000
      vertex 16.428571 19.893617 0.400000
      vertex 16.428571 20.212766 0.400000
    endloop
  endfacet
  facet normal -1.000000 0.000000 0.000000
    outer loop
      vertex 16.428571 19.893617 0.000000
      vertex 16.428571 20.212766 0.400000
      vertex 16.428571 20.212766 0.000000
    endloop
  endfacet
  facet normal 1.000000 0.000000 0.000000
    outer loop
      vertex 18.015873 19.893617 0.000000
      vertex 18.015873 20.212766 0.000000
      vertex 18.015873 20.212766 0.400000
    endloop
  endfacet
  facet normal 1.000000 0.000000 0.000000
    outer loop
      vertex 18.015873 19.893617 0.000000
      vertex 18.015873 20.212766 0.400000
      vertex 18.015873 19.893617 0.400000
    endloop
  endfacet
  facet normal 0.000000 0.000000 -1.000000
    outer loop
      vertex 25.634921 15.106383 0.000000
      vertex 25.952381 20.212766 0.000000
      vertex 25.952381 15.106383 0.000000
    endloop
  endfacet
  facet normal 0.000000 0.000000 -1.000000
    outer loop
      vertex 25.634921 15.106383 0.000000
      vertex 25.634921 20.212766 0.000000
      vertex 25.952381 20.212766 0.000000
    endloop
  endfacet
  facet normal 0.000000 0.000000 1.000000
    outer loop
      vertex 25.634921 15.106383 0.400000
      vertex 25.952381 15.106383 0.400000
      vertex 25.952381 20.212766 0.400000
    endloop
  endfacet
  facet normal 0.000000 0.000000 1.000000
    outer loop
      vertex 25.634921 15.106383 0.400000
      vertex 25.952381 20.212766 0.400000
      vertex 25.634921 20.212766 0.400000
    endloop
  endfacet
  facet normal 0.000000 -1.000000 0.000000
    outer loop
      vertex 25.634921 15.106383 0.000000
      vertex 25.952381 15.106383 0.000000
      vertex 25.952381 15.106383 0.400000
    endloop
  endfacet
  facet normal 0.000000 -1.000000 0.000000
    outer loop
      vertex 25.634921 15.106383 0.000000
      vertex 25.952381 15.106383 0.400000
      vertex 25.634921 15.106383 0.400000
    endloop
  endfacet
  facet normal 0.000000 1.000000 0.000000
    outer loop
      vertex 25.634921 20.212766 0.000000
      vertex 25.952381 20.212766 0.400000
      vertex 25.952381 20.212766 0.000000
    endloop
  endfacet
  facet normal 0.000000 1.000000 0.000000
    outer loop
      vertex 25.634921 20.212766 0.000000
      vertex 25.634921 20.212766 0.400000
      vertex 25.952381 20.212766 0.400000
    endloop
  endfacet
  facet normal -1.000000 0.000000 0.000000
    outer loop
      vertex 25.634921 15.106383 0.000000
      vertex 25.634921 15.106383 0.400000
      vertex 25.634921 20.212766 0.400000
    endloop
  endfacet
  facet normal -1.000000 0.000000 0.000000
    outer loop
      vertex 25.634921 15.106383 0.000000
      vertex 25.634921 20.212766 0.400000
      vertex 25.634921 20.212766 0.000000
    endloop
  endfacet
  facet normal 1.000000 0.000000 0.000000
    outer loop
      vertex 25.952381 15.106383 0.000000
      vertex 25.952381 20.212766 0.000000
      vertex 25.952381 20.212766 0.400000
    endloop
  endfacet
  facet normal 1.000000 0.000000 0.000000
    outer loop
      vertex 25.952381 15.106383 0.000000
      vertex 25.952381 20.212766 0.400000
      vertex 25.952381 15.106383 0.400000
    endloop
  endfacet
  facet normal 0.000000 0.000000 -1.000000
    outer loop
      vertex 35.158730 18.936170 0.000000
      vertex 35.476190 20.212766 0.000000
      vertex 35.476190 18.936170 0.000000
    endloop
  endfacet
  facet normal 0.000000 0.000000 -1.000000
    outer loop
      vertex 35.158730 18.936170 0.000000
      vertex 35.158730 20.212766 0.000000
      vertex 35.476190 20.212766 0.000000
    endloop
  endfacet
  facet normal 0.000000 0.000000 1.000000
    outer loop
      vertex 35.158730 18.936170 0.400000
      vertex 35.476190 18.936170 0.400000
      vertex 35.476190 20.212766 0.400000
    endloop
  endfacet
  facet normal 0.000000 0.000000 1.000000
    outer loop
      vertex 35.158730 18.936170 0.400000
      vertex 35.476190 20.212766 0.400000
      vertex 35.158730 20.212766 0.400000
    endloop
  endfacet
  facet normal 0.000000 -1.000000 0.000000
    outer loop
      vertex 35.158730 18.936170 0.000000
      vertex 35.476190 18.936170 0.000000
      vertex 35.476190 18.936170 0.400000
    endloop
  endfacet
  facet normal 0.000000 -1.000000 0.000000
    outer loop
      vertex 35.158730 18.936170 0.000000
      vertex 35.476190 18.936170 0.400000
      vertex 35.158730 18.936170 0.400000
    endloop
  endfacet
  facet normal 0.000000 1.000000 0.000000
    outer loop
      vertex 35.158730 20.212766 0.000000
      vertex 35.476190 20.212766 0.400000
      vertex 35.476190 20.212766 0.000000
    endloop
  endfacet
  facet normal 0.000000 1.000000 0.000000
    outer loop
      vertex 35.158730 20.212766 0.000000
      vertex 35.158730 20.212766 0.400000
      vertex 35.476190 20.212766 0.400000
    endloop
  endfacet
  facet normal -1.000000 0.000000 0.000000
    outer loop
      vertex 35.158730 18.936170 0.000000
      vertex 35.158730 18.936170 0.400000
      vertex 35.158730 20.212766 0.400000
    endloop
  endfacet
  facet normal -1.000000 0.000000 0.000000
    outer loop
      vertex 35.158730 18.936170 0.000000
      vertex 35.158730 20.212766 0.400000
      vertex 35.158730 20.212766 0.000000
    endloop
  endfacet
  facet normal 1.000000 0.000000 0.000000
    outer loop
      vertex 35.476190 18.936170 0.000000
      vertex 35.476190 20.212766 0.000000
      vertex 35.476190 20.212766 0.400000
    endloop
  endfacet
  facet normal 1.000000 0.000000 0.000000
    outer loop
      vertex 35.476190 18.936170 0.000000
      vertex 35.476190 20.212766 0.400000
      vertex 35.476190 18.936170 0.400000
    endloop
  endfacet
  facet normal 0.000000 0.000000 -1.000000
    outer loop
      vertex 11.031746 10.000000 0.000000
      vertex 11.666667 19.893617 0.000000
      vertex 11.666667 10.000000 0.000000
    endloop
  endfacet
  facet normal 0.000000 0.000000 -1.000000
    outer loop
      vertex 11.031746 10.000000 0.000000
      vertex 11.031746 19.893617 0.000000
      vertex 11.666667 19.893617 0.000000
    endloop
  endfacet
  facet normal 0.000000 0.000000 1.000000
    outer loop
      vertex 11.031746 10.000000 0.400000
      vertex 11.666667 10.000000 0.400000
      vertex 11.666667 19.893617 0.400000
    endloop
  endfacet
  facet normal 0.000000 0.000000 1.000000
    outer loop
      vertex 11.031746 10.000000 0.400000
      vertex 11.666667 19.893617 0.400000
      vertex 11.031746 19.893617 0.400000
    endloop
  endfacet
  facet normal 0.000000 -1.000000 0.000000
    outer loop
      vertex 11.031746 10.000000 0.000000
      vertex 11.666667 10.000000 0.000000
      vertex 11.666667 10.000000 0.400000
    endloop
  endfacet
  facet normal 0.000000 -1.000000 0.000000
    outer loop
      vertex 11.031746 10.000000 0.000000
      vertex 11.666667 10.000000 0.400000
      vertex 11.031746 10.000000 0.400000
    endloop
  endfacet
  facet normal 0.000000 1.000000 0.000000
    outer loop
      vertex 11.031746 19.893617 0.000000
      vertex 11.666667 19.893617 0.400000
      vertex 11.666667 19.893617 0.000000
    endloop
  endfacet
  facet normal 0.000000 1.000000 0.000000
    outer loop
      vertex 11.031746 19.893617 0.000000
      vertex 11.031746 19.893617 0.400000
      vertex 11.666667 19.893617 0.400000
    endloop
  endfacet
  facet normal -1.000000 0.000000 0.000000
    outer loop
      vertex 11.031746 10.000000 0.000000
      vertex 11.031746 10.000000 0.400000
      vertex 11.031746 19.893617 0.400000
    endloop
  endfacet
  facet normal -1.000000 0.000000 0.000000
    outer loop
      vertex 11.031746 10.000000 0.000000
      vertex 11.031746 19.893617 0.400000
      vertex 11.031746 19.893617 0.000000
    endloop
  endfacet
  facet normal 1.000000 0.000000 0.000000
    outer loop
      vertex 11.666667 10.000000 0.000000
      vertex 11.666667 19.893617 0.000000
      vertex 11.666667 19.893617 0.400000
    endloop
  endfacet
  facet normal 1.000000 0.000000 0.000000
    outer loop
      vertex 11.666667 10.000000 0.000000
      vertex 11.666667 19.893617 0.400000
      vertex 11.666667 10.000000 0.400000
    endloop
  endfacet
  facet normal 0.000000 0.000000 -1.000000
    outer loop
      vertex 17.063492 19.574468 0.000000
      vertex 18.015873 19.893617 0.000000
      vertex 18.015873 19.574468 0.000000
    endloop
  endfacet
  facet normal 0.000000 0.000000 -1.000000
    outer loop
      vertex 17.063492 19.574468 0.000000
      vertex 17.063492 19.893617 0.000000
      vertex 18.015873 19.893617 0.000000
    endloop
  endfacet
  facet normal 0.000000 0.000000 1.000000
    outer loop
      vertex 17.063492 19.574468 0.400000
      vertex 18.015873 19.574468 0.400000
      vertex 18.015873 19.893617 0.400000
    endloop
  endfacet
  facet normal 0.000000 0.000000 1.000000
    outer loop
      vertex 17.063492 19.574468 0.400000
      vertex 18.015873 19.893617 0.400000
      vertex 17.063492 19.893617 0.400000
    endloop
  endfacet
  facet normal 0.000000 -1.000000 0.000000
    outer loop
      vertex 17.063492 19.574468 0.000000
      vertex 18.015873 19.574468 0.000000
      vertex 18.015873 19.574468 0.400000
    endloop
  endfacet
  facet normal 0.000000 -1.000000 0.000000
    outer loop
      vertex 17.063492 19.574468 0.000000
      vertex 18.015873 19.574468 0.400000
      vertex 17.063492 19.574468 0.400000
    endloop
  endfacet
  facet normal 0.000000 1.000000 0.000000
    outer loop
      vertex 17.063492 19.893617 0.000000
      vertex 18.015873 19.893617 0.400000
      vertex 18.015873 19.893617 0.000000
    endloop
  endfacet
  facet normal 0.000000 1.000000 0.000000
    outer loop
      vertex 17.063492 19.893617 0.000000
      vertex 17.063492 19.893617 0.400000
      vertex 18.015873 19.893617 0.400000
    endloop
  endfacet
  facet normal -1.000000 0.000000 0.000000
    outer loop
      vertex 17.063492 19.574468 0.000000
      vertex 17.063492 19.574468 0.400000
      vertex 17.063492 19.893617 0.400000
    endloop
  endfacet
  facet normal -1.000000 0.000000 0.000000
    outer loop
      vertex 17.063492 19.574468 0.000000
      vertex 17.063492 19.893617 0.400000
      vertex 17.063492 19.893617 0.000000
    endloop
  endfacet
  facet normal 1.000000 0.000000 0.000000
    outer loop
      vertex 18.015873 19.574468 0.000000
      vertex 18.015873 19.893617 0.000000
      vertex 18.015873 19.893617 0.400000
    endloop
  endfacet
  facet normal 1.000000 0.000000 0.000000
    outer loop
      vertex 18.015873 19.574468 0.000000
      vertex 18.015873 19.893617 0.400000
      vertex 18.015873 19.574468 0.400000
    endloop
  endfacet
  facet normal 0.000000 0.000000 -1.000000
    outer loop
      vertex 17.380952 19.255319 0.000000
      vertex 18.015873 19.574468 0.000000
      vertex 18.015873 19.255319 0.000000
    endloop
  endfacet
  facet normal 0.000000 0.000000 -1.000000
    outer loop
      vertex 17.380952 19.255319 0.000000
      vertex 17.380952 19.574468 0.000000
      vertex 18.015873 19.574468 0.000000
    endloop
  endfacet
  facet normal 0.000000 0.000000 1.000000
    outer loop
      vertex 17.380952 19.255319 0.400000
      vertex 18.015873 19.255319 0.400000
      vertex 18.015873 19.574468 0.400000
    endloop
  endfacet
  facet normal 0.000000 0.000000 1.000000
    outer loop
      vertex 17.380952 19.255319 0.400000
      vertex 18.015873 19.574468 0.400000
      vertex 17.380952 19.574468 0.400000
    endloop
  endfacet
  facet normal 0.000000 -1.000000 0.000000
    outer loop
      vertex 17.380952 19.255319 0.000000
      vertex 18.015873 19.255319 0.000000
      vertex 18.015873 19.255319 0.400000
    endloop
  endfacet
  facet normal 0.000000 -1.000000 0.000000
    outer loop
      vertex 17.380952 19.255319 0.000000
      vertex 18.015873 19.255319 0.400000
      vertex 17.380952 19.255319 0.400000
    endloop
  endfacet
  facet normal 0.000000 1.000000 0.000000
    outer loop
      vertex 17.380952 19.574468 0.000000
      vertex 18.015873 19.574468 0.400000
      vertex 18.015873 19.574468 0.000000
    endloop
  endfacet
  facet normal 0.000000 1.000000 0.000000
    outer loop
      vertex 17.380952 19.574468 0.000000
      vertex 17.380952 19.574468 0.400000
      vertex 18.015873 19.574468 0.400000
    endloop
  endfacet
  facet normal -1.000000 0.000000 0.000000
    outer loop
      vertex 17.380952 19.255319 0.000000
      vertex 17.380952 19.255319 0.400000
      vertex 17.380952 19.574468 0.400000
    endloop
  endfacet
  facet normal -1.000000 0.000000 0.000000
    outer loop
      vertex 17.380952 19.255319 0.000000
      vertex 17.380952 19.574468 0.400000
      vertex 17.380952 19.574468 0.000000
    endloop
  endfacet
  facet normal 1.000000 0.000000 0.000000
    outer loop
      vertex 18.015873 19.255319 0.000000
      vertex 18.015873 19.574468 0.000000
      vertex 18.015873 19.574468 0.400000
    endloop
  endfacet
  facet normal 1.000000 0.000000 0.000000
    outer loop
      vertex 18.015873 19.255319 0.000000
      vertex 18.015873 19.574468 0.400000
      vertex 18.015873 19.255319 0.400000
    endloop
  endfacet
  facet normal 0.000000 0.000000 -1.000000
    outer loop
      vertex 35.476190 18.617021 0.000000
      vertex 35.793651 19.574468 0.000000
      vertex 35.793651 18.617021 0.000000
    endloop
  endfacet
  facet normal 0.000000 0.000000 -1.000000
    outer loop
      vertex 35.476190 18.617021 0.000000
      vertex 35.476190 19.574468 0.000000
      vertex 35.793651 19.574468 0.000000
    endloop
  endfacet
  facet normal 0.000000 0.000000 1.000000
    outer loop
      vertex 35.476190 18.617021 0.400000
      vertex 35.793651 18.617021 0.400000
      vertex 35.793651 19.574468 0.400000
    endloop
  endfacet
  facet normal 0.000000 0.000000 1.000000
    outer loop
      vertex 35.476190 18.617021 0.400000
      vertex 35.793651 19.574468 0.400000
      vertex 35.476190 19.574468 0.400000
    endloop
  endfacet
  facet normal 0.000000 -1.000000 0.000000
    outer loop
      vertex 35.476190 18.617021 0.000000
      vertex 35.793651 18.617021 0.000000
      vertex 35.793651 18.617021 0.400000
    endloop
  endfacet
  facet normal 0.000000 -1.000000 0.000000
    outer loop
      vertex 35.476190 18.617021 0.000000
      vertex 35.793651 18.617021 0.400000
      vertex 35.476190 18.617021 0.400000
    endloop
  endfacet
  facet normal 0.000000 1.000000 0.000000
    outer loop
      vertex 35.476190 19.574468 0.000000
      vertex 35.793651 19.574468 0.400000
      vertex 35.793651 19.574468 0.000000
    endloop
  endfacet
  facet normal 0.000000 1.000000 0.000000
    outer loop
      vertex 35.476190 19.574468 0.000000
      vertex 35.476190 19.574468 0.400000
      vertex 35.793651 19.574468 0.400000
    endloop
  endfacet
  facet normal -1.000000 0.000000 0.000000
    outer loop
      vertex 35.476190 18.617021 0.000000
      vertex 35.476190 18.617021 0.400000
      vertex 35.476190 19.574468 0.400000
    endloop
  endfacet
  facet normal -1.000000 0.000000 0.000000
    outer loop
      vertex 35.476190 18.617021 0.000000
      vertex 35.476190 19.574468 0.400000
      vertex 35.476190 19.574468 0.000000
    endloop
  endfacet
  facet normal 1.000000 0.000000 0.000000
    outer loop
      vertex 35.793651 18.617021 0.000000
      vertex 35.793651 19.574468 0.000000
      vertex 35.793651 19.574468 0.400000
    endloop
  endfacet
  facet normal 1.000000 0.000000 0.000000
    outer loop
      vertex 35.793651 18.617021 0.000000
      vertex 35.793651 19.574468 0.400000
      vertex 35.793651 18.617021 0.400000
    endloop
  endfacet
  facet normal 0.000000 0.000000 -1.000000
    outer loop
      vertex 38.333333 10.000000 0.000000
      vertex 41.190476 19.574468 0.000000
      vertex 41.190476 10.000000 0.000000
    endloop
  endfacet
  facet normal 0.000000 0.000000 -1.000000
    outer loop
      vertex 38.333333 10.000000 0.000000
      vertex 38.333333 19.574468 0.000000
      vertex 41.190476 19.574468 0.000000
    endloop
  endfacet
  facet normal 0.000000 0.000000 1.000000
    outer loop
      vertex 38.333333 10.000000 0.400000
      vertex 41.190476 10.000000 0.400000
      vertex 41.190476 19.574468 0.400000
    endloop
  endfacet
  facet normal 0.000000 0.000000 1.000000
    outer loop
      vertex 38.333333 10.000000 0.400000
      vertex 41.190476 19.574468 0.400000
      vertex 38.333333 19.574468 0.400000
    endloop
  endfacet
  facet normal 0.000000 -1.000000 0.000000
    outer loop
      vertex 38.333333 10.000000 0.000000
      vertex 41.190476 10.000000 0.000000
      vertex 41.190476 10.000000 0.400000
    endloop
  endfacet
  facet normal 0.000000 -1.000000 0.000000
    outer loop
      vertex 38.333333 10.000000 0.000000
      vertex 41.190476 10.000000 0.400000
      vertex 38.333333 10.000000 0.400000
    endloop
  endfacet
  facet normal 0.000000 1.000000 0.000000
    outer loop
      vertex 38.333333 19.574468 0.000000
      vertex 41.190476 19.574468 0.400000
      vertex 41.190476 19.574468 0.000000
    endloop
  endfacet
  facet normal 0.000000 1.000000 0.000000
    outer loop
      vertex 38.333333 19.574468 0.000000
      vertex 38.333333 19.574468 0.400000
      vertex 41.190476 19.574468 0.400000
    endloop
  endfacet
  facet normal -1.000000 0.000000 0.000000
    outer loop
      vertex 38.333333 10.000000 0.000000
      vertex 38.333333 10.000000 0.400000
      vertex 38.333333 19.574468 0.400000
    endloop
  endfacet
  facet normal -1.000000 0.000000 0.000000
    outer loop
      vertex 38.333333 10.000000 0.000000
      vertex 38.333333 19.574468 0.400000
      vertex 38.333333 19.574468 0.000000
    endloop
  endfacet
  facet normal 1.000000 0.000000 0.000000
    outer loop
      vertex 41.190476 10.000000 0.000000
      vertex 41.190476 19.574468 0.000000
      vertex 41.190476 19.574468 0.400000
    endloop
  endfacet
  facet normal 1.000000 0.000000 0.000000
    outer loop
      vertex 41.190476 10.000000 0.000000
      vertex 41.190476 19.574468 0.400000
      vertex 41.190476 10.000000 0.400000
    endloop
  endfacet
  facet normal 0.000000 0.000000 -1.000000
    outer loop
      vertex 17.698413 18.936170 0.000000
      vertex 18.015873 19.255319 0.000000
      vertex 18.015873 18.936170 0.000000
    endloop
  endfacet
  facet normal 0.000000 0.000000 -1.000000
    outer loop
      vertex 17.698413 18.936170 0.000000
      vertex 17.698413 19.255319 0.000000
      vertex 18.015873 19.255319 0.000000
    endloop
  endfacet
  facet normal 0.000000 0.000000 1.000000
    outer loop
      vertex 17.698413 18.936170 0.400000
      vertex 18.015873 18.936170 0.400000
      vertex 18.015873 19.255319 0.400000
    endloop
  endfacet
  facet normal 0.000000 0.000000 1.000000
    outer loop
      vertex 17.698413 18.936170 0.400000
      vertex 18.015873 19.255319 0.400000
      vertex 17.698413 19.255319 0.400000
    endloop
  endfacet
  facet normal 0.000000 -1.000000 0.000000
    outer loop
      vertex 17.698413 18.936170 0.000000
      vertex 18.015873 18.936170 0.000000
      vertex 18.015873 18.936170 0.400000
    endloop
  endfacet
  facet normal 0.000000 -1.000000 0.000000
    outer loop
      vertex 17.698413 18.936170 0.000000
      vertex 18.015873 18.936170 0.400000
      vertex 17.698413 18.936170 0.400000
    endloop
  endfacet
  facet normal 0.000000 1.000000 0.000000
    outer loop
      vertex 17.698413 19.255319 0.000000
      vertex 18.015873 19.255319 0.400000
      vertex 18.015873 19.255319 0.000000
    endloop
  endfacet
  facet normal 0.000000 1.000000 0.000000
    outer loop
      vertex 17.698413 19.255319 0.000000
      vertex 17.698413 19.255319 0.400000
      vertex 18.015873 19.255319 0.400000
    endloop
  endfacet
  facet normal -1.000000 0.000000 0.000000
    outer loop
      vertex 17.698413 18.936170 0.000000
      vertex 17.698413 18.936170 0.400000
      vertex 17.698413 19.255319 0.400000
    endloop
  endfacet
  facet normal -1.000000 0.000000 0.000000
    outer loop
      vertex 17.698413 18.936170 0.000000
      vertex 17.698413 19.255319 0.400000
      vertex 17.698413 19.255319 0.000000
    endloop
  endfacet
  facet normal 1.000000 0.000000 0.000000
    outer loop
      vertex 18.015873 18.936170 0.000000
      vertex 18.015873 19.255319 0.000000
      vertex 18.015873 19.255319 0.400000
    endloop
  endfacet
  facet normal 1.000000 0.000000 0.000000
    outer loop
      vertex 18.015873 18.936170 0.000000
      vertex 18.015873 19.255319 0.400000
      vertex 18.015873 18.936170 0.400000
    endloop
  endfacet
  facet normal 0.000000 0.000000 -1.000000
    outer loop
      vertex 31.984127 18.936170 0.000000
      vertex 32.619048 19.255319 0.000000
      vertex 32.619048 18.936170 0.000000
    endloop
  endfacet
  facet normal 0.000000 0.000000 -1.000000
    outer loop
      vertex 31.984127 18.936170 0.000000
      vertex 31.984127 19.255319 0.000000
      vertex 32.619048 19.255319 0.000000
    endloop
  endfacet
  facet normal 0.000000 0.000000 1.000000
    outer loop
      vertex 31.984127 18.936170 0.400000
      vertex 32.619048 18.936170 0.400000
      vertex 32.619048 19.255319 0.400000
    endloop
  endfacet
  facet normal 0.000000 0.000000 1.000000
    outer loop
      vertex 31.984127 18.936170 0.400000
      vertex 32.619048 19.255319 0.400000
      vertex 31.984127 19.255319 0.400000
    endloop
  endfacet
  facet normal 0.000000 -1.000000 0.000000
    outer loop
      vertex 31.984127 18.936170 0.000000
      vertex 32.619048 18.936170 0.000000
      vertex 32.619048 18.936170 0.400000
    endloop
  endfacet
  facet normal 0.000000 -1.000000 0.000000
    outer loop
      vertex 31.984127 18.936170 0.000000
      vertex 32.619048 18.936170 0.400000
      vertex 31.984127 18.936170 0.400000
    endloop
  endfacet
  facet normal 0.000000 1.000000 0.000000
    outer loop
      vertex 31.984127 19.255319 0.000000
      vertex 32.619048 19.255319 0.400000
      vertex 32.619048 19.255319 0.000000
    endloop
  endfacet
  facet normal 0.000000 1.000000 0.000000
    outer loop
      vertex 31.984127 19.255319 0.000000
      vertex 31.984127 19.255319 0.400000
      vertex 32.619048 19.255319 0.400000
    endloop
  endfacet
  facet normal -1.000000 0.000000 0.000000
    outer loop
      vertex 31.984127 18.936170 0.000000
      vertex 31.984127 18.936170 0.400000
      vertex 31.984127 19.255319 0.400000
    endloop
  endfacet
  facet normal -1.000000 0.000000 0.000000
    outer loop
      vertex 31.984127 18.936170 0.000000
      vertex 31.984127 19.255319 0.400000
      vertex 31.984127 19.255319 0.000000
    endloop
  endfacet
  facet normal 1.000000 0.000000 0.000000
    outer loop
      vertex 32.619048 18.936170 0.000000
      vertex 32.619048 19.255319 0.000000
      vertex 32.619048 19.255319 0.400000
    endloop
  endfacet
  facet normal 1.000000 0.000000 0.000000
    outer loop
      vertex 32.619048 18.936170 0.000000
      vertex 32.619048 19.255319 0.400000
      vertex 32.619048 18.936170 0.400000
    endloop
  endfacet
  facet normal 0.000000 0.000000 -1.000000
    outer loop
      vertex 22.777778 16.382979 0.000000
      vertex 23.095238 18.936170 0.000000
      vertex 23.095238 16.382979 0.000000
    endloop
  endfacet
  facet normal 0.000000 0.000000 -1.000000
    outer loop
      vertex 22.777778 16.382979 0.000000
      vertex 22.777778 18.936170 0.000000
      vertex 23.095238 18.936170 0.000000
    endloop
  endfacet
  facet normal 0.000000 0.000000 1.000000
    outer loop
      vertex 22.777778 16.382979 0.400000
      vertex 23.095238 16.382979 0.400000
      vertex 23.095238 18.936170 0.400000
    endloop
  endfacet
  facet normal 0.000000 0.000000 1.000000
    outer loop
      vertex 22.777778 16.382979 0.400000
      vertex 23.095238 18.936170 0.400000
      vertex 22.777778 18.936170 0.400000
    endloop
  endfacet
  facet normal 0.000000 -1.000000 0.000000
    outer loop
      vertex 22.777778 16.382979 0.000000
      vertex 23.095238 16.382979 0.000000
      vertex 23.095238 16.382979 0.400000
    endloop
  endfacet
  facet normal 0.000000 -1.000000 0.000000
    outer loop
      vertex 22.777778 16.382979 0.000000
      vertex 23.095238 16.382979 0.400000
      vertex 22.777778 16.382979 0.400000
    endloop
  endfacet
  facet normal 0.000000 1.000000 0.000000
    outer loop
      vertex 22.777778 18.936170 0.000000
      vertex 23.095238 18.936170 0.400000
      vertex 23.095238 18.936170 0.000000
    endloop
  endfacet
  facet normal 0.000000 1.000000 0.000000
    outer loop
      vertex 22.777778 18.936170 0.000000
      vertex 22.777778 18.936170 0.400000
      vertex 23.095238 18.936170 0.400000
    endloop
  endfacet
  facet normal -1.000000 0.000000 0.000000
    outer loop
      vertex 22.777778 16.382979 0.000000
      vertex 22.777778 16.382979 0.400000
      vertex 22.777778 18.936170 0.400000
    endloop
  endfacet
  facet normal -1.000000 0.000000 0.000000
    outer loop
      vertex 22.777778 16.382979 0.000000
      vertex 22.777778 18.936170 0.400000
      vertex 22.777778 18.936170 0.000000
    endloop
  endfacet
  facet normal 1.000000 0.000000 0.000000
    outer loop
      vertex 23.095238 16.382979 0.000000
      vertex 23.095238 18.936170 0.000000
      vertex 23.095238 18.936170 0.400000
    endloop
  endfacet
  facet normal 1.000000 0.000000 0.000000
    outer loop
      vertex 23.095238 16.382979 0.000000
      vertex 23.095238 18.936170 0.400000
      vertex 23.095238 16.382979 0.400000
    endloop
  endfacet
  facet normal 0.000000 0.000000 -1.000000
    outer loop
      vertex 31.031746 18.617021 0.000000
      vertex 31.666667 18.936170 0.000000
      vertex 31.666667 18.617021 0.000000
    endloop
  endfacet
  facet normal 0.000000 0.000000 -1.000000
    outer loop
      vertex 31.031746 18.617021 0.000000
      vertex 31.031746 18.936170 0.000000
      vertex 31.666667 18.936170 0.000000
    endloop
  endfacet
  facet normal 0.000000 0.000000 1.000000
    outer loop
      vertex 31.031746 18.617021 0.400000
      vertex 31.666667 18.617021 0.400000
      vertex 31.666667 18.936170 0.400000
    endloop
  endfacet
  facet normal 0.000000 0.000000 1.000000
    outer loop
      vertex 31.031746 18.617021 0.400000
      vertex 31.666667 18.936170 0.400000
      vertex 31.031746 18.936170 0.400000
    endloop
  endfacet
  facet normal 0.000000 -1.000000 0.000000
    outer loop
      vertex 31.031746 18.617021 0.000000
      vertex 31.666667 18.617021 0.000000
      vertex 31.666667 18.617021 0.400000
    endloop
  endfacet
  facet normal 0.000000 -1.000000 0.000000
    outer loop
      vertex 31.031746 18.617021 0.000000
      vertex 31.666667 18.617021 0.400000
      vertex 31.031746 18.617021 0.400000
    endloop
  endfacet
  facet normal 0.000000 1.000000 0.000000
    outer loop
      vertex 31.031746 18.936170 0.000000
      vertex 31.666667 18.936170 0.400000
      vertex 31.666667 18.936170 0.000000
    endloop
  endfacet
  facet normal 0.000000 1.000000 0.000000
    outer loop
      vertex 31.031746 18.936170 0.000000
      vertex 31.031746 18.936170 0.400000
      vertex 31.666667 18.936170 0.400000
    endloop
  endfacet
  facet normal -1.000000 0.000000 0.000000
    outer loop
      vertex 31.031746 18.617021 0.000000
      vertex 31.031746 18.617021 0.400000
      vertex 31.031746 18.936170 0.400000
    endloop
  endfacet
  facet normal -1.000000 0.000000 0.000000
    outer loop
      vertex 31.031746 18.617021 0.000000
      vertex 31.031746 18.936170 0.400000
      vertex 31.031746 18.936170 0.000000
    endloop
  endfacet
  facet normal 1.000000 0.000000 0.000000
    outer loop
      vertex 31.666667 18.617021 0.000000
      vertex 31.666667 18.936170 0.000000
      vertex 31.666667 18.936170 0.400000
    endloop
  endfacet
  facet normal 1.000000 0.000000 0.000000
    outer loop
      vertex 31.666667 18.617021 0.000000
      vertex 31.666667 18.936170 0.400000
      vertex 31.666667 18.617021 0.400000
    endloop
  endfacet
  facet normal 0.000000 0.000000 -1.000000
    outer loop
      vertex 12.936508 14.148936 0.000000
      vertex 14.841270 18.617021 0.000000
      vertex 14.841270 14.148936 0.000000
    endloop
  endfacet
  facet normal 0.000000 0.000000 -1.000000
    outer loop
      vertex 12.936508 14.148936 0.000000
      vertex 12.936508 18.617021 0.000000
      vertex 14.841270 18.617021 0.000000
    endloop
  endfacet
  facet normal 0.000000 0.000000 1.000000
    outer loop
      vertex 12.936508 14.148936 0.400000
      vertex 14.841270 14.148936 0.400000
      vertex 14.841270 18.617021 0.400000
    endloop
  endfacet
  facet normal 0.000000 0.000000 1.000000
    outer loop
      vertex 12.936508 14.148936 0.400000
      vertex 14.841270 18.617021 0.400000
      vertex 12.936508 18.617021 0.400000
    endloop
  endfacet
  facet normal 0.000000 -1.000000 0.000000
    outer loop
      vertex 12.936508 14.148936 0.000000
      vertex 14.841270 14.148936 0.000000
      vertex 14.841270 14.148936 0.400000
    endloop
  endfacet
  facet normal 0.000000 -1.000000 0.000000
    outer loop
      vertex 12.936508 14.148936 0.000000
      vertex 14.841270 14.148936 0.400000
      vertex 12.936508 14.148936 0.400000
    endloop
  endfacet
  facet normal 0.000000 1.000000 0.000000
    outer loop
      vertex 12.936508 18.617021 0.000000
      vertex 14.841270 18.617021 0.400000
      vertex 14.841270 18.617021 0.000000
    endloop
  endfacet
  facet normal 0.000000 1.000000 0.000000
    outer loop
      vertex 12.936508 18.617021 0.000000
      vertex 12.936508 18.617021 0.400000
      vertex 14.841270 18.617021 0.400000
    endloop
  endfacet
  facet normal -1.000000 0.000000 0.000000
    outer loop
      vertex 12.936508 14.148936 0.000000
      vertex 12.936508 14.148936 0.400000
      vertex 12.936508 18.617021 0.400000
    endloop
  endfacet
  facet normal -1.000000 0.000000 0.000000
    outer loop
      vertex 12.936508 14.148936 0.000000
      vertex 12.936508 18.617021 0.400000
      vertex 12.936508 18.617021 0.000000
    endloop
  endfacet
  facet normal 1.000000 0.000000 0.000000
    outer loop
      vertex 14.841270 14.148936 0.000000
      vertex 14.841270 18.617021 0.000000
      vertex 14.841270 18.617021 0.400000
    endloop
  endfacet
  facet normal 1.000000 0.000000 0.000000
    outer loop
      vertex 14.841270 14.148936 0.000000
      vertex 14.841270 18.617021 0.400000
      vertex 14.841270 14.148936 0.400000
    endloop
  endfacet
  facet normal 0.000000 0.000000 -1.000000
    outer loop
      vertex 18.333333 17.659574 0.000000
      vertex 19.920635 18.617021 0.000000
      vertex 19.920635 17.659574 0.000000
    endloop
  endfacet
  facet normal 0.000000 0.000000 -1.000000
    outer loop
      vertex 18.333333 17.659574 0.000000
      vertex 18.333333 18.617021 0.000000
      vertex 19.920635 18.617021 0.000000
    endloop
  endfacet
  facet normal 0.000000 0.000000 1.000000
    outer loop
      vertex 18.333333 17.659574 0.400000
      vertex 19.920635 17.659574 0.400000
      vertex 19.920635 18.617021 0.400000
    endloop
  endfacet
  facet normal 0.000000 0.000000 1.000000
    outer loop
      vertex 18.333333 17.659574 0.400000
      vertex 19.920635 18.617021 0.400000
      vertex 18.333333 18.617021 0.400000
    endloop
  endfacet
  facet normal 0.000000 -1.000000 0.000000
    outer loop
      vertex 18.333333 17.659574 0.000000
      vertex 19.920635 17.659574 0.000000
      vertex 19.920635 17.659574 0.400000
    endloop
  endfacet
  facet normal 0.000000 -1.000000 0.000000
    outer loop
      vertex 18.333333 17.659574 0.000000
      vertex 19.920635 17.659574 0.400000
      vertex 18.333333 17.659574 0.400000
    endloop
  endfacet
  facet normal 0.000000 1.000000 0.000000
    outer loop
      vertex 18.333333 18.617021 0.000000
      vertex 19.920635 18.617021 0.400000
      vertex 19.920635 18.617021 0.000000
    endloop
  endfacet
  facet normal 0.000000 1.000000 0.000000
    outer loop
      vertex 18.333333 18.617021 0.000000
      vertex 18.333333 18.617021 0.400000
      vertex 19.920635 18.617021 0.400000
    endloop
  endfacet
  facet normal -1.000000 0.000000 0.000000
    outer loop
      vertex 18.333333 17.659574 0.000000
      vertex 18.333333 17.659574 0.400000
      vertex 18.333333 18.617021 0.400000
    endloop
  endfacet
  facet normal -1.000000 0.000000 0.000000
    outer loop
      vertex 18.333333 17.659574 0.000000
      vertex 18.333333 18.617021 0.400000
      vertex 18.333333 18.617021 0.000000
    endloop
  endfacet
  facet normal 1.000000 0.000000 0.000000
    outer loop
      vertex 19.920635 17.659574 0.000000
      vertex 19.920635 18.617021 0.000000
      vertex 19.920635 18.617021 0.400000
    endloop
  endfacet
  facet normal 1.000000 0.000000 0.000000
    outer loop
      vertex 19.920635 17.659574 0.000000
      vertex 19.920635 18.617021 0.400000
      vertex 19.920635 17.659574 0.400000
    endloop
  endfacet
  facet normal 0.000000 0.000000 -1.000000
    outer loop
      vertex 31.031746 18.297872 0.000000
      vertex 31.349206 18.617021 0.000000
      vertex 31.349206 18.297872 0.000000
    endloop
  endfacet
  facet normal 0.000000 0.000000 -1.000000
    outer loop
      vertex 31.031746 18.297872 0.000000
      vertex 31.031746 18.617021 0.000000
      vertex 31.349206 18.617021 0.000000
    endloop
  endfacet
  facet normal 0.000000 0.000000 1.000000
    outer loop
      vertex 31.031746 18.297872 0.400000
      vertex 31.349206 18.297872 0.400000
      vertex 31.349206 18.617021 0.400000
    endloop
  endfacet
  facet normal 0.000000 0.000000 1.000000
    outer loop
      vertex 31.031746 18.297872 0.400000
      vertex 31.349206 18.617021 0.400000
      vertex 31.031746 18.617021 0.400000
    endloop
  endfacet
  facet normal 0.000000 -1.000000 0.000000
    outer loop
      vertex 31.031746 18.297872 0.000000
      vertex 31.349206 18.297872 0.000000
      vertex 31.349206 18.297872 0.400000
    endloop
  endfacet
  facet normal 0.000000 -1.000000 0.000000
    outer loop
      vertex 31.031746 18.297872 0.000000
      vertex 31.349206 18.297872 0.400000
      vertex 31.031746 18.297872 0.400000
    endloop
  endfacet
  facet normal 0.000000 1.000000 0.000000
    outer loop
      vertex 31.031746 18.617021 0.000000
      vertex 31.349206 18.617021 0.400000
      vertex 31.349206 18.617021 0.000000
    endloop
  endfacet
  facet normal 0.000000 1.000000 0.000000
    outer loop
      vertex 31.031746 18.617021 0.000000
      vertex 31.031746 18.617021 0.400000
      vertex 31.349206 18.617021 0.400000
    endloop
  endfacet
  facet normal -1.000000 0.000000 0.000000
    outer loop
      vertex 31.031746 18.297872 0.000000
      vertex 31.031746 18.297872 0.400000
      vertex 31.031746 18.617021 0.400000
    endloop
  endfacet
  facet normal -1.000000 0.000000 0.000000
    outer loop
      vertex 31.031746 18.297872 0.000000
      vertex 31.031746 18.617021 0.400000
      vertex 31.031746 18.617021 0.000000
    endloop
  endfacet
  facet normal 1.000000 0.000000 0.000000
    outer loop
      vertex 31.349206 18.297872 0.000000
      vertex 31.349206 18.617021 0.000000
      vertex 31.349206 18.617021 0.400000
    endloop
  endfacet
  facet normal 1.000000 0.000000 0.000000
    outer loop
      vertex 31.349206 18.297872 0.000000
      vertex 31.349206 18.617021 0.400000
      vertex 31.349206 18.297872 0.400000
    endloop
  endfacet
  facet normal 0.000000 0.000000 -1.000000
    outer loop
      vertex 11.984127 14.468085 0.000000
      vertex 12.936508 18.297872 0.000000
      vertex 12.936508 14.468085 0.000000
    endloop
  endfacet
  facet normal 0.000000 0.000000 -1.000000
    outer loop
      vertex 11.984127 14.468085 0.000000
      vertex 11.984127 18.297872 0.000000
      vertex 12.936508 18.297872 0.000000
    endloop
  endfacet
  facet normal 0.000000 0.000000 1.000000
    outer loop
      vertex 11.984127 14.468085 0.400000
      vertex 12.936508 14.468085 0.400000
      vertex 12.936508 18.297872 0.400000
    endloop
  endfacet
  facet normal 0.000000 0.000000 1.000000
    outer loop
      vertex 11.984127 14.468085 0.400000
      vertex 12.936508 18.297872 0.400000
      vertex 11.984127 18.297872 0.400000
    endloop
  endfacet
  facet normal 0.000000 -1.000000 0.000000
    outer loop
      vertex 11.984127 14.468085 0.000000
      vertex 12.936508 14.468085 0.000000
      vertex 12.936508 14.468085 0.400000
    endloop
  endfacet
  facet normal 0.000000 -1.000000 0.000000
    outer loop
      vertex 11.984127 14.468085 0.000000
      vertex 12.936508 14.468085 0.400000
      vertex 11.984127 14.468085 0.400000
    endloop
  endfacet
  facet normal 0.000000 1.000000 0.000000
    outer loop
      vertex 11.984127 18.297872 0.000000
      vertex 12.936508 18.297872 0.400000
      vertex 12.936508 18.297872 0.000000
    endloop
  endfacet
  facet normal 0.000000 1.000000 0.000000
    outer loop
      vertex 11.984127 18.297872 0.000000
      vertex 11.984127 18.297872 0.400000
      vertex 12.936508 18.297872 0.400000
    endloop
  endfacet
  facet normal -1.000000 0.000000 0.000000
    outer loop
      vertex 11.984127 14.468085 0.000000
      vertex 11.984127 14.468085 0.400000
      vertex 11.984127 18.297872 0.400000
    endloop
  endfacet
  facet normal -1.000000 0.000000 0.000000
    outer loop
      vertex 11.984127 14.468085 0.000000
      vertex 11.984127 18.297872 0.400000
      vertex 11.984127 18.297872 0.000000
    endloop
  endfacet
  facet normal 1.000000 0.000000 0.000000
    outer loop
      vertex 12.936508 14.468085 0.000000
      vertex 12.936508 18.297872 0.000000
      vertex 12.936508 18.297872 0.400000
    endloop
  endfacet
  facet normal 1.000000 0.000000 0.000000
    outer loop
      vertex 12.936508 14.468085 0.000000
      vertex 12.936508 18.297872 0.400000
      vertex 12.936508 14.468085 0.400000
    endloop
  endfacet
  facet normal 0.000000 0.000000 -1.000000
    outer loop
      vertex 14.841270 14.468085 0.000000
      vertex 15.476190 18.297872 0.000000
      vertex 15.476190 14.468085 0.000000
    endloop
  endfacet
  facet normal 0.000000 0.000000 -1.000000
    outer loop
      vertex 14.841270 14.468085 0.000000
      vertex 14.841270 18.297872 0.000000
      vertex 15.476190 18.297872 0.000000
    endloop
  endfacet
  facet normal 0.000000 0.000000 1.000000
    outer loop
      vertex 14.841270 14.468085 0.400000
      vertex 15.476190 14.468085 0.400000
      vertex 15.476190 18.297872 0.400000
    endloop
  endfacet
  facet normal 0.000000 0.000000 1.000000
    outer loop
      vertex 14.841270 14.468085 0.400000
      vertex 15.476190 18.297872 0.400000
      vertex 14.841270 18.297872 0.400000
    endloop
  endfacet
  facet normal 0.000000 -1.000000 0.000000
    outer loop
      vertex 14.841270 14.468085 0.000000
      vertex 15.476190 14.468085 0.000000
      vertex 15.476190 14.468085 0.400000
    endloop
  endfacet
  facet normal 0.000000 -1.000000 0.000000
    outer loop
      vertex 14.841270 14.468085 0.000000
      vertex 15.476190 14.468085 0.400000
      vertex 14.841270 14.468085 0.400000
    endloop
  endfacet
  facet normal 0.000000 1.000000 0.000000
    outer loop
      vertex 14.841270 18.297872 0.000000
      vertex 15.476190 18.297872 0.400000
      vertex 15.476190 18.297872 0.000000
    endloop
  endfacet
  facet normal 0.000000 1.000000 0.000000
    outer loop
      vertex 14.841270 18.297872 0.000000
      vertex 14.841270 18.297872 0.400000
      vertex 15.476190 18.297872 0.400000
    endloop
  endfacet
  facet normal -1.000000 0.000000 0.000000
    outer loop
      vertex 14.841270 14.468085 0.000000
      vertex 14.841270 14.468085 0.400000
      vertex 14.841270 18.297872 0.400000
    endloop
  endfacet
  facet normal -1.000000 0.000000 0.000000
    outer loop
      vertex 14.841270 14.468085 0.000000
      vertex 14.841270 18.297872 0.400000
      vertex 14.841270 18.297872 0.000000
    endloop
  endfacet
  facet normal 1.000000 0.000000 0.000000
    outer loop
      vertex 15.476190 14.468085 0.000000
      vertex 15.476190 18.297872 0.000000
      vertex 15.476190 18.297872 0.400000
    endloop
  endfacet
  facet normal 1.000000 0.000000 0.000000
    outer loop
      vertex 15.476190 14.468085 0.000000
      vertex 15.476190 18.297872 0.400000
      vertex 15.476190 14.468085 0.400000
    endloop
  endfacet
  facet normal 0.000000 0.000000 -1.000000
    outer loop
      vertex 11.666667 14.787234 0.000000
      vertex 11.984127 17.978723 0.000000
      vertex 11.984127 14.787234 0.000000
    endloop
  endfacet
  facet normal 0.000000 0.000000 -1.000000
    outer loop
      vertex 11.666667 14.787234 0.000000
      vertex 11.666667 17.978723 0.000000
      vertex 11.984127 17.978723 0.000000
    endloop
  endfacet
  facet normal 0.000000 0.000000 1.000000
    outer loop
      vertex 11.666667 14.787234 0.400000
      vertex 11.984127 14.787234 0.400000
      vertex 11.984127 17.978723 0.400000
    endloop
  endfacet
  facet normal 0.000000 0.000000 1.000000
    outer loop
      vertex 11.666667 14.787234 0.400000
      vertex 11.984127 17.978723 0.400000
      vertex 11.666667 17.978723 0.400000
    endloop
  endfacet
  facet normal 0.000000 -1.000000 0.000000
    outer loop
      vertex 11.666667 14.787234 0.000000
      vertex 11.984127 14.787234 0.000000
      vertex 11.984127 14.787234 0.400000
    endloop
  endfacet
  facet normal 0.000000 -1.000000 0.000000
    outer loop
      vertex 11.666667 14.787234 0.000000
      vertex 11.984127 14.787234 0.400000
      vertex 11.666667 14.787234 0.400000
    endloop
  endfacet
  facet normal 0.000000 1.000000 0.000000
    outer loop
      vertex 11.666667 17.978723 0.000000
      vertex 11.984127 17.978723 0.400000
      vertex 11.984127 17.978723 0.000000
    endloop
  endfacet
  facet normal 0.000000 1.000000 0.000000
    outer loop
      vertex 11.666667 17.978723 0.000000
      vertex 11.666667 17.978723 0.400000
      vertex 11.984127 17.978723 0.400000
    endloop
  endfacet
  facet normal -1.000000 0.000000 0.000000
    outer loop
      vertex 11.666667 14.787234 0.000000
      vertex 11.666667 14.787234 0.400000
      vertex 11.666667 17.978723 0.400000
    endloop
  endfacet
  facet normal -1.000000 0.000000 0.000000
    outer loop
      vertex 11.666667 14.787234 0.000000
      vertex 11.666667 17.978723 0.400000
      vertex 11.666667 17.978723 0.000000
    endloop
  endfacet
  facet normal 1.000000 0.000000 0.000000
    outer loop
      vertex 11.984127 14.787234 0.000000
      vertex 11.984127 17.978723 0.000000
      vertex 11.984127 17.978723 0.400000
    endloop
  endfacet
  facet normal 1.000000 0.000000 0.000000
    outer loop
      vertex 11.984127 14.787234 0.000000
      vertex 11.984127 17.978723 0.400000
      vertex 11.984127 14.787234 0.400000
    endloop
  endfacet
  facet normal 0.000000 0.000000 -1.000000
    outer loop
      vertex 15.476190 14.787234 0.000000
      vertex 15.793651 17.978723 0.000000
      vertex 15.793651 14.787234 0.000000
    endloop
  endfacet
  facet normal 0.000000 0.000000 -1.000000
    outer loop
      vertex 15.476190 14.787234 0.000000
      vertex 15.476190 17.978723 0.000000
      vertex 15.793651 17.978723 0.000000
    endloop
  endfacet
  facet normal 0.000000 0.000000 1.000000
    outer loop
      vertex 15.476190 14.787234 0.400000
      vertex 15.793651 14.787234 0.400000
      vertex 15.793651 17.978723 0.400000
    endloop
  endfacet
  facet normal 0.000000 0.000000 1.000000
    outer loop
      vertex 15.476190 14.787234 0.400000
      vertex 15.793651 17.978723 0.400000
      vertex 15.476190 17.978723 0.400000
    endloop
  endfacet
  facet normal 0.000000 -1.000000 0.000000
    outer loop
      vertex 15.476190 14.787234 0.000000
      vertex 15.793651 14.787234 0.000000
      vertex 15.793651 14.787234 0.400000
    endloop
  endfacet
  facet normal 0.000000 -1.000000 0.000000
    outer loop
      vertex 15.476190 14.787234 0.000000
      vertex 15.793651 14.787234 0.400000
      vertex 15.476190 14.787234 0.400000
    endloop
  endfacet
  facet normal 0.000000 1.000000 0.000000
    outer loop
      vertex 15.476190 17.978723 0.000000
      vertex 15.793651 17.978723 0.400000
      vertex 15.793651 17.978723 0.000000
    endloop
  endfacet
  facet normal 0.000000 1.000000 0.000000
    outer loop
      vertex 15.476190 17.978723 0.000000
      vertex 15.476190 17.978723 0.400000
      vertex 15.793651 17.978723 0.400000
    endloop
  endfacet
  facet normal -1.000000 0.000000 0.000000
    outer loop
      vertex 15.476190 14.787234 0.000000
      vertex 15.476190 14.787234 0.400000
      vertex 15.476190 17.978723 0.400000
    endloop
  endfacet
  facet normal -1.000000 0.000000 0.000000
    outer loop
      vertex 15.476190 14.787234 0.000000
      vertex 15.476190 17.978723 0.400000
      vertex 15.476190 17.978723 0.000000
    endloop
  endfacet
  facet normal 1.000000 0.000000 0.000000
    outer loop
      vertex 15.793651 14.787234 0.000000
      vertex 15.793651 17.978723 0.000000
      vertex 15.793651 17.978723 0.400000
    endloop
  endfacet
  facet normal 1.000000 0.000000 0.000000
    outer loop
      vertex 15.793651 14.787234 0.000000
      vertex 15.793651 17.978723 0.400000
      vertex 15.793651 14.787234 0.400000
    endloop
  endfacet
  facet normal 0.000000 0.000000 -1.000000
    outer loop
      vertex 18.650794 10.000000 0.000000
      vertex 19.920635 17.659574 0.000000
      vertex 19.920635 10.000000 0.000000
    endloop
  endfacet
  facet normal 0.000000 0.000000 -1.000000
    outer loop
      vertex 18.650794 10.000000 0.000000
      vertex 18.650794 17.659574 0.000000
      vertex 19.920635 17.659574 0.000000
    endloop
  endfacet
  facet normal 0.000000 0.000000 1.000000
    outer loop
      vertex 18.650794 10.000000 0.400000
      vertex 19.920635 10.000000 0.400000
      vertex 19.920635 17.659574 0.400000
    endloop
  endfacet
  facet normal 0.000000 0.000000 1.000000
    outer loop
      vertex 18.650794 10.000000 0.400000
      vertex 19.920635 17.659574 0.400000
      vertex 18.650794 17.659574 0.400000
    endloop
  endfacet
  facet normal 0.000000 -1.000000 0.000000
    outer loop
      vertex 18.650794 10.000000 0.000000
      vertex 19.920635 10.000000 0.000000
      vertex 19.920635 10.000000 0.400000
    endloop
  endfacet
  facet normal 0.000000 -1.000000 0.000000
    outer loop
      vertex 18.650794 10.000000 0.000000
      vertex 19.920635 10.000000 0.400000
      vertex 18.650794 10.000000 0.400000
    endloop
  endfacet
  facet normal 0.000000 1.000000 0.000000
    outer loop
      vertex 18.650794 17.659574 0.000000
      vertex 19.920635 17.659574 0.400000
      vertex 19.920635 17.659574 0.000000
    endloop
  endfacet
  facet normal 0.000000 1.000000 0.000000
    outer loop
      vertex 18.650794 17.659574 0.000000
      vertex 18.650794 17.659574 0.400000
      vertex 19.920635 17.659574 0.400000
    endloop
  endfacet
  facet normal -1.000000 0.000000 0.000000
    outer loop
      vertex 18.650794 10.000000 0.000000
      vertex 18.650794 10.000000 0.400000
      vertex 18.650794 17.659574 0.400000
    endloop
  endfacet
  facet normal -1.000000 0.000000 0.000000
    outer loop
      vertex 18.650794 10.000000 0.000000
      vertex 18.650794 17.659574 0.400000
      vertex 18.650794 17.659574 0.000000
    endloop
  endfacet
  facet normal 1.000000 0.000000 0.000000
    outer loop
      vertex 19.920635 10.000000 0.000000
      vertex 19.920635 17.659574 0.000000
      vertex 19.920635 17.659574 0.400000
    endloop
  endfacet
  facet normal 1.000000 0.000000 0.000000
    outer loop
      vertex 19.920635 10.000000 0.000000
      vertex 19.920635 17.659574 0.400000
      vertex 19.920635 10.000000 0.400000
    endloop
  endfacet
  facet normal 0.000000 0.000000 -1.000000
    outer loop
      vertex 15.793651 15.425532 0.000000
      vertex 16.111111 17.340426 0.000000
      vertex 16.111111 15.425532 0.000000
    endloop
  endfacet
  facet normal 0.000000 0.000000 -1.000000
    outer loop
      vertex 15.793651 15.425532 0.000000
      vertex 15.793651 17.340426 0.000000
      vertex 16.111111 17.340426 0.000000
    endloop
  endfacet
  facet normal 0.000000 0.000000 1.000000
    outer loop
      vertex 15.793651 15.425532 0.400000
      vertex 16.111111 15.425532 0.400000
      vertex 16.111111 17.340426 0.400000
    endloop
  endfacet
  facet normal 0.000000 0.000000 1.000000
    outer loop
      vertex 15.793651 15.425532 0.400000
      vertex 16.111111 17.340426 0.400000
      vertex 15.793651 17.340426 0.400000
    endloop
  endfacet
  facet normal 0.000000 -1.000000 0.000000
    outer loop
      vertex 15.793651 15.425532 0.000000
      vertex 16.111111 15.425532 0.000000
      vertex 16.111111 15.425532 0.400000
    endloop
  endfacet
  facet normal 0.000000 -1.000000 0.000000
    outer loop
      vertex 15.793651 15.425532 0.000000
      vertex 16.111111 15.425532 0.400000
      vertex 15.793651 15.425532 0.400000
    endloop
  endfacet
  facet normal 0.000000 1.000000 0.000000
    outer loop
      vertex 15.793651 17.340426 0.000000
      vertex 16.111111 17.340426 0.400000
      vertex 16.111111 17.340426 0.000000
    endloop
  endfacet
  facet normal 0.000000 1.000000 0.000000
    outer loop
      vertex 15.793651 17.340426 0.000000
      vertex 15.793651 17.340426 0.400000
      vertex 16.111111 17.340426 0.400000
    endloop
  endfacet
  facet normal -1.000000 0.000000 0.000000
    outer loop
      vertex 15.793651 15.425532 0.000000
      vertex 15.793651 15.425532 0.400000
      vertex 15.793651 17.340426 0.400000
    endloop
  endfacet
  facet normal -1.000000 0.000000 0.000000
    outer loop
      vertex 15.793651 15.425532 0.000000
      vertex 15.793651 17.340426 0.400000
      vertex 15.793651 17.340426 0.000000
    endloop
  endfacet
  facet normal 1.000000 0.000000 0.000000
    outer loop
      vertex 16.111111 15.425532 0.000000
      vertex 16.111111 17.340426 0.000000
      vertex 16.111111 17.340426 0.400000
    endloop
  endfacet
  facet normal 1.000000 0.000000 0.000000
    outer loop
      vertex 16.111111 15.425532 0.000000
      vertex 16.111111 17.340426 0.400000
      vertex 16.111111 15.425532 0.400000
    endloop
  endfacet
  facet normal 0.000000 0.000000 -1.000000
    outer loop
      vertex 33.253968 14.148936 0.000000
      vertex 34.841270 17.340426 0.000000
      vertex 34.841270 14.148936 0.000000
    endloop
  endfacet
  facet normal 0.000000 0.000000 -1.000000
    outer loop
      vertex 33.253968 14.148936 0.000000
      vertex 33.253968 17.340426 0.000000
      vertex 34.841270 17.340426 0.000000
    endloop
  endfacet
  facet normal 0.000000 0.000000 1.000000
    outer loop
      vertex 33.253968 14.148936 0.400000
      vertex 34.841270 14.148936 0.400000
      vertex 34.841270 17.340426 0.400000
    endloop
  endfacet
  facet normal 0.000000 0.000000 1.000000
    outer loop
      vertex 33.253968 14.148936 0.400000
      vertex 34.841270 17.340426 0.400000
      vertex 33.253968 17.340426 0.400000
    endloop
  endfacet
  facet normal 0.000000 -1.000000 0.000000
    outer loop
      vertex 33.253968 14.148936 0.000000
      vertex 34.841270 14.148936 0.000000
      vertex 34.841270 14.148936 0.400000
    endloop
  endfacet
  facet normal 0.000000 -1.000000 0.000000
    outer loop
      vertex 33.253968 14.148936 0.000000
      vertex 34.841270 14.148936 0.400000
      vertex 33.253968 14.148936 0.400000
    endloop
  endfacet
  facet normal 0.000000 1.000000 0.000000
    outer loop
      vertex 33.253968 17.340426 0.000000
      vertex 34.841270 17.340426 0.400000
      vertex 34.841270 17.340426 0.000000
    endloop
  endfacet
  facet normal 0.000000 1.000000 0.000000
    outer loop
      vertex 33.253968 17.340426 0.000000
      vertex 33.253968 17.340426 0.400000
      vertex 34.841270 17.340426 0.400000
    endloop
  endfacet
  facet normal -1.000000 0.000000 0.000000
    outer loop
      vertex 33.253968 14.148936 0.000000
      vertex 33.253968 14.148936 0.400000
      vertex 33.253968 17.340426 0.400000
    endloop
  endfacet
  facet normal -1.000000 0.000000 0.000000
    outer loop
      vertex 33.253968 14.148936 0.000000
      vertex 33.253968 17.340426 0.400000
      vertex 33.253968 17.340426 0.000000
    endloop
  endfacet
  facet normal 1.000000 0.000000 0.000000
    outer loop
      vertex 34.841270 14.148936 0.000000
      vertex 34.841270 17.340426 0.000000
      vertex 34.841270 17.340426 0.400000
    endloop
  endfacet
  facet normal 1.000000 0.000000 0.000000
    outer loop
      vertex 34.841270 14.148936 0.000000
      vertex 34.841270 17.340426 0.400000
      vertex 34.841270 14.148936 0.400000
    endloop
  endfacet
  facet normal 0.000000 0.000000 -1.000000
    outer loop
      vertex 32.936508 14.468085 0.000000
      vertex 33.253968 17.021277 0.000000
      vertex 33.253968 14.468085 0.000000
    endloop
  endfacet
  facet normal 0.000000 0.000000 -1.000000
    outer loop
      vertex 32.936508 14.468085 0.000000
      vertex 32.936508 17.021277 0.000000
      vertex 33.253968 17.021277 0.000000
    endloop
  endfacet
  facet normal 0.000000 0.000000 1.000000
    outer loop
      vertex 32.936508 14.468085 0.400000
      vertex 33.253968 14.468085 0.400000
      vertex 33.253968 17.021277 0.400000
    endloop
  endfacet
  facet normal 0.000000 0.000000 1.000000
    outer loop
      vertex 32.936508 14.468085 0.400000
      vertex 33.253968 17.021277 0.400000
      vertex 32.936508 17.021277 0.400000
    endloop
  endfacet
  facet normal 0.000000 -1.000000 0.000000
    outer loop
      vertex 32.936508 14.468085 0.000000
      vertex 33.253968 14.468085 0.000000
      vertex 33.253968 14.468085 0.400000
    endloop
  endfacet
  facet normal 0.000000 -1.000000 0.000000
    outer loop
      vertex 32.936508 14.468085 0.000000
      vertex 33.253968 14.468085 0.400000
      vertex 32.936508 14.468085 0.400000
    endloop
  endfacet
  facet normal 0.000000 1.000000 0.000000
    outer loop
      vertex 32.936508 17.021277 0.000000
      vertex 33.253968 17.021277 0.400000
      vertex 33.253968 17.021277 0.000000
    endloop
  endfacet
  facet normal 0.000000 1.000000 0.000000
    outer loop
      vertex 32.936508 17.021277 0.000000
      vertex 32.936508 17.021277 0.400000
      vertex 33.253968 17.021277 0.400000
    endloop
  endfacet
  facet normal -1.000000 0.000000 0.000000
    outer loop
      vertex 32.936508 14.468085 0.000000
      vertex 32.936508 14.468085 0.400000
      vertex 32.936508 17.021277 0.400000
    endloop
  endfacet
  facet normal -1.000000 0.000000 0.000000
    outer loop
      vertex 32.936508 14.468085 0.000000
      vertex 32.936508 17.021277 0.400000
      vertex 32.936508 17.021277 0.000000
    endloop
  endfacet
  facet normal 1.000000 0.000000 0.000000
    outer loop
      vertex 33.253968 14.468085 0.000000
      vertex 33.253968 17.021277 0.000000
      vertex 33.253968 17.021277 0.400000
    endloop
  endfacet
  facet normal 1.000000 0.000000 0.000000
    outer loop
      vertex 33.253968 14.468085 0.000000
      vertex 33.253968 17.021277 0.400000
      vertex 33.253968 14.468085 0.400000
    endloop
  endfacet
  facet normal 0.000000 0.000000 -1.000000
    outer loop
      vertex 34.841270 14.468085 0.000000
      vertex 35.158730 17.021277 0.000000
      vertex 35.158730 14.468085 0.000000
    endloop
  endfacet
  facet normal 0.000000 0.000000 -1.000000
    outer loop
      vertex 34.841270 14.468085 0.000000
      vertex 34.841270 17.021277 0.000000
      vertex 35.158730 17.021277 0.000000
    endloop
  endfacet
  facet normal 0.000000 0.000000 1.000000
    outer loop
      vertex 34.841270 14.468085 0.400000
      vertex 35.158730 14.468085 0.400000
      vertex 35.158730 17.021277 0.400000
    endloop
  endfacet
  facet normal 0.000000 0.000000 1.000000
    outer loop
      vertex 34.841270 14.468085 0.400000
      vertex 35.158730 17.021277 0.400000
      vertex 34.841270 17.021277 0.400000
    endloop
  endfacet
  facet normal 0.000000 -1.000000 0.000000
    outer loop
      vertex 34.841270 14.468085 0.000000
      vertex 35.158730 14.468085 0.000000
      vertex 35.158730 14.468085 0.400000
    endloop
  endfacet
  facet normal 0.000000 -1.000000 0.000000
    outer loop
      vertex 34.841270 14.468085 0.000000
      vertex 35.158730 14.468085 0.400000
      vertex 34.841270 14.468085 0.400000
    endloop
  endfacet
  facet normal 0.000000 1.000000 0.000000
    outer loop
      vertex 34.841270 17.021277 0.000000
      vertex 35.158730 17.021277 0.400000
      vertex 35.158730 17.021277 0.000000
    endloop
  endfacet
  facet normal 0.000000 1.000000 0.000000
    outer loop
      vertex 34.841270 17.021277 0.000000
      vertex 34.841270 17.021277 0.400000
      vertex 35.158730 17.021277 0.400000
    endloop
  endfacet
  facet normal -1.000000 0.000000 0.000000
    outer loop
      vertex 34.841270 14.468085 0.000000
      vertex 34.841270 14.468085 0.400000
      vertex 34.841270 17.021277 0.400000
    endloop
  endfacet
  facet normal -1.000000 0.000000 0.000000
    outer loop
      vertex 34.841270 14.468085 0.000000
      vertex 34.841270 17.021277 0.400000
      vertex 34.841270 17.021277 0.000000
    endloop
  endfacet
  facet normal 1.000000 0.000000 0.000000
    outer loop
      vertex 35.158730 14.468085 0.000000
      vertex 35.158730 17.021277 0.000000
      vertex 35.158730 17.021277 0.400000
    endloop
  endfacet
  facet normal 1.000000 0.000000 0.000000
    outer loop
      vertex 35.158730 14.468085 0.000000
      vertex 35.158730 17.021277 0.400000
      vertex 35.158730 14.468085 0.400000
    endloop
  endfacet
  facet normal 0.000000 0.000000 -1.000000
    outer loop
      vertex 35.158730 14.787234 0.000000
      vertex 35.476190 16.702128 0.000000
      vertex 35.476190 14.787234 0.000000
    endloop
  endfacet
  facet normal 0.000000 0.000000 -1.000000
    outer loop
      vertex 35.158730 14.787234 0.000000
      vertex 35.158730 16.702128 0.000000
      vertex 35.476190 16.702128 0.000000
    endloop
  endfacet
  facet normal 0.000000 0.000000 1.000000
    outer loop
      vertex 35.158730 14.787234 0.400000
      vertex 35.476190 14.787234 0.400000
      vertex 35.476190 16.702128 0.400000
    endloop
  endfacet
  facet normal 0.000000 0.000000 1.000000
    outer loop
      vertex 35.158730 14.787234 0.400000
      vertex 35.476190 16.702128 0.400000
      vertex 35.158730 16.702128 0.400000
    endloop
  endfacet
  facet normal 0.000000 -1.000000 0.000000
    outer loop
      vertex 35.158730 14.787234 0.000000
      vertex 35.476190 14.787234 0.000000
      vertex 35.476190 14.787234 0.400000
    endloop
  endfacet
  facet normal 0.000000 -1.000000 0.000000
    outer loop
      vertex 35.158730 14.787234 0.000000
      vertex 35.476190 14.787234 0.400000
      vertex 35.158730 14.787234 0.400000
    endloop
  endfacet
  facet normal 0.000000 1.000000 0.000000
    outer loop
      vertex 35.158730 16.702128 0.000000
      vertex 35.476190 16.702128 0.400000
      vertex 35.476190 16.702128 0.000000
    endloop
  endfacet
  facet normal 0.000000 1.000000 0.000000
    outer loop
      vertex 35.158730 16.702128 0.000000
      vertex 35.158730 16.702128 0.400000
      vertex 35.476190 16.702128 0.400000
    endloop
  endfacet
  facet normal -1.000000 0.000000 0.000000
    outer loop
      vertex 35.158730 14.787234 0.000000
      vertex 35.158730 14.787234 0.400000
      vertex 35.158730 16.702128 0.400000
    endloop
  endfacet
  facet normal -1.000000 0.000000 0.000000
    outer loop
      vertex 35.158730 14.787234 0.000000
      vertex 35.158730 16.702128 0.400000
      vertex 35.158730 16.702128 0.000000
    endloop
  endfacet
  facet normal 1.000000 0.000000 0.000000
    outer loop
      vertex 35.476190 14.787234 0.000000
      vertex 35.476190 16.702128 0.000000
      vertex 35.476190 16.702128 0.400000
    endloop
  endfacet
  facet normal 1.000000 0.000000 0.000000
    outer loop
      vertex 35.476190 14.787234 0.000000
      vertex 35.476190 16.702128 0.400000
      vertex 35.476190 14.787234 0.400000
    endloop
  endfacet
  facet normal 0.000000 0.000000 -1.000000
    outer loop
      vertex 32.619048 15.106383 0.000000
      vertex 32.936508 16.382979 0.000000
      vertex 32.936508 15.106383 0.000000
    endloop
  endfacet
  facet normal 0.000000 0.000000 -1.000000
    outer loop
      vertex 32.619048 15.106383 0.000000
      vertex 32.619048 16.382979 0.000000
      vertex 32.936508 16.382979 0.000000
    endloop
  endfacet
  facet normal 0.000000 0.000000 1.000000
    outer loop
      vertex 32.619048 15.106383 0.400000
      vertex 32.936508 15.106383 0.400000
      vertex 32.936508 16.382979 0.400000
    endloop
  endfacet
  facet normal 0.000000 0.000000 1.000000
    outer loop
      vertex 32.619048 15.106383 0.400000
      vertex 32.936508 16.382979 0.400000
      vertex 32.619048 16.382979 0.400000
    endloop
  endfacet
  facet normal 0.000000 -1.000000 0.000000
    outer loop
      vertex 32.619048 15.106383 0.000000
      vertex 32.936508 15.106383 0.000000
      vertex 32.936508 15.106383 0.400000
    endloop
  endfacet
  facet normal 0.000000 -1.000000 0.000000
    outer loop
      vertex 32.619048 15.106383 0.000000
      vertex 32.936508 15.106383 0.400000
      vertex 32.619048 15.106383 0.400000
    endloop
  endfacet
  facet normal 0.000000 1.000000 0.000000
    outer loop
      vertex 32.619048 16.382979 0.000000
      vertex 32.936508 16.382979 0.400000
      vertex 32.936508 16.382979 0.000000
    endloop
  endfacet
  facet normal 0.000000 1.000000 0.000000
    outer loop
      vertex 32.619048 16.382979 0.000000
      vertex 32.619048 16.382979 0.400000
      vertex 32.936508 16.382979 0.400000
    endloop
  endfacet
  facet normal -1.000000 0.000000 0.000000
    outer loop
      vertex 32.619048 15.106383 0.000000
      vertex 32.619048 15.106383 0.400000
      vertex 32.619048 16.382979 0.400000
    endloop
  endfacet
  facet normal -1.000000 0.000000 0.000000
    outer loop
      vertex 32.619048 15.106383 0.000000
      vertex 32.619048 16.382979 0.400000
      vertex 32.619048 16.382979 0.000000
    endloop
  endfacet
  facet normal 1.000000 0.000000 0.000000
    outer loop
      vertex 32.936508 15.106383 0.000000
      vertex 32.936508 16.382979 0.000000
      vertex 32.936508 16.382979 0.400000
    endloop
  endfacet
  facet normal 1.000000 0.000000 0.000000
    outer loop
      vertex 32.936508 15.106383 0.000000
      vertex 32.936508 16.382979 0.400000
      vertex 32.936508 15.106383 0.400000
    endloop
  endfacet
  facet normal 0.000000 0.000000 -1.000000
    outer loop
      vertex 28.492063 10.000000 0.000000
      vertex 28.809524 16.063830 0.000000
      vertex 28.809524 10.000000 0.000000
    endloop
  endfacet
  facet normal 0.000000 0.000000 -1.000000
    outer loop
      vertex 28.492063 10.000000 0.000000
      vertex 28.492063 16.063830 0.000000
      vertex 28.809524 16.063830 0.000000
    endloop
  endfacet
  facet normal 0.000000 0.000000 1.000000
    outer loop
      vertex 28.492063 10.000000 0.400000
      vertex 28.809524 10.000000 0.400000
      vertex 28.809524 16.063830 0.400000
    endloop
  endfacet
  facet normal 0.000000 0.000000 1.000000
    outer loop
      vertex 28.492063 10.000000 0.400000
      vertex 28.809524 16.063830 0.400000
      vertex 28.492063 16.063830 0.400000
    endloop
  endfacet
  facet normal 0.000000 -1.000000 0.000000
    outer loop
      vertex 28.492063 10.000000 0.000000
      vertex 28.809524 10.000000 0.000000
      vertex 28.809524 10.000000 0.400000
    endloop
  endfacet
  facet normal 0.000000 -1.000000 0.000000
    outer loop
      vertex 28.492063 10.000000 0.000000
      vertex 28.809524 10.000000 0.400000
      vertex 28.492063 10.000000 0.400000
    endloop
  endfacet
  facet normal 0.000000 1.000000 0.000000
    outer loop
      vertex 28.492063 16.063830 0.000000
      vertex 28.809524 16.063830 0.400000
      vertex 28.809524 16.063830 0.000000
    endloop
  endfacet
  facet normal 0.000000 1.000000 0.000000
    outer loop
      vertex 28.492063 16.063830 0.000000
      vertex 28.492063 16.063830 0.400000
      vertex 28.809524 16.063830 0.400000
    endloop
  endfacet
  facet normal -1.000000 0.000000 0.000000
    outer loop
      vertex 28.492063 10.000000 0.000000
      vertex 28.492063 10.000000 0.400000
      vertex 28.492063 16.063830 0.400000
    endloop
  endfacet
  facet normal -1.000000 0.000000 0.000000
    outer loop
      vertex 28.492063 10.000000 0.000000
      vertex 28.492063 16.063830 0.400000
      vertex 28.492063 16.063830 0.000000
    endloop
  endfacet
  facet normal 1.000000 0.000000 0.000000
    outer loop
      vertex 28.809524 10.000000 0.000000
      vertex 28.809524 16.063830 0.000000
      vertex 28.809524 16.063830 0.400000
    endloop
  endfacet
  facet normal 1.000000 0.000000 0.000000
    outer loop
      vertex 28.809524 10.000000 0.000000
      vertex 28.809524 16.063830 0.400000
      vertex 28.809524 10.000000 0.400000
    endloop
  endfacet
  facet normal 0.000000 0.000000 -1.000000
    outer loop
      vertex 20.238095 10.000000 0.000000
      vertex 20.555556 15.744681 0.000000
      vertex 20.555556 10.000000 0.000000
    endloop
  endfacet
  facet normal 0.000000 0.000000 -1.000000
    outer loop
      vertex 20.238095 10.000000 0.000000
      vertex 20.238095 15.744681 0.000000
      vertex 20.555556 15.744681 0.000000
    endloop
  endfacet
  facet normal 0.000000 0.000000 1.000000
    outer loop
      vertex 20.238095 10.000000 0.400000
      vertex 20.555556 10.000000 0.400000
      vertex 20.555556 15.744681 0.400000
    endloop
  endfacet
  facet normal 0.000000 0.000000 1.000000
    outer loop
      vertex 20.238095 10.000000 0.400000
      vertex 20.555556 15.744681 0.400000
      vertex 20.238095 15.744681 0.400000
    endloop
  endfacet
  facet normal 0.000000 -1.000000 0.000000
    outer loop
      vertex 20.238095 10.000000 0.000000
      vertex 20.555556 10.000000 0.000000
      vertex 20.555556 10.000000 0.400000
    endloop
  endfacet
  facet normal 0.000000 -1.000000 0.000000
    outer loop
      vertex 20.238095 10.000000 0.000000
      vertex 20.555556 10.000000 0.400000
      vertex 20.238095 10.000000 0.400000
    endloop
  endfacet
  facet normal 0.000000 1.000000 0.000000
    outer loop
      vertex 20.238095 15.744681 0.000000
      vertex 20.555556 15.744681 0.400000
      vertex 20.555556 15.744681 0.000000
    endloop
  endfacet
  facet normal 0.000000 1.000000 0.000000
    outer loop
      vertex 20.238095 15.744681 0.000000
      vertex 20.238095 15.744681 0.400000
      vertex 20.555556 15.744681 0.400000
    endloop
  endfacet
  facet normal -1.000000 0.000000 0.000000
    outer loop
      vertex 20.238095 10.000000 0.000000
      vertex 20.238095 10.000000 0.400000
      vertex 20.238095 15.744681 0.400000
    endloop
  endfacet
  facet normal -1.000000 0.000000 0.000000
    outer loop
      vertex 20.238095 10.000000 0.000000
      vertex 20.238095 15.744681 0.400000
      vertex 20.238095 15.744681 0.000000
    endloop
  endfacet
  facet normal 1.000000 0.000000 0.000000
    outer loop
      vertex 20.555556 10.000000 0.000000
      vertex 20.555556 15.744681 0.000000
      vertex 20.555556 15.744681 0.400000
    endloop
  endfacet
  facet normal 1.000000 0.000000 0.000000
    outer loop
      vertex 20.555556 10.000000 0.000000
      vertex 20.555556 15.744681 0.400000
      vertex 20.555556 10.000000 0.400000
    endloop
  endfacet
  facet normal 0.000000 0.000000 -1.000000
    outer loop
      vertex 38.015873 10.000000 0.000000
      vertex 38.333333 15.425532 0.000000
      vertex 38.333333 10.000000 0.000000
    endloop
  endfacet
  facet normal 0.000000 0.000000 -1.000000
    outer loop
      vertex 38.015873 10.000000 0.000000
      vertex 38.015873 15.425532 0.000000
      vertex 38.333333 15.425532 0.000000
    endloop
  endfacet
  facet normal 0.000000 0.000000 1.000000
    outer loop
      vertex 38.015873 10.000000 0.400000
      vertex 38.333333 10.000000 0.400000
      vertex 38.333333 15.425532 0.400000
    endloop
  endfacet
  facet normal 0.000000 0.000000 1.000000
    outer loop
      vertex 38.015873 10.000000 0.400000
      vertex 38.333333 15.425532 0.400000
      vertex 38.015873 15.425532 0.400000
    endloop
  endfacet
  facet normal 0.000000 -1.000000 0.000000
    outer loop
      vertex 38.015873 10.000000 0.000000
      vertex 38.333333 10.000000 0.000000
      vertex 38.333333 10.000000 0.400000
    endloop
  endfacet
  facet normal 0.000000 -1.000000 0.000000
    outer loop
      vertex 38.015873 10.000000 0.000000
      vertex 38.333333 10.000000 0.400000
      vertex 38.015873 10.000000 0.400000
    endloop
  endfacet
  facet normal 0.000000 1.000000 0.000000
    outer loop
      vertex 38.015873 15.425532 0.000000
      vertex 38.333333 15.425532 0.400000
      vertex 38.333333 15.425532 0.000000
    endloop
  endfacet
  facet normal 0.000000 1.000000 0.000000
    outer loop
      vertex 38.015873 15.425532 0.000000
      vertex 38.015873 15.425532 0.400000
      vertex 38.333333 15.425532 0.400000
    endloop
  endfacet
  facet normal -1.000000 0.000000 0.000000
    outer loop
      vertex 38.015873 10.000000 0.000000
      vertex 38.015873 10.000000 0.400000
      vertex 38.015873 15.425532 0.400000
    endloop
  endfacet
  facet normal -1.000000 0.000000 0.000000
    outer loop
      vertex 38.015873 10.000000 0.000000
      vertex 38.015873 15.425532 0.400000
      vertex 38.015873 15.425532 0.000000
    endloop
  endfacet
  facet normal 1.000000 0.000000 0.000000
    outer loop
      vertex 38.333333 10.000000 0.000000
      vertex 38.333333 15.425532 0.000000
      vertex 38.333333 15.425532 0.400000
    endloop
  endfacet
  facet normal 1.000000 0.000000 0.000000
    outer loop
      vertex 38.333333 10.000000 0.000000
      vertex 38.333333 15.425532 0.400000
      vertex 38.333333 10.000000 0.400000
    endloop
  endfacet
  facet normal 0.000000 0.000000 -1.000000
    outer loop
      vertex 18.333333 10.000000 0.000000
      vertex 18.650794 15.106383 0.000000
      vertex 18.650794 10.000000 0.000000
    endloop
  endfacet
  facet normal 0.000000 0.000000 -1.000000
    outer loop
      vertex 18.333333 10.000000 0.000000
      vertex 18.333333 15.106383 0.000000
      vertex 18.650794 15.106383 0.000000
    endloop
  endfacet
  facet normal 0.000000 0.000000 1.000000
    outer loop
      vertex 18.333333 10.000000 0.400000
      vertex 18.650794 10.000000 0.400000
      vertex 18.650794 15.106383 0.400000
    endloop
  endfacet
  facet normal 0.000000 0.000000 1.000000
    outer loop
      vertex 18.333333 10.000000 0.400000
      vertex 18.650794 15.106383 0.400000
      vertex 18.333333 15.106383 0.400000
    endloop
  endfacet
  facet normal 0.000000 -1.000000 0.000000
    outer loop
      vertex 18.333333 10.000000 0.000000
      vertex 18.650794 10.000000 0.000000
      vertex 18.650794 10.000000 0.400000
    endloop
  endfacet
  facet normal 0.000000 -1.000000 0.000000
    outer loop
      vertex 18.333333 10.000000 0.000000
      vertex 18.650794 10.000000 0.400000
      vertex 18.333333 10.000000 0.400000
    endloop
  endfacet
  facet normal 0.000000 1.000000 0.000000
    outer loop
      vertex 18.333333 15.106383 0.000000
      vertex 18.650794 15.106383 0.400000
      vertex 18.650794 15.106383 0.000000
    endloop
  endfacet
  facet normal 0.000000 1.000000 0.000000
    outer loop
      vertex 18.333333 15.106383 0.000000
      vertex 18.333333 15.106383 0.400000
      vertex 18.650794 15.106383 0.400000
    endloop
  endfacet
  facet normal -1.000000 0.000000 0.000000
    outer loop
      vertex 18.333333 10.000000 0.000000
      vertex 18.333333 10.000000 0.400000
      vertex 18.333333 15.106383 0.400000
    endloop
  endfacet
  facet normal -1.000000 0.000000 0.000000
    outer loop
      vertex 18.333333 10.000000 0.000000
      vertex 18.333333 15.106383 0.400000
      vertex 18.333333 15.106383 0.000000
    endloop
  endfacet
  facet normal 1.000000 0.000000 0.000000
    outer loop
      vertex 18.650794 10.000000 0.000000
      vertex 18.650794 15.106383 0.000000
      vertex 18.650794 15.106383 0.400000
    endloop
  endfacet
  facet normal 1.000000 0.000000 0.000000
    outer loop
      vertex 18.650794 10.000000 0.000000
      vertex 18.650794 15.106383 0.400000
      vertex 18.650794 10.000000 0.400000
    endloop
  endfacet
  facet normal 0.000000 0.000000 -1.000000
    outer loop
      vertex 28.174603 10.000000 0.000000
      vertex 28.492063 15.106383 0.000000
      vertex 28.492063 10.000000 0.000000
    endloop
  endfacet
  facet normal 0.000000 0.000000 -1.000000
    outer loop
      vertex 28.174603 10.000000 0.000000
      vertex 28.174603 15.106383 0.000000
      vertex 28.492063 15.106383 0.000000
    endloop
  endfacet
  facet normal 0.000000 0.000000 1.000000
    outer loop
      vertex 28.174603 10.000000 0.400000
      vertex 28.492063 10.000000 0.400000
      vertex 28.492063 15.106383 0.400000
    endloop
  endfacet
  facet normal 0.000000 0.000000 1.000000
    outer loop
      vertex 28.174603 10.000000 0.400000
      vertex 28.492063 15.106383 0.400000
      vertex 28.174603 15.106383 0.400000
    endloop
  endfacet
  facet normal 0.000000 -1.000000 0.000000
    outer loop
      vertex 28.174603 10.000000 0.000000
      vertex 28.492063 10.000000 0.000000
      vertex 28.492063 10.000000 0.400000
    endloop
  endfacet
  facet normal 0.000000 -1.000000 0.000000
    outer loop
      vertex 28.174603 10.000000 0.000000
      vertex 28.492063 10.000000 0.400000
      vertex 28.174603 10.000000 0.400000
    endloop
  endfacet
  facet normal 0.000000 1.000000 0.000000
    outer loop
      vertex 28.174603 15.106383 0.000000
      vertex 28.492063 15.106383 0.400000
      vertex 28.492063 15.106383 0.000000
    endloop
  endfacet
  facet normal 0.000000 1.000000 0.000000
    outer loop
      vertex 28.174603 15.106383 0.000000
      vertex 28.174603 15.106383 0.400000
      vertex 28.492063 15.106383 0.400000
    endloop
  endfacet
  facet normal -1.000000 0.000000 0.000000
    outer loop
      vertex 28.174603 10.000000 0.000000
      vertex 28.174603 10.000000 0.400000
      vertex 28.174603 15.106383 0.400000
    endloop
  endfacet
  facet normal -1.000000 0.000000 0.000000
    outer loop
      vertex 28.174603 10.000000 0.000000
      vertex 28.174603 15.106383 0.400000
      vertex 28.174603 15.106383 0.000000
    endloop
  endfacet
  facet normal 1.000000 0.000000 0.000000
    outer loop
      vertex 28.492063 10.000000 0.000000
      vertex 28.492063 15.106383 0.000000
      vertex 28.492063 15.106383 0.400000
    endloop
  endfacet
  facet normal 1.000000 0.000000 0.000000
    outer loop
      vertex 28.492063 10.000000 0.000000
      vertex 28.492063 15.106383 0.400000
      vertex 28.492063 10.000000 0.400000
    endloop
  endfacet
  facet normal 0.000000 0.000000 -1.000000
    outer loop
      vertex 20.555556 10.000000 0.000000
      vertex 20.873016 14.787234 0.000000
      vertex 20.873016 10.000000 0.000000
    endloop
  endfacet
  facet normal 0.000000 0.000000 -1.000000
    outer loop
      vertex 20.555556 10.000000 0.000000
      vertex 20.555556 14.787234 0.000000
      vertex 20.873016 14.787234 0.000000
    endloop
  endfacet
  facet normal 0.000000 0.000000 1.000000
    outer loop
      vertex 20.555556 10.000000 0.400000
      vertex 20.873016 10.000000 0.400000
      vertex 20.873016 14.787234 0.400000
    endloop
  endfacet
  facet normal 0.000000 0.000000 1.000000
    outer loop
      vertex 20.555556 10.000000 0.400000
      vertex 20.873016 14.787234 0.400000
      vertex 20.555556 14.787234 0.400000
    endloop
  endfacet
  facet normal 0.000000 -1.000000 0.000000
    outer loop
      vertex 20.555556 10.000000 0.000000
      vertex 20.873016 10.000000 0.000000
      vertex 20.873016 10.000000 0.400000
    endloop
  endfacet
  facet normal 0.000000 -1.000000 0.000000
    outer loop
      vertex 20.555556 10.000000 0.000000
      vertex 20.873016 10.000000 0.400000
      vertex 20.555556 10.000000 0.400000
    endloop
  endfacet
  facet normal 0.000000 1.000000 0.000000
    outer loop
      vertex 20.555556 14.787234 0.000000
      vertex 20.873016 14.787234 0.400000
      vertex 20.873016 14.787234 0.000000
    endloop
  endfacet
  facet normal 0.000000 1.000000 0.000000
    outer loop
      vertex 20.555556 14.787234 0.000000
      vertex 20.555556 14.787234 0.400000
      vertex 20.873016 14.787234 0.400000
    endloop
  endfacet
  facet normal -1.000000 0.000000 0.000000
    outer loop
      vertex 20.555556 10.000000 0.000000
      vertex 20.555556 10.000000 0.400000
      vertex 20.555556 14.787234 0.400000
    endloop
  endfacet
  facet normal -1.000000 0.000000 0.000000
    outer loop
      vertex 20.555556 10.000000 0.000000
      vertex 20.555556 14.787234 0.400000
      vertex 20.555556 14.787234 0.000000
    endloop
  endfacet
  facet normal 1.000000 0.000000 0.000000
    outer loop
      vertex 20.873016 10.000000 0.000000
      vertex 20.873016 14.787234 0.000000
      vertex 20.873016 14.787234 0.400000
    endloop
  endfacet
  facet normal 1.000000 0.000000 0.000000
    outer loop
      vertex 20.873016 10.000000 0.000000
      vertex 20.873016 14.787234 0.400000
      vertex 20.873016 10.000000 0.400000
    endloop
  endfacet
  facet normal 0.000000 0.000000 -1.000000
    outer loop
      vertex 30.079365 10.000000 0.000000
      vertex 30.396825 14.787234 0.000000
      vertex 30.396825 10.000000 0.000000
    endloop
  endfacet
  facet normal 0.000000 0.000000 -1.000000
    outer loop
      vertex 30.079365 10.000000 0.000000
      vertex 30.079365 14.787234 0.000000
      vertex 30.396825 14.787234 0.000000
    endloop
  endfacet
  facet normal 0.000000 0.000000 1.000000
    outer loop
      vertex 30.079365 10.000000 0.400000
      vertex 30.396825 10.000000 0.400000
      vertex 30.396825 14.787234 0.400000
    endloop
  endfacet
  facet normal 0.000000 0.000000 1.000000
    outer loop
      vertex 30.079365 10.000000 0.400000
      vertex 30.396825 14.787234 0.400000
      vertex 30.079365 14.787234 0.400000
    endloop
  endfacet
  facet normal 0.000000 -1.000000 0.000000
    outer loop
      vertex 30.079365 10.000000 0.000000
      vertex 30.396825 10.000000 0.000000
      vertex 30.396825 10.000000 0.400000
    endloop
  endfacet
  facet normal 0.000000 -1.000000 0.000000
    outer loop
      vertex 30.079365 10.000000 0.000000
      vertex 30.396825 10.000000 0.400000
      vertex 30.079365 10.000000 0.400000
    endloop
  endfacet
  facet normal 0.000000 1.000000 0.000000
    outer loop
      vertex 30.079365 14.787234 0.000000
      vertex 30.396825 14.787234 0.400000
      vertex 30.396825 14.787234 0.000000
    endloop
  endfacet
  facet normal 0.000000 1.000000 0.000000
    outer loop
      vertex 30.079365 14.787234 0.000000
      vertex 30.079365 14.787234 0.400000
      vertex 30.396825 14.787234 0.400000
    endloop
  endfacet
  facet normal -1.000000 0.000000 0.000000
    outer loop
      vertex 30.079365 10.000000 0.000000
      vertex 30.079365 10.000000 0.400000
      vertex 30.079365 14.787234 0.400000
    endloop
  endfacet
  facet normal -1.000000 0.000000 0.000000
    outer loop
      vertex 30.079365 10.000000 0.000000
      vertex 30.079365 14.787234 0.400000
      vertex 30.079365 14.787234 0.000000
    endloop
  endfacet
  facet normal 1.000000 0.000000 0.000000
    outer loop
      vertex 30.396825 10.000000 0.000000
      vertex 30.396825 14.787234 0.000000
      vertex 30.396825 14.787234 0.400000
    endloop
  endfacet
  facet normal 1.000000 0.000000 0.000000
    outer loop
      vertex 30.396825 10.000000 0.000000
      vertex 30.396825 14.787234 0.400000
      vertex 30.396825 10.000000 0.400000
    endloop
  endfacet
  facet normal 0.000000 0.000000 -1.000000
    outer loop
      vertex 12.619048 14.148936 0.000000
      vertex 12.936508 14.468085 0.000000
      vertex 12.936508 14.148936 0.000000
    endloop
  endfacet
  facet normal 0.000000 0.000000 -1.000000
    outer loop
      vertex 12.619048 14.148936 0.000000
      vertex 12.619048 14.468085 0.000000
      vertex 12.936508 14.468085 0.000000
    endloop
  endfacet
  facet normal 0.000000 0.000000 1.000000
    outer loop
      vertex 12.619048 14.148936 0.400000
      vertex 12.936508 14.148936 0.400000
      vertex 12.936508 14.468085 0.400000
    endloop
  endfacet
  facet normal 0.000000 0.000000 1.000000
    outer loop
      vertex 12.619048 14.148936 0.400000
      vertex 12.936508 14.468085 0.400000
      vertex 12.619048 14.468085 0.400000
    endloop
  endfacet
  facet normal 0.000000 -1.000000 0.000000
    outer loop
      vertex 12.619048 14.148936 0.000000
      vertex 12.936508 14.148936 0.000000
      vertex 12.936508 14.148936 0.400000
    endloop
  endfacet
  facet normal 0.000000 -1.000000 0.000000
    outer loop
      vertex 12.619048 14.148936 0.000000
      vertex 12.936508 14.148936 0.400000
      vertex 12.619048 14.148936 0.400000
    endloop
  endfacet
  facet normal 0.000000 1.000000 0.000000
    outer loop
      vertex 12.619048 14.468085 0.000000
      vertex 12.936508 14.468085 0.400000
      vertex 12.936508 14.468085 0.000000
    endloop
  endfacet
  facet normal 0.000000 1.000000 0.000000
    outer loop
      vertex 12.619048 14.468085 0.000000
      vertex 12.619048 14.468085 0.400000
      vertex 12.936508 14.468085 0.400000
    endloop
  endfacet
  facet normal -1.000000 0.000000 0.000000
    outer loop
      vertex 12.619048 14.148936 0.000000
      vertex 12.619048 14.148936 0.400000
      vertex 12.619048 14.468085 0.400000
    endloop
  endfacet
  facet normal -1.000000 0.000000 0.000000
    outer loop
      vertex 12.619048 14.148936 0.000000
      vertex 12.619048 14.468085 0.400000
      vertex 12.619048 14.468085 0.000000
    endloop
  endfacet
  facet normal 1.000000 0.000000 0.000000
    outer loop
      vertex 12.936508 14.148936 0.000000
      vertex 12.936508 14.468085 0.000000
      vertex 12.936508 14.468085 0.400000
    endloop
  endfacet
  facet normal 1.000000 0.000000 0.000000
    outer loop
      vertex 12.936508 14.148936 0.000000
      vertex 12.936508 14.468085 0.400000
      vertex 12.936508 14.148936 0.400000
    endloop
  endfacet
  facet normal 0.000000 0.000000 -1.000000
    outer loop
      vertex 37.698413 10.000000 0.000000
      vertex 38.015873 14.468085 0.000000
      vertex 38.015873 10.000000 0.000000
    endloop
  endfacet
  facet normal 0.000000 0.000000 -1.000000
    outer loop
      vertex 37.698413 10.000000 0.000000
      vertex 37.698413 14.468085 0.000000
      vertex 38.015873 14.468085 0.000000
    endloop
  endfacet
  facet normal 0.000000 0.000000 1.000000
    outer loop
      vertex 37.698413 10.000000 0.400000
      vertex 38.015873 10.000000 0.400000
      vertex 38.015873 14.468085 0.400000
    endloop
  endfacet
  facet normal 0.000000 0.000000 1.000000
    outer loop
      vertex 37.698413 10.000000 0.400000
      vertex 38.015873 14.468085 0.400000
      vertex 37.698413 14.468085 0.400000
    endloop
  endfacet
  facet normal 0.000000 -1.000000 0.000000
    outer loop
      vertex 37.698413 10.000000 0.000000
      vertex 38.015873 10.000000 0.000000
      vertex 38.015873 10.000000 0.400000
    endloop
  endfacet
  facet normal 0.000000 -1.000000 0.000000
    outer loop
      vertex 37.698413 10.000000 0.000000
      vertex 38.015873 10.000000 0.400000
      vertex 37.698413 10.000000 0.400000
    endloop
  endfacet
  facet normal 0.000000 1.000000 0.000000
    outer loop
      vertex 37.698413 14.468085 0.000000
      vertex 38.015873 14.468085 0.400000
      vertex 38.015873 14.468085 0.000000
    endloop
  endfacet
  facet normal 0.000000 1.000000 0.000000
    outer loop
      vertex 37.698413 14.468085 0.000000
      vertex 37.698413 14.468085 0.400000
      vertex 38.015873 14.468085 0.400000
    endloop
  endfacet
  facet normal -1.000000 0.000000 0.000000
    outer loop
      vertex 37.698413 10.000000 0.000000
      vertex 37.698413 10.000000 0.400000
      vertex 37.698413 14.468085 0.400000
    endloop
  endfacet
  facet normal -1.000000 0.000000 0.000000
    outer loop
      vertex 37.698413 10.000000 0.000000
      vertex 37.698413 14.468085 0.400000
      vertex 37.698413 14.468085 0.000000
    endloop
  endfacet
  facet normal 1.000000 0.000000 0.000000
    outer loop
      vertex 38.015873 10.000000 0.000000
      vertex 38.015873 14.468085 0.000000
      vertex 38.015873 14.468085 0.400000
    endloop
  endfacet
  facet normal 1.000000 0.000000 0.000000
    outer loop
      vertex 38.015873 10.000000 0.000000
      vertex 38.015873 14.468085 0.400000
      vertex 38.015873 10.000000 0.400000
    endloop
  endfacet
  facet normal 0.000000 0.000000 -1.000000
    outer loop
      vertex 18.015873 10.000000 0.000000
      vertex 18.333333 14.148936 0.000000
      vertex 18.333333 10.000000 0.000000
    endloop
  endfacet
  facet normal 0.000000 0.000000 -1.000000
    outer loop
      vertex 18.015873 10.000000 0.000000
      vertex 18.015873 14.148936 0.000000
      vertex 18.333333 14.148936 0.000000
    endloop
  endfacet
  facet normal 0.000000 0.000000 1.000000
    outer loop
      vertex 18.015873 10.000000 0.400000
      vertex 18.333333 10.000000 0.400000
      vertex 18.333333 14.148936 0.400000
    endloop
  endfacet
  facet normal 0.000000 0.000000 1.000000
    outer loop
      vertex 18.015873 10.000000 0.400000
      vertex 18.333333 14.148936 0.400000
      vertex 18.015873 14.148936 0.400000
    endloop
  endfacet
  facet normal 0.000000 -1.000000 0.000000
    outer loop
      vertex 18.015873 10.000000 0.000000
      vertex 18.333333 10.000000 0.000000
      vertex 18.333333 10.000000 0.400000
    endloop
  endfacet
  facet normal 0.000000 -1.000000 0.000000
    outer loop
      vertex 18.015873 10.000000 0.000000
      vertex 18.333333 10.000000 0.400000
      vertex 18.015873 10.000000 0.400000
    endloop
  endfacet
  facet normal 0.000000 1.000000 0.000000
    outer loop
      vertex 18.015873 14.148936 0.000000
      vertex 18.333333 14.148936 0.400000
      vertex 18.333333 14.148936 0.000000
    endloop
  endfacet
  facet normal 0.000000 1.000000 0.000000
    outer loop
      vertex 18.015873 14.148936 0.000000
      vertex 18.015873 14.148936 0.400000
      vertex 18.333333 14.148936 0.400000
    endloop
  endfacet
  facet normal -1.000000 0.000000 0.000000
    outer loop
      vertex 18.015873 10.000000 0.000000
      vertex 18.015873 10.000000 0.400000
      vertex 18.015873 14.148936 0.400000
    endloop
  endfacet
  facet normal -1.000000 0.000000 0.000000
    outer loop
      vertex 18.015873 10.000000 0.000000
      vertex 18.015873 14.148936 0.400000
      vertex 18.015873 14.148936 0.000000
    endloop
  endfacet
  facet normal 1.000000 0.000000 0.000000
    outer loop
      vertex 18.333333 10.000000 0.000000
      vertex 18.333333 14.148936 0.000000
      vertex 18.333333 14.148936 0.400000
    endloop
  endfacet
  facet normal 1.000000 0.000000 0.000000
    outer loop
      vertex 18.333333 10.000000 0.000000
      vertex 18.333333 14.148936 0.400000
      vertex 18.333333 10.000000 0.400000
    endloop
  endfacet
  facet normal 0.000000 0.000000 -1.000000
    outer loop
      vertex 20.873016 10.000000 0.000000
      vertex 21.190476 14.148936 0.000000
      vertex 21.190476 10.000000 0.000000
    endloop
  endfacet
  facet normal 0.000000 0.000000 -1.000000
    outer loop
      vertex 20.873016 10.000000 0.000000
      vertex 20.873016 14.148936 0.000000
      vertex 21.190476 14.148936 0.000000
    endloop
  endfacet
  facet normal 0.000000 0.000000 1.000000
    outer loop
      vertex 20.873016 10.000000 0.400000
      vertex 21.190476 10.000000 0.400000
      vertex 21.190476 14.148936 0.400000
    endloop
  endfacet
  facet normal 0.000000 0.000000 1.000000
    outer loop
      vertex 20.873016 10.000000 0.400000
      vertex 21.190476 14.148936 0.400000
      vertex 20.873016 14.148936 0.400000
    endloop
  endfacet
  facet normal 0.000000 -1.000000 0.000000
    outer loop
      vertex 20.873016 10.000000 0.000000
      vertex 21.190476 10.000000 0.000000
      vertex 21.190476 10.000000 0.400000
    endloop
  endfacet
  facet normal 0.000000 -1.000000 0.000000
    outer loop
      vertex 20.873016 10.000000 0.000000
      vertex 21.190476 10.000000 0.400000
      vertex 20.873016 10.000000 0.400000
    endloop
  endfacet
  facet normal 0.000000 1.000000 0.000000
    outer loop
      vertex 20.873016 14.148936 0.000000
      vertex 21.190476 14.148936 0.400000
      vertex 21.190476 14.148936 0.000000
    endloop
  endfacet
  facet normal 0.000000 1.000000 0.000000
    outer loop
      vertex 20.873016 14.148936 0.000000
      vertex 20.873016 14.148936 0.400000
      vertex 21.190476 14.148936 0.400000
    endloop
  endfacet
  facet normal -1.000000 0.000000 0.000000
    outer loop
      vertex 20.873016 10.000000 0.000000
      vertex 20.873016 10.000000 0.400000
      vertex 20.873016 14.148936 0.400000
    endloop
  endfacet
  facet normal -1.000000 0.000000 0.000000
    outer loop
      vertex 20.873016 10.000000 0.000000
      vertex 20.873016 14.148936 0.400000
      vertex 20.873016 14.148936 0.000000
    endloop
  endfacet
  facet normal 1.000000 0.000000 0.000000
    outer loop
      vertex 21.190476 10.000000 0.000000
      vertex 21.190476 14.148936 0.000000
      vertex 21.190476 14.148936 0.400000
    endloop
  endfacet
  facet normal 1.000000 0.000000 0.000000
    outer loop
      vertex 21.190476 10.000000 0.000000
      vertex 21.190476 14.148936 0.400000
      vertex 21.190476 10.000000 0.400000
    endloop
  endfacet
  facet normal 0.000000 0.000000 -1.000000
    outer loop
      vertex 27.857143 10.000000 0.000000
      vertex 28.174603 14.148936 0.000000
      vertex 28.174603 10.000000 0.000000
    endloop
  endfacet
  facet normal 0.000000 0.000000 -1.000000
    outer loop
      vertex 27.857143 10.000000 0.000000
      vertex 27.857143 14.148936 0.000000
      vertex 28.174603 14.148936 0.000000
    endloop
  endfacet
  facet normal 0.000000 0.000000 1.000000
    outer loop
      vertex 27.857143 10.000000 0.400000
      vertex 28.174603 10.000000 0.400000
      vertex 28.174603 14.148936 0.400000
    endloop
  endfacet
  facet normal 0.000000 0.000000 1.000000
    outer loop
      vertex 27.857143 10.000000 0.400000
      vertex 28.174603 14.148936 0.400000
      vertex 27.857143 14.148936 0.400000
    endloop
  endfacet
  facet normal 0.000000 -1.000000 0.000000
    outer loop
      vertex 27.857143 10.000000 0.000000
      vertex 28.174603 10.000000 0.000000
      vertex 28.174603 10.000000 0.400000
    endloop
  endfacet
  facet normal 0.000000 -1.000000 0.000000
    outer loop
      vertex 27.857143 10.000000 0.000000
      vertex 28.174603 10.000000 0.400000
      vertex 27.857143 10.000000 0.400000
    endloop
  endfacet
  facet normal 0.000000 1.000000 0.000000
    outer loop
      vertex 27.857143 14.148936 0.000000
      vertex 28.174603 14.148936 0.400000
      vertex 28.174603 14.148936 0.000000
    endloop
  endfacet
  facet normal 0.000000 1.000000 0.000000
    outer loop
      vertex 27.857143 14.148936 0.000000
      vertex 27.857143 14.148936 0.400000
      vertex 28.174603 14.148936 0.400000
    endloop
  endfacet
  facet normal -1.000000 0.000000 0.000000
    outer loop
      vertex 27.857143 10.000000 0.000000
      vertex 27.857143 10.000000 0.400000
      vertex 27.857143 14.148936 0.400000
    endloop
  endfacet
  facet normal -1.000000 0.000000 0.000000
    outer loop
      vertex 27.857143 10.000000 0.000000
      vertex 27.857143 14.148936 0.400000
      vertex 27.857143 14.148936 0.000000
    endloop
  endfacet
  facet normal 1.000000 0.000000 0.000000
    outer loop
      vertex 28.174603 10.000000 0.000000
      vertex 28.174603 14.148936 0.000000
      vertex 28.174603 14.148936 0.400000
    endloop
  endfacet
  facet normal 1.000000 0.000000 0.000000
    outer loop
      vertex 28.174603 10.000000 0.000000
      vertex 28.174603 14.148936 0.400000
      vertex 28.174603 10.000000 0.400000
    endloop
  endfacet
  facet normal 0.000000 0.000000 -1.000000
    outer loop
      vertex 30.396825 10.000000 0.000000
      vertex 30.714286 14.148936 0.000000
      vertex 30.714286 10.000000 0.000000
    endloop
  endfacet
  facet normal 0.000000 0.000000 -1.000000
    outer loop
      vertex 30.396825 10.000000 0.000000
      vertex 30.396825 14.148936 0.000000
      vertex 30.714286 14.148936 0.000000
    endloop
  endfacet
  facet normal 0.000000 0.000000 1.000000
    outer loop
      vertex 30.396825 10.000000 0.400000
      vertex 30.714286 10.000000 0.400000
      vertex 30.714286 14.148936 0.400000
    endloop
  endfacet
  facet normal 0.000000 0.000000 1.000000
    outer loop
      vertex 30.396825 10.000000 0.400000
      vertex 30.714286 14.148936 0.400000
      vertex 30.396825 14.148936 0.400000
    endloop
  endfacet
  facet normal 0.000000 -1.000000 0.000000
    outer loop
      vertex 30.396825 10.000000 0.000000
      vertex 30.714286 10.000000 0.000000
      vertex 30.714286 10.000000 0.400000
    endloop
  endfacet
  facet normal 0.000000 -1.000000 0.000000
    outer loop
      vertex 30.396825 10.000000 0.000000
      vertex 30.714286 10.000000 0.400000
      vertex 30.396825 10.000000 0.400000
    endloop
  endfacet
  facet normal 0.000000 1.000000 0.000000
    outer loop
      vertex 30.396825 14.148936 0.000000
      vertex 30.714286 14.148936 0.400000
      vertex 30.714286 14.148936 0.000000
    endloop
  endfacet
  facet normal 0.000000 1.000000 0.000000
    outer loop
      vertex 30.396825 14.148936 0.000000
      vertex 30.396825 14.148936 0.400000
      vertex 30.714286 14.148936 0.400000
    endloop
  endfacet
  facet normal -1.000000 0.000000 0.000000
    outer loop
      vertex 30.396825 10.000000 0.000000
      vertex 30.396825 10.000000 0.400000
      vertex 30.396825 14.148936 0.400000
    endloop
  endfacet
  facet normal -1.000000 0.000000 0.000000
    outer loop
      vertex 30.396825 10.000000 0.000000
      vertex 30.396825 14.148936 0.400000
      vertex 30.396825 14.148936 0.000000
    endloop
  endfacet
  facet normal 1.000000 0.000000 0.000000
    outer loop
      vertex 30.714286 10.000000 0.000000
      vertex 30.714286 14.148936 0.000000
      vertex 30.714286 14.148936 0.400000
    endloop
  endfacet
  facet normal 1.000000 0.000000 0.000000
    outer loop
      vertex 30.714286 10.000000 0.000000
      vertex 30.714286 14.148936 0.400000
      vertex 30.714286 10.000000 0.400000
    endloop
  endfacet
  facet normal 0.000000 0.000000 -1.000000
    outer loop
      vertex 37.380952 10.000000 0.000000
      vertex 37.698413 14.148936 0.000000
      vertex 37.698413 10.000000 0.000000
    endloop
  endfacet
  facet normal 0.000000 0.000000 -1.000000
    outer loop
      vertex 37.380952 10.000000 0.000000
      vertex 37.380952 14.148936 0.000000
      vertex 37.698413 14.148936 0.000000
    endloop
  endfacet
  facet normal 0.000000 0.000000 1.000000
    outer loop
      vertex 37.380952 10.000000 0.400000
      vertex 37.698413 10.000000 0.400000
      vertex 37.698413 14.148936 0.400000
    endloop
  endfacet
  facet normal 0.000000 0.000000 1.000000
    outer loop
      vertex 37.380952 10.000000 0.400000
      vertex 37.698413 14.148936 0.400000
      vertex 37.380952 14.148936 0.400000
    endloop
  endfacet
  facet normal 0.000000 -1.000000 0.000000
    outer loop
      vertex 37.380952 10.000000 0.000000
      vertex 37.698413 10.000000 0.000000
      vertex 37.698413 10.000000 0.400000
    endloop
  endfacet
  facet normal 0.000000 -1.000000 0.000000
    outer loop
      vertex 37.380952 10.000000 0.000000
      vertex 37.698413 10.000000 0.400000
      vertex 37.380952 10.000000 0.400000
    endloop
  endfacet
  facet normal 0.000000 1.000000 0.000000
    outer loop
      vertex 37.380952 14.148936 0.000000
      vertex 37.698413 14.148936 0.400000
      vertex 37.698413 14.148936 0.000000
    endloop
  endfacet
  facet normal 0.000000 1.000000 0.000000
    outer loop
      vertex 37.380952 14.148936 0.000000
      vertex 37.380952 14.148936 0.400000
      vertex 37.698413 14.148936 0.400000
    endloop
  endfacet
  facet normal -1.000000 0.000000 0.000000
    outer loop
      vertex 37.380952 10.000000 0.000000
      vertex 37.380952 10.000000 0.400000
      vertex 37.380952 14.148936 0.400000
    endloop
  endfacet
  facet normal -1.000000 0.000000 0.000000
    outer loop
      vertex 37.380952 10.000000 0.000000
      vertex 37.380952 14.148936 0.400000
      vertex 37.380952 14.148936 0.000000
    endloop
  endfacet
  facet normal 1.000000 0.000000 0.000000
    outer loop
      vertex 37.698413 10.000000 0.000000
      vertex 37.698413 14.148936 0.000000
      vertex 37.698413 14.148936 0.400000
    endloop
  endfacet
  facet normal 1.000000 0.000000 0.000000
    outer loop
      vertex 37.698413 10.000000 0.000000
      vertex 37.698413 14.148936 0.400000
      vertex 37.698413 10.000000 0.400000
    endloop
  endfacet
  facet normal 0.000000 0.000000 -1.000000
    outer loop
      vertex 17.698413 10.000000 0.000000
      vertex 18.015873 13.829787 0.000000
      vertex 18.015873 10.000000 0.000000
    endloop
  endfacet
  facet normal 0.000000 0.000000 -1.000000
    outer loop
      vertex 17.698413 10.000000 0.000000
      vertex 17.698413 13.829787 0.000000
      vertex 18.015873 13.829787 0.000000
    endloop
  endfacet
  facet normal 0.000000 0.000000 1.000000
    outer loop
      vertex 17.698413 10.000000 0.400000
      vertex 18.015873 10.000000 0.400000
      vertex 18.015873 13.829787 0.400000
    endloop
  endfacet
  facet normal 0.000000 0.000000 1.000000
    outer loop
      vertex 17.698413 10.000000 0.400000
      vertex 18.015873 13.829787 0.400000
      vertex 17.698413 13.829787 0.400000
    endloop
  endfacet
  facet normal 0.000000 -1.000000 0.000000
    outer loop
      vertex 17.698413 10.000000 0.000000
      vertex 18.015873 10.000000 0.000000
      vertex 18.015873 10.000000 0.400000
    endloop
  endfacet
  facet normal 0.000000 -1.000000 0.000000
    outer loop
      vertex 17.698413 10.000000 0.000000
      vertex 18.015873 10.000000 0.400000
      vertex 17.698413 10.000000 0.400000
    endloop
  endfacet
  facet normal 0.000000 1.000000 0.000000
    outer loop
      vertex 17.698413 13.829787 0.000000
      vertex 18.015873 13.829787 0.400000
      vertex 18.015873 13.829787 0.000000
    endloop
  endfacet
  facet normal 0.000000 1.000000 0.000000
    outer loop
      vertex 17.698413 13.829787 0.000000
      vertex 17.698413 13.829787 0.400000
      vertex 18.015873 13.829787 0.400000
    endloop
  endfacet
  facet normal -1.000000 0.000000 0.000000
    outer loop
      vertex 17.698413 10.000000 0.000000
      vertex 17.698413 10.000000 0.400000
      vertex 17.698413 13.829787 0.400000
    endloop
  endfacet
  facet normal -1.000000 0.000000 0.000000
    outer loop
      vertex 17.698413 10.000000 0.000000
      vertex 17.698413 13.829787 0.400000
      vertex 17.698413 13.829787 0.000000
    endloop
  endfacet
  facet normal 1.000000 0.000000 0.000000
    outer loop
      vertex 18.015873 10.000000 0.000000
      vertex 18.015873 13.829787 0.000000
      vertex 18.015873 13.829787 0.400000
    endloop
  endfacet
  facet normal 1.000000 0.000000 0.000000
    outer loop
      vertex 18.015873 10.000000 0.000000
      vertex 18.015873 13.829787 0.400000
      vertex 18.015873 10.000000 0.400000
    endloop
  endfacet
  facet normal 0.000000 0.000000 -1.000000
    outer loop
      vertex 27.539683 10.000000 0.000000
      vertex 27.857143 13.829787 0.000000
      vertex 27.857143 10.000000 0.000000
    endloop
  endfacet
  facet normal 0.000000 0.000000 -1.000000
    outer loop
      vertex 27.539683 10.000000 0.000000
      vertex 27.539683 13.829787 0.000000
      vertex 27.857143 13.829787 0.000000
    endloop
  endfacet
  facet normal 0.000000 0.000000 1.000000
    outer loop
      vertex 27.539683 10.000000 0.400000
      vertex 27.857143 10.000000 0.400000
      vertex 27.857143 13.829787 0.400000
    endloop
  endfacet
  facet normal 0.000000 0.000000 1.000000
    outer loop
      vertex 27.539683 10.000000 0.400000
      vertex 27.857143 13.829787 0.400000
      vertex 27.539683 13.829787 0.400000
    endloop
  endfacet
  facet normal 0.000000 -1.000000 0.000000
    outer loop
      vertex 27.539683 10.000000 0.000000
      vertex 27.857143 10.000000 0.000000
      vertex 27.857143 10.000000 0.400000
    endloop
  endfacet
  facet normal 0.000000 -1.000000 0.000000
    outer loop
      vertex 27.539683 10.000000 0.000000
      vertex 27.857143 10.000000 0.400000
      vertex 27.539683 10.000000 0.400000
    endloop
  endfacet
  facet normal 0.000000 1.000000 0.000000
    outer loop
      vertex 27.539683 13.829787 0.000000
      vertex 27.857143 13.829787 0.400000
      vertex 27.857143 13.829787 0.000000
    endloop
  endfacet
  facet normal 0.000000 1.000000 0.000000
    outer loop
      vertex 27.539683 13.829787 0.000000
      vertex 27.539683 13.829787 0.400000
      vertex 27.857143 13.829787 0.400000
    endloop
  endfacet
  facet normal -1.000000 0.000000 0.000000
    outer loop
      vertex 27.539683 10.000000 0.000000
      vertex 27.539683 10.000000 0.400000
      vertex 27.539683 13.829787 0.400000
    endloop
  endfacet
  facet normal -1.000000 0.000000 0.000000
    outer loop
      vertex 27.539683 10.000000 0.000000
      vertex 27.539683 13.829787 0.400000
      vertex 27.539683 13.829787 0.000000
    endloop
  endfacet
  facet normal 1.000000 0.000000 0.000000
    outer loop
      vertex 27.857143 10.000000 0.000000
      vertex 27.857143 13.829787 0.000000
      vertex 27.857143 13.829787 0.400000
    endloop
  endfacet
  facet normal 1.000000 0.000000 0.000000
    outer loop
      vertex 27.857143 10.000000 0.000000
      vertex 27.857143 13.829787 0.400000
      vertex 27.857143 10.000000 0.400000
    endloop
  endfacet
  facet normal 0.000000 0.000000 -1.000000
    outer loop
      vertex 17.380952 10.000000 0.000000
      vertex 17.698413 13.510638 0.000000
      vertex 17.698413 10.000000 0.000000
    endloop
  endfacet
  facet normal 0.000000 0.000000 -1.000000
    outer loop
      vertex 17.380952 10.000000 0.000000
      vertex 17.380952 13.510638 0.000000
      vertex 17.698413 13.510638 0.000000
    endloop
  endfacet
  facet normal 0.000000 0.000000 1.000000
    outer loop
      vertex 17.380952 10.000000 0.400000
      vertex 17.698413 10.000000 0.400000
      vertex 17.698413 13.510638 0.400000
    endloop
  endfacet
  facet normal 0.000000 0.000000 1.000000
    outer loop
      vertex 17.380952 10.000000 0.400000
      vertex 17.698413 13.510638 0.400000
      vertex 17.380952 13.510638 0.400000
    endloop
  endfacet
  facet normal 0.000000 -1.000000 0.000000
    outer loop
      vertex 17.380952 10.000000 0.000000
      vertex 17.698413 10.000000 0.000000
      vertex 17.698413 10.000000 0.400000
    endloop
  endfacet
  facet normal 0.000000 -1.000000 0.000000
    outer loop
      vertex 17.380952 10.000000 0.000000
      vertex 17.698413 10.000000 0.400000
      vertex 17.380952 10.000000 0.400000
    endloop
  endfacet
  facet normal 0.000000 1.000000 0.000000
    outer loop
      vertex 17.380952 13.510638 0.000000
      vertex 17.698413 13.510638 0.400000
      vertex 17.698413 13.510638 0.000000
    endloop
  endfacet
  facet normal 0.000000 1.000000 0.000000
    outer loop
      vertex 17.380952 13.510638 0.000000
      vertex 17.380952 13.510638 0.400000
      vertex 17.698413 13.510638 0.400000
    endloop
  endfacet
  facet normal -1.000000 0.000000 0.000000
    outer loop
      vertex 17.380952 10.000000 0.000000
      vertex 17.380952 10.000000 0.400000
      vertex 17.380952 13.510638 0.400000
    endloop
  endfacet
  facet normal -1.000000 0.000000 0.000000
    outer loop
      vertex 17.380952 10.000000 0.000000
      vertex 17.380952 13.510638 0.400000
      vertex 17.380952 13.510638 0.000000
    endloop
  endfacet
  facet normal 1.000000 0.000000 0.000000
    outer loop
      vertex 17.698413 10.000000 0.000000
      vertex 17.698413 13.510638 0.000000
      vertex 17.698413 13.510638 0.400000
    endloop
  endfacet
  facet normal 1.000000 0.000000 0.000000
    outer loop
      vertex 17.698413 10.000000 0.000000
      vertex 17.698413 13.510638 0.400000
      vertex 17.698413 10.000000 0.400000
    endloop
  endfacet
  facet normal 0.000000 0.000000 -1.000000
    outer loop
      vertex 21.190476 10.000000 0.000000
      vertex 21.507937 13.510638 0.000000
      vertex 21.507937 10.000000 0.000000
    endloop
  endfacet
  facet normal 0.000000 0.000000 -1.000000
    outer loop
      vertex 21.190476 10.000000 0.000000
      vertex 21.190476 13.510638 0.000000
      vertex 21.507937 13.510638 0.000000
    endloop
  endfacet
  facet normal 0.000000 0.000000 1.000000
    outer loop
      vertex 21.190476 10.000000 0.400000
      vertex 21.507937 10.000000 0.400000
      vertex 21.507937 13.510638 0.400000
    endloop
  endfacet
  facet normal 0.000000 0.000000 1.000000
    outer loop
      vertex 21.190476 10.000000 0.400000
      vertex 21.507937 13.510638 0.400000
      vertex 21.190476 13.510638 0.400000
    endloop
  endfacet
  facet normal 0.000000 -1.000000 0.000000
    outer loop
      vertex 21.190476 10.000000 0.000000
      vertex 21.507937 10.000000 0.000000
      vertex 21.507937 10.000000 0.400000
    endloop
  endfacet
  facet normal 0.000000 -1.000000 0.000000
    outer loop
      vertex 21.190476 10.000000 0.000000
      vertex 21.507937 10.000000 0.400000
      vertex 21.190476 10.000000 0.400000
    endloop
  endfacet
  facet normal 0.000000 1.000000 0.000000
    outer loop
      vertex 21.190476 13.510638 0.000000
      vertex 21.507937 13.510638 0.400000
      vertex 21.507937 13.510638 0.000000
    endloop
  endfacet
  facet normal 0.000000 1.000000 0.000000
    outer loop
      vertex 21.190476 13.510638 0.000000
      vertex 21.190476 13.510638 0.400000
      vertex 21.507937 13.510638 0.400000
    endloop
  endfacet
  facet normal -1.000000 0.000000 0.000000
    outer loop
      vertex 21.190476 10.000000 0.000000
      vertex 21.190476 10.000000 0.400000
      vertex 21.190476 13.510638 0.400000
    endloop
  endfacet
  facet normal -1.000000 0.000000 0.000000
    outer loop
      vertex 21.190476 10.000000 0.000000
      vertex 21.190476 13.510638 0.400000
      vertex 21.190476 13.510638 0.000000
    endloop
  endfacet
  facet normal 1.000000 0.000000 0.000000
    outer loop
      vertex 21.507937 10.000000 0.000000
      vertex 21.507937 13.510638 0.000000
      vertex 21.507937 13.510638 0.400000
    endloop
  endfacet
  facet normal 1.000000 0.000000 0.000000
    outer loop
      vertex 21.507937 10.000000 0.000000
      vertex 21.507937 13.510638 0.400000
      vertex 21.507937 10.000000 0.400000
    endloop
  endfacet
  facet normal 0.000000 0.000000 -1.000000
    outer loop
      vertex 27.222222 10.000000 0.000000
      vertex 27.539683 13.510638 0.000000
      vertex 27.539683 10.000000 0.000000
    endloop
  endfacet
  facet normal 0.000000 0.000000 -1.000000
    outer loop
      vertex 27.222222 10.000000 0.000000
      vertex 27.222222 13.510638 0.000000
      vertex 27.539683 13.510638 0.000000
    endloop
  endfacet
  facet normal 0.000000 0.000000 1.000000
    outer loop
      vertex 27.222222 10.000000 0.400000
      vertex 27.539683 10.000000 0.400000
      vertex 27.539683 13.510638 0.400000
    endloop
  endfacet
  facet normal 0.000000 0.000000 1.000000
    outer loop
      vertex 27.222222 10.000000 0.400000
      vertex 27.539683 13.510638 0.400000
      vertex 27.222222 13.510638 0.400000
    endloop
  endfacet
  facet normal 0.000000 -1.000000 0.000000
    outer loop
      vertex 27.222222 10.000000 0.000000
      vertex 27.539683 10.000000 0.000000
      vertex 27.539683 10.000000 0.400000
    endloop
  endfacet
  facet normal 0.000000 -1.000000 0.000000
    outer loop
      vertex 27.222222 10.000000 0.000000
      vertex 27.539683 10.000000 0.400000
      vertex 27.222222 10.000000 0.400000
    endloop
  endfacet
  facet normal 0.000000 1.000000 0.000000
    outer loop
      vertex 27.222222 13.510638 0.000000
      vertex 27.539683 13.510638 0.400000
      vertex 27.539683 13.510638 0.000000
    endloop
  endfacet
  facet normal 0.000000 1.000000 0.000000
    outer loop
      vertex 27.222222 13.510638 0.000000
      vertex 27.222222 13.510638 0.400000
      vertex 27.539683 13.510638 0.400000
    endloop
  endfacet
  facet normal -1.000000 0.000000 0.000000
    outer loop
      vertex 27.222222 10.000000 0.000000
      vertex 27.222222 10.000000 0.400000
      vertex 27.222222 13.510638 0.400000
    endloop
  endfacet
  facet normal -1.000000 0.000000 0.000000
    outer loop
      vertex 27.222222 10.000000 0.000000
      vertex 27.222222 13.510638 0.400000
      vertex 27.222222 13.510638 0.000000
    endloop
  endfacet
  facet normal 1.000000 0.000000 0.000000
    outer loop
      vertex 27.539683 10.000000 0.000000
      vertex 27.539683 13.510638 0.000000
      vertex 27.539683 13.510638 0.400000
    endloop
  endfacet
  facet normal 1.000000 0.000000 0.000000
    outer loop
      vertex 27.539683 10.000000 0.000000
      vertex 27.539683 13.510638 0.400000
      vertex 27.539683 10.000000 0.400000
    endloop
  endfacet
  facet normal 0.000000 0.000000 -1.000000
    outer loop
      vertex 30.714286 10.000000 0.000000
      vertex 31.031746 13.510638 0.000000
      vertex 31.031746 10.000000 0.000000
    endloop
  endfacet
  facet normal 0.000000 0.000000 -1.000000
    outer loop
      vertex 30.714286 10.000000 0.000000
      vertex 30.714286 13.510638 0.000000
      vertex 31.031746 13.510638 0.000000
    endloop
  endfacet
  facet normal 0.000000 0.000000 1.000000
    outer loop
      vertex 30.714286 10.000000 0.400000
      vertex 31.031746 10.000000 0.400000
      vertex 31.031746 13.510638 0.400000
    endloop
  endfacet
  facet normal 0.000000 0.000000 1.000000
    outer loop
      vertex 30.714286 10.000000 0.400000
      vertex 31.031746 13.510638 0.400000
      vertex 30.714286 13.510638 0.400000
    endloop
  endfacet
  facet normal 0.000000 -1.000000 0.000000
    outer loop
      vertex 30.714286 10.000000 0.000000
      vertex 31.031746 10.000000 0.000000
      vertex 31.031746 10.000000 0.400000
    endloop
  endfacet
  facet normal 0.000000 -1.000000 0.000000
    outer loop
      vertex 30.714286 10.000000 0.000000
      vertex 31.031746 10.000000 0.400000
      vertex 30.714286 10.000000 0.400000
    endloop
  endfacet
  facet normal 0.000000 1.000000 0.000000
    outer loop
      vertex 30.714286 13.510638 0.000000
      vertex 31.031746 13.510638 0.400000
      vertex 31.031746 13.510638 0.000000
    endloop
  endfacet
  facet normal 0.000000 1.000000 0.000000
    outer loop
      vertex 30.714286 13.510638 0.000000
      vertex 30.714286 13.510638 0.400000
      vertex 31.031746 13.510638 0.400000
    endloop
  endfacet
  facet normal -1.000000 0.000000 0.000000
    outer loop
      vertex 30.714286 10.000000 0.000000
      vertex 30.714286 10.000000 0.400000
      vertex 30.714286 13.510638 0.400000
    endloop
  endfacet
  facet normal -1.000000 0.000000 0.000000
    outer loop
      vertex 30.714286 10.000000 0.000000
      vertex 30.714286 13.510638 0.400000
      vertex 30.714286 13.510638 0.000000
    endloop
  endfacet
  facet normal 1.000000 0.000000 0.000000
    outer loop
      vertex 31.031746 10.000000 0.000000
      vertex 31.031746 13.510638 0.000000
      vertex 31.031746 13.510638 0.400000
    endloop
  endfacet
  facet normal 1.000000 0.000000 0.000000
    outer loop
      vertex 31.031746 10.000000 0.000000
      vertex 31.031746 13.510638 0.400000
      vertex 31.031746 10.000000 0.400000
    endloop
  endfacet
  facet normal 0.000000 0.000000 -1.000000
    outer loop
      vertex 37.063492 10.000000 0.000000
      vertex 37.380952 13.510638 0.000000
      vertex 37.380952 10.000000 0.000000
    endloop
  endfacet
  facet normal 0.000000 0.000000 -1.000000
    outer loop
      vertex 37.063492 10.000000 0.000000
      vertex 37.063492 13.510638 0.000000
      vertex 37.380952 13.510638 0.000000
    endloop
  endfacet
  facet normal 0.000000 0.000000 1.000000
    outer loop
      vertex 37.063492 10.000000 0.400000
      vertex 37.380952 10.000000 0.400000
      vertex 37.380952 13.510638 0.400000
    endloop
  endfacet
  facet normal 0.000000 0.000000 1.000000
    outer loop
      vertex 37.063492 10.000000 0.400000
      vertex 37.380952 13.510638 0.400000
      vertex 37.063492 13.510638 0.400000
    endloop
  endfacet
  facet normal 0.000000 -1.000000 0.000000
    outer loop
      vertex 37.063492 10.000000 0.000000
      vertex 37.380952 10.000000 0.000000
      vertex 37.380952 10.000000 0.400000
    endloop
  endfacet
  facet normal 0.000000 -1.000000 0.000000
    outer loop
      vertex 37.063492 10.000000 0.000000
      vertex 37.380952 10.000000 0.400000
      vertex 37.063492 10.000000 0.400000
    endloop
  endfacet
  facet normal 0.000000 1.000000 0.000000
    outer loop
      vertex 37.063492 13.510638 0.000000
      vertex 37.380952 13.510638 0.400000
      vertex 37.380952 13.510638 0.000000
    endloop
  endfacet
  facet normal 0.000000 1.000000 0.000000
    outer loop
      vertex 37.063492 13.510638 0.000000
      vertex 37.063492 13.510638 0.400000
      vertex 37.380952 13.510638 0.400000
    endloop
  endfacet
  facet normal -1.000000 0.000000 0.000000
    outer loop
      vertex 37.063492 10.000000 0.000000
      vertex 37.063492 10.000000 0.400000
      vertex 37.063492 13.510638 0.400000
    endloop
  endfacet
  facet normal -1.000000 0.000000 0.000000
    outer loop
      vertex 37.063492 10.000000 0.000000
      vertex 37.063492 13.510638 0.400000
      vertex 37.063492 13.510638 0.000000
    endloop
  endfacet
  facet normal 1.000000 0.000000 0.000000
    outer loop
      vertex 37.380952 10.000000 0.000000
      vertex 37.380952 13.510638 0.000000
      vertex 37.380952 13.510638 0.400000
    endloop
  endfacet
  facet normal 1.000000 0.000000 0.000000
    outer loop
      vertex 37.380952 10.000000 0.000000
      vertex 37.380952 13.510638 0.400000
      vertex 37.380952 10.000000 0.400000
    endloop
  endfacet
  facet normal 0.000000 0.000000 -1.000000
    outer loop
      vertex 17.063492 10.000000 0.000000
      vertex 17.380952 13.191489 0.000000
      vertex 17.380952 10.000000 0.000000
    endloop
  endfacet
  facet normal 0.000000 0.000000 -1.000000
    outer loop
      vertex 17.063492 10.000000 0.000000
      vertex 17.063492 13.191489 0.000000
      vertex 17.380952 13.191489 0.000000
    endloop
  endfacet
  facet normal 0.000000 0.000000 1.000000
    outer loop
      vertex 17.063492 10.000000 0.400000
      vertex 17.380952 10.000000 0.400000
      vertex 17.380952 13.191489 0.400000
    endloop
  endfacet
  facet normal 0.000000 0.000000 1.000000
    outer loop
      vertex 17.063492 10.000000 0.400000
      vertex 17.380952 13.191489 0.400000
      vertex 17.063492 13.191489 0.400000
    endloop
  endfacet
  facet normal 0.000000 -1.000000 0.000000
    outer loop
      vertex 17.063492 10.000000 0.000000
      vertex 17.380952 10.000000 0.000000
      vertex 17.380952 10.000000 0.400000
    endloop
  endfacet
  facet normal 0.000000 -1.000000 0.000000
    outer loop
      vertex 17.063492 10.000000 0.000000
      vertex 17.380952 10.000000 0.400000
      vertex 17.063492 10.000000 0.400000
    endloop
  endfacet
  facet normal 0.000000 1.000000 0.000000
    outer loop
      vertex 17.063492 13.191489 0.000000
      vertex 17.380952 13.191489 0.400000
      vertex 17.380952 13.191489 0.000000
    endloop
  endfacet
  facet normal 0.000000 1.000000 0.000000
    outer loop
      vertex 17.063492 13.191489 0.000000
      vertex 17.063492 13.191489 0.400000
      vertex 17.380952 13.191489 0.400000
    endloop
  endfacet
  facet normal -1.000000 0.000000 0.000000
    outer loop
      vertex 17.063492 10.000000 0.000000
      vertex 17.063492 10.000000 0.400000
      vertex 17.063492 13.191489 0.400000
    endloop
  endfacet
  facet normal -1.000000 0.000000 0.000000
    outer loop
      vertex 17.063492 10.000000 0.000000
      vertex 17.063492 13.191489 0.400000
      vertex 17.063492 13.191489 0.000000
    endloop
  endfacet
  facet normal 1.000000 0.000000 0.000000
    outer loop
      vertex 17.380952 10.000000 0.000000
      vertex 17.380952 13.191489 0.000000
      vertex 17.380952 13.191489 0.400000
    endloop
  endfacet
  facet normal 1.000000 0.000000 0.000000
    outer loop
      vertex 17.380952 10.000000 0.000000
      vertex 17.380952 13.191489 0.400000
      vertex 17.380952 10.000000 0.400000
    endloop
  endfacet
  facet normal 0.000000 0.000000 -1.000000
    outer loop
      vertex 21.507937 10.000000 0.000000
      vertex 21.825397 13.191489 0.000000
      vertex 21.825397 10.000000 0.000000
    endloop
  endfacet
  facet normal 0.000000 0.000000 -1.000000
    outer loop
      vertex 21.507937 10.000000 0.000000
      vertex 21.507937 13.191489 0.000000
      vertex 21.825397 13.191489 0.000000
    endloop
  endfacet
  facet normal 0.000000 0.000000 1.000000
    outer loop
      vertex 21.507937 10.000000 0.400000
      vertex 21.825397 10.000000 0.400000
      vertex 21.825397 13.191489 0.400000
    endloop
  endfacet
  facet normal 0.000000 0.000000 1.000000
    outer loop
      vertex 21.507937 10.000000 0.400000
      vertex 21.825397 13.191489 0.400000
      vertex 21.507937 13.191489 0.400000
    endloop
  endfacet
  facet normal 0.000000 -1.000000 0.000000
    outer loop
      vertex 21.507937 10.000000 0.000000
      vertex 21.825397 10.000000 0.000000
      vertex 21.825397 10.000000 0.400000
    endloop
  endfacet
  facet normal 0.000000 -1.000000 0.000000
    outer loop
      vertex 21.507937 10.000000 0.000000
      vertex 21.825397 10.000000 0.400000
      vertex 21.507937 10.000000 0.400000
    endloop
  endfacet
  facet normal 0.000000 1.000000 0.000000
    outer loop
      vertex 21.507937 13.191489 0.000000
      vertex 21.825397 13.191489 0.400000
      vertex 21.825397 13.191489 0.000000
    endloop
  endfacet
  facet normal 0.000000 1.000000 0.000000
    outer loop
      vertex 21.507937 13.191489 0.000000
      vertex 21.507937 13.191489 0.400000
      vertex 21.825397 13.191489 0.400000
    endloop
  endfacet
  facet normal -1.000000 0.000000 0.000000
    outer loop
      vertex 21.507937 10.000000 0.000000
      vertex 21.507937 10.000000 0.400000
      vertex 21.507937 13.191489 0.400000
    endloop
  endfacet
  facet normal -1.000000 0.000000 0.000000
    outer loop
      vertex 21.507937 10.000000 0.000000
      vertex 21.507937 13.191489 0.400000
      vertex 21.507937 13.191489 0.000000
    endloop
  endfacet
  facet normal 1.000000 0.000000 0.000000
    outer loop
      vertex 21.825397 10.000000 0.000000
      vertex 21.825397 13.191489 0.000000
      vertex 21.825397 13.191489 0.400000
    endloop
  endfacet
  facet normal 1.000000 0.000000 0.000000
    outer loop
      vertex 21.825397 10.000000 0.000000
      vertex 21.825397 13.191489 0.400000
      vertex 21.825397 10.000000 0.400000
    endloop
  endfacet
  facet normal 0.000000 0.000000 -1.000000
    outer loop
      vertex 26.904762 10.000000 0.000000
      vertex 27.222222 13.191489 0.000000
      vertex 27.222222 10.000000 0.000000
    endloop
  endfacet
  facet normal 0.000000 0.000000 -1.000000
    outer loop
      vertex 26.904762 10.000000 0.000000
      vertex 26.904762 13.191489 0.000000
      vertex 27.222222 13.191489 0.000000
    endloop
  endfacet
  facet normal 0.000000 0.000000 1.000000
    outer loop
      vertex 26.904762 10.000000 0.400000
      vertex 27.222222 10.000000 0.400000
      vertex 27.222222 13.191489 0.400000
    endloop
  endfacet
  facet normal 0.000000 0.000000 1.000000
    outer loop
      vertex 26.904762 10.000000 0.400000
      vertex 27.222222 13.191489 0.400000
      vertex 26.904762 13.191489 0.400000
    endloop
  endfacet
  facet normal 0.000000 -1.000000 0.000000
    outer loop
      vertex 26.904762 10.000000 0.000000
      vertex 27.222222 10.000000 0.000000
      vertex 27.222222 10.000000 0.400000
    endloop
  endfacet
  facet normal 0.000000 -1.000000 0.000000
    outer loop
      vertex 26.904762 10.000000 0.000000
      vertex 27.222222 10.000000 0.400000
      vertex 26.904762 10.000000 0.400000
    endloop
  endfacet
  facet normal 0.000000 1.000000 0.000000
    outer loop
      vertex 26.904762 13.191489 0.000000
      vertex 27.222222 13.191489 0.400000
      vertex 27.222222 13.191489 0.000000
    endloop
  endfacet
  facet normal 0.000000 1.000000 0.000000
    outer loop
      vertex 26.904762 13.191489 0.000000
      vertex 26.904762 13.191489 0.400000
      vertex 27.222222 13.191489 0.400000
    endloop
  endfacet
  facet normal -1.000000 0.000000 0.000000
    outer loop
      vertex 26.904762 10.000000 0.000000
      vertex 26.904762 10.000000 0.400000
      vertex 26.904762 13.191489 0.400000
    endloop
  endfacet
  facet normal -1.000000 0.000000 0.000000
    outer loop
      vertex 26.904762 10.000000 0.000000
      vertex 26.904762 13.191489 0.400000
      vertex 26.904762 13.191489 0.000000
    endloop
  endfacet
  facet normal 1.000000 0.000000 0.000000
    outer loop
      vertex 27.222222 10.000000 0.000000
      vertex 27.222222 13.191489 0.000000
      vertex 27.222222 13.191489 0.400000
    endloop
  endfacet
  facet normal 1.000000 0.000000 0.000000
    outer loop
      vertex 27.222222 10.000000 0.000000
      vertex 27.222222 13.191489 0.400000
      vertex 27.222222 10.000000 0.400000
    endloop
  endfacet
  facet normal 0.000000 0.000000 -1.000000
    outer loop
      vertex 31.031746 10.000000 0.000000
      vertex 31.349206 13.191489 0.000000
      vertex 31.349206 10.000000 0.000000
    endloop
  endfacet
  facet normal 0.000000 0.000000 -1.000000
    outer loop
      vertex 31.031746 10.000000 0.000000
      vertex 31.031746 13.191489 0.000000
      vertex 31.349206 13.191489 0.000000
    endloop
  endfacet
  facet normal 0.000000 0.000000 1.000000
    outer loop
      vertex 31.031746 10.000000 0.400000
      vertex 31.349206 10.000000 0.400000
      vertex 31.349206 13.191489 0.400000
    endloop
  endfacet
  facet normal 0.000000 0.000000 1.000000
    outer loop
      vertex 31.031746 10.000000 0.400000
      vertex 31.349206 13.191489 0.400000
      vertex 31.031746 13.191489 0.400000
    endloop
  endfacet
  facet normal 0.000000 -1.000000 0.000000
    outer loop
      vertex 31.031746 10.000000 0.000000
      vertex 31.349206 10.000000 0.000000
      vertex 31.349206 10.000000 0.400000
    endloop
  endfacet
  facet normal 0.000000 -1.000000 0.000000
    outer loop
      vertex 31.031746 10.000000 0.000000
      vertex 31.349206 10.000000 0.400000
      vertex 31.031746 10.000000 0.400000
    endloop
  endfacet
  facet normal 0.000000 1.000000 0.000000
    outer loop
      vertex 31.031746 13.191489 0.000000
      vertex 31.349206 13.191489 0.400000
      vertex 31.349206 13.191489 0.000000
    endloop
  endfacet
  facet normal 0.000000 1.000000 0.000000
    outer loop
      vertex 31.031746 13.191489 0.000000
      vertex 31.031746 13.191489 0.400000
      vertex 31.349206 13.191489 0.400000
    endloop
  endfacet
  facet normal -1.000000 0.000000 0.000000
    outer loop
      vertex 31.031746 10.000000 0.000000
      vertex 31.031746 10.000000 0.400000
      vertex 31.031746 13.191489 0.400000
    endloop
  endfacet
  facet normal -1.000000 0.000000 0.000000
    outer loop
      vertex 31.031746 10.000000 0.000000
      vertex 31.031746 13.191489 0.400000
      vertex 31.031746 13.191489 0.000000
    endloop
  endfacet
  facet normal 1.000000 0.000000 0.000000
    outer loop
      vertex 31.349206 10.000000 0.000000
      vertex 31.349206 13.191489 0.000000
      vertex 31.349206 13.191489 0.400000
    endloop
  endfacet
  facet normal 1.000000 0.000000 0.000000
    outer loop
      vertex 31.349206 10.000000 0.000000
      vertex 31.349206 13.191489 0.400000
      vertex 31.349206 10.000000 0.400000
    endloop
  endfacet
  facet normal 0.000000 0.000000 -1.000000
    outer loop
      vertex 36.746032 10.000000 0.000000
      vertex 37.063492 13.191489 0.000000
      vertex 37.063492 10.000000 0.000000
    endloop
  endfacet
  facet normal 0.000000 0.000000 -1.000000
    outer loop
      vertex 36.746032 10.000000 0.000000
      vertex 36.746032 13.191489 0.000000
      vertex 37.063492 13.191489 0.000000
    endloop
  endfacet
  facet normal 0.000000 0.000000 1.000000
    outer loop
      vertex 36.746032 10.000000 0.400000
      vertex 37.063492 10.000000 0.400000
      vertex 37.063492 13.191489 0.400000
    endloop
  endfacet
  facet normal 0.000000 0.000000 1.000000
    outer loop
      vertex 36.746032 10.000000 0.400000
      vertex 37.063492 13.191489 0.400000
      vertex 36.746032 13.191489 0.400000
    endloop
  endfacet
  facet normal 0.000000 -1.000000 0.000000
    outer loop
      vertex 36.746032 10.000000 0.000000
      vertex 37.063492 10.000000 0.000000
      vertex 37.063492 10.000000 0.400000
    endloop
  endfacet
  facet normal 0.000000 -1.000000 0.000000
    outer loop
      vertex 36.746032 10.000000 0.000000
      vertex 37.063492 10.000000 0.400000
      vertex 36.746032 10.000000 0.400000
    endloop
  endfacet
  facet normal 0.000000 1.000000 0.000000
    outer loop
      vertex 36.746032 13.191489 0.000000
      vertex 37.063492 13.191489 0.400000
      vertex 37.063492 13.191489 0.000000
    endloop
  endfacet
  facet normal 0.000000 1.000000 0.000000
    outer loop
      vertex 36.746032 13.191489 0.000000
      vertex 36.746032 13.191489 0.400000
      vertex 37.063492 13.191489 0.400000
    endloop
  endfacet
  facet normal -1.000000 0.000000 0.000000
    outer loop
      vertex 36.746032 10.000000 0.000000
      vertex 36.746032 10.000000 0.400000
      vertex 36.746032 13.191489 0.400000
    endloop
  endfacet
  facet normal -1.000000 0.000000 0.000000
    outer loop
      vertex 36.746032 10.000000 0.000000
      vertex 36.746032 13.191489 0.400000
      vertex 36.746032 13.191489 0.000000
    endloop
  endfacet
  facet normal 1.000000 0.000000 0.000000
    outer loop
      vertex 37.063492 10.000000 0.000000
      vertex 37.063492 13.191489 0.000000
      vertex 37.063492 13.191489 0.400000
    endloop
  endfacet
  facet normal 1.000000 0.000000 0.000000
    outer loop
      vertex 37.063492 10.000000 0.000000
      vertex 37.063492 13.191489 0.400000
      vertex 37.063492 10.000000 0.400000
    endloop
  endfacet
  facet normal 0.000000 0.000000 -1.000000
    outer loop
      vertex 11.666667 10.000000 0.000000
      vertex 11.984127 12.872340 0.000000
      vertex 11.984127 10.000000 0.000000
    endloop
  endfacet
  facet normal 0.000000 0.000000 -1.000000
    outer loop
      vertex 11.666667 10.000000 0.000000
      vertex 11.666667 12.872340 0.000000
      vertex 11.984127 12.872340 0.000000
    endloop
  endfacet
  facet normal 0.000000 0.000000 1.000000
    outer loop
      vertex 11.666667 10.000000 0.400000
      vertex 11.984127 10.000000 0.400000
      vertex 11.984127 12.872340 0.400000
    endloop
  endfacet
  facet normal 0.000000 0.000000 1.000000
    outer loop
      vertex 11.666667 10.000000 0.400000
      vertex 11.984127 12.872340 0.400000
      vertex 11.666667 12.872340 0.400000
    endloop
  endfacet
  facet normal 0.000000 -1.000000 0.000000
    outer loop
      vertex 11.666667 10.000000 0.000000
      vertex 11.984127 10.000000 0.000000
      vertex 11.984127 10.000000 0.400000
    endloop
  endfacet
  facet normal 0.000000 -1.000000 0.000000
    outer loop
      vertex 11.666667 10.000000 0.000000
      vertex 11.984127 10.000000 0.400000
      vertex 11.666667 10.000000 0.400000
    endloop
  endfacet
  facet normal 0.000000 1.000000 0.000000
    outer loop
      vertex 11.666667 12.872340 0.000000
      vertex 11.984127 12.872340 0.400000
      vertex 11.984127 12.872340 0.000000
    endloop
  endfacet
  facet normal 0.000000 1.000000 0.000000
    outer loop
      vertex 11.666667 12.872340 0.000000
      vertex 11.666667 12.872340 0.400000
      vertex 11.984127 12.872340 0.400000
    endloop
  endfacet
  facet normal -1.000000 0.000000 0.000000
    outer loop
      vertex 11.666667 10.000000 0.000000
      vertex 11.666667 10.000000 0.400000
      vertex 11.666667 12.872340 0.400000
    endloop
  endfacet
  facet normal -1.000000 0.000000 0.000000
    outer loop
      vertex 11.666667 10.000000 0.000000
      vertex 11.666667 12.872340 0.400000
      vertex 11.666667 12.872340 0.000000
    endloop
  endfacet
  facet normal 1.000000 0.000000 0.000000
    outer loop
      vertex 11.984127 10.000000 0.000000
      vertex 11.984127 12.872340 0.000000
      vertex 11.984127 12.872340 0.400000
    endloop
  endfacet
  facet normal 1.000000 0.000000 0.000000
    outer loop
      vertex 11.984127 10.000000 0.000000
      vertex 11.984127 12.872340 0.400000
      vertex 11.984127 10.000000 0.400000
    endloop
  endfacet
  facet normal 0.000000 0.000000 -1.000000
    outer loop
      vertex 16.428571 10.000000 0.000000
      vertex 17.063492 12.872340 0.000000
      vertex 17.063492 10.000000 0.000000
    endloop
  endfacet
  facet normal 0.000000 0.000000 -1.000000
    outer loop
      vertex 16.428571 10.000000 0.000000
      vertex 16.428571 12.872340 0.000000
      vertex 17.063492 12.872340 0.000000
    endloop
  endfacet
  facet normal 0.000000 0.000000 1.000000
    outer loop
      vertex 16.428571 10.000000 0.400000
      vertex 17.063492 10.000000 0.400000
      vertex 17.063492 12.872340 0.400000
    endloop
  endfacet
  facet normal 0.000000 0.000000 1.000000
    outer loop
      vertex 16.428571 10.000000 0.400000
      vertex 17.063492 12.872340 0.400000
      vertex 16.428571 12.872340 0.400000
    endloop
  endfacet
  facet normal 0.000000 -1.000000 0.000000
    outer loop
      vertex 16.428571 10.000000 0.000000
      vertex 17.063492 10.000000 0.000000
      vertex 17.063492 10.000000 0.400000
    endloop
  endfacet
  facet normal 0.000000 -1.000000 0.000000
    outer loop
      vertex 16.428571 10.000000 0.000000
      vertex 17.063492 10.000000 0.400000
      vertex 16.428571 10.000000 0.400000
    endloop
  endfacet
  facet normal 0.000000 1.000000 0.000000
    outer loop
      vertex 16.428571 12.872340 0.000000
      vertex 17.063492 12.872340 0.400000
      vertex 17.063492 12.872340 0.000000
    endloop
  endfacet
  facet normal 0.000000 1.000000 0.000000
    outer loop
      vertex 16.428571 12.872340 0.000000
      vertex 16.428571 12.872340 0.400000
      vertex 17.063492 12.872340 0.400000
    endloop
  endfacet
  facet normal -1.000000 0.000000 0.000000
    outer loop
      vertex 16.428571 10.000000 0.000000
      vertex 16.428571 10.000000 0.400000
      vertex 16.428571 12.872340 0.400000
    endloop
  endfacet
  facet normal -1.000000 0.000000 0.000000
    outer loop
      vertex 16.428571 10.000000 0.000000
      vertex 16.428571 12.872340 0.400000
      vertex 16.428571 12.872340 0.000000
    endloop
  endfacet
  facet normal 1.000000 0.000000 0.000000
    outer loop
      vertex 17.063492 10.000000 0.000000
      vertex 17.063492 12.872340 0.000000
      vertex 17.063492 12.872340 0.400000
    endloop
  endfacet
  facet normal 1.000000 0.000000 0.000000
    outer loop
      vertex 17.063492 10.000000 0.000000
      vertex 17.063492 12.872340 0.400000
      vertex 17.063492 10.000000 0.400000
    endloop
  endfacet
  facet normal 0.000000 0.000000 -1.000000
    outer loop
      vertex 21.825397 10.000000 0.000000
      vertex 22.460317 12.872340 0.000000
      vertex 22.460317 10.000000 0.000000
    endloop
  endfacet
  facet normal 0.000000 0.000000 -1.000000
    outer loop
      vertex 21.825397 10.000000 0.000000
      vertex 21.825397 12.872340 0.000000
      vertex 22.460317 12.872340 0.000000
    endloop
  endfacet
  facet normal 0.000000 0.000000 1.000000
    outer loop
      vertex 21.825397 10.000000 0.400000
      vertex 22.460317 10.000000 0.400000
      vertex 22.460317 12.872340 0.400000
    endloop
  endfacet
  facet normal 0.000000 0.000000 1.000000
    outer loop
      vertex 21.825397 10.000000 0.400000
      vertex 22.460317 12.872340 0.400000
      vertex 21.825397 12.872340 0.400000
    endloop
  endfacet
  facet normal 0.000000 -1.000000 0.000000
    outer loop
      vertex 21.825397 10.000000 0.000000
      vertex 22.460317 10.000000 0.000000
      vertex 22.460317 10.000000 0.400000
    endloop
  endfacet
  facet normal 0.000000 -1.000000 0.000000
    outer loop
      vertex 21.825397 10.000000 0.000000
      vertex 22.460317 10.000000 0.400000
      vertex 21.825397 10.000000 0.400000
    endloop
  endfacet
  facet normal 0.000000 1.000000 0.000000
    outer loop
      vertex 21.825397 12.872340 0.000000
      vertex 22.460317 12.872340 0.400000
      vertex 22.460317 12.872340 0.000000
    endloop
  endfacet
  facet normal 0.000000 1.000000 0.000000
    outer loop
      vertex 21.825397 12.872340 0.000000
      vertex 21.825397 12.872340 0.400000
      vertex 22.460317 12.872340 0.400000
    endloop
  endfacet
  facet normal -1.000000 0.000000 0.000000
    outer loop
      vertex 21.825397 10.000000 0.000000
      vertex 21.825397 10.000000 0.400000
      vertex 21.825397 12.872340 0.400000
    endloop
  endfacet
  facet normal -1.000000 0.000000 0.000000
    outer loop
      vertex 21.825397 10.000000 0.000000
      vertex 21.825397 12.872340 0.400000
      vertex 21.825397 12.872340 0.000000
    endloop
  endfacet
  facet normal 1.000000 0.000000 0.000000
    outer loop
      vertex 22.460317 10.000000 0.000000
      vertex 22.460317 12.872340 0.000000
      vertex 22.460317 12.872340 0.400000
    endloop
  endfacet
  facet normal 1.000000 0.000000 0.000000
    outer loop
      vertex 22.460317 10.000000 0.000000
      vertex 22.460317 12.872340 0.400000
      vertex 22.460317 10.000000 0.400000
    endloop
  endfacet
  facet normal 0.000000 0.000000 -1.000000
    outer loop
      vertex 26.587302 10.000000 0.000000
      vertex 26.904762 12.872340 0.000000
      vertex 26.904762 10.000000 0.000000
    endloop
  endfacet
  facet normal 0.000000 0.000000 -1.000000
    outer loop
      vertex 26.587302 10.000000 0.000000
      vertex 26.587302 12.872340 0.000000
      vertex 26.904762 12.872340 0.000000
    endloop
  endfacet
  facet normal 0.000000 0.000000 1.000000
    outer loop
      vertex 26.587302 10.000000 0.400000
      vertex 26.904762 10.000000 0.400000
      vertex 26.904762 12.872340 0.400000
    endloop
  endfacet
  facet normal 0.000000 0.000000 1.000000
    outer loop
      vertex 26.587302 10.000000 0.400000
      vertex 26.904762 12.872340 0.400000
      vertex 26.587302 12.872340 0.400000
    endloop
  endfacet
  facet normal 0.000000 -1.000000 0.000000
    outer loop
      vertex 26.587302 10.000000 0.000000
      vertex 26.904762 10.000000 0.000000
      vertex 26.904762 10.000000 0.400000
    endloop
  endfacet
  facet normal 0.000000 -1.000000 0.000000
    outer loop
      vertex 26.587302 10.000000 0.000000
      vertex 26.904762 10.000000 0.400000
      vertex 26.587302 10.000000 0.400000
    endloop
  endfacet
  facet normal 0.000000 1.000000 0.000000
    outer loop
      vertex 26.587302 12.872340 0.000000
      vertex 26.904762 12.872340 0.400000
      vertex 26.904762 12.872340 0.000000
    endloop
  endfacet
  facet normal 0.000000 1.000000 0.000000
    outer loop
      vertex 26.587302 12.872340 0.000000
      vertex 26.587302 12.872340 0.400000
      vertex 26.904762 12.872340 0.400000
    endloop
  endfacet
  facet normal -1.000000 0.000000 0.000000
    outer loop
      vertex 26.587302 10.000000 0.000000
      vertex 26.587302 10.000000 0.400000
      vertex 26.587302 12.872340 0.400000
    endloop
  endfacet
  facet normal -1.000000 0.000000 0.000000
    outer loop
      vertex 26.587302 10.000000 0.000000
      vertex 26.587302 12.872340 0.400000
      vertex 26.587302 12.872340 0.000000
    endloop
  endfacet
  facet normal 1.000000 0.000000 0.000000
    outer loop
      vertex 26.904762 10.000000 0.000000
      vertex 26.904762 12.872340 0.000000
      vertex 26.904762 12.872340 0.400000
    endloop
  endfacet
  facet normal 1.000000 0.000000 0.000000
    outer loop
      vertex 26.904762 10.000000 0.000000
      vertex 26.904762 12.872340 0.400000
      vertex 26.904762 10.000000 0.400000
    endloop
  endfacet
  facet normal 0.000000 0.000000 -1.000000
    outer loop
      vertex 31.349206 10.000000 0.000000
      vertex 31.984127 12.872340 0.000000
      vertex 31.984127 10.000000 0.000000
    endloop
  endfacet
  facet normal 0.000000 0.000000 -1.000000
    outer loop
      vertex 31.349206 10.000000 0.000000
      vertex 31.349206 12.872340 0.000000
      vertex 31.984127 12.872340 0.000000
    endloop
  endfacet
  facet normal 0.000000 0.000000 1.000000
    outer loop
      vertex 31.349206 10.000000 0.400000
      vertex 31.984127 10.000000 0.400000
      vertex 31.984127 12.872340 0.400000
    endloop
  endfacet
  facet normal 0.000000 0.000000 1.000000
    outer loop
      vertex 31.349206 10.000000 0.400000
      vertex 31.984127 12.872340 0.400000
      vertex 31.349206 12.872340 0.400000
    endloop
  endfacet
  facet normal 0.000000 -1.000000 0.000000
    outer loop
      vertex 31.349206 10.000000 0.000000
      vertex 31.984127 10.000000 0.000000
      vertex 31.984127 10.000000 0.400000
    endloop
  endfacet
  facet normal 0.000000 -1.000000 0.000000
    outer loop
      vertex 31.349206 10.000000 0.000000
      vertex 31.984127 10.000000 0.400000
      vertex 31.349206 10.000000 0.400000
    endloop
  endfacet
  facet normal 0.000000 1.000000 0.000000
    outer loop
      vertex 31.349206 12.872340 0.000000
      vertex 31.984127 12.872340 0.400000
      vertex 31.984127 12.872340 0.000000
    endloop
  endfacet
  facet normal 0.000000 1.000000 0.000000
    outer loop
      vertex 31.349206 12.872340 0.000000
      vertex 31.349206 12.872340 0.400000
      vertex 31.984127 12.872340 0.400000
    endloop
  endfacet
  facet normal -1.000000 0.000000 0.000000
    outer loop
      vertex 31.349206 10.000000 0.000000
      vertex 31.349206 10.000000 0.400000
      vertex 31.349206 12.872340 0.400000
    endloop
  endfacet
  facet normal -1.000000 0.000000 0.000000
    outer loop
      vertex 31.349206 10.000000 0.000000
      vertex 31.349206 12.872340 0.400000
      vertex 31.349206 12.872340 0.000000
    endloop
  endfacet
  facet normal 1.000000 0.000000 0.000000
    outer loop
      vertex 31.984127 10.000000 0.000000
      vertex 31.984127 12.872340 0.000000
      vertex 31.984127 12.872340 0.400000
    endloop
  endfacet
  facet normal 1.000000 0.000000 0.000000
    outer loop
      vertex 31.984127 10.000000 0.000000
      vertex 31.984127 12.872340 0.400000
      vertex 31.984127 10.000000 0.400000
    endloop
  endfacet
  facet normal 0.000000 0.000000 -1.000000
    outer loop
      vertex 36.111111 10.000000 0.000000
      vertex 36.746032 12.872340 0.000000
      vertex 36.746032 10.000000 0.000000
    endloop
  endfacet
  facet normal 0.000000 0.000000 -1.000000
    outer loop
      vertex 36.111111 10.000000 0.000000
      vertex 36.111111 12.872340 0.000000
      vertex 36.746032 12.872340 0.000000
    endloop
  endfacet
  facet normal 0.000000 0.000000 1.000000
    outer loop
      vertex 36.111111 10.000000 0.400000
      vertex 36.746032 10.000000 0.400000
      vertex 36.746032 12.872340 0.400000
    endloop
  endfacet
  facet normal 0.000000 0.000000 1.000000
    outer loop
      vertex 36.111111 10.000000 0.400000
      vertex 36.746032 12.872340 0.400000
      vertex 36.111111 12.872340 0.400000
    endloop
  endfacet
  facet normal 0.000000 -1.000000 0.000000
    outer loop
      vertex 36.111111 10.000000 0.000000
      vertex 36.746032 10.000000 0.000000
      vertex 36.746032 10.000000 0.400000
    endloop
  endfacet
  facet normal 0.000000 -1.000000 0.000000
    outer loop
      vertex 36.111111 10.000000 0.000000
      vertex 36.746032 10.000000 0.400000
      vertex 36.111111 10.000000 0.400000
    endloop
  endfacet
  facet normal 0.000000 1.000000 0.000000
    outer loop
      vertex 36.111111 12.872340 0.000000
      vertex 36.746032 12.872340 0.400000
      vertex 36.746032 12.872340 0.000000
    endloop
  endfacet
  facet normal 0.000000 1.000000 0.000000
    outer loop
      vertex 36.111111 12.872340 0.000000
      vertex 36.111111 12.872340 0.400000
      vertex 36.746032 12.872340 0.400000
    endloop
  endfacet
  facet normal -1.000000 0.000000 0.000000
    outer loop
      vertex 36.111111 10.000000 0.000000
      vertex 36.111111 10.000000 0.400000
      vertex 36.111111 12.872340 0.400000
    endloop
  endfacet
  facet normal -1.000000 0.000000 0.000000
    outer loop
      vertex 36.111111 10.000000 0.000000
      vertex 36.111111 12.872340 0.400000
      vertex 36.111111 12.872340 0.000000
    endloop
  endfacet
  facet normal 1.000000 0.000000 0.000000
    outer loop
      vertex 36.746032 10.000000 0.000000
      vertex 36.746032 12.872340 0.000000
      vertex 36.746032 12.872340 0.400000
    endloop
  endfacet
  facet normal 1.000000 0.000000 0.000000
    outer loop
      vertex 36.746032 10.000000 0.000000
      vertex 36.746032 12.872340 0.400000
      vertex 36.746032 10.000000 0.400000
    endloop
  endfacet
  facet normal 0.000000 0.000000 -1.000000
    outer loop
      vertex 11.984127 10.000000 0.000000
      vertex 12.936508 12.553191 0.000000
      vertex 12.936508 10.000000 0.000000
    endloop
  endfacet
  facet normal 0.000000 0.000000 -1.000000
    outer loop
      vertex 11.984127 10.000000 0.000000
      vertex 11.984127 12.553191 0.000000
      vertex 12.936508 12.553191 0.000000
    endloop
  endfacet
  facet normal 0.000000 0.000000 1.000000
    outer loop
      vertex 11.984127 10.000000 0.400000
      vertex 12.936508 10.000000 0.400000
      vertex 12.936508 12.553191 0.400000
    endloop
  endfacet
  facet normal 0.000000 0.000000 1.000000
    outer loop
      vertex 11.984127 10.000000 0.400000
      vertex 12.936508 12.553191 0.400000
      vertex 11.984127 12.553191 0.400000
    endloop
  endfacet
  facet normal 0.000000 -1.000000 0.000000
    outer loop
      vertex 11.984127 10.000000 0.000000
      vertex 12.936508 10.000000 0.000000
      vertex 12.936508 10.000000 0.400000
    endloop
  endfacet
  facet normal 0.000000 -1.000000 0.000000
    outer loop
      vertex 11.984127 10.000000 0.000000
      vertex 12.936508 10.000000 0.400000
      vertex 11.984127 10.000000 0.400000
    endloop
  endfacet
  facet normal 0.000000 1.000000 0.000000
    outer loop
      vertex 11.984127 12.553191 0.000000
      vertex 12.936508 12.553191 0.400000
      vertex 12.936508 12.553191 0.000000
    endloop
  endfacet
  facet normal 0.000000 1.000000 0.000000
    outer loop
      vertex 11.984127 12.553191 0.000000
      vertex 11.984127 12.553191 0.400000
      vertex 12.936508 12.553191 0.400000
    endloop
  endfacet
  facet normal -1.000000 0.000000 0.000000
    outer loop
      vertex 11.984127 10.000000 0.000000
      vertex 11.984127 10.000000 0.400000
      vertex 11.984127 12.553191 0.400000
    endloop
  endfacet
  facet normal -1.000000 0.000000 0.000000
    outer loop
      vertex 11.984127 10.000000 0.000000
      vertex 11.984127 12.553191 0.400000
      vertex 11.984127 12.553191 0.000000
    endloop
  endfacet
  facet normal 1.000000 0.000000 0.000000
    outer loop
      vertex 12.936508 10.000000 0.000000
      vertex 12.936508 12.553191 0.000000
      vertex 12.936508 12.553191 0.400000
    endloop
  endfacet
  facet normal 1.000000 0.000000 0.000000
    outer loop
      vertex 12.936508 10.000000 0.000000
      vertex 12.936508 12.553191 0.400000
      vertex 12.936508 10.000000 0.400000
    endloop
  endfacet
  facet normal 0.000000 0.000000 -1.000000
    outer loop
      vertex 15.476190 10.000000 0.000000
      vertex 16.428571 12.553191 0.000000
      vertex 16.428571 10.000000 0.000000
    endloop
  endfacet
  facet normal 0.000000 0.000000 -1.000000
    outer loop
      vertex 15.476190 10.000000 0.000000
      vertex 15.476190 12.553191 0.000000
      vertex 16.428571 12.553191 0.000000
    endloop
  endfacet
  facet normal 0.000000 0.000000 1.000000
    outer loop
      vertex 15.476190 10.000000 0.400000
      vertex 16.428571 10.000000 0.400000
      vertex 16.428571 12.553191 0.400000
    endloop
  endfacet
  facet normal 0.000000 0.000000 1.000000
    outer loop
      vertex 15.476190 10.000000 0.400000
      vertex 16.428571 12.553191 0.400000
      vertex 15.476190 12.553191 0.400000
    endloop
  endfacet
  facet normal 0.000000 -1.000000 0.000000
    outer loop
      vertex 15.476190 10.000000 0.000000
      vertex 16.428571 10.000000 0.000000
      vertex 16.428571 10.000000 0.400000
    endloop
  endfacet
  facet normal 0.000000 -1.000000 0.000000
    outer loop
      vertex 15.476190 10.000000 0.000000
      vertex 16.428571 10.000000 0.400000
      vertex 15.476190 10.000000 0.400000
    endloop
  endfacet
  facet normal 0.000000 1.000000 0.000000
    outer loop
      vertex 15.476190 12.553191 0.000000
      vertex 16.428571 12.553191 0.400000
      vertex 16.428571 12.553191 0.000000
    endloop
  endfacet
  facet normal 0.000000 1.000000 0.000000
    outer loop
      vertex 15.476190 12.553191 0.000000
      vertex 15.476190 12.553191 0.400000
      vertex 16.428571 12.553191 0.400000
    endloop
  endfacet
  facet normal -1.000000 0.000000 0.000000
    outer loop
      vertex 15.476190 10.000000 0.000000
      vertex 15.476190 10.000000 0.400000
      vertex 15.476190 12.553191 0.400000
    endloop
  endfacet
  facet normal -1.000000 0.000000 0.000000
    outer loop
      vertex 15.476190 10.000000 0.000000
      vertex 15.476190 12.553191 0.400000
      vertex 15.476190 12.553191 0.000000
    endloop
  endfacet
  facet normal 1.000000 0.000000 0.000000
    outer loop
      vertex 16.428571 10.000000 0.000000
      vertex 16.428571 12.553191 0.000000
      vertex 16.428571 12.553191 0.400000
    endloop
  endfacet
  facet normal 1.000000 0.000000 0.000000
    outer loop
      vertex 16.428571 10.000000 0.000000
      vertex 16.428571 12.553191 0.400000
      vertex 16.428571 10.000000 0.400000
    endloop
  endfacet
  facet normal 0.000000 0.000000 -1.000000
    outer loop
      vertex 22.460317 10.000000 0.000000
      vertex 23.095238 12.553191 0.000000
      vertex 23.095238 10.000000 0.000000
    endloop
  endfacet
  facet normal 0.000000 0.000000 -1.000000
    outer loop
      vertex 22.460317 10.000000 0.000000
      vertex 22.460317 12.553191 0.000000
      vertex 23.095238 12.553191 0.000000
    endloop
  endfacet
  facet normal 0.000000 0.000000 1.000000
    outer loop
      vertex 22.460317 10.000000 0.400000
      vertex 23.095238 10.000000 0.400000
      vertex 23.095238 12.553191 0.400000
    endloop
  endfacet
  facet normal 0.000000 0.000000 1.000000
    outer loop
      vertex 22.460317 10.000000 0.400000
      vertex 23.095238 12.553191 0.400000
      vertex 22.460317 12.553191 0.400000
    endloop
  endfacet
  facet normal 0.000000 -1.000000 0.000000
    outer loop
      vertex 22.460317 10.000000 0.000000
      vertex 23.095238 10.000000 0.000000
      vertex 23.095238 10.000000 0.400000
    endloop
  endfacet
  facet normal 0.000000 -1.000000 0.000000
    outer loop
      vertex 22.460317 10.000000 0.000000
      vertex 23.095238 10.000000 0.400000
      vertex 22.460317 10.000000 0.400000
    endloop
  endfacet
  facet normal 0.000000 1.000000 0.000000
    outer loop
      vertex 22.460317 12.553191 0.000000
      vertex 23.095238 12.553191 0.400000
      vertex 23.095238 12.553191 0.000000
    endloop
  endfacet
  facet normal 0.000000 1.000000 0.000000
    outer loop
      vertex 22.460317 12.553191 0.000000
      vertex 22.460317 12.553191 0.400000
      vertex 23.095238 12.553191 0.400000
    endloop
  endfacet
  facet normal -1.000000 0.000000 0.000000
    outer loop
      vertex 22.460317 10.000000 0.000000
      vertex 22.460317 10.000000 0.400000
      vertex 22.460317 12.553191 0.400000
    endloop
  endfacet
  facet normal -1.000000 0.000000 0.000000
    outer loop
      vertex 22.460317 10.000000 0.000000
      vertex 22.460317 12.553191 0.400000
      vertex 22.460317 12.553191 0.000000
    endloop
  endfacet
  facet normal 1.000000 0.000000 0.000000
    outer loop
      vertex 23.095238 10.000000 0.000000
      vertex 23.095238 12.553191 0.000000
      vertex 23.095238 12.553191 0.400000
    endloop
  endfacet
  facet normal 1.000000 0.000000 0.000000
    outer loop
      vertex 23.095238 10.000000 0.000000
      vertex 23.095238 12.553191 0.400000
      vertex 23.095238 10.000000 0.400000
    endloop
  endfacet
  facet normal 0.000000 0.000000 -1.000000
    outer loop
      vertex 25.634921 10.000000 0.000000
      vertex 26.587302 12.553191 0.000000
      vertex 26.587302 10.000000 0.000000
    endloop
  endfacet
  facet normal 0.000000 0.000000 -1.000000
    outer loop
      vertex 25.634921 10.000000 0.000000
      vertex 25.634921 12.553191 0.000000
      vertex 26.587302 12.553191 0.000000
    endloop
  endfacet
  facet normal 0.000000 0.000000 1.000000
    outer loop
      vertex 25.634921 10.000000 0.400000
      vertex 26.587302 10.000000 0.400000
      vertex 26.587302 12.553191 0.400000
    endloop
  endfacet
  facet normal 0.000000 0.000000 1.000000
    outer loop
      vertex 25.634921 10.000000 0.400000
      vertex 26.587302 12.553191 0.400000
      vertex 25.634921 12.553191 0.400000
    endloop
  endfacet
  facet normal 0.000000 -1.000000 0.000000
    outer loop
      vertex 25.634921 10.000000 0.000000
      vertex 26.587302 10.000000 0.000000
      vertex 26.587302 10.000000 0.400000
    endloop
  endfacet
  facet normal 0.000000 -1.000000 0.000000
    outer loop
      vertex 25.634921 10.000000 0.000000
      vertex 26.587302 10.000000 0.400000
      vertex 25.634921 10.000000 0.400000
    endloop
  endfacet
  facet normal 0.000000 1.000000 0.000000
    outer loop
      vertex 25.634921 12.553191 0.000000
      vertex 26.587302 12.553191 0.400000
      vertex 26.587302 12.553191 0.000000
    endloop
  endfacet
  facet normal 0.000000 1.000000 0.000000
    outer loop
      vertex 25.634921 12.553191 0.000000
      vertex 25.634921 12.553191 0.400000
      vertex 26.587302 12.553191 0.400000
    endloop
  endfacet
  facet normal -1.000000 0.000000 0.000000
    outer loop
      vertex 25.634921 10.000000 0.000000
      vertex 25.634921 10.000000 0.400000
      vertex 25.634921 12.553191 0.400000
    endloop
  endfacet
  facet normal -1.000000 0.000000 0.000000
    outer loop
      vertex 25.634921 10.000000 0.000000
      vertex 25.634921 12.553191 0.400000
      vertex 25.634921 12.553191 0.000000
    endloop
  endfacet
  facet normal 1.000000 0.000000 0.000000
    outer loop
      vertex 26.587302 10.000000 0.000000
      vertex 26.587302 12.553191 0.000000
      vertex 26.587302 12.553191 0.400000
    endloop
  endfacet
  facet normal 1.000000 0.000000 0.000000
    outer loop
      vertex 26.587302 10.000000 0.000000
      vertex 26.587302 12.553191 0.400000
      vertex 26.587302 10.000000 0.400000
    endloop
  endfacet
  facet normal 0.000000 0.000000 -1.000000
    outer loop
      vertex 31.984127 10.000000 0.000000
      vertex 32.936508 12.553191 0.000000
      vertex 32.936508 10.000000 0.000000
    endloop
  endfacet
  facet normal 0.000000 0.000000 -1.000000
    outer loop
      vertex 31.984127 10.000000 0.000000
      vertex 31.984127 12.553191 0.000000
      vertex 32.936508 12.553191 0.000000
    endloop
  endfacet
  facet normal 0.000000 0.000000 1.000000
    outer loop
      vertex 31.984127 10.000000 0.400000
      vertex 32.936508 10.000000 0.400000
      vertex 32.936508 12.553191 0.400000
    endloop
  endfacet
  facet normal 0.000000 0.000000 1.000000
    outer loop
      vertex 31.984127 10.000000 0.400000
      vertex 32.936508 12.553191 0.400000
      vertex 31.984127 12.553191 0.400000
    endloop
  endfacet
  facet normal 0.000000 -1.000000 0.000000
    outer loop
      vertex 31.984127 10.000000 0.000000
      vertex 32.936508 10.000000 0.000000
      vertex 32.936508 10.000000 0.400000
    endloop
  endfacet
  facet normal 0.000000 -1.000000 0.000000
    outer loop
      vertex 31.984127 10.000000 0.000000
      vertex 32.936508 10.000000 0.400000
      vertex 31.984127 10.000000 0.400000
    endloop
  endfacet
  facet normal 0.000000 1.000000 0.000000
    outer loop
      vertex 31.984127 12.553191 0.000000
      vertex 32.936508 12.553191 0.400000
      vertex 32.936508 12.553191 0.000000
    endloop
  endfacet
  facet normal 0.000000 1.000000 0.000000
    outer loop
      vertex 31.984127 12.553191 0.000000
      vertex 31.984127 12.553191 0.400000
      vertex 32.936508 12.553191 0.400000
    endloop
  endfacet
  facet normal -1.000000 0.000000 0.000000
    outer loop
      vertex 31.984127 10.000000 0.000000
      vertex 31.984127 10.000000 0.400000
      vertex 31.984127 12.553191 0.400000
    endloop
  endfacet
  facet normal -1.000000 0.000000 0.000000
    outer loop
      vertex 31.984127 10.000000 0.000000
      vertex 31.984127 12.553191 0.400000
      vertex 31.984127 12.553191 0.000000
    endloop
  endfacet
  facet normal 1.000000 0.000000 0.000000
    outer loop
      vertex 32.936508 10.000000 0.000000
      vertex 32.936508 12.553191 0.000000
      vertex 32.936508 12.553191 0.400000
    endloop
  endfacet
  facet normal 1.000000 0.000000 0.000000
    outer loop
      vertex 32.936508 10.000000 0.000000
      vertex 32.936508 12.553191 0.400000
      vertex 32.936508 10.000000 0.400000
    endloop
  endfacet
  facet normal 0.000000 0.000000 -1.000000
    outer loop
      vertex 35.476190 10.000000 0.000000
      vertex 36.111111 12.553191 0.000000
      vertex 36.111111 10.000000 0.000000
    endloop
  endfacet
  facet normal 0.000000 0.000000 -1.000000
    outer loop
      vertex 35.476190 10.000000 0.000000
      vertex 35.476190 12.553191 0.000000
      vertex 36.111111 12.553191 0.000000
    endloop
  endfacet
  facet normal 0.000000 0.000000 1.000000
    outer loop
      vertex 35.476190 10.000000 0.400000
      vertex 36.111111 10.000000 0.400000
      vertex 36.111111 12.553191 0.400000
    endloop
  endfacet
  facet normal 0.000000 0.000000 1.000000
    outer loop
      vertex 35.476190 10.000000 0.400000
      vertex 36.111111 12.553191 0.400000
      vertex 35.476190 12.553191 0.400000
    endloop
  endfacet
  facet normal 0.000000 -1.000000 0.000000
    outer loop
      vertex 35.476190 10.000000 0.000000
      vertex 36.111111 10.000000 0.000000
      vertex 36.111111 10.000000 0.400000
    endloop
  endfacet
  facet normal 0.000000 -1.000000 0.000000
    outer loop
      vertex 35.476190 10.000000 0.000000
      vertex 36.111111 10.000000 0.400000
      vertex 35.476190 10.000000 0.400000
    endloop
  endfacet
  facet normal 0.000000 1.000000 0.000000
    outer loop
      vertex 35.476190 12.553191 0.000000
      vertex 36.111111 12.553191 0.400000
      vertex 36.111111 12.553191 0.000000
    endloop
  endfacet
  facet normal 0.000000 1.000000 0.000000
    outer loop
      vertex 35.476190 12.553191 0.000000
      vertex 35.476190 12.553191 0.400000
      vertex 36.111111 12.553191 0.400000
    endloop
  endfacet
  facet normal -1.000000 0.000000 0.000000
    outer loop
      vertex 35.476190 10.000000 0.000000
      vertex 35.476190 10.000000 0.400000
      vertex 35.476190 12.553191 0.400000
    endloop
  endfacet
  facet normal -1.000000 0.000000 0.000000
    outer loop
      vertex 35.476190 10.000000 0.000000
      vertex 35.476190 12.553191 0.400000
      vertex 35.476190 12.553191 0.000000
    endloop
  endfacet
  facet normal 1.000000 0.000000 0.000000
    outer loop
      vertex 36.111111 10.000000 0.000000
      vertex 36.111111 12.553191 0.000000
      vertex 36.111111 12.553191 0.400000
    endloop
  endfacet
  facet normal 1.000000 0.000000 0.000000
    outer loop
      vertex 36.111111 10.000000 0.000000
      vertex 36.111111 12.553191 0.400000
      vertex 36.111111 10.000000 0.400000
    endloop
  endfacet
  facet normal 0.000000 0.000000 -1.000000
    outer loop
      vertex 12.936508 10.000000 0.000000
      vertex 15.476190 12.234043 0.000000
      vertex 15.476190 10.000000 0.000000
    endloop
  endfacet
  facet normal 0.000000 0.000000 -1.000000
    outer loop
      vertex 12.936508 10.000000 0.000000
      vertex 12.936508 12.234043 0.000000
      vertex 15.476190 12.234043 0.000000
    endloop
  endfacet
  facet normal 0.000000 0.000000 1.000000
    outer loop
      vertex 12.936508 10.000000 0.400000
      vertex 15.476190 10.000000 0.400000
      vertex 15.476190 12.234043 0.400000
    endloop
  endfacet
  facet normal 0.000000 0.000000 1.000000
    outer loop
      vertex 12.936508 10.000000 0.400000
      vertex 15.476190 12.234043 0.400000
      vertex 12.936508 12.234043 0.400000
    endloop
  endfacet
  facet normal 0.000000 -1.000000 0.000000
    outer loop
      vertex 12.936508 10.000000 0.000000
      vertex 15.476190 10.000000 0.000000
      vertex 15.476190 10.000000 0.400000
    endloop
  endfacet
  facet normal 0.000000 -1.000000 0.000000
    outer loop
      vertex 12.936508 10.000000 0.000000
      vertex 15.476190 10.000000 0.400000
      vertex 12.936508 10.000000 0.400000
    endloop
  endfacet
  facet normal 0.000000 1.000000 0.000000
    outer loop
      vertex 12.936508 12.234043 0.000000
      vertex 15.476190 12.234043 0.400000
      vertex 15.476190 12.234043 0.000000
    endloop
  endfacet
  facet normal 0.000000 1.000000 0.000000
    outer loop
      vertex 12.936508 12.234043 0.000000
      vertex 12.936508 12.234043 0.400000
      vertex 15.476190 12.234043 0.400000
    endloop
  endfacet
  facet normal -1.000000 0.000000 0.000000
    outer loop
      vertex 12.936508 10.000000 0.000000
      vertex 12.936508 10.000000 0.400000
      vertex 12.936508 12.234043 0.400000
    endloop
  endfacet
  facet normal -1.000000 0.000000 0.000000
    outer loop
      vertex 12.936508 10.000000 0.000000
      vertex 12.936508 12.234043 0.400000
      vertex 12.936508 12.234043 0.000000
    endloop
  endfacet
  facet normal 1.000000 0.000000 0.000000
    outer loop
      vertex 15.476190 10.000000 0.000000
      vertex 15.476190 12.234043 0.000000
      vertex 15.476190 12.234043 0.400000
    endloop
  endfacet
  facet normal 1.000000 0.000000 0.000000
    outer loop
      vertex 15.476190 10.000000 0.000000
      vertex 15.476190 12.234043 0.400000
      vertex 15.476190 10.000000 0.400000
    endloop
  endfacet
  facet normal 0.000000 0.000000 -1.000000
    outer loop
      vertex 23.095238 10.000000 0.000000
      vertex 25.634921 12.234043 0.000000
      vertex 25.634921 10.000000 0.000000
    endloop
  endfacet
  facet normal 0.000000 0.000000 -1.000000
    outer loop
      vertex 23.095238 10.000000 0.000000
      vertex 23.095238 12.234043 0.000000
      vertex 25.634921 12.234043 0.000000
    endloop
  endfacet
  facet normal 0.000000 0.000000 1.000000
    outer loop
      vertex 23.095238 10.000000 0.400000
      vertex 25.634921 10.000000 0.400000
      vertex 25.634921 12.234043 0.400000
    endloop
  endfacet
  facet normal 0.000000 0.000000 1.000000
    outer loop
      vertex 23.095238 10.000000 0.400000
      vertex 25.634921 12.234043 0.400000
      vertex 23.095238 12.234043 0.400000
    endloop
  endfacet
  facet normal 0.000000 -1.000000 0.000000
    outer loop
      vertex 23.095238 10.000000 0.000000
      vertex 25.634921 10.000000 0.000000
      vertex 25.634921 10.000000 0.400000
    endloop
  endfacet
  facet normal 0.000000 -1.000000 0.000000
    outer loop
      vertex 23.095238 10.000000 0.000000
      vertex 25.634921 10.000000 0.400000
      vertex 23.095238 10.000000 0.400000
    endloop
  endfacet
  facet normal 0.000000 1.000000 0.000000
    outer loop
      vertex 23.095238 12.234043 0.000000
      vertex 25.634921 12.234043 0.400000
      vertex 25.634921 12.234043 0.000000
    endloop
  endfacet
  facet normal 0.000000 1.000000 0.000000
    outer loop
      vertex 23.095238 12.234043 0.000000
      vertex 23.095238 12.234043 0.400000
      vertex 25.634921 12.234043 0.400000
    endloop
  endfacet
  facet normal -1.000000 0.000000 0.000000
    outer loop
      vertex 23.095238 10.000000 0.000000
      vertex 23.095238 10.000000 0.400000
      vertex 23.095238 12.234043 0.400000
    endloop
  endfacet
  facet normal -1.000000 0.000000 0.000000
    outer loop
      vertex 23.095238 10.000000 0.000000
      vertex 23.095238 12.234043 0.400000
      vertex 23.095238 12.234043 0.000000
    endloop
  endfacet
  facet normal 1.000000 0.000000 0.000000
    outer loop
      vertex 25.634921 10.000000 0.000000
      vertex 25.634921 12.234043 0.000000
      vertex 25.634921 12.234043 0.400000
    endloop
  endfacet
  facet normal 1.000000 0.000000 0.000000
    outer loop
      vertex 25.634921 10.000000 0.000000
      vertex 25.634921 12.234043 0.400000
      vertex 25.634921 10.000000 0.400000
    endloop
  endfacet
  facet normal 0.000000 0.000000 -1.000000
    outer loop
      vertex 32.936508 10.000000 0.000000
      vertex 35.476190 12.234043 0.000000
      vertex 35.476190 10.000000 0.000000
    endloop
  endfacet
  facet normal 0.000000 0.000000 -1.000000
    outer loop
      vertex 32.936508 10.000000 0.000000
      vertex 32.936508 12.234043 0.000000
      vertex 35.476190 12.234043 0.000000
    endloop
  endfacet
  facet normal 0.000000 0.000000 1.000000
    outer loop
      vertex 32.936508 10.000000 0.400000
      vertex 35.476190 10.000000 0.400000
      vertex 35.476190 12.234043 0.400000
    endloop
  endfacet
  facet normal 0.000000 0.000000 1.000000
    outer loop
      vertex 32.936508 10.000000 0.400000
      vertex 35.476190 12.234043 0.400000
      vertex 32.936508 12.234043 0.400000
    endloop
  endfacet
  facet normal 0.000000 -1.000000 0.000000
    outer loop
      vertex 32.936508 10.000000 0.000000
      vertex 35.476190 10.000000 0.000000
      vertex 35.476190 10.000000 0.400000
    endloop
  endfacet
  facet normal 0.000000 -1.000000 0.000000
    outer loop
      vertex 32.936508 10.000000 0.000000
      vertex 35.476190 10.000000 0.400000
      vertex 32.936508 10.000000 0.400000
    endloop
  endfacet
  facet normal 0.000000 1.000000 0.000000
    outer loop
      vertex 32.936508 12.234043 0.000000
      vertex 35.476190 12.234043 0.400000
      vertex 35.476190 12.234043 0.000000
    endloop
  endfacet
  facet normal 0.000000 1.000000 0.000000
    outer loop
      vertex 32.936508 12.234043 0.000000
      vertex 32.936508 12.234043 0.400000
      vertex 35.476190 12.234043 0.400000
    endloop
  endfacet
  facet normal -1.000000 0.000000 0.000000
    outer loop
      vertex 32.936508 10.000000 0.000000
      vertex 32.936508 10.000000 0.400000
      vertex 32.936508 12.234043 0.400000
    endloop
  endfacet
  facet normal -1.000000 0.000000 0.000000
    outer loop
      vertex 32.936508 10.000000 0.000000
      vertex 32.936508 12.234043 0.400000
      vertex 32.936508 12.234043 0.000000
    endloop
  endfacet
  facet normal 1.000000 0.000000 0.000000
    outer loop
      vertex 35.476190 10.000000 0.000000
      vertex 35.476190 12.234043 0.000000
      vertex 35.476190 12.234043 0.400000
    endloop
  endfacet
  facet normal 1.000000 0.000000 0.000000
    outer loop
      vertex 35.476190 10.000000 0.000000
      vertex 35.476190 12.234043 0.400000
      vertex 35.476190 10.000000 0.400000
    endloop
  endfacet
endsolid fv_apriltag_plate_id312_base
