solid fv_apriltag_plate_id324_base
  facet normal 0.000000 0.000000 -1.000000
    outer loop
      vertex 0.000000 0.000000 0.400000
      vertex 50.000000 50.000000 0.400000
      vertex 50.000000 0.000000 0.400000
    endloop
  endfacet
  facet normal 0.000000 0.000000 -1.000000
    outer loop
      vertex 0.000000 0.000000 0.400000
      vertex 0.000000 50.000000 0.400000
      vertex 50.000000 50.000000 0.400000
    endloop
  endfacet
  facet normal 0.000000 0.000000 1.000000
    outer loop
      vertex 0.000000 0.000000 2.000000
      vertex 50.000000 0.000000 2.000000
      vertex 50.000000 50.000000 2.000000
    endloop
  endfacet
  facet normal 0.000000 0.000000 1.000000
    outer loop
      vertex 0.000000 0.000000 2.000000
      vertex 50.000000 50.000000 2.000000
      vertex 0.000000 50.000000 2.000000
    endloop
  endfacet
  facet normal 0.000000 -1.000000 0.000000
    outer loop
      vertex 0.000000 0.000000 0.400000
      vertex 50.000000 0.000000 0.400000
      vertex 50.000000 0.000000 2.000000
    endloop
  endfacet
  facet normal 0.000000 -1.000000 0.000000
    outer loop
      vertex 0.000000 0.000000 0.400000
      vertex 50.000000 0.000000 2.000000
      vertex 0.000000 0.000000 2.000000
    endloop
  endfacet
  facet normal 0.000000 1.000000 0.000000
    outer loop
      vertex 0.000000 50.000000 0.400000
      vertex 50.000000 50.000000 2.000000
      vertex 50.000000 50.000000 0.400000
    endloop
  endfacet
  facet normal 0.000000 1.000000 0.000000
    outer loop
      vertex 0.000000 50.000000 0.400000
      vertex 0.000000 50.000000 2.000000
      vertex 50.000000 50.000000 2.000000
    endloop
  endfacet
  facet normal -1.000000 0.000000 0.000000
    outer loop
      vertex 0.000000 0.000000 0.400000
      vertex 0.000000 0.000000 2.000000
      vertex 0.000000 50.000000 2.000000
    endloop
  endfacet
  facet normal -1.000000 0.000000 0.000000
    outer loop
      vertex 0.000000 0.000000 0.400000
      vertex 0.000000 50.000000 2.000000
      vertex 0.000000 50.000000 0.400000
    endloop
  endfacet
  facet normal 1.000000 0.000000 0.000000
    outer loop
      vertex 50.000000 0.000000 0.400000
      vertex 50.000000 50.000000 0.400000
      vertex 50.000000 50.000000 2.000000
    endloop
  endfacet
  facet normal 1.000000 0.000000 0.000000
    outer loop
      vertex 50.000000 0.000000 0.400000
      vertex 50.000000 50.000000 2.000000
      vertex 50.000000 0.000000 2.000000
    endloop
  endfacet
  facet normal 0.000000 0.000000 -1.000000
    outer loop
      vertex 0.000000 0.000000 0.000000
      vertex 50.000000 10.000000 0.000000
      vertex 50.000000 0.000000 0.000000
    endloop
  endfacet
  facet normal 0.000000 0.000000 -1.000000
    outer loop
      vertex 0.000000 0.000000 0.000000
      vertex 0.000000 10.000000 0.000000
      vertex 50.000000 10.000000 0.000000
    endloop
  endfacet
  facet normal 0.000000 0.000000 1.000000
    outer loop
      vertex 0.000000 0.000000 0.400000
      vertex 50.000000 0.000000 0.400000
      vertex 50.000000 10.000000 0.400000
    endloop
  endfacet
  facet normal 0.000000 0.000000 1.000000
    outer loop
      vertex 0.000000 0.000000 0.400000
      vertex 50.000000 10.000000 0.400000
      vertex 0.000000 10.000000 0.400000
    endloop
  endfacet
  facet normal 0.000000 -1.000000 0.000000
    outer loop
      vertex 0.000000 0.000000 0.000000
      vertex 50.000000 0.000000 0.000000
      vertex 50.000000 0.000000 0.400000
    endloop
  endfacet
  facet normal 0.000000 -1.000000 0.000000
    outer loop
      vertex 0.000000 0.000000 0.000000
      vertex 50.000000 0.000000 0.400000
      vertex 0.000000 0.000000 0.400000
    endloop
  endfacet
  facet normal 0.000000 1.000000 0.000000
    outer loop
      vertex 0.000000 10.000000 0.000000
      vertex 50.000000 10.000000 0.400000
      vertex 50.000000 10.000000 0.000000
    endloop
  endfacet
  facet normal 0.000000 1.000000 0.000000
    outer loop
      vertex 0.000000 10.000000 0.000000
      vertex 0.000000 10.000000 0.400000
      vertex 50.000000 10.000000 0.400000
    endloop
  endfacet
  facet normal -1.000000 0.000000 0.000000
    outer loop
      vertex 0.000000 0.000000 0.000000
      vertex 0.000000 0.000000 0.400000
      vertex 0.000000 10.000000 0.400000
    endloop
  endfacet
  facet normal -1.000000 0.000000 0.000000
    outer loop
      vertex 0.000000 0.000000 0.000000
      vertex 0.000000 10.000000 0.400000
      vertex 0.000000 10.000000 0.000000
    endloop
  endfacet
  facet normal 1.000000 0.000000 0.000000
    outer loop
      vertex 50.000000 0.000000 0.000000
      vertex 50.000000 10.000000 0.000000
      vertex 50.000000 10.000000 0.400000
    endloop
  endfacet
  facet normal 1.000000 0.000000 0.000000
    outer loop
      vertex 50.000000 0.000000 0.000000
      vertex 50.000000 10.000000 0.400000
      vertex 50.000000 0.000000 0.400000
    endloop
  endfacet
  facet normal 0.000000 0.000000 -1.000000
    outer loop
      vertex 0.000000 40.000000 0.000000
      vertex 50.000000 50.000000 0.000000
      vertex 50.000000 40.000000 0.000000
    endloop
  endfacet
  facet normal 0.000000 0.000000 -1.000000
    outer loop
      vertex 0.000000 40.000000 0.000000
      vertex 0.000000 50.000000 0.000000
      vertex 50.000000 50.000000 0.000000
    endloop
  endfacet
  facet normal 0.000000 0.000000 1.000000
    outer loop
      vertex 0.000000 40.000000 0.400000
      vertex 50.000000 40.000000 0.400000
      vertex 50.000000 50.000000 0.400000
    endloop
  endfacet
  facet normal 0.000000 0.000000 1.000000
    outer loop
      vertex 0.000000 40.000000 0.400000
      vertex 50.000000 50.000000 0.400000
      vertex 0.000000 50.000000 0.400000
    endloop
  endfacet
  facet normal 0.000000 -1.000000 0.000000
    outer loop
      vertex 0.000000 40.000000 0.000000
      vertex 50.000000 40.000000 0.000000
      vertex 50.000000 40.000000 0.400000
    endloop
  endfacet
  facet normal 0.000000 -1.000000 0.000000
    outer loop
      vertex 0.000000 40.000000 0.000000
      vertex 50.000000 40.000000 0.400000
      vertex 0.000000 40.000000 0.400000
    endloop
  endfacet
  facet normal 0.000000 1.000000 0.000000
    outer loop
      vertex 0.000000 50.000000 0.000000
      vertex 50.000000 50.000000 0.400000
      vertex 50.000000 50.000000 0.000000
    endloop
  endfacet
  facet normal 0.000000 1.000000 0.000000
    outer loop
      vertex 0.000000 50.000000 0.000000
      vertex 0.000000 50.000000 0.400000
      vertex 50.000000 50.000000 0.400000
    endloop
  endfacet
  facet normal -1.000000 0.000000 0.000000
    outer loop
      vertex 0.000000 40.000000 0.000000
      vertex 0.000000 40.000000 0.400000
      vertex 0.000000 50.000000 0.400000
    endloop
  endfacet
  facet normal -1.000000 0.000000 0.000000
    outer loop
      vertex 0.000000 40.000000 0.000000
      vertex 0.000000 50.000000 0.400000
      vertex 0.000000 50.000000 0.000000
    endloop
  endfacet
  facet normal 1.000000 0.000000 0.000000
    outer loop
      vertex 50.000000 40.000000 0.000000
      vertex 50.000000 50.000000 0.000000
      vertex 50.000000 50.000000 0.400000
    endloop
  endfacet
  facet normal 1.000000 0.000000 0.000000
    outer loop
      vertex 50.000000 40.000000 0.000000
      vertex 50.000000 50.000000 0.400000
      vertex 50.000000 40.000000 0.400000
    endloop
  endfacet
  facet normal 0.000000 0.000000 -1.000000
    outer loop
      vertex 0.000000 10.000000 0.000000
      vertex 5.000000 40.000000 0.000000
      vertex 5.000000 10.000000 0.000000
    endloop
  endfacet
  facet normal 0.000000 0.000000 -1.000000
    outer loop
      vertex 0.000000 10.000000 0.000000
      vertex 0.000000 40.000000 0.000000
      vertex 5.000000 40.000000 0.000000
    endloop
  endfacet
  facet normal 0.000000 0.000000 1.000000
    outer loop
      vertex 0.000000 10.000000 0.400000
      vertex 5.000000 10.000000 0.400000
      vertex 5.000000 40.000000 0.400000
    endloop
  endfacet
  facet normal 0.000000 0.000000 1.000000
    outer loop
      vertex 0.000000 10.000000 0.400000
      vertex 5.000000 40.000000 0.400000
      vertex 0.000000 40.000000 0.400000
    endloop
  endfacet
  facet normal 0.000000 -1.000000 0.000000
    outer loop
      vertex 0.000000 10.000000 0.000000
      vertex 5.000000 10.000000 0.000000
      vertex 5.000000 10.000000 0.400000
    endloop
  endfacet
  facet normal 0.000000 -1.000000 0.000000
    outer loop
      vertex 0.000000 10.000000 0.000000
      vertex 5.000000 10.000000 0.400000
      vertex 0.000000 10.000000 0.400000
    endloop
  endfacet
  facet normal 0.000000 1.000000 0.000000
    outer loop
      vertex 0.000000 40.000000 0.000000
      vertex 5.000000 40.000000 0.400000
      vertex 5.000000 40.000000 0.000000
    endloop
  endfacet
  facet normal 0.000000 1.000000 0.000000
    outer loop
      vertex 0.000000 40.000000 0.000000
      vertex 0.000000 40.000000 0.400000
      vertex 5.000000 40.000000 0.400000
    endloop
  endfacet
  facet normal -1.000000 0.000000 0.000000
    outer loop
      vertex 0.000000 10.000000 0.000000
      vertex 0.000000 10.000000 0.400000
      vertex 0.000000 40.000000 0.400000
    endloop
  endfacet
  facet normal -1.000000 0.000000 0.000000
    outer loop
      vertex 0.000000 10.000000 0.000000
      vertex 0.000000 40.000000 0.400000
      vertex 0.000000 40.000000 0.000000
    endloop
  endfacet
  facet normal 1.000000 0.000000 0.000000
    outer loop
      vertex 5.000000 10.000000 0.000000
      vertex 5.000000 40.000000 0.000000
      vertex 5.000000 40.000000 0.400000
    endloop
  endfacet
  facet normal 1.000000 0.000000 0.000000
    outer loop
      vertex 5.000000 10.000000 0.000000
      vertex 5.000000 40.000000 0.400000
      vertex 5.000000 10.000000 0.400000
    endloop
  endfacet
  facet normal 0.000000 0.000000 -1.000000
    outer loop
      vertex 45.000000 10.000000 0.000000
      vertex 50.000000 40.000000 0.000000
      vertex 50.000000 10.000000 0.000000
    endloop
  endfacet
  facet normal 0.000000 0.000000 -1.000000
    outer loop
      vertex 45.000000 10.000000 0.000000
      vertex 45.000000 40.000000 0.000000
      vertex 50.000000 40.000000 0.000000
    endloop
  endfacet
  facet normal 0.000000 0.000000 1.000000
    outer loop
      vertex 45.000000 10.000000 0.400000
      vertex 50.000000 10.000000 0.400000
      vertex 50.000000 40.000000 0.400000
    endloop
  endfacet
  facet normal 0.000000 0.000000 1.000000
    outer loop
      vertex 45.000000 10.000000 0.400000
      vertex 50.000000 40.000000 0.400000
      vertex 45.000000 40.000000 0.400000
    endloop
  endfacet
  facet normal 0.000000 -1.000000 0.000000
    outer loop
      vertex 45.000000 10.000000 0.000000
      vertex 50.000000 10.000000 0.000000
      vertex 50.000000 10.000000 0.400000
    endloop
  endfacet
  facet normal 0.000000 -1.000000 0.000000
    outer loop
      vertex 45.000000 10.000000 0.000000
      vertex 50.000000 10.000000 0.400000
      vertex 45.000000 10.000000 0.400000
    endloop
  endfacet
  facet normal 0.000000 1.000000 0.000000
    outer loop
      vertex 45.000000 40.000000 0.000000
      vertex 50.000000 40.000000 0.400000
      vertex 50.000000 40.000000 0.000000
    endloop
  endfacet
  facet normal 0.000000 1.000000 0.000000
    outer loop
      vertex 45.000000 40.000000 0.000000
      vertex 45.000000 40.000000 0.400000
      vertex 50.000000 40.000000 0.400000
    endloop
  endfacet
  facet normal -1.000000 0.000000 0.000000
    outer loop
      vertex 45.000000 10.000000 0.000000
      vertex 45.000000 10.000000 0.400000
      vertex 45.000000 40.000000 0.400000
    endloop
  endfacet
  facet normal -1.000000 0.000000 0.000000
    outer loop
      vertex 45.000000 10.000000 0.000000
      vertex 45.000000 40.000000 0.400000
      vertex 45.000000 40.000000 0.000000
    endloop
  endfacet
  facet normal 1.000000 0.000000 0.000000
    outer loop
      vertex 50.000000 10.000000 0.000000
      vertex 50.000000 40.000000 0.000000
      vertex 50.000000 40.000000 0.400000
    endloop
  endfacet
  facet normal 1.000000 0.000000 0.000000
    outer loop
      vertex 50.000000 10.000000 0.000000
      vertex 50.000000 40.000000 0.400000
      vertex 50.000000 10.000000 0.400000
    endloop
  endfacet
  facet normal 0.000000 0.000000 -1.000000
    outer loop
      vertex 5.000000 37.765957 0.000000
      vertex 45.000000 40.000000 0.000000
      vertex 45.000000 37.765957 0.000000
    endloop
  endfacet
  facet normal 0.000000 0.000000 -1.000000
    outer loop
      vertex 5.000000 37.765957 0.000000
      vertex 5.000000 40.000000 0.000000
      vertex 45.000000 40.000000 0.000000
    endloop
  endfacet
  facet normal 0.000000 0.000000 1.000000
    outer loop
      vertex 5.000000 37.765957 0.400000
      vertex 45.000000 37.765957 0.400000
      vertex 45.000000 40.000000 0.400000
    endloop
  endfacet
  facet normal 0.000000 0.000000 1.000000
    outer loop
      vertex 5.000000 37.765957 0.400000
      vertex 45.000000 40.000000 0.400000
      vertex 5.000000 40.000000 0.400000
    endloop
  endfacet
  facet normal 0.000000 -1.000000 0.000000
    outer loop
      vertex 5.000000 37.765957 0.000000
      vertex 45.000000 37.765957 0.000000
      vertex 45.000000 37.765957 0.400000
    endloop
  endfacet
  facet normal 0.000000 -1.000000 0.000000
    outer loop
      vertex 5.000000 37.765957 0.000000
      vertex 45.000000 37.765957 0.400000
      vertex 5.000000 37.765957 0.400000
    endloop
  endfacet
  facet normal 0.000000 1.000000 0.000000
    outer loop
      vertex 5.000000 40.000000 0.000000
      vertex 45.000000 40.000000 0.400000
      vertex 45.000000 40.000000 0.000000
    endloop
  endfacet
  facet normal 0.000000 1.000000 0.000000
    outer loop
      vertex 5.000000 40.000000 0.000000
      vertex 5.000000 40.000000 0.400000
      vertex 45.000000 40.000000 0.400000
    endloop
  endfacet
  facet normal -1.000000 0.000000 0.000000
    outer loop
      vertex 5.000000 37.765957 0.000000
      vertex 5.000000 37.765957 0.400000
      vertex 5.000000 40.000000 0.400000
    endloop
  endfacet
  facet normal -1.000000 0.000000 0.000000
    outer loop
      vertex 5.000000 37.765957 0.000000
      vertex 5.000000 40.000000 0.400000
      vertex 5.000000 40.000000 0.000000
    endloop
  endfacet
  facet normal 1.000000 0.000000 0.000000
    outer loop
      vertex 45.000000 37.765957 0.000000
      vertex 45.000000 40.000000 0.000000
      vertex 45.000000 40.000000 0.400000
    endloop
  endfacet
  facet normal 1.000000 0.000000 0.000000
    outer loop
      vertex 45.000000 37.765957 0.000000
      vertex 45.000000 40.000000 0.400000
      vertex 45.000000 37.765957 0.400000
    endloop
  endfacet
  facet normal 0.000000 0.000000 -1.000000
    outer loop
      vertex 5.000000 10.000000 0.000000
      vertex 6.269841 37.765957 0.000000
      vertex 6.269841 10.000000 0.000000
    endloop
  endfacet
  facet normal 0.000000 0.000000 -1.000000
    outer loop
      vertex 5.000000 10.000000 0.000000
      vertex 5.000000 37.765957 0.000000
      vertex 6.269841 37.765957 0.000000
    endloop
  endfacet
  facet normal 0.000000 0.000000 1.000000
    outer loop
      vertex 5.000000 10.000000 0.400000
      vertex 6.269841 10.000000 0.400000
      vertex 6.269841 37.765957 0.400000
    endloop
  endfacet
  facet normal 0.000000 0.000000 1.000000
    outer loop
      vertex 5.000000 10.000000 0.400000
      vertex 6.269841 37.765957 0.400000
      vertex 5.000000 37.765957 0.400000
    endloop
  endfacet
  facet normal 0.000000 -1.000000 0.000000
    outer loop
      vertex 5.000000 10.000000 0.000000
      vertex 6.269841 10.000000 0.000000
      vertex 6.269841 10.000000 0.400000
    endloop
  endfacet
  facet normal 0.000000 -1.000000 0.000000
    outer loop
      vertex 5.000000 10.000000 0.000000
      vertex 6.269841 10.000000 0.400000
      vertex 5.000000 10.000000 0.400000
    endloop
  endfacet
  facet normal 0.000000 1.000000 0.000000
    outer loop
      vertex 5.000000 37.765957 0.000000
      vertex 6.269841 37.765957 0.400000
      vertex 6.269841 37.765957 0.000000
    endloop
  endfacet
  facet normal 0.000000 1.000000 0.000000
    outer loop
      vertex 5.000000 37.765957 0.000000
      vertex 5.000000 37.765957 0.400000
      vertex 6.269841 37.765957 0.400000
    endloop
  endfacet
  facet normal -1.000000 0.000000 0.000000
    outer loop
      vertex 5.000000 10.000000 0.000000
      vertex 5.000000 10.000000 0.400000
      vertex 5.000000 37.765957 0.400000
    endloop
  endfacet
  facet normal -1.000000 0.000000 0.000000
    outer loop
      vertex 5.000000 10.000000 0.000000
      vertex 5.000000 37.765957 0.400000
      vertex 5.000000 37.765957 0.000000
    endloop
  endfacet
  facet normal 1.000000 0.000000 0.000000
    outer loop
      vertex 6.269841 10.000000 0.000000
      vertex 6.269841 37.765957 0.000000
      vertex 6.269841 37.765957 0.400000
    endloop
  endfacet
  facet normal 1.000000 0.000000 0.000000
    outer loop
      vertex 6.269841 10.000000 0.000000
      vertex 6.269841 37.765957 0.400000
      vertex 6.269841 10.000000 0.400000
    endloop
  endfacet
  facet normal 0.000000 0.000000 -1.000000
    outer loop
      vertex 15.793651 21.170213 0.000000
      vertex 17.063492 37.765957 0.000000
      vertex 17.063492 21.170213 0.000000
    endloop
  endfacet
  facet normal 0.000000 0.000000 -1.000000
    outer loop
      vertex 15.793651 21.170213 0.000000
      vertex 15.793651 37.765957 0.000000
      vertex 17.063492 37.765957 0.000000
    endloop
  endfacet
  facet normal 0.000000 0.000000 1.000000
    outer loop
      vertex 15.793651 21.170213 0.400000
      vertex 17.063492 21.170213 0.400000
      vertex 17.063492 37.765957 0.400000
    endloop
  endfacet
  facet normal 0.000000 0.000000 1.000000
    outer loop
      vertex 15.793651 21.170213 0.400000
      vertex 17.063492 37.765957 0.400000
      vertex 15.793651 37.765957 0.400000
    endloop
  endfacet
  facet normal 0.000000 -1.000000 0.000000
    outer loop
      vertex 15.793651 21.170213 0.000000
      vertex 17.063492 21.170213 0.000000
      vertex 17.063492 21.170213 0.400000
    endloop
  endfacet
  facet normal 0.000000 -1.000000 0.000000
    outer loop
      vertex 15.793651 21.170213 0.000000
      vertex 17.063492 21.170213 0.400000
      vertex 15.793651 21.170213 0.400000
    endloop
  endfacet
  facet normal 0.000000 1.000000 0.000000
    outer loop
      vertex 15.793651 37.765957 0.000000
      vertex 17.063492 37.765957 0.400000
      vertex 17.063492 37.765957 0.000000
    endloop
  endfacet
  facet normal 0.000000 1.000000 0.000000
    outer loop
      vertex 15.793651 37.765957 0.000000
      vertex 15.793651 37.765957 0.400000
      vertex 17.063492 37.765957 0.400000
    endloop
  endfacet
  facet normal -1.000000 0.000000 0.000000
    outer loop
      vertex 15.793651 21.170213 0.000000
      vertex 15.793651 21.170213 0.400000
      vertex 15.793651 37.765957 0.400000
    endloop
  endfacet
  facet normal -1.000000 0.000000 0.000000
    outer loop
      vertex 15.793651 21.170213 0.000000
      vertex 15.793651 37.765957 0.400000
      vertex 15.793651 37.765957 0.000000
    endloop
  endfacet
  facet normal 1.000000 0.000000 0.000000
    outer loop
      vertex 17.063492 21.170213 0.000000
      vertex 17.063492 37.765957 0.000000
      vertex 17.063492 37.765957 0.400000
    endloop
  endfacet
  facet normal 1.000000 0.000000 0.000000
    outer loop
      vertex 17.063492 21.170213 0.000000
      vertex 17.063492 37.765957 0.400000
      vertex 17.063492 21.170213 0.400000
    endloop
  endfacet
  facet normal 0.000000 0.000000 -1.000000
    outer loop
      vertex 24.365079 21.170213 0.000000
      vertex 26.587302 37.765957 0.000000
      vertex 26.587302 21.170213 0.000000
    endloop
  endfacet
  facet normal 0.000000 0.000000 -1.000000
    outer loop
      vertex 24.365079 21.170213 0.000000
      vertex 24.365079 37.765957 0.000000
      vertex 26.587302 37.765957 0.000000
    endloop
  endfacet
  facet normal 0.000000 0.000000 1.000000
    outer loop
      vertex 24.365079 21.170213 0.400000
      vertex 26.587302 21.170213 0.400000
      vertex 26.587302 37.765957 0.400000
    endloop
  endfacet
  facet normal 0.000000 0.000000 1.000000
    outer loop
      vertex 24.365079 21.170213 0.400000
      vertex 26.587302 37.765957 0.400000
      vertex 24.365079 37.765957 0.400000
    endloop
  endfacet
  facet normal 0.000000 -1.000000 0.000000
    outer loop
      vertex 24.365079 21.170213 0.000000
      vertex 26.587302 21.170213 0.000000
      vertex 26.587302 21.170213 0.400000
    endloop
  endfacet
  facet normal 0.000000 -1.000000 0.000000
    outer loop
      vertex 24.365079 21.170213 0.000000
      vertex 26.587302 21.170213 0.400000
      vertex 24.365079 21.170213 0.400000
    endloop
  endfacet
  facet normal 0.000000 1.000000 0.000000
    outer loop
      vertex 24.365079 37.765957 0.000000
      vertex 26.587302 37.765957 0.400000
      vertex 26.587302 37.765957 0.000000
    endloop
  endfacet
  facet normal 0.000000 1.000000 0.000000
    outer loop
      vertex 24.365079 37.765957 0.000000
      vertex 24.365079 37.765957 0.400000
      vertex 26.587302 37.765957 0.400000
    endloop
  endfacet
  facet normal -1.000000 0.000000 0.000000
    outer loop
      vertex 24.365079 21.170213 0.000000
      vertex 24.365079 21.170213 0.400000
      vertex 24.365079 37.765957 0.400000
    endloop
  endfacet
  facet normal -1.000000 0.000000 0.000000
    outer loop
      vertex 24.365079 21.170213 0.000000
      vertex 24.365079 37.765957 0.400000
      vertex 24.365079 37.765957 0.000000
    endloop
  endfacet
  facet normal 1.000000 0.000000 0.000000
    outer loop
      vertex 26.587302 21.170213 0.000000
      vertex 26.587302 37.765957 0.000000
      vertex 26.587302 37.765957 0.400000
    endloop
  endfacet
  facet normal 1.000000 0.000000 0.000000
    outer loop
      vertex 26.587302 21.170213 0.000000
      vertex 26.587302 37.765957 0.400000
      vertex 26.587302 21.170213 0.400000
    endloop
  endfacet
  facet normal 0.000000 0.000000 -1.000000
    outer loop
      vertex 33.888889 29.148936 0.000000
      vertex 40.238095 37.765957 0.000000
      vertex 40.238095 29.148936 0.000000
    endloop
  endfacet
  facet normal 0.000000 0.000000 -1.000000
    outer loop
      vertex 33.888889 29.148936 0.000000
      vertex 33.888889 37.765957 0.000000
      vertex 40.238095 37.765957 0.000000
    endloop
  endfacet
  facet normal 0.000000 0.000000 1.000000
    outer loop
      vertex 33.888889 29.148936 0.400000
      vertex 40.238095 29.148936 0.400000
      vertex 40.238095 37.765957 0.400000
    endloop
  endfacet
  facet normal 0.000000 0.000000 1.000000
    outer loop
      vertex 33.888889 29.148936 0.400000
      vertex 40.238095 37.765957 0.400000
      vertex 33.888889 37.765957 0.400000
    endloop
  endfacet
  facet normal 0.000000 -1.000000 0.000000
    outer loop
      vertex 33.888889 29.148936 0.000000
      vertex 40.238095 29.148936 0.000000
      vertex 40.238095 29.148936 0.400000
    endloop
  endfacet
  facet normal 0.000000 -1.000000 0.000000
    outer loop
      vertex 33.888889 29.148936 0.000000
      vertex 40.238095 29.148936 0.400000
      vertex 33.888889 29.148936 0.400000
    endloop
  endfacet
  facet normal 0.000000 1.000000 0.000000
    outer loop
      vertex 33.888889 37.765957 0.000000
      vertex 40.238095 37.765957 0.400000
      vertex 40.238095 37.765957 0.000000
    endloop
  endfacet
  facet normal 0.000000 1.000000 0.000000
    outer loop
      vertex 33.888889 37.765957 0.000000
      vertex 33.888889 37.765957 0.400000
      vertex 40.238095 37.765957 0.400000
    endloop
  endfacet
  facet normal -1.000000 0.000000 0.000000
    outer loop
      vertex 33.888889 29.148936 0.000000
      vertex 33.888889 29.148936 0.400000
      vertex 33.888889 37.765957 0.400000
    endloop
  endfacet
  facet normal -1.000000 0.000000 0.000000
    outer loop
      vertex 33.888889 29.148936 0.000000
      vertex 33.888889 37.765957 0.400000
      vertex 33.888889 37.765957 0.000000
    endloop
  endfacet
  facet normal 1.000000 0.000000 0.000000
    outer loop
      vertex 40.238095 29.148936 0.000000
      vertex 40.238095 37.765957 0.000000
      vertex 40.238095 37.765957 0.400000
    endloop
  endfacet
  facet normal 1.000000 0.000000 0.000000
    outer loop
      vertex 40.238095 29.148936 0.000000
      vertex 40.238095 37.765957 0.400000
      vertex 40.238095 29.148936 0.400000
    endloop
  endfacet
  facet normal 0.000000 0.000000 -1.000000
    outer loop
      vertex 43.095238 10.000000 0.000000
      vertex 45.000000 37.765957 0.000000
      vertex 45.000000 10.000000 0.000000
    endloop
  endfacet
  facet normal 0.000000 0.000000 -1.000000
    outer loop
      vertex 43.095238 10.000000 0.000000
      vertex 43.095238 37.765957 0.000000
      vertex 45.000000 37.765957 0.000000
    endloop
  endfacet
  facet normal 0.000000 0.000000 1.000000
    outer loop
      vertex 43.095238 10.000000 0.400000
      vertex 45.000000 10.000000 0.400000
      vertex 45.000000 37.765957 0.400000
    endloop
  endfacet
  facet normal 0.000000 0.000000 1.000000
    outer loop
      vertex 43.095238 10.000000 0.400000
      vertex 45.000000 37.765957 0.400000
      vertex 43.095238 37.765957 0.400000
    endloop
  endfacet
  facet normal 0.000000 -1.000000 0.000000
    outer loop
      vertex 43.095238 10.000000 0.000000
      vertex 45.000000 10.000000 0.000000
      vertex 45.000000 10.000000 0.400000
    endloop
  endfacet
  facet normal 0.000000 -1.000000 0.000000
    outer loop
      vertex 43.095238 10.000000 0.000000
      vertex 45.000000 10.000000 0.400000
      vertex 43.095238 10.000000 0.400000
    endloop
  endfacet
  facet normal 0.000000 1.000000 0.000000
    outer loop
      vertex 43.095238 37.765957 0.000000
      vertex 45.000000 37.765957 0.400000
      vertex 45.000000 37.765957 0.000000
    endloop
  endfacet
  facet normal 0.000000 1.000000 0.000000
    outer loop
      vertex 43.095238 37.765957 0.000000
      vertex 43.095238 37.765957 0.400000
      vertex 45.000000 37.765957 0.400000
    endloop
  endfacet
  facet normal -1.000000 0.000000 0.000000
    outer loop
      vertex 43.095238 10.000000 0.000000
      vertex 43.095238 10.000000 0.400000
      vertex 43.095238 37.765957 0.400000
    endloop
  endfacet
  facet normal -1.000000 0.000000 0.000000
    outer loop
      vertex 43.095238 10.000000 0.000000
      vertex 43.095238 37.765957 0.400000
      vertex 43.095238 37.765957 0.000000
    endloop
  endfacet
  facet normal 1.000000 0.000000 0.000000
    outer loop
      vertex 45.000000 10.000000 0.000000
      vertex 45.000000 37.765957 0.000000
      vertex 45.000000 37.765957 0.400000
    endloop
  endfacet
  facet normal 1.000000 0.000000 0.000000
    outer loop
      vertex 45.000000 10.000000 0.000000
      vertex 45.000000 37.765957 0.400000
      vertex 45.000000 10.000000 0.400000
    endloop
  endfacet
  facet normal 0.000000 0.000000 -1.000000
    outer loop
      vertex 6.269841 20.212766 0.000000
      vertex 9.444444 35.851064 0.000000
      vertex 9.444444 20.212766 0.000000
    endloop
  endfacet
  facet normal 0.000000 0.000000 -1.000000
    outer loop
      vertex 6.269841 20.212766 0.000000
      vertex 6.269841 35.851064 0.000000
      vertex 9.444444 35.851064 0.000000
    endloop
  endfacet
  facet normal 0.000000 0.000000 1.000000
    outer loop
      vertex 6.269841 20.212766 0.400000
      vertex 9.444444 20.212766 0.400000
      vertex 9.444444 35.851064 0.400000
    endloop
  endfacet
  facet normal 0.000000 0.000000 1.000000
    outer loop
      vertex 6.269841 20.212766 0.400000
      vertex 9.444444 35.851064 0.400000
      vertex 6.269841 35.851064 0.400000
    endloop
  endfacet
  facet normal 0.000000 -1.000000 0.000000
    outer loop
      vertex 6.269841 20.212766 0.000000
      vertex 9.444444 20.212766 0.000000
      vertex 9.444444 20.212766 0.400000
    endloop
  endfacet
  facet normal 0.000000 -1.000000 0.000000
    outer loop
      vertex 6.269841 20.212766 0.000000
      vertex 9.444444 20.212766 0.400000
      vertex 6.269841 20.212766 0.400000
    endloop
  endfacet
  facet normal 0.000000 1.000000 0.000000
    outer loop
      vertex 6.269841 35.851064 0.000000
      vertex 9.444444 35.851064 0.400000
      vertex 9.444444 35.851064 0.000000
    endloop
  endfacet
  facet normal 0.000000 1.000000 0.000000
    outer loop
      vertex 6.269841 35.851064 0.000000
      vertex 6.269841 35.851064 0.400000
      vertex 9.444444 35.851064 0.400000
    endloop
  endfacet
  facet normal -1.000000 0.000000 0.000000
    outer loop
      vertex 6.269841 20.212766 0.000000
      vertex 6.269841 20.212766 0.400000
      vertex 6.269841 35.851064 0.400000
    endloop
  endfacet
  facet normal -1.000000 0.000000 0.000000
    outer loop
      vertex 6.269841 20.212766 0.000000
      vertex 6.269841 35.851064 0.400000
      vertex 6.269841 35.851064 0.000000
    endloop
  endfacet
  facet normal 1.000000 0.000000 0.000000
    outer loop
      vertex 9.444444 20.212766 0.000000
      vertex 9.444444 35.851064 0.000000
      vertex 9.444444 35.851064 0.400000
    endloop
  endfacet
  facet normal 1.000000 0.000000 0.000000
    outer loop
      vertex 9.444444 20.212766 0.000000
      vertex 9.444444 35.851064 0.400000
      vertex 9.444444 20.212766 0.400000
    endloop
  endfacet
  facet normal 0.000000 0.000000 -1.000000
    outer loop
      vertex 12.301587 20.212766 0.000000
      vertex 15.793651 35.851064 0.000000
      vertex 15.793651 20.212766 0.000000
    endloop
  endfacet
  facet normal 0.000000 0.000000 -1.000000
    outer loop
      vertex 12.301587 20.212766 0.000000
      vertex 12.301587 35.851064 0.000000
      vertex 15.793651 35.851064 0.000000
    endloop
  endfacet
  facet normal 0.000000 0.000000 1.000000
    outer loop
      vertex 12.301587 20.212766 0.400000
      vertex 15.793651 20.212766 0.400000
      vertex 15.793651 35.851064 0.400000
    endloop
  endfacet
  facet normal 0.000000 0.000000 1.000000
    outer loop
      vertex 12.301587 20.212766 0.400000
      vertex 15.793651 35.851064 0.400000
      vertex 12.301587 35.851064 0.400000
    endloop
  endfacet
  facet normal 0.000000 -1.000000 0.000000
    outer loop
      vertex 12.301587 20.212766 0.000000
      vertex 15.793651 20.212766 0.000000
      vertex 15.793651 20.212766 0.400000
    endloop
  endfacet
  facet normal 0.000000 -1.000000 0.000000
    outer loop
      vertex 12.301587 20.212766 0.000000
      vertex 15.793651 20.212766 0.400000
      vertex 12.301587 20.212766 0.400000
    endloop
  endfacet
  facet normal 0.000000 1.000000 0.000000
    outer loop
      vertex 12.301587 35.851064 0.000000
      vertex 15.793651 35.851064 0.400000
      vertex 15.793651 35.851064 0.000000
    endloop
  endfacet
  facet normal 0.000000 1.000000 0.000000
    outer loop
      vertex 12.301587 35.851064 0.000000
      vertex 12.301587 35.851064 0.400000
      vertex 15.793651 35.851064 0.400000
    endloop
  endfacet
  facet normal -1.000000 0.000000 0.000000
    outer loop
      vertex 12.301587 20.212766 0.000000
      vertex 12.301587 20.212766 0.400000
      vertex 12.301587 35.851064 0.400000
    endloop
  endfacet
  facet normal -1.000000 0.000000 0.000000
    outer loop
      vertex 12.301587 20.212766 0.000000
      vertex 12.301587 35.851064 0.400000
      vertex 12.301587 35.851064 0.000000
    endloop
  endfacet
  facet normal 1.000000 0.000000 0.000000
    outer loop
      vertex 15.793651 20.212766 0.000000
      vertex 15.793651 35.851064 0.000000
      vertex 15.793651 35.851064 0.400000
    endloop
  endfacet
  facet normal 1.000000 0.000000 0.000000
    outer loop
      vertex 15.793651 20.212766 0.000000
      vertex 15.793651 35.851064 0.400000
      vertex 15.793651 20.212766 0.400000
    endloop
  endfacet
  facet normal 0.000000 0.000000 -1.000000
    outer loop
      vertex 17.063492 33.617021 0.000000
      vertex 21.507937 35.851064 0.000000
      vertex 21.507937 33.617021 0.000000
    endloop
  endfacet
  facet normal 0.000000 0.000000 -1.000000
    outer loop
      vertex 17.063492 33.617021 0.000000
      vertex 17.063492 35.851064 0.000000
      vertex 21.507937 35.851064 0.000000
    endloop
  endfacet
  facet normal 0.000000 0.000000 1.000000
    outer loop
      vertex 17.063492 33.617021 0.400000
      vertex 21.507937 33.617021 0.400000
      vertex 21.507937 35.851064 0.400000
    endloop
  endfacet
  facet normal 0.000000 0.000000 1.000000
    outer loop
      vertex 17.063492 33.617021 0.400000
      vertex 21.507937 35.851064 0.400000
      vertex 17.063492 35.851064 0.400000
    endloop
  endfacet
  facet normal 0.000000 -1.000000 0.000000
    outer loop
      vertex 17.063492 33.617021 0.000000
      vertex 21.507937 33.617021 0.000000
      vertex 21.507937 33.617021 0.400000
    endloop
  endfacet
  facet normal 0.000000 -1.000000 0.000000
    outer loop
      vertex 17.063492 33.617021 0.000000
      vertex 21.507937 33.617021 0.400000
      vertex 17.063492 33.617021 0.400000
    endloop
  endfacet
  facet normal 0.000000 1.000000 0.000000
    outer loop
      vertex 17.063492 35.851064 0.000000
      vertex 21.507937 35.851064 0.400000
      vertex 21.507937 35.851064 0.000000
    endloop
  endfacet
  facet normal 0.000000 1.000000 0.000000
    outer loop
      vertex 17.063492 35.851064 0.000000
      vertex 17.063492 35.851064 0.400000
      vertex 21.507937 35.851064 0.400000
    endloop
  endfacet
  facet normal -1.000000 0.000000 0.000000
    outer loop
      vertex 17.063492 33.617021 0.000000
      vertex 17.063492 33.617021 0.400000
      vertex 17.063492 35.851064 0.400000
    endloop
  endfacet
  facet normal -1.000000 0.000000 0.000000
    outer loop
      vertex 17.063492 33.617021 0.000000
      vertex 17.063492 35.851064 0.400000
      vertex 17.063492 35.851064 0.000000
    endloop
  endfacet
  facet normal 1.000000 0.000000 0.000000
    outer loop
      vertex 21.507937 33.617021 0.000000
      vertex 21.507937 35.851064 0.000000
      vertex 21.507937 35.851064 0.400000
    endloop
  endfacet
  facet normal 1.000000 0.000000 0.000000
    outer loop
      vertex 21.507937 33.617021 0.000000
      vertex 21.507937 35.851064 0.400000
      vertex 21.507937 33.617021 0.400000
    endloop
  endfacet
  facet normal 0.000000 0.000000 -1.000000
    outer loop
      vertex 26.587302 33.617021 0.000000
      vertex 31.031746 35.851064 0.000000
      vertex 31.031746 33.617021 0.000000
    endloop
  endfacet
  facet normal 0.000000 0.000000 -1.000000
    outer loop
      vertex 26.587302 33.617021 0.000000
      vertex 26.587302 35.851064 0.000000
      vertex 31.031746 35.851064 0.000000
    endloop
  endfacet
  facet normal 0.000000 0.000000 1.000000
    outer loop
      vertex 26.587302 33.617021 0.400000
      vertex 31.031746 33.617021 0.400000
      vertex 31.031746 35.851064 0.400000
    endloop
  endfacet
  facet normal 0.000000 0.000000 1.000000
    outer loop
      vertex 26.587302 33.617021 0.400000
      vertex 31.031746 35.851064 0.400000
      vertex 26.587302 35.851064 0.400000
    endloop
  endfacet
  facet normal 0.000000 -1.000000 0.000000
    outer loop
      vertex 26.587302 33.617021 0.000000
      vertex 31.031746 33.617021 0.000000
      vertex 31.031746 33.617021 0.400000
    endloop
  endfacet
  facet normal 0.000000 -1.000000 0.000000
    outer loop
      vertex 26.587302 33.617021 0.000000
      vertex 31.031746 33.617021 0.400000
      vertex 26.587302 33.617021 0.400000
    endloop
  endfacet
  facet normal 0.000000 1.000000 0.000000
    outer loop
      vertex 26.587302 35.851064 0.000000
      vertex 31.031746 35.851064 0.400000
      vertex 31.031746 35.851064 0.000000
    endloop
  endfacet
  facet normal 0.000000 1.000000 0.000000
    outer loop
      vertex 26.587302 35.851064 0.000000
      vertex 26.587302 35.851064 0.400000
      vertex 31.031746 35.851064 0.400000
    endloop
  endfacet
  facet normal -1.000000 0.000000 0.000000
    outer loop
      vertex 26.587302 33.617021 0.000000
      vertex 26.587302 33.617021 0.400000
      vertex 26.587302 35.851064 0.400000
    endloop
  endfacet
  facet normal -1.000000 0.000000 0.000000
    outer loop
      vertex 26.587302 33.617021 0.000000
      vertex 26.587302 35.851064 0.400000
      vertex 26.587302 35.851064 0.000000
    endloop
  endfacet
  facet normal 1.000000 0.000000 0.000000
    outer loop
      vertex 31.031746 33.617021 0.000000
      vertex 31.031746 35.851064 0.000000
      vertex 31.031746 35.851064 0.400000
    endloop
  endfacet
  facet normal 1.000000 0.000000 0.000000
    outer loop
      vertex 31.031746 33.617021 0.000000
      vertex 31.031746 35.851064 0.400000
      vertex 31.031746 33.617021 0.400000
    endloop
  endfacet
  facet normal 0.000000 0.000000 -1.000000
    outer loop
      vertex 17.063492 21.489362 0.000000
      vertex 17.380952 33.617021 0.000000
      vertex 17.380952 21.489362 0.000000
    endloop
  endfacet
  facet normal 0.000000 0.000000 -1.000000
    outer loop
      vertex 17.063492 21.489362 0.000000
      vertex 17.063492 33.617021 0.000000
      vertex 17.380952 33.617021 0.000000
    endloop
  endfacet
  facet normal 0.000000 0.000000 1.000000
    outer loop
      vertex 17.063492 21.489362 0.400000
      vertex 17.380952 21.489362 0.400000
      vertex 17.380952 33.617021 0.400000
    endloop
  endfacet
  facet normal 0.000000 0.000000 1.000000
    outer loop
      vertex 17.063492 21.489362 0.400000
      vertex 17.380952 33.617021 0.400000
      vertex 17.063492 33.617021 0.400000
    endloop
  endfacet
  facet normal 0.000000 -1.000000 0.000000
    outer loop
      vertex 17.063492 21.489362 0.000000
      vertex 17.380952 21.489362 0.000000
      vertex 17.380952 21.489362 0.400000
    endloop
  endfacet
  facet normal 0.000000 -1.000000 0.000000
    outer loop
      vertex 17.063492 21.489362 0.000000
      vertex 17.380952 21.489362 0.400000
      vertex 17.063492 21.489362 0.400000
    endloop
  endfacet
  facet normal 0.000000 1.000000 0.000000
    outer loop
      vertex 17.063492 33.617021 0.000000
      vertex 17.380952 33.617021 0.400000
      vertex 17.380952 33.617021 0.000000
    endloop
  endfacet
  facet normal 0.000000 1.000000 0.000000
    outer loop
      vertex 17.063492 33.617021 0.000000
      vertex 17.063492 33.617021 0.400000
      vertex 17.380952 33.617021 0.400000
    endloop
  endfacet
  facet normal -1.000000 0.000000 0.000000
    outer loop
      vertex 17.063492 21.489362 0.000000
      vertex 17.063492 21.489362 0.400000
      vertex 17.063492 33.617021 0.400000
    endloop
  endfacet
  facet normal -1.000000 0.000000 0.000000
    outer loop
      vertex 17.063492 21.489362 0.000000
      vertex 17.063492 33.617021 0.400000
      vertex 17.063492 33.617021 0.000000
    endloop
  endfacet
  facet normal 1.000000 0.000000 0.000000
    outer loop
      vertex 17.380952 21.489362 0.000000
      vertex 17.380952 33.617021 0.000000
      vertex 17.380952 33.617021 0.400000
    endloop
  endfacet
  facet normal 1.000000 0.000000 0.000000
    outer loop
      vertex 17.380952 21.489362 0.000000
      vertex 17.380952 33.617021 0.400000
      vertex 17.380952 21.489362 0.400000
    endloop
  endfacet
  facet normal 0.000000 0.000000 -1.000000
    outer loop
      vertex 26.587302 29.148936 0.000000
      vertex 26.904762 33.617021 0.000000
      vertex 26.904762 29.148936 0.000000
    endloop
  endfacet
  facet normal 0.000000 0.000000 -1.000000
    outer loop
      vertex 26.587302 29.148936 0.000000
      vertex 26.587302 33.617021 0.000000
      vertex 26.904762 33.617021 0.000000
    endloop
  endfacet
  facet normal 0.000000 0.000000 1.000000
    outer loop
      vertex 26.587302 29.148936 0.400000
      vertex 26.904762 29.148936 0.400000
      vertex 26.904762 33.617021 0.400000
    endloop
  endfacet
  facet normal 0.000000 0.000000 1.000000
    outer loop
      vertex 26.587302 29.148936 0.400000
      vertex 26.904762 33.617021 0.400000
      vertex 26.587302 33.617021 0.400000
    endloop
  endfacet
  facet normal 0.000000 -1.000000 0.000000
    outer loop
      vertex 26.587302 29.148936 0.000000
      vertex 26.904762 29.148936 0.000000
      vertex 26.904762 29.148936 0.400000
    endloop
  endfacet
  facet normal 0.000000 -1.000000 0.000000
    outer loop
      vertex 26.587302 29.148936 0.000000
      vertex 26.904762 29.148936 0.400000
      vertex 26.587302 29.148936 0.400000
    endloop
  endfacet
  facet normal 0.000000 1.000000 0.000000
    outer loop
      vertex 26.587302 33.617021 0.000000
      vertex 26.904762 33.617021 0.400000
      vertex 26.904762 33.617021 0.000000
    endloop
  endfacet
  facet normal 0.000000 1.000000 0.000000
    outer loop
      vertex 26.587302 33.617021 0.000000
      vertex 26.587302 33.617021 0.400000
      vertex 26.904762 33.617021 0.400000
    endloop
  endfacet
  facet normal -1.000000 0.000000 0.000000
    outer loop
      vertex 26.587302 29.148936 0.000000
      vertex 26.587302 29.148936 0.400000
      vertex 26.587302 33.617021 0.400000
    endloop
  endfacet
  facet normal -1.000000 0.000000 0.000000
    outer loop
      vertex 26.587302 29.148936 0.000000
      vertex 26.587302 33.617021 0.400000
      vertex 26.587302 33.617021 0.000000
    endloop
  endfacet
  facet normal 1.000000 0.000000 0.000000
    outer loop
      vertex 26.904762 29.148936 0.000000
      vertex 26.904762 33.617021 0.000000
      vertex 26.904762 33.617021 0.400000
    endloop
  endfacet
  facet normal 1.000000 0.000000 0.000000
    outer loop
      vertex 26.904762 29.148936 0.000000
      vertex 26.904762 33.617021 0.400000
      vertex 26.904762 29.148936 0.400000
    endloop
  endfacet
  facet normal 0.000000 0.000000 -1.000000
    outer loop
      vertex 17.380952 22.765957 0.000000
      vertex 21.507937 31.702128 0.000000
      vertex 21.507937 22.765957 0.000000
    endloop
  endfacet
  facet normal 0.000000 0.000000 -1.000000
    outer loop
      vertex 17.380952 22.765957 0.000000
      vertex 17.380952 31.702128 0.000000
      vertex 21.507937 31.702128 0.000000
    endloop
  endfacet
  facet normal 0.000000 0.000000 1.000000
    outer loop
      vertex 17.380952 22.765957 0.400000
      vertex 21.507937 22.765957 0.400000
      vertex 21.507937 31.702128 0.400000
    endloop
  endfacet
  facet normal 0.000000 0.000000 1.000000
    outer loop
      vertex 17.380952 22.765957 0.400000
      vertex 21.507937 31.702128 0.400000
      vertex 17.380952 31.702128 0.400000
    endloop
  endfacet
  facet normal 0.000000 -1.000000 0.000000
    outer loop
      vertex 17.380952 22.765957 0.000000
      vertex 21.507937 22.765957 0.000000
      vertex 21.507937 22.765957 0.400000
    endloop
  endfacet
  facet normal 0.000000 -1.000000 0.000000
    outer loop
      vertex 17.380952 22.765957 0.000000
      vertex 21.507937 22.765957 0.400000
      vertex 17.380952 22.765957 0.400000
    endloop
  endfacet
  facet normal 0.000000 1.000000 0.000000
    outer loop
      vertex 17.380952 31.702128 0.000000
      vertex 21.507937 31.702128 0.400000
      vertex 21.507937 31.702128 0.000000
    endloop
  endfacet
  facet normal 0.000000 1.000000 0.000000
    outer loop
      vertex 17.380952 31.702128 0.000000
      vertex 17.380952 31.702128 0.400000
      vertex 21.507937 31.702128 0.400000
    endloop
  endfacet
  facet normal -1.000000 0.000000 0.000000
    outer loop
      vertex 17.380952 22.765957 0.000000
      vertex 17.380952 22.765957 0.400000
      vertex 17.380952 31.702128 0.400000
    endloop
  endfacet
  facet normal -1.000000 0.000000 0.000000
    outer loop
      vertex 17.380952 22.765957 0.000000
      vertex 17.380952 31.702128 0.400000
      vertex 17.380952 31.702128 0.000000
    endloop
  endfacet
  facet normal 1.000000 0.000000 0.000000
    outer loop
      vertex 21.507937 22.765957 0.000000
      vertex 21.507937 31.702128 0.000000
      vertex 21.507937 31.702128 0.400000
    endloop
  endfacet
  facet normal 1.000000 0.000000 0.000000
    outer loop
      vertex 21.507937 22.765957 0.000000
      vertex 21.507937 31.702128 0.400000
      vertex 21.507937 22.765957 0.400000
    endloop
  endfacet
  facet normal 0.000000 0.000000 -1.000000
    outer loop
      vertex 26.904762 29.148936 0.000000
      vertex 31.031746 31.702128 0.000000
      vertex 31.031746 29.148936 0.000000
    endloop
  endfacet
  facet normal 0.000000 0.000000 -1.000000
    outer loop
      vertex 26.904762 29.148936 0.000000
      vertex 26.904762 31.702128 0.000000
      vertex 31.031746 31.702128 0.000000
    endloop
  endfacet
  facet normal 0.000000 0.000000 1.000000
    outer loop
      vertex 26.904762 29.148936 0.400000
      vertex 31.031746 29.148936 0.400000
      vertex 31.031746 31.702128 0.400000
    endloop
  endfacet
  facet normal 0.000000 0.000000 1.000000
    outer loop
      vertex 26.904762 29.148936 0.400000
      vertex 31.031746 31.702128 0.400000
      vertex 26.904762 31.702128 0.400000
    endloop
  endfacet
  facet normal 0.000000 -1.000000 0.000000
    outer loop
      vertex 26.904762 29.148936 0.000000
      vertex 31.031746 29.148936 0.000000
      vertex 31.031746 29.148936 0.400000
    endloop
  endfacet
  facet normal 0.000000 -1.000000 0.000000
    outer loop
      vertex 26.904762 29.148936 0.000000
      vertex 31.031746 29.148936 0.400000
      vertex 26.904762 29.148936 0.400000
    endloop
  endfacet
  facet normal 0.000000 1.000000 0.000000
    outer loop
      vertex 26.904762 31.702128 0.000000
      vertex 31.031746 31.702128 0.400000
      vertex 31.031746 31.702128 0.000000
    endloop
  endfacet
  facet normal 0.000000 1.000000 0.000000
    outer loop
      vertex 26.904762 31.702128 0.000000
      vertex 26.904762 31.702128 0.400000
      vertex 31.031746 31.702128 0.400000
    endloop
  endfacet
  facet normal -1.000000 0.000000 0.000000
    outer loop
      vertex 26.904762 29.148936 0.000000
      vertex 26.904762 29.148936 0.400000
      vertex 26.904762 31.702128 0.400000
    endloop
  endfacet
  facet normal -1.000000 0.000000 0.000000
    outer loop
      vertex 26.904762 29.148936 0.000000
      vertex 26.904762 31.702128 0.400000
      vertex 26.904762 31.702128 0.000000
    endloop
  endfacet
  facet normal 1.000000 0.000000 0.000000
    outer loop
      vertex 31.031746 29.148936 0.000000
      vertex 31.031746 31.702128 0.000000
      vertex 31.031746 31.702128 0.400000
    endloop
  endfacet
  facet normal 1.000000 0.000000 0.000000
    outer loop
      vertex 31.031746 29.148936 0.000000
      vertex 31.031746 31.702128 0.400000
      vertex 31.031746 29.148936 0.400000
    endloop
  endfacet
  facet normal 0.000000 0.000000 -1.000000
    outer loop
      vertex 33.888889 14.148936 0.000000
      vertex 35.793651 29.148936 0.000000
      vertex 35.793651 14.148936 0.000000
    endloop
  endfacet
  facet normal 0.000000 0.000000 -1.000000
    outer loop
      vertex 33.888889 14.148936 0.000000
      vertex 33.888889 29.148936 0.000000
      vertex 35.793651 29.148936 0.000000
    endloop
  endfacet
  facet normal 0.000000 0.000000 1.000000
    outer loop
      vertex 33.888889 14.148936 0.400000
      vertex 35.793651 14.148936 0.400000
      vertex 35.793651 29.148936 0.400000
    endloop
  endfacet
  facet normal 0.000000 0.000000 1.000000
    outer loop
      vertex 33.888889 14.148936 0.400000
      vertex 35.793651 29.148936 0.400000
      vertex 33.888889 29.148936 0.400000
    endloop
  endfacet
  facet normal 0.000000 -1.000000 0.000000
    outer loop
      vertex 33.888889 14.148936 0.000000
      vertex 35.793651 14.148936 0.000000
      vertex 35.793651 14.148936 0.400000
    endloop
  endfacet
  facet normal 0.000000 -1.000000 0.000000
    outer loop
      vertex 33.888889 14.148936 0.000000
      vertex 35.793651 14.148936 0.400000
      vertex 33.888889 14.148936 0.400000
    endloop
  endfacet
  facet normal 0.000000 1.000000 0.000000
    outer loop
      vertex 33.888889 29.148936 0.000000
      vertex 35.793651 29.148936 0.400000
      vertex 35.793651 29.148936 0.000000
    endloop
  endfacet
  facet normal 0.000000 1.000000 0.000000
    outer loop
      vertex 33.888889 29.148936 0.000000
      vertex 33.888889 29.148936 0.400000
      vertex 35.793651 29.148936 0.400000
    endloop
  endfacet
  facet normal -1.000000 0.000000 0.000000
    outer loop
      vertex 33.888889 14.148936 0.000000
      vertex 33.888889 14.148936 0.400000
      vertex 33.888889 29.148936 0.400000
    endloop
  endfacet
  facet normal -1.000000 0.000000 0.000000
    outer loop
      vertex 33.888889 14.148936 0.000000
      vertex 33.888889 29.148936 0.400000
      vertex 33.888889 29.148936 0.000000
    endloop
  endfacet
  facet normal 1.000000 0.000000 0.000000
    outer loop
      vertex 35.793651 14.148936 0.000000
      vertex 35.793651 29.148936 0.000000
      vertex 35.793651 29.148936 0.400000
    endloop
  endfacet
  facet normal 1.000000 0.000000 0.000000
    outer loop
      vertex 35.793651 14.148936 0.000000
      vertex 35.793651 29.148936 0.400000
      vertex 35.793651 14.148936 0.400000
    endloop
  endfacet
  facet normal 0.000000 0.000000 -1.000000
    outer loop
      vertex 9.444444 20.212766 0.000000
      vertex 12.301587 27.234043 0.000000
      vertex 12.301587 20.212766 0.000000
    endloop
  endfacet
  facet normal 0.000000 0.000000 -1.000000
    outer loop
      vertex 9.444444 20.212766 0.000000
      vertex 9.444444 27.234043 0.000000
      vertex 12.301587 27.234043 0.000000
    endloop
  endfacet
  facet normal 0.000000 0.000000 1.000000
    outer loop
      vertex 9.444444 20.212766 0.400000
      vertex 12.301587 20.212766 0.400000
      vertex 12.301587 27.234043 0.400000
    endloop
  endfacet
  facet normal 0.000000 0.000000 1.000000
    outer loop
      vertex 9.444444 20.212766 0.400000
      vertex 12.301587 27.234043 0.400000
      vertex 9.444444 27.234043 0.400000
    endloop
  endfacet
  facet normal 0.000000 -1.000000 0.000000
    outer loop
      vertex 9.444444 20.212766 0.000000
      vertex 12.301587 20.212766 0.000000
      vertex 12.301587 20.212766 0.400000
    endloop
  endfacet
  facet normal 0.000000 -1.000000 0.000000
    outer loop
      vertex 9.444444 20.212766 0.000000
      vertex 12.301587 20.212766 0.400000
      vertex 9.444444 20.212766 0.400000
    endloop
  endfacet
  facet normal 0.000000 1.000000 0.000000
    outer loop
      vertex 9.444444 27.234043 0.000000
      vertex 12.301587 27.234043 0.400000
      vertex 12.301587 27.234043 0.000000
    endloop
  endfacet
  facet normal 0.000000 1.000000 0.000000
    outer loop
      vertex 9.444444 27.234043 0.000000
      vertex 9.444444 27.234043 0.400000
      vertex 12.301587 27.234043 0.400000
    endloop
  endfacet
  facet normal -1.000000 0.000000 0.000000
    outer loop
      vertex 9.444444 20.212766 0.000000
      vertex 9.444444 20.212766 0.400000
      vertex 9.444444 27.234043 0.400000
    endloop
  endfacet
  facet normal -1.000000 0.000000 0.000000
    outer loop
      vertex 9.444444 20.212766 0.000000
      vertex 9.444444 27.234043 0.400000
      vertex 9.444444 27.234043 0.000000
    endloop
  endfacet
  facet normal 1.000000 0.000000 0.000000
    outer loop
      vertex 12.301587 20.212766 0.000000
      vertex 12.301587 27.234043 0.000000
      vertex 12.301587 27.234043 0.400000
    endloop
  endfacet
  facet normal 1.000000 0.000000 0.000000
    outer loop
      vertex 12.301587 20.212766 0.000000
      vertex 12.301587 27.234043 0.400000
      vertex 12.301587 20.212766 0.400000
    endloop
  endfacet
  facet normal 0.000000 0.000000 -1.000000
    outer loop
      vertex 21.507937 22.446809 0.000000
      vertex 24.365079 27.234043 0.000000
      vertex 24.365079 22.446809 0.000000
    endloop
  endfacet
  facet normal 0.000000 0.000000 -1.000000
    outer loop
      vertex 21.507937 22.446809 0.000000
      vertex 21.507937 27.234043 0.000000
      vertex 24.365079 27.234043 0.000000
    endloop
  endfacet
  facet normal 0.000000 0.000000 1.000000
    outer loop
      vertex 21.507937 22.446809 0.400000
      vertex 24.365079 22.446809 0.400000
      vertex 24.365079 27.234043 0.400000
    endloop
  endfacet
  facet normal 0.000000 0.000000 1.000000
    outer loop
      vertex 21.507937 22.446809 0.400000
      vertex 24.365079 27.234043 0.400000
      vertex 21.507937 27.234043 0.400000
    endloop
  endfacet
  facet normal 0.000000 -1.000000 0.000000
    outer loop
      vertex 21.507937 22.446809 0.000000
      vertex 24.365079 22.446809 0.000000
      vertex 24.365079 22.446809 0.400000
    endloop
  endfacet
  facet normal 0.000000 -1.000000 0.000000
    outer loop
      vertex 21.507937 22.446809 0.000000
      vertex 24.365079 22.446809 0.400000
      vertex 21.507937 22.446809 0.400000
    endloop
  endfacet
  facet normal 0.000000 1.000000 0.000000
    outer loop
      vertex 21.507937 27.234043 0.000000
      vertex 24.365079 27.234043 0.400000
      vertex 24.365079 27.234043 0.000000
    endloop
  endfacet
  facet normal 0.000000 1.000000 0.000000
    outer loop
      vertex 21.507937 27.234043 0.000000
      vertex 21.507937 27.234043 0.400000
      vertex 24.365079 27.234043 0.400000
    endloop
  endfacet
  facet normal -1.000000 0.000000 0.000000
    outer loop
      vertex 21.507937 22.446809 0.000000
      vertex 21.507937 22.446809 0.400000
      vertex 21.507937 27.234043 0.400000
    endloop
  endfacet
  facet normal -1.000000 0.000000 0.000000
    outer loop
      vertex 21.507937 22.446809 0.000000
      vertex 21.507937 27.234043 0.400000
      vertex 21.507937 27.234043 0.000000
    endloop
  endfacet
  facet normal 1.000000 0.000000 0.000000
    outer loop
      vertex 24.365079 22.446809 0.000000
      vertex 24.365079 27.234043 0.000000
      vertex 24.365079 27.234043 0.400000
    endloop
  endfacet
  facet normal 1.000000 0.000000 0.000000
    outer loop
      vertex 24.365079 22.446809 0.000000
      vertex 24.365079 27.234043 0.400000
      vertex 24.365079 22.446809 0.400000
    endloop
  endfacet
  facet normal 0.000000 0.000000 -1.000000
    outer loop
      vertex 26.587302 22.765957 0.000000
      vertex 33.888889 27.234043 0.000000
      vertex 33.888889 22.765957 0.000000
    endloop
  endfacet
  facet normal 0.000000 0.000000 -1.000000
    outer loop
      vertex 26.587302 22.765957 0.000000
      vertex 26.587302 27.234043 0.000000
      vertex 33.888889 27.234043 0.000000
    endloop
  endfacet
  facet normal 0.000000 0.000000 1.000000
    outer loop
      vertex 26.587302 22.765957 0.400000
      vertex 33.888889 22.765957 0.400000
      vertex 33.888889 27.234043 0.400000
    endloop
  endfacet
  facet normal 0.000000 0.000000 1.000000
    outer loop
      vertex 26.587302 22.765957 0.400000
      vertex 33.888889 27.234043 0.400000
      vertex 26.587302 27.234043 0.400000
    endloop
  endfacet
  facet normal 0.000000 -1.000000 0.000000
    outer loop
      vertex 26.587302 22.765957 0.000000
      vertex 33.888889 22.765957 0.000000
      vertex 33.888889 22.765957 0.400000
    endloop
  endfacet
  facet normal 0.000000 -1.000000 0.000000
    outer loop
      vertex 26.587302 22.765957 0.000000
      vertex 33.888889 22.765957 0.400000
      vertex 26.587302 22.765957 0.400000
    endloop
  endfacet
  facet normal 0.000000 1.000000 0.000000
    outer loop
      vertex 26.587302 27.234043 0.000000
      vertex 33.888889 27.234043 0.400000
      vertex 33.888889 27.234043 0.000000
    endloop
  endfacet
  facet normal 0.000000 1.000000 0.000000
    outer loop
      vertex 26.587302 27.234043 0.000000
      vertex 26.587302 27.234043 0.400000
      vertex 33.888889 27.234043 0.400000
    endloop
  endfacet
  facet normal -1.000000 0.000000 0.000000
    outer loop
      vertex 26.587302 22.765957 0.000000
      vertex 26.587302 22.765957 0.400000
      vertex 26.587302 27.234043 0.400000
    endloop
  endfacet
  facet normal -1.000000 0.000000 0.000000
    outer loop
      vertex 26.587302 22.765957 0.000000
      vertex 26.587302 27.234043 0.400000
      vertex 26.587302 27.234043 0.000000
    endloop
  endfacet
  facet normal 1.000000 0.000000 0.000000
    outer loop
      vertex 33.888889 22.765957 0.000000
      vertex 33.888889 27.234043 0.000000
      vertex 33.888889 27.234043 0.400000
    endloop
  endfacet
  facet normal 1.000000 0.000000 0.000000
    outer loop
      vertex 33.888889 22.765957 0.000000
      vertex 33.888889 27.234043 0.400000
      vertex 33.888889 22.765957 0.400000
    endloop
  endfacet
  facet normal 0.000000 0.000000 -1.000000
    outer loop
      vertex 35.793651 22.446809 0.000000
      vertex 43.095238 27.234043 0.000000
      vertex 43.095238 22.446809 0.000000
    endloop
  endfacet
  facet normal 0.000000 0.000000 -1.000000
    outer loop
      vertex 35.793651 22.446809 0.000000
      vertex 35.793651 27.234043 0.000000
      vertex 43.095238 27.234043 0.000000
    endloop
  endfacet
  facet normal 0.000000 0.000000 1.000000
    outer loop
      vertex 35.793651 22.446809 0.400000
      vertex 43.095238 22.446809 0.400000
      vertex 43.095238 27.234043 0.400000
    endloop
  endfacet
  facet normal 0.000000 0.000000 1.000000
    outer loop
      vertex 35.793651 22.446809 0.400000
      vertex 43.095238 27.234043 0.400000
      vertex 35.793651 27.234043 0.400000
    endloop
  endfacet
  facet normal 0.000000 -1.000000 0.000000
    outer loop
      vertex 35.793651 22.446809 0.000000
      vertex 43.095238 22.446809 0.000000
      vertex 43.095238 22.446809 0.400000
    endloop
  endfacet
  facet normal 0.000000 -1.000000 0.000000
    outer loop
      vertex 35.793651 22.446809 0.000000
      vertex 43.095238 22.446809 0.400000
      vertex 35.793651 22.446809 0.400000
    endloop
  endfacet
  facet normal 0.000000 1.000000 0.000000
    outer loop
      vertex 35.793651 27.234043 0.000000
      vertex 43.095238 27.234043 0.400000
      vertex 43.095238 27.234043 0.000000
    endloop
  endfacet
  facet normal 0.000000 1.000000 0.000000
    outer loop
      vertex 35.793651 27.234043 0.000000
      vertex 35.793651 27.234043 0.400000
      vertex 43.095238 27.234043 0.400000
    endloop
  endfacet
  facet normal -1.000000 0.000000 0.000000
    outer loop
      vertex 35.793651 22.446809 0.000000
      vertex 35.793651 22.446809 0.400000
      vertex 35.793651 27.234043 0.400000
    endloop
  endfacet
  facet normal -1.000000 0.000000 0.000000
    outer loop
      vertex 35.793651 22.446809 0.000000
      vertex 35.793651 27.234043 0.400000
      vertex 35.793651 27.234043 0.000000
    endloop
  endfacet
  facet normal 1.000000 0.000000 0.000000
    outer loop
      vertex 43.095238 22.446809 0.000000
      vertex 43.095238 27.234043 0.000000
      vertex 43.095238 27.234043 0.400000
    endloop
  endfacet
  facet normal 1.000000 0.000000 0.000000
    outer loop
      vertex 43.095238 22.446809 0.000000
      vertex 43.095238 27.234043 0.400000
      vertex 43.095238 22.446809 0.400000
    endloop
  endfacet
  facet normal 0.000000 0.000000 -1.000000
    outer loop
      vertex 17.380952 22.446809 0.000000
      vertex 18.968254 22.765957 0.000000
      vertex 18.968254 22.446809 0.000000
    endloop
  endfacet
  facet normal 0.000000 0.000000 -1.000000
    outer loop
      vertex 17.380952 22.446809 0.000000
      vertex 17.380952 22.765957 0.000000
      vertex 18.968254 22.765957 0.000000
    endloop
  endfacet
  facet normal 0.000000 0.000000 1.000000
    outer loop
      vertex 17.380952 22.446809 0.400000
      vertex 18.968254 22.446809 0.400000
      vertex 18.968254 22.765957 0.400000
    endloop
  endfacet
  facet normal 0.000000 0.000000 1.000000
    outer loop
      vertex 17.380952 22.446809 0.400000
      vertex 18.968254 22.765957 0.400000
      vertex 17.380952 22.765957 0.400000
    endloop
  endfacet
  facet normal 0.000000 -1.000000 0.000000
    outer loop
      vertex 17.380952 22.446809 0.000000
      vertex 18.968254 22.446809 0.000000
      vertex 18.968254 22.446809 0.400000
    endloop
  endfacet
  facet normal 0.000000 -1.000000 0.000000
    outer loop
      vertex 17.380952 22.446809 0.000000
      vertex 18.968254 22.446809 0.400000
      vertex 17.380952 22.446809 0.400000
    endloop
  endfacet
  facet normal 0.000000 1.000000 0.000000
    outer loop
      vertex 17.380952 22.765957 0.000000
      vertex 18.968254 22.765957 0.400000
      vertex 18.968254 22.765957 0.000000
    endloop
  endfacet
  facet normal 0.000000 1.000000 0.000000
    outer loop
      vertex 17.380952 22.765957 0.000000
      vertex 17.380952 22.765957 0.400000
      vertex 18.968254 22.765957 0.400000
    endloop
  endfacet
  facet normal -1.000000 0.000000 0.000000
    outer loop
      vertex 17.380952 22.446809 0.000000
      vertex 17.380952 22.446809 0.400000
      vertex 17.380952 22.765957 0.400000
    endloop
  endfacet
  facet normal -1.000000 0.000000 0.000000
    outer loop
      vertex 17.380952 22.446809 0.000000
      vertex 17.380952 22.765957 0.400000
      vertex 17.380952 22.765957 0.000000
    endloop
  endfacet
  facet normal 1.000000 0.000000 0.000000
    outer loop
      vertex 18.968254 22.446809 0.000000
      vertex 18.968254 22.765957 0.000000
      vertex 18.968254 22.765957 0.400000
    endloop
  endfacet
  facet normal 1.000000 0.000000 0.000000
    outer loop
      vertex 18.968254 22.446809 0.000000
      vertex 18.968254 22.765957 0.400000
      vertex 18.968254 22.446809 0.400000
    endloop
  endfacet
  facet normal 0.000000 0.000000 -1.000000
    outer loop
      vertex 26.587302 22.446809 0.000000
      vertex 28.492063 22.765957 0.000000
      vertex 28.492063 22.446809 0.000000
    endloop
  endfacet
  facet normal 0.000000 0.000000 -1.000000
    outer loop
      vertex 26.587302 22.446809 0.000000
      vertex 26.587302 22.765957 0.000000
      vertex 28.492063 22.765957 0.000000
    endloop
  endfacet
  facet normal 0.000000 0.000000 1.000000
    outer loop
      vertex 26.587302 22.446809 0.400000
      vertex 28.492063 22.446809 0.400000
      vertex 28.492063 22.765957 0.400000
    endloop
  endfacet
  facet normal 0.000000 0.000000 1.000000
    outer loop
      vertex 26.587302 22.446809 0.400000
      vertex 28.492063 22.765957 0.400000
      vertex 26.587302 22.765957 0.400000
    endloop
  endfacet
  facet normal 0.000000 -1.000000 0.000000
    outer loop
      vertex 26.587302 22.446809 0.000000
      vertex 28.492063 22.446809 0.000000
      vertex 28.492063 22.446809 0.400000
    endloop
  endfacet
  facet normal 0.000000 -1.000000 0.000000
    outer loop
      vertex 26.587302 22.446809 0.000000
      vertex 28.492063 22.446809 0.400000
      vertex 26.587302 22.446809 0.400000
    endloop
  endfacet
  facet normal 0.000000 1.000000 0.000000
    outer loop
      vertex 26.587302 22.765957 0.000000
      vertex 28.492063 22.765957 0.400000
      vertex 28.492063 22.765957 0.000000
    endloop
  endfacet
  facet normal 0.000000 1.000000 0.000000
    outer loop
      vertex 26.587302 22.765957 0.000000
      vertex 26.587302 22.765957 0.400000
      vertex 28.492063 22.765957 0.400000
    endloop
  endfacet
  facet normal -1.000000 0.000000 0.000000
    outer loop
      vertex 26.587302 22.446809 0.000000
      vertex 26.587302 22.446809 0.400000
      vertex 26.587302 22.765957 0.400000
    endloop
  endfacet
  facet normal -1.000000 0.000000 0.000000
    outer loop
      vertex 26.587302 22.446809 0.000000
      vertex 26.587302 22.765957 0.400000
      vertex 26.587302 22.765957 0.000000
    endloop
  endfacet
  facet normal 1.000000 0.000000 0.000000
    outer loop
      vertex 28.492063 22.446809 0.000000
      vertex 28.492063 22.765957 0.000000
      vertex 28.492063 22.765957 0.400000
    endloop
  endfacet
  facet normal 1.000000 0.000000 0.000000
    outer loop
      vertex 28.492063 22.446809 0.000000
      vertex 28.492063 22.765957 0.400000
      vertex 28.492063 22.446809 0.400000
    endloop
  endfacet
  facet normal 0.000000 0.000000 -1.000000
    outer loop
      vertex 31.031746 22.446809 0.000000
      vertex 33.888889 22.765957 0.000000
      vertex 33.888889 22.446809 0.000000
    endloop
  endfacet
  facet normal 0.000000 0.000000 -1.000000
    outer loop
      vertex 31.031746 22.446809 0.000000
      vertex 31.031746 22.765957 0.000000
      vertex 33.888889 22.765957 0.000000
    endloop
  endfacet
  facet normal 0.000000 0.000000 1.000000
    outer loop
      vertex 31.031746 22.446809 0.400000
      vertex 33.888889 22.446809 0.400000
      vertex 33.888889 22.765957 0.400000
    endloop
  endfacet
  facet normal 0.000000 0.000000 1.000000
    outer loop
      vertex 31.031746 22.446809 0.400000
      vertex 33.888889 22.765957 0.400000
      vertex 31.031746 22.765957 0.400000
    endloop
  endfacet
  facet normal 0.000000 -1.000000 0.000000
    outer loop
      vertex 31.031746 22.446809 0.000000
      vertex 33.888889 22.446809 0.000000
      vertex 33.888889 22.446809 0.400000
    endloop
  endfacet
  facet normal 0.000000 -1.000000 0.000000
    outer loop
      vertex 31.031746 22.446809 0.000000
      vertex 33.888889 22.446809 0.400000
      vertex 31.031746 22.446809 0.400000
    endloop
  endfacet
  facet normal 0.000000 1.000000 0.000000
    outer loop
      vertex 31.031746 22.765957 0.000000
      vertex 33.888889 22.765957 0.400000
      vertex 33.888889 22.765957 0.000000
    endloop
  endfacet
  facet normal 0.000000 1.000000 0.000000
    outer loop
      vertex 31.031746 22.765957 0.000000
      vertex 31.031746 22.765957 0.400000
      vertex 33.888889 22.765957 0.400000
    endloop
  endfacet
  facet normal -1.000000 0.000000 0.000000
    outer loop
      vertex 31.031746 22.446809 0.000000
      vertex 31.031746 22.446809 0.400000
      vertex 31.031746 22.765957 0.400000
    endloop
  endfacet
  facet normal -1.000000 0.000000 0.000000
    outer loop
      vertex 31.031746 22.446809 0.000000
      vertex 31.031746 22.765957 0.400000
      vertex 31.031746 22.765957 0.000000
    endloop
  endfacet
  facet normal 1.000000 0.000000 0.000000
    outer loop
      vertex 33.888889 22.446809 0.000000
      vertex 33.888889 22.765957 0.000000
      vertex 33.888889 22.765957 0.400000
    endloop
  endfacet
  facet normal 1.000000 0.000000 0.000000
    outer loop
      vertex 33.888889 22.446809 0.000000
      vertex 33.888889 22.765957 0.400000
      vertex 33.888889 22.446809 0.400000
    endloop
  endfacet
  facet normal 0.000000 0.000000 -1.000000
    outer loop
      vertex 17.380952 22.127660 0.000000
      vertex 18.015873 22.446809 0.000000
      vertex 18.015873 22.127660 0.000000
    endloop
  endfacet
  facet normal 0.000000 0.000000 -1.000000
    outer loop
      vertex 17.380952 22.127660 0.000000
      vertex 17.380952 22.446809 0.000000
      vertex 18.015873 22.446809 0.000000
    endloop
  endfacet
  facet normal 0.000000 0.000000 1.000000
    outer loop
      vertex 17.380952 22.127660 0.400000
      vertex 18.015873 22.127660 0.400000
      vertex 18.015873 22.446809 0.400000
    endloop
  endfacet
  facet normal 0.000000 0.000000 1.000000
    outer loop
      vertex 17.380952 22.127660 0.400000
      vertex 18.015873 22.446809 0.400000
      vertex 17.380952 22.446809 0.400000
    endloop
  endfacet
  facet normal 0.000000 -1.000000 0.000000
    outer loop
      vertex 17.380952 22.127660 0.000000
      vertex 18.015873 22.127660 0.000000
      vertex 18.015873 22.127660 0.400000
    endloop
  endfacet
  facet normal 0.000000 -1.000000 0.000000
    outer loop
      vertex 17.380952 22.127660 0.000000
      vertex 18.015873 22.127660 0.400000
      vertex 17.380952 22.127660 0.400000
    endloop
  endfacet
  facet normal 0.000000 1.000000 0.000000
    outer loop
      vertex 17.380952 22.446809 0.000000
      vertex 18.015873 22.446809 0.400000
      vertex 18.015873 22.446809 0.000000
    endloop
  endfacet
  facet normal 0.000000 1.000000 0.000000
    outer loop
      vertex 17.380952 22.446809 0.000000
      vertex 17.380952 22.446809 0.400000
      vertex 18.015873 22.446809 0.400000
    endloop
  endfacet
  facet normal -1.000000 0.000000 0.000000
    outer loop
      vertex 17.380952 22.127660 0.000000
      vertex 17.380952 22.127660 0.400000
      vertex 17.380952 22.446809 0.400000
    endloop
  endfacet
  facet normal -1.000000 0.000000 0.000000
    outer loop
      vertex 17.380952 22.127660 0.000000
      vertex 17.380952 22.446809 0.400000
      vertex 17.380952 22.446809 0.000000
    endloop
  endfacet
  facet normal 1.000000 0.000000 0.000000
    outer loop
      vertex 18.015873 22.127660 0.000000
      vertex 18.015873 22.446809 0.000000
      vertex 18.015873 22.446809 0.400000
    endloop
  endfacet
  facet normal 1.000000 0.000000 0.000000
    outer loop
      vertex 18.015873 22.127660 0.000000
      vertex 18.015873 22.446809 0.400000
      vertex 18.015873 22.127660 0.400000
    endloop
  endfacet
  facet normal 0.000000 0.000000 -1.000000
    outer loop
      vertex 22.142857 22.127660 0.000000
      vertex 24.365079 22.446809 0.000000
      vertex 24.365079 22.127660 0.000000
    endloop
  endfacet
  facet normal 0.000000 0.000000 -1.000000
    outer loop
      vertex 22.142857 22.127660 0.000000
      vertex 22.142857 22.446809 0.000000
      vertex 24.365079 22.446809 0.000000
    endloop
  endfacet
  facet normal 0.000000 0.000000 1.000000
    outer loop
      vertex 22.142857 22.127660 0.400000
      vertex 24.365079 22.127660 0.400000
      vertex 24.365079 22.446809 0.400000
    endloop
  endfacet
  facet normal 0.000000 0.000000 1.000000
    outer loop
      vertex 22.142857 22.127660 0.400000
      vertex 24.365079 22.446809 0.400000
      vertex 22.142857 22.446809 0.400000
    endloop
  endfacet
  facet normal 0.000000 -1.000000 0.000000
    outer loop
      vertex 22.142857 22.127660 0.000000
      vertex 24.365079 22.127660 0.000000
      vertex 24.365079 22.127660 0.400000
    endloop
  endfacet
  facet normal 0.000000 -1.000000 0.000000
    outer loop
      vertex 22.142857 22.127660 0.000000
      vertex 24.365079 22.127660 0.400000
      vertex 22.142857 22.127660 0.400000
    endloop
  endfacet
  facet normal 0.000000 1.000000 0.000000
    outer loop
      vertex 22.142857 22.446809 0.000000
      vertex 24.365079 22.446809 0.400000
      vertex 24.365079 22.446809 0.000000
    endloop
  endfacet
  facet normal 0.000000 1.000000 0.000000
    outer loop
      vertex 22.142857 22.446809 0.000000
      vertex 22.142857 22.446809 0.400000
      vertex 24.365079 22.446809 0.400000
    endloop
  endfacet
  facet normal -1.000000 0.000000 0.000000
    outer loop
      vertex 22.142857 22.127660 0.000000
      vertex 22.142857 22.127660 0.400000
      vertex 22.142857 22.446809 0.400000
    endloop
  endfacet
  facet normal -1.000000 0.000000 0.000000
    outer loop
      vertex 22.142857 22.127660 0.000000
      vertex 22.142857 22.446809 0.400000
      vertex 22.142857 22.446809 0.000000
    endloop
  endfacet
  facet normal 1.000000 0.000000 0.000000
    outer loop
      vertex 24.365079 22.127660 0.000000
      vertex 24.365079 22.446809 0.000000
      vertex 24.365079 22.446809 0.400000
    endloop
  endfacet
  facet normal 1.000000 0.000000 0.000000
    outer loop
      vertex 24.365079 22.127660 0.000000
      vertex 24.365079 22.446809 0.400000
      vertex 24.365079 22.127660 0.400000
    endloop
  endfacet
  facet normal 0.000000 0.000000 -1.000000
    outer loop
      vertex 26.587302 22.127660 0.000000
      vertex 27.539683 22.446809 0.000000
      vertex 27.539683 22.127660 0.000000
    endloop
  endfacet
  facet normal 0.000000 0.000000 -1.000000
    outer loop
      vertex 26.587302 22.127660 0.000000
      vertex 26.587302 22.446809 0.000000
      vertex 27.539683 22.446809 0.000000
    endloop
  endfacet
  facet normal 0.000000 0.000000 1.000000
    outer loop
      vertex 26.587302 22.127660 0.400000
      vertex 27.539683 22.127660 0.400000
      vertex 27.539683 22.446809 0.400000
    endloop
  endfacet
  facet normal 0.000000 0.000000 1.000000
    outer loop
      vertex 26.587302 22.127660 0.400000
      vertex 27.539683 22.446809 0.400000
      vertex 26.587302 22.446809 0.400000
    endloop
  endfacet
  facet normal 0.000000 -1.000000 0.000000
    outer loop
      vertex 26.587302 22.127660 0.000000
      vertex 27.539683 22.127660 0.000000
      vertex 27.539683 22.127660 0.400000
    endloop
  endfacet
  facet normal 0.000000 -1.000000 0.000000
    outer loop
      vertex 26.587302 22.127660 0.000000
      vertex 27.539683 22.127660 0.400000
      vertex 26.587302 22.127660 0.400000
    endloop
  endfacet
  facet normal 0.000000 1.000000 0.000000
    outer loop
      vertex 26.587302 22.446809 0.000000
      vertex 27.539683 22.446809 0.400000
      vertex 27.539683 22.446809 0.000000
    endloop
  endfacet
  facet normal 0.000000 1.000000 0.000000
    outer loop
      vertex 26.587302 22.446809 0.000000
      vertex 26.587302 22.446809 0.400000
      vertex 27.539683 22.446809 0.400000
    endloop
  endfacet
  facet normal -1.000000 0.000000 0.000000
    outer loop
      vertex 26.587302 22.127660 0.000000
      vertex 26.587302 22.127660 0.400000
      vertex 26.587302 22.446809 0.400000
    endloop
  endfacet
  facet normal -1.000000 0.000000 0.000000
    outer loop
      vertex 26.587302 22.127660 0.000000
      vertex 26.587302 22.446809 0.400000
      vertex 26.587302 22.446809 0.000000
    endloop
  endfacet
  facet normal 1.000000 0.000000 0.000000
    outer loop
      vertex 27.539683 22.127660 0.000000
      vertex 27.539683 22.446809 0.000000
      vertex 27.539683 22.446809 0.400000
    endloop
  endfacet
  facet normal 1.000000 0.000000 0.000000
    outer loop
      vertex 27.539683 22.127660 0.000000
      vertex 27.539683 22.446809 0.400000
      vertex 27.539683 22.127660 0.400000
    endloop
  endfacet
  facet normal 0.000000 0.000000 -1.000000
    outer loop
      vertex 31.666667 22.127660 0.000000
      vertex 33.888889 22.446809 0.000000
      vertex 33.888889 22.127660 0.000000
    endloop
  endfacet
  facet normal 0.000000 0.000000 -1.000000
    outer loop
      vertex 31.666667 22.127660 0.000000
      vertex 31.666667 22.446809 0.000000
      vertex 33.888889 22.446809 0.000000
    endloop
  endfacet
  facet normal 0.000000 0.000000 1.000000
    outer loop
      vertex 31.666667 22.127660 0.400000
      vertex 33.888889 22.127660 0.400000
      vertex 33.888889 22.446809 0.400000
    endloop
  endfacet
  facet normal 0.000000 0.000000 1.000000
    outer loop
      vertex 31.666667 22.127660 0.400000
      vertex 33.888889 22.446809 0.400000
      vertex 31.666667 22.446809 0.400000
    endloop
  endfacet
  facet normal 0.000000 -1.000000 0.000000
    outer loop
      vertex 31.666667 22.127660 0.000000
      vertex 33.888889 22.127660 0.000000
      vertex 33.888889 22.127660 0.400000
    endloop
  endfacet
  facet normal 0.000000 -1.000000 0.000000
    outer loop
      vertex 31.666667 22.127660 0.000000
      vertex 33.888889 22.127660 0.400000
      vertex 31.666667 22.127660 0.400000
    endloop
  endfacet
  facet normal 0.000000 1.000000 0.000000
    outer loop
      vertex 31.666667 22.446809 0.000000
      vertex 33.888889 22.446809 0.400000
      vertex 33.888889 22.446809 0.000000
    endloop
  endfacet
  facet normal 0.000000 1.000000 0.000000
    outer loop
      vertex 31.666667 22.446809 0.000000
      vertex 31.666667 22.446809 0.400000
      vertex 33.888889 22.446809 0.400000
    endloop
  endfacet
  facet normal -1.000000 0.000000 0.000000
    outer loop
      vertex 31.666667 22.127660 0.000000
      vertex 31.666667 22.127660 0.400000
      vertex 31.666667 22.446809 0.400000
    endloop
  endfacet
  facet normal -1.000000 0.000000 0.000000
    outer loop
      vertex 31.666667 22.127660 0.000000
      vertex 31.666667 22.446809 0.400000
      vertex 31.666667 22.446809 0.000000
    endloop
  endfacet
  facet normal 1.000000 0.000000 0.000000
    outer loop
      vertex 33.888889 22.127660 0.000000
      vertex 33.888889 22.446809 0.000000
      vertex 33.888889 22.446809 0.400000
    endloop
  endfacet
  facet normal 1.000000 0.000000 0.000000
    outer loop
      vertex 33.888889 22.127660 0.000000
      vertex 33.888889 22.446809 0.400000
      vertex 33.888889 22.127660 0.400000
    endloop
  endfacet
  facet normal 0.000000 0.000000 -1.000000
    outer loop
      vertex 35.793651 14.148936 0.000000
      vertex 38.015873 22.446809 0.000000
      vertex 38.015873 14.148936 0.000000
    endloop
  endfacet
  facet normal 0.000000 0.000000 -1.000000
    outer loop
      vertex 35.793651 14.148936 0.000000
      vertex 35.793651 22.446809 0.000000
      vertex 38.015873 22.446809 0.000000
    endloop
  endfacet
  facet normal 0.000000 0.000000 1.000000
    outer loop
      vertex 35.793651 14.148936 0.400000
      vertex 38.015873 14.148936 0.400000
      vertex 38.015873 22.446809 0.400000
    endloop
  endfacet
  facet normal 0.000000 0.000000 1.000000
    outer loop
      vertex 35.793651 14.148936 0.400000
      vertex 38.015873 22.446809 0.400000
      vertex 35.793651 22.446809 0.400000
    endloop
  endfacet
  facet normal 0.000000 -1.000000 0.000000
    outer loop
      vertex 35.793651 14.148936 0.000000
      vertex 38.015873 14.148936 0.000000
      vertex 38.015873 14.148936 0.400000
    endloop
  endfacet
  facet normal 0.000000 -1.000000 0.000000
    outer loop
      vertex 35.793651 14.148936 0.000000
      vertex 38.015873 14.148936 0.400000
      vertex 35.793651 14.148936 0.400000
    endloop
  endfacet
  facet normal 0.000000 1.000000 0.000000
    outer loop
      vertex 35.793651 22.446809 0.000000
      vertex 38.015873 22.446809 0.400000
      vertex 38.015873 22.446809 0.000000
    endloop
  endfacet
  facet normal 0.000000 1.000000 0.000000
    outer loop
      vertex 35.793651 22.446809 0.000000
      vertex 35.793651 22.446809 0.400000
      vertex 38.015873 22.446809 0.400000
    endloop
  endfacet
  facet normal -1.000000 0.000000 0.000000
    outer loop
      vertex 35.793651 14.148936 0.000000
      vertex 35.793651 14.148936 0.400000
      vertex 35.793651 22.446809 0.400000
    endloop
  endfacet
  facet normal -1.000000 0.000000 0.000000
    outer loop
      vertex 35.793651 14.148936 0.000000
      vertex 35.793651 22.446809 0.400000
      vertex 35.793651 22.446809 0.000000
    endloop
  endfacet
  facet normal 1.000000 0.000000 0.000000
    outer loop
      vertex 38.015873 14.148936 0.000000
      vertex 38.015873 22.446809 0.000000
      vertex 38.015873 22.446809 0.400000
    endloop
  endfacet
  facet normal 1.000000 0.000000 0.000000
    outer loop
      vertex 38.015873 14.148936 0.000000
      vertex 38.015873 22.446809 0.400000
      vertex 38.015873 14.148936 0.400000
    endloop
  endfacet
  facet normal 0.000000 0.000000 -1.000000
    outer loop
      vertex 40.873016 22.127660 0.000000
      vertex 43.095238 22.446809 0.000000
      vertex 43.095238 22.127660 0.000000
    endloop
  endfacet
  facet normal 0.000000 0.000000 -1.000000
    outer loop
      vertex 40.873016 22.127660 0.000000
      vertex 40.873016 22.446809 0.000000
      vertex 43.095238 22.446809 0.000000
    endloop
  endfacet
  facet normal 0.000000 0.000000 1.000000
    outer loop
      vertex 40.873016 22.127660 0.400000
      vertex 43.095238 22.127660 0.400000
      vertex 43.095238 22.446809 0.400000
    endloop
  endfacet
  facet normal 0.000000 0.000000 1.000000
    outer loop
      vertex 40.873016 22.127660 0.400000
      vertex 43.095238 22.446809 0.400000
      vertex 40.873016 22.446809 0.400000
    endloop
  endfacet
  facet normal 0.000000 -1.000000 0.000000
    outer loop
      vertex 40.873016 22.127660 0.000000
      vertex 43.095238 22.127660 0.000000
      vertex 43.095238 22.127660 0.400000
    endloop
  endfacet
  facet normal 0.000000 -1.000000 0.000000
    outer loop
      vertex 40.873016 22.127660 0.000000
      vertex 43.095238 22.127660 0.400000
      vertex 40.873016 22.127660 0.400000
    endloop
  endfacet
  facet normal 0.000000 1.000000 0.000000
    outer loop
      vertex 40.873016 22.446809 0.000000
      vertex 43.095238 22.446809 0.400000
      vertex 43.095238 22.446809 0.000000
    endloop
  endfacet
  facet normal 0.000000 1.000000 0.000000
    outer loop
      vertex 40.873016 22.446809 0.000000
      vertex 40.873016 22.446809 0.400000
      vertex 43.095238 22.446809 0.400000
    endloop
  endfacet
  facet normal -1.000000 0.000000 0.000000
    outer loop
      vertex 40.873016 22.127660 0.000000
      vertex 40.873016 22.127660 0.400000
      vertex 40.873016 22.446809 0.400000
    endloop
  endfacet
  facet normal -1.000000 0.000000 0.000000
    outer loop
      vertex 40.873016 22.127660 0.000000
      vertex 40.873016 22.446809 0.400000
      vertex 40.873016 22.446809 0.000000
    endloop
  endfacet
  facet normal 1.000000 0.000000 0.000000
    outer loop
      vertex 43.095238 22.127660 0.000000
      vertex 43.095238 22.446809 0.000000
      vertex 43.095238 22.446809 0.400000
    endloop
  endfacet
  facet normal 1.000000 0.000000 0.000000
    outer loop
      vertex 43.095238 22.127660 0.000000
      vertex 43.095238 22.446809 0.400000
      vertex 43.095238 22.127660 0.400000
    endloop
  endfacet
  facet normal 0.000000 0.000000 -1.000000
    outer loop
      vertex 17.380952 21.808511 0.000000
      vertex 17.698413 22.127660 0.000000
      vertex 17.698413 21.808511 0.000000
    endloop
  endfacet
  facet normal 0.000000 0.000000 -1.000000
    outer loop
      vertex 17.380952 21.808511 0.000000
      vertex 17.380952 22.127660 0.000000
      vertex 17.698413 22.127660 0.000000
    endloop
  endfacet
  facet normal 0.000000 0.000000 1.000000
    outer loop
      vertex 17.380952 21.808511 0.400000
      vertex 17.698413 21.808511 0.400000
      vertex 17.698413 22.127660 0.400000
    endloop
  endfacet
  facet normal 0.000000 0.000000 1.000000
    outer loop
      vertex 17.380952 21.808511 0.400000
      vertex 17.698413 22.127660 0.400000
      vertex 17.380952 22.127660 0.400000
    endloop
  endfacet
  facet normal 0.000000 -1.000000 0.000000
    outer loop
      vertex 17.380952 21.808511 0.000000
      vertex 17.698413 21.808511 0.000000
      vertex 17.698413 21.808511 0.400000
    endloop
  endfacet
  facet normal 0.000000 -1.000000 0.000000
    outer loop
      vertex 17.380952 21.808511 0.000000
      vertex 17.698413 21.808511 0.400000
      vertex 17.380952 21.808511 0.400000
    endloop
  endfacet
  facet normal 0.000000 1.000000 0.000000
    outer loop
      vertex 17.380952 22.127660 0.000000
      vertex 17.698413 22.127660 0.400000
      vertex 17.698413 22.127660 0.000000
    endloop
  endfacet
  facet normal 0.000000 1.000000 0.000000
    outer loop
      vertex 17.380952 22.127660 0.000000
      vertex 17.380952 22.127660 0.400000
      vertex 17.698413 22.127660 0.400000
    endloop
  endfacet
  facet normal -1.000000 0.000000 0.000000
    outer loop
      vertex 17.380952 21.808511 0.000000
      vertex 17.380952 21.808511 0.400000
      vertex 17.380952 22.127660 0.400000
    endloop
  endfacet
  facet normal -1.000000 0.000000 0.000000
    outer loop
      vertex 17.380952 21.808511 0.000000
      vertex 17.380952 22.127660 0.400000
      vertex 17.380952 22.127660 0.000000
    endloop
  endfacet
  facet normal 1.000000 0.000000 0.000000
    outer loop
      vertex 17.698413 21.808511 0.000000
      vertex 17.698413 22.127660 0.000000
      vertex 17.698413 22.127660 0.400000
    endloop
  endfacet
  facet normal 1.000000 0.000000 0.000000
    outer loop
      vertex 17.698413 21.808511 0.000000
      vertex 17.698413 22.127660 0.400000
      vertex 17.698413 21.808511 0.400000
    endloop
  endfacet
  facet normal 0.000000 0.000000 -1.000000
    outer loop
      vertex 22.777778 21.808511 0.000000
      vertex 24.365079 22.127660 0.000000
      vertex 24.365079 21.808511 0.000000
    endloop
  endfacet
  facet normal 0.000000 0.000000 -1.000000
    outer loop
      vertex 22.777778 21.808511 0.000000
      vertex 22.777778 22.127660 0.000000
      vertex 24.365079 22.127660 0.000000
    endloop
  endfacet
  facet normal 0.000000 0.000000 1.000000
    outer loop
      vertex 22.777778 21.808511 0.400000
      vertex 24.365079 21.808511 0.400000
      vertex 24.365079 22.127660 0.400000
    endloop
  endfacet
  facet normal 0.000000 0.000000 1.000000
    outer loop
      vertex 22.777778 21.808511 0.400000
      vertex 24.365079 22.127660 0.400000
      vertex 22.777778 22.127660 0.400000
    endloop
  endfacet
  facet normal 0.000000 -1.000000 0.000000
    outer loop
      vertex 22.777778 21.808511 0.000000
      vertex 24.365079 21.808511 0.000000
      vertex 24.365079 21.808511 0.400000
    endloop
  endfacet
  facet normal 0.000000 -1.000000 0.000000
    outer loop
      vertex 22.777778 21.808511 0.000000
      vertex 24.365079 21.808511 0.400000
      vertex 22.777778 21.808511 0.400000
    endloop
  endfacet
  facet normal 0.000000 1.000000 0.000000
    outer loop
      vertex 22.777778 22.127660 0.000000
      vertex 24.365079 22.127660 0.400000
      vertex 24.365079 22.127660 0.000000
    endloop
  endfacet
  facet normal 0.000000 1.000000 0.000000
    outer loop
      vertex 22.777778 22.127660 0.000000
      vertex 22.777778 22.127660 0.400000
      vertex 24.365079 22.127660 0.400000
    endloop
  endfacet
  facet normal -1.000000 0.000000 0.000000
    outer loop
      vertex 22.777778 21.808511 0.000000
      vertex 22.777778 21.808511 0.400000
      vertex 22.777778 22.127660 0.400000
    endloop
  endfacet
  facet normal -1.000000 0.000000 0.000000
    outer loop
      vertex 22.777778 21.808511 0.000000
      vertex 22.777778 22.127660 0.400000
      vertex 22.777778 22.127660 0.000000
    endloop
  endfacet
  facet normal 1.000000 0.000000 0.000000
    outer loop
      vertex 24.365079 21.808511 0.000000
      vertex 24.365079 22.127660 0.000000
      vertex 24.365079 22.127660 0.400000
    endloop
  endfacet
  facet normal 1.000000 0.000000 0.000000
    outer loop
      vertex 24.365079 21.808511 0.000000
      vertex 24.365079 22.127660 0.400000
      vertex 24.365079 21.808511 0.400000
    endloop
  endfacet
  facet normal 0.000000 0.000000 -1.000000
    outer loop
      vertex 26.587302 21.808511 0.000000
      vertex 27.222222 22.127660 0.000000
      vertex 27.222222 21.808511 0.000000
    endloop
  endfacet
  facet normal 0.000000 0.000000 -1.000000
    outer loop
      vertex 26.587302 21.808511 0.000000
      vertex 26.587302 22.127660 0.000000
      vertex 27.222222 22.127660 0.000000
    endloop
  endfacet
  facet normal 0.000000 0.000000 1.000000
    outer loop
      vertex 26.587302 21.808511 0.400000
      vertex 27.222222 21.808511 0.400000
      vertex 27.222222 22.127660 0.400000
    endloop
  endfacet
  facet normal 0.000000 0.000000 1.000000
    outer loop
      vertex 26.587302 21.808511 0.400000
      vertex 27.222222 22.127660 0.400000
      vertex 26.587302 22.127660 0.400000
    endloop
  endfacet
  facet normal 0.000000 -1.000000 0.000000
    outer loop
      vertex 26.587302 21.808511 0.000000
      vertex 27.222222 21.808511 0.000000
      vertex 27.222222 21.808511 0.400000
    endloop
  endfacet
  facet normal 0.000000 -1.000000 0.000000
    outer loop
      vertex 26.587302 21.808511 0.000000
      vertex 27.222222 21.808511 0.400000
      vertex 26.587302 21.808511 0.400000
    endloop
  endfacet
  facet normal 0.000000 1.000000 0.000000
    outer loop
      vertex 26.587302 22.127660 0.000000
      vertex 27.222222 22.127660 0.400000
      vertex 27.222222 22.127660 0.000000
    endloop
  endfacet
  facet normal 0.000000 1.000000 0.000000
    outer loop
      vertex 26.587302 22.127660 0.000000
      vertex 26.587302 22.127660 0.400000
      vertex 27.222222 22.127660 0.400000
    endloop
  endfacet
  facet normal -1.000000 0.000000 0.000000
    outer loop
      vertex 26.587302 21.808511 0.000000
      vertex 26.587302 21.808511 0.400000
      vertex 26.587302 22.127660 0.400000
    endloop
  endfacet
  facet normal -1.000000 0.000000 0.000000
    outer loop
      vertex 26.587302 21.808511 0.000000
      vertex 26.587302 22.127660 0.400000
      vertex 26.587302 22.127660 0.000000
    endloop
  endfacet
  facet normal 1.000000 0.000000 0.000000
    outer loop
      vertex 27.222222 21.808511 0.000000
      vertex 27.222222 22.127660 0.000000
      vertex 27.222222 22.127660 0.400000
    endloop
  endfacet
  facet normal 1.000000 0.000000 0.000000
    outer loop
      vertex 27.222222 21.808511 0.000000
      vertex 27.222222 22.127660 0.400000
      vertex 27.222222 21.808511 0.400000
    endloop
  endfacet
  facet normal 0.000000 0.000000 -1.000000
    outer loop
      vertex 32.301587 21.808511 0.000000
      vertex 33.888889 22.127660 0.000000
      vertex 33.888889 21.808511 0.000000
    endloop
  endfacet
  facet normal 0.000000 0.000000 -1.000000
    outer loop
      vertex 32.301587 21.808511 0.000000
      vertex 32.301587 22.127660 0.000000
      vertex 33.888889 22.127660 0.000000
    endloop
  endfacet
  facet normal 0.000000 0.000000 1.000000
    outer loop
      vertex 32.301587 21.808511 0.400000
      vertex 33.888889 21.808511 0.400000
      vertex 33.888889 22.127660 0.400000
    endloop
  endfacet
  facet normal 0.000000 0.000000 1.000000
    outer loop
      vertex 32.301587 21.808511 0.400000
      vertex 33.888889 22.127660 0.400000
      vertex 32.301587 22.127660 0.400000
    endloop
  endfacet
  facet normal 0.000000 -1.000000 0.000000
    outer loop
      vertex 32.301587 21.808511 0.000000
      vertex 33.888889 21.808511 0.000000
      vertex 33.888889 21.808511 0.400000
    endloop
  endfacet
  facet normal 0.000000 -1.000000 0.000000
    outer loop
      vertex 32.301587 21.808511 0.000000
      vertex 33.888889 21.808511 0.400000
      vertex 32.301587 21.808511 0.400000
    endloop
  endfacet
  facet normal 0.000000 1.000000 0.000000
    outer loop
      vertex 32.301587 22.127660 0.000000
      vertex 33.888889 22.127660 0.400000
      vertex 33.888889 22.127660 0.000000
    endloop
  endfacet
  facet normal 0.000000 1.000000 0.000000
    outer loop
      vertex 32.301587 22.127660 0.000000
      vertex 32.301587 22.127660 0.400000
      vertex 33.888889 22.127660 0.400000
    endloop
  endfacet
  facet normal -1.000000 0.000000 0.000000
    outer loop
      vertex 32.301587 21.808511 0.000000
      vertex 32.301587 21.808511 0.400000
      vertex 32.301587 22.127660 0.400000
    endloop
  endfacet
  facet normal -1.000000 0.000000 0.000000
    outer loop
      vertex 32.301587 21.808511 0.000000
      vertex 32.301587 22.127660 0.400000
      vertex 32.301587 22.127660 0.000000
    endloop
  endfacet
  facet normal 1.000000 0.000000 0.000000
    outer loop
      vertex 33.888889 21.808511 0.000000
      vertex 33.888889 22.127660 0.000000
      vertex 33.888889 22.127660 0.400000
    endloop
  endfacet
  facet normal 1.000000 0.000000 0.000000
    outer loop
      vertex 33.888889 21.808511 0.000000
      vertex 33.888889 22.127660 0.400000
      vertex 33.888889 21.808511 0.400000
    endloop
  endfacet
  facet normal 0.000000 0.000000 -1.000000
    outer loop
      vertex 42.142857 21.808511 0.000000
      vertex 43.095238 22.127660 0.000000
      vertex 43.095238 21.808511 0.000000
    endloop
  endfacet
  facet normal 0.000000 0.000000 -1.000000
    outer loop
      vertex 42.142857 21.808511 0.000000
      vertex 42.142857 22.127660 0.000000
      vertex 43.095238 22.127660 0.000000
    endloop
  endfacet
  facet normal 0.000000 0.000000 1.000000
    outer loop
      vertex 42.142857 21.808511 0.400000
      vertex 43.095238 21.808511 0.400000
      vertex 43.095238 22.127660 0.400000
    endloop
  endfacet
  facet normal 0.000000 0.000000 1.000000
    outer loop
      vertex 42.142857 21.808511 0.400000
      vertex 43.095238 22.127660 0.400000
      vertex 42.142857 22.127660 0.400000
    endloop
  endfacet
  facet normal 0.000000 -1.000000 0.000000
    outer loop
      vertex 42.142857 21.808511 0.000000
      vertex 43.095238 21.808511 0.000000
      vertex 43.095238 21.808511 0.400000
    endloop
  endfacet
  facet normal 0.000000 -1.000000 0.000000
    outer loop
      vertex 42.142857 21.808511 0.000000
      vertex 43.095238 21.808511 0.400000
      vertex 42.142857 21.808511 0.400000
    endloop
  endfacet
  facet normal 0.000000 1.000000 0.000000
    outer loop
      vertex 42.142857 22.127660 0.000000
      vertex 43.095238 22.127660 0.400000
      vertex 43.095238 22.127660 0.000000
    endloop
  endfacet
  facet normal 0.000000 1.000000 0.000000
    outer loop
      vertex 42.142857 22.127660 0.000000
      vertex 42.142857 22.127660 0.400000
      vertex 43.095238 22.127660 0.400000
    endloop
  endfacet
  facet normal -1.000000 0.000000 0.000000
    outer loop
      vertex 42.142857 21.808511 0.000000
      vertex 42.142857 21.808511 0.400000
      vertex 42.142857 22.127660 0.400000
    endloop
  endfacet
  facet normal -1.000000 0.000000 0.000000
    outer loop
      vertex 42.142857 21.808511 0.000000
      vertex 42.142857 22.127660 0.400000
      vertex 42.142857 22.127660 0.000000
    endloop
  endfacet
  facet normal 1.000000 0.000000 0.000000
    outer loop
      vertex 43.095238 21.808511 0.000000
      vertex 43.095238 22.127660 0.000000
      vertex 43.095238 22.127660 0.400000
    endloop
  endfacet
  facet normal 1.000000 0.000000 0.000000
    outer loop
      vertex 43.095238 21.808511 0.000000
      vertex 43.095238 22.127660 0.400000
      vertex 43.095238 21.808511 0.400000
    endloop
  endfacet
  facet normal 0.000000 0.000000 -1.000000
    outer loop
      vertex 23.095238 21.489362 0.000000
      vertex 24.365079 21.808511 0.000000
      vertex 24.365079 21.489362 0.000000
    endloop
  endfacet
  facet normal 0.000000 0.000000 -1.000000
    outer loop
      vertex 23.095238 21.489362 0.000000
      vertex 23.095238 21.808511 0.000000
      vertex 24.365079 21.808511 0.000000
    endloop
  endfacet
  facet normal 0.000000 0.000000 1.000000
    outer loop
      vertex 23.095238 21.489362 0.400000
      vertex 24.365079 21.489362 0.400000
      vertex 24.365079 21.808511 0.400000
    endloop
  endfacet
  facet normal 0.000000 0.000000 1.000000
    outer loop
      vertex 23.095238 21.489362 0.400000
      vertex 24.365079 21.808511 0.400000
      vertex 23.095238 21.808511 0.400000
    endloop
  endfacet
  facet normal 0.000000 -1.000000 0.000000
    outer loop
      vertex 23.095238 21.489362 0.000000
      vertex 24.365079 21.489362 0.000000
      vertex 24.365079 21.489362 0.400000
    endloop
  endfacet
  facet normal 0.000000 -1.000000 0.000000
    outer loop
      vertex 23.095238 21.489362 0.000000
      vertex 24.365079 21.489362 0.400000
      vertex 23.095238 21.489362 0.400000
    endloop
  endfacet
  facet normal 0.000000 1.000000 0.000000
    outer loop
      vertex 23.095238 21.808511 0.000000
      vertex 24.365079 21.808511 0.400000
      vertex 24.365079 21.808511 0.000000
    endloop
  endfacet
  facet normal 0.000000 1.000000 0.000000
    outer loop
      vertex 23.095238 21.808511 0.000000
      vertex 23.095238 21.808511 0.400000
      vertex 24.365079 21.808511 0.400000
    endloop
  endfacet
  facet normal -1.000000 0.000000 0.000000
    outer loop
      vertex 23.095238 21.489362 0.000000
      vertex 23.095238 21.489362 0.400000
      vertex 23.095238 21.808511 0.400000
    endloop
  endfacet
  facet normal -1.000000 0.000000 0.000000
    outer loop
      vertex 23.095238 21.489362 0.000000
      vertex 23.095238 21.808511 0.400000
      vertex 23.095238 21.808511 0.000000
    endloop
  endfacet
  facet normal 1.000000 0.000000 0.000000
    outer loop
      vertex 24.365079 21.489362 0.000000
      vertex 24.365079 21.808511 0.000000
      vertex 24.365079 21.808511 0.400000
    endloop
  endfacet
  facet normal 1.000000 0.000000 0.000000
    outer loop
      vertex 24.365079 21.489362 0.000000
      vertex 24.365079 21.808511 0.400000
      vertex 24.365079 21.489362 0.400000
    endloop
  endfacet
  facet normal 0.000000 0.000000 -1.000000
    outer loop
      vertex 26.587302 21.489362 0.000000
      vertex 26.904762 21.808511 0.000000
      vertex 26.904762 21.489362 0.000000
    endloop
  endfacet
  facet normal 0.000000 0.000000 -1.000000
    outer loop
      vertex 26.587302 21.489362 0.000000
      vertex 26.587302 21.808511 0.000000
      vertex 26.904762 21.808511 0.000000
    endloop
  endfacet
  facet normal 0.000000 0.000000 1.000000
    outer loop
      vertex 26.587302 21.489362 0.400000
      vertex 26.904762 21.489362 0.400000
      vertex 26.904762 21.808511 0.400000
    endloop
  endfacet
  facet normal 0.000000 0.000000 1.000000
    outer loop
      vertex 26.587302 21.489362 0.400000
      vertex 26.904762 21.808511 0.400000
      vertex 26.587302 21.808511 0.400000
    endloop
  endfacet
  facet normal 0.000000 -1.000000 0.000000
    outer loop
      vertex 26.587302 21.489362 0.000000
      vertex 26.904762 21.489362 0.000000
      vertex 26.904762 21.489362 0.400000
    endloop
  endfacet
  facet normal 0.000000 -1.000000 0.000000
    outer loop
      vertex 26.587302 21.489362 0.000000
      vertex 26.904762 21.489362 0.400000
      vertex 26.587302 21.489362 0.400000
    endloop
  endfacet
  facet normal 0.000000 1.000000 0.000000
    outer loop
      vertex 26.587302 21.808511 0.000000
      vertex 26.904762 21.808511 0.400000
      vertex 26.904762 21.808511 0.000000
    endloop
  endfacet
  facet normal 0.000000 1.000000 0.000000
    outer loop
      vertex 26.587302 21.808511 0.000000
      vertex 26.587302 21.808511 0.400000
      vertex 26.904762 21.808511 0.400000
    endloop
  endfacet
  facet normal -1.000000 0.000000 0.000000
    outer loop
      vertex 26.587302 21.489362 0.000000
      vertex 26.587302 21.489362 0.400000
      vertex 26.587302 21.808511 0.400000
    endloop
  endfacet
  facet normal -1.000000 0.000000 0.000000
    outer loop
      vertex 26.587302 21.489362 0.000000
      vertex 26.587302 21.808511 0.400000
      vertex 26.587302 21.808511 0.000000
    endloop
  endfacet
  facet normal 1.000000 0.000000 0.000000
    outer loop
      vertex 26.904762 21.489362 0.000000
      vertex 26.904762 21.808511 0.000000
      vertex 26.904762 21.808511 0.400000
    endloop
  endfacet
  facet normal 1.000000 0.000000 0.000000
    outer loop
      vertex 26.904762 21.489362 0.000000
      vertex 26.904762 21.808511 0.400000
      vertex 26.904762 21.489362 0.400000
    endloop
  endfacet
  facet normal 0.000000 0.000000 -1.000000
    outer loop
      vertex 32.619048 21.489362 0.000000
      vertex 33.888889 21.808511 0.000000
      vertex 33.888889 21.489362 0.000000
    endloop
  endfacet
  facet normal 0.000000 0.000000 -1.000000
    outer loop
      vertex 32.619048 21.489362 0.000000
      vertex 32.619048 21.808511 0.000000
      vertex 33.888889 21.808511 0.000000
    endloop
  endfacet
  facet normal 0.000000 0.000000 1.000000
    outer loop
      vertex 32.619048 21.489362 0.400000
      vertex 33.888889 21.489362 0.400000
      vertex 33.888889 21.808511 0.400000
    endloop
  endfacet
  facet normal 0.000000 0.000000 1.000000
    outer loop
      vertex 32.619048 21.489362 0.400000
      vertex 33.888889 21.808511 0.400000
      vertex 32.619048 21.808511 0.400000
    endloop
  endfacet
  facet normal 0.000000 -1.000000 0.000000
    outer loop
      vertex 32.619048 21.489362 0.000000
      vertex 33.888889 21.489362 0.000000
      vertex 33.888889 21.489362 0.400000
    endloop
  endfacet
  facet normal 0.000000 -1.000000 0.000000
    outer loop
      vertex 32.619048 21.489362 0.000000
      vertex 33.888889 21.489362 0.400000
      vertex 32.619048 21.489362 0.400000
    endloop
  endfacet
  facet normal 0.000000 1.000000 0.000000
    outer loop
      vertex 32.619048 21.808511 0.000000
      vertex 33.888889 21.808511 0.400000
      vertex 33.888889 21.808511 0.000000
    endloop
  endfacet
  facet normal 0.000000 1.000000 0.000000
    outer loop
      vertex 32.619048 21.808511 0.000000
      vertex 32.619048 21.808511 0.400000
      vertex 33.888889 21.808511 0.400000
    endloop
  endfacet
  facet normal -1.000000 0.000000 0.000000
    outer loop
      vertex 32.619048 21.489362 0.000000
      vertex 32.619048 21.489362 0.400000
      vertex 32.619048 21.808511 0.400000
    endloop
  endfacet
  facet normal -1.000000 0.000000 0.000000
    outer loop
      vertex 32.619048 21.489362 0.000000
      vertex 32.619048 21.808511 0.400000
      vertex 32.619048 21.808511 0.000000
    endloop
  endfacet
  facet normal 1.000000 0.000000 0.000000
    outer loop
      vertex 33.888889 21.489362 0.000000
      vertex 33.888889 21.808511 0.000000
      vertex 33.888889 21.808511 0.400000
    endloop
  endfacet
  facet normal 1.000000 0.000000 0.000000
    outer loop
      vertex 33.888889 21.489362 0.000000
      vertex 33.888889 21.808511 0.400000
      vertex 33.888889 21.489362 0.400000
    endloop
  endfacet
  facet normal 0.000000 0.000000 -1.000000
    outer loop
      vertex 42.777778 10.000000 0.000000
      vertex 43.095238 21.808511 0.000000
      vertex 43.095238 10.000000 0.000000
    endloop
  endfacet
  facet normal 0.000000 0.000000 -1.000000
    outer loop
      vertex 42.777778 10.000000 0.000000
      vertex 42.777778 21.808511 0.000000
      vertex 43.095238 21.808511 0.000000
    endloop
  endfacet
  facet normal 0.000000 0.000000 1.000000
    outer loop
      vertex 42.777778 10.000000 0.400000
      vertex 43.095238 10.000000 0.400000
      vertex 43.095238 21.808511 0.400000
    endloop
  endfacet
  facet normal 0.000000 0.000000 1.000000
    outer loop
      vertex 42.777778 10.000000 0.400000
      vertex 43.095238 21.808511 0.400000
      vertex 42.777778 21.808511 0.400000
    endloop
  endfacet
  facet normal 0.000000 -1.000000 0.000000
    outer loop
      vertex 42.777778 10.000000 0.000000
      vertex 43.095238 10.000000 0.000000
      vertex 43.095238 10.000000 0.400000
    endloop
  endfacet
  facet normal 0.000000 -1.000000 0.000000
    outer loop
      vertex 42.777778 10.000000 0.000000
      vertex 43.095238 10.000000 0.400000
      vertex 42.777778 10.000000 0.400000
    endloop
  endfacet
  facet normal 0.000000 1.000000 0.000000
    outer loop
      vertex 42.777778 21.808511 0.000000
      vertex 43.095238 21.808511 0.400000
      vertex 43.095238 21.808511 0.000000
    endloop
  endfacet
  facet normal 0.000000 1.000000 0.000000
    outer loop
      vertex 42.777778 21.808511 0.000000
      vertex 42.777778 21.808511 0.400000
      vertex 43.095238 21.808511 0.400000
    endloop
  endfacet
  facet normal -1.000000 0.000000 0.000000
    outer loop
      vertex 42.777778 10.000000 0.000000
      vertex 42.777778 10.000000 0.400000
      vertex 42.777778 21.808511 0.400000
    endloop
  endfacet
  facet normal -1.000000 0.000000 0.000000
    outer loop
      vertex 42.777778 10.000000 0.000000
      vertex 42.777778 21.808511 0.400000
      vertex 42.777778 21.808511 0.000000
    endloop
  endfacet
  facet normal 1.000000 0.000000 0.000000
    outer loop
      vertex 43.095238 10.000000 0.000000
      vertex 43.095238 21.808511 0.000000
      vertex 43.095238 21.808511 0.400000
    endloop
  endfacet
  facet normal 1.000000 0.000000 0.000000
    outer loop
      vertex 43.095238 10.000000 0.000000
      vertex 43.095238 21.808511 0.400000
      vertex 43.095238 10.000000 0.400000
    endloop
  endfacet
  facet normal 0.000000 0.000000 -1.000000
    outer loop
      vertex 23.412698 20.851064 0.000000
      vertex 24.365079 21.489362 0.000000
      vertex 24.365079 20.851064 0.000000
    endloop
  endfacet
  facet normal 0.000000 0.000000 -1.000000
    outer loop
      vertex 23.412698 20.851064 0.000000
      vertex 23.412698 21.489362 0.000000
      vertex 24.365079 21.489362 0.000000
    endloop
  endfacet
  facet normal 0.000000 0.000000 1.000000
    outer loop
      vertex 23.412698 20.851064 0.400000
      vertex 24.365079 20.851064 0.400000
      vertex 24.365079 21.489362 0.400000
    endloop
  endfacet
  facet normal 0.000000 0.000000 1.000000
    outer loop
      vertex 23.412698 20.851064 0.400000
      vertex 24.365079 21.489362 0.400000
      vertex 23.412698 21.489362 0.400000
    endloop
  endfacet
  facet normal 0.000000 -1.000000 0.000000
    outer loop
      vertex 23.412698 20.851064 0.000000
      vertex 24.365079 20.851064 0.000000
      vertex 24.365079 20.851064 0.400000
    endloop
  endfacet
  facet normal 0.000000 -1.000000 0.000000
    outer loop
      vertex 23.412698 20.851064 0.000000
      vertex 24.365079 20.851064 0.400000
      vertex 23.412698 20.851064 0.400000
    endloop
  endfacet
  facet normal 0.000000 1.000000 0.000000
    outer loop
      vertex 23.412698 21.489362 0.000000
      vertex 24.365079 21.489362 0.400000
      vertex 24.365079 21.489362 0.000000
    endloop
  endfacet
  facet normal 0.000000 1.000000 0.000000
    outer loop
      vertex 23.412698 21.489362 0.000000
      vertex 23.412698 21.489362 0.400000
      vertex 24.365079 21.489362 0.400000
    endloop
  endfacet
  facet normal -1.000000 0.000000 0.000000
    outer loop
      vertex 23.412698 20.851064 0.000000
      vertex 23.412698 20.851064 0.400000
      vertex 23.412698 21.489362 0.400000
    endloop
  endfacet
  facet normal -1.000000 0.000000 0.000000
    outer loop
      vertex 23.412698 20.851064 0.000000
      vertex 23.412698 21.489362 0.400000
      vertex 23.412698 21.489362 0.000000
    endloop
  endfacet
  facet normal 1.000000 0.000000 0.000000
    outer loop
      vertex 24.365079 20.851064 0.000000
      vertex 24.365079 21.489362 0.000000
      vertex 24.365079 21.489362 0.400000
    endloop
  endfacet
  facet normal 1.000000 0.000000 0.000000
    outer loop
      vertex 24.365079 20.851064 0.000000
      vertex 24.365079 21.489362 0.400000
      vertex 24.365079 20.851064 0.400000
    endloop
  endfacet
  facet normal 0.000000 0.000000 -1.000000
    outer loop
      vertex 32.936508 20.851064 0.000000
      vertex 33.888889 21.489362 0.000000
      vertex 33.888889 20.851064 0.000000
    endloop
  endfacet
  facet normal 0.000000 0.000000 -1.000000
    outer loop
      vertex 32.936508 20.851064 0.000000
      vertex 32.936508 21.489362 0.000000
      vertex 33.888889 21.489362 0.000000
    endloop
  endfacet
  facet normal 0.000000 0.000000 1.000000
    outer loop
      vertex 32.936508 20.851064 0.400000
      vertex 33.888889 20.851064 0.400000
      vertex 33.888889 21.489362 0.400000
    endloop
  endfacet
  facet normal 0.000000 0.000000 1.000000
    outer loop
      vertex 32.936508 20.851064 0.400000
      vertex 33.888889 21.489362 0.400000
      vertex 32.936508 21.489362 0.400000
    endloop
  endfacet
  facet normal 0.000000 -1.000000 0.000000
    outer loop
      vertex 32.936508 20.851064 0.000000
      vertex 33.888889 20.851064 0.000000
      vertex 33.888889 20.851064 0.400000
    endloop
  endfacet
  facet normal 0.000000 -1.000000 0.000000
    outer loop
      vertex 32.936508 20.851064 0.000000
      vertex 33.888889 20.851064 0.400000
      vertex 32.936508 20.851064 0.400000
    endloop
  endfacet
  facet normal 0.000000 1.000000 0.000000
    outer loop
      vertex 32.936508 21.489362 0.000000
      vertex 33.888889 21.489362 0.400000
      vertex 33.888889 21.489362 0.000000
    endloop
  endfacet
  facet normal 0.000000 1.000000 0.000000
    outer loop
      vertex 32.936508 21.489362 0.000000
      vertex 32.936508 21.489362 0.400000
      vertex 33.888889 21.489362 0.400000
    endloop
  endfacet
  facet normal -1.000000 0.000000 0.000000
    outer loop
      vertex 32.936508 20.851064 0.000000
      vertex 32.936508 20.851064 0.400000
      vertex 32.936508 21.489362 0.400000
    endloop
  endfacet
  facet normal -1.000000 0.000000 0.000000
    outer loop
      vertex 32.936508 20.851064 0.000000
      vertex 32.936508 21.489362 0.400000
      vertex 32.936508 21.489362 0.000000
    endloop
  endfacet
  facet normal 1.000000 0.000000 0.000000
    outer loop
      vertex 33.888889 20.851064 0.000000
      vertex 33.888889 21.489362 0.000000
      vertex 33.888889 21.489362 0.400000
    endloop
  endfacet
  facet normal 1.000000 0.000000 0.000000
    outer loop
      vertex 33.888889 20.851064 0.000000
      vertex 33.888889 21.489362 0.400000
      vertex 33.888889 20.851064 0.400000
    endloop
  endfacet
  facet normal 0.000000 0.000000 -1.000000
    outer loop
      vertex 15.793651 20.531915 0.000000
      vertex 16.746032 21.170213 0.000000
      vertex 16.746032 20.531915 0.000000
    endloop
  endfacet
  facet normal 0.000000 0.000000 -1.000000
    outer loop
      vertex 15.793651 20.531915 0.000000
      vertex 15.793651 21.170213 0.000000
      vertex 16.746032 21.170213 0.000000
    endloop
  endfacet
  facet normal 0.000000 0.000000 1.000000
    outer loop
      vertex 15.793651 20.531915 0.400000
      vertex 16.746032 20.531915 0.400000
      vertex 16.746032 21.170213 0.400000
    endloop
  endfacet
  facet normal 0.000000 0.000000 1.000000
    outer loop
      vertex 15.793651 20.531915 0.400000
      vertex 16.746032 21.170213 0.400000
      vertex 15.793651 21.170213 0.400000
    endloop
  endfacet
  facet normal 0.000000 -1.000000 0.000000
    outer loop
      vertex 15.793651 20.531915 0.000000
      vertex 16.746032 20.531915 0.000000
      vertex 16.746032 20.531915 0.400000
    endloop
  endfacet
  facet normal 0.000000 -1.000000 0.000000
    outer loop
      vertex 15.793651 20.531915 0.000000
      vertex 16.746032 20.531915 0.400000
      vertex 15.793651 20.531915 0.400000
    endloop
  endfacet
  facet normal 0.000000 1.000000 0.000000
    outer loop
      vertex 15.793651 21.170213 0.000000
      vertex 16.746032 21.170213 0.400000
      vertex 16.746032 21.170213 0.000000
    endloop
  endfacet
  facet normal 0.000000 1.000000 0.000000
    outer loop
      vertex 15.793651 21.170213 0.000000
      vertex 15.793651 21.170213 0.400000
      vertex 16.746032 21.170213 0.400000
    endloop
  endfacet
  facet normal -1.000000 0.000000 0.000000
    outer loop
      vertex 15.793651 20.531915 0.000000
      vertex 15.793651 20.531915 0.400000
      vertex 15.793651 21.170213 0.400000
    endloop
  endfacet
  facet normal -1.000000 0.000000 0.000000
    outer loop
      vertex 15.793651 20.531915 0.000000
      vertex 15.793651 21.170213 0.400000
      vertex 15.793651 21.170213 0.000000
    endloop
  endfacet
  facet normal 1.000000 0.000000 0.000000
    outer loop
      vertex 16.746032 20.531915 0.000000
      vertex 16.746032 21.170213 0.000000
      vertex 16.746032 21.170213 0.400000
    endloop
  endfacet
  facet normal 1.000000 0.000000 0.000000
    outer loop
      vertex 16.746032 20.531915 0.000000
      vertex 16.746032 21.170213 0.400000
      vertex 16.746032 20.531915 0.400000
    endloop
  endfacet
  facet normal 0.000000 0.000000 -1.000000
    outer loop
      vertex 24.365079 20.531915 0.000000
      vertex 26.269841 21.170213 0.000000
      vertex 26.269841 20.531915 0.000000
    endloop
  endfacet
  facet normal 0.000000 0.000000 -1.000000
    outer loop
      vertex 24.365079 20.531915 0.000000
      vertex 24.365079 21.170213 0.000000
      vertex 26.269841 21.170213 0.000000
    endloop
  endfacet
  facet normal 0.000000 0.000000 1.000000
    outer loop
      vertex 24.365079 20.531915 0.400000
      vertex 26.269841 20.531915 0.400000
      vertex 26.269841 21.170213 0.400000
    endloop
  endfacet
  facet normal 0.000000 0.000000 1.000000
    outer loop
      vertex 24.365079 20.531915 0.400000
      vertex 26.269841 21.170213 0.400000
      vertex 24.365079 21.170213 0.400000
    endloop
  endfacet
  facet normal 0.000000 -1.000000 0.000000
    outer loop
      vertex 24.365079 20.531915 0.000000
      vertex 26.269841 20.531915 0.000000
      vertex 26.269841 20.531915 0.400000
    endloop
  endfacet
  facet normal 0.000000 -1.000000 0.000000
    outer loop
      vertex 24.365079 20.531915 0.000000
      vertex 26.269841 20.531915 0.400000
      vertex 24.365079 20.531915 0.400000
    endloop
  endfacet
  facet normal 0.000000 1.000000 0.000000
    outer loop
      vertex 24.365079 21.170213 0.000000
      vertex 26.269841 21.170213 0.400000
      vertex 26.269841 21.170213 0.000000
    endloop
  endfacet
  facet normal 0.000000 1.000000 0.000000
    outer loop
      vertex 24.365079 21.170213 0.000000
      vertex 24.365079 21.170213 0.400000
      vertex 26.269841 21.170213 0.400000
    endloop
  endfacet
  facet normal -1.000000 0.000000 0.000000
    outer loop
      vertex 24.365079 20.531915 0.000000
      vertex 24.365079 20.531915 0.400000
      vertex 24.365079 21.170213 0.400000
    endloop
  endfacet
  facet normal -1.000000 0.000000 0.000000
    outer loop
      vertex 24.365079 20.531915 0.000000
      vertex 24.365079 21.170213 0.400000
      vertex 24.365079 21.170213 0.000000
    endloop
  endfacet
  facet normal 1.000000 0.000000 0.000000
    outer loop
      vertex 26.269841 20.531915 0.000000
      vertex 26.269841 21.170213 0.000000
      vertex 26.269841 21.170213 0.400000
    endloop
  endfacet
  facet normal 1.000000 0.000000 0.000000
    outer loop
      vertex 26.269841 20.531915 0.000000
      vertex 26.269841 21.170213 0.400000
      vertex 26.269841 20.531915 0.400000
    endloop
  endfacet
  facet normal 0.000000 0.000000 -1.000000
    outer loop
      vertex 19.603175 14.148936 0.000000
      vertex 20.873016 20.851064 0.000000
      vertex 20.873016 14.148936 0.000000
    endloop
  endfacet
  facet normal 0.000000 0.000000 -1.000000
    outer loop
      vertex 19.603175 14.148936 0.000000
      vertex 19.603175 20.851064 0.000000
      vertex 20.873016 20.851064 0.000000
    endloop
  endfacet
  facet normal 0.000000 0.000000 1.000000
    outer loop
      vertex 19.603175 14.148936 0.400000
      vertex 20.873016 14.148936 0.400000
      vertex 20.873016 20.851064 0.400000
    endloop
  endfacet
  facet normal 0.000000 0.000000 1.000000
    outer loop
      vertex 19.603175 14.148936 0.400000
      vertex 20.873016 20.851064 0.400000
      vertex 19.603175 20.851064 0.400000
    endloop
  endfacet
  facet normal 0.000000 -1.000000 0.000000
    outer loop
      vertex 19.603175 14.148936 0.000000
      vertex 20.873016 14.148936 0.000000
      vertex 20.873016 14.148936 0.400000
    endloop
  endfacet
  facet normal 0.000000 -1.000000 0.000000
    outer loop
      vertex 19.603175 14.148936 0.000000
      vertex 20.873016 14.148936 0.400000
      vertex 19.603175 14.148936 0.400000
    endloop
  endfacet
  facet normal 0.000000 1.000000 0.000000
    outer loop
      vertex 19.603175 20.851064 0.000000
      vertex 20.873016 20.851064 0.400000
      vertex 20.873016 20.851064 0.000000
    endloop
  endfacet
  facet normal 0.000000 1.000000 0.000000
    outer loop
      vertex 19.603175 20.851064 0.000000
      vertex 19.603175 20.851064 0.400000
      vertex 20.873016 20.851064 0.400000
    endloop
  endfacet
  facet normal -1.000000 0.000000 0.000000
    outer loop
      vertex 19.603175 14.148936 0.000000
      vertex 19.603175 14.148936 0.400000
      vertex 19.603175 20.851064 0.400000
    endloop
  endfacet
  facet normal -1.000000 0.000000 0.000000
    outer loop
      vertex 19.603175 14.148936 0.000000
      vertex 19.603175 20.851064 0.400000
      vertex 19.603175 20.851064 0.000000
    endloop
  endfacet
  facet normal 1.000000 0.000000 0.000000
    outer loop
      vertex 20.873016 14.148936 0.000000
      vertex 20.873016 20.851064 0.000000
      vertex 20.873016 20.851064 0.400000
    endloop
  endfacet
  facet normal 1.000000 0.000000 0.000000
    outer loop
      vertex 20.873016 14.148936 0.000000
      vertex 20.873016 20.851064 0.400000
      vertex 20.873016 14.148936 0.400000
    endloop
  endfacet
  facet normal 0.000000 0.000000 -1.000000
    outer loop
      vertex 23.730159 20.212766 0.000000
      vertex 24.365079 20.851064 0.000000
      vertex 24.365079 20.212766 0.000000
    endloop
  endfacet
  facet normal 0.000000 0.000000 -1.000000
    outer loop
      vertex 23.730159 20.212766 0.000000
      vertex 23.730159 20.851064 0.000000
      vertex 24.365079 20.851064 0.000000
    endloop
  endfacet
  facet normal 0.000000 0.000000 1.000000
    outer loop
      vertex 23.730159 20.212766 0.400000
      vertex 24.365079 20.212766 0.400000
      vertex 24.365079 20.851064 0.400000
    endloop
  endfacet
  facet normal 0.000000 0.000000 1.000000
    outer loop
      vertex 23.730159 20.212766 0.400000
      vertex 24.365079 20.851064 0.400000
      vertex 23.730159 20.851064 0.400000
    endloop
  endfacet
  facet normal 0.000000 -1.000000 0.000000
    outer loop
      vertex 23.730159 20.212766 0.000000
      vertex 24.365079 20.212766 0.000000
      vertex 24.365079 20.212766 0.400000
    endloop
  endfacet
  facet normal 0.000000 -1.000000 0.000000
    outer loop
      vertex 23.730159 20.212766 0.000000
      vertex 24.365079 20.212766 0.400000
      vertex 23.730159 20.212766 0.400000
    endloop
  endfacet
  facet normal 0.000000 1.000000 0.000000
    outer loop
      vertex 23.730159 20.851064 0.000000
      vertex 24.365079 20.851064 0.400000
      vertex 24.365079 20.851064 0.000000
    endloop
  endfacet
  facet normal 0.000000 1.000000 0.000000
    outer loop
      vertex 23.730159 20.851064 0.000000
      vertex 23.730159 20.851064 0.400000
      vertex 24.365079 20.851064 0.400000
    endloop
  endfacet
  facet normal -1.000000 0.000000 0.000000
    outer loop
      vertex 23.730159 20.212766 0.000000
      vertex 23.730159 20.212766 0.400000
      vertex 23.730159 20.851064 0.400000
    endloop
  endfacet
  facet normal -1.000000 0.000000 0.000000
    outer loop
      vertex 23.730159 20.212766 0.000000
      vertex 23.730159 20.851064 0.400000
      vertex 23.730159 20.851064 0.000000
    endloop
  endfacet
  facet normal 1.000000 0.000000 0.000000
    outer loop
      vertex 24.365079 20.212766 0.000000
      vertex 24.365079 20.851064 0.000000
      vertex 24.365079 20.851064 0.400000
    endloop
  endfacet
  facet normal 1.000000 0.000000 0.000000
    outer loop
      vertex 24.365079 20.212766 0.000000
      vertex 24.365079 20.851064 0.400000
      vertex 24.365079 20.212766 0.400000
    endloop
  endfacet
  facet normal 0.000000 0.000000 -1.000000
    outer loop
      vertex 29.126984 14.148936 0.000000
      vertex 30.396825 20.851064 0.000000
      vertex 30.396825 14.148936 0.000000
    endloop
  endfacet
  facet normal 0.000000 0.000000 -1.000000
    outer loop
      vertex 29.126984 14.148936 0.000000
      vertex 29.126984 20.851064 0.000000
      vertex 30.396825 20.851064 0.000000
    endloop
  endfacet
  facet normal 0.000000 0.000000 1.000000
    outer loop
      vertex 29.126984 14.148936 0.400000
      vertex 30.396825 14.148936 0.400000
      vertex 30.396825 20.851064 0.400000
    endloop
  endfacet
  facet normal 0.000000 0.000000 1.000000
    outer loop
      vertex 29.126984 14.148936 0.400000
      vertex 30.396825 20.851064 0.400000
      vertex 29.126984 20.851064 0.400000
    endloop
  endfacet
  facet normal 0.000000 -1.000000 0.000000
    outer loop
      vertex 29.126984 14.148936 0.000000
      vertex 30.396825 14.148936 0.000000
      vertex 30.396825 14.148936 0.400000
    endloop
  endfacet
  facet normal 0.000000 -1.000000 0.000000
    outer loop
      vertex 29.126984 14.148936 0.000000
      vertex 30.396825 14.148936 0.400000
      vertex 29.126984 14.148936 0.400000
    endloop
  endfacet
  facet normal 0.000000 1.000000 0.000000
    outer loop
      vertex 29.126984 20.851064 0.000000
      vertex 30.396825 20.851064 0.400000
      vertex 30.396825 20.851064 0.000000
    endloop
  endfacet
  facet normal 0.000000 1.000000 0.000000
    outer loop
      vertex 29.126984 20.851064 0.000000
      vertex 29.126984 20.851064 0.400000
      vertex 30.396825 20.851064 0.400000
    endloop
  endfacet
  facet normal -1.000000 0.000000 0.000000
    outer loop
      vertex 29.126984 14.148936 0.000000
      vertex 29.126984 14.148936 0.400000
      vertex 29.126984 20.851064 0.400000
    endloop
  endfacet
  facet normal -1.000000 0.000000 0.000000
    outer loop
      vertex 29.126984 14.148936 0.000000
      vertex 29.126984 20.851064 0.400000
      vertex 29.126984 20.851064 0.000000
    endloop
  endfacet
  facet normal 1.000000 0.000000 0.000000
    outer loop
      vertex 30.396825 14.148936 0.000000
      vertex 30.396825 20.851064 0.000000
      vertex 30.396825 20.851064 0.400000
    endloop
  endfacet
  facet normal 1.000000 0.000000 0.000000
    outer loop
      vertex 30.396825 14.148936 0.000000
      vertex 30.396825 20.851064 0.400000
      vertex 30.396825 14.148936 0.400000
    endloop
  endfacet
  facet normal 0.000000 0.000000 -1.000000
    outer loop
      vertex 33.253968 20.212766 0.000000
      vertex 33.888889 20.851064 0.000000
      vertex 33.888889 20.212766 0.000000
    endloop
  endfacet
  facet normal 0.000000 0.000000 -1.000000
    outer loop
      vertex 33.253968 20.212766 0.000000
      vertex 33.253968 20.851064 0.000000
      vertex 33.888889 20.851064 0.000000
    endloop
  endfacet
  facet normal 0.000000 0.000000 1.000000
    outer loop
      vertex 33.253968 20.212766 0.400000
      vertex 33.888889 20.212766 0.400000
      vertex 33.888889 20.851064 0.400000
    endloop
  endfacet
  facet normal 0.000000 0.000000 1.000000
    outer loop
      vertex 33.253968 20.212766 0.400000
      vertex 33.888889 20.851064 0.400000
      vertex 33.253968 20.851064 0.400000
    endloop
  endfacet
  facet normal 0.000000 -1.000000 0.000000
    outer loop
      vertex 33.253968 20.212766 0.000000
      vertex 33.888889 20.212766 0.000000
      vertex 33.888889 20.212766 0.400000
    endloop
  endfacet
  facet normal 0.000000 -1.000000 0.000000
    outer loop
      vertex 33.253968 20.212766 0.000000
      vertex 33.888889 20.212766 0.400000
      vertex 33.253968 20.212766 0.400000
    endloop
  endfacet
  facet normal 0.000000 1.000000 0.000000
    outer loop
      vertex 33.253968 20.851064 0.000000
      vertex 33.888889 20.851064 0.400000
      vertex 33.888889 20.851064 0.000000
    endloop
  endfacet
  facet normal 0.000000 1.000000 0.000000
    outer loop
      vertex 33.253968 20.851064 0.000000
      vertex 33.253968 20.851064 0.400000
      vertex 33.888889 20.851064 0.400000
    endloop
  endfacet
  facet normal -1.000000 0.000000 0.000000
    outer loop
      vertex 33.253968 20.212766 0.000000
      vertex 33.253968 20.212766 0.400000
      vertex 33.253968 20.851064 0.400000
    endloop
  endfacet
  facet normal -1.000000 0.000000 0.000000
    outer loop
      vertex 33.253968 20.212766 0.000000
      vertex 33.253968 20.851064 0.400000
      vertex 33.253968 20.851064 0.000000
    endloop
  endfacet
  facet normal 1.000000 0.000000 0.000000
    outer loop
      vertex 33.888889 20.212766 0.000000
      vertex 33.888889 20.851064 0.000000
      vertex 33.888889 20.851064 0.400000
    endloop
  endfacet
  facet normal 1.000000 0.000000 0.000000
    outer loop
      vertex 33.888889 20.212766 0.000000
      vertex 33.888889 20.851064 0.400000
      vertex 33.888889 20.212766 0.400000
    endloop
  endfacet
  facet normal 0.000000 0.000000 -1.000000
    outer loop
      vertex 15.793651 19.893617 0.000000
      vertex 16.428571 20.531915 0.000000
      vertex 16.428571 19.893617 0.000000
    endloop
  endfacet
  facet normal 0.000000 0.000000 -1.000000
    outer loop
      vertex 15.793651 19.893617 0.000000
      vertex 15.793651 20.531915 0.000000
      vertex 16.428571 20.531915 0.000000
    endloop
  endfacet
  facet normal 0.000000 0.000000 1.000000
    outer loop
      vertex 15.793651 19.893617 0.400000
      vertex 16.428571 19.893617 0.400000
      vertex 16.428571 20.531915 0.400000
    endloop
  endfacet
  facet normal 0.000000 0.000000 1.000000
    outer loop
      vertex 15.793651 19.893617 0.400000
      vertex 16.428571 20.531915 0.400000
      vertex 15.793651 20.531915 0.400000
    endloop
  endfacet
  facet normal 0.000000 -1.000000 0.000000
    outer loop
      vertex 15.793651 19.893617 0.000000
      vertex 16.428571 19.893617 0.000000
      vertex 16.428571 19.893617 0.400000
    endloop
  endfacet
  facet normal 0.000000 -1.000000 0.000000
    outer loop
      vertex 15.793651 19.893617 0.000000
      vertex 16.428571 19.893617 0.400000
      vertex 15.793651 19.893617 0.400000
    endloop
  endfacet
  facet normal 0.000000 1.000000 0.000000
    outer loop
      vertex 15.793651 20.531915 0.000000
      vertex 16.428571 20.531915 0.400000
      vertex 16.428571 20.531915 0.000000
    endloop
  endfacet
  facet normal 0.000000 1.000000 0.000000
    outer loop
      vertex 15.793651 20.531915 0.000000
      vertex 15.793651 20.531915 0.400000
      vertex 16.428571 20.531915 0.400000
    endloop
  endfacet
  facet normal -1.000000 0.000000 0.000000
    outer loop
      vertex 15.793651 19.893617 0.000000
      vertex 15.793651 19.893617 0.400000
      vertex 15.793651 20.531915 0.400000
    endloop
  endfacet
  facet normal -1.000000 0.000000 0.000000
    outer loop
      vertex 15.793651 19.893617 0.000000
      vertex 15.793651 20.531915 0.400000
      vertex 15.793651 20.531915 0.000000
    endloop
  endfacet
  facet normal 1.000000 0.000000 0.000000
    outer loop
      vertex 16.428571 19.893617 0.000000
      vertex 16.428571 20.531915 0.000000
      vertex 16.428571 20.531915 0.400000
    endloop
  endfacet
  facet normal 1.000000 0.000000 0.000000
    outer loop
      vertex 16.428571 19.893617 0.000000
      vertex 16.428571 20.531915 0.400000
      vertex 16.428571 19.893617 0.400000
    endloop
  endfacet
  facet normal 0.000000 0.000000 -1.000000
    outer loop
      vertex 18.968254 14.468085 0.000000
      vertex 19.603175 20.531915 0.000000
      vertex 19.603175 14.468085 0.000000
    endloop
  endfacet
  facet normal 0.000000 0.000000 -1.000000
    outer loop
      vertex 18.968254 14.468085 0.000000
      vertex 18.968254 20.531915 0.000000
      vertex 19.603175 20.531915 0.000000
    endloop
  endfacet
  facet normal 0.000000 0.000000 1.000000
    outer loop
      vertex 18.968254 14.468085 0.400000
      vertex 19.603175 14.468085 0.400000
      vertex 19.603175 20.531915 0.400000
    endloop
  endfacet
  facet normal 0.000000 0.000000 1.000000
    outer loop
      vertex 18.968254 14.468085 0.400000
      vertex 19.603175 20.531915 0.400000
      vertex 18.968254 20.531915 0.400000
    endloop
  endfacet
  facet normal 0.000000 -1.000000 0.000000
    outer loop
      vertex 18.968254 14.468085 0.000000
      vertex 19.603175 14.468085 0.000000
      vertex 19.603175 14.468085 0.400000
    endloop
  endfacet
  facet normal 0.000000 -1.000000 0.000000
    outer loop
      vertex 18.968254 14.468085 0.000000
      vertex 19.603175 14.468085 0.400000
      vertex 18.968254 14.468085 0.400000
    endloop
  endfacet
  facet normal 0.000000 1.000000 0.000000
    outer loop
      vertex 18.968254 20.531915 0.000000
      vertex 19.603175 20.531915 0.400000
      vertex 19.603175 20.531915 0.000000
    endloop
  endfacet
  facet normal 0.000000 1.000000 0.000000
    outer loop
      vertex 18.968254 20.531915 0.000000
      vertex 18.968254 20.531915 0.400000
      vertex 19.603175 20.531915 0.400000
    endloop
  endfacet
  facet normal -1.000000 0.000000 0.000000
    outer loop
      vertex 18.968254 14.468085 0.000000
      vertex 18.968254 14.468085 0.400000
      vertex 18.968254 20.531915 0.400000
    endloop
  endfacet
  facet normal -1.000000 0.000000 0.000000
    outer loop
      vertex 18.968254 14.468085 0.000000
      vertex 18.968254 20.531915 0.400000
      vertex 18.968254 20.531915 0.000000
    endloop
  endfacet
  facet normal 1.000000 0.000000 0.000000
    outer loop
      vertex 19.603175 14.468085 0.000000
      vertex 19.603175 20.531915 0.000000
      vertex 19.603175 20.531915 0.400000
    endloop
  endfacet
  facet normal 1.000000 0.000000 0.000000
    outer loop
      vertex 19.603175 14.468085 0.000000
      vertex 19.603175 20.531915 0.400000
      vertex 19.603175 14.468085 0.400000
    endloop
  endfacet
  facet normal 0.000000 0.000000 -1.000000
    outer loop
      vertex 20.873016 14.468085 0.000000
      vertex 21.190476 20.531915 0.000000
      vertex 21.190476 14.468085 0.000000
    endloop
  endfacet
  facet normal 0.000000 0.000000 -1.000000
    outer loop
      vertex 20.873016 14.468085 0.000000
      vertex 20.873016 20.531915 0.000000
      vertex 21.190476 20.531915 0.000000
    endloop
  endfacet
  facet normal 0.000000 0.000000 1.000000
    outer loop
      vertex 20.873016 14.468085 0.400000
      vertex 21.190476 14.468085 0.400000
      vertex 21.190476 20.531915 0.400000
    endloop
  endfacet
  facet normal 0.000000 0.000000 1.000000
    outer loop
      vertex 20.873016 14.468085 0.400000
      vertex 21.190476 20.531915 0.400000
      vertex 20.873016 20.531915 0.400000
    endloop
  endfacet
  facet normal 0.000000 -1.000000 0.000000
    outer loop
      vertex 20.873016 14.468085 0.000000
      vertex 21.190476 14.468085 0.000000
      vertex 21.190476 14.468085 0.400000
    endloop
  endfacet
  facet normal 0.000000 -1.000000 0.000000
    outer loop
      vertex 20.873016 14.468085 0.000000
      vertex 21.190476 14.468085 0.400000
      vertex 20.873016 14.468085 0.400000
    endloop
  endfacet
  facet normal 0.000000 1.000000 0.000000
    outer loop
      vertex 20.873016 20.531915 0.000000
      vertex 21.190476 20.531915 0.400000
      vertex 21.190476 20.531915 0.000000
    endloop
  endfacet
  facet normal 0.000000 1.000000 0.000000
    outer loop
      vertex 20.873016 20.531915 0.000000
      vertex 20.873016 20.531915 0.400000
      vertex 21.190476 20.531915 0.400000
    endloop
  endfacet
  facet normal -1.000000 0.000000 0.000000
    outer loop
      vertex 20.873016 14.468085 0.000000
      vertex 20.873016 14.468085 0.400000
      vertex 20.873016 20.531915 0.400000
    endloop
  endfacet
  facet normal -1.000000 0.000000 0.000000
    outer loop
      vertex 20.873016 14.468085 0.000000
      vertex 20.873016 20.531915 0.400000
      vertex 20.873016 20.531915 0.000000
    endloop
  endfacet
  facet normal 1.000000 0.000000 0.000000
    outer loop
      vertex 21.190476 14.468085 0.000000
      vertex 21.190476 20.531915 0.000000
      vertex 21.190476 20.531915 0.400000
    endloop
  endfacet
  facet normal 1.000000 0.000000 0.000000
    outer loop
      vertex 21.190476 14.468085 0.000000
      vertex 21.190476 20.531915 0.400000
      vertex 21.190476 14.468085 0.400000
    endloop
  endfacet
  facet normal 0.000000 0.000000 -1.000000
    outer loop
      vertex 24.365079 19.893617 0.000000
      vertex 25.952381 20.531915 0.000000
      vertex 25.952381 19.893617 0.000000
    endloop
  endfacet
  facet normal 0.000000 0.000000 -1.000000
    outer loop
      vertex 24.365079 19.893617 0.000000
      vertex 24.365079 20.531915 0.000000
      vertex 25.952381 20.531915 0.000000
    endloop
  endfacet
  facet normal 0.000000 0.000000 1.000000
    outer loop
      vertex 24.365079 19.893617 0.400000
      vertex 25.952381 19.893617 0.400000
      vertex 25.952381 20.531915 0.400000
    endloop
  endfacet
  facet normal 0.000000 0.000000 1.000000
    outer loop
      vertex 24.365079 19.893617 0.400000
      vertex 25.952381 20.531915 0.400000
      vertex 24.365079 20.531915 0.400000
    endloop
  endfacet
  facet normal 0.000000 -1.000000 0.000000
    outer loop
      vertex 24.365079 19.893617 0.000000
      vertex 25.952381 19.893617 0.000000
      vertex 25.952381 19.893617 0.400000
    endloop
  endfacet
  facet normal 0.000000 -1.000000 0.000000
    outer loop
      vertex 24.365079 19.893617 0.000000
      vertex 25.952381 19.893617 0.400000
      vertex 24.365079 19.893617 0.400000
    endloop
  endfacet
  facet normal 0.000000 1.000000 0.000000
    outer loop
      vertex 24.365079 20.531915 0.000000
      vertex 25.952381 20.531915 0.400000
      vertex 25.952381 20.531915 0.000000
    endloop
  endfacet
  facet normal 0.000000 1.000000 0.000000
    outer loop
      vertex 24.365079 20.531915 0.000000
      vertex 24.365079 20.531915 0.400000
      vertex 25.952381 20.531915 0.400000
    endloop
  endfacet
  facet normal -1.000000 0.000000 0.000000
    outer loop
      vertex 24.365079 19.893617 0.000000
      vertex 24.365079 19.893617 0.400000
      vertex 24.365079 20.531915 0.400000
    endloop
  endfacet
  facet normal -1.000000 0.000000 0.000000
    outer loop
      vertex 24.365079 19.893617 0.000000
      vertex 24.365079 20.531915 0.400000
      vertex 24.365079 20.531915 0.000000
    endloop
  endfacet
  facet normal 1.000000 0.000000 0.000000
    outer loop
      vertex 25.952381 19.893617 0.000000
      vertex 25.952381 20.531915 0.000000
      vertex 25.952381 20.531915 0.400000
    endloop
  endfacet
  facet normal 1.000000 0.000000 0.000000
    outer loop
      vertex 25.952381 19.893617 0.000000
      vertex 25.952381 20.531915 0.400000
      vertex 25.952381 19.893617 0.400000
    endloop
  endfacet
  facet normal 0.000000 0.000000 -1.000000
    outer loop
      vertex 28.492063 14.468085 0.000000
      vertex 29.126984 20.531915 0.000000
      vertex 29.126984 14.468085 0.000000
    endloop
  endfacet
  facet normal 0.000000 0.000000 -1.000000
    outer loop
      vertex 28.492063 14.468085 0.000000
      vertex 28.492063 20.531915 0.000000
      vertex 29.126984 20.531915 0.000000
    endloop
  endfacet
  facet normal 0.000000 0.000000 1.000000
    outer loop
      vertex 28.492063 14.468085 0.400000
      vertex 29.126984 14.468085 0.400000
      vertex 29.126984 20.531915 0.400000
    endloop
  endfacet
  facet normal 0.000000 0.000000 1.000000
    outer loop
      vertex 28.492063 14.468085 0.400000
      vertex 29.126984 20.531915 0.400000
      vertex 28.492063 20.531915 0.400000
    endloop
  endfacet
  facet normal 0.000000 -1.000000 0.000000
    outer loop
      vertex 28.492063 14.468085 0.000000
      vertex 29.126984 14.468085 0.000000
      vertex 29.126984 14.468085 0.400000
    endloop
  endfacet
  facet normal 0.000000 -1.000000 0.000000
    outer loop
      vertex 28.492063 14.468085 0.000000
      vertex 29.126984 14.468085 0.400000
      vertex 28.492063 14.468085 0.400000
    endloop
  endfacet
  facet normal 0.000000 1.000000 0.000000
    outer loop
      vertex 28.492063 20.531915 0.000000
      vertex 29.126984 20.531915 0.400000
      vertex 29.126984 20.531915 0.000000
    endloop
  endfacet
  facet normal 0.000000 1.000000 0.000000
    outer loop
      vertex 28.492063 20.531915 0.000000
      vertex 28.492063 20.531915 0.400000
      vertex 29.126984 20.531915 0.400000
    endloop
  endfacet
  facet normal -1.000000 0.000000 0.000000
    outer loop
      vertex 28.492063 14.468085 0.000000
      vertex 28.492063 14.468085 0.400000
      vertex 28.492063 20.531915 0.400000
    endloop
  endfacet
  facet normal -1.000000 0.000000 0.000000
    outer loop
      vertex 28.492063 14.468085 0.000000
      vertex 28.492063 20.531915 0.400000
      vertex 28.492063 20.531915 0.000000
    endloop
  endfacet
  facet normal 1.000000 0.000000 0.000000
    outer loop
      vertex 29.126984 14.468085 0.000000
      vertex 29.126984 20.531915 0.000000
      vertex 29.126984 20.531915 0.400000
    endloop
  endfacet
  facet normal 1.000000 0.000000 0.000000
    outer loop
      vertex 29.126984 14.468085 0.000000
      vertex 29.126984 20.531915 0.400000
      vertex 29.126984 14.468085 0.400000
    endloop
  endfacet
  facet normal 0.000000 0.000000 -1.000000
    outer loop
      vertex 30.396825 14.468085 0.000000
      vertex 30.714286 20.531915 0.000000
      vertex 30.714286 14.468085 0.000000
    endloop
  endfacet
  facet normal 0.000000 0.000000 -1.000000
    outer loop
      vertex 30.396825 14.468085 0.000000
      vertex 30.396825 20.531915 0.000000
      vertex 30.714286 20.531915 0.000000
    endloop
  endfacet
  facet normal 0.000000 0.000000 1.000000
    outer loop
      vertex 30.396825 14.468085 0.400000
      vertex 30.714286 14.468085 0.400000
      vertex 30.714286 20.531915 0.400000
    endloop
  endfacet
  facet normal 0.000000 0.000000 1.000000
    outer loop
      vertex 30.396825 14.468085 0.400000
      vertex 30.714286 20.531915 0.400000
      vertex 30.396825 20.531915 0.400000
    endloop
  endfacet
  facet normal 0.000000 -1.000000 0.000000
    outer loop
      vertex 30.396825 14.468085 0.000000
      vertex 30.714286 14.468085 0.000000
      vertex 30.714286 14.468085 0.400000
    endloop
  endfacet
  facet normal 0.000000 -1.000000 0.000000
    outer loop
      vertex 30.396825 14.468085 0.000000
      vertex 30.714286 14.468085 0.400000
      vertex 30.396825 14.468085 0.400000
    endloop
  endfacet
  facet normal 0.000000 1.000000 0.000000
    outer loop
      vertex 30.396825 20.531915 0.000000
      vertex 30.714286 20.531915 0.400000
      vertex 30.714286 20.531915 0.000000
    endloop
  endfacet
  facet normal 0.000000 1.000000 0.000000
    outer loop
      vertex 30.396825 20.531915 0.000000
      vertex 30.396825 20.531915 0.400000
      vertex 30.714286 20.531915 0.400000
    endloop
  endfacet
  facet normal -1.000000 0.000000 0.000000
    outer loop
      vertex 30.396825 14.468085 0.000000
      vertex 30.396825 14.468085 0.400000
      vertex 30.396825 20.531915 0.400000
    endloop
  endfacet
  facet normal -1.000000 0.000000 0.000000
    outer loop
      vertex 30.396825 14.468085 0.000000
      vertex 30.396825 20.531915 0.400000
      vertex 30.396825 20.531915 0.000000
    endloop
  endfacet
  facet normal 1.000000 0.000000 0.000000
    outer loop
      vertex 30.714286 14.468085 0.000000
      vertex 30.714286 20.531915 0.000000
      vertex 30.714286 20.531915 0.400000
    endloop
  endfacet
  facet normal 1.000000 0.000000 0.000000
    outer loop
      vertex 30.714286 14.468085 0.000000
      vertex 30.714286 20.531915 0.400000
      vertex 30.714286 14.468085 0.400000
    endloop
  endfacet
  facet normal 0.000000 0.000000 -1.000000
    outer loop
      vertex 40.555556 14.148936 0.000000
      vertex 40.873016 20.531915 0.000000
      vertex 40.873016 14.148936 0.000000
    endloop
  endfacet
  facet normal 0.000000 0.000000 -1.000000
    outer loop
      vertex 40.555556 14.148936 0.000000
      vertex 40.555556 20.531915 0.000000
      vertex 40.873016 20.531915 0.000000
    endloop
  endfacet
  facet normal 0.000000 0.000000 1.000000
    outer loop
      vertex 40.555556 14.148936 0.400000
      vertex 40.873016 14.148936 0.400000
      vertex 40.873016 20.531915 0.400000
    endloop
  endfacet
  facet normal 0.000000 0.000000 1.000000
    outer loop
      vertex 40.555556 14.148936 0.400000
      vertex 40.873016 20.531915 0.400000
      vertex 40.555556 20.531915 0.400000
    endloop
  endfacet
  facet normal 0.000000 -1.000000 0.000000
    outer loop
      vertex 40.555556 14.148936 0.000000
      vertex 40.873016 14.148936 0.000000
      vertex 40.873016 14.148936 0.400000
    endloop
  endfacet
  facet normal 0.000000 -1.000000 0.000000
    outer loop
      vertex 40.555556 14.148936 0.000000
      vertex 40.873016 14.148936 0.400000
      vertex 40.555556 14.148936 0.400000
    endloop
  endfacet
  facet normal 0.000000 1.000000 0.000000
    outer loop
      vertex 40.555556 20.531915 0.000000
      vertex 40.873016 20.531915 0.400000
      vertex 40.873016 20.531915 0.000000
    endloop
  endfacet
  facet normal 0.000000 1.000000 0.000000
    outer loop
      vertex 40.555556 20.531915 0.000000
      vertex 40.555556 20.531915 0.400000
      vertex 40.873016 20.531915 0.400000
    endloop
  endfacet
  facet normal -1.000000 0.000000 0.000000
    outer loop
      vertex 40.555556 14.148936 0.000000
      vertex 40.555556 14.148936 0.400000
      vertex 40.555556 20.531915 0.400000
    endloop
  endfacet
  facet normal -1.000000 0.000000 0.000000
    outer loop
      vertex 40.555556 14.148936 0.000000
      vertex 40.555556 20.531915 0.400000
      vertex 40.555556 20.531915 0.000000
    endloop
  endfacet
  facet normal 1.000000 0.000000 0.000000
    outer loop
      vertex 40.873016 14.148936 0.000000
      vertex 40.873016 20.531915 0.000000
      vertex 40.873016 20.531915 0.400000
    endloop
  endfacet
  facet normal 1.000000 0.000000 0.000000
    outer loop
      vertex 40.873016 14.148936 0.000000
      vertex 40.873016 20.531915 0.400000
      vertex 40.873016 14.148936 0.400000
    endloop
  endfacet
  facet normal 0.000000 0.000000 -1.000000
    outer loop
      vertex 6.269841 19.893617 0.000000
      vertex 9.126984 20.212766 0.000000
      vertex 9.126984 19.893617 0.000000
    endloop
  endfacet
  facet normal 0.000000 0.000000 -1.000000
    outer loop
      vertex 6.269841 19.893617 0.000000
      vertex 6.269841 20.212766 0.000000
      vertex 9.126984 20.212766 0.000000
    endloop
  endfacet
  facet normal 0.000000 0.000000 1.000000
    outer loop
      vertex 6.269841 19.893617 0.400000
      vertex 9.126984 19.893617 0.400000
      vertex 9.126984 20.212766 0.400000
    endloop
  endfacet
  facet normal 0.000000 0.000000 1.000000
    outer loop
      vertex 6.269841 19.893617 0.400000
      vertex 9.126984 20.212766 0.400000
      vertex 6.269841 20.212766 0.400000
    endloop
  endfacet
  facet normal 0.000000 -1.000000 0.000000
    outer loop
      vertex 6.269841 19.893617 0.000000
      vertex 9.126984 19.893617 0.000000
      vertex 9.126984 19.893617 0.400000
    endloop
  endfacet
  facet normal 0.000000 -1.000000 0.000000
    outer loop
      vertex 6.269841 19.893617 0.000000
      vertex 9.126984 19.893617 0.400000
      vertex 6.269841 19.893617 0.400000
    endloop
  endfacet
  facet normal 0.000000 1.000000 0.000000
    outer loop
      vertex 6.269841 20.212766 0.000000
      vertex 9.126984 20.212766 0.400000
      vertex 9.126984 20.212766 0.000000
    endloop
  endfacet
  facet normal 0.000000 1.000000 0.000000
    outer loop
      vertex 6.269841 20.212766 0.000000
      vertex 6.269841 20.212766 0.400000
      vertex 9.126984 20.212766 0.400000
    endloop
  endfacet
  facet normal -1.000000 0.000000 0.000000
    outer loop
      vertex 6.269841 19.893617 0.000000
      vertex 6.269841 19.893617 0.400000
      vertex 6.269841 20.212766 0.400000
    endloop
  endfacet
  facet normal -1.000000 0.000000 0.000000
    outer loop
      vertex 6.269841 19.893617 0.000000
      vertex 6.269841 20.212766 0.400000
      vertex 6.269841 20.212766 0.000000
    endloop
  endfacet
  facet normal 1.000000 0.000000 0.000000
    outer loop
      vertex 9.126984 19.893617 0.000000
      vertex 9.126984 20.212766 0.000000
      vertex 9.126984 20.212766 0.400000
    endloop
  endfacet
  facet normal 1.000000 0.000000 0.000000
    outer loop
      vertex 9.126984 19.893617 0.000000
      vertex 9.126984 20.212766 0.400000
      vertex 9.126984 19.893617 0.400000
    endloop
  endfacet
  facet normal 0.000000 0.000000 -1.000000
    outer loop
      vertex 12.936508 19.893617 0.000000
      vertex 15.793651 20.212766 0.000000
      vertex 15.793651 19.893617 0.000000
    endloop
  endfacet
  facet normal 0.000000 0.000000 -1.000000
    outer loop
      vertex 12.936508 19.893617 0.000000
      vertex 12.936508 20.212766 0.000000
      vertex 15.793651 20.212766 0.000000
    endloop
  endfacet
  facet normal 0.000000 0.000000 1.000000
    outer loop
      vertex 12.936508 19.893617 0.400000
      vertex 15.793651 19.893617 0.400000
      vertex 15.793651 20.212766 0.400000
    endloop
  endfacet
  facet normal 0.000000 0.000000 1.000000
    outer loop
      vertex 12.936508 19.893617 0.400000
      vertex 15.793651 20.212766 0.400000
      vertex 12.936508 20.212766 0.400000
    endloop
  endfacet
  facet normal 0.000000 -1.000000 0.000000
    outer loop
      vertex 12.936508 19.893617 0.000000
      vertex 15.793651 19.893617 0.000000
      vertex 15.793651 19.893617 0.400000
    endloop
  endfacet
  facet normal 0.000000 -1.000000 0.000000
    outer loop
      vertex 12.936508 19.893617 0.000000
      vertex 15.793651 19.893617 0.400000
      vertex 12.936508 19.893617 0.400000
    endloop
  endfacet
  facet normal 0.000000 1.000000 0.000000
    outer loop
      vertex 12.936508 20.212766 0.000000
      vertex 15.793651 20.212766 0.400000
      vertex 15.793651 20.212766 0.000000
    endloop
  endfacet
  facet normal 0.000000 1.000000 0.000000
    outer loop
      vertex 12.936508 20.212766 0.000000
      vertex 12.936508 20.212766 0.400000
      vertex 15.793651 20.212766 0.400000
    endloop
  endfacet
  facet normal -1.000000 0.000000 0.000000
    outer loop
      vertex 12.936508 19.893617 0.000000
      vertex 12.936508 19.893617 0.400000
      vertex 12.936508 20.212766 0.400000
    endloop
  endfacet
  facet normal -1.000000 0.000000 0.000000
    outer loop
      vertex 12.936508 19.893617 0.000000
      vertex 12.936508 20.212766 0.400000
      vertex 12.936508 20.212766 0.000000
    endloop
  endfacet
  facet normal 1.000000 0.000000 0.000000
    outer loop
      vertex 15.793651 19.893617 0.000000
      vertex 15.793651 20.212766 0.000000
      vertex 15.793651 20.212766 0.400000
    endloop
  endfacet
  facet normal 1.000000 0.000000 0.000000
    outer loop
      vertex 15.793651 19.893617 0.000000
      vertex 15.793651 20.212766 0.400000
      vertex 15.793651 19.893617 0.400000
    endloop
  endfacet
  facet normal 0.000000 0.000000 -1.000000
    outer loop
      vertex 21.190476 14.787234 0.000000
      vertex 21.507937 20.212766 0.000000
      vertex 21.507937 14.787234 0.000000
    endloop
  endfacet
  facet normal 0.000000 0.000000 -1.000000
    outer loop
      vertex 21.190476 14.787234 0.000000
      vertex 21.190476 20.212766 0.000000
      vertex 21.507937 20.212766 0.000000
    endloop
  endfacet
  facet normal 0.000000 0.000000 1.000000
    outer loop
      vertex 21.190476 14.787234 0.400000
      vertex 21.507937 14.787234 0.400000
      vertex 21.507937 20.212766 0.400000
    endloop
  endfacet
  facet normal 0.000000 0.000000 1.000000
    outer loop
      vertex 21.190476 14.787234 0.400000
      vertex 21.507937 20.212766 0.400000
      vertex 21.190476 20.212766 0.400000
    endloop
  endfacet
  facet normal 0.000000 -1.000000 0.000000
    outer loop
      vertex 21.190476 14.787234 0.000000
      vertex 21.507937 14.787234 0.000000
      vertex 21.507937 14.787234 0.400000
    endloop
  endfacet
  facet normal 0.000000 -1.000000 0.000000
    outer loop
      vertex 21.190476 14.787234 0.000000
      vertex 21.507937 14.787234 0.400000
      vertex 21.190476 14.787234 0.400000
    endloop
  endfacet
  facet normal 0.000000 1.000000 0.000000
    outer loop
      vertex 21.190476 20.212766 0.000000
      vertex 21.507937 20.212766 0.400000
      vertex 21.507937 20.212766 0.000000
    endloop
  endfacet
  facet normal 0.000000 1.000000 0.000000
    outer loop
      vertex 21.190476 20.212766 0.000000
      vertex 21.190476 20.212766 0.400000
      vertex 21.507937 20.212766 0.400000
    endloop
  endfacet
  facet normal -1.000000 0.000000 0.000000
    outer loop
      vertex 21.190476 14.787234 0.000000
      vertex 21.190476 14.787234 0.400000
      vertex 21.190476 20.212766 0.400000
    endloop
  endfacet
  facet normal -1.000000 0.000000 0.000000
    outer loop
      vertex 21.190476 14.787234 0.000000
      vertex 21.190476 20.212766 0.400000
      vertex 21.190476 20.212766 0.000000
    endloop
  endfacet
  facet normal 1.000000 0.000000 0.000000
    outer loop
      vertex 21.507937 14.787234 0.000000
      vertex 21.507937 20.212766 0.000000
      vertex 21.507937 20.212766 0.400000
    endloop
  endfacet
  facet normal 1.000000 0.000000 0.000000
    outer loop
      vertex 21.507937 14.787234 0.000000
      vertex 21.507937 20.212766 0.400000
      vertex 21.507937 14.787234 0.400000
    endloop
  endfacet
  facet normal 0.000000 0.000000 -1.000000
    outer loop
      vertex 24.047619 18.936170 0.000000
      vertex 24.365079 20.212766 0.000000
      vertex 24.365079 18.936170 0.000000
    endloop
  endfacet
  facet normal 0.000000 0.000000 -1.000000
    outer loop
      vertex 24.047619 18.936170 0.000000
      vertex 24.047619 20.212766 0.000000
      vertex 24.365079 20.212766 0.000000
    endloop
  endfacet
  facet normal 0.000000 0.000000 1.000000
    outer loop
      vertex 24.047619 18.936170 0.400000
      vertex 24.365079 18.936170 0.400000
      vertex 24.365079 20.212766 0.400000
    endloop
  endfacet
  facet normal 0.000000 0.000000 1.000000
    outer loop
      vertex 24.047619 18.936170 0.400000
      vertex 24.365079 20.212766 0.400000
      vertex 24.047619 20.212766 0.400000
    endloop
  endfacet
  facet normal 0.000000 -1.000000 0.000000
    outer loop
      vertex 24.047619 18.936170 0.000000
      vertex 24.365079 18.936170 0.000000
      vertex 24.365079 18.936170 0.400000
    endloop
  endfacet
  facet normal 0.000000 -1.000000 0.000000
    outer loop
      vertex 24.047619 18.936170 0.000000
      vertex 24.365079 18.936170 0.400000
      vertex 24.047619 18.936170 0.400000
    endloop
  endfacet
  facet normal 0.000000 1.000000 0.000000
    outer loop
      vertex 24.047619 20.212766 0.000000
      vertex 24.365079 20.212766 0.400000
      vertex 24.365079 20.212766 0.000000
    endloop
  endfacet
  facet normal 0.000000 1.000000 0.000000
    outer loop
      vertex 24.047619 20.212766 0.000000
      vertex 24.047619 20.212766 0.400000
      vertex 24.365079 20.212766 0.400000
    endloop
  endfacet
  facet normal -1.000000 0.000000 0.000000
    outer loop
      vertex 24.047619 18.936170 0.000000
      vertex 24.047619 18.936170 0.400000
      vertex 24.047619 20.212766 0.400000
    endloop
  endfacet
  facet normal -1.000000 0.000000 0.000000
    outer loop
      vertex 24.047619 18.936170 0.000000
      vertex 24.047619 20.212766 0.400000
      vertex 24.047619 20.212766 0.000000
    endloop
  endfacet
  facet normal 1.000000 0.000000 0.000000
    outer loop
      vertex 24.365079 18.936170 0.000000
      vertex 24.365079 20.212766 0.000000
      vertex 24.365079 20.212766 0.400000
    endloop
  endfacet
  facet normal 1.000000 0.000000 0.000000
    outer loop
      vertex 24.365079 18.936170 0.000000
      vertex 24.365079 20.212766 0.400000
      vertex 24.365079 18.936170 0.400000
    endloop
  endfacet
  facet normal 0.000000 0.000000 -1.000000
    outer loop
      vertex 30.714286 14.787234 0.000000
      vertex 31.031746 20.212766 0.000000
      vertex 31.031746 14.787234 0.000000
    endloop
  endfacet
  facet normal 0.000000 0.000000 -1.000000
    outer loop
      vertex 30.714286 14.787234 0.000000
      vertex 30.714286 20.212766 0.000000
      vertex 31.031746 20.212766 0.000000
    endloop
  endfacet
  facet normal 0.000000 0.000000 1.000000
    outer loop
      vertex 30.714286 14.787234 0.400000
      vertex 31.031746 14.787234 0.400000
      vertex 31.031746 20.212766 0.400000
    endloop
  endfacet
  facet normal 0.000000 0.000000 1.000000
    outer loop
      vertex 30.714286 14.787234 0.400000
      vertex 31.031746 20.212766 0.400000
      vertex 30.714286 20.212766 0.400000
    endloop
  endfacet
  facet normal 0.000000 -1.000000 0.000000
    outer loop
      vertex 30.714286 14.787234 0.000000
      vertex 31.031746 14.787234 0.000000
      vertex 31.031746 14.787234 0.400000
    endloop
  endfacet
  facet normal 0.000000 -1.000000 0.000000
    outer loop
      vertex 30.714286 14.787234 0.000000
      vertex 31.031746 14.787234 0.400000
      vertex 30.714286 14.787234 0.400000
    endloop
  endfacet
  facet normal 0.000000 1.000000 0.000000
    outer loop
      vertex 30.714286 20.212766 0.000000
      vertex 31.031746 20.212766 0.400000
      vertex 31.031746 20.212766 0.000000
    endloop
  endfacet
  facet normal 0.000000 1.000000 0.000000
    outer loop
      vertex 30.714286 20.212766 0.000000
      vertex 30.714286 20.212766 0.400000
      vertex 31.031746 20.212766 0.400000
    endloop
  endfacet
  facet normal -1.000000 0.000000 0.000000
    outer loop
      vertex 30.714286 14.787234 0.000000
      vertex 30.714286 14.787234 0.400000
      vertex 30.714286 20.212766 0.400000
    endloop
  endfacet
  facet normal -1.000000 0.000000 0.000000
    outer loop
      vertex 30.714286 14.787234 0.000000
      vertex 30.714286 20.212766 0.400000
      vertex 30.714286 20.212766 0.000000
    endloop
  endfacet
  facet normal 1.000000 0.000000 0.000000
    outer loop
      vertex 31.031746 14.787234 0.000000
      vertex 31.031746 20.212766 0.000000
      vertex 31.031746 20.212766 0.400000
    endloop
  endfacet
  facet normal 1.000000 0.000000 0.000000
    outer loop
      vertex 31.031746 14.787234 0.000000
      vertex 31.031746 20.212766 0.400000
      vertex 31.031746 14.787234 0.400000
    endloop
  endfacet
  facet normal 0.000000 0.000000 -1.000000
    outer loop
      vertex 33.571429 18.936170 0.000000
      vertex 33.888889 20.212766 0.000000
      vertex 33.888889 18.936170 0.000000
    endloop
  endfacet
  facet normal 0.000000 0.000000 -1.000000
    outer loop
      vertex 33.571429 18.936170 0.000000
      vertex 33.571429 20.212766 0.000000
      vertex 33.888889 20.212766 0.000000
    endloop
  endfacet
  facet normal 0.000000 0.000000 1.000000
    outer loop
      vertex 33.571429 18.936170 0.400000
      vertex 33.888889 18.936170 0.400000
      vertex 33.888889 20.212766 0.400000
    endloop
  endfacet
  facet normal 0.000000 0.000000 1.000000
    outer loop
      vertex 33.571429 18.936170 0.400000
      vertex 33.888889 20.212766 0.400000
      vertex 33.571429 20.212766 0.400000
    endloop
  endfacet
  facet normal 0.000000 -1.000000 0.000000
    outer loop
      vertex 33.571429 18.936170 0.000000
      vertex 33.888889 18.936170 0.000000
      vertex 33.888889 18.936170 0.400000
    endloop
  endfacet
  facet normal 0.000000 -1.000000 0.000000
    outer loop
      vertex 33.571429 18.936170 0.000000
      vertex 33.888889 18.936170 0.400000
      vertex 33.571429 18.936170 0.400000
    endloop
  endfacet
  facet normal 0.000000 1.000000 0.000000
    outer loop
      vertex 33.571429 20.212766 0.000000
      vertex 33.888889 20.212766 0.400000
      vertex 33.888889 20.212766 0.000000
    endloop
  endfacet
  facet normal 0.000000 1.000000 0.000000
    outer loop
      vertex 33.571429 20.212766 0.000000
      vertex 33.571429 20.212766 0.400000
      vertex 33.888889 20.212766 0.400000
    endloop
  endfacet
  facet normal -1.000000 0.000000 0.000000
    outer loop
      vertex 33.571429 18.936170 0.000000
      vertex 33.571429 18.936170 0.400000
      vertex 33.571429 20.212766 0.400000
    endloop
  endfacet
  facet normal -1.000000 0.000000 0.000000
    outer loop
      vertex 33.571429 18.936170 0.000000
      vertex 33.571429 20.212766 0.400000
      vertex 33.571429 20.212766 0.000000
    endloop
  endfacet
  facet normal 1.000000 0.000000 0.000000
    outer loop
      vertex 33.888889 18.936170 0.000000
      vertex 33.888889 20.212766 0.000000
      vertex 33.888889 20.212766 0.400000
    endloop
  endfacet
  facet normal 1.000000 0.000000 0.000000
    outer loop
      vertex 33.888889 18.936170 0.000000
      vertex 33.888889 20.212766 0.400000
      vertex 33.888889 18.936170 0.400000
    endloop
  endfacet
  facet normal 0.000000 0.000000 -1.000000
    outer loop
      vertex 40.873016 14.148936 0.000000
      vertex 42.142857 20.212766 0.000000
      vertex 42.142857 14.148936 0.000000
    endloop
  endfacet
  facet normal 0.000000 0.000000 -1.000000
    outer loop
      vertex 40.873016 14.148936 0.000000
      vertex 40.873016 20.212766 0.000000
      vertex 42.142857 20.212766 0.000000
    endloop
  endfacet
  facet normal 0.000000 0.000000 1.000000
    outer loop
      vertex 40.873016 14.148936 0.400000
      vertex 42.142857 14.148936 0.400000
      vertex 42.142857 20.212766 0.400000
    endloop
  endfacet
  facet normal 0.000000 0.000000 1.000000
    outer loop
      vertex 40.873016 14.148936 0.400000
      vertex 42.142857 20.212766 0.400000
      vertex 40.873016 20.212766 0.400000
    endloop
  endfacet
  facet normal 0.000000 -1.000000 0.000000
    outer loop
      vertex 40.873016 14.148936 0.000000
      vertex 42.142857 14.148936 0.000000
      vertex 42.142857 14.148936 0.400000
    endloop
  endfacet
  facet normal 0.000000 -1.000000 0.000000
    outer loop
      vertex 40.873016 14.148936 0.000000
      vertex 42.142857 14.148936 0.400000
      vertex 40.873016 14.148936 0.400000
    endloop
  endfacet
  facet normal 0.000000 1.000000 0.000000
    outer loop
      vertex 40.873016 20.212766 0.000000
      vertex 42.142857 20.212766 0.400000
      vertex 42.142857 20.212766 0.000000
    endloop
  endfacet
  facet normal 0.000000 1.000000 0.000000
    outer loop
      vertex 40.873016 20.212766 0.000000
      vertex 40.873016 20.212766 0.400000
      vertex 42.142857 20.212766 0.400000
    endloop
  endfacet
  facet normal -1.000000 0.000000 0.000000
    outer loop
      vertex 40.873016 14.148936 0.000000
      vertex 40.873016 14.148936 0.400000
      vertex 40.873016 20.212766 0.400000
    endloop
  endfacet
  facet normal -1.000000 0.000000 0.000000
    outer loop
      vertex 40.873016 14.148936 0.000000
      vertex 40.873016 20.212766 0.400000
      vertex 40.873016 20.212766 0.000000
    endloop
  endfacet
  facet normal 1.000000 0.000000 0.000000
    outer loop
      vertex 42.142857 14.148936 0.000000
      vertex 42.142857 20.212766 0.000000
      vertex 42.142857 20.212766 0.400000
    endloop
  endfacet
  facet normal 1.000000 0.000000 0.000000
    outer loop
      vertex 42.142857 14.148936 0.000000
      vertex 42.142857 20.212766 0.400000
      vertex 42.142857 14.148936 0.400000
    endloop
  endfacet
  facet normal 0.000000 0.000000 -1.000000
    outer loop
      vertex 6.269841 19.574468 0.000000
      vertex 8.174603 19.893617 0.000000
      vertex 8.174603 19.574468 0.000000
    endloop
  endfacet
  facet normal 0.000000 0.000000 -1.000000
    outer loop
      vertex 6.269841 19.574468 0.000000
      vertex 6.269841 19.893617 0.000000
      vertex 8.174603 19.893617 0.000000
    endloop
  endfacet
  facet normal 0.000000 0.000000 1.000000
    outer loop
      vertex 6.269841 19.574468 0.400000
      vertex 8.174603 19.574468 0.400000
      vertex 8.174603 19.893617 0.400000
    endloop
  endfacet
  facet normal 0.000000 0.000000 1.000000
    outer loop
      vertex 6.269841 19.574468 0.400000
      vertex 8.174603 19.893617 0.400000
      vertex 6.269841 19.893617 0.400000
    endloop
  endfacet
  facet normal 0.000000 -1.000000 0.000000
    outer loop
      vertex 6.269841 19.574468 0.000000
      vertex 8.174603 19.574468 0.000000
      vertex 8.174603 19.574468 0.400000
    endloop
  endfacet
  facet normal 0.000000 -1.000000 0.000000
    outer loop
      vertex 6.269841 19.574468 0.000000
      vertex 8.174603 19.574468 0.400000
      vertex 6.269841 19.574468 0.400000
    endloop
  endfacet
  facet normal 0.000000 1.000000 0.000000
    outer loop
      vertex 6.269841 19.893617 0.000000
      vertex 8.174603 19.893617 0.400000
      vertex 8.174603 19.893617 0.000000
    endloop
  endfacet
  facet normal 0.000000 1.000000 0.000000
    outer loop
      vertex 6.269841 19.893617 0.000000
      vertex 6.269841 19.893617 0.400000
      vertex 8.174603 19.893617 0.400000
    endloop
  endfacet
  facet normal -1.000000 0.000000 0.000000
    outer loop
      vertex 6.269841 19.574468 0.000000
      vertex 6.269841 19.574468 0.400000
      vertex 6.269841 19.893617 0.400000
    endloop
  endfacet
  facet normal -1.000000 0.000000 0.000000
    outer loop
      vertex 6.269841 19.574468 0.000000
      vertex 6.269841 19.893617 0.400000
      vertex 6.269841 19.893617 0.000000
    endloop
  endfacet
  facet normal 1.000000 0.000000 0.000000
    outer loop
      vertex 8.174603 19.574468 0.000000
      vertex 8.174603 19.893617 0.000000
      vertex 8.174603 19.893617 0.400000
    endloop
  endfacet
  facet normal 1.000000 0.000000 0.000000
    outer loop
      vertex 8.174603 19.574468 0.000000
      vertex 8.174603 19.893617 0.400000
      vertex 8.174603 19.574468 0.400000
    endloop
  endfacet
  facet normal 0.000000 0.000000 -1.000000
    outer loop
      vertex 13.888889 17.659574 0.000000
      vertex 16.111111 19.893617 0.000000
      vertex 16.111111 17.659574 0.000000
    endloop
  endfacet
  facet normal 0.000000 0.000000 -1.000000
    outer loop
      vertex 13.888889 17.659574 0.000000
      vertex 13.888889 19.893617 0.000000
      vertex 16.111111 19.893617 0.000000
    endloop
  endfacet
  facet normal 0.000000 0.000000 1.000000
    outer loop
      vertex 13.888889 17.659574 0.400000
      vertex 16.111111 17.659574 0.400000
      vertex 16.111111 19.893617 0.400000
    endloop
  endfacet
  facet normal 0.000000 0.000000 1.000000
    outer loop
      vertex 13.888889 17.659574 0.400000
      vertex 16.111111 19.893617 0.400000
      vertex 13.888889 19.893617 0.400000
    endloop
  endfacet
  facet normal 0.000000 -1.000000 0.000000
    outer loop
      vertex 13.888889 17.659574 0.000000
      vertex 16.111111 17.659574 0.000000
      vertex 16.111111 17.659574 0.400000
    endloop
  endfacet
  facet normal 0.000000 -1.000000 0.000000
    outer loop
      vertex 13.888889 17.659574 0.000000
      vertex 16.111111 17.659574 0.400000
      vertex 13.888889 17.659574 0.400000
    endloop
  endfacet
  facet normal 0.000000 1.000000 0.000000
    outer loop
      vertex 13.888889 19.893617 0.000000
      vertex 16.111111 19.893617 0.400000
      vertex 16.111111 19.893617 0.000000
    endloop
  endfacet
  facet normal 0.000000 1.000000 0.000000
    outer loop
      vertex 13.888889 19.893617 0.000000
      vertex 13.888889 19.893617 0.400000
      vertex 16.111111 19.893617 0.400000
    endloop
  endfacet
  facet normal -1.000000 0.000000 0.000000
    outer loop
      vertex 13.888889 17.659574 0.000000
      vertex 13.888889 17.659574 0.400000
      vertex 13.888889 19.893617 0.400000
    endloop
  endfacet
  facet normal -1.000000 0.000000 0.000000
    outer loop
      vertex 13.888889 17.659574 0.000000
      vertex 13.888889 19.893617 0.400000
      vertex 13.888889 19.893617 0.000000
    endloop
  endfacet
  facet normal 1.000000 0.000000 0.000000
    outer loop
      vertex 16.111111 17.659574 0.000000
      vertex 16.111111 19.893617 0.000000
      vertex 16.111111 19.893617 0.400000
    endloop
  endfacet
  facet normal 1.000000 0.000000 0.000000
    outer loop
      vertex 16.111111 17.659574 0.000000
      vertex 16.111111 19.893617 0.400000
      vertex 16.111111 17.659574 0.400000
    endloop
  endfacet
  facet normal 0.000000 0.000000 -1.000000
    outer loop
      vertex 18.650794 15.425532 0.000000
      vertex 18.968254 19.893617 0.000000
      vertex 18.968254 15.425532 0.000000
    endloop
  endfacet
  facet normal 0.000000 0.000000 -1.000000
    outer loop
      vertex 18.650794 15.425532 0.000000
      vertex 18.650794 19.893617 0.000000
      vertex 18.968254 19.893617 0.000000
    endloop
  endfacet
  facet normal 0.000000 0.000000 1.000000
    outer loop
      vertex 18.650794 15.425532 0.400000
      vertex 18.968254 15.425532 0.400000
      vertex 18.968254 19.893617 0.400000
    endloop
  endfacet
  facet normal 0.000000 0.000000 1.000000
    outer loop
      vertex 18.650794 15.425532 0.400000
      vertex 18.968254 19.893617 0.400000
      vertex 18.650794 19.893617 0.400000
    endloop
  endfacet
  facet normal 0.000000 -1.000000 0.000000
    outer loop
      vertex 18.650794 15.425532 0.000000
      vertex 18.968254 15.425532 0.000000
      vertex 18.968254 15.425532 0.400000
    endloop
  endfacet
  facet normal 0.000000 -1.000000 0.000000
    outer loop
      vertex 18.650794 15.425532 0.000000
      vertex 18.968254 15.425532 0.400000
      vertex 18.650794 15.425532 0.400000
    endloop
  endfacet
  facet normal 0.000000 1.000000 0.000000
    outer loop
      vertex 18.650794 19.893617 0.000000
      vertex 18.968254 19.893617 0.400000
      vertex 18.968254 19.893617 0.000000
    endloop
  endfacet
  facet normal 0.000000 1.000000 0.000000
    outer loop
      vertex 18.650794 19.893617 0.000000
      vertex 18.650794 19.893617 0.400000
      vertex 18.968254 19.893617 0.400000
    endloop
  endfacet
  facet normal -1.000000 0.000000 0.000000
    outer loop
      vertex 18.650794 15.425532 0.000000
      vertex 18.650794 15.425532 0.400000
      vertex 18.650794 19.893617 0.400000
    endloop
  endfacet
  facet normal -1.000000 0.000000 0.000000
    outer loop
      vertex 18.650794 15.425532 0.000000
      vertex 18.650794 19.893617 0.400000
      vertex 18.650794 19.893617 0.000000
    endloop
  endfacet
  facet normal 1.000000 0.000000 0.000000
    outer loop
      vertex 18.968254 15.425532 0.000000
      vertex 18.968254 19.893617 0.000000
      vertex 18.968254 19.893617 0.400000
    endloop
  endfacet
  facet normal 1.000000 0.000000 0.000000
    outer loop
      vertex 18.968254 15.425532 0.000000
      vertex 18.968254 19.893617 0.400000
      vertex 18.968254 15.425532 0.400000
    endloop
  endfacet
  facet normal 0.000000 0.000000 -1.000000
    outer loop
      vertex 24.365079 17.659574 0.000000
      vertex 25.634921 19.893617 0.000000
      vertex 25.634921 17.659574 0.000000
    endloop
  endfacet
  facet normal 0.000000 0.000000 -1.000000
    outer loop
      vertex 24.365079 17.659574 0.000000
      vertex 24.365079 19.893617 0.000000
      vertex 25.634921 19.893617 0.000000
    endloop
  endfacet
  facet normal 0.000000 0.000000 1.000000
    outer loop
      vertex 24.365079 17.659574 0.400000
      vertex 25.634921 17.659574 0.400000
      vertex 25.634921 19.893617 0.400000
    endloop
  endfacet
  facet normal 0.000000 0.000000 1.000000
    outer loop
      vertex 24.365079 17.659574 0.400000
      vertex 25.634921 19.893617 0.400000
      vertex 24.365079 19.893617 0.400000
    endloop
  endfacet
  facet normal 0.000000 -1.000000 0.000000
    outer loop
      vertex 24.365079 17.659574 0.000000
      vertex 25.634921 17.659574 0.000000
      vertex 25.634921 17.659574 0.400000
    endloop
  endfacet
  facet normal 0.000000 -1.000000 0.000000
    outer loop
      vertex 24.365079 17.659574 0.000000
      vertex 25.634921 17.659574 0.400000
      vertex 24.365079 17.659574 0.400000
    endloop
  endfacet
  facet normal 0.000000 1.000000 0.000000
    outer loop
      vertex 24.365079 19.893617 0.000000
      vertex 25.634921 19.893617 0.400000
      vertex 25.634921 19.893617 0.000000
    endloop
  endfacet
  facet normal 0.000000 1.000000 0.000000
    outer loop
      vertex 24.365079 19.893617 0.000000
      vertex 24.365079 19.893617 0.400000
      vertex 25.634921 19.893617 0.400000
    endloop
  endfacet
  facet normal -1.000000 0.000000 0.000000
    outer loop
      vertex 24.365079 17.659574 0.000000
      vertex 24.365079 17.659574 0.400000
      vertex 24.365079 19.893617 0.400000
    endloop
  endfacet
  facet normal -1.000000 0.000000 0.000000
    outer loop
      vertex 24.365079 17.659574 0.000000
      vertex 24.365079 19.893617 0.400000
      vertex 24.365079 19.893617 0.000000
    endloop
  endfacet
  facet normal 1.000000 0.000000 0.000000
    outer loop
      vertex 25.634921 17.659574 0.000000
      vertex 25.634921 19.893617 0.000000
      vertex 25.634921 19.893617 0.400000
    endloop
  endfacet
  facet normal 1.000000 0.000000 0.000000
    outer loop
      vertex 25.634921 17.659574 0.000000
      vertex 25.634921 19.893617 0.400000
      vertex 25.634921 17.659574 0.400000
    endloop
  endfacet
  facet normal 0.000000 0.000000 -1.000000
    outer loop
      vertex 28.174603 15.425532 0.000000
      vertex 28.492063 19.893617 0.000000
      vertex 28.492063 15.425532 0.000000
    endloop
  endfacet
  facet normal 0.000000 0.000000 -1.000000
    outer loop
      vertex 28.174603 15.425532 0.000000
      vertex 28.174603 19.893617 0.000000
      vertex 28.492063 19.893617 0.000000
    endloop
  endfacet
  facet normal 0.000000 0.000000 1.000000
    outer loop
      vertex 28.174603 15.425532 0.400000
      vertex 28.492063 15.425532 0.400000
      vertex 28.492063 19.893617 0.400000
    endloop
  endfacet
  facet normal 0.000000 0.000000 1.000000
    outer loop
      vertex 28.174603 15.425532 0.400000
      vertex 28.492063 19.893617 0.400000
      vertex 28.174603 19.893617 0.400000
    endloop
  endfacet
  facet normal 0.000000 -1.000000 0.000000
    outer loop
      vertex 28.174603 15.425532 0.000000
      vertex 28.492063 15.425532 0.000000
      vertex 28.492063 15.425532 0.400000
    endloop
  endfacet
  facet normal 0.000000 -1.000000 0.000000
    outer loop
      vertex 28.174603 15.425532 0.000000
      vertex 28.492063 15.425532 0.400000
      vertex 28.174603 15.425532 0.400000
    endloop
  endfacet
  facet normal 0.000000 1.000000 0.000000
    outer loop
      vertex 28.174603 19.893617 0.000000
      vertex 28.492063 19.893617 0.400000
      vertex 28.492063 19.893617 0.000000
    endloop
  endfacet
  facet normal 0.000000 1.000000 0.000000
    outer loop
      vertex 28.174603 19.893617 0.000000
      vertex 28.174603 19.893617 0.400000
      vertex 28.492063 19.893617 0.400000
    endloop
  endfacet
  facet normal -1.000000 0.000000 0.000000
    outer loop
      vertex 28.174603 15.425532 0.000000
      vertex 28.174603 15.425532 0.400000
      vertex 28.174603 19.893617 0.400000
    endloop
  endfacet
  facet normal -1.000000 0.000000 0.000000
    outer loop
      vertex 28.174603 15.425532 0.000000
      vertex 28.174603 19.893617 0.400000
      vertex 28.174603 19.893617 0.000000
    endloop
  endfacet
  facet normal 1.000000 0.000000 0.000000
    outer loop
      vertex 28.492063 15.425532 0.000000
      vertex 28.492063 19.893617 0.000000
      vertex 28.492063 19.893617 0.400000
    endloop
  endfacet
  facet normal 1.000000 0.000000 0.000000
    outer loop
      vertex 28.492063 15.425532 0.000000
      vertex 28.492063 19.893617 0.400000
      vertex 28.492063 15.425532 0.400000
    endloop
  endfacet
  facet normal 0.000000 0.000000 -1.000000
    outer loop
      vertex 42.142857 14.148936 0.000000
      vertex 42.777778 19.893617 0.000000
      vertex 42.777778 14.148936 0.000000
    endloop
  endfacet
  facet normal 0.000000 0.000000 -1.000000
    outer loop
      vertex 42.142857 14.148936 0.000000
      vertex 42.142857 19.893617 0.000000
      vertex 42.777778 19.893617 0.000000
    endloop
  endfacet
  facet normal 0.000000 0.000000 1.000000
    outer loop
      vertex 42.142857 14.148936 0.400000
      vertex 42.777778 14.148936 0.400000
      vertex 42.777778 19.893617 0.400000
    endloop
  endfacet
  facet normal 0.000000 0.000000 1.000000
    outer loop
      vertex 42.142857 14.148936 0.400000
      vertex 42.777778 19.893617 0.400000
      vertex 42.142857 19.893617 0.400000
    endloop
  endfacet
  facet normal 0.000000 -1.000000 0.000000
    outer loop
      vertex 42.142857 14.148936 0.000000
      vertex 42.777778 14.148936 0.000000
      vertex 42.777778 14.148936 0.400000
    endloop
  endfacet
  facet normal 0.000000 -1.000000 0.000000
    outer loop
      vertex 42.142857 14.148936 0.000000
      vertex 42.777778 14.148936 0.400000
      vertex 42.142857 14.148936 0.400000
    endloop
  endfacet
  facet normal 0.000000 1.000000 0.000000
    outer loop
      vertex 42.142857 19.893617 0.000000
      vertex 42.777778 19.893617 0.400000
      vertex 42.777778 19.893617 0.000000
    endloop
  endfacet
  facet normal 0.000000 1.000000 0.000000
    outer loop
      vertex 42.142857 19.893617 0.000000
      vertex 42.142857 19.893617 0.400000
      vertex 42.777778 19.893617 0.400000
    endloop
  endfacet
  facet normal -1.000000 0.000000 0.000000
    outer loop
      vertex 42.142857 14.148936 0.000000
      vertex 42.142857 14.148936 0.400000
      vertex 42.142857 19.893617 0.400000
    endloop
  endfacet
  facet normal -1.000000 0.000000 0.000000
    outer loop
      vertex 42.142857 14.148936 0.000000
      vertex 42.142857 19.893617 0.400000
      vertex 42.142857 19.893617 0.000000
    endloop
  endfacet
  facet normal 1.000000 0.000000 0.000000
    outer loop
      vertex 42.777778 14.148936 0.000000
      vertex 42.777778 19.893617 0.000000
      vertex 42.777778 19.893617 0.400000
    endloop
  endfacet
  facet normal 1.000000 0.000000 0.000000
    outer loop
      vertex 42.777778 14.148936 0.000000
      vertex 42.777778 19.893617 0.400000
      vertex 42.777778 14.148936 0.400000
    endloop
  endfacet
  facet normal 0.000000 0.000000 -1.000000
    outer loop
      vertex 6.269841 19.255319 0.000000
      vertex 7.857143 19.574468 0.000000
      vertex 7.857143 19.255319 0.000000
    endloop
  endfacet
  facet normal 0.000000 0.000000 -1.000000
    outer loop
      vertex 6.269841 19.255319 0.000000
      vertex 6.269841 19.574468 0.000000
      vertex 7.857143 19.574468 0.000000
    endloop
  endfacet
  facet normal 0.000000 0.000000 1.000000
    outer loop
      vertex 6.269841 19.255319 0.400000
      vertex 7.857143 19.255319 0.400000
      vertex 7.857143 19.574468 0.400000
    endloop
  endfacet
  facet normal 0.000000 0.000000 1.000000
    outer loop
      vertex 6.269841 19.255319 0.400000
      vertex 7.857143 19.574468 0.400000
      vertex 6.269841 19.574468 0.400000
    endloop
  endfacet
  facet normal 0.000000 -1.000000 0.000000
    outer loop
      vertex 6.269841 19.255319 0.000000
      vertex 7.857143 19.255319 0.000000
      vertex 7.857143 19.255319 0.400000
    endloop
  endfacet
  facet normal 0.000000 -1.000000 0.000000
    outer loop
      vertex 6.269841 19.255319 0.000000
      vertex 7.857143 19.255319 0.400000
      vertex 6.269841 19.255319 0.400000
    endloop
  endfacet
  facet normal 0.000000 1.000000 0.000000
    outer loop
      vertex 6.269841 19.574468 0.000000
      vertex 7.857143 19.574468 0.400000
      vertex 7.857143 19.574468 0.000000
    endloop
  endfacet
  facet normal 0.000000 1.000000 0.000000
    outer loop
      vertex 6.269841 19.574468 0.000000
      vertex 6.269841 19.574468 0.400000
      vertex 7.857143 19.574468 0.400000
    endloop
  endfacet
  facet normal -1.000000 0.000000 0.000000
    outer loop
      vertex 6.269841 19.255319 0.000000
      vertex 6.269841 19.255319 0.400000
      vertex 6.269841 19.574468 0.400000
    endloop
  endfacet
  facet normal -1.000000 0.000000 0.000000
    outer loop
      vertex 6.269841 19.255319 0.000000
      vertex 6.269841 19.574468 0.400000
      vertex 6.269841 19.574468 0.000000
    endloop
  endfacet
  facet normal 1.000000 0.000000 0.000000
    outer loop
      vertex 7.857143 19.255319 0.000000
      vertex 7.857143 19.574468 0.000000
      vertex 7.857143 19.574468 0.400000
    endloop
  endfacet
  facet normal 1.000000 0.000000 0.000000
    outer loop
      vertex 7.857143 19.255319 0.000000
      vertex 7.857143 19.574468 0.400000
      vertex 7.857143 19.255319 0.400000
    endloop
  endfacet
  facet normal 0.000000 0.000000 -1.000000
    outer loop
      vertex 6.269841 18.936170 0.000000
      vertex 7.539683 19.255319 0.000000
      vertex 7.539683 18.936170 0.000000
    endloop
  endfacet
  facet normal 0.000000 0.000000 -1.000000
    outer loop
      vertex 6.269841 18.936170 0.000000
      vertex 6.269841 19.255319 0.000000
      vertex 7.539683 19.255319 0.000000
    endloop
  endfacet
  facet normal 0.000000 0.000000 1.000000
    outer loop
      vertex 6.269841 18.936170 0.400000
      vertex 7.539683 18.936170 0.400000
      vertex 7.539683 19.255319 0.400000
    endloop
  endfacet
  facet normal 0.000000 0.000000 1.000000
    outer loop
      vertex 6.269841 18.936170 0.400000
      vertex 7.539683 19.255319 0.400000
      vertex 6.269841 19.255319 0.400000
    endloop
  endfacet
  facet normal 0.000000 -1.000000 0.000000
    outer loop
      vertex 6.269841 18.936170 0.000000
      vertex 7.539683 18.936170 0.000000
      vertex 7.539683 18.936170 0.400000
    endloop
  endfacet
  facet normal 0.000000 -1.000000 0.000000
    outer loop
      vertex 6.269841 18.936170 0.000000
      vertex 7.539683 18.936170 0.400000
      vertex 6.269841 18.936170 0.400000
    endloop
  endfacet
  facet normal 0.000000 1.000000 0.000000
    outer loop
      vertex 6.269841 19.255319 0.000000
      vertex 7.539683 19.255319 0.400000
      vertex 7.539683 19.255319 0.000000
    endloop
  endfacet
  facet normal 0.000000 1.000000 0.000000
    outer loop
      vertex 6.269841 19.255319 0.000000
      vertex 6.269841 19.255319 0.400000
      vertex 7.539683 19.255319 0.400000
    endloop
  endfacet
  facet normal -1.000000 0.000000 0.000000
    outer loop
      vertex 6.269841 18.936170 0.000000
      vertex 6.269841 18.936170 0.400000
      vertex 6.269841 19.255319 0.400000
    endloop
  endfacet
  facet normal -1.000000 0.000000 0.000000
    outer loop
      vertex 6.269841 18.936170 0.000000
      vertex 6.269841 19.255319 0.400000
      vertex 6.269841 19.255319 0.000000
    endloop
  endfacet
  facet normal 1.000000 0.000000 0.000000
    outer loop
      vertex 7.539683 18.936170 0.000000
      vertex 7.539683 19.255319 0.000000
      vertex 7.539683 19.255319 0.400000
    endloop
  endfacet
  facet normal 1.000000 0.000000 0.000000
    outer loop
      vertex 7.539683 18.936170 0.000000
      vertex 7.539683 19.255319 0.400000
      vertex 7.539683 18.936170 0.400000
    endloop
  endfacet
  facet normal 0.000000 0.000000 -1.000000
    outer loop
      vertex 6.269841 18.297872 0.000000
      vertex 7.222222 18.936170 0.000000
      vertex 7.222222 18.297872 0.000000
    endloop
  endfacet
  facet normal 0.000000 0.000000 -1.000000
    outer loop
      vertex 6.269841 18.297872 0.000000
      vertex 6.269841 18.936170 0.000000
      vertex 7.222222 18.936170 0.000000
    endloop
  endfacet
  facet normal 0.000000 0.000000 1.000000
    outer loop
      vertex 6.269841 18.297872 0.400000
      vertex 7.222222 18.297872 0.400000
      vertex 7.222222 18.936170 0.400000
    endloop
  endfacet
  facet normal 0.000000 0.000000 1.000000
    outer loop
      vertex 6.269841 18.297872 0.400000
      vertex 7.222222 18.936170 0.400000
      vertex 6.269841 18.936170 0.400000
    endloop
  endfacet
  facet normal 0.000000 -1.000000 0.000000
    outer loop
      vertex 6.269841 18.297872 0.000000
      vertex 7.222222 18.297872 0.000000
      vertex 7.222222 18.297872 0.400000
    endloop
  endfacet
  facet normal 0.000000 -1.000000 0.000000
    outer loop
      vertex 6.269841 18.297872 0.000000
      vertex 7.222222 18.297872 0.400000
      vertex 6.269841 18.297872 0.400000
    endloop
  endfacet
  facet normal 0.000000 1.000000 0.000000
    outer loop
      vertex 6.269841 18.936170 0.000000
      vertex 7.222222 18.936170 0.400000
      vertex 7.222222 18.936170 0.000000
    endloop
  endfacet
  facet normal 0.000000 1.000000 0.000000
    outer loop
      vertex 6.269841 18.936170 0.000000
      vertex 6.269841 18.936170 0.400000
      vertex 7.222222 18.936170 0.400000
    endloop
  endfacet
  facet normal -1.000000 0.000000 0.000000
    outer loop
      vertex 6.269841 18.297872 0.000000
      vertex 6.269841 18.297872 0.400000
      vertex 6.269841 18.936170 0.400000
    endloop
  endfacet
  facet normal -1.000000 0.000000 0.000000
    outer loop
      vertex 6.269841 18.297872 0.000000
      vertex 6.269841 18.936170 0.400000
      vertex 6.269841 18.936170 0.000000
    endloop
  endfacet
  facet normal 1.000000 0.000000 0.000000
    outer loop
      vertex 7.222222 18.297872 0.000000
      vertex 7.222222 18.936170 0.000000
      vertex 7.222222 18.936170 0.400000
    endloop
  endfacet
  facet normal 1.000000 0.000000 0.000000
    outer loop
      vertex 7.222222 18.297872 0.000000
      vertex 7.222222 18.936170 0.400000
      vertex 7.222222 18.297872 0.400000
    endloop
  endfacet
  facet normal 0.000000 0.000000 -1.000000
    outer loop
      vertex 10.079365 17.340426 0.000000
      vertex 12.619048 18.617021 0.000000
      vertex 12.619048 17.340426 0.000000
    endloop
  endfacet
  facet normal 0.000000 0.000000 -1.000000
    outer loop
      vertex 10.079365 17.340426 0.000000
      vertex 10.079365 18.617021 0.000000
      vertex 12.619048 18.617021 0.000000
    endloop
  endfacet
  facet normal 0.000000 0.000000 1.000000
    outer loop
      vertex 10.079365 17.340426 0.400000
      vertex 12.619048 17.340426 0.400000
      vertex 12.619048 18.617021 0.400000
    endloop
  endfacet
  facet normal 0.000000 0.000000 1.000000
    outer loop
      vertex 10.079365 17.340426 0.400000
      vertex 12.619048 18.617021 0.400000
      vertex 10.079365 18.617021 0.400000
    endloop
  endfacet
  facet normal 0.000000 -1.000000 0.000000
    outer loop
      vertex 10.079365 17.340426 0.000000
      vertex 12.619048 17.340426 0.000000
      vertex 12.619048 17.340426 0.400000
    endloop
  endfacet
  facet normal 0.000000 -1.000000 0.000000
    outer loop
      vertex 10.079365 17.340426 0.000000
      vertex 12.619048 17.340426 0.400000
      vertex 10.079365 17.340426 0.400000
    endloop
  endfacet
  facet normal 0.000000 1.000000 0.000000
    outer loop
      vertex 10.079365 18.617021 0.000000
      vertex 12.619048 18.617021 0.400000
      vertex 12.619048 18.617021 0.000000
    endloop
  endfacet
  facet normal 0.000000 1.000000 0.000000
    outer loop
      vertex 10.079365 18.617021 0.000000
      vertex 10.079365 18.617021 0.400000
      vertex 12.619048 18.617021 0.400000
    endloop
  endfacet
  facet normal -1.000000 0.000000 0.000000
    outer loop
      vertex 10.079365 17.340426 0.000000
      vertex 10.079365 17.340426 0.400000
      vertex 10.079365 18.617021 0.400000
    endloop
  endfacet
  facet normal -1.000000 0.000000 0.000000
    outer loop
      vertex 10.079365 17.340426 0.000000
      vertex 10.079365 18.617021 0.400000
      vertex 10.079365 18.617021 0.000000
    endloop
  endfacet
  facet normal 1.000000 0.000000 0.000000
    outer loop
      vertex 12.619048 17.340426 0.000000
      vertex 12.619048 18.617021 0.000000
      vertex 12.619048 18.617021 0.400000
    endloop
  endfacet
  facet normal 1.000000 0.000000 0.000000
    outer loop
      vertex 12.619048 17.340426 0.000000
      vertex 12.619048 18.617021 0.400000
      vertex 12.619048 17.340426 0.400000
    endloop
  endfacet
  facet normal 0.000000 0.000000 -1.000000
    outer loop
      vertex 21.507937 16.382979 0.000000
      vertex 21.825397 18.617021 0.000000
      vertex 21.825397 16.382979 0.000000
    endloop
  endfacet
  facet normal 0.000000 0.000000 -1.000000
    outer loop
      vertex 21.507937 16.382979 0.000000
      vertex 21.507937 18.617021 0.000000
      vertex 21.825397 18.617021 0.000000
    endloop
  endfacet
  facet normal 0.000000 0.000000 1.000000
    outer loop
      vertex 21.507937 16.382979 0.400000
      vertex 21.825397 16.382979 0.400000
      vertex 21.825397 18.617021 0.400000
    endloop
  endfacet
  facet normal 0.000000 0.000000 1.000000
    outer loop
      vertex 21.507937 16.382979 0.400000
      vertex 21.825397 18.617021 0.400000
      vertex 21.507937 18.617021 0.400000
    endloop
  endfacet
  facet normal 0.000000 -1.000000 0.000000
    outer loop
      vertex 21.507937 16.382979 0.000000
      vertex 21.825397 16.382979 0.000000
      vertex 21.825397 16.382979 0.400000
    endloop
  endfacet
  facet normal 0.000000 -1.000000 0.000000
    outer loop
      vertex 21.507937 16.382979 0.000000
      vertex 21.825397 16.382979 0.400000
      vertex 21.507937 16.382979 0.400000
    endloop
  endfacet
  facet normal 0.000000 1.000000 0.000000
    outer loop
      vertex 21.507937 18.617021 0.000000
      vertex 21.825397 18.617021 0.400000
      vertex 21.825397 18.617021 0.000000
    endloop
  endfacet
  facet normal 0.000000 1.000000 0.000000
    outer loop
      vertex 21.507937 18.617021 0.000000
      vertex 21.507937 18.617021 0.400000
      vertex 21.825397 18.617021 0.400000
    endloop
  endfacet
  facet normal -1.000000 0.000000 0.000000
    outer loop
      vertex 21.507937 16.382979 0.000000
      vertex 21.507937 16.382979 0.400000
      vertex 21.507937 18.617021 0.400000
    endloop
  endfacet
  facet normal -1.000000 0.000000 0.000000
    outer loop
      vertex 21.507937 16.382979 0.000000
      vertex 21.507937 18.617021 0.400000
      vertex 21.507937 18.617021 0.000000
    endloop
  endfacet
  facet normal 1.000000 0.000000 0.000000
    outer loop
      vertex 21.825397 16.382979 0.000000
      vertex 21.825397 18.617021 0.000000
      vertex 21.825397 18.617021 0.400000
    endloop
  endfacet
  facet normal 1.000000 0.000000 0.000000
    outer loop
      vertex 21.825397 16.382979 0.000000
      vertex 21.825397 18.617021 0.400000
      vertex 21.825397 16.382979 0.400000
    endloop
  endfacet
  facet normal 0.000000 0.000000 -1.000000
    outer loop
      vertex 31.031746 16.382979 0.000000
      vertex 31.349206 18.617021 0.000000
      vertex 31.349206 16.382979 0.000000
    endloop
  endfacet
  facet normal 0.000000 0.000000 -1.000000
    outer loop
      vertex 31.031746 16.382979 0.000000
      vertex 31.031746 18.617021 0.000000
      vertex 31.349206 18.617021 0.000000
    endloop
  endfacet
  facet normal 0.000000 0.000000 1.000000
    outer loop
      vertex 31.031746 16.382979 0.400000
      vertex 31.349206 16.382979 0.400000
      vertex 31.349206 18.617021 0.400000
    endloop
  endfacet
  facet normal 0.000000 0.000000 1.000000
    outer loop
      vertex 31.031746 16.382979 0.400000
      vertex 31.349206 18.617021 0.400000
      vertex 31.031746 18.617021 0.400000
    endloop
  endfacet
  facet normal 0.000000 -1.000000 0.000000
    outer loop
      vertex 31.031746 16.382979 0.000000
      vertex 31.349206 16.382979 0.000000
      vertex 31.349206 16.382979 0.400000
    endloop
  endfacet
  facet normal 0.000000 -1.000000 0.000000
    outer loop
      vertex 31.031746 16.382979 0.000000
      vertex 31.349206 16.382979 0.400000
      vertex 31.031746 16.382979 0.400000
    endloop
  endfacet
  facet normal 0.000000 1.000000 0.000000
    outer loop
      vertex 31.031746 18.617021 0.000000
      vertex 31.349206 18.617021 0.400000
      vertex 31.349206 18.617021 0.000000
    endloop
  endfacet
  facet normal 0.000000 1.000000 0.000000
    outer loop
      vertex 31.031746 18.617021 0.000000
      vertex 31.031746 18.617021 0.400000
      vertex 31.349206 18.617021 0.400000
    endloop
  endfacet
  facet normal -1.000000 0.000000 0.000000
    outer loop
      vertex 31.031746 16.382979 0.000000
      vertex 31.031746 16.382979 0.400000
      vertex 31.031746 18.617021 0.400000
    endloop
  endfacet
  facet normal -1.000000 0.000000 0.000000
    outer loop
      vertex 31.031746 16.382979 0.000000
      vertex 31.031746 18.617021 0.400000
      vertex 31.031746 18.617021 0.000000
    endloop
  endfacet
  facet normal 1.000000 0.000000 0.000000
    outer loop
      vertex 31.349206 16.382979 0.000000
      vertex 31.349206 18.617021 0.000000
      vertex 31.349206 18.617021 0.400000
    endloop
  endfacet
  facet normal 1.000000 0.000000 0.000000
    outer loop
      vertex 31.349206 16.382979 0.000000
      vertex 31.349206 18.617021 0.400000
      vertex 31.349206 16.382979 0.400000
    endloop
  endfacet
  facet normal 0.000000 0.000000 -1.000000
    outer loop
      vertex 6.269841 10.000000 0.000000
      vertex 6.904762 18.297872 0.000000
      vertex 6.904762 10.000000 0.000000
    endloop
  endfacet
  facet normal 0.000000 0.000000 -1.000000
    outer loop
      vertex 6.269841 10.000000 0.000000
      vertex 6.269841 18.297872 0.000000
      vertex 6.904762 18.297872 0.000000
    endloop
  endfacet
  facet normal 0.000000 0.000000 1.000000
    outer loop
      vertex 6.269841 10.000000 0.400000
      vertex 6.904762 10.000000 0.400000
      vertex 6.904762 18.297872 0.400000
    endloop
  endfacet
  facet normal 0.000000 0.000000 1.000000
    outer loop
      vertex 6.269841 10.000000 0.400000
      vertex 6.904762 18.297872 0.400000
      vertex 6.269841 18.297872 0.400000
    endloop
  endfacet
  facet normal 0.000000 -1.000000 0.000000
    outer loop
      vertex 6.269841 10.000000 0.000000
      vertex 6.904762 10.000000 0.000000
      vertex 6.904762 10.000000 0.400000
    endloop
  endfacet
  facet normal 0.000000 -1.000000 0.000000
    outer loop
      vertex 6.269841 10.000000 0.000000
      vertex 6.904762 10.000000 0.400000
      vertex 6.269841 10.000000 0.400000
    endloop
  endfacet
  facet normal 0.000000 1.000000 0.000000
    outer loop
      vertex 6.269841 18.297872 0.000000
      vertex 6.904762 18.297872 0.400000
      vertex 6.904762 18.297872 0.000000
    endloop
  endfacet
  facet normal 0.000000 1.000000 0.000000
    outer loop
      vertex 6.269841 18.297872 0.000000
      vertex 6.269841 18.297872 0.400000
      vertex 6.904762 18.297872 0.400000
    endloop
  endfacet
  facet normal -1.000000 0.000000 0.000000
    outer loop
      vertex 6.269841 10.000000 0.000000
      vertex 6.269841 10.000000 0.400000
      vertex 6.269841 18.297872 0.400000
    endloop
  endfacet
  facet normal -1.000000 0.000000 0.000000
    outer loop
      vertex 6.269841 10.000000 0.000000
      vertex 6.269841 18.297872 0.400000
      vertex 6.269841 18.297872 0.000000
    endloop
  endfacet
  facet normal 1.000000 0.000000 0.000000
    outer loop
      vertex 6.904762 10.000000 0.000000
      vertex 6.904762 18.297872 0.000000
      vertex 6.904762 18.297872 0.400000
    endloop
  endfacet
  facet normal 1.000000 0.000000 0.000000
    outer loop
      vertex 6.904762 10.000000 0.000000
      vertex 6.904762 18.297872 0.400000
      vertex 6.904762 10.000000 0.400000
    endloop
  endfacet
  facet normal 0.000000 0.000000 -1.000000
    outer loop
      vertex 9.444444 17.340426 0.000000
      vertex 10.079365 18.297872 0.000000
      vertex 10.079365 17.340426 0.000000
    endloop
  endfacet
  facet normal 0.000000 0.000000 -1.000000
    outer loop
      vertex 9.444444 17.340426 0.000000
      vertex 9.444444 18.297872 0.000000
      vertex 10.079365 18.297872 0.000000
    endloop
  endfacet
  facet normal 0.000000 0.000000 1.000000
    outer loop
      vertex 9.444444 17.340426 0.400000
      vertex 10.079365 17.340426 0.400000
      vertex 10.079365 18.297872 0.400000
    endloop
  endfacet
  facet normal 0.000000 0.000000 1.000000
    outer loop
      vertex 9.444444 17.340426 0.400000
      vertex 10.079365 18.297872 0.400000
      vertex 9.444444 18.297872 0.400000
    endloop
  endfacet
  facet normal 0.000000 -1.000000 0.000000
    outer loop
      vertex 9.444444 17.340426 0.000000
      vertex 10.079365 17.340426 0.000000
      vertex 10.079365 17.340426 0.400000
    endloop
  endfacet
  facet normal 0.000000 -1.000000 0.000000
    outer loop
      vertex 9.444444 17.340426 0.000000
      vertex 10.079365 17.340426 0.400000
      vertex 9.444444 17.340426 0.400000
    endloop
  endfacet
  facet normal 0.000000 1.000000 0.000000
    outer loop
      vertex 9.444444 18.297872 0.000000
      vertex 10.079365 18.297872 0.400000
      vertex 10.079365 18.297872 0.000000
    endloop
  endfacet
  facet normal 0.000000 1.000000 0.000000
    outer loop
      vertex 9.444444 18.297872 0.000000
      vertex 9.444444 18.297872 0.400000
      vertex 10.079365 18.297872 0.400000
    endloop
  endfacet
  facet normal -1.000000 0.000000 0.000000
    outer loop
      vertex 9.444444 17.340426 0.000000
      vertex 9.444444 17.340426 0.400000
      vertex 9.444444 18.297872 0.400000
    endloop
  endfacet
  facet normal -1.000000 0.000000 0.000000
    outer loop
      vertex 9.444444 17.340426 0.000000
      vertex 9.444444 18.297872 0.400000
      vertex 9.444444 18.297872 0.000000
    endloop
  endfacet
  facet normal 1.000000 0.000000 0.000000
    outer loop
      vertex 10.079365 17.340426 0.000000
      vertex 10.079365 18.297872 0.000000
      vertex 10.079365 18.297872 0.400000
    endloop
  endfacet
  facet normal 1.000000 0.000000 0.000000
    outer loop
      vertex 10.079365 17.340426 0.000000
      vertex 10.079365 18.297872 0.400000
      vertex 10.079365 17.340426 0.400000
    endloop
  endfacet
  facet normal 0.000000 0.000000 -1.000000
    outer loop
      vertex 12.619048 17.021277 0.000000
      vertex 13.571429 18.297872 0.000000
      vertex 13.571429 17.021277 0.000000
    endloop
  endfacet
  facet normal 0.000000 0.000000 -1.000000
    outer loop
      vertex 12.619048 17.021277 0.000000
      vertex 12.619048 18.297872 0.000000
      vertex 13.571429 18.297872 0.000000
    endloop
  endfacet
  facet normal 0.000000 0.000000 1.000000
    outer loop
      vertex 12.619048 17.021277 0.400000
      vertex 13.571429 17.021277 0.400000
      vertex 13.571429 18.297872 0.400000
    endloop
  endfacet
  facet normal 0.000000 0.000000 1.000000
    outer loop
      vertex 12.619048 17.021277 0.400000
      vertex 13.571429 18.297872 0.400000
      vertex 12.619048 18.297872 0.400000
    endloop
  endfacet
  facet normal 0.000000 -1.000000 0.000000
    outer loop
      vertex 12.619048 17.021277 0.000000
      vertex 13.571429 17.021277 0.000000
      vertex 13.571429 17.021277 0.400000
    endloop
  endfacet
  facet normal 0.000000 -1.000000 0.000000
    outer loop
      vertex 12.619048 17.021277 0.000000
      vertex 13.571429 17.021277 0.400000
      vertex 12.619048 17.021277 0.400000
    endloop
  endfacet
  facet normal 0.000000 1.000000 0.000000
    outer loop
      vertex 12.619048 18.297872 0.000000
      vertex 13.571429 18.297872 0.400000
      vertex 13.571429 18.297872 0.000000
    endloop
  endfacet
  facet normal 0.000000 1.000000 0.000000
    outer loop
      vertex 12.619048 18.297872 0.000000
      vertex 12.619048 18.297872 0.400000
      vertex 13.571429 18.297872 0.400000
    endloop
  endfacet
  facet normal -1.000000 0.000000 0.000000
    outer loop
      vertex 12.619048 17.021277 0.000000
      vertex 12.619048 17.021277 0.400000
      vertex 12.619048 18.297872 0.400000
    endloop
  endfacet
  facet normal -1.000000 0.000000 0.000000
    outer loop
      vertex 12.619048 17.021277 0.000000
      vertex 12.619048 18.297872 0.400000
      vertex 12.619048 18.297872 0.000000
    endloop
  endfacet
  facet normal 1.000000 0.000000 0.000000
    outer loop
      vertex 13.571429 17.021277 0.000000
      vertex 13.571429 18.297872 0.000000
      vertex 13.571429 18.297872 0.400000
    endloop
  endfacet
  facet normal 1.000000 0.000000 0.000000
    outer loop
      vertex 13.571429 17.021277 0.000000
      vertex 13.571429 18.297872 0.400000
      vertex 13.571429 17.021277 0.400000
    endloop
  endfacet
  facet normal 0.000000 0.000000 -1.000000
    outer loop
      vertex 13.571429 16.702128 0.000000
      vertex 13.888889 17.978723 0.000000
      vertex 13.888889 16.702128 0.000000
    endloop
  endfacet
  facet normal 0.000000 0.000000 -1.000000
    outer loop
      vertex 13.571429 16.702128 0.000000
      vertex 13.571429 17.978723 0.000000
      vertex 13.888889 17.978723 0.000000
    endloop
  endfacet
  facet normal 0.000000 0.000000 1.000000
    outer loop
      vertex 13.571429 16.702128 0.400000
      vertex 13.888889 16.702128 0.400000
      vertex 13.888889 17.978723 0.400000
    endloop
  endfacet
  facet normal 0.000000 0.000000 1.000000
    outer loop
      vertex 13.571429 16.702128 0.400000
      vertex 13.888889 17.978723 0.400000
      vertex 13.571429 17.978723 0.400000
    endloop
  endfacet
  facet normal 0.000000 -1.000000 0.000000
    outer loop
      vertex 13.571429 16.702128 0.000000
      vertex 13.888889 16.702128 0.000000
      vertex 13.888889 16.702128 0.400000
    endloop
  endfacet
  facet normal 0.000000 -1.000000 0.000000
    outer loop
      vertex 13.571429 16.702128 0.000000
      vertex 13.888889 16.702128 0.400000
      vertex 13.571429 16.702128 0.400000
    endloop
  endfacet
  facet normal 0.000000 1.000000 0.000000
    outer loop
      vertex 13.571429 17.978723 0.000000
      vertex 13.888889 17.978723 0.400000
      vertex 13.888889 17.978723 0.000000
    endloop
  endfacet
  facet normal 0.000000 1.000000 0.000000
    outer loop
      vertex 13.571429 17.978723 0.000000
      vertex 13.571429 17.978723 0.400000
      vertex 13.888889 17.978723 0.400000
    endloop
  endfacet
  facet normal -1.000000 0.000000 0.000000
    outer loop
      vertex 13.571429 16.702128 0.000000
      vertex 13.571429 16.702128 0.400000
      vertex 13.571429 17.978723 0.400000
    endloop
  endfacet
  facet normal -1.000000 0.000000 0.000000
    outer loop
      vertex 13.571429 16.702128 0.000000
      vertex 13.571429 17.978723 0.400000
      vertex 13.571429 17.978723 0.000000
    endloop
  endfacet
  facet normal 1.000000 0.000000 0.000000
    outer loop
      vertex 13.888889 16.702128 0.000000
      vertex 13.888889 17.978723 0.000000
      vertex 13.888889 17.978723 0.400000
    endloop
  endfacet
  facet normal 1.000000 0.000000 0.000000
    outer loop
      vertex 13.888889 16.702128 0.000000
      vertex 13.888889 17.978723 0.400000
      vertex 13.888889 16.702128 0.400000
    endloop
  endfacet
  facet normal 0.000000 0.000000 -1.000000
    outer loop
      vertex 13.888889 16.382979 0.000000
      vertex 15.793651 17.659574 0.000000
      vertex 15.793651 16.382979 0.000000
    endloop
  endfacet
  facet normal 0.000000 0.000000 -1.000000
    outer loop
      vertex 13.888889 16.382979 0.000000
      vertex 13.888889 17.659574 0.000000
      vertex 15.793651 17.659574 0.000000
    endloop
  endfacet
  facet normal 0.000000 0.000000 1.000000
    outer loop
      vertex 13.888889 16.382979 0.400000
      vertex 15.793651 16.382979 0.400000
      vertex 15.793651 17.659574 0.400000
    endloop
  endfacet
  facet normal 0.000000 0.000000 1.000000
    outer loop
      vertex 13.888889 16.382979 0.400000
      vertex 15.793651 17.659574 0.400000
      vertex 13.888889 17.659574 0.400000
    endloop
  endfacet
  facet normal 0.000000 -1.000000 0.000000
    outer loop
      vertex 13.888889 16.382979 0.000000
      vertex 15.793651 16.382979 0.000000
      vertex 15.793651 16.382979 0.400000
    endloop
  endfacet
  facet normal 0.000000 -1.000000 0.000000
    outer loop
      vertex 13.888889 16.382979 0.000000
      vertex 15.793651 16.382979 0.400000
      vertex 13.888889 16.382979 0.400000
    endloop
  endfacet
  facet normal 0.000000 1.000000 0.000000
    outer loop
      vertex 13.888889 17.659574 0.000000
      vertex 15.793651 17.659574 0.400000
      vertex 15.793651 17.659574 0.000000
    endloop
  endfacet
  facet normal 0.000000 1.000000 0.000000
    outer loop
      vertex 13.888889 17.659574 0.000000
      vertex 13.888889 17.659574 0.400000
      vertex 15.793651 17.659574 0.400000
    endloop
  endfacet
  facet normal -1.000000 0.000000 0.000000
    outer loop
      vertex 13.888889 16.382979 0.000000
      vertex 13.888889 16.382979 0.400000
      vertex 13.888889 17.659574 0.400000
    endloop
  endfacet
  facet normal -1.000000 0.000000 0.000000
    outer loop
      vertex 13.888889 16.382979 0.000000
      vertex 13.888889 17.659574 0.400000
      vertex 13.888889 17.659574 0.000000
    endloop
  endfacet
  facet normal 1.000000 0.000000 0.000000
    outer loop
      vertex 15.793651 16.382979 0.000000
      vertex 15.793651 17.659574 0.000000
      vertex 15.793651 17.659574 0.400000
    endloop
  endfacet
  facet normal 1.000000 0.000000 0.000000
    outer loop
      vertex 15.793651 16.382979 0.000000
      vertex 15.793651 17.659574 0.400000
      vertex 15.793651 16.382979 0.400000
    endloop
  endfacet
  facet normal 0.000000 0.000000 -1.000000
    outer loop
      vertex 24.365079 10.000000 0.000000
      vertex 25.317460 17.659574 0.000000
      vertex 25.317460 10.000000 0.000000
    endloop
  endfacet
  facet normal 0.000000 0.000000 -1.000000
    outer loop
      vertex 24.365079 10.000000 0.000000
      vertex 24.365079 17.659574 0.000000
      vertex 25.317460 17.659574 0.000000
    endloop
  endfacet
  facet normal 0.000000 0.000000 1.000000
    outer loop
      vertex 24.365079 10.000000 0.400000
      vertex 25.317460 10.000000 0.400000
      vertex 25.317460 17.659574 0.400000
    endloop
  endfacet
  facet normal 0.000000 0.000000 1.000000
    outer loop
      vertex 24.365079 10.000000 0.400000
      vertex 25.317460 17.659574 0.400000
      vertex 24.365079 17.659574 0.400000
    endloop
  endfacet
  facet normal 0.000000 -1.000000 0.000000
    outer loop
      vertex 24.365079 10.000000 0.000000
      vertex 25.317460 10.000000 0.000000
      vertex 25.317460 10.000000 0.400000
    endloop
  endfacet
  facet normal 0.000000 -1.000000 0.000000
    outer loop
      vertex 24.365079 10.000000 0.000000
      vertex 25.317460 10.000000 0.400000
      vertex 24.365079 10.000000 0.400000
    endloop
  endfacet
  facet normal 0.000000 1.000000 0.000000
    outer loop
      vertex 24.365079 17.659574 0.000000
      vertex 25.317460 17.659574 0.400000
      vertex 25.317460 17.659574 0.000000
    endloop
  endfacet
  facet normal 0.000000 1.000000 0.000000
    outer loop
      vertex 24.365079 17.659574 0.000000
      vertex 24.365079 17.659574 0.400000
      vertex 25.317460 17.659574 0.400000
    endloop
  endfacet
  facet normal -1.000000 0.000000 0.000000
    outer loop
      vertex 24.365079 10.000000 0.000000
      vertex 24.365079 10.000000 0.400000
      vertex 24.365079 17.659574 0.400000
    endloop
  endfacet
  facet normal -1.000000 0.000000 0.000000
    outer loop
      vertex 24.365079 10.000000 0.000000
      vertex 24.365079 17.659574 0.400000
      vertex 24.365079 17.659574 0.000000
    endloop
  endfacet
  facet normal 1.000000 0.000000 0.000000
    outer loop
      vertex 25.317460 10.000000 0.000000
      vertex 25.317460 17.659574 0.000000
      vertex 25.317460 17.659574 0.400000
    endloop
  endfacet
  facet normal 1.000000 0.000000 0.000000
    outer loop
      vertex 25.317460 10.000000 0.000000
      vertex 25.317460 17.659574 0.400000
      vertex 25.317460 10.000000 0.400000
    endloop
  endfacet
  facet normal 0.000000 0.000000 -1.000000
    outer loop
      vertex 12.301587 17.021277 0.000000
      vertex 12.619048 17.340426 0.000000
      vertex 12.619048 17.021277 0.000000
    endloop
  endfacet
  facet normal 0.000000 0.000000 -1.000000
    outer loop
      vertex 12.301587 17.021277 0.000000
      vertex 12.301587 17.340426 0.000000
      vertex 12.619048 17.340426 0.000000
    endloop
  endfacet
  facet normal 0.000000 0.000000 1.000000
    outer loop
      vertex 12.301587 17.021277 0.400000
      vertex 12.619048 17.021277 0.400000
      vertex 12.619048 17.340426 0.400000
    endloop
  endfacet
  facet normal 0.000000 0.000000 1.000000
    outer loop
      vertex 12.301587 17.021277 0.400000
      vertex 12.619048 17.340426 0.400000
      vertex 12.301587 17.340426 0.400000
    endloop
  endfacet
  facet normal 0.000000 -1.000000 0.000000
    outer loop
      vertex 12.301587 17.021277 0.000000
      vertex 12.619048 17.021277 0.000000
      vertex 12.619048 17.021277 0.400000
    endloop
  endfacet
  facet normal 0.000000 -1.000000 0.000000
    outer loop
      vertex 12.301587 17.021277 0.000000
      vertex 12.619048 17.021277 0.400000
      vertex 12.301587 17.021277 0.400000
    endloop
  endfacet
  facet normal 0.000000 1.000000 0.000000
    outer loop
      vertex 12.301587 17.340426 0.000000
      vertex 12.619048 17.340426 0.400000
      vertex 12.619048 17.340426 0.000000
    endloop
  endfacet
  facet normal 0.000000 1.000000 0.000000
    outer loop
      vertex 12.301587 17.340426 0.000000
      vertex 12.301587 17.340426 0.400000
      vertex 12.619048 17.340426 0.400000
    endloop
  endfacet
  facet normal -1.000000 0.000000 0.000000
    outer loop
      vertex 12.301587 17.021277 0.000000
      vertex 12.301587 17.021277 0.400000
      vertex 12.301587 17.340426 0.400000
    endloop
  endfacet
  facet normal -1.000000 0.000000 0.000000
    outer loop
      vertex 12.301587 17.021277 0.000000
      vertex 12.301587 17.340426 0.400000
      vertex 12.301587 17.340426 0.000000
    endloop
  endfacet
  facet normal 1.000000 0.000000 0.000000
    outer loop
      vertex 12.619048 17.021277 0.000000
      vertex 12.619048 17.340426 0.000000
      vertex 12.619048 17.340426 0.400000
    endloop
  endfacet
  facet normal 1.000000 0.000000 0.000000
    outer loop
      vertex 12.619048 17.021277 0.000000
      vertex 12.619048 17.340426 0.400000
      vertex 12.619048 17.021277 0.400000
    endloop
  endfacet
  facet normal 0.000000 0.000000 -1.000000
    outer loop
      vertex 15.793651 10.000000 0.000000
      vertex 16.111111 17.340426 0.000000
      vertex 16.111111 10.000000 0.000000
    endloop
  endfacet
  facet normal 0.000000 0.000000 -1.000000
    outer loop
      vertex 15.793651 10.000000 0.000000
      vertex 15.793651 17.340426 0.000000
      vertex 16.111111 17.340426 0.000000
    endloop
  endfacet
  facet normal 0.000000 0.000000 1.000000
    outer loop
      vertex 15.793651 10.000000 0.400000
      vertex 16.111111 10.000000 0.400000
      vertex 16.111111 17.340426 0.400000
    endloop
  endfacet
  facet normal 0.000000 0.000000 1.000000
    outer loop
      vertex 15.793651 10.000000 0.400000
      vertex 16.111111 17.340426 0.400000
      vertex 15.793651 17.340426 0.400000
    endloop
  endfacet
  facet normal 0.000000 -1.000000 0.000000
    outer loop
      vertex 15.793651 10.000000 0.000000
      vertex 16.111111 10.000000 0.000000
      vertex 16.111111 10.000000 0.400000
    endloop
  endfacet
  facet normal 0.000000 -1.000000 0.000000
    outer loop
      vertex 15.793651 10.000000 0.000000
      vertex 16.111111 10.000000 0.400000
      vertex 15.793651 10.000000 0.400000
    endloop
  endfacet
  facet normal 0.000000 1.000000 0.000000
    outer loop
      vertex 15.793651 17.340426 0.000000
      vertex 16.111111 17.340426 0.400000
      vertex 16.111111 17.340426 0.000000
    endloop
  endfacet
  facet normal 0.000000 1.000000 0.000000
    outer loop
      vertex 15.793651 17.340426 0.000000
      vertex 15.793651 17.340426 0.400000
      vertex 16.111111 17.340426 0.400000
    endloop
  endfacet
  facet normal -1.000000 0.000000 0.000000
    outer loop
      vertex 15.793651 10.000000 0.000000
      vertex 15.793651 10.000000 0.400000
      vertex 15.793651 17.340426 0.400000
    endloop
  endfacet
  facet normal -1.000000 0.000000 0.000000
    outer loop
      vertex 15.793651 10.000000 0.000000
      vertex 15.793651 17.340426 0.400000
      vertex 15.793651 17.340426 0.000000
    endloop
  endfacet
  facet normal 1.000000 0.000000 0.000000
    outer loop
      vertex 16.111111 10.000000 0.000000
      vertex 16.111111 17.340426 0.000000
      vertex 16.111111 17.340426 0.400000
    endloop
  endfacet
  facet normal 1.000000 0.000000 0.000000
    outer loop
      vertex 16.111111 10.000000 0.000000
      vertex 16.111111 17.340426 0.400000
      vertex 16.111111 10.000000 0.400000
    endloop
  endfacet
  facet normal 0.000000 0.000000 -1.000000
    outer loop
      vertex 25.317460 10.000000 0.000000
      vertex 25.634921 17.340426 0.000000
      vertex 25.634921 10.000000 0.000000
    endloop
  endfacet
  facet normal 0.000000 0.000000 -1.000000
    outer loop
      vertex 25.317460 10.000000 0.000000
      vertex 25.317460 17.340426 0.000000
      vertex 25.634921 17.340426 0.000000
    endloop
  endfacet
  facet normal 0.000000 0.000000 1.000000
    outer loop
      vertex 25.317460 10.000000 0.400000
      vertex 25.634921 10.000000 0.400000
      vertex 25.634921 17.340426 0.400000
    endloop
  endfacet
  facet normal 0.000000 0.000000 1.000000
    outer loop
      vertex 25.317460 10.000000 0.400000
      vertex 25.634921 17.340426 0.400000
      vertex 25.317460 17.340426 0.400000
    endloop
  endfacet
  facet normal 0.000000 -1.000000 0.000000
    outer loop
      vertex 25.317460 10.000000 0.000000
      vertex 25.634921 10.000000 0.000000
      vertex 25.634921 10.000000 0.400000
    endloop
  endfacet
  facet normal 0.000000 -1.000000 0.000000
    outer loop
      vertex 25.317460 10.000000 0.000000
      vertex 25.634921 10.000000 0.400000
      vertex 25.317460 10.000000 0.400000
    endloop
  endfacet
  facet normal 0.000000 1.000000 0.000000
    outer loop
      vertex 25.317460 17.340426 0.000000
      vertex 25.634921 17.340426 0.400000
      vertex 25.634921 17.340426 0.000000
    endloop
  endfacet
  facet normal 0.000000 1.000000 0.000000
    outer loop
      vertex 25.317460 17.340426 0.000000
      vertex 25.317460 17.340426 0.400000
      vertex 25.634921 17.340426 0.400000
    endloop
  endfacet
  facet normal -1.000000 0.000000 0.000000
    outer loop
      vertex 25.317460 10.000000 0.000000
      vertex 25.317460 10.000000 0.400000
      vertex 25.317460 17.340426 0.400000
    endloop
  endfacet
  facet normal -1.000000 0.000000 0.000000
    outer loop
      vertex 25.317460 10.000000 0.000000
      vertex 25.317460 17.340426 0.400000
      vertex 25.317460 17.340426 0.000000
    endloop
  endfacet
  facet normal 1.000000 0.000000 0.000000
    outer loop
      vertex 25.634921 10.000000 0.000000
      vertex 25.634921 17.340426 0.000000
      vertex 25.634921 17.340426 0.400000
    endloop
  endfacet
  facet normal 1.000000 0.000000 0.000000
    outer loop
      vertex 25.634921 10.000000 0.000000
      vertex 25.634921 17.340426 0.400000
      vertex 25.634921 10.000000 0.400000
    endloop
  endfacet
  facet normal 0.000000 0.000000 -1.000000
    outer loop
      vertex 13.253968 16.702128 0.000000
      vertex 13.571429 17.021277 0.000000
      vertex 13.571429 16.702128 0.000000
    endloop
  endfacet
  facet normal 0.000000 0.000000 -1.000000
    outer loop
      vertex 13.253968 16.702128 0.000000
      vertex 13.253968 17.021277 0.000000
      vertex 13.571429 17.021277 0.000000
    endloop
  endfacet
  facet normal 0.000000 0.000000 1.000000
    outer loop
      vertex 13.253968 16.702128 0.400000
      vertex 13.571429 16.702128 0.400000
      vertex 13.571429 17.021277 0.400000
    endloop
  endfacet
  facet normal 0.000000 0.000000 1.000000
    outer loop
      vertex 13.253968 16.702128 0.400000
      vertex 13.571429 17.021277 0.400000
      vertex 13.253968 17.021277 0.400000
    endloop
  endfacet
  facet normal 0.000000 -1.000000 0.000000
    outer loop
      vertex 13.253968 16.702128 0.000000
      vertex 13.571429 16.702128 0.000000
      vertex 13.571429 16.702128 0.400000
    endloop
  endfacet
  facet normal 0.000000 -1.000000 0.000000
    outer loop
      vertex 13.253968 16.702128 0.000000
      vertex 13.571429 16.702128 0.400000
      vertex 13.253968 16.702128 0.400000
    endloop
  endfacet
  facet normal 0.000000 1.000000 0.000000
    outer loop
      vertex 13.253968 17.021277 0.000000
      vertex 13.571429 17.021277 0.400000
      vertex 13.571429 17.021277 0.000000
    endloop
  endfacet
  facet normal 0.000000 1.000000 0.000000
    outer loop
      vertex 13.253968 17.021277 0.000000
      vertex 13.253968 17.021277 0.400000
      vertex 13.571429 17.021277 0.400000
    endloop
  endfacet
  facet normal -1.000000 0.000000 0.000000
    outer loop
      vertex 13.253968 16.702128 0.000000
      vertex 13.253968 16.702128 0.400000
      vertex 13.253968 17.021277 0.400000
    endloop
  endfacet
  facet normal -1.000000 0.000000 0.000000
    outer loop
      vertex 13.253968 16.702128 0.000000
      vertex 13.253968 17.021277 0.400000
      vertex 13.253968 17.021277 0.000000
    endloop
  endfacet
  facet normal 1.000000 0.000000 0.000000
    outer loop
      vertex 13.571429 16.702128 0.000000
      vertex 13.571429 17.021277 0.000000
      vertex 13.571429 17.021277 0.400000
    endloop
  endfacet
  facet normal 1.000000 0.000000 0.000000
    outer loop
      vertex 13.571429 16.702128 0.000000
      vertex 13.571429 17.021277 0.400000
      vertex 13.571429 16.702128 0.400000
    endloop
  endfacet
  facet normal 0.000000 0.000000 -1.000000
    outer loop
      vertex 14.206349 15.744681 0.000000
      vertex 15.793651 16.382979 0.000000
      vertex 15.793651 15.744681 0.000000
    endloop
  endfacet
  facet normal 0.000000 0.000000 -1.000000
    outer loop
      vertex 14.206349 15.744681 0.000000
      vertex 14.206349 16.382979 0.000000
      vertex 15.793651 16.382979 0.000000
    endloop
  endfacet
  facet normal 0.000000 0.000000 1.000000
    outer loop
      vertex 14.206349 15.744681 0.400000
      vertex 15.793651 15.744681 0.400000
      vertex 15.793651 16.382979 0.400000
    endloop
  endfacet
  facet normal 0.000000 0.000000 1.000000
    outer loop
      vertex 14.206349 15.744681 0.400000
      vertex 15.793651 16.382979 0.400000
      vertex 14.206349 16.382979 0.400000
    endloop
  endfacet
  facet normal 0.000000 -1.000000 0.000000
    outer loop
      vertex 14.206349 15.744681 0.000000
      vertex 15.793651 15.744681 0.000000
      vertex 15.793651 15.744681 0.400000
    endloop
  endfacet
  facet normal 0.000000 -1.000000 0.000000
    outer loop
      vertex 14.206349 15.744681 0.000000
      vertex 15.793651 15.744681 0.400000
      vertex 14.206349 15.744681 0.400000
    endloop
  endfacet
  facet normal 0.000000 1.000000 0.000000
    outer loop
      vertex 14.206349 16.382979 0.000000
      vertex 15.793651 16.382979 0.400000
      vertex 15.793651 16.382979 0.000000
    endloop
  endfacet
  facet normal 0.000000 1.000000 0.000000
    outer loop
      vertex 14.206349 16.382979 0.000000
      vertex 14.206349 16.382979 0.400000
      vertex 15.793651 16.382979 0.400000
    endloop
  endfacet
  facet normal -1.000000 0.000000 0.000000
    outer loop
      vertex 14.206349 15.744681 0.000000
      vertex 14.206349 15.744681 0.400000
      vertex 14.206349 16.382979 0.400000
    endloop
  endfacet
  facet normal -1.000000 0.000000 0.000000
    outer loop
      vertex 14.206349 15.744681 0.000000
      vertex 14.206349 16.382979 0.400000
      vertex 14.206349 16.382979 0.000000
    endloop
  endfacet
  facet normal 1.000000 0.000000 0.000000
    outer loop
      vertex 15.793651 15.744681 0.000000
      vertex 15.793651 16.382979 0.000000
      vertex 15.793651 16.382979 0.400000
    endloop
  endfacet
  facet normal 1.000000 0.000000 0.000000
    outer loop
      vertex 15.793651 15.744681 0.000000
      vertex 15.793651 16.382979 0.400000
      vertex 15.793651 15.744681 0.400000
    endloop
  endfacet
  facet normal 0.000000 0.000000 -1.000000
    outer loop
      vertex 24.047619 10.000000 0.000000
      vertex 24.365079 16.063830 0.000000
      vertex 24.365079 10.000000 0.000000
    endloop
  endfacet
  facet normal 0.000000 0.000000 -1.000000
    outer loop
      vertex 24.047619 10.000000 0.000000
      vertex 24.047619 16.063830 0.000000
      vertex 24.365079 16.063830 0.000000
    endloop
  endfacet
  facet normal 0.000000 0.000000 1.000000
    outer loop
      vertex 24.047619 10.000000 0.400000
      vertex 24.365079 10.000000 0.400000
      vertex 24.365079 16.063830 0.400000
    endloop
  endfacet
  facet normal 0.000000 0.000000 1.000000
    outer loop
      vertex 24.047619 10.000000 0.400000
      vertex 24.365079 16.063830 0.400000
      vertex 24.047619 16.063830 0.400000
    endloop
  endfacet
  facet normal 0.000000 -1.000000 0.000000
    outer loop
      vertex 24.047619 10.000000 0.000000
      vertex 24.365079 10.000000 0.000000
      vertex 24.365079 10.000000 0.400000
    endloop
  endfacet
  facet normal 0.000000 -1.000000 0.000000
    outer loop
      vertex 24.047619 10.000000 0.000000
      vertex 24.365079 10.000000 0.400000
      vertex 24.047619 10.000000 0.400000
    endloop
  endfacet
  facet normal 0.000000 1.000000 0.000000
    outer loop
      vertex 24.047619 16.063830 0.000000
      vertex 24.365079 16.063830 0.400000
      vertex 24.365079 16.063830 0.000000
    endloop
  endfacet
  facet normal 0.000000 1.000000 0.000000
    outer loop
      vertex 24.047619 16.063830 0.000000
      vertex 24.047619 16.063830 0.400000
      vertex 24.365079 16.063830 0.400000
    endloop
  endfacet
  facet normal -1.000000 0.000000 0.000000
    outer loop
      vertex 24.047619 10.000000 0.000000
      vertex 24.047619 10.000000 0.400000
      vertex 24.047619 16.063830 0.400000
    endloop
  endfacet
  facet normal -1.000000 0.000000 0.000000
    outer loop
      vertex 24.047619 10.000000 0.000000
      vertex 24.047619 16.063830 0.400000
      vertex 24.047619 16.063830 0.000000
    endloop
  endfacet
  facet normal 1.000000 0.000000 0.000000
    outer loop
      vertex 24.365079 10.000000 0.000000
      vertex 24.365079 16.063830 0.000000
      vertex 24.365079 16.063830 0.400000
    endloop
  endfacet
  facet normal 1.000000 0.000000 0.000000
    outer loop
      vertex 24.365079 10.000000 0.000000
      vertex 24.365079 16.063830 0.400000
      vertex 24.365079 10.000000 0.400000
    endloop
  endfacet
  facet normal 0.000000 0.000000 -1.000000
    outer loop
      vertex 33.571429 10.000000 0.000000
      vertex 33.888889 16.063830 0.000000
      vertex 33.888889 10.000000 0.000000
    endloop
  endfacet
  facet normal 0.000000 0.000000 -1.000000
    outer loop
      vertex 33.571429 10.000000 0.000000
      vertex 33.571429 16.063830 0.000000
      vertex 33.888889 16.063830 0.000000
    endloop
  endfacet
  facet normal 0.000000 0.000000 1.000000
    outer loop
      vertex 33.571429 10.000000 0.400000
      vertex 33.888889 10.000000 0.400000
      vertex 33.888889 16.063830 0.400000
    endloop
  endfacet
  facet normal 0.000000 0.000000 1.000000
    outer loop
      vertex 33.571429 10.000000 0.400000
      vertex 33.888889 16.063830 0.400000
      vertex 33.571429 16.063830 0.400000
    endloop
  endfacet
  facet normal 0.000000 -1.000000 0.000000
    outer loop
      vertex 33.571429 10.000000 0.000000
      vertex 33.888889 10.000000 0.000000
      vertex 33.888889 10.000000 0.400000
    endloop
  endfacet
  facet normal 0.000000 -1.000000 0.000000
    outer loop
      vertex 33.571429 10.000000 0.000000
      vertex 33.888889 10.000000 0.400000
      vertex 33.571429 10.000000 0.400000
    endloop
  endfacet
  facet normal 0.000000 1.000000 0.000000
    outer loop
      vertex 33.571429 16.063830 0.000000
      vertex 33.888889 16.063830 0.400000
      vertex 33.888889 16.063830 0.000000
    endloop
  endfacet
  facet normal 0.000000 1.000000 0.000000
    outer loop
      vertex 33.571429 16.063830 0.000000
      vertex 33.571429 16.063830 0.400000
      vertex 33.888889 16.063830 0.400000
    endloop
  endfacet
  facet normal -1.000000 0.000000 0.000000
    outer loop
      vertex 33.571429 10.000000 0.000000
      vertex 33.571429 10.000000 0.400000
      vertex 33.571429 16.063830 0.400000
    endloop
  endfacet
  facet normal -1.000000 0.000000 0.000000
    outer loop
      vertex 33.571429 10.000000 0.000000
      vertex 33.571429 16.063830 0.400000
      vertex 33.571429 16.063830 0.000000
    endloop
  endfacet
  facet normal 1.000000 0.000000 0.000000
    outer loop
      vertex 33.888889 10.000000 0.000000
      vertex 33.888889 16.063830 0.000000
      vertex 33.888889 16.063830 0.400000
    endloop
  endfacet
  facet normal 1.000000 0.000000 0.000000
    outer loop
      vertex 33.888889 10.000000 0.000000
      vertex 33.888889 16.063830 0.400000
      vertex 33.888889 10.000000 0.400000
    endloop
  endfacet
  facet normal 0.000000 0.000000 -1.000000
    outer loop
      vertex 9.444444 14.468085 0.000000
      vertex 11.666667 15.744681 0.000000
      vertex 11.666667 14.468085 0.000000
    endloop
  endfacet
  facet normal 0.000000 0.000000 -1.000000
    outer loop
      vertex 9.444444 14.468085 0.000000
      vertex 9.444444 15.744681 0.000000
      vertex 11.666667 15.744681 0.000000
    endloop
  endfacet
  facet normal 0.000000 0.000000 1.000000
    outer loop
      vertex 9.444444 14.468085 0.400000
      vertex 11.666667 14.468085 0.400000
      vertex 11.666667 15.744681 0.400000
    endloop
  endfacet
  facet normal 0.000000 0.000000 1.000000
    outer loop
      vertex 9.444444 14.468085 0.400000
      vertex 11.666667 15.744681 0.400000
      vertex 9.444444 15.744681 0.400000
    endloop
  endfacet
  facet normal 0.000000 -1.000000 0.000000
    outer loop
      vertex 9.444444 14.468085 0.000000
      vertex 11.666667 14.468085 0.000000
      vertex 11.666667 14.468085 0.400000
    endloop
  endfacet
  facet normal 0.000000 -1.000000 0.000000
    outer loop
      vertex 9.444444 14.468085 0.000000
      vertex 11.666667 14.468085 0.400000
      vertex 9.444444 14.468085 0.400000
    endloop
  endfacet
  facet normal 0.000000 1.000000 0.000000
    outer loop
      vertex 9.444444 15.744681 0.000000
      vertex 11.666667 15.744681 0.400000
      vertex 11.666667 15.744681 0.000000
    endloop
  endfacet
  facet normal 0.000000 1.000000 0.000000
    outer loop
      vertex 9.444444 15.744681 0.000000
      vertex 9.444444 15.744681 0.400000
      vertex 11.666667 15.744681 0.400000
    endloop
  endfacet
  facet normal -1.000000 0.000000 0.000000
    outer loop
      vertex 9.444444 14.468085 0.000000
      vertex 9.444444 14.468085 0.400000
      vertex 9.444444 15.744681 0.400000
    endloop
  endfacet
  facet normal -1.000000 0.000000 0.000000
    outer loop
      vertex 9.444444 14.468085 0.000000
      vertex 9.444444 15.744681 0.400000
      vertex 9.444444 15.744681 0.000000
    endloop
  endfacet
  facet normal 1.000000 0.000000 0.000000
    outer loop
      vertex 11.666667 14.468085 0.000000
      vertex 11.666667 15.744681 0.000000
      vertex 11.666667 15.744681 0.400000
    endloop
  endfacet
  facet normal 1.000000 0.000000 0.000000
    outer loop
      vertex 11.666667 14.468085 0.000000
      vertex 11.666667 15.744681 0.400000
      vertex 11.666667 14.468085 0.400000
    endloop
  endfacet
  facet normal 0.000000 0.000000 -1.000000
    outer loop
      vertex 14.523810 10.000000 0.000000
      vertex 15.793651 15.744681 0.000000
      vertex 15.793651 10.000000 0.000000
    endloop
  endfacet
  facet normal 0.000000 0.000000 -1.000000
    outer loop
      vertex 14.523810 10.000000 0.000000
      vertex 14.523810 15.744681 0.000000
      vertex 15.793651 15.744681 0.000000
    endloop
  endfacet
  facet normal 0.000000 0.000000 1.000000
    outer loop
      vertex 14.523810 10.000000 0.400000
      vertex 15.793651 10.000000 0.400000
      vertex 15.793651 15.744681 0.400000
    endloop
  endfacet
  facet normal 0.000000 0.000000 1.000000
    outer loop
      vertex 14.523810 10.000000 0.400000
      vertex 15.793651 15.744681 0.400000
      vertex 14.523810 15.744681 0.400000
    endloop
  endfacet
  facet normal 0.000000 -1.000000 0.000000
    outer loop
      vertex 14.523810 10.000000 0.000000
      vertex 15.793651 10.000000 0.000000
      vertex 15.793651 10.000000 0.400000
    endloop
  endfacet
  facet normal 0.000000 -1.000000 0.000000
    outer loop
      vertex 14.523810 10.000000 0.000000
      vertex 15.793651 10.000000 0.400000
      vertex 14.523810 10.000000 0.400000
    endloop
  endfacet
  facet normal 0.000000 1.000000 0.000000
    outer loop
      vertex 14.523810 15.744681 0.000000
      vertex 15.793651 15.744681 0.400000
      vertex 15.793651 15.744681 0.000000
    endloop
  endfacet
  facet normal 0.000000 1.000000 0.000000
    outer loop
      vertex 14.523810 15.744681 0.000000
      vertex 14.523810 15.744681 0.400000
      vertex 15.793651 15.744681 0.400000
    endloop
  endfacet
  facet normal -1.000000 0.000000 0.000000
    outer loop
      vertex 14.523810 10.000000 0.000000
      vertex 14.523810 10.000000 0.400000
      vertex 14.523810 15.744681 0.400000
    endloop
  endfacet
  facet normal -1.000000 0.000000 0.000000
    outer loop
      vertex 14.523810 10.000000 0.000000
      vertex 14.523810 15.744681 0.400000
      vertex 14.523810 15.744681 0.000000
    endloop
  endfacet
  facet normal 1.000000 0.000000 0.000000
    outer loop
      vertex 15.793651 10.000000 0.000000
      vertex 15.793651 15.744681 0.000000
      vertex 15.793651 15.744681 0.400000
    endloop
  endfacet
  facet normal 1.000000 0.000000 0.000000
    outer loop
      vertex 15.793651 10.000000 0.000000
      vertex 15.793651 15.744681 0.400000
      vertex 15.793651 10.000000 0.400000
    endloop
  endfacet
  facet normal 0.000000 0.000000 -1.000000
    outer loop
      vertex 11.666667 14.148936 0.000000
      vertex 11.984127 15.425532 0.000000
      vertex 11.984127 14.148936 0.000000
    endloop
  endfacet
  facet normal 0.000000 0.000000 -1.000000
    outer loop
      vertex 11.666667 14.148936 0.000000
      vertex 11.666667 15.425532 0.000000
      vertex 11.984127 15.425532 0.000000
    endloop
  endfacet
  facet normal 0.000000 0.000000 1.000000
    outer loop
      vertex 11.666667 14.148936 0.400000
      vertex 11.984127 14.148936 0.400000
      vertex 11.984127 15.425532 0.400000
    endloop
  endfacet
  facet normal 0.000000 0.000000 1.000000
    outer loop
      vertex 11.666667 14.148936 0.400000
      vertex 11.984127 15.425532 0.400000
      vertex 11.666667 15.425532 0.400000
    endloop
  endfacet
  facet normal 0.000000 -1.000000 0.000000
    outer loop
      vertex 11.666667 14.148936 0.000000
      vertex 11.984127 14.148936 0.000000
      vertex 11.984127 14.148936 0.400000
    endloop
  endfacet
  facet normal 0.000000 -1.000000 0.000000
    outer loop
      vertex 11.666667 14.148936 0.000000
      vertex 11.984127 14.148936 0.400000
      vertex 11.666667 14.148936 0.400000
    endloop
  endfacet
  facet normal 0.000000 1.000000 0.000000
    outer loop
      vertex 11.666667 15.425532 0.000000
      vertex 11.984127 15.425532 0.400000
      vertex 11.984127 15.425532 0.000000
    endloop
  endfacet
  facet normal 0.000000 1.000000 0.000000
    outer loop
      vertex 11.666667 15.425532 0.000000
      vertex 11.666667 15.425532 0.400000
      vertex 11.984127 15.425532 0.400000
    endloop
  endfacet
  facet normal -1.000000 0.000000 0.000000
    outer loop
      vertex 11.666667 14.148936 0.000000
      vertex 11.666667 14.148936 0.400000
      vertex 11.666667 15.425532 0.400000
    endloop
  endfacet
  facet normal -1.000000 0.000000 0.000000
    outer loop
      vertex 11.666667 14.148936 0.000000
      vertex 11.666667 15.425532 0.400000
      vertex 11.666667 15.425532 0.000000
    endloop
  endfacet
  facet normal 1.000000 0.000000 0.000000
    outer loop
      vertex 11.984127 14.148936 0.000000
      vertex 11.984127 15.425532 0.000000
      vertex 11.984127 15.425532 0.400000
    endloop
  endfacet
  facet normal 1.000000 0.000000 0.000000
    outer loop
      vertex 11.984127 14.148936 0.000000
      vertex 11.984127 15.425532 0.400000
      vertex 11.984127 14.148936 0.400000
    endloop
  endfacet
  facet normal 0.000000 0.000000 -1.000000
    outer loop
      vertex 16.111111 10.000000 0.000000
      vertex 16.428571 15.106383 0.000000
      vertex 16.428571 10.000000 0.000000
    endloop
  endfacet
  facet normal 0.000000 0.000000 -1.000000
    outer loop
      vertex 16.111111 10.000000 0.000000
      vertex 16.111111 15.106383 0.000000
      vertex 16.428571 15.106383 0.000000
    endloop
  endfacet
  facet normal 0.000000 0.000000 1.000000
    outer loop
      vertex 16.111111 10.000000 0.400000
      vertex 16.428571 10.000000 0.400000
      vertex 16.428571 15.106383 0.400000
    endloop
  endfacet
  facet normal 0.000000 0.000000 1.000000
    outer loop
      vertex 16.111111 10.000000 0.400000
      vertex 16.428571 15.106383 0.400000
      vertex 16.111111 15.106383 0.400000
    endloop
  endfacet
  facet normal 0.000000 -1.000000 0.000000
    outer loop
      vertex 16.111111 10.000000 0.000000
      vertex 16.428571 10.000000 0.000000
      vertex 16.428571 10.000000 0.400000
    endloop
  endfacet
  facet normal 0.000000 -1.000000 0.000000
    outer loop
      vertex 16.111111 10.000000 0.000000
      vertex 16.428571 10.000000 0.400000
      vertex 16.111111 10.000000 0.400000
    endloop
  endfacet
  facet normal 0.000000 1.000000 0.000000
    outer loop
      vertex 16.111111 15.106383 0.000000
      vertex 16.428571 15.106383 0.400000
      vertex 16.428571 15.106383 0.000000
    endloop
  endfacet
  facet normal 0.000000 1.000000 0.000000
    outer loop
      vertex 16.111111 15.106383 0.000000
      vertex 16.111111 15.106383 0.400000
      vertex 16.428571 15.106383 0.400000
    endloop
  endfacet
  facet normal -1.000000 0.000000 0.000000
    outer loop
      vertex 16.111111 10.000000 0.000000
      vertex 16.111111 10.000000 0.400000
      vertex 16.111111 15.106383 0.400000
    endloop
  endfacet
  facet normal -1.000000 0.000000 0.000000
    outer loop
      vertex 16.111111 10.000000 0.000000
      vertex 16.111111 15.106383 0.400000
      vertex 16.111111 15.106383 0.000000
    endloop
  endfacet
  facet normal 1.000000 0.000000 0.000000
    outer loop
      vertex 16.428571 10.000000 0.000000
      vertex 16.428571 15.106383 0.000000
      vertex 16.428571 15.106383 0.400000
    endloop
  endfacet
  facet normal 1.000000 0.000000 0.000000
    outer loop
      vertex 16.428571 10.000000 0.000000
      vertex 16.428571 15.106383 0.400000
      vertex 16.428571 10.000000 0.400000
    endloop
  endfacet
  facet normal 0.000000 0.000000 -1.000000
    outer loop
      vertex 25.634921 10.000000 0.000000
      vertex 25.952381 15.106383 0.000000
      vertex 25.952381 10.000000 0.000000
    endloop
  endfacet
  facet normal 0.000000 0.000000 -1.000000
    outer loop
      vertex 25.634921 10.000000 0.000000
      vertex 25.634921 15.106383 0.000000
      vertex 25.952381 15.106383 0.000000
    endloop
  endfacet
  facet normal 0.000000 0.000000 1.000000
    outer loop
      vertex 25.634921 10.000000 0.400000
      vertex 25.952381 10.000000 0.400000
      vertex 25.952381 15.106383 0.400000
    endloop
  endfacet
  facet normal 0.000000 0.000000 1.000000
    outer loop
      vertex 25.634921 10.000000 0.400000
      vertex 25.952381 15.106383 0.400000
      vertex 25.634921 15.106383 0.400000
    endloop
  endfacet
  facet normal 0.000000 -1.000000 0.000000
    outer loop
      vertex 25.634921 10.000000 0.000000
      vertex 25.952381 10.000000 0.000000
      vertex 25.952381 10.000000 0.400000
    endloop
  endfacet
  facet normal 0.000000 -1.000000 0.000000
    outer loop
      vertex 25.634921 10.000000 0.000000
      vertex 25.952381 10.000000 0.400000
      vertex 25.634921 10.000000 0.400000
    endloop
  endfacet
  facet normal 0.000000 1.000000 0.000000
    outer loop
      vertex 25.634921 15.106383 0.000000
      vertex 25.952381 15.106383 0.400000
      vertex 25.952381 15.106383 0.000000
    endloop
  endfacet
  facet normal 0.000000 1.000000 0.000000
    outer loop
      vertex 25.634921 15.106383 0.000000
      vertex 25.634921 15.106383 0.400000
      vertex 25.952381 15.106383 0.400000
    endloop
  endfacet
  facet normal -1.000000 0.000000 0.000000
    outer loop
      vertex 25.634921 10.000000 0.000000
      vertex 25.634921 10.000000 0.400000
      vertex 25.634921 15.106383 0.400000
    endloop
  endfacet
  facet normal -1.000000 0.000000 0.000000
    outer loop
      vertex 25.634921 10.000000 0.000000
      vertex 25.634921 15.106383 0.400000
      vertex 25.634921 15.106383 0.000000
    endloop
  endfacet
  facet normal 1.000000 0.000000 0.000000
    outer loop
      vertex 25.952381 10.000000 0.000000
      vertex 25.952381 15.106383 0.000000
      vertex 25.952381 15.106383 0.400000
    endloop
  endfacet
  facet normal 1.000000 0.000000 0.000000
    outer loop
      vertex 25.952381 10.000000 0.000000
      vertex 25.952381 15.106383 0.400000
      vertex 25.952381 10.000000 0.400000
    endloop
  endfacet
  facet normal 0.000000 0.000000 -1.000000
    outer loop
      vertex 23.730159 10.000000 0.000000
      vertex 24.047619 14.787234 0.000000
      vertex 24.047619 10.000000 0.000000
    endloop
  endfacet
  facet normal 0.000000 0.000000 -1.000000
    outer loop
      vertex 23.730159 10.000000 0.000000
      vertex 23.730159 14.787234 0.000000
      vertex 24.047619 14.787234 0.000000
    endloop
  endfacet
  facet normal 0.000000 0.000000 1.000000
    outer loop
      vertex 23.730159 10.000000 0.400000
      vertex 24.047619 10.000000 0.400000
      vertex 24.047619 14.787234 0.400000
    endloop
  endfacet
  facet normal 0.000000 0.000000 1.000000
    outer loop
      vertex 23.730159 10.000000 0.400000
      vertex 24.047619 14.787234 0.400000
      vertex 23.730159 14.787234 0.400000
    endloop
  endfacet
  facet normal 0.000000 -1.000000 0.000000
    outer loop
      vertex 23.730159 10.000000 0.000000
      vertex 24.047619 10.000000 0.000000
      vertex 24.047619 10.000000 0.400000
    endloop
  endfacet
  facet normal 0.000000 -1.000000 0.000000
    outer loop
      vertex 23.730159 10.000000 0.000000
      vertex 24.047619 10.000000 0.400000
      vertex 23.730159 10.000000 0.400000
    endloop
  endfacet
  facet normal 0.000000 1.000000 0.000000
    outer loop
      vertex 23.730159 14.787234 0.000000
      vertex 24.047619 14.787234 0.400000
      vertex 24.047619 14.787234 0.000000
    endloop
  endfacet
  facet normal 0.000000 1.000000 0.000000
    outer loop
      vertex 23.730159 14.787234 0.000000
      vertex 23.730159 14.787234 0.400000
      vertex 24.047619 14.787234 0.400000
    endloop
  endfacet
  facet normal -1.000000 0.000000 0.000000
    outer loop
      vertex 23.730159 10.000000 0.000000
      vertex 23.730159 10.000000 0.400000
      vertex 23.730159 14.787234 0.400000
    endloop
  endfacet
  facet normal -1.000000 0.000000 0.000000
    outer loop
      vertex 23.730159 10.000000 0.000000
      vertex 23.730159 14.787234 0.400000
      vertex 23.730159 14.787234 0.000000
    endloop
  endfacet
  facet normal 1.000000 0.000000 0.000000
    outer loop
      vertex 24.047619 10.000000 0.000000
      vertex 24.047619 14.787234 0.000000
      vertex 24.047619 14.787234 0.400000
    endloop
  endfacet
  facet normal 1.000000 0.000000 0.000000
    outer loop
      vertex 24.047619 10.000000 0.000000
      vertex 24.047619 14.787234 0.400000
      vertex 24.047619 10.000000 0.400000
    endloop
  endfacet
  facet normal 0.000000 0.000000 -1.000000
    outer loop
      vertex 33.253968 10.000000 0.000000
      vertex 33.571429 14.787234 0.000000
      vertex 33.571429 10.000000 0.000000
    endloop
  endfacet
  facet normal 0.000000 0.000000 -1.000000
    outer loop
      vertex 33.253968 10.000000 0.000000
      vertex 33.253968 14.787234 0.000000
      vertex 33.571429 14.787234 0.000000
    endloop
  endfacet
  facet normal 0.000000 0.000000 1.000000
    outer loop
      vertex 33.253968 10.000000 0.400000
      vertex 33.571429 10.000000 0.400000
      vertex 33.571429 14.787234 0.400000
    endloop
  endfacet
  facet normal 0.000000 0.000000 1.000000
    outer loop
      vertex 33.253968 10.000000 0.400000
      vertex 33.571429 14.787234 0.400000
      vertex 33.253968 14.787234 0.400000
    endloop
  endfacet
  facet normal 0.000000 -1.000000 0.000000
    outer loop
      vertex 33.253968 10.000000 0.000000
      vertex 33.571429 10.000000 0.000000
      vertex 33.571429 10.000000 0.400000
    endloop
  endfacet
  facet normal 0.000000 -1.000000 0.000000
    outer loop
      vertex 33.253968 10.000000 0.000000
      vertex 33.571429 10.000000 0.400000
      vertex 33.253968 10.000000 0.400000
    endloop
  endfacet
  facet normal 0.000000 1.000000 0.000000
    outer loop
      vertex 33.253968 14.787234 0.000000
      vertex 33.571429 14.787234 0.400000
      vertex 33.571429 14.787234 0.000000
    endloop
  endfacet
  facet normal 0.000000 1.000000 0.000000
    outer loop
      vertex 33.253968 14.787234 0.000000
      vertex 33.253968 14.787234 0.400000
      vertex 33.571429 14.787234 0.400000
    endloop
  endfacet
  facet normal -1.000000 0.000000 0.000000
    outer loop
      vertex 33.253968 10.000000 0.000000
      vertex 33.253968 10.000000 0.400000
      vertex 33.253968 14.787234 0.400000
    endloop
  endfacet
  facet normal -1.000000 0.000000 0.000000
    outer loop
      vertex 33.253968 10.000000 0.000000
      vertex 33.253968 14.787234 0.400000
      vertex 33.253968 14.787234 0.000000
    endloop
  endfacet
  facet normal 1.000000 0.000000 0.000000
    outer loop
      vertex 33.571429 10.000000 0.000000
      vertex 33.571429 14.787234 0.000000
      vertex 33.571429 14.787234 0.400000
    endloop
  endfacet
  facet normal 1.000000 0.000000 0.000000
    outer loop
      vertex 33.571429 10.000000 0.000000
      vertex 33.571429 14.787234 0.400000
      vertex 33.571429 10.000000 0.400000
    endloop
  endfacet
  facet normal 0.000000 0.000000 -1.000000
    outer loop
      vertex 9.761905 14.148936 0.000000
      vertex 11.666667 14.468085 0.000000
      vertex 11.666667 14.148936 0.000000
    endloop
  endfacet
  facet normal 0.000000 0.000000 -1.000000
    outer loop
      vertex 9.761905 14.148936 0.000000
      vertex 9.761905 14.468085 0.000000
      vertex 11.666667 14.468085 0.000000
    endloop
  endfacet
  facet normal 0.000000 0.000000 1.000000
    outer loop
      vertex 9.761905 14.148936 0.400000
      vertex 11.666667 14.148936 0.400000
      vertex 11.666667 14.468085 0.400000
    endloop
  endfacet
  facet normal 0.000000 0.000000 1.000000
    outer loop
      vertex 9.761905 14.148936 0.400000
      vertex 11.666667 14.468085 0.400000
      vertex 9.761905 14.468085 0.400000
    endloop
  endfacet
  facet normal 0.000000 -1.000000 0.000000
    outer loop
      vertex 9.761905 14.148936 0.000000
      vertex 11.666667 14.148936 0.000000
      vertex 11.666667 14.148936 0.400000
    endloop
  endfacet
  facet normal 0.000000 -1.000000 0.000000
    outer loop
      vertex 9.761905 14.148936 0.000000
      vertex 11.666667 14.148936 0.400000
      vertex 9.761905 14.148936 0.400000
    endloop
  endfacet
  facet normal 0.000000 1.000000 0.000000
    outer loop
      vertex 9.761905 14.468085 0.000000
      vertex 11.666667 14.468085 0.400000
      vertex 11.666667 14.468085 0.000000
    endloop
  endfacet
  facet normal 0.000000 1.000000 0.000000
    outer loop
      vertex 9.761905 14.468085 0.000000
      vertex 9.761905 14.468085 0.400000
      vertex 11.666667 14.468085 0.400000
    endloop
  endfacet
  facet normal -1.000000 0.000000 0.000000
    outer loop
      vertex 9.761905 14.148936 0.000000
      vertex 9.761905 14.148936 0.400000
      vertex 9.761905 14.468085 0.400000
    endloop
  endfacet
  facet normal -1.000000 0.000000 0.000000
    outer loop
      vertex 9.761905 14.148936 0.000000
      vertex 9.761905 14.468085 0.400000
      vertex 9.761905 14.468085 0.000000
    endloop
  endfacet
  facet normal 1.000000 0.000000 0.000000
    outer loop
      vertex 11.666667 14.148936 0.000000
      vertex 11.666667 14.468085 0.000000
      vertex 11.666667 14.468085 0.400000
    endloop
  endfacet
  facet normal 1.000000 0.000000 0.000000
    outer loop
      vertex 11.666667 14.148936 0.000000
      vertex 11.666667 14.468085 0.400000
      vertex 11.666667 14.148936 0.400000
    endloop
  endfacet
  facet normal 0.000000 0.000000 -1.000000
    outer loop
      vertex 16.428571 10.000000 0.000000
      vertex 16.746032 14.468085 0.000000
      vertex 16.746032 10.000000 0.000000
    endloop
  endfacet
  facet normal 0.000000 0.000000 -1.000000
    outer loop
      vertex 16.428571 10.000000 0.000000
      vertex 16.428571 14.468085 0.000000
      vertex 16.746032 14.468085 0.000000
    endloop
  endfacet
  facet normal 0.000000 0.000000 1.000000
    outer loop
      vertex 16.428571 10.000000 0.400000
      vertex 16.746032 10.000000 0.400000
      vertex 16.746032 14.468085 0.400000
    endloop
  endfacet
  facet normal 0.000000 0.000000 1.000000
    outer loop
      vertex 16.428571 10.000000 0.400000
      vertex 16.746032 14.468085 0.400000
      vertex 16.428571 14.468085 0.400000
    endloop
  endfacet
  facet normal 0.000000 -1.000000 0.000000
    outer loop
      vertex 16.428571 10.000000 0.000000
      vertex 16.746032 10.000000 0.000000
      vertex 16.746032 10.000000 0.400000
    endloop
  endfacet
  facet normal 0.000000 -1.000000 0.000000
    outer loop
      vertex 16.428571 10.000000 0.000000
      vertex 16.746032 10.000000 0.400000
      vertex 16.428571 10.000000 0.400000
    endloop
  endfacet
  facet normal 0.000000 1.000000 0.000000
    outer loop
      vertex 16.428571 14.468085 0.000000
      vertex 16.746032 14.468085 0.400000
      vertex 16.746032 14.468085 0.000000
    endloop
  endfacet
  facet normal 0.000000 1.000000 0.000000
    outer loop
      vertex 16.428571 14.468085 0.000000
      vertex 16.428571 14.468085 0.400000
      vertex 16.746032 14.468085 0.400000
    endloop
  endfacet
  facet normal -1.000000 0.000000 0.000000
    outer loop
      vertex 16.428571 10.000000 0.000000
      vertex 16.428571 10.000000 0.400000
      vertex 16.428571 14.468085 0.400000
    endloop
  endfacet
  facet normal -1.000000 0.000000 0.000000
    outer loop
      vertex 16.428571 10.000000 0.000000
      vertex 16.428571 14.468085 0.400000
      vertex 16.428571 14.468085 0.000000
    endloop
  endfacet
  facet normal 1.000000 0.000000 0.000000
    outer loop
      vertex 16.746032 10.000000 0.000000
      vertex 16.746032 14.468085 0.000000
      vertex 16.746032 14.468085 0.400000
    endloop
  endfacet
  facet normal 1.000000 0.000000 0.000000
    outer loop
      vertex 16.746032 10.000000 0.000000
      vertex 16.746032 14.468085 0.400000
      vertex 16.746032 10.000000 0.400000
    endloop
  endfacet
  facet normal 0.000000 0.000000 -1.000000
    outer loop
      vertex 25.952381 10.000000 0.000000
      vertex 26.269841 14.468085 0.000000
      vertex 26.269841 10.000000 0.000000
    endloop
  endfacet
  facet normal 0.000000 0.000000 -1.000000
    outer loop
      vertex 25.952381 10.000000 0.000000
      vertex 25.952381 14.468085 0.000000
      vertex 26.269841 14.468085 0.000000
    endloop
  endfacet
  facet normal 0.000000 0.000000 1.000000
    outer loop
      vertex 25.952381 10.000000 0.400000
      vertex 26.269841 10.000000 0.400000
      vertex 26.269841 14.468085 0.400000
    endloop
  endfacet
  facet normal 0.000000 0.000000 1.000000
    outer loop
      vertex 25.952381 10.000000 0.400000
      vertex 26.269841 14.468085 0.400000
      vertex 25.952381 14.468085 0.400000
    endloop
  endfacet
  facet normal 0.000000 -1.000000 0.000000
    outer loop
      vertex 25.952381 10.000000 0.000000
      vertex 26.269841 10.000000 0.000000
      vertex 26.269841 10.000000 0.400000
    endloop
  endfacet
  facet normal 0.000000 -1.000000 0.000000
    outer loop
      vertex 25.952381 10.000000 0.000000
      vertex 26.269841 10.000000 0.400000
      vertex 25.952381 10.000000 0.400000
    endloop
  endfacet
  facet normal 0.000000 1.000000 0.000000
    outer loop
      vertex 25.952381 14.468085 0.000000
      vertex 26.269841 14.468085 0.400000
      vertex 26.269841 14.468085 0.000000
    endloop
  endfacet
  facet normal 0.000000 1.000000 0.000000
    outer loop
      vertex 25.952381 14.468085 0.000000
      vertex 25.952381 14.468085 0.400000
      vertex 26.269841 14.468085 0.400000
    endloop
  endfacet
  facet normal -1.000000 0.000000 0.000000
    outer loop
      vertex 25.952381 10.000000 0.000000
      vertex 25.952381 10.000000 0.400000
      vertex 25.952381 14.468085 0.400000
    endloop
  endfacet
  facet normal -1.000000 0.000000 0.000000
    outer loop
      vertex 25.952381 10.000000 0.000000
      vertex 25.952381 14.468085 0.400000
      vertex 25.952381 14.468085 0.000000
    endloop
  endfacet
  facet normal 1.000000 0.000000 0.000000
    outer loop
      vertex 26.269841 10.000000 0.000000
      vertex 26.269841 14.468085 0.000000
      vertex 26.269841 14.468085 0.400000
    endloop
  endfacet
  facet normal 1.000000 0.000000 0.000000
    outer loop
      vertex 26.269841 10.000000 0.000000
      vertex 26.269841 14.468085 0.400000
      vertex 26.269841 10.000000 0.400000
    endloop
  endfacet
  facet normal 0.000000 0.000000 -1.000000
    outer loop
      vertex 10.079365 13.829787 0.000000
      vertex 11.666667 14.148936 0.000000
      vertex 11.666667 13.829787 0.000000
    endloop
  endfacet
  facet normal 0.000000 0.000000 -1.000000
    outer loop
      vertex 10.079365 13.829787 0.000000
      vertex 10.079365 14.148936 0.000000
      vertex 11.666667 14.148936 0.000000
    endloop
  endfacet
  facet normal 0.000000 0.000000 1.000000
    outer loop
      vertex 10.079365 13.829787 0.400000
      vertex 11.666667 13.829787 0.400000
      vertex 11.666667 14.148936 0.400000
    endloop
  endfacet
  facet normal 0.000000 0.000000 1.000000
    outer loop
      vertex 10.079365 13.829787 0.400000
      vertex 11.666667 14.148936 0.400000
      vertex 10.079365 14.148936 0.400000
    endloop
  endfacet
  facet normal 0.000000 -1.000000 0.000000
    outer loop
      vertex 10.079365 13.829787 0.000000
      vertex 11.666667 13.829787 0.000000
      vertex 11.666667 13.829787 0.400000
    endloop
  endfacet
  facet normal 0.000000 -1.000000 0.000000
    outer loop
      vertex 10.079365 13.829787 0.000000
      vertex 11.666667 13.829787 0.400000
      vertex 10.079365 13.829787 0.400000
    endloop
  endfacet
  facet normal 0.000000 1.000000 0.000000
    outer loop
      vertex 10.079365 14.148936 0.000000
      vertex 11.666667 14.148936 0.400000
      vertex 11.666667 14.148936 0.000000
    endloop
  endfacet
  facet normal 0.000000 1.000000 0.000000
    outer loop
      vertex 10.079365 14.148936 0.000000
      vertex 10.079365 14.148936 0.400000
      vertex 11.666667 14.148936 0.400000
    endloop
  endfacet
  facet normal -1.000000 0.000000 0.000000
    outer loop
      vertex 10.079365 13.829787 0.000000
      vertex 10.079365 13.829787 0.400000
      vertex 10.079365 14.148936 0.400000
    endloop
  endfacet
  facet normal -1.000000 0.000000 0.000000
    outer loop
      vertex 10.079365 13.829787 0.000000
      vertex 10.079365 14.148936 0.400000
      vertex 10.079365 14.148936 0.000000
    endloop
  endfacet
  facet normal 1.000000 0.000000 0.000000
    outer loop
      vertex 11.666667 13.829787 0.000000
      vertex 11.666667 14.148936 0.000000
      vertex 11.666667 14.148936 0.400000
    endloop
  endfacet
  facet normal 1.000000 0.000000 0.000000
    outer loop
      vertex 11.666667 13.829787 0.000000
      vertex 11.666667 14.148936 0.400000
      vertex 11.666667 13.829787 0.400000
    endloop
  endfacet
  facet normal 0.000000 0.000000 -1.000000
    outer loop
      vertex 23.412698 10.000000 0.000000
      vertex 23.730159 14.148936 0.000000
      vertex 23.730159 10.000000 0.000000
    endloop
  endfacet
  facet normal 0.000000 0.000000 -1.000000
    outer loop
      vertex 23.412698 10.000000 0.000000
      vertex 23.412698 14.148936 0.000000
      vertex 23.730159 14.148936 0.000000
    endloop
  endfacet
  facet normal 0.000000 0.000000 1.000000
    outer loop
      vertex 23.412698 10.000000 0.400000
      vertex 23.730159 10.000000 0.400000
      vertex 23.730159 14.148936 0.400000
    endloop
  endfacet
  facet normal 0.000000 0.000000 1.000000
    outer loop
      vertex 23.412698 10.000000 0.400000
      vertex 23.730159 14.148936 0.400000
      vertex 23.412698 14.148936 0.400000
    endloop
  endfacet
  facet normal 0.000000 -1.000000 0.000000
    outer loop
      vertex 23.412698 10.000000 0.000000
      vertex 23.730159 10.000000 0.000000
      vertex 23.730159 10.000000 0.400000
    endloop
  endfacet
  facet normal 0.000000 -1.000000 0.000000
    outer loop
      vertex 23.412698 10.000000 0.000000
      vertex 23.730159 10.000000 0.400000
      vertex 23.412698 10.000000 0.400000
    endloop
  endfacet
  facet normal 0.000000 1.000000 0.000000
    outer loop
      vertex 23.412698 14.148936 0.000000
      vertex 23.730159 14.148936 0.400000
      vertex 23.730159 14.148936 0.000000
    endloop
  endfacet
  facet normal 0.000000 1.000000 0.000000
    outer loop
      vertex 23.412698 14.148936 0.000000
      vertex 23.412698 14.148936 0.400000
      vertex 23.730159 14.148936 0.400000
    endloop
  endfacet
  facet normal -1.000000 0.000000 0.000000
    outer loop
      vertex 23.412698 10.000000 0.000000
      vertex 23.412698 10.000000 0.400000
      vertex 23.412698 14.148936 0.400000
    endloop
  endfacet
  facet normal -1.000000 0.000000 0.000000
    outer loop
      vertex 23.412698 10.000000 0.000000
      vertex 23.412698 14.148936 0.400000
      vertex 23.412698 14.148936 0.000000
    endloop
  endfacet
  facet normal 1.000000 0.000000 0.000000
    outer loop
      vertex 23.730159 10.000000 0.000000
      vertex 23.730159 14.148936 0.000000
      vertex 23.730159 14.148936 0.400000
    endloop
  endfacet
  facet normal 1.000000 0.000000 0.000000
    outer loop
      vertex 23.730159 10.000000 0.000000
      vertex 23.730159 14.148936 0.400000
      vertex 23.730159 10.000000 0.400000
    endloop
  endfacet
  facet normal 0.000000 0.000000 -1.000000
    outer loop
      vertex 32.936508 10.000000 0.000000
      vertex 33.253968 14.148936 0.000000
      vertex 33.253968 10.000000 0.000000
    endloop
  endfacet
  facet normal 0.000000 0.000000 -1.000000
    outer loop
      vertex 32.936508 10.000000 0.000000
      vertex 32.936508 14.148936 0.000000
      vertex 33.253968 14.148936 0.000000
    endloop
  endfacet
  facet normal 0.000000 0.000000 1.000000
    outer loop
      vertex 32.936508 10.000000 0.400000
      vertex 33.253968 10.000000 0.400000
      vertex 33.253968 14.148936 0.400000
    endloop
  endfacet
  facet normal 0.000000 0.000000 1.000000
    outer loop
      vertex 32.936508 10.000000 0.400000
      vertex 33.253968 14.148936 0.400000
      vertex 32.936508 14.148936 0.400000
    endloop
  endfacet
  facet normal 0.000000 -1.000000 0.000000
    outer loop
      vertex 32.936508 10.000000 0.000000
      vertex 33.253968 10.000000 0.000000
      vertex 33.253968 10.000000 0.400000
    endloop
  endfacet
  facet normal 0.000000 -1.000000 0.000000
    outer loop
      vertex 32.936508 10.000000 0.000000
      vertex 33.253968 10.000000 0.400000
      vertex 32.936508 10.000000 0.400000
    endloop
  endfacet
  facet normal 0.000000 1.000000 0.000000
    outer loop
      vertex 32.936508 14.148936 0.000000
      vertex 33.253968 14.148936 0.400000
      vertex 33.253968 14.148936 0.000000
    endloop
  endfacet
  facet normal 0.000000 1.000000 0.000000
    outer loop
      vertex 32.936508 14.148936 0.000000
      vertex 32.936508 14.148936 0.400000
      vertex 33.253968 14.148936 0.400000
    endloop
  endfacet
  facet normal -1.000000 0.000000 0.000000
    outer loop
      vertex 32.936508 10.000000 0.000000
      vertex 32.936508 10.000000 0.400000
      vertex 32.936508 14.148936 0.400000
    endloop
  endfacet
  facet normal -1.000000 0.000000 0.000000
    outer loop
      vertex 32.936508 10.000000 0.000000
      vertex 32.936508 14.148936 0.400000
      vertex 32.936508 14.148936 0.000000
    endloop
  endfacet
  facet normal 1.000000 0.000000 0.000000
    outer loop
      vertex 33.253968 10.000000 0.000000
      vertex 33.253968 14.148936 0.000000
      vertex 33.253968 14.148936 0.400000
    endloop
  endfacet
  facet normal 1.000000 0.000000 0.000000
    outer loop
      vertex 33.253968 10.000000 0.000000
      vertex 33.253968 14.148936 0.400000
      vertex 33.253968 10.000000 0.400000
    endloop
  endfacet
  facet normal 0.000000 0.000000 -1.000000
    outer loop
      vertex 33.888889 10.000000 0.000000
      vertex 35.476190 14.148936 0.000000
      vertex 35.476190 10.000000 0.000000
    endloop
  endfacet
  facet normal 0.000000 0.000000 -1.000000
    outer loop
      vertex 33.888889 10.000000 0.000000
      vertex 33.888889 14.148936 0.000000
      vertex 35.476190 14.148936 0.000000
    endloop
  endfacet
  facet normal 0.000000 0.000000 1.000000
    outer loop
      vertex 33.888889 10.000000 0.400000
      vertex 35.476190 10.000000 0.400000
      vertex 35.476190 14.148936 0.400000
    endloop
  endfacet
  facet normal 0.000000 0.000000 1.000000
    outer loop
      vertex 33.888889 10.000000 0.400000
      vertex 35.476190 14.148936 0.400000
      vertex 33.888889 14.148936 0.400000
    endloop
  endfacet
  facet normal 0.000000 -1.000000 0.000000
    outer loop
      vertex 33.888889 10.000000 0.000000
      vertex 35.476190 10.000000 0.000000
      vertex 35.476190 10.000000 0.400000
    endloop
  endfacet
  facet normal 0.000000 -1.000000 0.000000
    outer loop
      vertex 33.888889 10.000000 0.000000
      vertex 35.476190 10.000000 0.400000
      vertex 33.888889 10.000000 0.400000
    endloop
  endfacet
  facet normal 0.000000 1.000000 0.000000
    outer loop
      vertex 33.888889 14.148936 0.000000
      vertex 35.476190 14.148936 0.400000
      vertex 35.476190 14.148936 0.000000
    endloop
  endfacet
  facet normal 0.000000 1.000000 0.000000
    outer loop
      vertex 33.888889 14.148936 0.000000
      vertex 33.888889 14.148936 0.400000
      vertex 35.476190 14.148936 0.400000
    endloop
  endfacet
  facet normal -1.000000 0.000000 0.000000
    outer loop
      vertex 33.888889 10.000000 0.000000
      vertex 33.888889 10.000000 0.400000
      vertex 33.888889 14.148936 0.400000
    endloop
  endfacet
  facet normal -1.000000 0.000000 0.000000
    outer loop
      vertex 33.888889 10.000000 0.000000
      vertex 33.888889 14.148936 0.400000
      vertex 33.888889 14.148936 0.000000
    endloop
  endfacet
  facet normal 1.000000 0.000000 0.000000
    outer loop
      vertex 35.476190 10.000000 0.000000
      vertex 35.476190 14.148936 0.000000
      vertex 35.476190 14.148936 0.400000
    endloop
  endfacet
  facet normal 1.000000 0.000000 0.000000
    outer loop
      vertex 35.476190 10.000000 0.000000
      vertex 35.476190 14.148936 0.400000
      vertex 35.476190 10.000000 0.400000
    endloop
  endfacet
  facet normal 0.000000 0.000000 -1.000000
    outer loop
      vertex 14.206349 10.000000 0.000000
      vertex 14.523810 13.829787 0.000000
      vertex 14.523810 10.000000 0.000000
    endloop
  endfacet
  facet normal 0.000000 0.000000 -1.000000
    outer loop
      vertex 14.206349 10.000000 0.000000
      vertex 14.206349 13.829787 0.000000
      vertex 14.523810 13.829787 0.000000
    endloop
  endfacet
  facet normal 0.000000 0.000000 1.000000
    outer loop
      vertex 14.206349 10.000000 0.400000
      vertex 14.523810 10.000000 0.400000
      vertex 14.523810 13.829787 0.400000
    endloop
  endfacet
  facet normal 0.000000 0.000000 1.000000
    outer loop
      vertex 14.206349 10.000000 0.400000
      vertex 14.523810 13.829787 0.400000
      vertex 14.206349 13.829787 0.400000
    endloop
  endfacet
  facet normal 0.000000 -1.000000 0.000000
    outer loop
      vertex 14.206349 10.000000 0.000000
      vertex 14.523810 10.000000 0.000000
      vertex 14.523810 10.000000 0.400000
    endloop
  endfacet
  facet normal 0.000000 -1.000000 0.000000
    outer loop
      vertex 14.206349 10.000000 0.000000
      vertex 14.523810 10.000000 0.400000
      vertex 14.206349 10.000000 0.400000
    endloop
  endfacet
  facet normal 0.000000 1.000000 0.000000
    outer loop
      vertex 14.206349 13.829787 0.000000
      vertex 14.523810 13.829787 0.400000
      vertex 14.523810 13.829787 0.000000
    endloop
  endfacet
  facet normal 0.000000 1.000000 0.000000
    outer loop
      vertex 14.206349 13.829787 0.000000
      vertex 14.206349 13.829787 0.400000
      vertex 14.523810 13.829787 0.400000
    endloop
  endfacet
  facet normal -1.000000 0.000000 0.000000
    outer loop
      vertex 14.206349 10.000000 0.000000
      vertex 14.206349 10.000000 0.400000
      vertex 14.206349 13.829787 0.400000
    endloop
  endfacet
  facet normal -1.000000 0.000000 0.000000
    outer loop
      vertex 14.206349 10.000000 0.000000
      vertex 14.206349 13.829787 0.400000
      vertex 14.206349 13.829787 0.000000
    endloop
  endfacet
  facet normal 1.000000 0.000000 0.000000
    outer loop
      vertex 14.523810 10.000000 0.000000
      vertex 14.523810 13.829787 0.000000
      vertex 14.523810 13.829787 0.400000
    endloop
  endfacet
  facet normal 1.000000 0.000000 0.000000
    outer loop
      vertex 14.523810 10.000000 0.000000
      vertex 14.523810 13.829787 0.400000
      vertex 14.523810 10.000000 0.400000
    endloop
  endfacet
  facet normal 0.000000 0.000000 -1.000000
    outer loop
      vertex 16.746032 10.000000 0.000000
      vertex 17.063492 13.829787 0.000000
      vertex 17.063492 10.000000 0.000000
    endloop
  endfacet
  facet normal 0.000000 0.000000 -1.000000
    outer loop
      vertex 16.746032 10.000000 0.000000
      vertex 16.746032 13.829787 0.000000
      vertex 17.063492 13.829787 0.000000
    endloop
  endfacet
  facet normal 0.000000 0.000000 1.000000
    outer loop
      vertex 16.746032 10.000000 0.400000
      vertex 17.063492 10.000000 0.400000
      vertex 17.063492 13.829787 0.400000
    endloop
  endfacet
  facet normal 0.000000 0.000000 1.000000
    outer loop
      vertex 16.746032 10.000000 0.400000
      vertex 17.063492 13.829787 0.400000
      vertex 16.746032 13.829787 0.400000
    endloop
  endfacet
  facet normal 0.000000 -1.000000 0.000000
    outer loop
      vertex 16.746032 10.000000 0.000000
      vertex 17.063492 10.000000 0.000000
      vertex 17.063492 10.000000 0.400000
    endloop
  endfacet
  facet normal 0.000000 -1.000000 0.000000
    outer loop
      vertex 16.746032 10.000000 0.000000
      vertex 17.063492 10.000000 0.400000
      vertex 16.746032 10.000000 0.400000
    endloop
  endfacet
  facet normal 0.000000 1.000000 0.000000
    outer loop
      vertex 16.746032 13.829787 0.000000
      vertex 17.063492 13.829787 0.400000
      vertex 17.063492 13.829787 0.000000
    endloop
  endfacet
  facet normal 0.000000 1.000000 0.000000
    outer loop
      vertex 16.746032 13.829787 0.000000
      vertex 16.746032 13.829787 0.400000
      vertex 17.063492 13.829787 0.400000
    endloop
  endfacet
  facet normal -1.000000 0.000000 0.000000
    outer loop
      vertex 16.746032 10.000000 0.000000
      vertex 16.746032 10.000000 0.400000
      vertex 16.746032 13.829787 0.400000
    endloop
  endfacet
  facet normal -1.000000 0.000000 0.000000
    outer loop
      vertex 16.746032 10.000000 0.000000
      vertex 16.746032 13.829787 0.400000
      vertex 16.746032 13.829787 0.000000
    endloop
  endfacet
  facet normal 1.000000 0.000000 0.000000
    outer loop
      vertex 17.063492 10.000000 0.000000
      vertex 17.063492 13.829787 0.000000
      vertex 17.063492 13.829787 0.400000
    endloop
  endfacet
  facet normal 1.000000 0.000000 0.000000
    outer loop
      vertex 17.063492 10.000000 0.000000
      vertex 17.063492 13.829787 0.400000
      vertex 17.063492 10.000000 0.400000
    endloop
  endfacet
  facet normal 0.000000 0.000000 -1.000000
    outer loop
      vertex 26.269841 10.000000 0.000000
      vertex 26.587302 13.829787 0.000000
      vertex 26.587302 10.000000 0.000000
    endloop
  endfacet
  facet normal 0.000000 0.000000 -1.000000
    outer loop
      vertex 26.269841 10.000000 0.000000
      vertex 26.269841 13.829787 0.000000
      vertex 26.587302 13.829787 0.000000
    endloop
  endfacet
  facet normal 0.000000 0.000000 1.000000
    outer loop
      vertex 26.269841 10.000000 0.400000
      vertex 26.587302 10.000000 0.400000
      vertex 26.587302 13.829787 0.400000
    endloop
  endfacet
  facet normal 0.000000 0.000000 1.000000
    outer loop
      vertex 26.269841 10.000000 0.400000
      vertex 26.587302 13.829787 0.400000
      vertex 26.269841 13.829787 0.400000
    endloop
  endfacet
  facet normal 0.000000 -1.000000 0.000000
    outer loop
      vertex 26.269841 10.000000 0.000000
      vertex 26.587302 10.000000 0.000000
      vertex 26.587302 10.000000 0.400000
    endloop
  endfacet
  facet normal 0.000000 -1.000000 0.000000
    outer loop
      vertex 26.269841 10.000000 0.000000
      vertex 26.587302 10.000000 0.400000
      vertex 26.269841 10.000000 0.400000
    endloop
  endfacet
  facet normal 0.000000 1.000000 0.000000
    outer loop
      vertex 26.269841 13.829787 0.000000
      vertex 26.587302 13.829787 0.400000
      vertex 26.587302 13.829787 0.000000
    endloop
  endfacet
  facet normal 0.000000 1.000000 0.000000
    outer loop
      vertex 26.269841 13.829787 0.000000
      vertex 26.269841 13.829787 0.400000
      vertex 26.587302 13.829787 0.400000
    endloop
  endfacet
  facet normal -1.000000 0.000000 0.000000
    outer loop
      vertex 26.269841 10.000000 0.000000
      vertex 26.269841 10.000000 0.400000
      vertex 26.269841 13.829787 0.400000
    endloop
  endfacet
  facet normal -1.000000 0.000000 0.000000
    outer loop
      vertex 26.269841 10.000000 0.000000
      vertex 26.269841 13.829787 0.400000
      vertex 26.269841 13.829787 0.000000
    endloop
  endfacet
  facet normal 1.000000 0.000000 0.000000
    outer loop
      vertex 26.587302 10.000000 0.000000
      vertex 26.587302 13.829787 0.000000
      vertex 26.587302 13.829787 0.400000
    endloop
  endfacet
  facet normal 1.000000 0.000000 0.000000
    outer loop
      vertex 26.587302 10.000000 0.000000
      vertex 26.587302 13.829787 0.400000
      vertex 26.587302 10.000000 0.400000
    endloop
  endfacet
  facet normal 0.000000 0.000000 -1.000000
    outer loop
      vertex 17.063492 10.000000 0.000000
      vertex 17.380952 13.510638 0.000000
      vertex 17.380952 10.000000 0.000000
    endloop
  endfacet
  facet normal 0.000000 0.000000 -1.000000
    outer loop
      vertex 17.063492 10.000000 0.000000
      vertex 17.063492 13.510638 0.000000
      vertex 17.380952 13.510638 0.000000
    endloop
  endfacet
  facet normal 0.000000 0.000000 1.000000
    outer loop
      vertex 17.063492 10.000000 0.400000
      vertex 17.380952 10.000000 0.400000
      vertex 17.380952 13.510638 0.400000
    endloop
  endfacet
  facet normal 0.000000 0.000000 1.000000
    outer loop
      vertex 17.063492 10.000000 0.400000
      vertex 17.380952 13.510638 0.400000
      vertex 17.063492 13.510638 0.400000
    endloop
  endfacet
  facet normal 0.000000 -1.000000 0.000000
    outer loop
      vertex 17.063492 10.000000 0.000000
      vertex 17.380952 10.000000 0.000000
      vertex 17.380952 10.000000 0.400000
    endloop
  endfacet
  facet normal 0.000000 -1.000000 0.000000
    outer loop
      vertex 17.063492 10.000000 0.000000
      vertex 17.380952 10.000000 0.400000
      vertex 17.063492 10.000000 0.400000
    endloop
  endfacet
  facet normal 0.000000 1.000000 0.000000
    outer loop
      vertex 17.063492 13.510638 0.000000
      vertex 17.380952 13.510638 0.400000
      vertex 17.380952 13.510638 0.000000
    endloop
  endfacet
  facet normal 0.000000 1.000000 0.000000
    outer loop
      vertex 17.063492 13.510638 0.000000
      vertex 17.063492 13.510638 0.400000
      vertex 17.380952 13.510638 0.400000
    endloop
  endfacet
  facet normal -1.000000 0.000000 0.000000
    outer loop
      vertex 17.063492 10.000000 0.000000
      vertex 17.063492 10.000000 0.400000
      vertex 17.063492 13.510638 0.400000
    endloop
  endfacet
  facet normal -1.000000 0.000000 0.000000
    outer loop
      vertex 17.063492 10.000000 0.000000
      vertex 17.063492 13.510638 0.400000
      vertex 17.063492 13.510638 0.000000
    endloop
  endfacet
  facet normal 1.000000 0.000000 0.000000
    outer loop
      vertex 17.380952 10.000000 0.000000
      vertex 17.380952 13.510638 0.000000
      vertex 17.380952 13.510638 0.400000
    endloop
  endfacet
  facet normal 1.000000 0.000000 0.000000
    outer loop
      vertex 17.380952 10.000000 0.000000
      vertex 17.380952 13.510638 0.400000
      vertex 17.380952 10.000000 0.400000
    endloop
  endfacet
  facet normal 0.000000 0.000000 -1.000000
    outer loop
      vertex 23.095238 10.000000 0.000000
      vertex 23.412698 13.510638 0.000000
      vertex 23.412698 10.000000 0.000000
    endloop
  endfacet
  facet normal 0.000000 0.000000 -1.000000
    outer loop
      vertex 23.095238 10.000000 0.000000
      vertex 23.095238 13.510638 0.000000
      vertex 23.412698 13.510638 0.000000
    endloop
  endfacet
  facet normal 0.000000 0.000000 1.000000
    outer loop
      vertex 23.095238 10.000000 0.400000
      vertex 23.412698 10.000000 0.400000
      vertex 23.412698 13.510638 0.400000
    endloop
  endfacet
  facet normal 0.000000 0.000000 1.000000
    outer loop
      vertex 23.095238 10.000000 0.400000
      vertex 23.412698 13.510638 0.400000
      vertex 23.095238 13.510638 0.400000
    endloop
  endfacet
  facet normal 0.000000 -1.000000 0.000000
    outer loop
      vertex 23.095238 10.000000 0.000000
      vertex 23.412698 10.000000 0.000000
      vertex 23.412698 10.000000 0.400000
    endloop
  endfacet
  facet normal 0.000000 -1.000000 0.000000
    outer loop
      vertex 23.095238 10.000000 0.000000
      vertex 23.412698 10.000000 0.400000
      vertex 23.095238 10.000000 0.400000
    endloop
  endfacet
  facet normal 0.000000 1.000000 0.000000
    outer loop
      vertex 23.095238 13.510638 0.000000
      vertex 23.412698 13.510638 0.400000
      vertex 23.412698 13.510638 0.000000
    endloop
  endfacet
  facet normal 0.000000 1.000000 0.000000
    outer loop
      vertex 23.095238 13.510638 0.000000
      vertex 23.095238 13.510638 0.400000
      vertex 23.412698 13.510638 0.400000
    endloop
  endfacet
  facet normal -1.000000 0.000000 0.000000
    outer loop
      vertex 23.095238 10.000000 0.000000
      vertex 23.095238 10.000000 0.400000
      vertex 23.095238 13.510638 0.400000
    endloop
  endfacet
  facet normal -1.000000 0.000000 0.000000
    outer loop
      vertex 23.095238 10.000000 0.000000
      vertex 23.095238 13.510638 0.400000
      vertex 23.095238 13.510638 0.000000
    endloop
  endfacet
  facet normal 1.000000 0.000000 0.000000
    outer loop
      vertex 23.412698 10.000000 0.000000
      vertex 23.412698 13.510638 0.000000
      vertex 23.412698 13.510638 0.400000
    endloop
  endfacet
  facet normal 1.000000 0.000000 0.000000
    outer loop
      vertex 23.412698 10.000000 0.000000
      vertex 23.412698 13.510638 0.400000
      vertex 23.412698 10.000000 0.400000
    endloop
  endfacet
  facet normal 0.000000 0.000000 -1.000000
    outer loop
      vertex 26.587302 10.000000 0.000000
      vertex 26.904762 13.510638 0.000000
      vertex 26.904762 10.000000 0.000000
    endloop
  endfacet
  facet normal 0.000000 0.000000 -1.000000
    outer loop
      vertex 26.587302 10.000000 0.000000
      vertex 26.587302 13.510638 0.000000
      vertex 26.904762 13.510638 0.000000
    endloop
  endfacet
  facet normal 0.000000 0.000000 1.000000
    outer loop
      vertex 26.587302 10.000000 0.400000
      vertex 26.904762 10.000000 0.400000
      vertex 26.904762 13.510638 0.400000
    endloop
  endfacet
  facet normal 0.000000 0.000000 1.000000
    outer loop
      vertex 26.587302 10.000000 0.400000
      vertex 26.904762 13.510638 0.400000
      vertex 26.587302 13.510638 0.400000
    endloop
  endfacet
  facet normal 0.000000 -1.000000 0.000000
    outer loop
      vertex 26.587302 10.000000 0.000000
      vertex 26.904762 10.000000 0.000000
      vertex 26.904762 10.000000 0.400000
    endloop
  endfacet
  facet normal 0.000000 -1.000000 0.000000
    outer loop
      vertex 26.587302 10.000000 0.000000
      vertex 26.904762 10.000000 0.400000
      vertex 26.587302 10.000000 0.400000
    endloop
  endfacet
  facet normal 0.000000 1.000000 0.000000
    outer loop
      vertex 26.587302 13.510638 0.000000
      vertex 26.904762 13.510638 0.400000
      vertex 26.904762 13.510638 0.000000
    endloop
  endfacet
  facet normal 0.000000 1.000000 0.000000
    outer loop
      vertex 26.587302 13.510638 0.000000
      vertex 26.587302 13.510638 0.400000
      vertex 26.904762 13.510638 0.400000
    endloop
  endfacet
  facet normal -1.000000 0.000000 0.000000
    outer loop
      vertex 26.587302 10.000000 0.000000
      vertex 26.587302 10.000000 0.400000
      vertex 26.587302 13.510638 0.400000
    endloop
  endfacet
  facet normal -1.000000 0.000000 0.000000
    outer loop
      vertex 26.587302 10.000000 0.000000
      vertex 26.587302 13.510638 0.400000
      vertex 26.587302 13.510638 0.000000
    endloop
  endfacet
  facet normal 1.000000 0.000000 0.000000
    outer loop
      vertex 26.904762 10.000000 0.000000
      vertex 26.904762 13.510638 0.000000
      vertex 26.904762 13.510638 0.400000
    endloop
  endfacet
  facet normal 1.000000 0.000000 0.000000
    outer loop
      vertex 26.904762 10.000000 0.000000
      vertex 26.904762 13.510638 0.400000
      vertex 26.904762 10.000000 0.400000
    endloop
  endfacet
  facet normal 0.000000 0.000000 -1.000000
    outer loop
      vertex 32.619048 10.000000 0.000000
      vertex 32.936508 13.510638 0.000000
      vertex 32.936508 10.000000 0.000000
    endloop
  endfacet
  facet normal 0.000000 0.000000 -1.000000
    outer loop
      vertex 32.619048 10.000000 0.000000
      vertex 32.619048 13.510638 0.000000
      vertex 32.936508 13.510638 0.000000
    endloop
  endfacet
  facet normal 0.000000 0.000000 1.000000
    outer loop
      vertex 32.619048 10.000000 0.400000
      vertex 32.936508 10.000000 0.400000
      vertex 32.936508 13.510638 0.400000
    endloop
  endfacet
  facet normal 0.000000 0.000000 1.000000
    outer loop
      vertex 32.619048 10.000000 0.400000
      vertex 32.936508 13.510638 0.400000
      vertex 32.619048 13.510638 0.400000
    endloop
  endfacet
  facet normal 0.000000 -1.000000 0.000000
    outer loop
      vertex 32.619048 10.000000 0.000000
      vertex 32.936508 10.000000 0.000000
      vertex 32.936508 10.000000 0.400000
    endloop
  endfacet
  facet normal 0.000000 -1.000000 0.000000
    outer loop
      vertex 32.619048 10.000000 0.000000
      vertex 32.936508 10.000000 0.400000
      vertex 32.619048 10.000000 0.400000
    endloop
  endfacet
  facet normal 0.000000 1.000000 0.000000
    outer loop
      vertex 32.619048 13.510638 0.000000
      vertex 32.936508 13.510638 0.400000
      vertex 32.936508 13.510638 0.000000
    endloop
  endfacet
  facet normal 0.000000 1.000000 0.000000
    outer loop
      vertex 32.619048 13.510638 0.000000
      vertex 32.619048 13.510638 0.400000
      vertex 32.936508 13.510638 0.400000
    endloop
  endfacet
  facet normal -1.000000 0.000000 0.000000
    outer loop
      vertex 32.619048 10.000000 0.000000
      vertex 32.619048 10.000000 0.400000
      vertex 32.619048 13.510638 0.400000
    endloop
  endfacet
  facet normal -1.000000 0.000000 0.000000
    outer loop
      vertex 32.619048 10.000000 0.000000
      vertex 32.619048 13.510638 0.400000
      vertex 32.619048 13.510638 0.000000
    endloop
  endfacet
  facet normal 1.000000 0.000000 0.000000
    outer loop
      vertex 32.936508 10.000000 0.000000
      vertex 32.936508 13.510638 0.000000
      vertex 32.936508 13.510638 0.400000
    endloop
  endfacet
  facet normal 1.000000 0.000000 0.000000
    outer loop
      vertex 32.936508 10.000000 0.000000
      vertex 32.936508 13.510638 0.400000
      vertex 32.936508 10.000000 0.400000
    endloop
  endfacet
  facet normal 0.000000 0.000000 -1.000000
    outer loop
      vertex 9.444444 10.000000 0.000000
      vertex 9.761905 13.191489 0.000000
      vertex 9.761905 10.000000 0.000000
    endloop
  endfacet
  facet normal 0.000000 0.000000 -1.000000
    outer loop
      vertex 9.444444 10.000000 0.000000
      vertex 9.444444 13.191489 0.000000
      vertex 9.761905 13.191489 0.000000
    endloop
  endfacet
  facet normal 0.000000 0.000000 1.000000
    outer loop
      vertex 9.444444 10.000000 0.400000
      vertex 9.761905 10.000000 0.400000
      vertex 9.761905 13.191489 0.400000
    endloop
  endfacet
  facet normal 0.000000 0.000000 1.000000
    outer loop
      vertex 9.444444 10.000000 0.400000
      vertex 9.761905 13.191489 0.400000
      vertex 9.444444 13.191489 0.400000
    endloop
  endfacet
  facet normal 0.000000 -1.000000 0.000000
    outer loop
      vertex 9.444444 10.000000 0.000000
      vertex 9.761905 10.000000 0.000000
      vertex 9.761905 10.000000 0.400000
    endloop
  endfacet
  facet normal 0.000000 -1.000000 0.000000
    outer loop
      vertex 9.444444 10.000000 0.000000
      vertex 9.761905 10.000000 0.400000
      vertex 9.444444 10.000000 0.400000
    endloop
  endfacet
  facet normal 0.000000 1.000000 0.000000
    outer loop
      vertex 9.444444 13.191489 0.000000
      vertex 9.761905 13.191489 0.400000
      vertex 9.761905 13.191489 0.000000
    endloop
  endfacet
  facet normal 0.000000 1.000000 0.000000
    outer loop
      vertex 9.444444 13.191489 0.000000
      vertex 9.444444 13.191489 0.400000
      vertex 9.761905 13.191489 0.400000
    endloop
  endfacet
  facet normal -1.000000 0.000000 0.000000
    outer loop
      vertex 9.444444 10.000000 0.000000
      vertex 9.444444 10.000000 0.400000
      vertex 9.444444 13.191489 0.400000
    endloop
  endfacet
  facet normal -1.000000 0.000000 0.000000
    outer loop
      vertex 9.444444 10.000000 0.000000
      vertex 9.444444 13.191489 0.400000
      vertex 9.444444 13.191489 0.000000
    endloop
  endfacet
  facet normal 1.000000 0.000000 0.000000
    outer loop
      vertex 9.761905 10.000000 0.000000
      vertex 9.761905 13.191489 0.000000
      vertex 9.761905 13.191489 0.400000
    endloop
  endfacet
  facet normal 1.000000 0.000000 0.000000
    outer loop
      vertex 9.761905 10.000000 0.000000
      vertex 9.761905 13.191489 0.400000
      vertex 9.761905 10.000000 0.400000
    endloop
  endfacet
  facet normal 0.000000 0.000000 -1.000000
    outer loop
      vertex 13.888889 10.000000 0.000000
      vertex 14.206349 13.191489 0.000000
      vertex 14.206349 10.000000 0.000000
    endloop
  endfacet
  facet normal 0.000000 0.000000 -1.000000
    outer loop
      vertex 13.888889 10.000000 0.000000
      vertex 13.888889 13.191489 0.000000
      vertex 14.206349 13.191489 0.000000
    endloop
  endfacet
  facet normal 0.000000 0.000000 1.000000
    outer loop
      vertex 13.888889 10.000000 0.400000
      vertex 14.206349 10.000000 0.400000
      vertex 14.206349 13.191489 0.400000
    endloop
  endfacet
  facet normal 0.000000 0.000000 1.000000
    outer loop
      vertex 13.888889 10.000000 0.400000
      vertex 14.206349 13.191489 0.400000
      vertex 13.888889 13.191489 0.400000
    endloop
  endfacet
  facet normal 0.000000 -1.000000 0.000000
    outer loop
      vertex 13.888889 10.000000 0.000000
      vertex 14.206349 10.000000 0.000000
      vertex 14.206349 10.000000 0.400000
    endloop
  endfacet
  facet normal 0.000000 -1.000000 0.000000
    outer loop
      vertex 13.888889 10.000000 0.000000
      vertex 14.206349 10.000000 0.400000
      vertex 13.888889 10.000000 0.400000
    endloop
  endfacet
  facet normal 0.000000 1.000000 0.000000
    outer loop
      vertex 13.888889 13.191489 0.000000
      vertex 14.206349 13.191489 0.400000
      vertex 14.206349 13.191489 0.000000
    endloop
  endfacet
  facet normal 0.000000 1.000000 0.000000
    outer loop
      vertex 13.888889 13.191489 0.000000
      vertex 13.888889 13.191489 0.400000
      vertex 14.206349 13.191489 0.400000
    endloop
  endfacet
  facet normal -1.000000 0.000000 0.000000
    outer loop
      vertex 13.888889 10.000000 0.000000
      vertex 13.888889 10.000000 0.400000
      vertex 13.888889 13.191489 0.400000
    endloop
  endfacet
  facet normal -1.000000 0.000000 0.000000
    outer loop
      vertex 13.888889 10.000000 0.000000
      vertex 13.888889 13.191489 0.400000
      vertex 13.888889 13.191489 0.000000
    endloop
  endfacet
  facet normal 1.000000 0.000000 0.000000
    outer loop
      vertex 14.206349 10.000000 0.000000
      vertex 14.206349 13.191489 0.000000
      vertex 14.206349 13.191489 0.400000
    endloop
  endfacet
  facet normal 1.000000 0.000000 0.000000
    outer loop
      vertex 14.206349 10.000000 0.000000
      vertex 14.206349 13.191489 0.400000
      vertex 14.206349 10.000000 0.400000
    endloop
  endfacet
  facet normal 0.000000 0.000000 -1.000000
    outer loop
      vertex 17.380952 10.000000 0.000000
      vertex 17.698413 13.191489 0.000000
      vertex 17.698413 10.000000 0.000000
    endloop
  endfacet
  facet normal 0.000000 0.000000 -1.000000
    outer loop
      vertex 17.380952 10.000000 0.000000
      vertex 17.380952 13.191489 0.000000
      vertex 17.698413 13.191489 0.000000
    endloop
  endfacet
  facet normal 0.000000 0.000000 1.000000
    outer loop
      vertex 17.380952 10.000000 0.400000
      vertex 17.698413 10.000000 0.400000
      vertex 17.698413 13.191489 0.400000
    endloop
  endfacet
  facet normal 0.000000 0.000000 1.000000
    outer loop
      vertex 17.380952 10.000000 0.400000
      vertex 17.698413 13.191489 0.400000
      vertex 17.380952 13.191489 0.400000
    endloop
  endfacet
  facet normal 0.000000 -1.000000 0.000000
    outer loop
      vertex 17.380952 10.000000 0.000000
      vertex 17.698413 10.000000 0.000000
      vertex 17.698413 10.000000 0.400000
    endloop
  endfacet
  facet normal 0.000000 -1.000000 0.000000
    outer loop
      vertex 17.380952 10.000000 0.000000
      vertex 17.698413 10.000000 0.400000
      vertex 17.380952 10.000000 0.400000
    endloop
  endfacet
  facet normal 0.000000 1.000000 0.000000
    outer loop
      vertex 17.380952 13.191489 0.000000
      vertex 17.698413 13.191489 0.400000
      vertex 17.698413 13.191489 0.000000
    endloop
  endfacet
  facet normal 0.000000 1.000000 0.000000
    outer loop
      vertex 17.380952 13.191489 0.000000
      vertex 17.380952 13.191489 0.400000
      vertex 17.698413 13.191489 0.400000
    endloop
  endfacet
  facet normal -1.000000 0.000000 0.000000
    outer loop
      vertex 17.380952 10.000000 0.000000
      vertex 17.380952 10.000000 0.400000
      vertex 17.380952 13.191489 0.400000
    endloop
  endfacet
  facet normal -1.000000 0.000000 0.000000
    outer loop
      vertex 17.380952 10.000000 0.000000
      vertex 17.380952 13.191489 0.400000
      vertex 17.380952 13.191489 0.000000
    endloop
  endfacet
  facet normal 1.000000 0.000000 0.000000
    outer loop
      vertex 17.698413 10.000000 0.000000
      vertex 17.698413 13.191489 0.000000
      vertex 17.698413 13.191489 0.400000
    endloop
  endfacet
  facet normal 1.000000 0.000000 0.000000
    outer loop
      vertex 17.698413 10.000000 0.000000
      vertex 17.698413 13.191489 0.400000
      vertex 17.698413 10.000000 0.400000
    endloop
  endfacet
  facet normal 0.000000 0.000000 -1.000000
    outer loop
      vertex 22.777778 10.000000 0.000000
      vertex 23.095238 13.191489 0.000000
      vertex 23.095238 10.000000 0.000000
    endloop
  endfacet
  facet normal 0.000000 0.000000 -1.000000
    outer loop
      vertex 22.777778 10.000000 0.000000
      vertex 22.777778 13.191489 0.000000
      vertex 23.095238 13.191489 0.000000
    endloop
  endfacet
  facet normal 0.000000 0.000000 1.000000
    outer loop
      vertex 22.777778 10.000000 0.400000
      vertex 23.095238 10.000000 0.400000
      vertex 23.095238 13.191489 0.400000
    endloop
  endfacet
  facet normal 0.000000 0.000000 1.000000
    outer loop
      vertex 22.777778 10.000000 0.400000
      vertex 23.095238 13.191489 0.400000
      vertex 22.777778 13.191489 0.400000
    endloop
  endfacet
  facet normal 0.000000 -1.000000 0.000000
    outer loop
      vertex 22.777778 10.000000 0.000000
      vertex 23.095238 10.000000 0.000000
      vertex 23.095238 10.000000 0.400000
    endloop
  endfacet
  facet normal 0.000000 -1.000000 0.000000
    outer loop
      vertex 22.777778 10.000000 0.000000
      vertex 23.095238 10.000000 0.400000
      vertex 22.777778 10.000000 0.400000
    endloop
  endfacet
  facet normal 0.000000 1.000000 0.000000
    outer loop
      vertex 22.777778 13.191489 0.000000
      vertex 23.095238 13.191489 0.400000
      vertex 23.095238 13.191489 0.000000
    endloop
  endfacet
  facet normal 0.000000 1.000000 0.000000
    outer loop
      vertex 22.777778 13.191489 0.000000
      vertex 22.777778 13.191489 0.400000
      vertex 23.095238 13.191489 0.400000
    endloop
  endfacet
  facet normal -1.000000 0.000000 0.000000
    outer loop
      vertex 22.777778 10.000000 0.000000
      vertex 22.777778 10.000000 0.400000
      vertex 22.777778 13.191489 0.400000
    endloop
  endfacet
  facet normal -1.000000 0.000000 0.000000
    outer loop
      vertex 22.777778 10.000000 0.000000
      vertex 22.777778 13.191489 0.400000
      vertex 22.777778 13.191489 0.000000
    endloop
  endfacet
  facet normal 1.000000 0.000000 0.000000
    outer loop
      vertex 23.095238 10.000000 0.000000
      vertex 23.095238 13.191489 0.000000
      vertex 23.095238 13.191489 0.400000
    endloop
  endfacet
  facet normal 1.000000 0.000000 0.000000
    outer loop
      vertex 23.095238 10.000000 0.000000
      vertex 23.095238 13.191489 0.400000
      vertex 23.095238 10.000000 0.400000
    endloop
  endfacet
  facet normal 0.000000 0.000000 -1.000000
    outer loop
      vertex 26.904762 10.000000 0.000000
      vertex 27.222222 13.191489 0.000000
      vertex 27.222222 10.000000 0.000000
    endloop
  endfacet
  facet normal 0.000000 0.000000 -1.000000
    outer loop
      vertex 26.904762 10.000000 0.000000
      vertex 26.904762 13.191489 0.000000
      vertex 27.222222 13.191489 0.000000
    endloop
  endfacet
  facet normal 0.000000 0.000000 1.000000
    outer loop
      vertex 26.904762 10.000000 0.400000
      vertex 27.222222 10.000000 0.400000
      vertex 27.222222 13.191489 0.400000
    endloop
  endfacet
  facet normal 0.000000 0.000000 1.000000
    outer loop
      vertex 26.904762 10.000000 0.400000
      vertex 27.222222 13.191489 0.400000
      vertex 26.904762 13.191489 0.400000
    endloop
  endfacet
  facet normal 0.000000 -1.000000 0.000000
    outer loop
      vertex 26.904762 10.000000 0.000000
      vertex 27.222222 10.000000 0.000000
      vertex 27.222222 10.000000 0.400000
    endloop
  endfacet
  facet normal 0.000000 -1.000000 0.000000
    outer loop
      vertex 26.904762 10.000000 0.000000
      vertex 27.222222 10.000000 0.400000
      vertex 26.904762 10.000000 0.400000
    endloop
  endfacet
  facet normal 0.000000 1.000000 0.000000
    outer loop
      vertex 26.904762 13.191489 0.000000
      vertex 27.222222 13.191489 0.400000
      vertex 27.222222 13.191489 0.000000
    endloop
  endfacet
  facet normal 0.000000 1.000000 0.000000
    outer loop
      vertex 26.904762 13.191489 0.000000
      vertex 26.904762 13.191489 0.400000
      vertex 27.222222 13.191489 0.400000
    endloop
  endfacet
  facet normal -1.000000 0.000000 0.000000
    outer loop
      vertex 26.904762 10.000000 0.000000
      vertex 26.904762 10.000000 0.400000
      vertex 26.904762 13.191489 0.400000
    endloop
  endfacet
  facet normal -1.000000 0.000000 0.000000
    outer loop
      vertex 26.904762 10.000000 0.000000
      vertex 26.904762 13.191489 0.400000
      vertex 26.904762 13.191489 0.000000
    endloop
  endfacet
  facet normal 1.000000 0.000000 0.000000
    outer loop
      vertex 27.222222 10.000000 0.000000
      vertex 27.222222 13.191489 0.000000
      vertex 27.222222 13.191489 0.400000
    endloop
  endfacet
  facet normal 1.000000 0.000000 0.000000
    outer loop
      vertex 27.222222 10.000000 0.000000
      vertex 27.222222 13.191489 0.400000
      vertex 27.222222 10.000000 0.400000
    endloop
  endfacet
  facet normal 0.000000 0.000000 -1.000000
    outer loop
      vertex 32.301587 10.000000 0.000000
      vertex 32.619048 13.191489 0.000000
      vertex 32.619048 10.000000 0.000000
    endloop
  endfacet
  facet normal 0.000000 0.000000 -1.000000
    outer loop
      vertex 32.301587 10.000000 0.000000
      vertex 32.301587 13.191489 0.000000
      vertex 32.619048 13.191489 0.000000
    endloop
  endfacet
  facet normal 0.000000 0.000000 1.000000
    outer loop
      vertex 32.301587 10.000000 0.400000
      vertex 32.619048 10.000000 0.400000
      vertex 32.619048 13.191489 0.400000
    endloop
  endfacet
  facet normal 0.000000 0.000000 1.000000
    outer loop
      vertex 32.301587 10.000000 0.400000
      vertex 32.619048 13.191489 0.400000
      vertex 32.301587 13.191489 0.400000
    endloop
  endfacet
  facet normal 0.000000 -1.000000 0.000000
    outer loop
      vertex 32.301587 10.000000 0.000000
      vertex 32.619048 10.000000 0.000000
      vertex 32.619048 10.000000 0.400000
    endloop
  endfacet
  facet normal 0.000000 -1.000000 0.000000
    outer loop
      vertex 32.301587 10.000000 0.000000
      vertex 32.619048 10.000000 0.400000
      vertex 32.301587 10.000000 0.400000
    endloop
  endfacet
  facet normal 0.000000 1.000000 0.000000
    outer loop
      vertex 32.301587 13.191489 0.000000
      vertex 32.619048 13.191489 0.400000
      vertex 32.619048 13.191489 0.000000
    endloop
  endfacet
  facet normal 0.000000 1.000000 0.000000
    outer loop
      vertex 32.301587 13.191489 0.000000
      vertex 32.301587 13.191489 0.400000
      vertex 32.619048 13.191489 0.400000
    endloop
  endfacet
  facet normal -1.000000 0.000000 0.000000
    outer loop
      vertex 32.301587 10.000000 0.000000
      vertex 32.301587 10.000000 0.400000
      vertex 32.301587 13.191489 0.400000
    endloop
  endfacet
  facet normal -1.000000 0.000000 0.000000
    outer loop
      vertex 32.301587 10.000000 0.000000
      vertex 32.301587 13.191489 0.400000
      vertex 32.301587 13.191489 0.000000
    endloop
  endfacet
  facet normal 1.000000 0.000000 0.000000
    outer loop
      vertex 32.619048 10.000000 0.000000
      vertex 32.619048 13.191489 0.000000
      vertex 32.619048 13.191489 0.400000
    endloop
  endfacet
  facet normal 1.000000 0.000000 0.000000
    outer loop
      vertex 32.619048 10.000000 0.000000
      vertex 32.619048 13.191489 0.400000
      vertex 32.619048 10.000000 0.400000
    endloop
  endfacet
  facet normal 0.000000 0.000000 -1.000000
    outer loop
      vertex 9.761905 10.000000 0.000000
      vertex 10.079365 12.872340 0.000000
      vertex 10.079365 10.000000 0.000000
    endloop
  endfacet
  facet normal 0.000000 0.000000 -1.000000
    outer loop
      vertex 9.761905 10.000000 0.000000
      vertex 9.761905 12.872340 0.000000
      vertex 10.079365 12.872340 0.000000
    endloop
  endfacet
  facet normal 0.000000 0.000000 1.000000
    outer loop
      vertex 9.761905 10.000000 0.400000
      vertex 10.079365 10.000000 0.400000
      vertex 10.079365 12.872340 0.400000
    endloop
  endfacet
  facet normal 0.000000 0.000000 1.000000
    outer loop
      vertex 9.761905 10.000000 0.400000
      vertex 10.079365 12.872340 0.400000
      vertex 9.761905 12.872340 0.400000
    endloop
  endfacet
  facet normal 0.000000 -1.000000 0.000000
    outer loop
      vertex 9.761905 10.000000 0.000000
      vertex 10.079365 10.000000 0.000000
      vertex 10.079365 10.000000 0.400000
    endloop
  endfacet
  facet normal 0.000000 -1.000000 0.000000
    outer loop
      vertex 9.761905 10.000000 0.000000
      vertex 10.079365 10.000000 0.400000
      vertex 9.761905 10.000000 0.400000
    endloop
  endfacet
  facet normal 0.000000 1.000000 0.000000
    outer loop
      vertex 9.761905 12.872340 0.000000
      vertex 10.079365 12.872340 0.400000
      vertex 10.079365 12.872340 0.000000
    endloop
  endfacet
  facet normal 0.000000 1.000000 0.000000
    outer loop
      vertex 9.761905 12.872340 0.000000
      vertex 9.761905 12.872340 0.400000
      vertex 10.079365 12.872340 0.400000
    endloop
  endfacet
  facet normal -1.000000 0.000000 0.000000
    outer loop
      vertex 9.761905 10.000000 0.000000
      vertex 9.761905 10.000000 0.400000
      vertex 9.761905 12.872340 0.400000
    endloop
  endfacet
  facet normal -1.000000 0.000000 0.000000
    outer loop
      vertex 9.761905 10.000000 0.000000
      vertex 9.761905 12.872340 0.400000
      vertex 9.761905 12.872340 0.000000
    endloop
  endfacet
  facet normal 1.000000 0.000000 0.000000
    outer loop
      vertex 10.079365 10.000000 0.000000
      vertex 10.079365 12.872340 0.000000
      vertex 10.079365 12.872340 0.400000
    endloop
  endfacet
  facet normal 1.000000 0.000000 0.000000
    outer loop
      vertex 10.079365 10.000000 0.000000
      vertex 10.079365 12.872340 0.400000
      vertex 10.079365 10.000000 0.400000
    endloop
  endfacet
  facet normal 0.000000 0.000000 -1.000000
    outer loop
      vertex 13.571429 10.000000 0.000000
      vertex 13.888889 12.872340 0.000000
      vertex 13.888889 10.000000 0.000000
    endloop
  endfacet
  facet normal 0.000000 0.000000 -1.000000
    outer loop
      vertex 13.571429 10.000000 0.000000
      vertex 13.571429 12.872340 0.000000
      vertex 13.888889 12.872340 0.000000
    endloop
  endfacet
  facet normal 0.000000 0.000000 1.000000
    outer loop
      vertex 13.571429 10.000000 0.400000
      vertex 13.888889 10.000000 0.400000
      vertex 13.888889 12.872340 0.400000
    endloop
  endfacet
  facet normal 0.000000 0.000000 1.000000
    outer loop
      vertex 13.571429 10.000000 0.400000
      vertex 13.888889 12.872340 0.400000
      vertex 13.571429 12.872340 0.400000
    endloop
  endfacet
  facet normal 0.000000 -1.000000 0.000000
    outer loop
      vertex 13.571429 10.000000 0.000000
      vertex 13.888889 10.000000 0.000000
      vertex 13.888889 10.000000 0.400000
    endloop
  endfacet
  facet normal 0.000000 -1.000000 0.000000
    outer loop
      vertex 13.571429 10.000000 0.000000
      vertex 13.888889 10.000000 0.400000
      vertex 13.571429 10.000000 0.400000
    endloop
  endfacet
  facet normal 0.000000 1.000000 0.000000
    outer loop
      vertex 13.571429 12.872340 0.000000
      vertex 13.888889 12.872340 0.400000
      vertex 13.888889 12.872340 0.000000
    endloop
  endfacet
  facet normal 0.000000 1.000000 0.000000
    outer loop
      vertex 13.571429 12.872340 0.000000
      vertex 13.571429 12.872340 0.400000
      vertex 13.888889 12.872340 0.400000
    endloop
  endfacet
  facet normal -1.000000 0.000000 0.000000
    outer loop
      vertex 13.571429 10.000000 0.000000
      vertex 13.571429 10.000000 0.400000
      vertex 13.571429 12.872340 0.400000
    endloop
  endfacet
  facet normal -1.000000 0.000000 0.000000
    outer loop
      vertex 13.571429 10.000000 0.000000
      vertex 13.571429 12.872340 0.400000
      vertex 13.571429 12.872340 0.000000
    endloop
  endfacet
  facet normal 1.000000 0.000000 0.000000
    outer loop
      vertex 13.888889 10.000000 0.000000
      vertex 13.888889 12.872340 0.000000
      vertex 13.888889 12.872340 0.400000
    endloop
  endfacet
  facet normal 1.000000 0.000000 0.000000
    outer loop
      vertex 13.888889 10.000000 0.000000
      vertex 13.888889 12.872340 0.400000
      vertex 13.888889 10.000000 0.400000
    endloop
  endfacet
  facet normal 0.000000 0.000000 -1.000000
    outer loop
      vertex 17.698413 10.000000 0.000000
      vertex 18.015873 12.872340 0.000000
      vertex 18.015873 10.000000 0.000000
    endloop
  endfacet
  facet normal 0.000000 0.000000 -1.000000
    outer loop
      vertex 17.698413 10.000000 0.000000
      vertex 17.698413 12.872340 0.000000
      vertex 18.015873 12.872340 0.000000
    endloop
  endfacet
  facet normal 0.000000 0.000000 1.000000
    outer loop
      vertex 17.698413 10.000000 0.400000
      vertex 18.015873 10.000000 0.400000
      vertex 18.015873 12.872340 0.400000
    endloop
  endfacet
  facet normal 0.000000 0.000000 1.000000
    outer loop
      vertex 17.698413 10.000000 0.400000
      vertex 18.015873 12.872340 0.400000
      vertex 17.698413 12.872340 0.400000
    endloop
  endfacet
  facet normal 0.000000 -1.000000 0.000000
    outer loop
      vertex 17.698413 10.000000 0.000000
      vertex 18.015873 10.000000 0.000000
      vertex 18.015873 10.000000 0.400000
    endloop
  endfacet
  facet normal 0.000000 -1.000000 0.000000
    outer loop
      vertex 17.698413 10.000000 0.000000
      vertex 18.015873 10.000000 0.400000
      vertex 17.698413 10.000000 0.400000
    endloop
  endfacet
  facet normal 0.000000 1.000000 0.000000
    outer loop
      vertex 17.698413 12.872340 0.000000
      vertex 18.015873 12.872340 0.400000
      vertex 18.015873 12.872340 0.000000
    endloop
  endfacet
  facet normal 0.000000 1.000000 0.000000
    outer loop
      vertex 17.698413 12.872340 0.000000
      vertex 17.698413 12.872340 0.400000
      vertex 18.015873 12.872340 0.400000
    endloop
  endfacet
  facet normal -1.000000 0.000000 0.000000
    outer loop
      vertex 17.698413 10.000000 0.000000
      vertex 17.698413 10.000000 0.400000
      vertex 17.698413 12.872340 0.400000
    endloop
  endfacet
  facet normal -1.000000 0.000000 0.000000
    outer loop
      vertex 17.698413 10.000000 0.000000
      vertex 17.698413 12.872340 0.400000
      vertex 17.698413 12.872340 0.000000
    endloop
  endfacet
  facet normal 1.000000 0.000000 0.000000
    outer loop
      vertex 18.015873 10.000000 0.000000
      vertex 18.015873 12.872340 0.000000
      vertex 18.015873 12.872340 0.400000
    endloop
  endfacet
  facet normal 1.000000 0.000000 0.000000
    outer loop
      vertex 18.015873 10.000000 0.000000
      vertex 18.015873 12.872340 0.400000
      vertex 18.015873 10.000000 0.400000
    endloop
  endfacet
  facet normal 0.000000 0.000000 -1.000000
    outer loop
      vertex 22.142857 10.000000 0.000000
      vertex 22.777778 12.872340 0.000000
      vertex 22.777778 10.000000 0.000000
    endloop
  endfacet
  facet normal 0.000000 0.000000 -1.000000
    outer loop
      vertex 22.142857 10.000000 0.000000
      vertex 22.142857 12.872340 0.000000
      vertex 22.777778 12.872340 0.000000
    endloop
  endfacet
  facet normal 0.000000 0.000000 1.000000
    outer loop
      vertex 22.142857 10.000000 0.400000
      vertex 22.777778 10.000000 0.400000
      vertex 22.777778 12.872340 0.400000
    endloop
  endfacet
  facet normal 0.000000 0.000000 1.000000
    outer loop
      vertex 22.142857 10.000000 0.400000
      vertex 22.777778 12.872340 0.400000
      vertex 22.142857 12.872340 0.400000
    endloop
  endfacet
  facet normal 0.000000 -1.000000 0.000000
    outer loop
      vertex 22.142857 10.000000 0.000000
      vertex 22.777778 10.000000 0.000000
      vertex 22.777778 10.000000 0.400000
    endloop
  endfacet
  facet normal 0.000000 -1.000000 0.000000
    outer loop
      vertex 22.142857 10.000000 0.000000
      vertex 22.777778 10.000000 0.400000
      vertex 22.142857 10.000000 0.400000
    endloop
  endfacet
  facet normal 0.000000 1.000000 0.000000
    outer loop
      vertex 22.142857 12.872340 0.000000
      vertex 22.777778 12.872340 0.400000
      vertex 22.777778 12.872340 0.000000
    endloop
  endfacet
  facet normal 0.000000 1.000000 0.000000
    outer loop
      vertex 22.142857 12.872340 0.000000
      vertex 22.142857 12.872340 0.400000
      vertex 22.777778 12.872340 0.400000
    endloop
  endfacet
  facet normal -1.000000 0.000000 0.000000
    outer loop
      vertex 22.142857 10.000000 0.000000
      vertex 22.142857 10.000000 0.400000
      vertex 22.142857 12.872340 0.400000
    endloop
  endfacet
  facet normal -1.000000 0.000000 0.000000
    outer loop
      vertex 22.142857 10.000000 0.000000
      vertex 22.142857 12.872340 0.400000
      vertex 22.142857 12.872340 0.000000
    endloop
  endfacet
  facet normal 1.000000 0.000000 0.000000
    outer loop
      vertex 22.777778 10.000000 0.000000
      vertex 22.777778 12.872340 0.000000
      vertex 22.777778 12.872340 0.400000
    endloop
  endfacet
  facet normal 1.000000 0.000000 0.000000
    outer loop
      vertex 22.777778 10.000000 0.000000
      vertex 22.777778 12.872340 0.400000
      vertex 22.777778 10.000000 0.400000
    endloop
  endfacet
  facet normal 0.000000 0.000000 -1.000000
    outer loop
      vertex 27.222222 10.000000 0.000000
      vertex 27.539683 12.872340 0.000000
      vertex 27.539683 10.000000 0.000000
    endloop
  endfacet
  facet normal 0.000000 0.000000 -1.000000
    outer loop
      vertex 27.222222 10.000000 0.000000
      vertex 27.222222 12.872340 0.000000
      vertex 27.539683 12.872340 0.000000
    endloop
  endfacet
  facet normal 0.000000 0.000000 1.000000
    outer loop
      vertex 27.222222 10.000000 0.400000
      vertex 27.539683 10.000000 0.400000
      vertex 27.539683 12.872340 0.400000
    endloop
  endfacet
  facet normal 0.000000 0.000000 1.000000
    outer loop
      vertex 27.222222 10.000000 0.400000
      vertex 27.539683 12.872340 0.400000
      vertex 27.222222 12.872340 0.400000
    endloop
  endfacet
  facet normal 0.000000 -1.000000 0.000000
    outer loop
      vertex 27.222222 10.000000 0.000000
      vertex 27.539683 10.000000 0.000000
      vertex 27.539683 10.000000 0.400000
    endloop
  endfacet
  facet normal 0.000000 -1.000000 0.000000
    outer loop
      vertex 27.222222 10.000000 0.000000
      vertex 27.539683 10.000000 0.400000
      vertex 27.222222 10.000000 0.400000
    endloop
  endfacet
  facet normal 0.000000 1.000000 0.000000
    outer loop
      vertex 27.222222 12.872340 0.000000
      vertex 27.539683 12.872340 0.400000
      vertex 27.539683 12.872340 0.000000
    endloop
  endfacet
  facet normal 0.000000 1.000000 0.000000
    outer loop
      vertex 27.222222 12.872340 0.000000
      vertex 27.222222 12.872340 0.400000
      vertex 27.539683 12.872340 0.400000
    endloop
  endfacet
  facet normal -1.000000 0.000000 0.000000
    outer loop
      vertex 27.222222 10.000000 0.000000
      vertex 27.222222 10.000000 0.400000
      vertex 27.222222 12.872340 0.400000
    endloop
  endfacet
  facet normal -1.000000 0.000000 0.000000
    outer loop
      vertex 27.222222 10.000000 0.000000
      vertex 27.222222 12.872340 0.400000
      vertex 27.222222 12.872340 0.000000
    endloop
  endfacet
  facet normal 1.000000 0.000000 0.000000
    outer loop
      vertex 27.539683 10.000000 0.000000
      vertex 27.539683 12.872340 0.000000
      vertex 27.539683 12.872340 0.400000
    endloop
  endfacet
  facet normal 1.000000 0.000000 0.000000
    outer loop
      vertex 27.539683 10.000000 0.000000
      vertex 27.539683 12.872340 0.400000
      vertex 27.539683 10.000000 0.400000
    endloop
  endfacet
  facet normal 0.000000 0.000000 -1.000000
    outer loop
      vertex 31.666667 10.000000 0.000000
      vertex 32.301587 12.872340 0.000000
      vertex 32.301587 10.000000 0.000000
    endloop
  endfacet
  facet normal 0.000000 0.000000 -1.000000
    outer loop
      vertex 31.666667 10.000000 0.000000
      vertex 31.666667 12.872340 0.000000
      vertex 32.301587 12.872340 0.000000
    endloop
  endfacet
  facet normal 0.000000 0.000000 1.000000
    outer loop
      vertex 31.666667 10.000000 0.400000
      vertex 32.301587 10.000000 0.400000
      vertex 32.301587 12.872340 0.400000
    endloop
  endfacet
  facet normal 0.000000 0.000000 1.000000
    outer loop
      vertex 31.666667 10.000000 0.400000
      vertex 32.301587 12.872340 0.400000
      vertex 31.666667 12.872340 0.400000
    endloop
  endfacet
  facet normal 0.000000 -1.000000 0.000000
    outer loop
      vertex 31.666667 10.000000 0.000000
      vertex 32.301587 10.000000 0.000000
      vertex 32.301587 10.000000 0.400000
    endloop
  endfacet
  facet normal 0.000000 -1.000000 0.000000
    outer loop
      vertex 31.666667 10.000000 0.000000
      vertex 32.301587 10.000000 0.400000
      vertex 31.666667 10.000000 0.400000
    endloop
  endfacet
  facet normal 0.000000 1.000000 0.000000
    outer loop
      vertex 31.666667 12.872340 0.000000
      vertex 32.301587 12.872340 0.400000
      vertex 32.301587 12.872340 0.000000
    endloop
  endfacet
  facet normal 0.000000 1.000000 0.000000
    outer loop
      vertex 31.666667 12.872340 0.000000
      vertex 31.666667 12.872340 0.400000
      vertex 32.301587 12.872340 0.400000
    endloop
  endfacet
  facet normal -1.000000 0.000000 0.000000
    outer loop
      vertex 31.666667 10.000000 0.000000
      vertex 31.666667 10.000000 0.400000
      vertex 31.666667 12.872340 0.400000
    endloop
  endfacet
  facet normal -1.000000 0.000000 0.000000
    outer loop
      vertex 31.666667 10.000000 0.000000
      vertex 31.666667 12.872340 0.400000
      vertex 31.666667 12.872340 0.000000
    endloop
  endfacet
  facet normal 1.000000 0.000000 0.000000
    outer loop
      vertex 32.301587 10.000000 0.000000
      vertex 32.301587 12.872340 0.000000
      vertex 32.301587 12.872340 0.400000
    endloop
  endfacet
  facet normal 1.000000 0.000000 0.000000
    outer loop
      vertex 32.301587 10.000000 0.000000
      vertex 32.301587 12.872340 0.400000
      vertex 32.301587 10.000000 0.400000
    endloop
  endfacet
  facet normal 0.000000 0.000000 -1.000000
    outer loop
      vertex 10.079365 10.000000 0.000000
      vertex 10.714286 12.553191 0.000000
      vertex 10.714286 10.000000 0.000000
    endloop
  endfacet
  facet normal 0.000000 0.000000 -1.000000
    outer loop
      vertex 10.079365 10.000000 0.000000
      vertex 10.079365 12.553191 0.000000
      vertex 10.714286 12.553191 0.000000
    endloop
  endfacet
  facet normal 0.000000 0.000000 1.000000
    outer loop
      vertex 10.079365 10.000000 0.400000
      vertex 10.714286 10.000000 0.400000
      vertex 10.714286 12.553191 0.400000
    endloop
  endfacet
  facet normal 0.000000 0.000000 1.000000
    outer loop
      vertex 10.079365 10.000000 0.400000
      vertex 10.714286 12.553191 0.400000
      vertex 10.079365 12.553191 0.400000
    endloop
  endfacet
  facet normal 0.000000 -1.000000 0.000000
    outer loop
      vertex 10.079365 10.000000 0.000000
      vertex 10.714286 10.000000 0.000000
      vertex 10.714286 10.000000 0.400000
    endloop
  endfacet
  facet normal 0.000000 -1.000000 0.000000
    outer loop
      vertex 10.079365 10.000000 0.000000
      vertex 10.714286 10.000000 0.400000
      vertex 10.079365 10.000000 0.400000
    endloop
  endfacet
  facet normal 0.000000 1.000000 0.000000
    outer loop
      vertex 10.079365 12.553191 0.000000
      vertex 10.714286 12.553191 0.400000
      vertex 10.714286 12.553191 0.000000
    endloop
  endfacet
  facet normal 0.000000 1.000000 0.000000
    outer loop
      vertex 10.079365 12.553191 0.000000
      vertex 10.079365 12.553191 0.400000
      vertex 10.714286 12.553191 0.400000
    endloop
  endfacet
  facet normal -1.000000 0.000000 0.000000
    outer loop
      vertex 10.079365 10.000000 0.000000
      vertex 10.079365 10.000000 0.400000
      vertex 10.079365 12.553191 0.400000
    endloop
  endfacet
  facet normal -1.000000 0.000000 0.000000
    outer loop
      vertex 10.079365 10.000000 0.000000
      vertex 10.079365 12.553191 0.400000
      vertex 10.079365 12.553191 0.000000
    endloop
  endfacet
  facet normal 1.000000 0.000000 0.000000
    outer loop
      vertex 10.714286 10.000000 0.000000
      vertex 10.714286 12.553191 0.000000
      vertex 10.714286 12.553191 0.400000
    endloop
  endfacet
  facet normal 1.000000 0.000000 0.000000
    outer loop
      vertex 10.714286 10.000000 0.000000
      vertex 10.714286 12.553191 0.400000
      vertex 10.714286 10.000000 0.400000
    endloop
  endfacet
  facet normal 0.000000 0.000000 -1.000000
    outer loop
      vertex 12.936508 10.000000 0.000000
      vertex 13.571429 12.553191 0.000000
      vertex 13.571429 10.000000 0.000000
    endloop
  endfacet
  facet normal 0.000000 0.000000 -1.000000
    outer loop
      vertex 12.936508 10.000000 0.000000
      vertex 12.936508 12.553191 0.000000
      vertex 13.571429 12.553191 0.000000
    endloop
  endfacet
  facet normal 0.000000 0.000000 1.000000
    outer loop
      vertex 12.936508 10.000000 0.400000
      vertex 13.571429 10.000000 0.400000
      vertex 13.571429 12.553191 0.400000
    endloop
  endfacet
  facet normal 0.000000 0.000000 1.000000
    outer loop
      vertex 12.936508 10.000000 0.400000
      vertex 13.571429 12.553191 0.400000
      vertex 12.936508 12.553191 0.400000
    endloop
  endfacet
  facet normal 0.000000 -1.000000 0.000000
    outer loop
      vertex 12.936508 10.000000 0.000000
      vertex 13.571429 10.000000 0.000000
      vertex 13.571429 10.000000 0.400000
    endloop
  endfacet
  facet normal 0.000000 -1.000000 0.000000
    outer loop
      vertex 12.936508 10.000000 0.000000
      vertex 13.571429 10.000000 0.400000
      vertex 12.936508 10.000000 0.400000
    endloop
  endfacet
  facet normal 0.000000 1.000000 0.000000
    outer loop
      vertex 12.936508 12.553191 0.000000
      vertex 13.571429 12.553191 0.400000
      vertex 13.571429 12.553191 0.000000
    endloop
  endfacet
  facet normal 0.000000 1.000000 0.000000
    outer loop
      vertex 12.936508 12.553191 0.000000
      vertex 12.936508 12.553191 0.400000
      vertex 13.571429 12.553191 0.400000
    endloop
  endfacet
  facet normal -1.000000 0.000000 0.000000
    outer loop
      vertex 12.936508 10.000000 0.000000
      vertex 12.936508 10.000000 0.400000
      vertex 12.936508 12.553191 0.400000
    endloop
  endfacet
  facet normal -1.000000 0.000000 0.000000
    outer loop
      vertex 12.936508 10.000000 0.000000
      vertex 12.936508 12.553191 0.400000
      vertex 12.936508 12.553191 0.000000
    endloop
  endfacet
  facet normal 1.000000 0.000000 0.000000
    outer loop
      vertex 13.571429 10.000000 0.000000
      vertex 13.571429 12.553191 0.000000
      vertex 13.571429 12.553191 0.400000
    endloop
  endfacet
  facet normal 1.000000 0.000000 0.000000
    outer loop
      vertex 13.571429 10.000000 0.000000
      vertex 13.571429 12.553191 0.400000
      vertex 13.571429 10.000000 0.400000
    endloop
  endfacet
  facet normal 0.000000 0.000000 -1.000000
    outer loop
      vertex 18.015873 10.000000 0.000000
      vertex 18.968254 12.553191 0.000000
      vertex 18.968254 10.000000 0.000000
    endloop
  endfacet
  facet normal 0.000000 0.000000 -1.000000
    outer loop
      vertex 18.015873 10.000000 0.000000
      vertex 18.015873 12.553191 0.000000
      vertex 18.968254 12.553191 0.000000
    endloop
  endfacet
  facet normal 0.000000 0.000000 1.000000
    outer loop
      vertex 18.015873 10.000000 0.400000
      vertex 18.968254 10.000000 0.400000
      vertex 18.968254 12.553191 0.400000
    endloop
  endfacet
  facet normal 0.000000 0.000000 1.000000
    outer loop
      vertex 18.015873 10.000000 0.400000
      vertex 18.968254 12.553191 0.400000
      vertex 18.015873 12.553191 0.400000
    endloop
  endfacet
  facet normal 0.000000 -1.000000 0.000000
    outer loop
      vertex 18.015873 10.000000 0.000000
      vertex 18.968254 10.000000 0.000000
      vertex 18.968254 10.000000 0.400000
    endloop
  endfacet
  facet normal 0.000000 -1.000000 0.000000
    outer loop
      vertex 18.015873 10.000000 0.000000
      vertex 18.968254 10.000000 0.400000
      vertex 18.015873 10.000000 0.400000
    endloop
  endfacet
  facet normal 0.000000 1.000000 0.000000
    outer loop
      vertex 18.015873 12.553191 0.000000
      vertex 18.968254 12.553191 0.400000
      vertex 18.968254 12.553191 0.000000
    endloop
  endfacet
  facet normal 0.000000 1.000000 0.000000
    outer loop
      vertex 18.015873 12.553191 0.000000
      vertex 18.015873 12.553191 0.400000
      vertex 18.968254 12.553191 0.400000
    endloop
  endfacet
  facet normal -1.000000 0.000000 0.000000
    outer loop
      vertex 18.015873 10.000000 0.000000
      vertex 18.015873 10.000000 0.400000
      vertex 18.015873 12.553191 0.400000
    endloop
  endfacet
  facet normal -1.000000 0.000000 0.000000
    outer loop
      vertex 18.015873 10.000000 0.000000
      vertex 18.015873 12.553191 0.400000
      vertex 18.015873 12.553191 0.000000
    endloop
  endfacet
  facet normal 1.000000 0.000000 0.000000
    outer loop
      vertex 18.968254 10.000000 0.000000
      vertex 18.968254 12.553191 0.000000
      vertex 18.968254 12.553191 0.400000
    endloop
  endfacet
  facet normal 1.000000 0.000000 0.000000
    outer loop
      vertex 18.968254 10.000000 0.000000
      vertex 18.968254 12.553191 0.400000
      vertex 18.968254 10.000000 0.400000
    endloop
  endfacet
  facet normal 0.000000 0.000000 -1.000000
    outer loop
      vertex 21.507937 10.000000 0.000000
      vertex 22.142857 12.553191 0.000000
      vertex 22.142857 10.000000 0.000000
    endloop
  endfacet
  facet normal 0.000000 0.000000 -1.000000
    outer loop
      vertex 21.507937 10.000000 0.000000
      vertex 21.507937 12.553191 0.000000
      vertex 22.142857 12.553191 0.000000
    endloop
  endfacet
  facet normal 0.000000 0.000000 1.000000
    outer loop
      vertex 21.507937 10.000000 0.400000
      vertex 22.142857 10.000000 0.400000
      vertex 22.142857 12.553191 0.400000
    endloop
  endfacet
  facet normal 0.000000 0.000000 1.000000
    outer loop
      vertex 21.507937 10.000000 0.400000
      vertex 22.142857 12.553191 0.400000
      vertex 21.507937 12.553191 0.400000
    endloop
  endfacet
  facet normal 0.000000 -1.000000 0.000000
    outer loop
      vertex 21.507937 10.000000 0.000000
      vertex 22.142857 10.000000 0.000000
      vertex 22.142857 10.000000 0.400000
    endloop
  endfacet
  facet normal 0.000000 -1.000000 0.000000
    outer loop
      vertex 21.507937 10.000000 0.000000
      vertex 22.142857 10.000000 0.400000
      vertex 21.507937 10.000000 0.400000
    endloop
  endfacet
  facet normal 0.000000 1.000000 0.000000
    outer loop
      vertex 21.507937 12.553191 0.000000
      vertex 22.142857 12.553191 0.400000
      vertex 22.142857 12.553191 0.000000
    endloop
  endfacet
  facet normal 0.000000 1.000000 0.000000
    outer loop
      vertex 21.507937 12.553191 0.000000
      vertex 21.507937 12.553191 0.400000
      vertex 22.142857 12.553191 0.400000
    endloop
  endfacet
  facet normal -1.000000 0.000000 0.000000
    outer loop
      vertex 21.507937 10.000000 0.000000
      vertex 21.507937 10.000000 0.400000
      vertex 21.507937 12.553191 0.400000
    endloop
  endfacet
  facet normal -1.000000 0.000000 0.000000
    outer loop
      vertex 21.507937 10.000000 0.000000
      vertex 21.507937 12.553191 0.400000
      vertex 21.507937 12.553191 0.000000
    endloop
  endfacet
  facet normal 1.000000 0.000000 0.000000
    outer loop
      vertex 22.142857 10.000000 0.000000
      vertex 22.142857 12.553191 0.000000
      vertex 22.142857 12.553191 0.400000
    endloop
  endfacet
  facet normal 1.000000 0.000000 0.000000
    outer loop
      vertex 22.142857 10.000000 0.000000
      vertex 22.142857 12.553191 0.400000
      vertex 22.142857 10.000000 0.400000
    endloop
  endfacet
  facet normal 0.000000 0.000000 -1.000000
    outer loop
      vertex 27.539683 10.000000 0.000000
      vertex 28.492063 12.553191 0.000000
      vertex 28.492063 10.000000 0.000000
    endloop
  endfacet
  facet normal 0.000000 0.000000 -1.000000
    outer loop
      vertex 27.539683 10.000000 0.000000
      vertex 27.539683 12.553191 0.000000
      vertex 28.492063 12.553191 0.000000
    endloop
  endfacet
  facet normal 0.000000 0.000000 1.000000
    outer loop
      vertex 27.539683 10.000000 0.400000
      vertex 28.492063 10.000000 0.400000
      vertex 28.492063 12.553191 0.400000
    endloop
  endfacet
  facet normal 0.000000 0.000000 1.000000
    outer loop
      vertex 27.539683 10.000000 0.400000
      vertex 28.492063 12.553191 0.400000
      vertex 27.539683 12.553191 0.400000
    endloop
  endfacet
  facet normal 0.000000 -1.000000 0.000000
    outer loop
      vertex 27.539683 10.000000 0.000000
      vertex 28.492063 10.000000 0.000000
      vertex 28.492063 10.000000 0.400000
    endloop
  endfacet
  facet normal 0.000000 -1.000000 0.000000
    outer loop
      vertex 27.539683 10.000000 0.000000
      vertex 28.492063 10.000000 0.400000
      vertex 27.539683 10.000000 0.400000
    endloop
  endfacet
  facet normal 0.000000 1.000000 0.000000
    outer loop
      vertex 27.539683 12.553191 0.000000
      vertex 28.492063 12.553191 0.400000
      vertex 28.492063 12.553191 0.000000
    endloop
  endfacet
  facet normal 0.000000 1.000000 0.000000
    outer loop
      vertex 27.539683 12.553191 0.000000
      vertex 27.539683 12.553191 0.400000
      vertex 28.492063 12.553191 0.400000
    endloop
  endfacet
  facet normal -1.000000 0.000000 0.000000
    outer loop
      vertex 27.539683 10.000000 0.000000
      vertex 27.539683 10.000000 0.400000
      vertex 27.539683 12.553191 0.400000
    endloop
  endfacet
  facet normal -1.000000 0.000000 0.000000
    outer loop
      vertex 27.539683 10.000000 0.000000
      vertex 27.539683 12.553191 0.400000
      vertex 27.539683 12.553191 0.000000
    endloop
  endfacet
  facet normal 1.000000 0.000000 0.000000
    outer loop
      vertex 28.492063 10.000000 0.000000
      vertex 28.492063 12.553191 0.000000
      vertex 28.492063 12.553191 0.400000
    endloop
  endfacet
  facet normal 1.000000 0.000000 0.000000
    outer loop
      vertex 28.492063 10.000000 0.000000
      vertex 28.492063 12.553191 0.400000
      vertex 28.492063 10.000000 0.400000
    endloop
  endfacet
  facet normal 0.000000 0.000000 -1.000000
    outer loop
      vertex 31.031746 10.000000 0.000000
      vertex 31.666667 12.553191 0.000000
      vertex 31.666667 10.000000 0.000000
    endloop
  endfacet
  facet normal 0.000000 0.000000 -1.000000
    outer loop
      vertex 31.031746 10.000000 0.000000
      vertex 31.031746 12.553191 0.000000
      vertex 31.666667 12.553191 0.000000
    endloop
  endfacet
  facet normal 0.000000 0.000000 1.000000
    outer loop
      vertex 31.031746 10.000000 0.400000
      vertex 31.666667 10.000000 0.400000
      vertex 31.666667 12.553191 0.400000
    endloop
  endfacet
  facet normal 0.000000 0.000000 1.000000
    outer loop
      vertex 31.031746 10.000000 0.400000
      vertex 31.666667 12.553191 0.400000
      vertex 31.031746 12.553191 0.400000
    endloop
  endfacet
  facet normal 0.000000 -1.000000 0.000000
    outer loop
      vertex 31.031746 10.000000 0.000000
      vertex 31.666667 10.000000 0.000000
      vertex 31.666667 10.000000 0.400000
    endloop
  endfacet
  facet normal 0.000000 -1.000000 0.000000
    outer loop
      vertex 31.031746 10.000000 0.000000
      vertex 31.666667 10.000000 0.400000
      vertex 31.031746 10.000000 0.400000
    endloop
  endfacet
  facet normal 0.000000 1.000000 0.000000
    outer loop
      vertex 31.031746 12.553191 0.000000
      vertex 31.666667 12.553191 0.400000
      vertex 31.666667 12.553191 0.000000
    endloop
  endfacet
  facet normal 0.000000 1.000000 0.000000
    outer loop
      vertex 31.031746 12.553191 0.000000
      vertex 31.031746 12.553191 0.400000
      vertex 31.666667 12.553191 0.400000
    endloop
  endfacet
  facet normal -1.000000 0.000000 0.000000
    outer loop
      vertex 31.031746 10.000000 0.000000
      vertex 31.031746 10.000000 0.400000
      vertex 31.031746 12.553191 0.400000
    endloop
  endfacet
  facet normal -1.000000 0.000000 0.000000
    outer loop
      vertex 31.031746 10.000000 0.000000
      vertex 31.031746 12.553191 0.400000
      vertex 31.031746 12.553191 0.000000
    endloop
  endfacet
  facet normal 1.000000 0.000000 0.000000
    outer loop
      vertex 31.666667 10.000000 0.000000
      vertex 31.666667 12.553191 0.000000
      vertex 31.666667 12.553191 0.400000
    endloop
  endfacet
  facet normal 1.000000 0.000000 0.000000
    outer loop
      vertex 31.666667 10.000000 0.000000
      vertex 31.666667 12.553191 0.400000
      vertex 31.666667 10.000000 0.400000
    endloop
  endfacet
  facet normal 0.000000 0.000000 -1.000000
    outer loop
      vertex 6.904762 10.000000 0.000000
      vertex 9.444444 12.234043 0.000000
      vertex 9.444444 10.000000 0.000000
    endloop
  endfacet
  facet normal 0.000000 0.000000 -1.000000
    outer loop
      vertex 6.904762 10.000000 0.000000
      vertex 6.904762 12.234043 0.000000
      vertex 9.444444 12.234043 0.000000
    endloop
  endfacet
  facet normal 0.000000 0.000000 1.000000
    outer loop
      vertex 6.904762 10.000000 0.400000
      vertex 9.444444 10.000000 0.400000
      vertex 9.444444 12.234043 0.400000
    endloop
  endfacet
  facet normal 0.000000 0.000000 1.000000
    outer loop
      vertex 6.904762 10.000000 0.400000
      vertex 9.444444 12.234043 0.400000
      vertex 6.904762 12.234043 0.400000
    endloop
  endfacet
  facet normal 0.000000 -1.000000 0.000000
    outer loop
      vertex 6.904762 10.000000 0.000000
      vertex 9.444444 10.000000 0.000000
      vertex 9.444444 10.000000 0.400000
    endloop
  endfacet
  facet normal 0.000000 -1.000000 0.000000
    outer loop
      vertex 6.904762 10.000000 0.000000
      vertex 9.444444 10.000000 0.400000
      vertex 6.904762 10.000000 0.400000
    endloop
  endfacet
  facet normal 0.000000 1.000000 0.000000
    outer loop
      vertex 6.904762 12.234043 0.000000
      vertex 9.444444 12.234043 0.400000
      vertex 9.444444 12.234043 0.000000
    endloop
  endfacet
  facet normal 0.000000 1.000000 0.000000
    outer loop
      vertex 6.904762 12.234043 0.000000
      vertex 6.904762 12.234043 0.400000
      vertex 9.444444 12.234043 0.400000
    endloop
  endfacet
  facet normal -1.000000 0.000000 0.000000
    outer loop
      vertex 6.904762 10.000000 0.000000
      vertex 6.904762 10.000000 0.400000
      vertex 6.904762 12.234043 0.400000
    endloop
  endfacet
  facet normal -1.000000 0.000000 0.000000
    outer loop
      vertex 6.904762 10.000000 0.000000
      vertex 6.904762 12.234043 0.400000
      vertex 6.904762 12.234043 0.000000
    endloop
  endfacet
  facet normal 1.000000 0.000000 0.000000
    outer loop
      vertex 9.444444 10.000000 0.000000
      vertex 9.444444 12.234043 0.000000
      vertex 9.444444 12.234043 0.400000
    endloop
  endfacet
  facet normal 1.000000 0.000000 0.000000
    outer loop
      vertex 9.444444 10.000000 0.000000
      vertex 9.444444 12.234043 0.400000
      vertex 9.444444 10.000000 0.400000
    endloop
  endfacet
  facet normal 0.000000 0.000000 -1.000000
    outer loop
      vertex 10.714286 10.000000 0.000000
      vertex 12.936508 12.234043 0.000000
      vertex 12.936508 10.000000 0.000000
    endloop
  endfacet
  facet normal 0.000000 0.000000 -1.000000
    outer loop
      vertex 10.714286 10.000000 0.000000
      vertex 10.714286 12.234043 0.000000
      vertex 12.936508 12.234043 0.000000
    endloop
  endfacet
  facet normal 0.000000 0.000000 1.000000
    outer loop
      vertex 10.714286 10.000000 0.400000
      vertex 12.936508 10.000000 0.400000
      vertex 12.936508 12.234043 0.400000
    endloop
  endfacet
  facet normal 0.000000 0.000000 1.000000
    outer loop
      vertex 10.714286 10.000000 0.400000
      vertex 12.936508 12.234043 0.400000
      vertex 10.714286 12.234043 0.400000
    endloop
  endfacet
  facet normal 0.000000 -1.000000 0.000000
    outer loop
      vertex 10.714286 10.000000 0.000000
      vertex 12.936508 10.000000 0.000000
      vertex 12.936508 10.000000 0.400000
    endloop
  endfacet
  facet normal 0.000000 -1.000000 0.000000
    outer loop
      vertex 10.714286 10.000000 0.000000
      vertex 12.936508 10.000000 0.400000
      vertex 10.714286 10.000000 0.400000
    endloop
  endfacet
  facet normal 0.000000 1.000000 0.000000
    outer loop
      vertex 10.714286 12.234043 0.000000
      vertex 12.936508 12.234043 0.400000
      vertex 12.936508 12.234043 0.000000
    endloop
  endfacet
  facet normal 0.000000 1.000000 0.000000
    outer loop
      vertex 10.714286 12.234043 0.000000
      vertex 10.714286 12.234043 0.400000
      vertex 12.936508 12.234043 0.400000
    endloop
  endfacet
  facet normal -1.000000 0.000000 0.000000
    outer loop
      vertex 10.714286 10.000000 0.000000
      vertex 10.714286 10.000000 0.400000
      vertex 10.714286 12.234043 0.400000
    endloop
  endfacet
  facet normal -1.000000 0.000000 0.000000
    outer loop
      vertex 10.714286 10.000000 0.000000
      vertex 10.714286 12.234043 0.400000
      vertex 10.714286 12.234043 0.000000
    endloop
  endfacet
  facet normal 1.000000 0.000000 0.000000
    outer loop
      vertex 12.936508 10.000000 0.000000
      vertex 12.936508 12.234043 0.000000
      vertex 12.936508 12.234043 0.400000
    endloop
  endfacet
  facet normal 1.000000 0.000000 0.000000
    outer loop
      vertex 12.936508 10.000000 0.000000
      vertex 12.936508 12.234043 0.400000
      vertex 12.936508 10.000000 0.400000
    endloop
  endfacet
  facet normal 0.000000 0.000000 -1.000000
    outer loop
      vertex 18.968254 10.000000 0.000000
      vertex 21.507937 12.234043 0.000000
      vertex 21.507937 10.000000 0.000000
    endloop
  endfacet
  facet normal 0.000000 0.000000 -1.000000
    outer loop
      vertex 18.968254 10.000000 0.000000
      vertex 18.968254 12.234043 0.000000
      vertex 21.507937 12.234043 0.000000
    endloop
  endfacet
  facet normal 0.000000 0.000000 1.000000
    outer loop
      vertex 18.968254 10.000000 0.400000
      vertex 21.507937 10.000000 0.400000
      vertex 21.507937 12.234043 0.400000
    endloop
  endfacet
  facet normal 0.000000 0.000000 1.000000
    outer loop
      vertex 18.968254 10.000000 0.400000
      vertex 21.507937 12.234043 0.400000
      vertex 18.968254 12.234043 0.400000
    endloop
  endfacet
  facet normal 0.000000 -1.000000 0.000000
    outer loop
      vertex 18.968254 10.000000 0.000000
      vertex 21.507937 10.000000 0.000000
      vertex 21.507937 10.000000 0.400000
    endloop
  endfacet
  facet normal 0.000000 -1.000000 0.000000
    outer loop
      vertex 18.968254 10.000000 0.000000
      vertex 21.507937 10.000000 0.400000
      vertex 18.968254 10.000000 0.400000
    endloop
  endfacet
  facet normal 0.000000 1.000000 0.000000
    outer loop
      vertex 18.968254 12.234043 0.000000
      vertex 21.507937 12.234043 0.400000
      vertex 21.507937 12.234043 0.000000
    endloop
  endfacet
  facet normal 0.000000 1.000000 0.000000
    outer loop
      vertex 18.968254 12.234043 0.000000
      vertex 18.968254 12.234043 0.400000
      vertex 21.507937 12.234043 0.400000
    endloop
  endfacet
  facet normal -1.000000 0.000000 0.000000
    outer loop
      vertex 18.968254 10.000000 0.000000
      vertex 18.968254 10.000000 0.400000
      vertex 18.968254 12.234043 0.400000
    endloop
  endfacet
  facet normal -1.000000 0.000000 0.000000
    outer loop
      vertex 18.968254 10.000000 0.000000
      vertex 18.968254 12.234043 0.400000
      vertex 18.968254 12.234043 0.000000
    endloop
  endfacet
  facet normal 1.000000 0.000000 0.000000
    outer loop
      vertex 21.507937 10.000000 0.000000
      vertex 21.507937 12.234043 0.000000
      vertex 21.507937 12.234043 0.400000
    endloop
  endfacet
  facet normal 1.000000 0.000000 0.000000
    outer loop
      vertex 21.507937 10.000000 0.000000
      vertex 21.507937 12.234043 0.400000
      vertex 21.507937 10.000000 0.400000
    endloop
  endfacet
  facet normal 0.000000 0.000000 -1.000000
    outer loop
      vertex 28.492063 10.000000 0.000000
      vertex 31.031746 12.234043 0.000000
      vertex 31.031746 10.000000 0.000000
    endloop
  endfacet
  facet normal 0.000000 0.000000 -1.000000
    outer loop
      vertex 28.492063 10.000000 0.000000
      vertex 28.492063 12.234043 0.000000
      vertex 31.031746 12.234043 0.000000
    endloop
  endfacet
  facet normal 0.000000 0.000000 1.000000
    outer loop
      vertex 28.492063 10.000000 0.400000
      vertex 31.031746 10.000000 0.400000
      vertex 31.031746 12.234043 0.400000
    endloop
  endfacet
  facet normal 0.000000 0.000000 1.000000
    outer loop
      vertex 28.492063 10.000000 0.400000
      vertex 31.031746 12.234043 0.400000
      vertex 28.492063 12.234043 0.400000
    endloop
  endfacet
  facet normal 0.000000 -1.000000 0.000000
    outer loop
      vertex 28.492063 10.000000 0.000000
      vertex 31.031746 10.000000 0.000000
      vertex 31.031746 10.000000 0.400000
    endloop
  endfacet
  facet normal 0.000000 -1.000000 0.000000
    outer loop
      vertex 28.492063 10.000000 0.000000
      vertex 31.031746 10.000000 0.400000
      vertex 28.492063 10.000000 0.400000
    endloop
  endfacet
  facet normal 0.000000 1.000000 0.000000
    outer loop
      vertex 28.492063 12.234043 0.000000
      vertex 31.031746 12.234043 0.400000
      vertex 31.031746 12.234043 0.000000
    endloop
  endfacet
  facet normal 0.000000 1.000000 0.000000
    outer loop
      vertex 28.492063 12.234043 0.000000
      vertex 28.492063 12.234043 0.400000
      vertex 31.031746 12.234043 0.400000
    endloop
  endfacet
  facet normal -1.000000 0.000000 0.000000
    outer loop
      vertex 28.492063 10.000000 0.000000
      vertex 28.492063 10.000000 0.400000
      vertex 28.492063 12.234043 0.400000
    endloop
  endfacet
  facet normal -1.000000 0.000000 0.000000
    outer loop
      vertex 28.492063 10.000000 0.000000
      vertex 28.492063 12.234043 0.400000
      vertex 28.492063 12.234043 0.000000
    endloop
  endfacet
  facet normal 1.000000 0.000000 0.000000
    outer loop
      vertex 31.031746 10.000000 0.000000
      vertex 31.031746 12.234043 0.000000
      vertex 31.031746 12.234043 0.400000
    endloop
  endfacet
  facet normal 1.000000 0.000000 0.000000
    outer loop
      vertex 31.031746 10.000000 0.000000
      vertex 31.031746 12.234043 0.400000
      vertex 31.031746 10.000000 0.400000
    endloop
  endfacet
  facet normal 0.000000 0.000000 -1.000000
    outer loop
      vertex 35.476190 10.000000 0.000000
      vertex 42.777778 12.234043 0.000000
      vertex 42.777778 10.000000 0.000000
    endloop
  endfacet
  facet normal 0.000000 0.000000 -1.000000
    outer loop
      vertex 35.476190 10.000000 0.000000
      vertex 35.476190 12.234043 0.000000
      vertex 42.777778 12.234043 0.000000
    endloop
  endfacet
  facet normal 0.000000 0.000000 1.000000
    outer loop
      vertex 35.476190 10.000000 0.400000
      vertex 42.777778 10.000000 0.400000
      vertex 42.777778 12.234043 0.400000
    endloop
  endfacet
  facet normal 0.000000 0.000000 1.000000
    outer loop
      vertex 35.476190 10.000000 0.400000
      vertex 42.777778 12.234043 0.400000
      vertex 35.476190 12.234043 0.400000
    endloop
  endfacet
  facet normal 0.000000 -1.000000 0.000000
    outer loop
      vertex 35.476190 10.000000 0.000000
      vertex 42.777778 10.000000 0.000000
      vertex 42.777778 10.000000 0.400000
    endloop
  endfacet
  facet normal 0.000000 -1.000000 0.000000
    outer loop
      vertex 35.476190 10.000000 0.000000
      vertex 42.777778 10.000000 0.400000
      vertex 35.476190 10.000000 0.400000
    endloop
  endfacet
  facet normal 0.000000 1.000000 0.000000
    outer loop
      vertex 35.476190 12.234043 0.000000
      vertex 42.777778 12.234043 0.400000
      vertex 42.777778 12.234043 0.000000
    endloop
  endfacet
  facet normal 0.000000 1.000000 0.000000
    outer loop
      vertex 35.476190 12.234043 0.000000
      vertex 35.476190 12.234043 0.400000
      vertex 42.777778 12.234043 0.400000
    endloop
  endfacet
  facet normal -1.000000 0.000000 0.000000
    outer loop
      vertex 35.476190 10.000000 0.000000
      vertex 35.476190 10.000000 0.400000
      vertex 35.476190 12.234043 0.400000
    endloop
  endfacet
  facet normal -1.000000 0.000000 0.000000
    outer loop
      vertex 35.476190 10.000000 0.000000
      vertex 35.476190 12.234043 0.400000
      vertex 35.476190 12.234043 0.000000
    endloop
  endfacet
  facet normal 1.000000 0.000000 0.000000
    outer loop
      vertex 42.777778 10.000000 0.000000
      vertex 42.777778 12.234043 0.000000
      vertex 42.777778 12.234043 0.400000
    endloop
  endfacet
  facet normal 1.000000 0.000000 0.000000
    outer loop
      vertex 42.777778 10.000000 0.000000
      vertex 42.777778 12.234043 0.400000
      vertex 42.777778 10.000000 0.400000
    endloop
  endfacet
endsolid fv_apriltag_plate_id324_base
