solid fv_apriltag_plate_id326_base
  facet normal 0.000000 0.000000 -1.000000
    outer loop
      vertex 0.000000 0.000000 0.400000
      vertex 50.000000 50.000000 0.400000
      vertex 50.000000 0.000000 0.400000
    endloop
  endfacet
  facet normal 0.000000 0.000000 -1.000000
    outer loop
      vertex 0.000000 0.000000 0.400000
      vertex 0.000000 50.000000 0.400000
      vertex 50.000000 50.000000 0.400000
    endloop
  endfacet
  facet normal 0.000000 0.000000 1.000000
    outer loop
      vertex 0.000000 0.000000 2.000000
      vertex 50.000000 0.000000 2.000000
      vertex 50.000000 50.000000 2.000000
    endloop
  endfacet
  facet normal 0.000000 0.000000 1.000000
    outer loop
      vertex 0.000000 0.000000 2.000000
      vertex 50.000000 50.000000 2.000000
      vertex 0.000000 50.000000 2.000000
    endloop
  endfacet
  facet normal 0.000000 -1.000000 0.000000
    outer loop
      vertex 0.000000 0.000000 0.400000
      vertex 50.000000 0.000000 0.400000
      vertex 50.000000 0.000000 2.000000
    endloop
  endfacet
  facet normal 0.000000 -1.000000 0.000000
    outer loop
      vertex 0.000000 0.000000 0.400000
      vertex 50.000000 0.000000 2.000000
      vertex 0.000000 0.000000 2.000000
    endloop
  endfacet
  facet normal 0.000000 1.000000 0.000000
    outer loop
      vertex 0.000000 50.000000 0.400000
      vertex 50.000000 50.000000 2.000000
      vertex 50.000000 50.000000 0.400000
    endloop
  endfacet
  facet normal 0.000000 1.000000 0.000000
    outer loop
      vertex 0.000000 50.000000 0.400000
      vertex 0.000000 50.000000 2.000000
      vertex 50.000000 50.000000 2.000000
    endloop
  endfacet
  facet normal -1.000000 0.000000 0.000000
    outer loop
      vertex 0.000000 0.000000 0.400000
      vertex 0.000000 0.000000 2.000000
      vertex 0.000000 50.000000 2.000000
    endloop
  endfacet
  facet normal -1.000000 0.000000 0.000000
    outer loop
      vertex 0.000000 0.000000 0.400000
      vertex 0.000000 50.000000 2.000000
      vertex 0.000000 50.000000 0.400000
    endloop
  endfacet
  facet normal 1.000000 0.000000 0.000000
    outer loop
      vertex 50.000000 0.000000 0.400000
      vertex 50.000000 50.000000 0.400000
      vertex 50.000000 50.000000 2.000000
    endloop
  endfacet
  facet normal 1.000000 0.000000 0.000000
    outer loop
      vertex 50.000000 0.000000 0.400000
      vertex 50.000000 50.000000 2.000000
      vertex 50.000000 0.000000 2.000000
    endloop
  endfacet
  facet normal 0.000000 0.000000 -1.000000
    outer loop
      vertex 0.000000 0.000000 0.000000
      vertex 50.000000 10.000000 0.000000
      vertex 50.000000 0.000000 0.000000
    endloop
  endfacet
  facet normal 0.000000 0.000000 -1.000000
    outer loop
      vertex 0.000000 0.000000 0.000000
      vertex 0.000000 10.000000 0.000000
      vertex 50.000000 10.000000 0.000000
    endloop
  endfacet
  facet normal 0.000000 0.000000 1.000000
    outer loop
      vertex 0.000000 0.000000 0.400000
      vertex 50.000000 0.000000 0.400000
      vertex 50.000000 10.000000 0.400000
    endloop
  endfacet
  facet normal 0.000000 0.000000 1.000000
    outer loop
      vertex 0.000000 0.000000 0.400000
      vertex 50.000000 10.000000 0.400000
      vertex 0.000000 10.000000 0.400000
    endloop
  endfacet
  facet normal 0.000000 -1.000000 0.000000
    outer loop
      vertex 0.000000 0.000000 0.000000
      vertex 50.000000 0.000000 0.000000
      vertex 50.000000 0.000000 0.400000
    endloop
  endfacet
  facet normal 0.000000 -1.000000 0.000000
    outer loop
      vertex 0.000000 0.000000 0.000000
      vertex 50.000000 0.000000 0.400000
      vertex 0.000000 0.000000 0.400000
    endloop
  endfacet
  facet normal 0.000000 1.000000 0.000000
    outer loop
      vertex 0.000000 10.000000 0.000000
      vertex 50.000000 10.000000 0.400000
      vertex 50.000000 10.000000 0.000000
    endloop
  endfacet
  facet normal 0.000000 1.000000 0.000000
    outer loop
      vertex 0.000000 10.000000 0.000000
      vertex 0.000000 10.000000 0.400000
      vertex 50.000000 10.000000 0.400000
    endloop
  endfacet
  facet normal -1.000000 0.000000 0.000000
    outer loop
      vertex 0.000000 0.000000 0.000000
      vertex 0.000000 0.000000 0.400000
      vertex 0.000000 10.000000 0.400000
    endloop
  endfacet
  facet normal -1.000000 0.000000 0.000000
    outer loop
      vertex 0.000000 0.000000 0.000000
      vertex 0.000000 10.000000 0.400000
      vertex 0.000000 10.000000 0.000000
    endloop
  endfacet
  facet normal 1.000000 0.000000 0.000000
    outer loop
      vertex 50.000000 0.000000 0.000000
      vertex 50.000000 10.000000 0.000000
      vertex 50.000000 10.000000 0.400000
    endloop
  endfacet
  facet normal 1.000000 0.000000 0.000000
    outer loop
      vertex 50.000000 0.000000 0.000000
      vertex 50.000000 10.000000 0.400000
      vertex 50.000000 0.000000 0.400000
    endloop
  endfacet
  facet normal 0.000000 0.000000 -1.000000
    outer loop
      vertex 0.000000 40.000000 0.000000
      vertex 50.000000 50.000000 0.000000
      vertex 50.000000 40.000000 0.000000
    endloop
  endfacet
  facet normal 0.000000 0.000000 -1.000000
    outer loop
      vertex 0.000000 40.000000 0.000000
      vertex 0.000000 50.000000 0.000000
      vertex 50.000000 50.000000 0.000000
    endloop
  endfacet
  facet normal 0.000000 0.000000 1.000000
    outer loop
      vertex 0.000000 40.000000 0.400000
      vertex 50.000000 40.000000 0.400000
      vertex 50.000000 50.000000 0.400000
    endloop
  endfacet
  facet normal 0.000000 0.000000 1.000000
    outer loop
      vertex 0.000000 40.000000 0.400000
      vertex 50.000000 50.000000 0.400000
      vertex 0.000000 50.000000 0.400000
    endloop
  endfacet
  facet normal 0.000000 -1.000000 0.000000
    outer loop
      vertex 0.000000 40.000000 0.000000
      vertex 50.000000 40.000000 0.000000
      vertex 50.000000 40.000000 0.400000
    endloop
  endfacet
  facet normal 0.000000 -1.000000 0.000000
    outer loop
      vertex 0.000000 40.000000 0.000000
      vertex 50.000000 40.000000 0.400000
      vertex 0.000000 40.000000 0.400000
    endloop
  endfacet
  facet normal 0.000000 1.000000 0.000000
    outer loop
      vertex 0.000000 50.000000 0.000000
      vertex 50.000000 50.000000 0.400000
      vertex 50.000000 50.000000 0.000000
    endloop
  endfacet
  facet normal 0.000000 1.000000 0.000000
    outer loop
      vertex 0.000000 50.000000 0.000000
      vertex 0.000000 50.000000 0.400000
      vertex 50.000000 50.000000 0.400000
    endloop
  endfacet
  facet normal -1.000000 0.000000 0.000000
    outer loop
      vertex 0.000000 40.000000 0.000000
      vertex 0.000000 40.000000 0.400000
      vertex 0.000000 50.000000 0.400000
    endloop
  endfacet
  facet normal -1.000000 0.000000 0.000000
    outer loop
      vertex 0.000000 40.000000 0.000000
      vertex 0.000000 50.000000 0.400000
      vertex 0.000000 50.000000 0.000000
    endloop
  endfacet
  facet normal 1.000000 0.000000 0.000000
    outer loop
      vertex 50.000000 40.000000 0.000000
      vertex 50.000000 50.000000 0.000000
      vertex 50.000000 50.000000 0.400000
    endloop
  endfacet
  facet normal 1.000000 0.000000 0.000000
    outer loop
      vertex 50.000000 40.000000 0.000000
      vertex 50.000000 50.000000 0.400000
      vertex 50.000000 40.000000 0.400000
    endloop
  endfacet
  facet normal 0.000000 0.000000 -1.000000
    outer loop
      vertex 0.000000 10.000000 0.000000
      vertex 5.000000 40.000000 0.000000
      vertex 5.000000 10.000000 0.000000
    endloop
  endfacet
  facet normal 0.000000 0.000000 -1.000000
    outer loop
      vertex 0.000000 10.000000 0.000000
      vertex 0.000000 40.000000 0.000000
      vertex 5.000000 40.000000 0.000000
    endloop
  endfacet
  facet normal 0.000000 0.000000 1.000000
    outer loop
      vertex 0.000000 10.000000 0.400000
      vertex 5.000000 10.000000 0.400000
      vertex 5.000000 40.000000 0.400000
    endloop
  endfacet
  facet normal 0.000000 0.000000 1.000000
    outer loop
      vertex 0.000000 10.000000 0.400000
      vertex 5.000000 40.000000 0.400000
      vertex 0.000000 40.000000 0.400000
    endloop
  endfacet
  facet normal 0.000000 -1.000000 0.000000
    outer loop
      vertex 0.000000 10.000000 0.000000
      vertex 5.000000 10.000000 0.000000
      vertex 5.000000 10.000000 0.400000
    endloop
  endfacet
  facet normal 0.000000 -1.000000 0.000000
    outer loop
      vertex 0.000000 10.000000 0.000000
      vertex 5.000000 10.000000 0.400000
      vertex 0.000000 10.000000 0.400000
    endloop
  endfacet
  facet normal 0.000000 1.000000 0.000000
    outer loop
      vertex 0.000000 40.000000 0.000000
      vertex 5.000000 40.000000 0.400000
      vertex 5.000000 40.000000 0.000000
    endloop
  endfacet
  facet normal 0.000000 1.000000 0.000000
    outer loop
      vertex 0.000000 40.000000 0.000000
      vertex 0.000000 40.000000 0.400000
      vertex 5.000000 40.000000 0.400000
    endloop
  endfacet
  facet normal -1.000000 0.000000 0.000000
    outer loop
      vertex 0.000000 10.000000 0.000000
      vertex 0.000000 10.000000 0.400000
      vertex 0.000000 40.000000 0.400000
    endloop
  endfacet
  facet normal -1.000000 0.000000 0.000000
    outer loop
      vertex 0.000000 10.000000 0.000000
      vertex 0.000000 40.000000 0.400000
      vertex 0.000000 40.000000 0.000000
    endloop
  endfacet
  facet normal 1.000000 0.000000 0.000000
    outer loop
      vertex 5.000000 10.000000 0.000000
      vertex 5.000000 40.000000 0.000000
      vertex 5.000000 40.000000 0.400000
    endloop
  endfacet
  facet normal 1.000000 0.000000 0.000000
    outer loop
      vertex 5.000000 10.000000 0.000000
      vertex 5.000000 40.000000 0.400000
      vertex 5.000000 10.000000 0.400000
    endloop
  endfacet
  facet normal 0.000000 0.000000 -1.000000
    outer loop
      vertex 45.000000 10.000000 0.000000
      vertex 50.000000 40.000000 0.000000
      vertex 50.000000 10.000000 0.000000
    endloop
  endfacet
  facet normal 0.000000 0.000000 -1.000000
    outer loop
      vertex 45.000000 10.000000 0.000000
      vertex 45.000000 40.000000 0.000000
      vertex 50.000000 40.000000 0.000000
    endloop
  endfacet
  facet normal 0.000000 0.000000 1.000000
    outer loop
      vertex 45.000000 10.000000 0.400000
      vertex 50.000000 10.000000 0.400000
      vertex 50.000000 40.000000 0.400000
    endloop
  endfacet
  facet normal 0.000000 0.000000 1.000000
    outer loop
      vertex 45.000000 10.000000 0.400000
      vertex 50.000000 40.000000 0.400000
      vertex 45.000000 40.000000 0.400000
    endloop
  endfacet
  facet normal 0.000000 -1.000000 0.000000
    outer loop
      vertex 45.000000 10.000000 0.000000
      vertex 50.000000 10.000000 0.000000
      vertex 50.000000 10.000000 0.400000
    endloop
  endfacet
  facet normal 0.000000 -1.000000 0.000000
    outer loop
      vertex 45.000000 10.000000 0.000000
      vertex 50.000000 10.000000 0.400000
      vertex 45.000000 10.000000 0.400000
    endloop
  endfacet
  facet normal 0.000000 1.000000 0.000000
    outer loop
      vertex 45.000000 40.000000 0.000000
      vertex 50.000000 40.000000 0.400000
      vertex 50.000000 40.000000 0.000000
    endloop
  endfacet
  facet normal 0.000000 1.000000 0.000000
    outer loop
      vertex 45.000000 40.000000 0.000000
      vertex 45.000000 40.000000 0.400000
      vertex 50.000000 40.000000 0.400000
    endloop
  endfacet
  facet normal -1.000000 0.000000 0.000000
    outer loop
      vertex 45.000000 10.000000 0.000000
      vertex 45.000000 10.000000 0.400000
      vertex 45.000000 40.000000 0.400000
    endloop
  endfacet
  facet normal -1.000000 0.000000 0.000000
    outer loop
      vertex 45.000000 10.000000 0.000000
      vertex 45.000000 40.000000 0.400000
      vertex 45.000000 40.000000 0.000000
    endloop
  endfacet
  facet normal 1.000000 0.000000 0.000000
    outer loop
      vertex 50.000000 10.000000 0.000000
      vertex 50.000000 40.000000 0.000000
      vertex 50.000000 40.000000 0.400000
    endloop
  endfacet
  facet normal 1.000000 0.000000 0.000000
    outer loop
      vertex 50.000000 10.000000 0.000000
      vertex 50.000000 40.000000 0.400000
      vertex 50.000000 10.000000 0.400000
    endloop
  endfacet
  facet normal 0.000000 0.000000 -1.000000
    outer loop
      vertex 5.000000 38.085106 0.000000
      vertex 45.000000 40.000000 0.000000
      vertex 45.000000 38.085106 0.000000
    endloop
  endfacet
  facet normal 0.000000 0.000000 -1.000000
    outer loop
      vertex 5.000000 38.085106 0.000000
      vertex 5.000000 40.000000 0.000000
      vertex 45.000000 40.000000 0.000000
    endloop
  endfacet
  facet normal 0.000000 0.000000 1.000000
    outer loop
      vertex 5.000000 38.085106 0.400000
      vertex 45.000000 38.085106 0.400000
      vertex 45.000000 40.000000 0.400000
    endloop
  endfacet
  facet normal 0.000000 0.000000 1.000000
    outer loop
      vertex 5.000000 38.085106 0.400000
      vertex 45.000000 40.000000 0.400000
      vertex 5.000000 40.000000 0.400000
    endloop
  endfacet
  facet normal 0.000000 -1.000000 0.000000
    outer loop
      vertex 5.000000 38.085106 0.000000
      vertex 45.000000 38.085106 0.000000
      vertex 45.000000 38.085106 0.400000
    endloop
  endfacet
  facet normal 0.000000 -1.000000 0.000000
    outer loop
      vertex 5.000000 38.085106 0.000000
      vertex 45.000000 38.085106 0.400000
      vertex 5.000000 38.085106 0.400000
    endloop
  endfacet
  facet normal 0.000000 1.000000 0.000000
    outer loop
      vertex 5.000000 40.000000 0.000000
      vertex 45.000000 40.000000 0.400000
      vertex 45.000000 40.000000 0.000000
    endloop
  endfacet
  facet normal 0.000000 1.000000 0.000000
    outer loop
      vertex 5.000000 40.000000 0.000000
      vertex 5.000000 40.000000 0.400000
      vertex 45.000000 40.000000 0.400000
    endloop
  endfacet
  facet normal -1.000000 0.000000 0.000000
    outer loop
      vertex 5.000000 38.085106 0.000000
      vertex 5.000000 38.085106 0.400000
      vertex 5.000000 40.000000 0.400000
    endloop
  endfacet
  facet normal -1.000000 0.000000 0.000000
    outer loop
      vertex 5.000000 38.085106 0.000000
      vertex 5.000000 40.000000 0.400000
      vertex 5.000000 40.000000 0.000000
    endloop
  endfacet
  facet normal 1.000000 0.000000 0.000000
    outer loop
      vertex 45.000000 38.085106 0.000000
      vertex 45.000000 40.000000 0.000000
      vertex 45.000000 40.000000 0.400000
    endloop
  endfacet
  facet normal 1.000000 0.000000 0.000000
    outer loop
      vertex 45.000000 38.085106 0.000000
      vertex 45.000000 40.000000 0.400000
      vertex 45.000000 38.085106 0.400000
    endloop
  endfacet
  facet normal 0.000000 0.000000 -1.000000
    outer loop
      vertex 5.000000 37.765957 0.000000
      vertex 23.730159 38.085106 0.000000
      vertex 23.730159 37.765957 0.000000
    endloop
  endfacet
  facet normal 0.000000 0.000000 -1.000000
    outer loop
      vertex 5.000000 37.765957 0.000000
      vertex 5.000000 38.085106 0.000000
      vertex 23.730159 38.085106 0.000000
    endloop
  endfacet
  facet normal 0.000000 0.000000 1.000000
    outer loop
      vertex 5.000000 37.765957 0.400000
      vertex 23.730159 37.765957 0.400000
      vertex 23.730159 38.085106 0.400000
    endloop
  endfacet
  facet normal 0.000000 0.000000 1.000000
    outer loop
      vertex 5.000000 37.765957 0.400000
      vertex 23.730159 38.085106 0.400000
      vertex 5.000000 38.085106 0.400000
    endloop
  endfacet
  facet normal 0.000000 -1.000000 0.000000
    outer loop
      vertex 5.000000 37.765957 0.000000
      vertex 23.730159 37.765957 0.000000
      vertex 23.730159 37.765957 0.400000
    endloop
  endfacet
  facet normal 0.000000 -1.000000 0.000000
    outer loop
      vertex 5.000000 37.765957 0.000000
      vertex 23.730159 37.765957 0.400000
      vertex 5.000000 37.765957 0.400000
    endloop
  endfacet
  facet normal 0.000000 1.000000 0.000000
    outer loop
      vertex 5.000000 38.085106 0.000000
      vertex 23.730159 38.085106 0.400000
      vertex 23.730159 38.085106 0.000000
    endloop
  endfacet
  facet normal 0.000000 1.000000 0.000000
    outer loop
      vertex 5.000000 38.085106 0.000000
      vertex 5.000000 38.085106 0.400000
      vertex 23.730159 38.085106 0.400000
    endloop
  endfacet
  facet normal -1.000000 0.000000 0.000000
    outer loop
      vertex 5.000000 37.765957 0.000000
      vertex 5.000000 37.765957 0.400000
      vertex 5.000000 38.085106 0.400000
    endloop
  endfacet
  facet normal -1.000000 0.000000 0.000000
    outer loop
      vertex 5.000000 37.765957 0.000000
      vertex 5.000000 38.085106 0.400000
      vertex 5.000000 38.085106 0.000000
    endloop
  endfacet
  facet normal 1.000000 0.000000 0.000000
    outer loop
      vertex 23.730159 37.765957 0.000000
      vertex 23.730159 38.085106 0.000000
      vertex 23.730159 38.085106 0.400000
    endloop
  endfacet
  facet normal 1.000000 0.000000 0.000000
    outer loop
      vertex 23.730159 37.765957 0.000000
      vertex 23.730159 38.085106 0.400000
      vertex 23.730159 37.765957 0.400000
    endloop
  endfacet
  facet normal 0.000000 0.000000 -1.000000
    outer loop
      vertex 26.904762 37.765957 0.000000
      vertex 45.000000 38.085106 0.000000
      vertex 45.000000 37.765957 0.000000
    endloop
  endfacet
  facet normal 0.000000 0.000000 -1.000000
    outer loop
      vertex 26.904762 37.765957 0.000000
      vertex 26.904762 38.085106 0.000000
      vertex 45.000000 38.085106 0.000000
    endloop
  endfacet
  facet normal 0.000000 0.000000 1.000000
    outer loop
      vertex 26.904762 37.765957 0.400000
      vertex 45.000000 37.765957 0.400000
      vertex 45.000000 38.085106 0.400000
    endloop
  endfacet
  facet normal 0.000000 0.000000 1.000000
    outer loop
      vertex 26.904762 37.765957 0.400000
      vertex 45.000000 38.085106 0.400000
      vertex 26.904762 38.085106 0.400000
    endloop
  endfacet
  facet normal 0.000000 -1.000000 0.000000
    outer loop
      vertex 26.904762 37.765957 0.000000
      vertex 45.000000 37.765957 0.000000
      vertex 45.000000 37.765957 0.400000
    endloop
  endfacet
  facet normal 0.000000 -1.000000 0.000000
    outer loop
      vertex 26.904762 37.765957 0.000000
      vertex 45.000000 37.765957 0.400000
      vertex 26.904762 37.765957 0.400000
    endloop
  endfacet
  facet normal 0.000000 1.000000 0.000000
    outer loop
      vertex 26.904762 38.085106 0.000000
      vertex 45.000000 38.085106 0.400000
      vertex 45.000000 38.085106 0.000000
    endloop
  endfacet
  facet normal 0.000000 1.000000 0.000000
    outer loop
      vertex 26.904762 38.085106 0.000000
      vertex 26.904762 38.085106 0.400000
      vertex 45.000000 38.085106 0.400000
    endloop
  endfacet
  facet normal -1.000000 0.000000 0.000000
    outer loop
      vertex 26.904762 37.765957 0.000000
      vertex 26.904762 37.765957 0.400000
      vertex 26.904762 38.085106 0.400000
    endloop
  endfacet
  facet normal -1.000000 0.000000 0.000000
    outer loop
      vertex 26.904762 37.765957 0.000000
      vertex 26.904762 38.085106 0.400000
      vertex 26.904762 38.085106 0.000000
    endloop
  endfacet
  facet normal 1.000000 0.000000 0.000000
    outer loop
      vertex 45.000000 37.765957 0.000000
      vertex 45.000000 38.085106 0.000000
      vertex 45.000000 38.085106 0.400000
    endloop
  endfacet
  facet normal 1.000000 0.000000 0.000000
    outer loop
      vertex 45.000000 37.765957 0.000000
      vertex 45.000000 38.085106 0.400000
      vertex 45.000000 37.765957 0.400000
    endloop
  endfacet
  facet normal 0.000000 0.000000 -1.000000
    outer loop
      vertex 5.000000 37.446809 0.000000
      vertex 11.984127 37.765957 0.000000
      vertex 11.984127 37.446809 0.000000
    endloop
  endfacet
  facet normal 0.000000 0.000000 -1.000000
    outer loop
      vertex 5.000000 37.446809 0.000000
      vertex 5.000000 37.765957 0.000000
      vertex 11.984127 37.765957 0.000000
    endloop
  endfacet
  facet normal 0.000000 0.000000 1.000000
    outer loop
      vertex 5.000000 37.446809 0.400000
      vertex 11.984127 37.446809 0.400000
      vertex 11.984127 37.765957 0.400000
    endloop
  endfacet
  facet normal 0.000000 0.000000 1.000000
    outer loop
      vertex 5.000000 37.446809 0.400000
      vertex 11.984127 37.765957 0.400000
      vertex 5.000000 37.765957 0.400000
    endloop
  endfacet
  facet normal 0.000000 -1.000000 0.000000
    outer loop
      vertex 5.000000 37.446809 0.000000
      vertex 11.984127 37.446809 0.000000
      vertex 11.984127 37.446809 0.400000
    endloop
  endfacet
  facet normal 0.000000 -1.000000 0.000000
    outer loop
      vertex 5.000000 37.446809 0.000000
      vertex 11.984127 37.446809 0.400000
      vertex 5.000000 37.446809 0.400000
    endloop
  endfacet
  facet normal 0.000000 1.000000 0.000000
    outer loop
      vertex 5.000000 37.765957 0.000000
      vertex 11.984127 37.765957 0.400000
      vertex 11.984127 37.765957 0.000000
    endloop
  endfacet
  facet normal 0.000000 1.000000 0.000000
    outer loop
      vertex 5.000000 37.765957 0.000000
      vertex 5.000000 37.765957 0.400000
      vertex 11.984127 37.765957 0.400000
    endloop
  endfacet
  facet normal -1.000000 0.000000 0.000000
    outer loop
      vertex 5.000000 37.446809 0.000000
      vertex 5.000000 37.446809 0.400000
      vertex 5.000000 37.765957 0.400000
    endloop
  endfacet
  facet normal -1.000000 0.000000 0.000000
    outer loop
      vertex 5.000000 37.446809 0.000000
      vertex 5.000000 37.765957 0.400000
      vertex 5.000000 37.765957 0.000000
    endloop
  endfacet
  facet normal 1.000000 0.000000 0.000000
    outer loop
      vertex 11.984127 37.446809 0.000000
      vertex 11.984127 37.765957 0.000000
      vertex 11.984127 37.765957 0.400000
    endloop
  endfacet
  facet normal 1.000000 0.000000 0.000000
    outer loop
      vertex 11.984127 37.446809 0.000000
      vertex 11.984127 37.765957 0.400000
      vertex 11.984127 37.446809 0.400000
    endloop
  endfacet
  facet normal 0.000000 0.000000 -1.000000
    outer loop
      vertex 18.015873 37.446809 0.000000
      vertex 22.777778 37.765957 0.000000
      vertex 22.777778 37.446809 0.000000
    endloop
  endfacet
  facet normal 0.000000 0.000000 -1.000000
    outer loop
      vertex 18.015873 37.446809 0.000000
      vertex 18.015873 37.765957 0.000000
      vertex 22.777778 37.765957 0.000000
    endloop
  endfacet
  facet normal 0.000000 0.000000 1.000000
    outer loop
      vertex 18.015873 37.446809 0.400000
      vertex 22.777778 37.446809 0.400000
      vertex 22.777778 37.765957 0.400000
    endloop
  endfacet
  facet normal 0.000000 0.000000 1.000000
    outer loop
      vertex 18.015873 37.446809 0.400000
      vertex 22.777778 37.765957 0.400000
      vertex 18.015873 37.765957 0.400000
    endloop
  endfacet
  facet normal 0.000000 -1.000000 0.000000
    outer loop
      vertex 18.015873 37.446809 0.000000
      vertex 22.777778 37.446809 0.000000
      vertex 22.777778 37.446809 0.400000
    endloop
  endfacet
  facet normal 0.000000 -1.000000 0.000000
    outer loop
      vertex 18.015873 37.446809 0.000000
      vertex 22.777778 37.446809 0.400000
      vertex 18.015873 37.446809 0.400000
    endloop
  endfacet
  facet normal 0.000000 1.000000 0.000000
    outer loop
      vertex 18.015873 37.765957 0.000000
      vertex 22.777778 37.765957 0.400000
      vertex 22.777778 37.765957 0.000000
    endloop
  endfacet
  facet normal 0.000000 1.000000 0.000000
    outer loop
      vertex 18.015873 37.765957 0.000000
      vertex 18.015873 37.765957 0.400000
      vertex 22.777778 37.765957 0.400000
    endloop
  endfacet
  facet normal -1.000000 0.000000 0.000000
    outer loop
      vertex 18.015873 37.446809 0.000000
      vertex 18.015873 37.446809 0.400000
      vertex 18.015873 37.765957 0.400000
    endloop
  endfacet
  facet normal -1.000000 0.000000 0.000000
    outer loop
      vertex 18.015873 37.446809 0.000000
      vertex 18.015873 37.765957 0.400000
      vertex 18.015873 37.765957 0.000000
    endloop
  endfacet
  facet normal 1.000000 0.000000 0.000000
    outer loop
      vertex 22.777778 37.446809 0.000000
      vertex 22.777778 37.765957 0.000000
      vertex 22.777778 37.765957 0.400000
    endloop
  endfacet
  facet normal 1.000000 0.000000 0.000000
    outer loop
      vertex 22.777778 37.446809 0.000000
      vertex 22.777778 37.765957 0.400000
      vertex 22.777778 37.446809 0.400000
    endloop
  endfacet
  facet normal 0.000000 0.000000 -1.000000
    outer loop
      vertex 27.857143 37.446809 0.000000
      vertex 31.666667 37.765957 0.000000
      vertex 31.666667 37.446809 0.000000
    endloop
  endfacet
  facet normal 0.000000 0.000000 -1.000000
    outer loop
      vertex 27.857143 37.446809 0.000000
      vertex 27.857143 37.765957 0.000000
      vertex 31.666667 37.765957 0.000000
    endloop
  endfacet
  facet normal 0.000000 0.000000 1.000000
    outer loop
      vertex 27.857143 37.446809 0.400000
      vertex 31.666667 37.446809 0.400000
      vertex 31.666667 37.765957 0.400000
    endloop
  endfacet
  facet normal 0.000000 0.000000 1.000000
    outer loop
      vertex 27.857143 37.446809 0.400000
      vertex 31.666667 37.765957 0.400000
      vertex 27.857143 37.765957 0.400000
    endloop
  endfacet
  facet normal 0.000000 -1.000000 0.000000
    outer loop
      vertex 27.857143 37.446809 0.000000
      vertex 31.666667 37.446809 0.000000
      vertex 31.666667 37.446809 0.400000
    endloop
  endfacet
  facet normal 0.000000 -1.000000 0.000000
    outer loop
      vertex 27.857143 37.446809 0.000000
      vertex 31.666667 37.446809 0.400000
      vertex 27.857143 37.446809 0.400000
    endloop
  endfacet
  facet normal 0.000000 1.000000 0.000000
    outer loop
      vertex 27.857143 37.765957 0.000000
      vertex 31.666667 37.765957 0.400000
      vertex 31.666667 37.765957 0.000000
    endloop
  endfacet
  facet normal 0.000000 1.000000 0.000000
    outer loop
      vertex 27.857143 37.765957 0.000000
      vertex 27.857143 37.765957 0.400000
      vertex 31.666667 37.765957 0.400000
    endloop
  endfacet
  facet normal -1.000000 0.000000 0.000000
    outer loop
      vertex 27.857143 37.446809 0.000000
      vertex 27.857143 37.446809 0.400000
      vertex 27.857143 37.765957 0.400000
    endloop
  endfacet
  facet normal -1.000000 0.000000 0.000000
    outer loop
      vertex 27.857143 37.446809 0.000000
      vertex 27.857143 37.765957 0.400000
      vertex 27.857143 37.765957 0.000000
    endloop
  endfacet
  facet normal 1.000000 0.000000 0.000000
    outer loop
      vertex 31.666667 37.446809 0.000000
      vertex 31.666667 37.765957 0.000000
      vertex 31.666667 37.765957 0.400000
    endloop
  endfacet
  facet normal 1.000000 0.000000 0.000000
    outer loop
      vertex 31.666667 37.446809 0.000000
      vertex 31.666667 37.765957 0.400000
      vertex 31.666667 37.446809 0.400000
    endloop
  endfacet
  facet normal 0.000000 0.000000 -1.000000
    outer loop
      vertex 41.190476 21.808511 0.000000
      vertex 45.000000 37.765957 0.000000
      vertex 45.000000 21.808511 0.000000
    endloop
  endfacet
  facet normal 0.000000 0.000000 -1.000000
    outer loop
      vertex 41.190476 21.808511 0.000000
      vertex 41.190476 37.765957 0.000000
      vertex 45.000000 37.765957 0.000000
    endloop
  endfacet
  facet normal 0.000000 0.000000 1.000000
    outer loop
      vertex 41.190476 21.808511 0.400000
      vertex 45.000000 21.808511 0.400000
      vertex 45.000000 37.765957 0.400000
    endloop
  endfacet
  facet normal 0.000000 0.000000 1.000000
    outer loop
      vertex 41.190476 21.808511 0.400000
      vertex 45.000000 37.765957 0.400000
      vertex 41.190476 37.765957 0.400000
    endloop
  endfacet
  facet normal 0.000000 -1.000000 0.000000
    outer loop
      vertex 41.190476 21.808511 0.000000
      vertex 45.000000 21.808511 0.000000
      vertex 45.000000 21.808511 0.400000
    endloop
  endfacet
  facet normal 0.000000 -1.000000 0.000000
    outer loop
      vertex 41.190476 21.808511 0.000000
      vertex 45.000000 21.808511 0.400000
      vertex 41.190476 21.808511 0.400000
    endloop
  endfacet
  facet normal 0.000000 1.000000 0.000000
    outer loop
      vertex 41.190476 37.765957 0.000000
      vertex 45.000000 37.765957 0.400000
      vertex 45.000000 37.765957 0.000000
    endloop
  endfacet
  facet normal 0.000000 1.000000 0.000000
    outer loop
      vertex 41.190476 37.765957 0.000000
      vertex 41.190476 37.765957 0.400000
      vertex 45.000000 37.765957 0.400000
    endloop
  endfacet
  facet normal -1.000000 0.000000 0.000000
    outer loop
      vertex 41.190476 21.808511 0.000000
      vertex 41.190476 21.808511 0.400000
      vertex 41.190476 37.765957 0.400000
    endloop
  endfacet
  facet normal -1.000000 0.000000 0.000000
    outer loop
      vertex 41.190476 21.808511 0.000000
      vertex 41.190476 37.765957 0.400000
      vertex 41.190476 37.765957 0.000000
    endloop
  endfacet
  facet normal 1.000000 0.000000 0.000000
    outer loop
      vertex 45.000000 21.808511 0.000000
      vertex 45.000000 37.765957 0.000000
      vertex 45.000000 37.765957 0.400000
    endloop
  endfacet
  facet normal 1.000000 0.000000 0.000000
    outer loop
      vertex 45.000000 21.808511 0.000000
      vertex 45.000000 37.765957 0.400000
      vertex 45.000000 21.808511 0.400000
    endloop
  endfacet
  facet normal 0.000000 0.000000 -1.000000
    outer loop
      vertex 5.000000 37.127660 0.000000
      vertex 11.031746 37.446809 0.000000
      vertex 11.031746 37.127660 0.000000
    endloop
  endfacet
  facet normal 0.000000 0.000000 -1.000000
    outer loop
      vertex 5.000000 37.127660 0.000000
      vertex 5.000000 37.446809 0.000000
      vertex 11.031746 37.446809 0.000000
    endloop
  endfacet
  facet normal 0.000000 0.000000 1.000000
    outer loop
      vertex 5.000000 37.127660 0.400000
      vertex 11.031746 37.127660 0.400000
      vertex 11.031746 37.446809 0.400000
    endloop
  endfacet
  facet normal 0.000000 0.000000 1.000000
    outer loop
      vertex 5.000000 37.127660 0.400000
      vertex 11.031746 37.446809 0.400000
      vertex 5.000000 37.446809 0.400000
    endloop
  endfacet
  facet normal 0.000000 -1.000000 0.000000
    outer loop
      vertex 5.000000 37.127660 0.000000
      vertex 11.031746 37.127660 0.000000
      vertex 11.031746 37.127660 0.400000
    endloop
  endfacet
  facet normal 0.000000 -1.000000 0.000000
    outer loop
      vertex 5.000000 37.127660 0.000000
      vertex 11.031746 37.127660 0.400000
      vertex 5.000000 37.127660 0.400000
    endloop
  endfacet
  facet normal 0.000000 1.000000 0.000000
    outer loop
      vertex 5.000000 37.446809 0.000000
      vertex 11.031746 37.446809 0.400000
      vertex 11.031746 37.446809 0.000000
    endloop
  endfacet
  facet normal 0.000000 1.000000 0.000000
    outer loop
      vertex 5.000000 37.446809 0.000000
      vertex 5.000000 37.446809 0.400000
      vertex 11.031746 37.446809 0.400000
    endloop
  endfacet
  facet normal -1.000000 0.000000 0.000000
    outer loop
      vertex 5.000000 37.127660 0.000000
      vertex 5.000000 37.127660 0.400000
      vertex 5.000000 37.446809 0.400000
    endloop
  endfacet
  facet normal -1.000000 0.000000 0.000000
    outer loop
      vertex 5.000000 37.127660 0.000000
      vertex 5.000000 37.446809 0.400000
      vertex 5.000000 37.446809 0.000000
    endloop
  endfacet
  facet normal 1.000000 0.000000 0.000000
    outer loop
      vertex 11.031746 37.127660 0.000000
      vertex 11.031746 37.446809 0.000000
      vertex 11.031746 37.446809 0.400000
    endloop
  endfacet
  facet normal 1.000000 0.000000 0.000000
    outer loop
      vertex 11.031746 37.127660 0.000000
      vertex 11.031746 37.446809 0.400000
      vertex 11.031746 37.127660 0.400000
    endloop
  endfacet
  facet normal 0.000000 0.000000 -1.000000
    outer loop
      vertex 18.015873 37.127660 0.000000
      vertex 22.142857 37.446809 0.000000
      vertex 22.142857 37.127660 0.000000
    endloop
  endfacet
  facet normal 0.000000 0.000000 -1.000000
    outer loop
      vertex 18.015873 37.127660 0.000000
      vertex 18.015873 37.446809 0.000000
      vertex 22.142857 37.446809 0.000000
    endloop
  endfacet
  facet normal 0.000000 0.000000 1.000000
    outer loop
      vertex 18.015873 37.127660 0.400000
      vertex 22.142857 37.127660 0.400000
      vertex 22.142857 37.446809 0.400000
    endloop
  endfacet
  facet normal 0.000000 0.000000 1.000000
    outer loop
      vertex 18.015873 37.127660 0.400000
      vertex 22.142857 37.446809 0.400000
      vertex 18.015873 37.446809 0.400000
    endloop
  endfacet
  facet normal 0.000000 -1.000000 0.000000
    outer loop
      vertex 18.015873 37.127660 0.000000
      vertex 22.142857 37.127660 0.000000
      vertex 22.142857 37.127660 0.400000
    endloop
  endfacet
  facet normal 0.000000 -1.000000 0.000000
    outer loop
      vertex 18.015873 37.127660 0.000000
      vertex 22.142857 37.127660 0.400000
      vertex 18.015873 37.127660 0.400000
    endloop
  endfacet
  facet normal 0.000000 1.000000 0.000000
    outer loop
      vertex 18.015873 37.446809 0.000000
      vertex 22.142857 37.446809 0.400000
      vertex 22.142857 37.446809 0.000000
    endloop
  endfacet
  facet normal 0.000000 1.000000 0.000000
    outer loop
      vertex 18.015873 37.446809 0.000000
      vertex 18.015873 37.446809 0.400000
      vertex 22.142857 37.446809 0.400000
    endloop
  endfacet
  facet normal -1.000000 0.000000 0.000000
    outer loop
      vertex 18.015873 37.127660 0.000000
      vertex 18.015873 37.127660 0.400000
      vertex 18.015873 37.446809 0.400000
    endloop
  endfacet
  facet normal -1.000000 0.000000 0.000000
    outer loop
      vertex 18.015873 37.127660 0.000000
      vertex 18.015873 37.446809 0.400000
      vertex 18.015873 37.446809 0.000000
    endloop
  endfacet
  facet normal 1.000000 0.000000 0.000000
    outer loop
      vertex 22.142857 37.127660 0.000000
      vertex 22.142857 37.446809 0.000000
      vertex 22.142857 37.446809 0.400000
    endloop
  endfacet
  facet normal 1.000000 0.000000 0.000000
    outer loop
      vertex 22.142857 37.127660 0.000000
      vertex 22.142857 37.446809 0.400000
      vertex 22.142857 37.127660 0.400000
    endloop
  endfacet
  facet normal 0.000000 0.000000 -1.000000
    outer loop
      vertex 28.492063 37.127660 0.000000
      vertex 31.666667 37.446809 0.000000
      vertex 31.666667 37.127660 0.000000
    endloop
  endfacet
  facet normal 0.000000 0.000000 -1.000000
    outer loop
      vertex 28.492063 37.127660 0.000000
      vertex 28.492063 37.446809 0.000000
      vertex 31.666667 37.446809 0.000000
    endloop
  endfacet
  facet normal 0.000000 0.000000 1.000000
    outer loop
      vertex 28.492063 37.127660 0.400000
      vertex 31.666667 37.127660 0.400000
      vertex 31.666667 37.446809 0.400000
    endloop
  endfacet
  facet normal 0.000000 0.000000 1.000000
    outer loop
      vertex 28.492063 37.127660 0.400000
      vertex 31.666667 37.446809 0.400000
      vertex 28.492063 37.446809 0.400000
    endloop
  endfacet
  facet normal 0.000000 -1.000000 0.000000
    outer loop
      vertex 28.492063 37.127660 0.000000
      vertex 31.666667 37.127660 0.000000
      vertex 31.666667 37.127660 0.400000
    endloop
  endfacet
  facet normal 0.000000 -1.000000 0.000000
    outer loop
      vertex 28.492063 37.127660 0.000000
      vertex 31.666667 37.127660 0.400000
      vertex 28.492063 37.127660 0.400000
    endloop
  endfacet
  facet normal 0.000000 1.000000 0.000000
    outer loop
      vertex 28.492063 37.446809 0.000000
      vertex 31.666667 37.446809 0.400000
      vertex 31.666667 37.446809 0.000000
    endloop
  endfacet
  facet normal 0.000000 1.000000 0.000000
    outer loop
      vertex 28.492063 37.446809 0.000000
      vertex 28.492063 37.446809 0.400000
      vertex 31.666667 37.446809 0.400000
    endloop
  endfacet
  facet normal -1.000000 0.000000 0.000000
    outer loop
      vertex 28.492063 37.127660 0.000000
      vertex 28.492063 37.127660 0.400000
      vertex 28.492063 37.446809 0.400000
    endloop
  endfacet
  facet normal -1.000000 0.000000 0.000000
    outer loop
      vertex 28.492063 37.127660 0.000000
      vertex 28.492063 37.446809 0.400000
      vertex 28.492063 37.446809 0.000000
    endloop
  endfacet
  facet normal 1.000000 0.000000 0.000000
    outer loop
      vertex 31.666667 37.127660 0.000000
      vertex 31.666667 37.446809 0.000000
      vertex 31.666667 37.446809 0.400000
    endloop
  endfacet
  facet normal 1.000000 0.000000 0.000000
    outer loop
      vertex 31.666667 37.127660 0.000000
      vertex 31.666667 37.446809 0.400000
      vertex 31.666667 37.127660 0.400000
    endloop
  endfacet
  facet normal 0.000000 0.000000 -1.000000
    outer loop
      vertex 5.000000 36.808511 0.000000
      vertex 10.714286 37.127660 0.000000
      vertex 10.714286 36.808511 0.000000
    endloop
  endfacet
  facet normal 0.000000 0.000000 -1.000000
    outer loop
      vertex 5.000000 36.808511 0.000000
      vertex 5.000000 37.127660 0.000000
      vertex 10.714286 37.127660 0.000000
    endloop
  endfacet
  facet normal 0.000000 0.000000 1.000000
    outer loop
      vertex 5.000000 36.808511 0.400000
      vertex 10.714286 36.808511 0.400000
      vertex 10.714286 37.127660 0.400000
    endloop
  endfacet
  facet normal 0.000000 0.000000 1.000000
    outer loop
      vertex 5.000000 36.808511 0.400000
      vertex 10.714286 37.127660 0.400000
      vertex 5.000000 37.127660 0.400000
    endloop
  endfacet
  facet normal 0.000000 -1.000000 0.000000
    outer loop
      vertex 5.000000 36.808511 0.000000
      vertex 10.714286 36.808511 0.000000
      vertex 10.714286 36.808511 0.400000
    endloop
  endfacet
  facet normal 0.000000 -1.000000 0.000000
    outer loop
      vertex 5.000000 36.808511 0.000000
      vertex 10.714286 36.808511 0.400000
      vertex 5.000000 36.808511 0.400000
    endloop
  endfacet
  facet normal 0.000000 1.000000 0.000000
    outer loop
      vertex 5.000000 37.127660 0.000000
      vertex 10.714286 37.127660 0.400000
      vertex 10.714286 37.127660 0.000000
    endloop
  endfacet
  facet normal 0.000000 1.000000 0.000000
    outer loop
      vertex 5.000000 37.127660 0.000000
      vertex 5.000000 37.127660 0.400000
      vertex 10.714286 37.127660 0.400000
    endloop
  endfacet
  facet normal -1.000000 0.000000 0.000000
    outer loop
      vertex 5.000000 36.808511 0.000000
      vertex 5.000000 36.808511 0.400000
      vertex 5.000000 37.127660 0.400000
    endloop
  endfacet
  facet normal -1.000000 0.000000 0.000000
    outer loop
      vertex 5.000000 36.808511 0.000000
      vertex 5.000000 37.127660 0.400000
      vertex 5.000000 37.127660 0.000000
    endloop
  endfacet
  facet normal 1.000000 0.000000 0.000000
    outer loop
      vertex 10.714286 36.808511 0.000000
      vertex 10.714286 37.127660 0.000000
      vertex 10.714286 37.127660 0.400000
    endloop
  endfacet
  facet normal 1.000000 0.000000 0.000000
    outer loop
      vertex 10.714286 36.808511 0.000000
      vertex 10.714286 37.127660 0.400000
      vertex 10.714286 36.808511 0.400000
    endloop
  endfacet
  facet normal 0.000000 0.000000 -1.000000
    outer loop
      vertex 18.015873 36.808511 0.000000
      vertex 21.825397 37.127660 0.000000
      vertex 21.825397 36.808511 0.000000
    endloop
  endfacet
  facet normal 0.000000 0.000000 -1.000000
    outer loop
      vertex 18.015873 36.808511 0.000000
      vertex 18.015873 37.127660 0.000000
      vertex 21.825397 37.127660 0.000000
    endloop
  endfacet
  facet normal 0.000000 0.000000 1.000000
    outer loop
      vertex 18.015873 36.808511 0.400000
      vertex 21.825397 36.808511 0.400000
      vertex 21.825397 37.127660 0.400000
    endloop
  endfacet
  facet normal 0.000000 0.000000 1.000000
    outer loop
      vertex 18.015873 36.808511 0.400000
      vertex 21.825397 37.127660 0.400000
      vertex 18.015873 37.127660 0.400000
    endloop
  endfacet
  facet normal 0.000000 -1.000000 0.000000
    outer loop
      vertex 18.015873 36.808511 0.000000
      vertex 21.825397 36.808511 0.000000
      vertex 21.825397 36.808511 0.400000
    endloop
  endfacet
  facet normal 0.000000 -1.000000 0.000000
    outer loop
      vertex 18.015873 36.808511 0.000000
      vertex 21.825397 36.808511 0.400000
      vertex 18.015873 36.808511 0.400000
    endloop
  endfacet
  facet normal 0.000000 1.000000 0.000000
    outer loop
      vertex 18.015873 37.127660 0.000000
      vertex 21.825397 37.127660 0.400000
      vertex 21.825397 37.127660 0.000000
    endloop
  endfacet
  facet normal 0.000000 1.000000 0.000000
    outer loop
      vertex 18.015873 37.127660 0.000000
      vertex 18.015873 37.127660 0.400000
      vertex 21.825397 37.127660 0.400000
    endloop
  endfacet
  facet normal -1.000000 0.000000 0.000000
    outer loop
      vertex 18.015873 36.808511 0.000000
      vertex 18.015873 36.808511 0.400000
      vertex 18.015873 37.127660 0.400000
    endloop
  endfacet
  facet normal -1.000000 0.000000 0.000000
    outer loop
      vertex 18.015873 36.808511 0.000000
      vertex 18.015873 37.127660 0.400000
      vertex 18.015873 37.127660 0.000000
    endloop
  endfacet
  facet normal 1.000000 0.000000 0.000000
    outer loop
      vertex 21.825397 36.808511 0.000000
      vertex 21.825397 37.127660 0.000000
      vertex 21.825397 37.127660 0.400000
    endloop
  endfacet
  facet normal 1.000000 0.000000 0.000000
    outer loop
      vertex 21.825397 36.808511 0.000000
      vertex 21.825397 37.127660 0.400000
      vertex 21.825397 36.808511 0.400000
    endloop
  endfacet
  facet normal 0.000000 0.000000 -1.000000
    outer loop
      vertex 28.809524 36.808511 0.000000
      vertex 31.666667 37.127660 0.000000
      vertex 31.666667 36.808511 0.000000
    endloop
  endfacet
  facet normal 0.000000 0.000000 -1.000000
    outer loop
      vertex 28.809524 36.808511 0.000000
      vertex 28.809524 37.127660 0.000000
      vertex 31.666667 37.127660 0.000000
    endloop
  endfacet
  facet normal 0.000000 0.000000 1.000000
    outer loop
      vertex 28.809524 36.808511 0.400000
      vertex 31.666667 36.808511 0.400000
      vertex 31.666667 37.127660 0.400000
    endloop
  endfacet
  facet normal 0.000000 0.000000 1.000000
    outer loop
      vertex 28.809524 36.808511 0.400000
      vertex 31.666667 37.127660 0.400000
      vertex 28.809524 37.127660 0.400000
    endloop
  endfacet
  facet normal 0.000000 -1.000000 0.000000
    outer loop
      vertex 28.809524 36.808511 0.000000
      vertex 31.666667 36.808511 0.000000
      vertex 31.666667 36.808511 0.400000
    endloop
  endfacet
  facet normal 0.000000 -1.000000 0.000000
    outer loop
      vertex 28.809524 36.808511 0.000000
      vertex 31.666667 36.808511 0.400000
      vertex 28.809524 36.808511 0.400000
    endloop
  endfacet
  facet normal 0.000000 1.000000 0.000000
    outer loop
      vertex 28.809524 37.127660 0.000000
      vertex 31.666667 37.127660 0.400000
      vertex 31.666667 37.127660 0.000000
    endloop
  endfacet
  facet normal 0.000000 1.000000 0.000000
    outer loop
      vertex 28.809524 37.127660 0.000000
      vertex 28.809524 37.127660 0.400000
      vertex 31.666667 37.127660 0.400000
    endloop
  endfacet
  facet normal -1.000000 0.000000 0.000000
    outer loop
      vertex 28.809524 36.808511 0.000000
      vertex 28.809524 36.808511 0.400000
      vertex 28.809524 37.127660 0.400000
    endloop
  endfacet
  facet normal -1.000000 0.000000 0.000000
    outer loop
      vertex 28.809524 36.808511 0.000000
      vertex 28.809524 37.127660 0.400000
      vertex 28.809524 37.127660 0.000000
    endloop
  endfacet
  facet normal 1.000000 0.000000 0.000000
    outer loop
      vertex 31.666667 36.808511 0.000000
      vertex 31.666667 37.127660 0.000000
      vertex 31.666667 37.127660 0.400000
    endloop
  endfacet
  facet normal 1.000000 0.000000 0.000000
    outer loop
      vertex 31.666667 36.808511 0.000000
      vertex 31.666667 37.127660 0.400000
      vertex 31.666667 36.808511 0.400000
    endloop
  endfacet
  facet normal 0.000000 0.000000 -1.000000
    outer loop
      vertex 5.000000 36.170213 0.000000
      vertex 10.079365 36.808511 0.000000
      vertex 10.079365 36.170213 0.000000
    endloop
  endfacet
  facet normal 0.000000 0.000000 -1.000000
    outer loop
      vertex 5.000000 36.170213 0.000000
      vertex 5.000000 36.808511 0.000000
      vertex 10.079365 36.808511 0.000000
    endloop
  endfacet
  facet normal 0.000000 0.000000 1.000000
    outer loop
      vertex 5.000000 36.170213 0.400000
      vertex 10.079365 36.170213 0.400000
      vertex 10.079365 36.808511 0.400000
    endloop
  endfacet
  facet normal 0.000000 0.000000 1.000000
    outer loop
      vertex 5.000000 36.170213 0.400000
      vertex 10.079365 36.808511 0.400000
      vertex 5.000000 36.808511 0.400000
    endloop
  endfacet
  facet normal 0.000000 -1.000000 0.000000
    outer loop
      vertex 5.000000 36.170213 0.000000
      vertex 10.079365 36.170213 0.000000
      vertex 10.079365 36.170213 0.400000
    endloop
  endfacet
  facet normal 0.000000 -1.000000 0.000000
    outer loop
      vertex 5.000000 36.170213 0.000000
      vertex 10.079365 36.170213 0.400000
      vertex 5.000000 36.170213 0.400000
    endloop
  endfacet
  facet normal 0.000000 1.000000 0.000000
    outer loop
      vertex 5.000000 36.808511 0.000000
      vertex 10.079365 36.808511 0.400000
      vertex 10.079365 36.808511 0.000000
    endloop
  endfacet
  facet normal 0.000000 1.000000 0.000000
    outer loop
      vertex 5.000000 36.808511 0.000000
      vertex 5.000000 36.808511 0.400000
      vertex 10.079365 36.808511 0.400000
    endloop
  endfacet
  facet normal -1.000000 0.000000 0.000000
    outer loop
      vertex 5.000000 36.170213 0.000000
      vertex 5.000000 36.170213 0.400000
      vertex 5.000000 36.808511 0.400000
    endloop
  endfacet
  facet normal -1.000000 0.000000 0.000000
    outer loop
      vertex 5.000000 36.170213 0.000000
      vertex 5.000000 36.808511 0.400000
      vertex 5.000000 36.808511 0.000000
    endloop
  endfacet
  facet normal 1.000000 0.000000 0.000000
    outer loop
      vertex 10.079365 36.170213 0.000000
      vertex 10.079365 36.808511 0.000000
      vertex 10.079365 36.808511 0.400000
    endloop
  endfacet
  facet normal 1.000000 0.000000 0.000000
    outer loop
      vertex 10.079365 36.170213 0.000000
      vertex 10.079365 36.808511 0.400000
      vertex 10.079365 36.170213 0.400000
    endloop
  endfacet
  facet normal 0.000000 0.000000 -1.000000
    outer loop
      vertex 18.015873 36.489362 0.000000
      vertex 21.507937 36.808511 0.000000
      vertex 21.507937 36.489362 0.000000
    endloop
  endfacet
  facet normal 0.000000 0.000000 -1.000000
    outer loop
      vertex 18.015873 36.489362 0.000000
      vertex 18.015873 36.808511 0.000000
      vertex 21.507937 36.808511 0.000000
    endloop
  endfacet
  facet normal 0.000000 0.000000 1.000000
    outer loop
      vertex 18.015873 36.489362 0.400000
      vertex 21.507937 36.489362 0.400000
      vertex 21.507937 36.808511 0.400000
    endloop
  endfacet
  facet normal 0.000000 0.000000 1.000000
    outer loop
      vertex 18.015873 36.489362 0.400000
      vertex 21.507937 36.808511 0.400000
      vertex 18.015873 36.808511 0.400000
    endloop
  endfacet
  facet normal 0.000000 -1.000000 0.000000
    outer loop
      vertex 18.015873 36.489362 0.000000
      vertex 21.507937 36.489362 0.000000
      vertex 21.507937 36.489362 0.400000
    endloop
  endfacet
  facet normal 0.000000 -1.000000 0.000000
    outer loop
      vertex 18.015873 36.489362 0.000000
      vertex 21.507937 36.489362 0.400000
      vertex 18.015873 36.489362 0.400000
    endloop
  endfacet
  facet normal 0.000000 1.000000 0.000000
    outer loop
      vertex 18.015873 36.808511 0.000000
      vertex 21.507937 36.808511 0.400000
      vertex 21.507937 36.808511 0.000000
    endloop
  endfacet
  facet normal 0.000000 1.000000 0.000000
    outer loop
      vertex 18.015873 36.808511 0.000000
      vertex 18.015873 36.808511 0.400000
      vertex 21.507937 36.808511 0.400000
    endloop
  endfacet
  facet normal -1.000000 0.000000 0.000000
    outer loop
      vertex 18.015873 36.489362 0.000000
      vertex 18.015873 36.489362 0.400000
      vertex 18.015873 36.808511 0.400000
    endloop
  endfacet
  facet normal -1.000000 0.000000 0.000000
    outer loop
      vertex 18.015873 36.489362 0.000000
      vertex 18.015873 36.808511 0.400000
      vertex 18.015873 36.808511 0.000000
    endloop
  endfacet
  facet normal 1.000000 0.000000 0.000000
    outer loop
      vertex 21.507937 36.489362 0.000000
      vertex 21.507937 36.808511 0.000000
      vertex 21.507937 36.808511 0.400000
    endloop
  endfacet
  facet normal 1.000000 0.000000 0.000000
    outer loop
      vertex 21.507937 36.489362 0.000000
      vertex 21.507937 36.808511 0.400000
      vertex 21.507937 36.489362 0.400000
    endloop
  endfacet
  facet normal 0.000000 0.000000 -1.000000
    outer loop
      vertex 29.126984 36.489362 0.000000
      vertex 31.666667 36.808511 0.000000
      vertex 31.666667 36.489362 0.000000
    endloop
  endfacet
  facet normal 0.000000 0.000000 -1.000000
    outer loop
      vertex 29.126984 36.489362 0.000000
      vertex 29.126984 36.808511 0.000000
      vertex 31.666667 36.808511 0.000000
    endloop
  endfacet
  facet normal 0.000000 0.000000 1.000000
    outer loop
      vertex 29.126984 36.489362 0.400000
      vertex 31.666667 36.489362 0.400000
      vertex 31.666667 36.808511 0.400000
    endloop
  endfacet
  facet normal 0.000000 0.000000 1.000000
    outer loop
      vertex 29.126984 36.489362 0.400000
      vertex 31.666667 36.808511 0.400000
      vertex 29.126984 36.808511 0.400000
    endloop
  endfacet
  facet normal 0.000000 -1.000000 0.000000
    outer loop
      vertex 29.126984 36.489362 0.000000
      vertex 31.666667 36.489362 0.000000
      vertex 31.666667 36.489362 0.400000
    endloop
  endfacet
  facet normal 0.000000 -1.000000 0.000000
    outer loop
      vertex 29.126984 36.489362 0.000000
      vertex 31.666667 36.489362 0.400000
      vertex 29.126984 36.489362 0.400000
    endloop
  endfacet
  facet normal 0.000000 1.000000 0.000000
    outer loop
      vertex 29.126984 36.808511 0.000000
      vertex 31.666667 36.808511 0.400000
      vertex 31.666667 36.808511 0.000000
    endloop
  endfacet
  facet normal 0.000000 1.000000 0.000000
    outer loop
      vertex 29.126984 36.808511 0.000000
      vertex 29.126984 36.808511 0.400000
      vertex 31.666667 36.808511 0.400000
    endloop
  endfacet
  facet normal -1.000000 0.000000 0.000000
    outer loop
      vertex 29.126984 36.489362 0.000000
      vertex 29.126984 36.489362 0.400000
      vertex 29.126984 36.808511 0.400000
    endloop
  endfacet
  facet normal -1.000000 0.000000 0.000000
    outer loop
      vertex 29.126984 36.489362 0.000000
      vertex 29.126984 36.808511 0.400000
      vertex 29.126984 36.808511 0.000000
    endloop
  endfacet
  facet normal 1.000000 0.000000 0.000000
    outer loop
      vertex 31.666667 36.489362 0.000000
      vertex 31.666667 36.808511 0.000000
      vertex 31.666667 36.808511 0.400000
    endloop
  endfacet
  facet normal 1.000000 0.000000 0.000000
    outer loop
      vertex 31.666667 36.489362 0.000000
      vertex 31.666667 36.808511 0.400000
      vertex 31.666667 36.489362 0.400000
    endloop
  endfacet
  facet normal 0.000000 0.000000 -1.000000
    outer loop
      vertex 18.015873 36.170213 0.000000
      vertex 21.190476 36.489362 0.000000
      vertex 21.190476 36.170213 0.000000
    endloop
  endfacet
  facet normal 0.000000 0.000000 -1.000000
    outer loop
      vertex 18.015873 36.170213 0.000000
      vertex 18.015873 36.489362 0.000000
      vertex 21.190476 36.489362 0.000000
    endloop
  endfacet
  facet normal 0.000000 0.000000 1.000000
    outer loop
      vertex 18.015873 36.170213 0.400000
      vertex 21.190476 36.170213 0.400000
      vertex 21.190476 36.489362 0.400000
    endloop
  endfacet
  facet normal 0.000000 0.000000 1.000000
    outer loop
      vertex 18.015873 36.170213 0.400000
      vertex 21.190476 36.489362 0.400000
      vertex 18.015873 36.489362 0.400000
    endloop
  endfacet
  facet normal 0.000000 -1.000000 0.000000
    outer loop
      vertex 18.015873 36.170213 0.000000
      vertex 21.190476 36.170213 0.000000
      vertex 21.190476 36.170213 0.400000
    endloop
  endfacet
  facet normal 0.000000 -1.000000 0.000000
    outer loop
      vertex 18.015873 36.170213 0.000000
      vertex 21.190476 36.170213 0.400000
      vertex 18.015873 36.170213 0.400000
    endloop
  endfacet
  facet normal 0.000000 1.000000 0.000000
    outer loop
      vertex 18.015873 36.489362 0.000000
      vertex 21.190476 36.489362 0.400000
      vertex 21.190476 36.489362 0.000000
    endloop
  endfacet
  facet normal 0.000000 1.000000 0.000000
    outer loop
      vertex 18.015873 36.489362 0.000000
      vertex 18.015873 36.489362 0.400000
      vertex 21.190476 36.489362 0.400000
    endloop
  endfacet
  facet normal -1.000000 0.000000 0.000000
    outer loop
      vertex 18.015873 36.170213 0.000000
      vertex 18.015873 36.170213 0.400000
      vertex 18.015873 36.489362 0.400000
    endloop
  endfacet
  facet normal -1.000000 0.000000 0.000000
    outer loop
      vertex 18.015873 36.170213 0.000000
      vertex 18.015873 36.489362 0.400000
      vertex 18.015873 36.489362 0.000000
    endloop
  endfacet
  facet normal 1.000000 0.000000 0.000000
    outer loop
      vertex 21.190476 36.170213 0.000000
      vertex 21.190476 36.489362 0.000000
      vertex 21.190476 36.489362 0.400000
    endloop
  endfacet
  facet normal 1.000000 0.000000 0.000000
    outer loop
      vertex 21.190476 36.170213 0.000000
      vertex 21.190476 36.489362 0.400000
      vertex 21.190476 36.170213 0.400000
    endloop
  endfacet
  facet normal 0.000000 0.000000 -1.000000
    outer loop
      vertex 29.444444 36.170213 0.000000
      vertex 31.666667 36.489362 0.000000
      vertex 31.666667 36.170213 0.000000
    endloop
  endfacet
  facet normal 0.000000 0.000000 -1.000000
    outer loop
      vertex 29.444444 36.170213 0.000000
      vertex 29.444444 36.489362 0.000000
      vertex 31.666667 36.489362 0.000000
    endloop
  endfacet
  facet normal 0.000000 0.000000 1.000000
    outer loop
      vertex 29.444444 36.170213 0.400000
      vertex 31.666667 36.170213 0.400000
      vertex 31.666667 36.489362 0.400000
    endloop
  endfacet
  facet normal 0.000000 0.000000 1.000000
    outer loop
      vertex 29.444444 36.170213 0.400000
      vertex 31.666667 36.489362 0.400000
      vertex 29.444444 36.489362 0.400000
    endloop
  endfacet
  facet normal 0.000000 -1.000000 0.000000
    outer loop
      vertex 29.444444 36.170213 0.000000
      vertex 31.666667 36.170213 0.000000
      vertex 31.666667 36.170213 0.400000
    endloop
  endfacet
  facet normal 0.000000 -1.000000 0.000000
    outer loop
      vertex 29.444444 36.170213 0.000000
      vertex 31.666667 36.170213 0.400000
      vertex 29.444444 36.170213 0.400000
    endloop
  endfacet
  facet normal 0.000000 1.000000 0.000000
    outer loop
      vertex 29.444444 36.489362 0.000000
      vertex 31.666667 36.489362 0.400000
      vertex 31.666667 36.489362 0.000000
    endloop
  endfacet
  facet normal 0.000000 1.000000 0.000000
    outer loop
      vertex 29.444444 36.489362 0.000000
      vertex 29.444444 36.489362 0.400000
      vertex 31.666667 36.489362 0.400000
    endloop
  endfacet
  facet normal -1.000000 0.000000 0.000000
    outer loop
      vertex 29.444444 36.170213 0.000000
      vertex 29.444444 36.170213 0.400000
      vertex 29.444444 36.489362 0.400000
    endloop
  endfacet
  facet normal -1.000000 0.000000 0.000000
    outer loop
      vertex 29.444444 36.170213 0.000000
      vertex 29.444444 36.489362 0.400000
      vertex 29.444444 36.489362 0.000000
    endloop
  endfacet
  facet normal 1.000000 0.000000 0.000000
    outer loop
      vertex 31.666667 36.170213 0.000000
      vertex 31.666667 36.489362 0.000000
      vertex 31.666667 36.489362 0.400000
    endloop
  endfacet
  facet normal 1.000000 0.000000 0.000000
    outer loop
      vertex 31.666667 36.170213 0.000000
      vertex 31.666667 36.489362 0.400000
      vertex 31.666667 36.170213 0.400000
    endloop
  endfacet
  facet normal 0.000000 0.000000 -1.000000
    outer loop
      vertex 5.000000 35.531915 0.000000
      vertex 9.761905 36.170213 0.000000
      vertex 9.761905 35.531915 0.000000
    endloop
  endfacet
  facet normal 0.000000 0.000000 -1.000000
    outer loop
      vertex 5.000000 35.531915 0.000000
      vertex 5.000000 36.170213 0.000000
      vertex 9.761905 36.170213 0.000000
    endloop
  endfacet
  facet normal 0.000000 0.000000 1.000000
    outer loop
      vertex 5.000000 35.531915 0.400000
      vertex 9.761905 35.531915 0.400000
      vertex 9.761905 36.170213 0.400000
    endloop
  endfacet
  facet normal 0.000000 0.000000 1.000000
    outer loop
      vertex 5.000000 35.531915 0.400000
      vertex 9.761905 36.170213 0.400000
      vertex 5.000000 36.170213 0.400000
    endloop
  endfacet
  facet normal 0.000000 -1.000000 0.000000
    outer loop
      vertex 5.000000 35.531915 0.000000
      vertex 9.761905 35.531915 0.000000
      vertex 9.761905 35.531915 0.400000
    endloop
  endfacet
  facet normal 0.000000 -1.000000 0.000000
    outer loop
      vertex 5.000000 35.531915 0.000000
      vertex 9.761905 35.531915 0.400000
      vertex 5.000000 35.531915 0.400000
    endloop
  endfacet
  facet normal 0.000000 1.000000 0.000000
    outer loop
      vertex 5.000000 36.170213 0.000000
      vertex 9.761905 36.170213 0.400000
      vertex 9.761905 36.170213 0.000000
    endloop
  endfacet
  facet normal 0.000000 1.000000 0.000000
    outer loop
      vertex 5.000000 36.170213 0.000000
      vertex 5.000000 36.170213 0.400000
      vertex 9.761905 36.170213 0.400000
    endloop
  endfacet
  facet normal -1.000000 0.000000 0.000000
    outer loop
      vertex 5.000000 35.531915 0.000000
      vertex 5.000000 35.531915 0.400000
      vertex 5.000000 36.170213 0.400000
    endloop
  endfacet
  facet normal -1.000000 0.000000 0.000000
    outer loop
      vertex 5.000000 35.531915 0.000000
      vertex 5.000000 36.170213 0.400000
      vertex 5.000000 36.170213 0.000000
    endloop
  endfacet
  facet normal 1.000000 0.000000 0.000000
    outer loop
      vertex 9.761905 35.531915 0.000000
      vertex 9.761905 36.170213 0.000000
      vertex 9.761905 36.170213 0.400000
    endloop
  endfacet
  facet normal 1.000000 0.000000 0.000000
    outer loop
      vertex 9.761905 35.531915 0.000000
      vertex 9.761905 36.170213 0.400000
      vertex 9.761905 35.531915 0.400000
    endloop
  endfacet
  facet normal 0.000000 0.000000 -1.000000
    outer loop
      vertex 18.015873 35.851064 0.000000
      vertex 20.873016 36.170213 0.000000
      vertex 20.873016 35.851064 0.000000
    endloop
  endfacet
  facet normal 0.000000 0.000000 -1.000000
    outer loop
      vertex 18.015873 35.851064 0.000000
      vertex 18.015873 36.170213 0.000000
      vertex 20.873016 36.170213 0.000000
    endloop
  endfacet
  facet normal 0.000000 0.000000 1.000000
    outer loop
      vertex 18.015873 35.851064 0.400000
      vertex 20.873016 35.851064 0.400000
      vertex 20.873016 36.170213 0.400000
    endloop
  endfacet
  facet normal 0.000000 0.000000 1.000000
    outer loop
      vertex 18.015873 35.851064 0.400000
      vertex 20.873016 36.170213 0.400000
      vertex 18.015873 36.170213 0.400000
    endloop
  endfacet
  facet normal 0.000000 -1.000000 0.000000
    outer loop
      vertex 18.015873 35.851064 0.000000
      vertex 20.873016 35.851064 0.000000
      vertex 20.873016 35.851064 0.400000
    endloop
  endfacet
  facet normal 0.000000 -1.000000 0.000000
    outer loop
      vertex 18.015873 35.851064 0.000000
      vertex 20.873016 35.851064 0.400000
      vertex 18.015873 35.851064 0.400000
    endloop
  endfacet
  facet normal 0.000000 1.000000 0.000000
    outer loop
      vertex 18.015873 36.170213 0.000000
      vertex 20.873016 36.170213 0.400000
      vertex 20.873016 36.170213 0.000000
    endloop
  endfacet
  facet normal 0.000000 1.000000 0.000000
    outer loop
      vertex 18.015873 36.170213 0.000000
      vertex 18.015873 36.170213 0.400000
      vertex 20.873016 36.170213 0.400000
    endloop
  endfacet
  facet normal -1.000000 0.000000 0.000000
    outer loop
      vertex 18.015873 35.851064 0.000000
      vertex 18.015873 35.851064 0.400000
      vertex 18.015873 36.170213 0.400000
    endloop
  endfacet
  facet normal -1.000000 0.000000 0.000000
    outer loop
      vertex 18.015873 35.851064 0.000000
      vertex 18.015873 36.170213 0.400000
      vertex 18.015873 36.170213 0.000000
    endloop
  endfacet
  facet normal 1.000000 0.000000 0.000000
    outer loop
      vertex 20.873016 35.851064 0.000000
      vertex 20.873016 36.170213 0.000000
      vertex 20.873016 36.170213 0.400000
    endloop
  endfacet
  facet normal 1.000000 0.000000 0.000000
    outer loop
      vertex 20.873016 35.851064 0.000000
      vertex 20.873016 36.170213 0.400000
      vertex 20.873016 35.851064 0.400000
    endloop
  endfacet
  facet normal 0.000000 0.000000 -1.000000
    outer loop
      vertex 24.365079 29.148936 0.000000
      vertex 26.269841 36.170213 0.000000
      vertex 26.269841 29.148936 0.000000
    endloop
  endfacet
  facet normal 0.000000 0.000000 -1.000000
    outer loop
      vertex 24.365079 29.148936 0.000000
      vertex 24.365079 36.170213 0.000000
      vertex 26.269841 36.170213 0.000000
    endloop
  endfacet
  facet normal 0.000000 0.000000 1.000000
    outer loop
      vertex 24.365079 29.148936 0.400000
      vertex 26.269841 29.148936 0.400000
      vertex 26.269841 36.170213 0.400000
    endloop
  endfacet
  facet normal 0.000000 0.000000 1.000000
    outer loop
      vertex 24.365079 29.148936 0.400000
      vertex 26.269841 36.170213 0.400000
      vertex 24.365079 36.170213 0.400000
    endloop
  endfacet
  facet normal 0.000000 -1.000000 0.000000
    outer loop
      vertex 24.365079 29.148936 0.000000
      vertex 26.269841 29.148936 0.000000
      vertex 26.269841 29.148936 0.400000
    endloop
  endfacet
  facet normal 0.000000 -1.000000 0.000000
    outer loop
      vertex 24.365079 29.148936 0.000000
      vertex 26.269841 29.148936 0.400000
      vertex 24.365079 29.148936 0.400000
    endloop
  endfacet
  facet normal 0.000000 1.000000 0.000000
    outer loop
      vertex 24.365079 36.170213 0.000000
      vertex 26.269841 36.170213 0.400000
      vertex 26.269841 36.170213 0.000000
    endloop
  endfacet
  facet normal 0.000000 1.000000 0.000000
    outer loop
      vertex 24.365079 36.170213 0.000000
      vertex 24.365079 36.170213 0.400000
      vertex 26.269841 36.170213 0.400000
    endloop
  endfacet
  facet normal -1.000000 0.000000 0.000000
    outer loop
      vertex 24.365079 29.148936 0.000000
      vertex 24.365079 29.148936 0.400000
      vertex 24.365079 36.170213 0.400000
    endloop
  endfacet
  facet normal -1.000000 0.000000 0.000000
    outer loop
      vertex 24.365079 29.148936 0.000000
      vertex 24.365079 36.170213 0.400000
      vertex 24.365079 36.170213 0.000000
    endloop
  endfacet
  facet normal 1.000000 0.000000 0.000000
    outer loop
      vertex 26.269841 29.148936 0.000000
      vertex 26.269841 36.170213 0.000000
      vertex 26.269841 36.170213 0.400000
    endloop
  endfacet
  facet normal 1.000000 0.000000 0.000000
    outer loop
      vertex 26.269841 29.148936 0.000000
      vertex 26.269841 36.170213 0.400000
      vertex 26.269841 29.148936 0.400000
    endloop
  endfacet
  facet normal 0.000000 0.000000 -1.000000
    outer loop
      vertex 29.761905 35.851064 0.000000
      vertex 31.666667 36.170213 0.000000
      vertex 31.666667 35.851064 0.000000
    endloop
  endfacet
  facet normal 0.000000 0.000000 -1.000000
    outer loop
      vertex 29.761905 35.851064 0.000000
      vertex 29.761905 36.170213 0.000000
      vertex 31.666667 36.170213 0.000000
    endloop
  endfacet
  facet normal 0.000000 0.000000 1.000000
    outer loop
      vertex 29.761905 35.851064 0.400000
      vertex 31.666667 35.851064 0.400000
      vertex 31.666667 36.170213 0.400000
    endloop
  endfacet
  facet normal 0.000000 0.000000 1.000000
    outer loop
      vertex 29.761905 35.851064 0.400000
      vertex 31.666667 36.170213 0.400000
      vertex 29.761905 36.170213 0.400000
    endloop
  endfacet
  facet normal 0.000000 -1.000000 0.000000
    outer loop
      vertex 29.761905 35.851064 0.000000
      vertex 31.666667 35.851064 0.000000
      vertex 31.666667 35.851064 0.400000
    endloop
  endfacet
  facet normal 0.000000 -1.000000 0.000000
    outer loop
      vertex 29.761905 35.851064 0.000000
      vertex 31.666667 35.851064 0.400000
      vertex 29.761905 35.851064 0.400000
    endloop
  endfacet
  facet normal 0.000000 1.000000 0.000000
    outer loop
      vertex 29.761905 36.170213 0.000000
      vertex 31.666667 36.170213 0.400000
      vertex 31.666667 36.170213 0.000000
    endloop
  endfacet
  facet normal 0.000000 1.000000 0.000000
    outer loop
      vertex 29.761905 36.170213 0.000000
      vertex 29.761905 36.170213 0.400000
      vertex 31.666667 36.170213 0.400000
    endloop
  endfacet
  facet normal -1.000000 0.000000 0.000000
    outer loop
      vertex 29.761905 35.851064 0.000000
      vertex 29.761905 35.851064 0.400000
      vertex 29.761905 36.170213 0.400000
    endloop
  endfacet
  facet normal -1.000000 0.000000 0.000000
    outer loop
      vertex 29.761905 35.851064 0.000000
      vertex 29.761905 36.170213 0.400000
      vertex 29.761905 36.170213 0.000000
    endloop
  endfacet
  facet normal 1.000000 0.000000 0.000000
    outer loop
      vertex 31.666667 35.851064 0.000000
      vertex 31.666667 36.170213 0.000000
      vertex 31.666667 36.170213 0.400000
    endloop
  endfacet
  facet normal 1.000000 0.000000 0.000000
    outer loop
      vertex 31.666667 35.851064 0.000000
      vertex 31.666667 36.170213 0.400000
      vertex 31.666667 35.851064 0.400000
    endloop
  endfacet
  facet normal 0.000000 0.000000 -1.000000
    outer loop
      vertex 12.936508 32.978723 0.000000
      vertex 15.158730 35.851064 0.000000
      vertex 15.158730 32.978723 0.000000
    endloop
  endfacet
  facet normal 0.000000 0.000000 -1.000000
    outer loop
      vertex 12.936508 32.978723 0.000000
      vertex 12.936508 35.851064 0.000000
      vertex 15.158730 35.851064 0.000000
    endloop
  endfacet
  facet normal 0.000000 0.000000 1.000000
    outer loop
      vertex 12.936508 32.978723 0.400000
      vertex 15.158730 32.978723 0.400000
      vertex 15.158730 35.851064 0.400000
    endloop
  endfacet
  facet normal 0.000000 0.000000 1.000000
    outer loop
      vertex 12.936508 32.978723 0.400000
      vertex 15.158730 35.851064 0.400000
      vertex 12.936508 35.851064 0.400000
    endloop
  endfacet
  facet normal 0.000000 -1.000000 0.000000
    outer loop
      vertex 12.936508 32.978723 0.000000
      vertex 15.158730 32.978723 0.000000
      vertex 15.158730 32.978723 0.400000
    endloop
  endfacet
  facet normal 0.000000 -1.000000 0.000000
    outer loop
      vertex 12.936508 32.978723 0.000000
      vertex 15.158730 32.978723 0.400000
      vertex 12.936508 32.978723 0.400000
    endloop
  endfacet
  facet normal 0.000000 1.000000 0.000000
    outer loop
      vertex 12.936508 35.851064 0.000000
      vertex 15.158730 35.851064 0.400000
      vertex 15.158730 35.851064 0.000000
    endloop
  endfacet
  facet normal 0.000000 1.000000 0.000000
    outer loop
      vertex 12.936508 35.851064 0.000000
      vertex 12.936508 35.851064 0.400000
      vertex 15.158730 35.851064 0.400000
    endloop
  endfacet
  facet normal -1.000000 0.000000 0.000000
    outer loop
      vertex 12.936508 32.978723 0.000000
      vertex 12.936508 32.978723 0.400000
      vertex 12.936508 35.851064 0.400000
    endloop
  endfacet
  facet normal -1.000000 0.000000 0.000000
    outer loop
      vertex 12.936508 32.978723 0.000000
      vertex 12.936508 35.851064 0.400000
      vertex 12.936508 35.851064 0.000000
    endloop
  endfacet
  facet normal 1.000000 0.000000 0.000000
    outer loop
      vertex 15.158730 32.978723 0.000000
      vertex 15.158730 35.851064 0.000000
      vertex 15.158730 35.851064 0.400000
    endloop
  endfacet
  facet normal 1.000000 0.000000 0.000000
    outer loop
      vertex 15.158730 32.978723 0.000000
      vertex 15.158730 35.851064 0.400000
      vertex 15.158730 32.978723 0.400000
    endloop
  endfacet
  facet normal 0.000000 0.000000 -1.000000
    outer loop
      vertex 18.015873 35.212766 0.000000
      vertex 20.555556 35.851064 0.000000
      vertex 20.555556 35.212766 0.000000
    endloop
  endfacet
  facet normal 0.000000 0.000000 -1.000000
    outer loop
      vertex 18.015873 35.212766 0.000000
      vertex 18.015873 35.851064 0.000000
      vertex 20.555556 35.851064 0.000000
    endloop
  endfacet
  facet normal 0.000000 0.000000 1.000000
    outer loop
      vertex 18.015873 35.212766 0.400000
      vertex 20.555556 35.212766 0.400000
      vertex 20.555556 35.851064 0.400000
    endloop
  endfacet
  facet normal 0.000000 0.000000 1.000000
    outer loop
      vertex 18.015873 35.212766 0.400000
      vertex 20.555556 35.851064 0.400000
      vertex 18.015873 35.851064 0.400000
    endloop
  endfacet
  facet normal 0.000000 -1.000000 0.000000
    outer loop
      vertex 18.015873 35.212766 0.000000
      vertex 20.555556 35.212766 0.000000
      vertex 20.555556 35.212766 0.400000
    endloop
  endfacet
  facet normal 0.000000 -1.000000 0.000000
    outer loop
      vertex 18.015873 35.212766 0.000000
      vertex 20.555556 35.212766 0.400000
      vertex 18.015873 35.212766 0.400000
    endloop
  endfacet
  facet normal 0.000000 1.000000 0.000000
    outer loop
      vertex 18.015873 35.851064 0.000000
      vertex 20.555556 35.851064 0.400000
      vertex 20.555556 35.851064 0.000000
    endloop
  endfacet
  facet normal 0.000000 1.000000 0.000000
    outer loop
      vertex 18.015873 35.851064 0.000000
      vertex 18.015873 35.851064 0.400000
      vertex 20.555556 35.851064 0.400000
    endloop
  endfacet
  facet normal -1.000000 0.000000 0.000000
    outer loop
      vertex 18.015873 35.212766 0.000000
      vertex 18.015873 35.212766 0.400000
      vertex 18.015873 35.851064 0.400000
    endloop
  endfacet
  facet normal -1.000000 0.000000 0.000000
    outer loop
      vertex 18.015873 35.212766 0.000000
      vertex 18.015873 35.851064 0.400000
      vertex 18.015873 35.851064 0.000000
    endloop
  endfacet
  facet normal 1.000000 0.000000 0.000000
    outer loop
      vertex 20.555556 35.212766 0.000000
      vertex 20.555556 35.851064 0.000000
      vertex 20.555556 35.851064 0.400000
    endloop
  endfacet
  facet normal 1.000000 0.000000 0.000000
    outer loop
      vertex 20.555556 35.212766 0.000000
      vertex 20.555556 35.851064 0.400000
      vertex 20.555556 35.212766 0.400000
    endloop
  endfacet
  facet normal 0.000000 0.000000 -1.000000
    outer loop
      vertex 23.730159 29.468085 0.000000
      vertex 24.365079 35.851064 0.000000
      vertex 24.365079 29.468085 0.000000
    endloop
  endfacet
  facet normal 0.000000 0.000000 -1.000000
    outer loop
      vertex 23.730159 29.468085 0.000000
      vertex 23.730159 35.851064 0.000000
      vertex 24.365079 35.851064 0.000000
    endloop
  endfacet
  facet normal 0.000000 0.000000 1.000000
    outer loop
      vertex 23.730159 29.468085 0.400000
      vertex 24.365079 29.468085 0.400000
      vertex 24.365079 35.851064 0.400000
    endloop
  endfacet
  facet normal 0.000000 0.000000 1.000000
    outer loop
      vertex 23.730159 29.468085 0.400000
      vertex 24.365079 35.851064 0.400000
      vertex 23.730159 35.851064 0.400000
    endloop
  endfacet
  facet normal 0.000000 -1.000000 0.000000
    outer loop
      vertex 23.730159 29.468085 0.000000
      vertex 24.365079 29.468085 0.000000
      vertex 24.365079 29.468085 0.400000
    endloop
  endfacet
  facet normal 0.000000 -1.000000 0.000000
    outer loop
      vertex 23.730159 29.468085 0.000000
      vertex 24.365079 29.468085 0.400000
      vertex 23.730159 29.468085 0.400000
    endloop
  endfacet
  facet normal 0.000000 1.000000 0.000000
    outer loop
      vertex 23.730159 35.851064 0.000000
      vertex 24.365079 35.851064 0.400000
      vertex 24.365079 35.851064 0.000000
    endloop
  endfacet
  facet normal 0.000000 1.000000 0.000000
    outer loop
      vertex 23.730159 35.851064 0.000000
      vertex 23.730159 35.851064 0.400000
      vertex 24.365079 35.851064 0.400000
    endloop
  endfacet
  facet normal -1.000000 0.000000 0.000000
    outer loop
      vertex 23.730159 29.468085 0.000000
      vertex 23.730159 29.468085 0.400000
      vertex 23.730159 35.851064 0.400000
    endloop
  endfacet
  facet normal -1.000000 0.000000 0.000000
    outer loop
      vertex 23.730159 29.468085 0.000000
      vertex 23.730159 35.851064 0.400000
      vertex 23.730159 35.851064 0.000000
    endloop
  endfacet
  facet normal 1.000000 0.000000 0.000000
    outer loop
      vertex 24.365079 29.468085 0.000000
      vertex 24.365079 35.851064 0.000000
      vertex 24.365079 35.851064 0.400000
    endloop
  endfacet
  facet normal 1.000000 0.000000 0.000000
    outer loop
      vertex 24.365079 29.468085 0.000000
      vertex 24.365079 35.851064 0.400000
      vertex 24.365079 29.468085 0.400000
    endloop
  endfacet
  facet normal 0.000000 0.000000 -1.000000
    outer loop
      vertex 26.269841 29.468085 0.000000
      vertex 26.587302 35.851064 0.000000
      vertex 26.587302 29.468085 0.000000
    endloop
  endfacet
  facet normal 0.000000 0.000000 -1.000000
    outer loop
      vertex 26.269841 29.468085 0.000000
      vertex 26.269841 35.851064 0.000000
      vertex 26.587302 35.851064 0.000000
    endloop
  endfacet
  facet normal 0.000000 0.000000 1.000000
    outer loop
      vertex 26.269841 29.468085 0.400000
      vertex 26.587302 29.468085 0.400000
      vertex 26.587302 35.851064 0.400000
    endloop
  endfacet
  facet normal 0.000000 0.000000 1.000000
    outer loop
      vertex 26.269841 29.468085 0.400000
      vertex 26.587302 35.851064 0.400000
      vertex 26.269841 35.851064 0.400000
    endloop
  endfacet
  facet normal 0.000000 -1.000000 0.000000
    outer loop
      vertex 26.269841 29.468085 0.000000
      vertex 26.587302 29.468085 0.000000
      vertex 26.587302 29.468085 0.400000
    endloop
  endfacet
  facet normal 0.000000 -1.000000 0.000000
    outer loop
      vertex 26.269841 29.468085 0.000000
      vertex 26.587302 29.468085 0.400000
      vertex 26.269841 29.468085 0.400000
    endloop
  endfacet
  facet normal 0.000000 1.000000 0.000000
    outer loop
      vertex 26.269841 35.851064 0.000000
      vertex 26.587302 35.851064 0.400000
      vertex 26.587302 35.851064 0.000000
    endloop
  endfacet
  facet normal 0.000000 1.000000 0.000000
    outer loop
      vertex 26.269841 35.851064 0.000000
      vertex 26.269841 35.851064 0.400000
      vertex 26.587302 35.851064 0.400000
    endloop
  endfacet
  facet normal -1.000000 0.000000 0.000000
    outer loop
      vertex 26.269841 29.468085 0.000000
      vertex 26.269841 29.468085 0.400000
      vertex 26.269841 35.851064 0.400000
    endloop
  endfacet
  facet normal -1.000000 0.000000 0.000000
    outer loop
      vertex 26.269841 29.468085 0.000000
      vertex 26.269841 35.851064 0.400000
      vertex 26.269841 35.851064 0.000000
    endloop
  endfacet
  facet normal 1.000000 0.000000 0.000000
    outer loop
      vertex 26.587302 29.468085 0.000000
      vertex 26.587302 35.851064 0.000000
      vertex 26.587302 35.851064 0.400000
    endloop
  endfacet
  facet normal 1.000000 0.000000 0.000000
    outer loop
      vertex 26.587302 29.468085 0.000000
      vertex 26.587302 35.851064 0.400000
      vertex 26.587302 29.468085 0.400000
    endloop
  endfacet
  facet normal 0.000000 0.000000 -1.000000
    outer loop
      vertex 30.079365 34.893617 0.000000
      vertex 34.841270 35.851064 0.000000
      vertex 34.841270 34.893617 0.000000
    endloop
  endfacet
  facet normal 0.000000 0.000000 -1.000000
    outer loop
      vertex 30.079365 34.893617 0.000000
      vertex 30.079365 35.851064 0.000000
      vertex 34.841270 35.851064 0.000000
    endloop
  endfacet
  facet normal 0.000000 0.000000 1.000000
    outer loop
      vertex 30.079365 34.893617 0.400000
      vertex 34.841270 34.893617 0.400000
      vertex 34.841270 35.851064 0.400000
    endloop
  endfacet
  facet normal 0.000000 0.000000 1.000000
    outer loop
      vertex 30.079365 34.893617 0.400000
      vertex 34.841270 35.851064 0.400000
      vertex 30.079365 35.851064 0.400000
    endloop
  endfacet
  facet normal 0.000000 -1.000000 0.000000
    outer loop
      vertex 30.079365 34.893617 0.000000
      vertex 34.841270 34.893617 0.000000
      vertex 34.841270 34.893617 0.400000
    endloop
  endfacet
  facet normal 0.000000 -1.000000 0.000000
    outer loop
      vertex 30.079365 34.893617 0.000000
      vertex 34.841270 34.893617 0.400000
      vertex 30.079365 34.893617 0.400000
    endloop
  endfacet
  facet normal 0.000000 1.000000 0.000000
    outer loop
      vertex 30.079365 35.851064 0.000000
      vertex 34.841270 35.851064 0.400000
      vertex 34.841270 35.851064 0.000000
    endloop
  endfacet
  facet normal 0.000000 1.000000 0.000000
    outer loop
      vertex 30.079365 35.851064 0.000000
      vertex 30.079365 35.851064 0.400000
      vertex 34.841270 35.851064 0.400000
    endloop
  endfacet
  facet normal -1.000000 0.000000 0.000000
    outer loop
      vertex 30.079365 34.893617 0.000000
      vertex 30.079365 34.893617 0.400000
      vertex 30.079365 35.851064 0.400000
    endloop
  endfacet
  facet normal -1.000000 0.000000 0.000000
    outer loop
      vertex 30.079365 34.893617 0.000000
      vertex 30.079365 35.851064 0.400000
      vertex 30.079365 35.851064 0.000000
    endloop
  endfacet
  facet normal 1.000000 0.000000 0.000000
    outer loop
      vertex 34.841270 34.893617 0.000000
      vertex 34.841270 35.851064 0.000000
      vertex 34.841270 35.851064 0.400000
    endloop
  endfacet
  facet normal 1.000000 0.000000 0.000000
    outer loop
      vertex 34.841270 34.893617 0.000000
      vertex 34.841270 35.851064 0.400000
      vertex 34.841270 34.893617 0.400000
    endloop
  endfacet
  facet normal 0.000000 0.000000 -1.000000
    outer loop
      vertex 37.698413 22.127660 0.000000
      vertex 41.190476 35.851064 0.000000
      vertex 41.190476 22.127660 0.000000
    endloop
  endfacet
  facet normal 0.000000 0.000000 -1.000000
    outer loop
      vertex 37.698413 22.127660 0.000000
      vertex 37.698413 35.851064 0.000000
      vertex 41.190476 35.851064 0.000000
    endloop
  endfacet
  facet normal 0.000000 0.000000 1.000000
    outer loop
      vertex 37.698413 22.127660 0.400000
      vertex 41.190476 22.127660 0.400000
      vertex 41.190476 35.851064 0.400000
    endloop
  endfacet
  facet normal 0.000000 0.000000 1.000000
    outer loop
      vertex 37.698413 22.127660 0.400000
      vertex 41.190476 35.851064 0.400000
      vertex 37.698413 35.851064 0.400000
    endloop
  endfacet
  facet normal 0.000000 -1.000000 0.000000
    outer loop
      vertex 37.698413 22.127660 0.000000
      vertex 41.190476 22.127660 0.000000
      vertex 41.190476 22.127660 0.400000
    endloop
  endfacet
  facet normal 0.000000 -1.000000 0.000000
    outer loop
      vertex 37.698413 22.127660 0.000000
      vertex 41.190476 22.127660 0.400000
      vertex 37.698413 22.127660 0.400000
    endloop
  endfacet
  facet normal 0.000000 1.000000 0.000000
    outer loop
      vertex 37.698413 35.851064 0.000000
      vertex 41.190476 35.851064 0.400000
      vertex 41.190476 35.851064 0.000000
    endloop
  endfacet
  facet normal 0.000000 1.000000 0.000000
    outer loop
      vertex 37.698413 35.851064 0.000000
      vertex 37.698413 35.851064 0.400000
      vertex 41.190476 35.851064 0.400000
    endloop
  endfacet
  facet normal -1.000000 0.000000 0.000000
    outer loop
      vertex 37.698413 22.127660 0.000000
      vertex 37.698413 22.127660 0.400000
      vertex 37.698413 35.851064 0.400000
    endloop
  endfacet
  facet normal -1.000000 0.000000 0.000000
    outer loop
      vertex 37.698413 22.127660 0.000000
      vertex 37.698413 35.851064 0.400000
      vertex 37.698413 35.851064 0.000000
    endloop
  endfacet
  facet normal 1.000000 0.000000 0.000000
    outer loop
      vertex 41.190476 22.127660 0.000000
      vertex 41.190476 35.851064 0.000000
      vertex 41.190476 35.851064 0.400000
    endloop
  endfacet
  facet normal 1.000000 0.000000 0.000000
    outer loop
      vertex 41.190476 22.127660 0.000000
      vertex 41.190476 35.851064 0.400000
      vertex 41.190476 22.127660 0.400000
    endloop
  endfacet
  facet normal 0.000000 0.000000 -1.000000
    outer loop
      vertex 5.000000 20.212766 0.000000
      vertex 9.444444 35.531915 0.000000
      vertex 9.444444 20.212766 0.000000
    endloop
  endfacet
  facet normal 0.000000 0.000000 -1.000000
    outer loop
      vertex 5.000000 20.212766 0.000000
      vertex 5.000000 35.531915 0.000000
      vertex 9.444444 35.531915 0.000000
    endloop
  endfacet
  facet normal 0.000000 0.000000 1.000000
    outer loop
      vertex 5.000000 20.212766 0.400000
      vertex 9.444444 20.212766 0.400000
      vertex 9.444444 35.531915 0.400000
    endloop
  endfacet
  facet normal 0.000000 0.000000 1.000000
    outer loop
      vertex 5.000000 20.212766 0.400000
      vertex 9.444444 35.531915 0.400000
      vertex 5.000000 35.531915 0.400000
    endloop
  endfacet
  facet normal 0.000000 -1.000000 0.000000
    outer loop
      vertex 5.000000 20.212766 0.000000
      vertex 9.444444 20.212766 0.000000
      vertex 9.444444 20.212766 0.400000
    endloop
  endfacet
  facet normal 0.000000 -1.000000 0.000000
    outer loop
      vertex 5.000000 20.212766 0.000000
      vertex 9.444444 20.212766 0.400000
      vertex 5.000000 20.212766 0.400000
    endloop
  endfacet
  facet normal 0.000000 1.000000 0.000000
    outer loop
      vertex 5.000000 35.531915 0.000000
      vertex 9.444444 35.531915 0.400000
      vertex 9.444444 35.531915 0.000000
    endloop
  endfacet
  facet normal 0.000000 1.000000 0.000000
    outer loop
      vertex 5.000000 35.531915 0.000000
      vertex 5.000000 35.531915 0.400000
      vertex 9.444444 35.531915 0.400000
    endloop
  endfacet
  facet normal -1.000000 0.000000 0.000000
    outer loop
      vertex 5.000000 20.212766 0.000000
      vertex 5.000000 20.212766 0.400000
      vertex 5.000000 35.531915 0.400000
    endloop
  endfacet
  facet normal -1.000000 0.000000 0.000000
    outer loop
      vertex 5.000000 20.212766 0.000000
      vertex 5.000000 35.531915 0.400000
      vertex 5.000000 35.531915 0.000000
    endloop
  endfacet
  facet normal 1.000000 0.000000 0.000000
    outer loop
      vertex 9.444444 20.212766 0.000000
      vertex 9.444444 35.531915 0.000000
      vertex 9.444444 35.531915 0.400000
    endloop
  endfacet
  facet normal 1.000000 0.000000 0.000000
    outer loop
      vertex 9.444444 20.212766 0.000000
      vertex 9.444444 35.531915 0.400000
      vertex 9.444444 20.212766 0.400000
    endloop
  endfacet
  facet normal 0.000000 0.000000 -1.000000
    outer loop
      vertex 12.619048 33.297872 0.000000
      vertex 12.936508 35.531915 0.000000
      vertex 12.936508 33.297872 0.000000
    endloop
  endfacet
  facet normal 0.000000 0.000000 -1.000000
    outer loop
      vertex 12.619048 33.297872 0.000000
      vertex 12.619048 35.531915 0.000000
      vertex 12.936508 35.531915 0.000000
    endloop
  endfacet
  facet normal 0.000000 0.000000 1.000000
    outer loop
      vertex 12.619048 33.297872 0.400000
      vertex 12.936508 33.297872 0.400000
      vertex 12.936508 35.531915 0.400000
    endloop
  endfacet
  facet normal 0.000000 0.000000 1.000000
    outer loop
      vertex 12.619048 33.297872 0.400000
      vertex 12.936508 35.531915 0.400000
      vertex 12.619048 35.531915 0.400000
    endloop
  endfacet
  facet normal 0.000000 -1.000000 0.000000
    outer loop
      vertex 12.619048 33.297872 0.000000
      vertex 12.936508 33.297872 0.000000
      vertex 12.936508 33.297872 0.400000
    endloop
  endfacet
  facet normal 0.000000 -1.000000 0.000000
    outer loop
      vertex 12.619048 33.297872 0.000000
      vertex 12.936508 33.297872 0.400000
      vertex 12.619048 33.297872 0.400000
    endloop
  endfacet
  facet normal 0.000000 1.000000 0.000000
    outer loop
      vertex 12.619048 35.531915 0.000000
      vertex 12.936508 35.531915 0.400000
      vertex 12.936508 35.531915 0.000000
    endloop
  endfacet
  facet normal 0.000000 1.000000 0.000000
    outer loop
      vertex 12.619048 35.531915 0.000000
      vertex 12.619048 35.531915 0.400000
      vertex 12.936508 35.531915 0.400000
    endloop
  endfacet
  facet normal -1.000000 0.000000 0.000000
    outer loop
      vertex 12.619048 33.297872 0.000000
      vertex 12.619048 33.297872 0.400000
      vertex 12.619048 35.531915 0.400000
    endloop
  endfacet
  facet normal -1.000000 0.000000 0.000000
    outer loop
      vertex 12.619048 33.297872 0.000000
      vertex 12.619048 35.531915 0.400000
      vertex 12.619048 35.531915 0.000000
    endloop
  endfacet
  facet normal 1.000000 0.000000 0.000000
    outer loop
      vertex 12.936508 33.297872 0.000000
      vertex 12.936508 35.531915 0.000000
      vertex 12.936508 35.531915 0.400000
    endloop
  endfacet
  facet normal 1.000000 0.000000 0.000000
    outer loop
      vertex 12.936508 33.297872 0.000000
      vertex 12.936508 35.531915 0.400000
      vertex 12.936508 33.297872 0.400000
    endloop
  endfacet
  facet normal 0.000000 0.000000 -1.000000
    outer loop
      vertex 23.412698 29.787234 0.000000
      vertex 23.730159 35.531915 0.000000
      vertex 23.730159 29.787234 0.000000
    endloop
  endfacet
  facet normal 0.000000 0.000000 -1.000000
    outer loop
      vertex 23.412698 29.787234 0.000000
      vertex 23.412698 35.531915 0.000000
      vertex 23.730159 35.531915 0.000000
    endloop
  endfacet
  facet normal 0.000000 0.000000 1.000000
    outer loop
      vertex 23.412698 29.787234 0.400000
      vertex 23.730159 29.787234 0.400000
      vertex 23.730159 35.531915 0.400000
    endloop
  endfacet
  facet normal 0.000000 0.000000 1.000000
    outer loop
      vertex 23.412698 29.787234 0.400000
      vertex 23.730159 35.531915 0.400000
      vertex 23.412698 35.531915 0.400000
    endloop
  endfacet
  facet normal 0.000000 -1.000000 0.000000
    outer loop
      vertex 23.412698 29.787234 0.000000
      vertex 23.730159 29.787234 0.000000
      vertex 23.730159 29.787234 0.400000
    endloop
  endfacet
  facet normal 0.000000 -1.000000 0.000000
    outer loop
      vertex 23.412698 29.787234 0.000000
      vertex 23.730159 29.787234 0.400000
      vertex 23.412698 29.787234 0.400000
    endloop
  endfacet
  facet normal 0.000000 1.000000 0.000000
    outer loop
      vertex 23.412698 35.531915 0.000000
      vertex 23.730159 35.531915 0.400000
      vertex 23.730159 35.531915 0.000000
    endloop
  endfacet
  facet normal 0.000000 1.000000 0.000000
    outer loop
      vertex 23.412698 35.531915 0.000000
      vertex 23.412698 35.531915 0.400000
      vertex 23.730159 35.531915 0.400000
    endloop
  endfacet
  facet normal -1.000000 0.000000 0.000000
    outer loop
      vertex 23.412698 29.787234 0.000000
      vertex 23.412698 29.787234 0.400000
      vertex 23.412698 35.531915 0.400000
    endloop
  endfacet
  facet normal -1.000000 0.000000 0.000000
    outer loop
      vertex 23.412698 29.787234 0.000000
      vertex 23.412698 35.531915 0.400000
      vertex 23.412698 35.531915 0.000000
    endloop
  endfacet
  facet normal 1.000000 0.000000 0.000000
    outer loop
      vertex 23.730159 29.787234 0.000000
      vertex 23.730159 35.531915 0.000000
      vertex 23.730159 35.531915 0.400000
    endloop
  endfacet
  facet normal 1.000000 0.000000 0.000000
    outer loop
      vertex 23.730159 29.787234 0.000000
      vertex 23.730159 35.531915 0.400000
      vertex 23.730159 29.787234 0.400000
    endloop
  endfacet
  facet normal 0.000000 0.000000 -1.000000
    outer loop
      vertex 26.587302 29.787234 0.000000
      vertex 27.222222 35.531915 0.000000
      vertex 27.222222 29.787234 0.000000
    endloop
  endfacet
  facet normal 0.000000 0.000000 -1.000000
    outer loop
      vertex 26.587302 29.787234 0.000000
      vertex 26.587302 35.531915 0.000000
      vertex 27.222222 35.531915 0.000000
    endloop
  endfacet
  facet normal 0.000000 0.000000 1.000000
    outer loop
      vertex 26.587302 29.787234 0.400000
      vertex 27.222222 29.787234 0.400000
      vertex 27.222222 35.531915 0.400000
    endloop
  endfacet
  facet normal 0.000000 0.000000 1.000000
    outer loop
      vertex 26.587302 29.787234 0.400000
      vertex 27.222222 35.531915 0.400000
      vertex 26.587302 35.531915 0.400000
    endloop
  endfacet
  facet normal 0.000000 -1.000000 0.000000
    outer loop
      vertex 26.587302 29.787234 0.000000
      vertex 27.222222 29.787234 0.000000
      vertex 27.222222 29.787234 0.400000
    endloop
  endfacet
  facet normal 0.000000 -1.000000 0.000000
    outer loop
      vertex 26.587302 29.787234 0.000000
      vertex 27.222222 29.787234 0.400000
      vertex 26.587302 29.787234 0.400000
    endloop
  endfacet
  facet normal 0.000000 1.000000 0.000000
    outer loop
      vertex 26.587302 35.531915 0.000000
      vertex 27.222222 35.531915 0.400000
      vertex 27.222222 35.531915 0.000000
    endloop
  endfacet
  facet normal 0.000000 1.000000 0.000000
    outer loop
      vertex 26.587302 35.531915 0.000000
      vertex 26.587302 35.531915 0.400000
      vertex 27.222222 35.531915 0.400000
    endloop
  endfacet
  facet normal -1.000000 0.000000 0.000000
    outer loop
      vertex 26.587302 29.787234 0.000000
      vertex 26.587302 29.787234 0.400000
      vertex 26.587302 35.531915 0.400000
    endloop
  endfacet
  facet normal -1.000000 0.000000 0.000000
    outer loop
      vertex 26.587302 29.787234 0.000000
      vertex 26.587302 35.531915 0.400000
      vertex 26.587302 35.531915 0.000000
    endloop
  endfacet
  facet normal 1.000000 0.000000 0.000000
    outer loop
      vertex 27.222222 29.787234 0.000000
      vertex 27.222222 35.531915 0.000000
      vertex 27.222222 35.531915 0.400000
    endloop
  endfacet
  facet normal 1.000000 0.000000 0.000000
    outer loop
      vertex 27.222222 29.787234 0.000000
      vertex 27.222222 35.531915 0.400000
      vertex 27.222222 29.787234 0.400000
    endloop
  endfacet
  facet normal 0.000000 0.000000 -1.000000
    outer loop
      vertex 12.301587 33.617021 0.000000
      vertex 12.619048 35.212766 0.000000
      vertex 12.619048 33.617021 0.000000
    endloop
  endfacet
  facet normal 0.000000 0.000000 -1.000000
    outer loop
      vertex 12.301587 33.617021 0.000000
      vertex 12.301587 35.212766 0.000000
      vertex 12.619048 35.212766 0.000000
    endloop
  endfacet
  facet normal 0.000000 0.000000 1.000000
    outer loop
      vertex 12.301587 33.617021 0.400000
      vertex 12.619048 33.617021 0.400000
      vertex 12.619048 35.212766 0.400000
    endloop
  endfacet
  facet normal 0.000000 0.000000 1.000000
    outer loop
      vertex 12.301587 33.617021 0.400000
      vertex 12.619048 35.212766 0.400000
      vertex 12.301587 35.212766 0.400000
    endloop
  endfacet
  facet normal 0.000000 -1.000000 0.000000
    outer loop
      vertex 12.301587 33.617021 0.000000
      vertex 12.619048 33.617021 0.000000
      vertex 12.619048 33.617021 0.400000
    endloop
  endfacet
  facet normal 0.000000 -1.000000 0.000000
    outer loop
      vertex 12.301587 33.617021 0.000000
      vertex 12.619048 33.617021 0.400000
      vertex 12.301587 33.617021 0.400000
    endloop
  endfacet
  facet normal 0.000000 1.000000 0.000000
    outer loop
      vertex 12.301587 35.212766 0.000000
      vertex 12.619048 35.212766 0.400000
      vertex 12.619048 35.212766 0.000000
    endloop
  endfacet
  facet normal 0.000000 1.000000 0.000000
    outer loop
      vertex 12.301587 35.212766 0.000000
      vertex 12.301587 35.212766 0.400000
      vertex 12.619048 35.212766 0.400000
    endloop
  endfacet
  facet normal -1.000000 0.000000 0.000000
    outer loop
      vertex 12.301587 33.617021 0.000000
      vertex 12.301587 33.617021 0.400000
      vertex 12.301587 35.212766 0.400000
    endloop
  endfacet
  facet normal -1.000000 0.000000 0.000000
    outer loop
      vertex 12.301587 33.617021 0.000000
      vertex 12.301587 35.212766 0.400000
      vertex 12.301587 35.212766 0.000000
    endloop
  endfacet
  facet normal 1.000000 0.000000 0.000000
    outer loop
      vertex 12.619048 33.617021 0.000000
      vertex 12.619048 35.212766 0.000000
      vertex 12.619048 35.212766 0.400000
    endloop
  endfacet
  facet normal 1.000000 0.000000 0.000000
    outer loop
      vertex 12.619048 33.617021 0.000000
      vertex 12.619048 35.212766 0.400000
      vertex 12.619048 33.617021 0.400000
    endloop
  endfacet
  facet normal 0.000000 0.000000 -1.000000
    outer loop
      vertex 18.015873 34.255319 0.000000
      vertex 20.238095 35.212766 0.000000
      vertex 20.238095 34.255319 0.000000
    endloop
  endfacet
  facet normal 0.000000 0.000000 -1.000000
    outer loop
      vertex 18.015873 34.255319 0.000000
      vertex 18.015873 35.212766 0.000000
      vertex 20.238095 35.212766 0.000000
    endloop
  endfacet
  facet normal 0.000000 0.000000 1.000000
    outer loop
      vertex 18.015873 34.255319 0.400000
      vertex 20.238095 34.255319 0.400000
      vertex 20.238095 35.212766 0.400000
    endloop
  endfacet
  facet normal 0.000000 0.000000 1.000000
    outer loop
      vertex 18.015873 34.255319 0.400000
      vertex 20.238095 35.212766 0.400000
      vertex 18.015873 35.212766 0.400000
    endloop
  endfacet
  facet normal 0.000000 -1.000000 0.000000
    outer loop
      vertex 18.015873 34.255319 0.000000
      vertex 20.238095 34.255319 0.000000
      vertex 20.238095 34.255319 0.400000
    endloop
  endfacet
  facet normal 0.000000 -1.000000 0.000000
    outer loop
      vertex 18.015873 34.255319 0.000000
      vertex 20.238095 34.255319 0.400000
      vertex 18.015873 34.255319 0.400000
    endloop
  endfacet
  facet normal 0.000000 1.000000 0.000000
    outer loop
      vertex 18.015873 35.212766 0.000000
      vertex 20.238095 35.212766 0.400000
      vertex 20.238095 35.212766 0.000000
    endloop
  endfacet
  facet normal 0.000000 1.000000 0.000000
    outer loop
      vertex 18.015873 35.212766 0.000000
      vertex 18.015873 35.212766 0.400000
      vertex 20.238095 35.212766 0.400000
    endloop
  endfacet
  facet normal -1.000000 0.000000 0.000000
    outer loop
      vertex 18.015873 34.255319 0.000000
      vertex 18.015873 34.255319 0.400000
      vertex 18.015873 35.212766 0.400000
    endloop
  endfacet
  facet normal -1.000000 0.000000 0.000000
    outer loop
      vertex 18.015873 34.255319 0.000000
      vertex 18.015873 35.212766 0.400000
      vertex 18.015873 35.212766 0.000000
    endloop
  endfacet
  facet normal 1.000000 0.000000 0.000000
    outer loop
      vertex 20.238095 34.255319 0.000000
      vertex 20.238095 35.212766 0.000000
      vertex 20.238095 35.212766 0.400000
    endloop
  endfacet
  facet normal 1.000000 0.000000 0.000000
    outer loop
      vertex 20.238095 34.255319 0.000000
      vertex 20.238095 35.212766 0.400000
      vertex 20.238095 34.255319 0.400000
    endloop
  endfacet
  facet normal 0.000000 0.000000 -1.000000
    outer loop
      vertex 23.095238 30.425532 0.000000
      vertex 23.412698 34.893617 0.000000
      vertex 23.412698 30.425532 0.000000
    endloop
  endfacet
  facet normal 0.000000 0.000000 -1.000000
    outer loop
      vertex 23.095238 30.425532 0.000000
      vertex 23.095238 34.893617 0.000000
      vertex 23.412698 34.893617 0.000000
    endloop
  endfacet
  facet normal 0.000000 0.000000 1.000000
    outer loop
      vertex 23.095238 30.425532 0.400000
      vertex 23.412698 30.425532 0.400000
      vertex 23.412698 34.893617 0.400000
    endloop
  endfacet
  facet normal 0.000000 0.000000 1.000000
    outer loop
      vertex 23.095238 30.425532 0.400000
      vertex 23.412698 34.893617 0.400000
      vertex 23.095238 34.893617 0.400000
    endloop
  endfacet
  facet normal 0.000000 -1.000000 0.000000
    outer loop
      vertex 23.095238 30.425532 0.000000
      vertex 23.412698 30.425532 0.000000
      vertex 23.412698 30.425532 0.400000
    endloop
  endfacet
  facet normal 0.000000 -1.000000 0.000000
    outer loop
      vertex 23.095238 30.425532 0.000000
      vertex 23.412698 30.425532 0.400000
      vertex 23.095238 30.425532 0.400000
    endloop
  endfacet
  facet normal 0.000000 1.000000 0.000000
    outer loop
      vertex 23.095238 34.893617 0.000000
      vertex 23.412698 34.893617 0.400000
      vertex 23.412698 34.893617 0.000000
    endloop
  endfacet
  facet normal 0.000000 1.000000 0.000000
    outer loop
      vertex 23.095238 34.893617 0.000000
      vertex 23.095238 34.893617 0.400000
      vertex 23.412698 34.893617 0.400000
    endloop
  endfacet
  facet normal -1.000000 0.000000 0.000000
    outer loop
      vertex 23.095238 30.425532 0.000000
      vertex 23.095238 30.425532 0.400000
      vertex 23.095238 34.893617 0.400000
    endloop
  endfacet
  facet normal -1.000000 0.000000 0.000000
    outer loop
      vertex 23.095238 30.425532 0.000000
      vertex 23.095238 34.893617 0.400000
      vertex 23.095238 34.893617 0.000000
    endloop
  endfacet
  facet normal 1.000000 0.000000 0.000000
    outer loop
      vertex 23.412698 30.425532 0.000000
      vertex 23.412698 34.893617 0.000000
      vertex 23.412698 34.893617 0.400000
    endloop
  endfacet
  facet normal 1.000000 0.000000 0.000000
    outer loop
      vertex 23.412698 30.425532 0.000000
      vertex 23.412698 34.893617 0.400000
      vertex 23.412698 30.425532 0.400000
    endloop
  endfacet
  facet normal 0.000000 0.000000 -1.000000
    outer loop
      vertex 27.222222 30.425532 0.000000
      vertex 27.539683 34.893617 0.000000
      vertex 27.539683 30.425532 0.000000
    endloop
  endfacet
  facet normal 0.000000 0.000000 -1.000000
    outer loop
      vertex 27.222222 30.425532 0.000000
      vertex 27.222222 34.893617 0.000000
      vertex 27.539683 34.893617 0.000000
    endloop
  endfacet
  facet normal 0.000000 0.000000 1.000000
    outer loop
      vertex 27.222222 30.425532 0.400000
      vertex 27.539683 30.425532 0.400000
      vertex 27.539683 34.893617 0.400000
    endloop
  endfacet
  facet normal 0.000000 0.000000 1.000000
    outer loop
      vertex 27.222222 30.425532 0.400000
      vertex 27.539683 34.893617 0.400000
      vertex 27.222222 34.893617 0.400000
    endloop
  endfacet
  facet normal 0.000000 -1.000000 0.000000
    outer loop
      vertex 27.222222 30.425532 0.000000
      vertex 27.539683 30.425532 0.000000
      vertex 27.539683 30.425532 0.400000
    endloop
  endfacet
  facet normal 0.000000 -1.000000 0.000000
    outer loop
      vertex 27.222222 30.425532 0.000000
      vertex 27.539683 30.425532 0.400000
      vertex 27.222222 30.425532 0.400000
    endloop
  endfacet
  facet normal 0.000000 1.000000 0.000000
    outer loop
      vertex 27.222222 34.893617 0.000000
      vertex 27.539683 34.893617 0.400000
      vertex 27.539683 34.893617 0.000000
    endloop
  endfacet
  facet normal 0.000000 1.000000 0.000000
    outer loop
      vertex 27.222222 34.893617 0.000000
      vertex 27.222222 34.893617 0.400000
      vertex 27.539683 34.893617 0.400000
    endloop
  endfacet
  facet normal -1.000000 0.000000 0.000000
    outer loop
      vertex 27.222222 30.425532 0.000000
      vertex 27.222222 30.425532 0.400000
      vertex 27.222222 34.893617 0.400000
    endloop
  endfacet
  facet normal -1.000000 0.000000 0.000000
    outer loop
      vertex 27.222222 30.425532 0.000000
      vertex 27.222222 34.893617 0.400000
      vertex 27.222222 34.893617 0.000000
    endloop
  endfacet
  facet normal 1.000000 0.000000 0.000000
    outer loop
      vertex 27.539683 30.425532 0.000000
      vertex 27.539683 34.893617 0.000000
      vertex 27.539683 34.893617 0.400000
    endloop
  endfacet
  facet normal 1.000000 0.000000 0.000000
    outer loop
      vertex 27.539683 30.425532 0.000000
      vertex 27.539683 34.893617 0.400000
      vertex 27.539683 30.425532 0.400000
    endloop
  endfacet
  facet normal 0.000000 0.000000 -1.000000
    outer loop
      vertex 30.396825 33.936170 0.000000
      vertex 34.841270 34.893617 0.000000
      vertex 34.841270 33.936170 0.000000
    endloop
  endfacet
  facet normal 0.000000 0.000000 -1.000000
    outer loop
      vertex 30.396825 33.936170 0.000000
      vertex 30.396825 34.893617 0.000000
      vertex 34.841270 34.893617 0.000000
    endloop
  endfacet
  facet normal 0.000000 0.000000 1.000000
    outer loop
      vertex 30.396825 33.936170 0.400000
      vertex 34.841270 33.936170 0.400000
      vertex 34.841270 34.893617 0.400000
    endloop
  endfacet
  facet normal 0.000000 0.000000 1.000000
    outer loop
      vertex 30.396825 33.936170 0.400000
      vertex 34.841270 34.893617 0.400000
      vertex 30.396825 34.893617 0.400000
    endloop
  endfacet
  facet normal 0.000000 -1.000000 0.000000
    outer loop
      vertex 30.396825 33.936170 0.000000
      vertex 34.841270 33.936170 0.000000
      vertex 34.841270 33.936170 0.400000
    endloop
  endfacet
  facet normal 0.000000 -1.000000 0.000000
    outer loop
      vertex 30.396825 33.936170 0.000000
      vertex 34.841270 33.936170 0.400000
      vertex 30.396825 33.936170 0.400000
    endloop
  endfacet
  facet normal 0.000000 1.000000 0.000000
    outer loop
      vertex 30.396825 34.893617 0.000000
      vertex 34.841270 34.893617 0.400000
      vertex 34.841270 34.893617 0.000000
    endloop
  endfacet
  facet normal 0.000000 1.000000 0.000000
    outer loop
      vertex 30.396825 34.893617 0.000000
      vertex 30.396825 34.893617 0.400000
      vertex 34.841270 34.893617 0.400000
    endloop
  endfacet
  facet normal -1.000000 0.000000 0.000000
    outer loop
      vertex 30.396825 33.936170 0.000000
      vertex 30.396825 33.936170 0.400000
      vertex 30.396825 34.893617 0.400000
    endloop
  endfacet
  facet normal -1.000000 0.000000 0.000000
    outer loop
      vertex 30.396825 33.936170 0.000000
      vertex 30.396825 34.893617 0.400000
      vertex 30.396825 34.893617 0.000000
    endloop
  endfacet
  facet normal 1.000000 0.000000 0.000000
    outer loop
      vertex 34.841270 33.936170 0.000000
      vertex 34.841270 34.893617 0.000000
      vertex 34.841270 34.893617 0.400000
    endloop
  endfacet
  facet normal 1.000000 0.000000 0.000000
    outer loop
      vertex 34.841270 33.936170 0.000000
      vertex 34.841270 34.893617 0.400000
      vertex 34.841270 33.936170 0.400000
    endloop
  endfacet
  facet normal 0.000000 0.000000 -1.000000
    outer loop
      vertex 18.015873 22.446809 0.000000
      vertex 19.920635 34.255319 0.000000
      vertex 19.920635 22.446809 0.000000
    endloop
  endfacet
  facet normal 0.000000 0.000000 -1.000000
    outer loop
      vertex 18.015873 22.446809 0.000000
      vertex 18.015873 34.255319 0.000000
      vertex 19.920635 34.255319 0.000000
    endloop
  endfacet
  facet normal 0.000000 0.000000 1.000000
    outer loop
      vertex 18.015873 22.446809 0.400000
      vertex 19.920635 22.446809 0.400000
      vertex 19.920635 34.255319 0.400000
    endloop
  endfacet
  facet normal 0.000000 0.000000 1.000000
    outer loop
      vertex 18.015873 22.446809 0.400000
      vertex 19.920635 34.255319 0.400000
      vertex 18.015873 34.255319 0.400000
    endloop
  endfacet
  facet normal 0.000000 -1.000000 0.000000
    outer loop
      vertex 18.015873 22.446809 0.000000
      vertex 19.920635 22.446809 0.000000
      vertex 19.920635 22.446809 0.400000
    endloop
  endfacet
  facet normal 0.000000 -1.000000 0.000000
    outer loop
      vertex 18.015873 22.446809 0.000000
      vertex 19.920635 22.446809 0.400000
      vertex 18.015873 22.446809 0.400000
    endloop
  endfacet
  facet normal 0.000000 1.000000 0.000000
    outer loop
      vertex 18.015873 34.255319 0.000000
      vertex 19.920635 34.255319 0.400000
      vertex 19.920635 34.255319 0.000000
    endloop
  endfacet
  facet normal 0.000000 1.000000 0.000000
    outer loop
      vertex 18.015873 34.255319 0.000000
      vertex 18.015873 34.255319 0.400000
      vertex 19.920635 34.255319 0.400000
    endloop
  endfacet
  facet normal -1.000000 0.000000 0.000000
    outer loop
      vertex 18.015873 22.446809 0.000000
      vertex 18.015873 22.446809 0.400000
      vertex 18.015873 34.255319 0.400000
    endloop
  endfacet
  facet normal -1.000000 0.000000 0.000000
    outer loop
      vertex 18.015873 22.446809 0.000000
      vertex 18.015873 34.255319 0.400000
      vertex 18.015873 34.255319 0.000000
    endloop
  endfacet
  facet normal 1.000000 0.000000 0.000000
    outer loop
      vertex 19.920635 22.446809 0.000000
      vertex 19.920635 34.255319 0.000000
      vertex 19.920635 34.255319 0.400000
    endloop
  endfacet
  facet normal 1.000000 0.000000 0.000000
    outer loop
      vertex 19.920635 22.446809 0.000000
      vertex 19.920635 34.255319 0.400000
      vertex 19.920635 22.446809 0.400000
    endloop
  endfacet
  facet normal 0.000000 0.000000 -1.000000
    outer loop
      vertex 22.777778 31.063830 0.000000
      vertex 23.095238 34.255319 0.000000
      vertex 23.095238 31.063830 0.000000
    endloop
  endfacet
  facet normal 0.000000 0.000000 -1.000000
    outer loop
      vertex 22.777778 31.063830 0.000000
      vertex 22.777778 34.255319 0.000000
      vertex 23.095238 34.255319 0.000000
    endloop
  endfacet
  facet normal 0.000000 0.000000 1.000000
    outer loop
      vertex 22.777778 31.063830 0.400000
      vertex 23.095238 31.063830 0.400000
      vertex 23.095238 34.255319 0.400000
    endloop
  endfacet
  facet normal 0.000000 0.000000 1.000000
    outer loop
      vertex 22.777778 31.063830 0.400000
      vertex 23.095238 34.255319 0.400000
      vertex 22.777778 34.255319 0.400000
    endloop
  endfacet
  facet normal 0.000000 -1.000000 0.000000
    outer loop
      vertex 22.777778 31.063830 0.000000
      vertex 23.095238 31.063830 0.000000
      vertex 23.095238 31.063830 0.400000
    endloop
  endfacet
  facet normal 0.000000 -1.000000 0.000000
    outer loop
      vertex 22.777778 31.063830 0.000000
      vertex 23.095238 31.063830 0.400000
      vertex 22.777778 31.063830 0.400000
    endloop
  endfacet
  facet normal 0.000000 1.000000 0.000000
    outer loop
      vertex 22.777778 34.255319 0.000000
      vertex 23.095238 34.255319 0.400000
      vertex 23.095238 34.255319 0.000000
    endloop
  endfacet
  facet normal 0.000000 1.000000 0.000000
    outer loop
      vertex 22.777778 34.255319 0.000000
      vertex 22.777778 34.255319 0.400000
      vertex 23.095238 34.255319 0.400000
    endloop
  endfacet
  facet normal -1.000000 0.000000 0.000000
    outer loop
      vertex 22.777778 31.063830 0.000000
      vertex 22.777778 31.063830 0.400000
      vertex 22.777778 34.255319 0.400000
    endloop
  endfacet
  facet normal -1.000000 0.000000 0.000000
    outer loop
      vertex 22.777778 31.063830 0.000000
      vertex 22.777778 34.255319 0.400000
      vertex 22.777778 34.255319 0.000000
    endloop
  endfacet
  facet normal 1.000000 0.000000 0.000000
    outer loop
      vertex 23.095238 31.063830 0.000000
      vertex 23.095238 34.255319 0.000000
      vertex 23.095238 34.255319 0.400000
    endloop
  endfacet
  facet normal 1.000000 0.000000 0.000000
    outer loop
      vertex 23.095238 31.063830 0.000000
      vertex 23.095238 34.255319 0.400000
      vertex 23.095238 31.063830 0.400000
    endloop
  endfacet
  facet normal 0.000000 0.000000 -1.000000
    outer loop
      vertex 27.539683 31.063830 0.000000
      vertex 27.857143 33.936170 0.000000
      vertex 27.857143 31.063830 0.000000
    endloop
  endfacet
  facet normal 0.000000 0.000000 -1.000000
    outer loop
      vertex 27.539683 31.063830 0.000000
      vertex 27.539683 33.936170 0.000000
      vertex 27.857143 33.936170 0.000000
    endloop
  endfacet
  facet normal 0.000000 0.000000 1.000000
    outer loop
      vertex 27.539683 31.063830 0.400000
      vertex 27.857143 31.063830 0.400000
      vertex 27.857143 33.936170 0.400000
    endloop
  endfacet
  facet normal 0.000000 0.000000 1.000000
    outer loop
      vertex 27.539683 31.063830 0.400000
      vertex 27.857143 33.936170 0.400000
      vertex 27.539683 33.936170 0.400000
    endloop
  endfacet
  facet normal 0.000000 -1.000000 0.000000
    outer loop
      vertex 27.539683 31.063830 0.000000
      vertex 27.857143 31.063830 0.000000
      vertex 27.857143 31.063830 0.400000
    endloop
  endfacet
  facet normal 0.000000 -1.000000 0.000000
    outer loop
      vertex 27.539683 31.063830 0.000000
      vertex 27.857143 31.063830 0.400000
      vertex 27.539683 31.063830 0.400000
    endloop
  endfacet
  facet normal 0.000000 1.000000 0.000000
    outer loop
      vertex 27.539683 33.936170 0.000000
      vertex 27.857143 33.936170 0.400000
      vertex 27.857143 33.936170 0.000000
    endloop
  endfacet
  facet normal 0.000000 1.000000 0.000000
    outer loop
      vertex 27.539683 33.936170 0.000000
      vertex 27.539683 33.936170 0.400000
      vertex 27.857143 33.936170 0.400000
    endloop
  endfacet
  facet normal -1.000000 0.000000 0.000000
    outer loop
      vertex 27.539683 31.063830 0.000000
      vertex 27.539683 31.063830 0.400000
      vertex 27.539683 33.936170 0.400000
    endloop
  endfacet
  facet normal -1.000000 0.000000 0.000000
    outer loop
      vertex 27.539683 31.063830 0.000000
      vertex 27.539683 33.936170 0.400000
      vertex 27.539683 33.936170 0.000000
    endloop
  endfacet
  facet normal 1.000000 0.000000 0.000000
    outer loop
      vertex 27.857143 31.063830 0.000000
      vertex 27.857143 33.936170 0.000000
      vertex 27.857143 33.936170 0.400000
    endloop
  endfacet
  facet normal 1.000000 0.000000 0.000000
    outer loop
      vertex 27.857143 31.063830 0.000000
      vertex 27.857143 33.936170 0.400000
      vertex 27.857143 31.063830 0.400000
    endloop
  endfacet
  facet normal 0.000000 0.000000 -1.000000
    outer loop
      vertex 30.714286 22.446809 0.000000
      vertex 34.841270 33.936170 0.000000
      vertex 34.841270 22.446809 0.000000
    endloop
  endfacet
  facet normal 0.000000 0.000000 -1.000000
    outer loop
      vertex 30.714286 22.446809 0.000000
      vertex 30.714286 33.936170 0.000000
      vertex 34.841270 33.936170 0.000000
    endloop
  endfacet
  facet normal 0.000000 0.000000 1.000000
    outer loop
      vertex 30.714286 22.446809 0.400000
      vertex 34.841270 22.446809 0.400000
      vertex 34.841270 33.936170 0.400000
    endloop
  endfacet
  facet normal 0.000000 0.000000 1.000000
    outer loop
      vertex 30.714286 22.446809 0.400000
      vertex 34.841270 33.936170 0.400000
      vertex 30.714286 33.936170 0.400000
    endloop
  endfacet
  facet normal 0.000000 -1.000000 0.000000
    outer loop
      vertex 30.714286 22.446809 0.000000
      vertex 34.841270 22.446809 0.000000
      vertex 34.841270 22.446809 0.400000
    endloop
  endfacet
  facet normal 0.000000 -1.000000 0.000000
    outer loop
      vertex 30.714286 22.446809 0.000000
      vertex 34.841270 22.446809 0.400000
      vertex 30.714286 22.446809 0.400000
    endloop
  endfacet
  facet normal 0.000000 1.000000 0.000000
    outer loop
      vertex 30.714286 33.936170 0.000000
      vertex 34.841270 33.936170 0.400000
      vertex 34.841270 33.936170 0.000000
    endloop
  endfacet
  facet normal 0.000000 1.000000 0.000000
    outer loop
      vertex 30.714286 33.936170 0.000000
      vertex 30.714286 33.936170 0.400000
      vertex 34.841270 33.936170 0.400000
    endloop
  endfacet
  facet normal -1.000000 0.000000 0.000000
    outer loop
      vertex 30.714286 22.446809 0.000000
      vertex 30.714286 22.446809 0.400000
      vertex 30.714286 33.936170 0.400000
    endloop
  endfacet
  facet normal -1.000000 0.000000 0.000000
    outer loop
      vertex 30.714286 22.446809 0.000000
      vertex 30.714286 33.936170 0.400000
      vertex 30.714286 33.936170 0.000000
    endloop
  endfacet
  facet normal 1.000000 0.000000 0.000000
    outer loop
      vertex 34.841270 22.446809 0.000000
      vertex 34.841270 33.936170 0.000000
      vertex 34.841270 33.936170 0.400000
    endloop
  endfacet
  facet normal 1.000000 0.000000 0.000000
    outer loop
      vertex 34.841270 22.446809 0.000000
      vertex 34.841270 33.936170 0.400000
      vertex 34.841270 22.446809 0.400000
    endloop
  endfacet
  facet normal 0.000000 0.000000 -1.000000
    outer loop
      vertex 9.444444 20.212766 0.000000
      vertex 9.761905 33.297872 0.000000
      vertex 9.761905 20.212766 0.000000
    endloop
  endfacet
  facet normal 0.000000 0.000000 -1.000000
    outer loop
      vertex 9.444444 20.212766 0.000000
      vertex 9.444444 33.297872 0.000000
      vertex 9.761905 33.297872 0.000000
    endloop
  endfacet
  facet normal 0.000000 0.000000 1.000000
    outer loop
      vertex 9.444444 20.212766 0.400000
      vertex 9.761905 20.212766 0.400000
      vertex 9.761905 33.297872 0.400000
    endloop
  endfacet
  facet normal 0.000000 0.000000 1.000000
    outer loop
      vertex 9.444444 20.212766 0.400000
      vertex 9.761905 33.297872 0.400000
      vertex 9.444444 33.297872 0.400000
    endloop
  endfacet
  facet normal 0.000000 -1.000000 0.000000
    outer loop
      vertex 9.444444 20.212766 0.000000
      vertex 9.761905 20.212766 0.000000
      vertex 9.761905 20.212766 0.400000
    endloop
  endfacet
  facet normal 0.000000 -1.000000 0.000000
    outer loop
      vertex 9.444444 20.212766 0.000000
      vertex 9.761905 20.212766 0.400000
      vertex 9.444444 20.212766 0.400000
    endloop
  endfacet
  facet normal 0.000000 1.000000 0.000000
    outer loop
      vertex 9.444444 33.297872 0.000000
      vertex 9.761905 33.297872 0.400000
      vertex 9.761905 33.297872 0.000000
    endloop
  endfacet
  facet normal 0.000000 1.000000 0.000000
    outer loop
      vertex 9.444444 33.297872 0.000000
      vertex 9.444444 33.297872 0.400000
      vertex 9.761905 33.297872 0.400000
    endloop
  endfacet
  facet normal -1.000000 0.000000 0.000000
    outer loop
      vertex 9.444444 20.212766 0.000000
      vertex 9.444444 20.212766 0.400000
      vertex 9.444444 33.297872 0.400000
    endloop
  endfacet
  facet normal -1.000000 0.000000 0.000000
    outer loop
      vertex 9.444444 20.212766 0.000000
      vertex 9.444444 33.297872 0.400000
      vertex 9.444444 33.297872 0.000000
    endloop
  endfacet
  facet normal 1.000000 0.000000 0.000000
    outer loop
      vertex 9.761905 20.212766 0.000000
      vertex 9.761905 33.297872 0.000000
      vertex 9.761905 33.297872 0.400000
    endloop
  endfacet
  facet normal 1.000000 0.000000 0.000000
    outer loop
      vertex 9.761905 20.212766 0.000000
      vertex 9.761905 33.297872 0.400000
      vertex 9.761905 20.212766 0.400000
    endloop
  endfacet
  facet normal 0.000000 0.000000 -1.000000
    outer loop
      vertex 9.761905 20.212766 0.000000
      vertex 10.079365 32.659574 0.000000
      vertex 10.079365 20.212766 0.000000
    endloop
  endfacet
  facet normal 0.000000 0.000000 -1.000000
    outer loop
      vertex 9.761905 20.212766 0.000000
      vertex 9.761905 32.659574 0.000000
      vertex 10.079365 32.659574 0.000000
    endloop
  endfacet
  facet normal 0.000000 0.000000 1.000000
    outer loop
      vertex 9.761905 20.212766 0.400000
      vertex 10.079365 20.212766 0.400000
      vertex 10.079365 32.659574 0.400000
    endloop
  endfacet
  facet normal 0.000000 0.000000 1.000000
    outer loop
      vertex 9.761905 20.212766 0.400000
      vertex 10.079365 32.659574 0.400000
      vertex 9.761905 32.659574 0.400000
    endloop
  endfacet
  facet normal 0.000000 -1.000000 0.000000
    outer loop
      vertex 9.761905 20.212766 0.000000
      vertex 10.079365 20.212766 0.000000
      vertex 10.079365 20.212766 0.400000
    endloop
  endfacet
  facet normal 0.000000 -1.000000 0.000000
    outer loop
      vertex 9.761905 20.212766 0.000000
      vertex 10.079365 20.212766 0.400000
      vertex 9.761905 20.212766 0.400000
    endloop
  endfacet
  facet normal 0.000000 1.000000 0.000000
    outer loop
      vertex 9.761905 32.659574 0.000000
      vertex 10.079365 32.659574 0.400000
      vertex 10.079365 32.659574 0.000000
    endloop
  endfacet
  facet normal 0.000000 1.000000 0.000000
    outer loop
      vertex 9.761905 32.659574 0.000000
      vertex 9.761905 32.659574 0.400000
      vertex 10.079365 32.659574 0.400000
    endloop
  endfacet
  facet normal -1.000000 0.000000 0.000000
    outer loop
      vertex 9.761905 20.212766 0.000000
      vertex 9.761905 20.212766 0.400000
      vertex 9.761905 32.659574 0.400000
    endloop
  endfacet
  facet normal -1.000000 0.000000 0.000000
    outer loop
      vertex 9.761905 20.212766 0.000000
      vertex 9.761905 32.659574 0.400000
      vertex 9.761905 32.659574 0.000000
    endloop
  endfacet
  facet normal 1.000000 0.000000 0.000000
    outer loop
      vertex 10.079365 20.212766 0.000000
      vertex 10.079365 32.659574 0.000000
      vertex 10.079365 32.659574 0.400000
    endloop
  endfacet
  facet normal 1.000000 0.000000 0.000000
    outer loop
      vertex 10.079365 20.212766 0.000000
      vertex 10.079365 32.659574 0.400000
      vertex 10.079365 20.212766 0.400000
    endloop
  endfacet
  facet normal 0.000000 0.000000 -1.000000
    outer loop
      vertex 10.079365 20.212766 0.000000
      vertex 10.714286 32.021277 0.000000
      vertex 10.714286 20.212766 0.000000
    endloop
  endfacet
  facet normal 0.000000 0.000000 -1.000000
    outer loop
      vertex 10.079365 20.212766 0.000000
      vertex 10.079365 32.021277 0.000000
      vertex 10.714286 32.021277 0.000000
    endloop
  endfacet
  facet normal 0.000000 0.000000 1.000000
    outer loop
      vertex 10.079365 20.212766 0.400000
      vertex 10.714286 20.212766 0.400000
      vertex 10.714286 32.021277 0.400000
    endloop
  endfacet
  facet normal 0.000000 0.000000 1.000000
    outer loop
      vertex 10.079365 20.212766 0.400000
      vertex 10.714286 32.021277 0.400000
      vertex 10.079365 32.021277 0.400000
    endloop
  endfacet
  facet normal 0.000000 -1.000000 0.000000
    outer loop
      vertex 10.079365 20.212766 0.000000
      vertex 10.714286 20.212766 0.000000
      vertex 10.714286 20.212766 0.400000
    endloop
  endfacet
  facet normal 0.000000 -1.000000 0.000000
    outer loop
      vertex 10.079365 20.212766 0.000000
      vertex 10.714286 20.212766 0.400000
      vertex 10.079365 20.212766 0.400000
    endloop
  endfacet
  facet normal 0.000000 1.000000 0.000000
    outer loop
      vertex 10.079365 32.021277 0.000000
      vertex 10.714286 32.021277 0.400000
      vertex 10.714286 32.021277 0.000000
    endloop
  endfacet
  facet normal 0.000000 1.000000 0.000000
    outer loop
      vertex 10.079365 32.021277 0.000000
      vertex 10.079365 32.021277 0.400000
      vertex 10.714286 32.021277 0.400000
    endloop
  endfacet
  facet normal -1.000000 0.000000 0.000000
    outer loop
      vertex 10.079365 20.212766 0.000000
      vertex 10.079365 20.212766 0.400000
      vertex 10.079365 32.021277 0.400000
    endloop
  endfacet
  facet normal -1.000000 0.000000 0.000000
    outer loop
      vertex 10.079365 20.212766 0.000000
      vertex 10.079365 32.021277 0.400000
      vertex 10.079365 32.021277 0.000000
    endloop
  endfacet
  facet normal 1.000000 0.000000 0.000000
    outer loop
      vertex 10.714286 20.212766 0.000000
      vertex 10.714286 32.021277 0.000000
      vertex 10.714286 32.021277 0.400000
    endloop
  endfacet
  facet normal 1.000000 0.000000 0.000000
    outer loop
      vertex 10.714286 20.212766 0.000000
      vertex 10.714286 32.021277 0.400000
      vertex 10.714286 20.212766 0.400000
    endloop
  endfacet
  facet normal 0.000000 0.000000 -1.000000
    outer loop
      vertex 10.714286 19.893617 0.000000
      vertex 11.031746 31.702128 0.000000
      vertex 11.031746 19.893617 0.000000
    endloop
  endfacet
  facet normal 0.000000 0.000000 -1.000000
    outer loop
      vertex 10.714286 19.893617 0.000000
      vertex 10.714286 31.702128 0.000000
      vertex 11.031746 31.702128 0.000000
    endloop
  endfacet
  facet normal 0.000000 0.000000 1.000000
    outer loop
      vertex 10.714286 19.893617 0.400000
      vertex 11.031746 19.893617 0.400000
      vertex 11.031746 31.702128 0.400000
    endloop
  endfacet
  facet normal 0.000000 0.000000 1.000000
    outer loop
      vertex 10.714286 19.893617 0.400000
      vertex 11.031746 31.702128 0.400000
      vertex 10.714286 31.702128 0.400000
    endloop
  endfacet
  facet normal 0.000000 -1.000000 0.000000
    outer loop
      vertex 10.714286 19.893617 0.000000
      vertex 11.031746 19.893617 0.000000
      vertex 11.031746 19.893617 0.400000
    endloop
  endfacet
  facet normal 0.000000 -1.000000 0.000000
    outer loop
      vertex 10.714286 19.893617 0.000000
      vertex 11.031746 19.893617 0.400000
      vertex 10.714286 19.893617 0.400000
    endloop
  endfacet
  facet normal 0.000000 1.000000 0.000000
    outer loop
      vertex 10.714286 31.702128 0.000000
      vertex 11.031746 31.702128 0.400000
      vertex 11.031746 31.702128 0.000000
    endloop
  endfacet
  facet normal 0.000000 1.000000 0.000000
    outer loop
      vertex 10.714286 31.702128 0.000000
      vertex 10.714286 31.702128 0.400000
      vertex 11.031746 31.702128 0.400000
    endloop
  endfacet
  facet normal -1.000000 0.000000 0.000000
    outer loop
      vertex 10.714286 19.893617 0.000000
      vertex 10.714286 19.893617 0.400000
      vertex 10.714286 31.702128 0.400000
    endloop
  endfacet
  facet normal -1.000000 0.000000 0.000000
    outer loop
      vertex 10.714286 19.893617 0.000000
      vertex 10.714286 31.702128 0.400000
      vertex 10.714286 31.702128 0.000000
    endloop
  endfacet
  facet normal 1.000000 0.000000 0.000000
    outer loop
      vertex 11.031746 19.893617 0.000000
      vertex 11.031746 31.702128 0.000000
      vertex 11.031746 31.702128 0.400000
    endloop
  endfacet
  facet normal 1.000000 0.000000 0.000000
    outer loop
      vertex 11.031746 19.893617 0.000000
      vertex 11.031746 31.702128 0.400000
      vertex 11.031746 19.893617 0.400000
    endloop
  endfacet
  facet normal 0.000000 0.000000 -1.000000
    outer loop
      vertex 11.031746 19.893617 0.000000
      vertex 11.984127 31.382979 0.000000
      vertex 11.984127 19.893617 0.000000
    endloop
  endfacet
  facet normal 0.000000 0.000000 -1.000000
    outer loop
      vertex 11.031746 19.893617 0.000000
      vertex 11.031746 31.382979 0.000000
      vertex 11.984127 31.382979 0.000000
    endloop
  endfacet
  facet normal 0.000000 0.000000 1.000000
    outer loop
      vertex 11.031746 19.893617 0.400000
      vertex 11.984127 19.893617 0.400000
      vertex 11.984127 31.382979 0.400000
    endloop
  endfacet
  facet normal 0.000000 0.000000 1.000000
    outer loop
      vertex 11.031746 19.893617 0.400000
      vertex 11.984127 31.382979 0.400000
      vertex 11.031746 31.382979 0.400000
    endloop
  endfacet
  facet normal 0.000000 -1.000000 0.000000
    outer loop
      vertex 11.031746 19.893617 0.000000
      vertex 11.984127 19.893617 0.000000
      vertex 11.984127 19.893617 0.400000
    endloop
  endfacet
  facet normal 0.000000 -1.000000 0.000000
    outer loop
      vertex 11.031746 19.893617 0.000000
      vertex 11.984127 19.893617 0.400000
      vertex 11.031746 19.893617 0.400000
    endloop
  endfacet
  facet normal 0.000000 1.000000 0.000000
    outer loop
      vertex 11.031746 31.382979 0.000000
      vertex 11.984127 31.382979 0.400000
      vertex 11.984127 31.382979 0.000000
    endloop
  endfacet
  facet normal 0.000000 1.000000 0.000000
    outer loop
      vertex 11.031746 31.382979 0.000000
      vertex 11.031746 31.382979 0.400000
      vertex 11.984127 31.382979 0.400000
    endloop
  endfacet
  facet normal -1.000000 0.000000 0.000000
    outer loop
      vertex 11.031746 19.893617 0.000000
      vertex 11.031746 19.893617 0.400000
      vertex 11.031746 31.382979 0.400000
    endloop
  endfacet
  facet normal -1.000000 0.000000 0.000000
    outer loop
      vertex 11.031746 19.893617 0.000000
      vertex 11.031746 31.382979 0.400000
      vertex 11.031746 31.382979 0.000000
    endloop
  endfacet
  facet normal 1.000000 0.000000 0.000000
    outer loop
      vertex 11.984127 19.893617 0.000000
      vertex 11.984127 31.382979 0.000000
      vertex 11.984127 31.382979 0.400000
    endloop
  endfacet
  facet normal 1.000000 0.000000 0.000000
    outer loop
      vertex 11.984127 19.893617 0.000000
      vertex 11.984127 31.382979 0.400000
      vertex 11.984127 19.893617 0.400000
    endloop
  endfacet
  facet normal 0.000000 0.000000 -1.000000
    outer loop
      vertex 30.396825 22.446809 0.000000
      vertex 30.714286 31.382979 0.000000
      vertex 30.714286 22.446809 0.000000
    endloop
  endfacet
  facet normal 0.000000 0.000000 -1.000000
    outer loop
      vertex 30.396825 22.446809 0.000000
      vertex 30.396825 31.382979 0.000000
      vertex 30.714286 31.382979 0.000000
    endloop
  endfacet
  facet normal 0.000000 0.000000 1.000000
    outer loop
      vertex 30.396825 22.446809 0.400000
      vertex 30.714286 22.446809 0.400000
      vertex 30.714286 31.382979 0.400000
    endloop
  endfacet
  facet normal 0.000000 0.000000 1.000000
    outer loop
      vertex 30.396825 22.446809 0.400000
      vertex 30.714286 31.382979 0.400000
      vertex 30.396825 31.382979 0.400000
    endloop
  endfacet
  facet normal 0.000000 -1.000000 0.000000
    outer loop
      vertex 30.396825 22.446809 0.000000
      vertex 30.714286 22.446809 0.000000
      vertex 30.714286 22.446809 0.400000
    endloop
  endfacet
  facet normal 0.000000 -1.000000 0.000000
    outer loop
      vertex 30.396825 22.446809 0.000000
      vertex 30.714286 22.446809 0.400000
      vertex 30.396825 22.446809 0.400000
    endloop
  endfacet
  facet normal 0.000000 1.000000 0.000000
    outer loop
      vertex 30.396825 31.382979 0.000000
      vertex 30.714286 31.382979 0.400000
      vertex 30.714286 31.382979 0.000000
    endloop
  endfacet
  facet normal 0.000000 1.000000 0.000000
    outer loop
      vertex 30.396825 31.382979 0.000000
      vertex 30.396825 31.382979 0.400000
      vertex 30.714286 31.382979 0.400000
    endloop
  endfacet
  facet normal -1.000000 0.000000 0.000000
    outer loop
      vertex 30.396825 22.446809 0.000000
      vertex 30.396825 22.446809 0.400000
      vertex 30.396825 31.382979 0.400000
    endloop
  endfacet
  facet normal -1.000000 0.000000 0.000000
    outer loop
      vertex 30.396825 22.446809 0.000000
      vertex 30.396825 31.382979 0.400000
      vertex 30.396825 31.382979 0.000000
    endloop
  endfacet
  facet normal 1.000000 0.000000 0.000000
    outer loop
      vertex 30.714286 22.446809 0.000000
      vertex 30.714286 31.382979 0.000000
      vertex 30.714286 31.382979 0.400000
    endloop
  endfacet
  facet normal 1.000000 0.000000 0.000000
    outer loop
      vertex 30.714286 22.446809 0.000000
      vertex 30.714286 31.382979 0.400000
      vertex 30.714286 22.446809 0.400000
    endloop
  endfacet
  facet normal 0.000000 0.000000 -1.000000
    outer loop
      vertex 11.984127 22.765957 0.000000
      vertex 15.158730 31.063830 0.000000
      vertex 15.158730 22.765957 0.000000
    endloop
  endfacet
  facet normal 0.000000 0.000000 -1.000000
    outer loop
      vertex 11.984127 22.765957 0.000000
      vertex 11.984127 31.063830 0.000000
      vertex 15.158730 31.063830 0.000000
    endloop
  endfacet
  facet normal 0.000000 0.000000 1.000000
    outer loop
      vertex 11.984127 22.765957 0.400000
      vertex 15.158730 22.765957 0.400000
      vertex 15.158730 31.063830 0.400000
    endloop
  endfacet
  facet normal 0.000000 0.000000 1.000000
    outer loop
      vertex 11.984127 22.765957 0.400000
      vertex 15.158730 31.063830 0.400000
      vertex 11.984127 31.063830 0.400000
    endloop
  endfacet
  facet normal 0.000000 -1.000000 0.000000
    outer loop
      vertex 11.984127 22.765957 0.000000
      vertex 15.158730 22.765957 0.000000
      vertex 15.158730 22.765957 0.400000
    endloop
  endfacet
  facet normal 0.000000 -1.000000 0.000000
    outer loop
      vertex 11.984127 22.765957 0.000000
      vertex 15.158730 22.765957 0.400000
      vertex 11.984127 22.765957 0.400000
    endloop
  endfacet
  facet normal 0.000000 1.000000 0.000000
    outer loop
      vertex 11.984127 31.063830 0.000000
      vertex 15.158730 31.063830 0.400000
      vertex 15.158730 31.063830 0.000000
    endloop
  endfacet
  facet normal 0.000000 1.000000 0.000000
    outer loop
      vertex 11.984127 31.063830 0.000000
      vertex 11.984127 31.063830 0.400000
      vertex 15.158730 31.063830 0.400000
    endloop
  endfacet
  facet normal -1.000000 0.000000 0.000000
    outer loop
      vertex 11.984127 22.765957 0.000000
      vertex 11.984127 22.765957 0.400000
      vertex 11.984127 31.063830 0.400000
    endloop
  endfacet
  facet normal -1.000000 0.000000 0.000000
    outer loop
      vertex 11.984127 22.765957 0.000000
      vertex 11.984127 31.063830 0.400000
      vertex 11.984127 31.063830 0.000000
    endloop
  endfacet
  facet normal 1.000000 0.000000 0.000000
    outer loop
      vertex 15.158730 22.765957 0.000000
      vertex 15.158730 31.063830 0.000000
      vertex 15.158730 31.063830 0.400000
    endloop
  endfacet
  facet normal 1.000000 0.000000 0.000000
    outer loop
      vertex 15.158730 22.765957 0.000000
      vertex 15.158730 31.063830 0.400000
      vertex 15.158730 22.765957 0.400000
    endloop
  endfacet
  facet normal 0.000000 0.000000 -1.000000
    outer loop
      vertex 19.920635 22.446809 0.000000
      vertex 20.238095 31.063830 0.000000
      vertex 20.238095 22.446809 0.000000
    endloop
  endfacet
  facet normal 0.000000 0.000000 -1.000000
    outer loop
      vertex 19.920635 22.446809 0.000000
      vertex 19.920635 31.063830 0.000000
      vertex 20.238095 31.063830 0.000000
    endloop
  endfacet
  facet normal 0.000000 0.000000 1.000000
    outer loop
      vertex 19.920635 22.446809 0.400000
      vertex 20.238095 22.446809 0.400000
      vertex 20.238095 31.063830 0.400000
    endloop
  endfacet
  facet normal 0.000000 0.000000 1.000000
    outer loop
      vertex 19.920635 22.446809 0.400000
      vertex 20.238095 31.063830 0.400000
      vertex 19.920635 31.063830 0.400000
    endloop
  endfacet
  facet normal 0.000000 -1.000000 0.000000
    outer loop
      vertex 19.920635 22.446809 0.000000
      vertex 20.238095 22.446809 0.000000
      vertex 20.238095 22.446809 0.400000
    endloop
  endfacet
  facet normal 0.000000 -1.000000 0.000000
    outer loop
      vertex 19.920635 22.446809 0.000000
      vertex 20.238095 22.446809 0.400000
      vertex 19.920635 22.446809 0.400000
    endloop
  endfacet
  facet normal 0.000000 1.000000 0.000000
    outer loop
      vertex 19.920635 31.063830 0.000000
      vertex 20.238095 31.063830 0.400000
      vertex 20.238095 31.063830 0.000000
    endloop
  endfacet
  facet normal 0.000000 1.000000 0.000000
    outer loop
      vertex 19.920635 31.063830 0.000000
      vertex 19.920635 31.063830 0.400000
      vertex 20.238095 31.063830 0.400000
    endloop
  endfacet
  facet normal -1.000000 0.000000 0.000000
    outer loop
      vertex 19.920635 22.446809 0.000000
      vertex 19.920635 22.446809 0.400000
      vertex 19.920635 31.063830 0.400000
    endloop
  endfacet
  facet normal -1.000000 0.000000 0.000000
    outer loop
      vertex 19.920635 22.446809 0.000000
      vertex 19.920635 31.063830 0.400000
      vertex 19.920635 31.063830 0.000000
    endloop
  endfacet
  facet normal 1.000000 0.000000 0.000000
    outer loop
      vertex 20.238095 22.446809 0.000000
      vertex 20.238095 31.063830 0.000000
      vertex 20.238095 31.063830 0.400000
    endloop
  endfacet
  facet normal 1.000000 0.000000 0.000000
    outer loop
      vertex 20.238095 22.446809 0.000000
      vertex 20.238095 31.063830 0.400000
      vertex 20.238095 22.446809 0.400000
    endloop
  endfacet
  facet normal 0.000000 0.000000 -1.000000
    outer loop
      vertex 30.079365 22.446809 0.000000
      vertex 30.396825 30.425532 0.000000
      vertex 30.396825 22.446809 0.000000
    endloop
  endfacet
  facet normal 0.000000 0.000000 -1.000000
    outer loop
      vertex 30.079365 22.446809 0.000000
      vertex 30.079365 30.425532 0.000000
      vertex 30.396825 30.425532 0.000000
    endloop
  endfacet
  facet normal 0.000000 0.000000 1.000000
    outer loop
      vertex 30.079365 22.446809 0.400000
      vertex 30.396825 22.446809 0.400000
      vertex 30.396825 30.425532 0.400000
    endloop
  endfacet
  facet normal 0.000000 0.000000 1.000000
    outer loop
      vertex 30.079365 22.446809 0.400000
      vertex 30.396825 30.425532 0.400000
      vertex 30.079365 30.425532 0.400000
    endloop
  endfacet
  facet normal 0.000000 -1.000000 0.000000
    outer loop
      vertex 30.079365 22.446809 0.000000
      vertex 30.396825 22.446809 0.000000
      vertex 30.396825 22.446809 0.400000
    endloop
  endfacet
  facet normal 0.000000 -1.000000 0.000000
    outer loop
      vertex 30.079365 22.446809 0.000000
      vertex 30.396825 22.446809 0.400000
      vertex 30.079365 22.446809 0.400000
    endloop
  endfacet
  facet normal 0.000000 1.000000 0.000000
    outer loop
      vertex 30.079365 30.425532 0.000000
      vertex 30.396825 30.425532 0.400000
      vertex 30.396825 30.425532 0.000000
    endloop
  endfacet
  facet normal 0.000000 1.000000 0.000000
    outer loop
      vertex 30.079365 30.425532 0.000000
      vertex 30.079365 30.425532 0.400000
      vertex 30.396825 30.425532 0.400000
    endloop
  endfacet
  facet normal -1.000000 0.000000 0.000000
    outer loop
      vertex 30.079365 22.446809 0.000000
      vertex 30.079365 22.446809 0.400000
      vertex 30.079365 30.425532 0.400000
    endloop
  endfacet
  facet normal -1.000000 0.000000 0.000000
    outer loop
      vertex 30.079365 22.446809 0.000000
      vertex 30.079365 30.425532 0.400000
      vertex 30.079365 30.425532 0.000000
    endloop
  endfacet
  facet normal 1.000000 0.000000 0.000000
    outer loop
      vertex 30.396825 22.446809 0.000000
      vertex 30.396825 30.425532 0.000000
      vertex 30.396825 30.425532 0.400000
    endloop
  endfacet
  facet normal 1.000000 0.000000 0.000000
    outer loop
      vertex 30.396825 22.446809 0.000000
      vertex 30.396825 30.425532 0.400000
      vertex 30.396825 22.446809 0.400000
    endloop
  endfacet
  facet normal 0.000000 0.000000 -1.000000
    outer loop
      vertex 20.238095 22.446809 0.000000
      vertex 20.555556 30.106383 0.000000
      vertex 20.555556 22.446809 0.000000
    endloop
  endfacet
  facet normal 0.000000 0.000000 -1.000000
    outer loop
      vertex 20.238095 22.446809 0.000000
      vertex 20.238095 30.106383 0.000000
      vertex 20.555556 30.106383 0.000000
    endloop
  endfacet
  facet normal 0.000000 0.000000 1.000000
    outer loop
      vertex 20.238095 22.446809 0.400000
      vertex 20.555556 22.446809 0.400000
      vertex 20.555556 30.106383 0.400000
    endloop
  endfacet
  facet normal 0.000000 0.000000 1.000000
    outer loop
      vertex 20.238095 22.446809 0.400000
      vertex 20.555556 30.106383 0.400000
      vertex 20.238095 30.106383 0.400000
    endloop
  endfacet
  facet normal 0.000000 -1.000000 0.000000
    outer loop
      vertex 20.238095 22.446809 0.000000
      vertex 20.555556 22.446809 0.000000
      vertex 20.555556 22.446809 0.400000
    endloop
  endfacet
  facet normal 0.000000 -1.000000 0.000000
    outer loop
      vertex 20.238095 22.446809 0.000000
      vertex 20.555556 22.446809 0.400000
      vertex 20.238095 22.446809 0.400000
    endloop
  endfacet
  facet normal 0.000000 1.000000 0.000000
    outer loop
      vertex 20.238095 30.106383 0.000000
      vertex 20.555556 30.106383 0.400000
      vertex 20.555556 30.106383 0.000000
    endloop
  endfacet
  facet normal 0.000000 1.000000 0.000000
    outer loop
      vertex 20.238095 30.106383 0.000000
      vertex 20.238095 30.106383 0.400000
      vertex 20.555556 30.106383 0.400000
    endloop
  endfacet
  facet normal -1.000000 0.000000 0.000000
    outer loop
      vertex 20.238095 22.446809 0.000000
      vertex 20.238095 22.446809 0.400000
      vertex 20.238095 30.106383 0.400000
    endloop
  endfacet
  facet normal -1.000000 0.000000 0.000000
    outer loop
      vertex 20.238095 22.446809 0.000000
      vertex 20.238095 30.106383 0.400000
      vertex 20.238095 30.106383 0.000000
    endloop
  endfacet
  facet normal 1.000000 0.000000 0.000000
    outer loop
      vertex 20.555556 22.446809 0.000000
      vertex 20.555556 30.106383 0.000000
      vertex 20.555556 30.106383 0.400000
    endloop
  endfacet
  facet normal 1.000000 0.000000 0.000000
    outer loop
      vertex 20.555556 22.446809 0.000000
      vertex 20.555556 30.106383 0.400000
      vertex 20.555556 22.446809 0.400000
    endloop
  endfacet
  facet normal 0.000000 0.000000 -1.000000
    outer loop
      vertex 26.587302 29.468085 0.000000
      vertex 26.904762 29.787234 0.000000
      vertex 26.904762 29.468085 0.000000
    endloop
  endfacet
  facet normal 0.000000 0.000000 -1.000000
    outer loop
      vertex 26.587302 29.468085 0.000000
      vertex 26.587302 29.787234 0.000000
      vertex 26.904762 29.787234 0.000000
    endloop
  endfacet
  facet normal 0.000000 0.000000 1.000000
    outer loop
      vertex 26.587302 29.468085 0.400000
      vertex 26.904762 29.468085 0.400000
      vertex 26.904762 29.787234 0.400000
    endloop
  endfacet
  facet normal 0.000000 0.000000 1.000000
    outer loop
      vertex 26.587302 29.468085 0.400000
      vertex 26.904762 29.787234 0.400000
      vertex 26.587302 29.787234 0.400000
    endloop
  endfacet
  facet normal 0.000000 -1.000000 0.000000
    outer loop
      vertex 26.587302 29.468085 0.000000
      vertex 26.904762 29.468085 0.000000
      vertex 26.904762 29.468085 0.400000
    endloop
  endfacet
  facet normal 0.000000 -1.000000 0.000000
    outer loop
      vertex 26.587302 29.468085 0.000000
      vertex 26.904762 29.468085 0.400000
      vertex 26.587302 29.468085 0.400000
    endloop
  endfacet
  facet normal 0.000000 1.000000 0.000000
    outer loop
      vertex 26.587302 29.787234 0.000000
      vertex 26.904762 29.787234 0.400000
      vertex 26.904762 29.787234 0.000000
    endloop
  endfacet
  facet normal 0.000000 1.000000 0.000000
    outer loop
      vertex 26.587302 29.787234 0.000000
      vertex 26.587302 29.787234 0.400000
      vertex 26.904762 29.787234 0.400000
    endloop
  endfacet
  facet normal -1.000000 0.000000 0.000000
    outer loop
      vertex 26.587302 29.468085 0.000000
      vertex 26.587302 29.468085 0.400000
      vertex 26.587302 29.787234 0.400000
    endloop
  endfacet
  facet normal -1.000000 0.000000 0.000000
    outer loop
      vertex 26.587302 29.468085 0.000000
      vertex 26.587302 29.787234 0.400000
      vertex 26.587302 29.787234 0.000000
    endloop
  endfacet
  facet normal 1.000000 0.000000 0.000000
    outer loop
      vertex 26.904762 29.468085 0.000000
      vertex 26.904762 29.787234 0.000000
      vertex 26.904762 29.787234 0.400000
    endloop
  endfacet
  facet normal 1.000000 0.000000 0.000000
    outer loop
      vertex 26.904762 29.468085 0.000000
      vertex 26.904762 29.787234 0.400000
      vertex 26.904762 29.468085 0.400000
    endloop
  endfacet
  facet normal 0.000000 0.000000 -1.000000
    outer loop
      vertex 20.555556 22.446809 0.000000
      vertex 20.873016 29.468085 0.000000
      vertex 20.873016 22.446809 0.000000
    endloop
  endfacet
  facet normal 0.000000 0.000000 -1.000000
    outer loop
      vertex 20.555556 22.446809 0.000000
      vertex 20.555556 29.468085 0.000000
      vertex 20.873016 29.468085 0.000000
    endloop
  endfacet
  facet normal 0.000000 0.000000 1.000000
    outer loop
      vertex 20.555556 22.446809 0.400000
      vertex 20.873016 22.446809 0.400000
      vertex 20.873016 29.468085 0.400000
    endloop
  endfacet
  facet normal 0.000000 0.000000 1.000000
    outer loop
      vertex 20.555556 22.446809 0.400000
      vertex 20.873016 29.468085 0.400000
      vertex 20.555556 29.468085 0.400000
    endloop
  endfacet
  facet normal 0.000000 -1.000000 0.000000
    outer loop
      vertex 20.555556 22.446809 0.000000
      vertex 20.873016 22.446809 0.000000
      vertex 20.873016 22.446809 0.400000
    endloop
  endfacet
  facet normal 0.000000 -1.000000 0.000000
    outer loop
      vertex 20.555556 22.446809 0.000000
      vertex 20.873016 22.446809 0.400000
      vertex 20.555556 22.446809 0.400000
    endloop
  endfacet
  facet normal 0.000000 1.000000 0.000000
    outer loop
      vertex 20.555556 29.468085 0.000000
      vertex 20.873016 29.468085 0.400000
      vertex 20.873016 29.468085 0.000000
    endloop
  endfacet
  facet normal 0.000000 1.000000 0.000000
    outer loop
      vertex 20.555556 29.468085 0.000000
      vertex 20.555556 29.468085 0.400000
      vertex 20.873016 29.468085 0.400000
    endloop
  endfacet
  facet normal -1.000000 0.000000 0.000000
    outer loop
      vertex 20.555556 22.446809 0.000000
      vertex 20.555556 22.446809 0.400000
      vertex 20.555556 29.468085 0.400000
    endloop
  endfacet
  facet normal -1.000000 0.000000 0.000000
    outer loop
      vertex 20.555556 22.446809 0.000000
      vertex 20.555556 29.468085 0.400000
      vertex 20.555556 29.468085 0.000000
    endloop
  endfacet
  facet normal 1.000000 0.000000 0.000000
    outer loop
      vertex 20.873016 22.446809 0.000000
      vertex 20.873016 29.468085 0.000000
      vertex 20.873016 29.468085 0.400000
    endloop
  endfacet
  facet normal 1.000000 0.000000 0.000000
    outer loop
      vertex 20.873016 22.446809 0.000000
      vertex 20.873016 29.468085 0.400000
      vertex 20.873016 22.446809 0.400000
    endloop
  endfacet
  facet normal 0.000000 0.000000 -1.000000
    outer loop
      vertex 29.761905 22.446809 0.000000
      vertex 30.079365 29.468085 0.000000
      vertex 30.079365 22.446809 0.000000
    endloop
  endfacet
  facet normal 0.000000 0.000000 -1.000000
    outer loop
      vertex 29.761905 22.446809 0.000000
      vertex 29.761905 29.468085 0.000000
      vertex 30.079365 29.468085 0.000000
    endloop
  endfacet
  facet normal 0.000000 0.000000 1.000000
    outer loop
      vertex 29.761905 22.446809 0.400000
      vertex 30.079365 22.446809 0.400000
      vertex 30.079365 29.468085 0.400000
    endloop
  endfacet
  facet normal 0.000000 0.000000 1.000000
    outer loop
      vertex 29.761905 22.446809 0.400000
      vertex 30.079365 29.468085 0.400000
      vertex 29.761905 29.468085 0.400000
    endloop
  endfacet
  facet normal 0.000000 -1.000000 0.000000
    outer loop
      vertex 29.761905 22.446809 0.000000
      vertex 30.079365 22.446809 0.000000
      vertex 30.079365 22.446809 0.400000
    endloop
  endfacet
  facet normal 0.000000 -1.000000 0.000000
    outer loop
      vertex 29.761905 22.446809 0.000000
      vertex 30.079365 22.446809 0.400000
      vertex 29.761905 22.446809 0.400000
    endloop
  endfacet
  facet normal 0.000000 1.000000 0.000000
    outer loop
      vertex 29.761905 29.468085 0.000000
      vertex 30.079365 29.468085 0.400000
      vertex 30.079365 29.468085 0.000000
    endloop
  endfacet
  facet normal 0.000000 1.000000 0.000000
    outer loop
      vertex 29.761905 29.468085 0.000000
      vertex 29.761905 29.468085 0.400000
      vertex 30.079365 29.468085 0.400000
    endloop
  endfacet
  facet normal -1.000000 0.000000 0.000000
    outer loop
      vertex 29.761905 22.446809 0.000000
      vertex 29.761905 22.446809 0.400000
      vertex 29.761905 29.468085 0.400000
    endloop
  endfacet
  facet normal -1.000000 0.000000 0.000000
    outer loop
      vertex 29.761905 22.446809 0.000000
      vertex 29.761905 29.468085 0.400000
      vertex 29.761905 29.468085 0.000000
    endloop
  endfacet
  facet normal 1.000000 0.000000 0.000000
    outer loop
      vertex 30.079365 22.446809 0.000000
      vertex 30.079365 29.468085 0.000000
      vertex 30.079365 29.468085 0.400000
    endloop
  endfacet
  facet normal 1.000000 0.000000 0.000000
    outer loop
      vertex 30.079365 22.446809 0.000000
      vertex 30.079365 29.468085 0.400000
      vertex 30.079365 22.446809 0.400000
    endloop
  endfacet
  facet normal 0.000000 0.000000 -1.000000
    outer loop
      vertex 20.873016 22.446809 0.000000
      vertex 21.190476 29.148936 0.000000
      vertex 21.190476 22.446809 0.000000
    endloop
  endfacet
  facet normal 0.000000 0.000000 -1.000000
    outer loop
      vertex 20.873016 22.446809 0.000000
      vertex 20.873016 29.148936 0.000000
      vertex 21.190476 29.148936 0.000000
    endloop
  endfacet
  facet normal 0.000000 0.000000 1.000000
    outer loop
      vertex 20.873016 22.446809 0.400000
      vertex 21.190476 22.446809 0.400000
      vertex 21.190476 29.148936 0.400000
    endloop
  endfacet
  facet normal 0.000000 0.000000 1.000000
    outer loop
      vertex 20.873016 22.446809 0.400000
      vertex 21.190476 29.148936 0.400000
      vertex 20.873016 29.148936 0.400000
    endloop
  endfacet
  facet normal 0.000000 -1.000000 0.000000
    outer loop
      vertex 20.873016 22.446809 0.000000
      vertex 21.190476 22.446809 0.000000
      vertex 21.190476 22.446809 0.400000
    endloop
  endfacet
  facet normal 0.000000 -1.000000 0.000000
    outer loop
      vertex 20.873016 22.446809 0.000000
      vertex 21.190476 22.446809 0.400000
      vertex 20.873016 22.446809 0.400000
    endloop
  endfacet
  facet normal 0.000000 1.000000 0.000000
    outer loop
      vertex 20.873016 29.148936 0.000000
      vertex 21.190476 29.148936 0.400000
      vertex 21.190476 29.148936 0.000000
    endloop
  endfacet
  facet normal 0.000000 1.000000 0.000000
    outer loop
      vertex 20.873016 29.148936 0.000000
      vertex 20.873016 29.148936 0.400000
      vertex 21.190476 29.148936 0.400000
    endloop
  endfacet
  facet normal -1.000000 0.000000 0.000000
    outer loop
      vertex 20.873016 22.446809 0.000000
      vertex 20.873016 22.446809 0.400000
      vertex 20.873016 29.148936 0.400000
    endloop
  endfacet
  facet normal -1.000000 0.000000 0.000000
    outer loop
      vertex 20.873016 22.446809 0.000000
      vertex 20.873016 29.148936 0.400000
      vertex 20.873016 29.148936 0.000000
    endloop
  endfacet
  facet normal 1.000000 0.000000 0.000000
    outer loop
      vertex 21.190476 22.446809 0.000000
      vertex 21.190476 29.148936 0.000000
      vertex 21.190476 29.148936 0.400000
    endloop
  endfacet
  facet normal 1.000000 0.000000 0.000000
    outer loop
      vertex 21.190476 22.446809 0.000000
      vertex 21.190476 29.148936 0.400000
      vertex 21.190476 22.446809 0.400000
    endloop
  endfacet
  facet normal 0.000000 0.000000 -1.000000
    outer loop
      vertex 29.444444 22.446809 0.000000
      vertex 29.761905 29.148936 0.000000
      vertex 29.761905 22.446809 0.000000
    endloop
  endfacet
  facet normal 0.000000 0.000000 -1.000000
    outer loop
      vertex 29.444444 22.446809 0.000000
      vertex 29.444444 29.148936 0.000000
      vertex 29.761905 29.148936 0.000000
    endloop
  endfacet
  facet normal 0.000000 0.000000 1.000000
    outer loop
      vertex 29.444444 22.446809 0.400000
      vertex 29.761905 22.446809 0.400000
      vertex 29.761905 29.148936 0.400000
    endloop
  endfacet
  facet normal 0.000000 0.000000 1.000000
    outer loop
      vertex 29.444444 22.446809 0.400000
      vertex 29.761905 29.148936 0.400000
      vertex 29.444444 29.148936 0.400000
    endloop
  endfacet
  facet normal 0.000000 -1.000000 0.000000
    outer loop
      vertex 29.444444 22.446809 0.000000
      vertex 29.761905 22.446809 0.000000
      vertex 29.761905 22.446809 0.400000
    endloop
  endfacet
  facet normal 0.000000 -1.000000 0.000000
    outer loop
      vertex 29.444444 22.446809 0.000000
      vertex 29.761905 22.446809 0.400000
      vertex 29.444444 22.446809 0.400000
    endloop
  endfacet
  facet normal 0.000000 1.000000 0.000000
    outer loop
      vertex 29.444444 29.148936 0.000000
      vertex 29.761905 29.148936 0.400000
      vertex 29.761905 29.148936 0.000000
    endloop
  endfacet
  facet normal 0.000000 1.000000 0.000000
    outer loop
      vertex 29.444444 29.148936 0.000000
      vertex 29.444444 29.148936 0.400000
      vertex 29.761905 29.148936 0.400000
    endloop
  endfacet
  facet normal -1.000000 0.000000 0.000000
    outer loop
      vertex 29.444444 22.446809 0.000000
      vertex 29.444444 22.446809 0.400000
      vertex 29.444444 29.148936 0.400000
    endloop
  endfacet
  facet normal -1.000000 0.000000 0.000000
    outer loop
      vertex 29.444444 22.446809 0.000000
      vertex 29.444444 29.148936 0.400000
      vertex 29.444444 29.148936 0.000000
    endloop
  endfacet
  facet normal 1.000000 0.000000 0.000000
    outer loop
      vertex 29.761905 22.446809 0.000000
      vertex 29.761905 29.148936 0.000000
      vertex 29.761905 29.148936 0.400000
    endloop
  endfacet
  facet normal 1.000000 0.000000 0.000000
    outer loop
      vertex 29.761905 22.446809 0.000000
      vertex 29.761905 29.148936 0.400000
      vertex 29.761905 22.446809 0.400000
    endloop
  endfacet
  facet normal 0.000000 0.000000 -1.000000
    outer loop
      vertex 21.190476 22.446809 0.000000
      vertex 21.507937 28.829787 0.000000
      vertex 21.507937 22.446809 0.000000
    endloop
  endfacet
  facet normal 0.000000 0.000000 -1.000000
    outer loop
      vertex 21.190476 22.446809 0.000000
      vertex 21.190476 28.829787 0.000000
      vertex 21.507937 28.829787 0.000000
    endloop
  endfacet
  facet normal 0.000000 0.000000 1.000000
    outer loop
      vertex 21.190476 22.446809 0.400000
      vertex 21.507937 22.446809 0.400000
      vertex 21.507937 28.829787 0.400000
    endloop
  endfacet
  facet normal 0.000000 0.000000 1.000000
    outer loop
      vertex 21.190476 22.446809 0.400000
      vertex 21.507937 28.829787 0.400000
      vertex 21.190476 28.829787 0.400000
    endloop
  endfacet
  facet normal 0.000000 -1.000000 0.000000
    outer loop
      vertex 21.190476 22.446809 0.000000
      vertex 21.507937 22.446809 0.000000
      vertex 21.507937 22.446809 0.400000
    endloop
  endfacet
  facet normal 0.000000 -1.000000 0.000000
    outer loop
      vertex 21.190476 22.446809 0.000000
      vertex 21.507937 22.446809 0.400000
      vertex 21.190476 22.446809 0.400000
    endloop
  endfacet
  facet normal 0.000000 1.000000 0.000000
    outer loop
      vertex 21.190476 28.829787 0.000000
      vertex 21.507937 28.829787 0.400000
      vertex 21.507937 28.829787 0.000000
    endloop
  endfacet
  facet normal 0.000000 1.000000 0.000000
    outer loop
      vertex 21.190476 28.829787 0.000000
      vertex 21.190476 28.829787 0.400000
      vertex 21.507937 28.829787 0.400000
    endloop
  endfacet
  facet normal -1.000000 0.000000 0.000000
    outer loop
      vertex 21.190476 22.446809 0.000000
      vertex 21.190476 22.446809 0.400000
      vertex 21.190476 28.829787 0.400000
    endloop
  endfacet
  facet normal -1.000000 0.000000 0.000000
    outer loop
      vertex 21.190476 22.446809 0.000000
      vertex 21.190476 28.829787 0.400000
      vertex 21.190476 28.829787 0.000000
    endloop
  endfacet
  facet normal 1.000000 0.000000 0.000000
    outer loop
      vertex 21.507937 22.446809 0.000000
      vertex 21.507937 28.829787 0.000000
      vertex 21.507937 28.829787 0.400000
    endloop
  endfacet
  facet normal 1.000000 0.000000 0.000000
    outer loop
      vertex 21.507937 22.446809 0.000000
      vertex 21.507937 28.829787 0.400000
      vertex 21.507937 22.446809 0.400000
    endloop
  endfacet
  facet normal 0.000000 0.000000 -1.000000
    outer loop
      vertex 29.126984 22.446809 0.000000
      vertex 29.444444 28.829787 0.000000
      vertex 29.444444 22.446809 0.000000
    endloop
  endfacet
  facet normal 0.000000 0.000000 -1.000000
    outer loop
      vertex 29.126984 22.446809 0.000000
      vertex 29.126984 28.829787 0.000000
      vertex 29.444444 28.829787 0.000000
    endloop
  endfacet
  facet normal 0.000000 0.000000 1.000000
    outer loop
      vertex 29.126984 22.446809 0.400000
      vertex 29.444444 22.446809 0.400000
      vertex 29.444444 28.829787 0.400000
    endloop
  endfacet
  facet normal 0.000000 0.000000 1.000000
    outer loop
      vertex 29.126984 22.446809 0.400000
      vertex 29.444444 28.829787 0.400000
      vertex 29.126984 28.829787 0.400000
    endloop
  endfacet
  facet normal 0.000000 -1.000000 0.000000
    outer loop
      vertex 29.126984 22.446809 0.000000
      vertex 29.444444 22.446809 0.000000
      vertex 29.444444 22.446809 0.400000
    endloop
  endfacet
  facet normal 0.000000 -1.000000 0.000000
    outer loop
      vertex 29.126984 22.446809 0.000000
      vertex 29.444444 22.446809 0.400000
      vertex 29.126984 22.446809 0.400000
    endloop
  endfacet
  facet normal 0.000000 1.000000 0.000000
    outer loop
      vertex 29.126984 28.829787 0.000000
      vertex 29.444444 28.829787 0.400000
      vertex 29.444444 28.829787 0.000000
    endloop
  endfacet
  facet normal 0.000000 1.000000 0.000000
    outer loop
      vertex 29.126984 28.829787 0.000000
      vertex 29.126984 28.829787 0.400000
      vertex 29.444444 28.829787 0.400000
    endloop
  endfacet
  facet normal -1.000000 0.000000 0.000000
    outer loop
      vertex 29.126984 22.446809 0.000000
      vertex 29.126984 22.446809 0.400000
      vertex 29.126984 28.829787 0.400000
    endloop
  endfacet
  facet normal -1.000000 0.000000 0.000000
    outer loop
      vertex 29.126984 22.446809 0.000000
      vertex 29.126984 28.829787 0.400000
      vertex 29.126984 28.829787 0.000000
    endloop
  endfacet
  facet normal 1.000000 0.000000 0.000000
    outer loop
      vertex 29.444444 22.446809 0.000000
      vertex 29.444444 28.829787 0.000000
      vertex 29.444444 28.829787 0.400000
    endloop
  endfacet
  facet normal 1.000000 0.000000 0.000000
    outer loop
      vertex 29.444444 22.446809 0.000000
      vertex 29.444444 28.829787 0.400000
      vertex 29.444444 22.446809 0.400000
    endloop
  endfacet
  facet normal 0.000000 0.000000 -1.000000
    outer loop
      vertex 21.507937 22.446809 0.000000
      vertex 21.825397 28.510638 0.000000
      vertex 21.825397 22.446809 0.000000
    endloop
  endfacet
  facet normal 0.000000 0.000000 -1.000000
    outer loop
      vertex 21.507937 22.446809 0.000000
      vertex 21.507937 28.510638 0.000000
      vertex 21.825397 28.510638 0.000000
    endloop
  endfacet
  facet normal 0.000000 0.000000 1.000000
    outer loop
      vertex 21.507937 22.446809 0.400000
      vertex 21.825397 22.446809 0.400000
      vertex 21.825397 28.510638 0.400000
    endloop
  endfacet
  facet normal 0.000000 0.000000 1.000000
    outer loop
      vertex 21.507937 22.446809 0.400000
      vertex 21.825397 28.510638 0.400000
      vertex 21.507937 28.510638 0.400000
    endloop
  endfacet
  facet normal 0.000000 -1.000000 0.000000
    outer loop
      vertex 21.507937 22.446809 0.000000
      vertex 21.825397 22.446809 0.000000
      vertex 21.825397 22.446809 0.400000
    endloop
  endfacet
  facet normal 0.000000 -1.000000 0.000000
    outer loop
      vertex 21.507937 22.446809 0.000000
      vertex 21.825397 22.446809 0.400000
      vertex 21.507937 22.446809 0.400000
    endloop
  endfacet
  facet normal 0.000000 1.000000 0.000000
    outer loop
      vertex 21.507937 28.510638 0.000000
      vertex 21.825397 28.510638 0.400000
      vertex 21.825397 28.510638 0.000000
    endloop
  endfacet
  facet normal 0.000000 1.000000 0.000000
    outer loop
      vertex 21.507937 28.510638 0.000000
      vertex 21.507937 28.510638 0.400000
      vertex 21.825397 28.510638 0.400000
    endloop
  endfacet
  facet normal -1.000000 0.000000 0.000000
    outer loop
      vertex 21.507937 22.446809 0.000000
      vertex 21.507937 22.446809 0.400000
      vertex 21.507937 28.510638 0.400000
    endloop
  endfacet
  facet normal -1.000000 0.000000 0.000000
    outer loop
      vertex 21.507937 22.446809 0.000000
      vertex 21.507937 28.510638 0.400000
      vertex 21.507937 28.510638 0.000000
    endloop
  endfacet
  facet normal 1.000000 0.000000 0.000000
    outer loop
      vertex 21.825397 22.446809 0.000000
      vertex 21.825397 28.510638 0.000000
      vertex 21.825397 28.510638 0.400000
    endloop
  endfacet
  facet normal 1.000000 0.000000 0.000000
    outer loop
      vertex 21.825397 22.446809 0.000000
      vertex 21.825397 28.510638 0.400000
      vertex 21.825397 22.446809 0.400000
    endloop
  endfacet
  facet normal 0.000000 0.000000 -1.000000
    outer loop
      vertex 28.809524 22.446809 0.000000
      vertex 29.126984 28.510638 0.000000
      vertex 29.126984 22.446809 0.000000
    endloop
  endfacet
  facet normal 0.000000 0.000000 -1.000000
    outer loop
      vertex 28.809524 22.446809 0.000000
      vertex 28.809524 28.510638 0.000000
      vertex 29.126984 28.510638 0.000000
    endloop
  endfacet
  facet normal 0.000000 0.000000 1.000000
    outer loop
      vertex 28.809524 22.446809 0.400000
      vertex 29.126984 22.446809 0.400000
      vertex 29.126984 28.510638 0.400000
    endloop
  endfacet
  facet normal 0.000000 0.000000 1.000000
    outer loop
      vertex 28.809524 22.446809 0.400000
      vertex 29.126984 28.510638 0.400000
      vertex 28.809524 28.510638 0.400000
    endloop
  endfacet
  facet normal 0.000000 -1.000000 0.000000
    outer loop
      vertex 28.809524 22.446809 0.000000
      vertex 29.126984 22.446809 0.000000
      vertex 29.126984 22.446809 0.400000
    endloop
  endfacet
  facet normal 0.000000 -1.000000 0.000000
    outer loop
      vertex 28.809524 22.446809 0.000000
      vertex 29.126984 22.446809 0.400000
      vertex 28.809524 22.446809 0.400000
    endloop
  endfacet
  facet normal 0.000000 1.000000 0.000000
    outer loop
      vertex 28.809524 28.510638 0.000000
      vertex 29.126984 28.510638 0.400000
      vertex 29.126984 28.510638 0.000000
    endloop
  endfacet
  facet normal 0.000000 1.000000 0.000000
    outer loop
      vertex 28.809524 28.510638 0.000000
      vertex 28.809524 28.510638 0.400000
      vertex 29.126984 28.510638 0.400000
    endloop
  endfacet
  facet normal -1.000000 0.000000 0.000000
    outer loop
      vertex 28.809524 22.446809 0.000000
      vertex 28.809524 22.446809 0.400000
      vertex 28.809524 28.510638 0.400000
    endloop
  endfacet
  facet normal -1.000000 0.000000 0.000000
    outer loop
      vertex 28.809524 22.446809 0.000000
      vertex 28.809524 28.510638 0.400000
      vertex 28.809524 28.510638 0.000000
    endloop
  endfacet
  facet normal 1.000000 0.000000 0.000000
    outer loop
      vertex 29.126984 22.446809 0.000000
      vertex 29.126984 28.510638 0.000000
      vertex 29.126984 28.510638 0.400000
    endloop
  endfacet
  facet normal 1.000000 0.000000 0.000000
    outer loop
      vertex 29.126984 22.446809 0.000000
      vertex 29.126984 28.510638 0.400000
      vertex 29.126984 22.446809 0.400000
    endloop
  endfacet
  facet normal 0.000000 0.000000 -1.000000
    outer loop
      vertex 21.825397 22.127660 0.000000
      vertex 22.142857 28.191489 0.000000
      vertex 22.142857 22.127660 0.000000
    endloop
  endfacet
  facet normal 0.000000 0.000000 -1.000000
    outer loop
      vertex 21.825397 22.127660 0.000000
      vertex 21.825397 28.191489 0.000000
      vertex 22.142857 28.191489 0.000000
    endloop
  endfacet
  facet normal 0.000000 0.000000 1.000000
    outer loop
      vertex 21.825397 22.127660 0.400000
      vertex 22.142857 22.127660 0.400000
      vertex 22.142857 28.191489 0.400000
    endloop
  endfacet
  facet normal 0.000000 0.000000 1.000000
    outer loop
      vertex 21.825397 22.127660 0.400000
      vertex 22.142857 28.191489 0.400000
      vertex 21.825397 28.191489 0.400000
    endloop
  endfacet
  facet normal 0.000000 -1.000000 0.000000
    outer loop
      vertex 21.825397 22.127660 0.000000
      vertex 22.142857 22.127660 0.000000
      vertex 22.142857 22.127660 0.400000
    endloop
  endfacet
  facet normal 0.000000 -1.000000 0.000000
    outer loop
      vertex 21.825397 22.127660 0.000000
      vertex 22.142857 22.127660 0.400000
      vertex 21.825397 22.127660 0.400000
    endloop
  endfacet
  facet normal 0.000000 1.000000 0.000000
    outer loop
      vertex 21.825397 28.191489 0.000000
      vertex 22.142857 28.191489 0.400000
      vertex 22.142857 28.191489 0.000000
    endloop
  endfacet
  facet normal 0.000000 1.000000 0.000000
    outer loop
      vertex 21.825397 28.191489 0.000000
      vertex 21.825397 28.191489 0.400000
      vertex 22.142857 28.191489 0.400000
    endloop
  endfacet
  facet normal -1.000000 0.000000 0.000000
    outer loop
      vertex 21.825397 22.127660 0.000000
      vertex 21.825397 22.127660 0.400000
      vertex 21.825397 28.191489 0.400000
    endloop
  endfacet
  facet normal -1.000000 0.000000 0.000000
    outer loop
      vertex 21.825397 22.127660 0.000000
      vertex 21.825397 28.191489 0.400000
      vertex 21.825397 28.191489 0.000000
    endloop
  endfacet
  facet normal 1.000000 0.000000 0.000000
    outer loop
      vertex 22.142857 22.127660 0.000000
      vertex 22.142857 28.191489 0.000000
      vertex 22.142857 28.191489 0.400000
    endloop
  endfacet
  facet normal 1.000000 0.000000 0.000000
    outer loop
      vertex 22.142857 22.127660 0.000000
      vertex 22.142857 28.191489 0.400000
      vertex 22.142857 22.127660 0.400000
    endloop
  endfacet
  facet normal 0.000000 0.000000 -1.000000
    outer loop
      vertex 28.492063 22.127660 0.000000
      vertex 28.809524 28.191489 0.000000
      vertex 28.809524 22.127660 0.000000
    endloop
  endfacet
  facet normal 0.000000 0.000000 -1.000000
    outer loop
      vertex 28.492063 22.127660 0.000000
      vertex 28.492063 28.191489 0.000000
      vertex 28.809524 28.191489 0.000000
    endloop
  endfacet
  facet normal 0.000000 0.000000 1.000000
    outer loop
      vertex 28.492063 22.127660 0.400000
      vertex 28.809524 22.127660 0.400000
      vertex 28.809524 28.191489 0.400000
    endloop
  endfacet
  facet normal 0.000000 0.000000 1.000000
    outer loop
      vertex 28.492063 22.127660 0.400000
      vertex 28.809524 28.191489 0.400000
      vertex 28.492063 28.191489 0.400000
    endloop
  endfacet
  facet normal 0.000000 -1.000000 0.000000
    outer loop
      vertex 28.492063 22.127660 0.000000
      vertex 28.809524 22.127660 0.000000
      vertex 28.809524 22.127660 0.400000
    endloop
  endfacet
  facet normal 0.000000 -1.000000 0.000000
    outer loop
      vertex 28.492063 22.127660 0.000000
      vertex 28.809524 22.127660 0.400000
      vertex 28.492063 22.127660 0.400000
    endloop
  endfacet
  facet normal 0.000000 1.000000 0.000000
    outer loop
      vertex 28.492063 28.191489 0.000000
      vertex 28.809524 28.191489 0.400000
      vertex 28.809524 28.191489 0.000000
    endloop
  endfacet
  facet normal 0.000000 1.000000 0.000000
    outer loop
      vertex 28.492063 28.191489 0.000000
      vertex 28.492063 28.191489 0.400000
      vertex 28.809524 28.191489 0.400000
    endloop
  endfacet
  facet normal -1.000000 0.000000 0.000000
    outer loop
      vertex 28.492063 22.127660 0.000000
      vertex 28.492063 22.127660 0.400000
      vertex 28.492063 28.191489 0.400000
    endloop
  endfacet
  facet normal -1.000000 0.000000 0.000000
    outer loop
      vertex 28.492063 22.127660 0.000000
      vertex 28.492063 28.191489 0.400000
      vertex 28.492063 28.191489 0.000000
    endloop
  endfacet
  facet normal 1.000000 0.000000 0.000000
    outer loop
      vertex 28.809524 22.127660 0.000000
      vertex 28.809524 28.191489 0.000000
      vertex 28.809524 28.191489 0.400000
    endloop
  endfacet
  facet normal 1.000000 0.000000 0.000000
    outer loop
      vertex 28.809524 22.127660 0.000000
      vertex 28.809524 28.191489 0.400000
      vertex 28.809524 22.127660 0.400000
    endloop
  endfacet
  facet normal 0.000000 0.000000 -1.000000
    outer loop
      vertex 22.142857 22.127660 0.000000
      vertex 22.777778 27.872340 0.000000
      vertex 22.777778 22.127660 0.000000
    endloop
  endfacet
  facet normal 0.000000 0.000000 -1.000000
    outer loop
      vertex 22.142857 22.127660 0.000000
      vertex 22.142857 27.872340 0.000000
      vertex 22.777778 27.872340 0.000000
    endloop
  endfacet
  facet normal 0.000000 0.000000 1.000000
    outer loop
      vertex 22.142857 22.127660 0.400000
      vertex 22.777778 22.127660 0.400000
      vertex 22.777778 27.872340 0.400000
    endloop
  endfacet
  facet normal 0.000000 0.000000 1.000000
    outer loop
      vertex 22.142857 22.127660 0.400000
      vertex 22.777778 27.872340 0.400000
      vertex 22.142857 27.872340 0.400000
    endloop
  endfacet
  facet normal 0.000000 -1.000000 0.000000
    outer loop
      vertex 22.142857 22.127660 0.000000
      vertex 22.777778 22.127660 0.000000
      vertex 22.777778 22.127660 0.400000
    endloop
  endfacet
  facet normal 0.000000 -1.000000 0.000000
    outer loop
      vertex 22.142857 22.127660 0.000000
      vertex 22.777778 22.127660 0.400000
      vertex 22.142857 22.127660 0.400000
    endloop
  endfacet
  facet normal 0.000000 1.000000 0.000000
    outer loop
      vertex 22.142857 27.872340 0.000000
      vertex 22.777778 27.872340 0.400000
      vertex 22.777778 27.872340 0.000000
    endloop
  endfacet
  facet normal 0.000000 1.000000 0.000000
    outer loop
      vertex 22.142857 27.872340 0.000000
      vertex 22.142857 27.872340 0.400000
      vertex 22.777778 27.872340 0.400000
    endloop
  endfacet
  facet normal -1.000000 0.000000 0.000000
    outer loop
      vertex 22.142857 22.127660 0.000000
      vertex 22.142857 22.127660 0.400000
      vertex 22.142857 27.872340 0.400000
    endloop
  endfacet
  facet normal -1.000000 0.000000 0.000000
    outer loop
      vertex 22.142857 22.127660 0.000000
      vertex 22.142857 27.872340 0.400000
      vertex 22.142857 27.872340 0.000000
    endloop
  endfacet
  facet normal 1.000000 0.000000 0.000000
    outer loop
      vertex 22.777778 22.127660 0.000000
      vertex 22.777778 27.872340 0.000000
      vertex 22.777778 27.872340 0.400000
    endloop
  endfacet
  facet normal 1.000000 0.000000 0.000000
    outer loop
      vertex 22.777778 22.127660 0.000000
      vertex 22.777778 27.872340 0.400000
      vertex 22.777778 22.127660 0.400000
    endloop
  endfacet
  facet normal 0.000000 0.000000 -1.000000
    outer loop
      vertex 27.857143 22.127660 0.000000
      vertex 28.492063 27.872340 0.000000
      vertex 28.492063 22.127660 0.000000
    endloop
  endfacet
  facet normal 0.000000 0.000000 -1.000000
    outer loop
      vertex 27.857143 22.127660 0.000000
      vertex 27.857143 27.872340 0.000000
      vertex 28.492063 27.872340 0.000000
    endloop
  endfacet
  facet normal 0.000000 0.000000 1.000000
    outer loop
      vertex 27.857143 22.127660 0.400000
      vertex 28.492063 22.127660 0.400000
      vertex 28.492063 27.872340 0.400000
    endloop
  endfacet
  facet normal 0.000000 0.000000 1.000000
    outer loop
      vertex 27.857143 22.127660 0.400000
      vertex 28.492063 27.872340 0.400000
      vertex 27.857143 27.872340 0.400000
    endloop
  endfacet
  facet normal 0.000000 -1.000000 0.000000
    outer loop
      vertex 27.857143 22.127660 0.000000
      vertex 28.492063 22.127660 0.000000
      vertex 28.492063 22.127660 0.400000
    endloop
  endfacet
  facet normal 0.000000 -1.000000 0.000000
    outer loop
      vertex 27.857143 22.127660 0.000000
      vertex 28.492063 22.127660 0.400000
      vertex 27.857143 22.127660 0.400000
    endloop
  endfacet
  facet normal 0.000000 1.000000 0.000000
    outer loop
      vertex 27.857143 27.872340 0.000000
      vertex 28.492063 27.872340 0.400000
      vertex 28.492063 27.872340 0.000000
    endloop
  endfacet
  facet normal 0.000000 1.000000 0.000000
    outer loop
      vertex 27.857143 27.872340 0.000000
      vertex 27.857143 27.872340 0.400000
      vertex 28.492063 27.872340 0.400000
    endloop
  endfacet
  facet normal -1.000000 0.000000 0.000000
    outer loop
      vertex 27.857143 22.127660 0.000000
      vertex 27.857143 22.127660 0.400000
      vertex 27.857143 27.872340 0.400000
    endloop
  endfacet
  facet normal -1.000000 0.000000 0.000000
    outer loop
      vertex 27.857143 22.127660 0.000000
      vertex 27.857143 27.872340 0.400000
      vertex 27.857143 27.872340 0.000000
    endloop
  endfacet
  facet normal 1.000000 0.000000 0.000000
    outer loop
      vertex 28.492063 22.127660 0.000000
      vertex 28.492063 27.872340 0.000000
      vertex 28.492063 27.872340 0.400000
    endloop
  endfacet
  facet normal 1.000000 0.000000 0.000000
    outer loop
      vertex 28.492063 22.127660 0.000000
      vertex 28.492063 27.872340 0.400000
      vertex 28.492063 22.127660 0.400000
    endloop
  endfacet
  facet normal 0.000000 0.000000 -1.000000
    outer loop
      vertex 22.777778 21.808511 0.000000
      vertex 23.730159 27.553191 0.000000
      vertex 23.730159 21.808511 0.000000
    endloop
  endfacet
  facet normal 0.000000 0.000000 -1.000000
    outer loop
      vertex 22.777778 21.808511 0.000000
      vertex 22.777778 27.553191 0.000000
      vertex 23.730159 27.553191 0.000000
    endloop
  endfacet
  facet normal 0.000000 0.000000 1.000000
    outer loop
      vertex 22.777778 21.808511 0.400000
      vertex 23.730159 21.808511 0.400000
      vertex 23.730159 27.553191 0.400000
    endloop
  endfacet
  facet normal 0.000000 0.000000 1.000000
    outer loop
      vertex 22.777778 21.808511 0.400000
      vertex 23.730159 27.553191 0.400000
      vertex 22.777778 27.553191 0.400000
    endloop
  endfacet
  facet normal 0.000000 -1.000000 0.000000
    outer loop
      vertex 22.777778 21.808511 0.000000
      vertex 23.730159 21.808511 0.000000
      vertex 23.730159 21.808511 0.400000
    endloop
  endfacet
  facet normal 0.000000 -1.000000 0.000000
    outer loop
      vertex 22.777778 21.808511 0.000000
      vertex 23.730159 21.808511 0.400000
      vertex 22.777778 21.808511 0.400000
    endloop
  endfacet
  facet normal 0.000000 1.000000 0.000000
    outer loop
      vertex 22.777778 27.553191 0.000000
      vertex 23.730159 27.553191 0.400000
      vertex 23.730159 27.553191 0.000000
    endloop
  endfacet
  facet normal 0.000000 1.000000 0.000000
    outer loop
      vertex 22.777778 27.553191 0.000000
      vertex 22.777778 27.553191 0.400000
      vertex 23.730159 27.553191 0.400000
    endloop
  endfacet
  facet normal -1.000000 0.000000 0.000000
    outer loop
      vertex 22.777778 21.808511 0.000000
      vertex 22.777778 21.808511 0.400000
      vertex 22.777778 27.553191 0.400000
    endloop
  endfacet
  facet normal -1.000000 0.000000 0.000000
    outer loop
      vertex 22.777778 21.808511 0.000000
      vertex 22.777778 27.553191 0.400000
      vertex 22.777778 27.553191 0.000000
    endloop
  endfacet
  facet normal 1.000000 0.000000 0.000000
    outer loop
      vertex 23.730159 21.808511 0.000000
      vertex 23.730159 27.553191 0.000000
      vertex 23.730159 27.553191 0.400000
    endloop
  endfacet
  facet normal 1.000000 0.000000 0.000000
    outer loop
      vertex 23.730159 21.808511 0.000000
      vertex 23.730159 27.553191 0.400000
      vertex 23.730159 21.808511 0.400000
    endloop
  endfacet
  facet normal 0.000000 0.000000 -1.000000
    outer loop
      vertex 26.904762 21.808511 0.000000
      vertex 27.857143 27.553191 0.000000
      vertex 27.857143 21.808511 0.000000
    endloop
  endfacet
  facet normal 0.000000 0.000000 -1.000000
    outer loop
      vertex 26.904762 21.808511 0.000000
      vertex 26.904762 27.553191 0.000000
      vertex 27.857143 27.553191 0.000000
    endloop
  endfacet
  facet normal 0.000000 0.000000 1.000000
    outer loop
      vertex 26.904762 21.808511 0.400000
      vertex 27.857143 21.808511 0.400000
      vertex 27.857143 27.553191 0.400000
    endloop
  endfacet
  facet normal 0.000000 0.000000 1.000000
    outer loop
      vertex 26.904762 21.808511 0.400000
      vertex 27.857143 27.553191 0.400000
      vertex 26.904762 27.553191 0.400000
    endloop
  endfacet
  facet normal 0.000000 -1.000000 0.000000
    outer loop
      vertex 26.904762 21.808511 0.000000
      vertex 27.857143 21.808511 0.000000
      vertex 27.857143 21.808511 0.400000
    endloop
  endfacet
  facet normal 0.000000 -1.000000 0.000000
    outer loop
      vertex 26.904762 21.808511 0.000000
      vertex 27.857143 21.808511 0.400000
      vertex 26.904762 21.808511 0.400000
    endloop
  endfacet
  facet normal 0.000000 1.000000 0.000000
    outer loop
      vertex 26.904762 27.553191 0.000000
      vertex 27.857143 27.553191 0.400000
      vertex 27.857143 27.553191 0.000000
    endloop
  endfacet
  facet normal 0.000000 1.000000 0.000000
    outer loop
      vertex 26.904762 27.553191 0.000000
      vertex 26.904762 27.553191 0.400000
      vertex 27.857143 27.553191 0.400000
    endloop
  endfacet
  facet normal -1.000000 0.000000 0.000000
    outer loop
      vertex 26.904762 21.808511 0.000000
      vertex 26.904762 21.808511 0.400000
      vertex 26.904762 27.553191 0.400000
    endloop
  endfacet
  facet normal -1.000000 0.000000 0.000000
    outer loop
      vertex 26.904762 21.808511 0.000000
      vertex 26.904762 27.553191 0.400000
      vertex 26.904762 27.553191 0.000000
    endloop
  endfacet
  facet normal 1.000000 0.000000 0.000000
    outer loop
      vertex 27.857143 21.808511 0.000000
      vertex 27.857143 27.553191 0.000000
      vertex 27.857143 27.553191 0.400000
    endloop
  endfacet
  facet normal 1.000000 0.000000 0.000000
    outer loop
      vertex 27.857143 21.808511 0.000000
      vertex 27.857143 27.553191 0.400000
      vertex 27.857143 21.808511 0.400000
    endloop
  endfacet
  facet normal 0.000000 0.000000 -1.000000
    outer loop
      vertex 15.158730 21.489362 0.000000
      vertex 18.015873 27.234043 0.000000
      vertex 18.015873 21.489362 0.000000
    endloop
  endfacet
  facet normal 0.000000 0.000000 -1.000000
    outer loop
      vertex 15.158730 21.489362 0.000000
      vertex 15.158730 27.234043 0.000000
      vertex 18.015873 27.234043 0.000000
    endloop
  endfacet
  facet normal 0.000000 0.000000 1.000000
    outer loop
      vertex 15.158730 21.489362 0.400000
      vertex 18.015873 21.489362 0.400000
      vertex 18.015873 27.234043 0.400000
    endloop
  endfacet
  facet normal 0.000000 0.000000 1.000000
    outer loop
      vertex 15.158730 21.489362 0.400000
      vertex 18.015873 27.234043 0.400000
      vertex 15.158730 27.234043 0.400000
    endloop
  endfacet
  facet normal 0.000000 -1.000000 0.000000
    outer loop
      vertex 15.158730 21.489362 0.000000
      vertex 18.015873 21.489362 0.000000
      vertex 18.015873 21.489362 0.400000
    endloop
  endfacet
  facet normal 0.000000 -1.000000 0.000000
    outer loop
      vertex 15.158730 21.489362 0.000000
      vertex 18.015873 21.489362 0.400000
      vertex 15.158730 21.489362 0.400000
    endloop
  endfacet
  facet normal 0.000000 1.000000 0.000000
    outer loop
      vertex 15.158730 27.234043 0.000000
      vertex 18.015873 27.234043 0.400000
      vertex 18.015873 27.234043 0.000000
    endloop
  endfacet
  facet normal 0.000000 1.000000 0.000000
    outer loop
      vertex 15.158730 27.234043 0.000000
      vertex 15.158730 27.234043 0.400000
      vertex 18.015873 27.234043 0.400000
    endloop
  endfacet
  facet normal -1.000000 0.000000 0.000000
    outer loop
      vertex 15.158730 21.489362 0.000000
      vertex 15.158730 21.489362 0.400000
      vertex 15.158730 27.234043 0.400000
    endloop
  endfacet
  facet normal -1.000000 0.000000 0.000000
    outer loop
      vertex 15.158730 21.489362 0.000000
      vertex 15.158730 27.234043 0.400000
      vertex 15.158730 27.234043 0.000000
    endloop
  endfacet
  facet normal 1.000000 0.000000 0.000000
    outer loop
      vertex 18.015873 21.489362 0.000000
      vertex 18.015873 27.234043 0.000000
      vertex 18.015873 27.234043 0.400000
    endloop
  endfacet
  facet normal 1.000000 0.000000 0.000000
    outer loop
      vertex 18.015873 21.489362 0.000000
      vertex 18.015873 27.234043 0.400000
      vertex 18.015873 21.489362 0.400000
    endloop
  endfacet
  facet normal 0.000000 0.000000 -1.000000
    outer loop
      vertex 23.730159 20.531915 0.000000
      vertex 26.904762 27.234043 0.000000
      vertex 26.904762 20.531915 0.000000
    endloop
  endfacet
  facet normal 0.000000 0.000000 -1.000000
    outer loop
      vertex 23.730159 20.531915 0.000000
      vertex 23.730159 27.234043 0.000000
      vertex 26.904762 27.234043 0.000000
    endloop
  endfacet
  facet normal 0.000000 0.000000 1.000000
    outer loop
      vertex 23.730159 20.531915 0.400000
      vertex 26.904762 20.531915 0.400000
      vertex 26.904762 27.234043 0.400000
    endloop
  endfacet
  facet normal 0.000000 0.000000 1.000000
    outer loop
      vertex 23.730159 20.531915 0.400000
      vertex 26.904762 27.234043 0.400000
      vertex 23.730159 27.234043 0.400000
    endloop
  endfacet
  facet normal 0.000000 -1.000000 0.000000
    outer loop
      vertex 23.730159 20.531915 0.000000
      vertex 26.904762 20.531915 0.000000
      vertex 26.904762 20.531915 0.400000
    endloop
  endfacet
  facet normal 0.000000 -1.000000 0.000000
    outer loop
      vertex 23.730159 20.531915 0.000000
      vertex 26.904762 20.531915 0.400000
      vertex 23.730159 20.531915 0.400000
    endloop
  endfacet
  facet normal 0.000000 1.000000 0.000000
    outer loop
      vertex 23.730159 27.234043 0.000000
      vertex 26.904762 27.234043 0.400000
      vertex 26.904762 27.234043 0.000000
    endloop
  endfacet
  facet normal 0.000000 1.000000 0.000000
    outer loop
      vertex 23.730159 27.234043 0.000000
      vertex 23.730159 27.234043 0.400000
      vertex 26.904762 27.234043 0.400000
    endloop
  endfacet
  facet normal -1.000000 0.000000 0.000000
    outer loop
      vertex 23.730159 20.531915 0.000000
      vertex 23.730159 20.531915 0.400000
      vertex 23.730159 27.234043 0.400000
    endloop
  endfacet
  facet normal -1.000000 0.000000 0.000000
    outer loop
      vertex 23.730159 20.531915 0.000000
      vertex 23.730159 27.234043 0.400000
      vertex 23.730159 27.234043 0.000000
    endloop
  endfacet
  facet normal 1.000000 0.000000 0.000000
    outer loop
      vertex 26.904762 20.531915 0.000000
      vertex 26.904762 27.234043 0.000000
      vertex 26.904762 27.234043 0.400000
    endloop
  endfacet
  facet normal 1.000000 0.000000 0.000000
    outer loop
      vertex 26.904762 20.531915 0.000000
      vertex 26.904762 27.234043 0.400000
      vertex 26.904762 20.531915 0.400000
    endloop
  endfacet
  facet normal 0.000000 0.000000 -1.000000
    outer loop
      vertex 34.841270 14.148936 0.000000
      vertex 37.698413 27.234043 0.000000
      vertex 37.698413 14.148936 0.000000
    endloop
  endfacet
  facet normal 0.000000 0.000000 -1.000000
    outer loop
      vertex 34.841270 14.148936 0.000000
      vertex 34.841270 27.234043 0.000000
      vertex 37.698413 27.234043 0.000000
    endloop
  endfacet
  facet normal 0.000000 0.000000 1.000000
    outer loop
      vertex 34.841270 14.148936 0.400000
      vertex 37.698413 14.148936 0.400000
      vertex 37.698413 27.234043 0.400000
    endloop
  endfacet
  facet normal 0.000000 0.000000 1.000000
    outer loop
      vertex 34.841270 14.148936 0.400000
      vertex 37.698413 27.234043 0.400000
      vertex 34.841270 27.234043 0.400000
    endloop
  endfacet
  facet normal 0.000000 -1.000000 0.000000
    outer loop
      vertex 34.841270 14.148936 0.000000
      vertex 37.698413 14.148936 0.000000
      vertex 37.698413 14.148936 0.400000
    endloop
  endfacet
  facet normal 0.000000 -1.000000 0.000000
    outer loop
      vertex 34.841270 14.148936 0.000000
      vertex 37.698413 14.148936 0.400000
      vertex 34.841270 14.148936 0.400000
    endloop
  endfacet
  facet normal 0.000000 1.000000 0.000000
    outer loop
      vertex 34.841270 27.234043 0.000000
      vertex 37.698413 27.234043 0.400000
      vertex 37.698413 27.234043 0.000000
    endloop
  endfacet
  facet normal 0.000000 1.000000 0.000000
    outer loop
      vertex 34.841270 27.234043 0.000000
      vertex 34.841270 27.234043 0.400000
      vertex 37.698413 27.234043 0.400000
    endloop
  endfacet
  facet normal -1.000000 0.000000 0.000000
    outer loop
      vertex 34.841270 14.148936 0.000000
      vertex 34.841270 14.148936 0.400000
      vertex 34.841270 27.234043 0.400000
    endloop
  endfacet
  facet normal -1.000000 0.000000 0.000000
    outer loop
      vertex 34.841270 14.148936 0.000000
      vertex 34.841270 27.234043 0.400000
      vertex 34.841270 27.234043 0.000000
    endloop
  endfacet
  facet normal 1.000000 0.000000 0.000000
    outer loop
      vertex 37.698413 14.148936 0.000000
      vertex 37.698413 27.234043 0.000000
      vertex 37.698413 27.234043 0.400000
    endloop
  endfacet
  facet normal 1.000000 0.000000 0.000000
    outer loop
      vertex 37.698413 14.148936 0.000000
      vertex 37.698413 27.234043 0.400000
      vertex 37.698413 14.148936 0.400000
    endloop
  endfacet
  facet normal 0.000000 0.000000 -1.000000
    outer loop
      vertex 11.984127 19.255319 0.000000
      vertex 12.301587 22.765957 0.000000
      vertex 12.301587 19.255319 0.000000
    endloop
  endfacet
  facet normal 0.000000 0.000000 -1.000000
    outer loop
      vertex 11.984127 19.255319 0.000000
      vertex 11.984127 22.765957 0.000000
      vertex 12.301587 22.765957 0.000000
    endloop
  endfacet
  facet normal 0.000000 0.000000 1.000000
    outer loop
      vertex 11.984127 19.255319 0.400000
      vertex 12.301587 19.255319 0.400000
      vertex 12.301587 22.765957 0.400000
    endloop
  endfacet
  facet normal 0.000000 0.000000 1.000000
    outer loop
      vertex 11.984127 19.255319 0.400000
      vertex 12.301587 22.765957 0.400000
      vertex 11.984127 22.765957 0.400000
    endloop
  endfacet
  facet normal 0.000000 -1.000000 0.000000
    outer loop
      vertex 11.984127 19.255319 0.000000
      vertex 12.301587 19.255319 0.000000
      vertex 12.301587 19.255319 0.400000
    endloop
  endfacet
  facet normal 0.000000 -1.000000 0.000000
    outer loop
      vertex 11.984127 19.255319 0.000000
      vertex 12.301587 19.255319 0.400000
      vertex 11.984127 19.255319 0.400000
    endloop
  endfacet
  facet normal 0.000000 1.000000 0.000000
    outer loop
      vertex 11.984127 22.765957 0.000000
      vertex 12.301587 22.765957 0.400000
      vertex 12.301587 22.765957 0.000000
    endloop
  endfacet
  facet normal 0.000000 1.000000 0.000000
    outer loop
      vertex 11.984127 22.765957 0.000000
      vertex 11.984127 22.765957 0.400000
      vertex 12.301587 22.765957 0.400000
    endloop
  endfacet
  facet normal -1.000000 0.000000 0.000000
    outer loop
      vertex 11.984127 19.255319 0.000000
      vertex 11.984127 19.255319 0.400000
      vertex 11.984127 22.765957 0.400000
    endloop
  endfacet
  facet normal -1.000000 0.000000 0.000000
    outer loop
      vertex 11.984127 19.255319 0.000000
      vertex 11.984127 22.765957 0.400000
      vertex 11.984127 22.765957 0.000000
    endloop
  endfacet
  facet normal 1.000000 0.000000 0.000000
    outer loop
      vertex 12.301587 19.255319 0.000000
      vertex 12.301587 22.765957 0.000000
      vertex 12.301587 22.765957 0.400000
    endloop
  endfacet
  facet normal 1.000000 0.000000 0.000000
    outer loop
      vertex 12.301587 19.255319 0.000000
      vertex 12.301587 22.765957 0.400000
      vertex 12.301587 19.255319 0.400000
    endloop
  endfacet
  facet normal 0.000000 0.000000 -1.000000
    outer loop
      vertex 14.523810 10.000000 0.000000
      vertex 15.158730 22.765957 0.000000
      vertex 15.158730 10.000000 0.000000
    endloop
  endfacet
  facet normal 0.000000 0.000000 -1.000000
    outer loop
      vertex 14.523810 10.000000 0.000000
      vertex 14.523810 22.765957 0.000000
      vertex 15.158730 22.765957 0.000000
    endloop
  endfacet
  facet normal 0.000000 0.000000 1.000000
    outer loop
      vertex 14.523810 10.000000 0.400000
      vertex 15.158730 10.000000 0.400000
      vertex 15.158730 22.765957 0.400000
    endloop
  endfacet
  facet normal 0.000000 0.000000 1.000000
    outer loop
      vertex 14.523810 10.000000 0.400000
      vertex 15.158730 22.765957 0.400000
      vertex 14.523810 22.765957 0.400000
    endloop
  endfacet
  facet normal 0.000000 -1.000000 0.000000
    outer loop
      vertex 14.523810 10.000000 0.000000
      vertex 15.158730 10.000000 0.000000
      vertex 15.158730 10.000000 0.400000
    endloop
  endfacet
  facet normal 0.000000 -1.000000 0.000000
    outer loop
      vertex 14.523810 10.000000 0.000000
      vertex 15.158730 10.000000 0.400000
      vertex 14.523810 10.000000 0.400000
    endloop
  endfacet
  facet normal 0.000000 1.000000 0.000000
    outer loop
      vertex 14.523810 22.765957 0.000000
      vertex 15.158730 22.765957 0.400000
      vertex 15.158730 22.765957 0.000000
    endloop
  endfacet
  facet normal 0.000000 1.000000 0.000000
    outer loop
      vertex 14.523810 22.765957 0.000000
      vertex 14.523810 22.765957 0.400000
      vertex 15.158730 22.765957 0.400000
    endloop
  endfacet
  facet normal -1.000000 0.000000 0.000000
    outer loop
      vertex 14.523810 10.000000 0.000000
      vertex 14.523810 10.000000 0.400000
      vertex 14.523810 22.765957 0.400000
    endloop
  endfacet
  facet normal -1.000000 0.000000 0.000000
    outer loop
      vertex 14.523810 10.000000 0.000000
      vertex 14.523810 22.765957 0.400000
      vertex 14.523810 22.765957 0.000000
    endloop
  endfacet
  facet normal 1.000000 0.000000 0.000000
    outer loop
      vertex 15.158730 10.000000 0.000000
      vertex 15.158730 22.765957 0.000000
      vertex 15.158730 22.765957 0.400000
    endloop
  endfacet
  facet normal 1.000000 0.000000 0.000000
    outer loop
      vertex 15.158730 10.000000 0.000000
      vertex 15.158730 22.765957 0.400000
      vertex 15.158730 10.000000 0.400000
    endloop
  endfacet
  facet normal 0.000000 0.000000 -1.000000
    outer loop
      vertex 18.015873 22.127660 0.000000
      vertex 19.285714 22.446809 0.000000
      vertex 19.285714 22.127660 0.000000
    endloop
  endfacet
  facet normal 0.000000 0.000000 -1.000000
    outer loop
      vertex 18.015873 22.127660 0.000000
      vertex 18.015873 22.446809 0.000000
      vertex 19.285714 22.446809 0.000000
    endloop
  endfacet
  facet normal 0.000000 0.000000 1.000000
    outer loop
      vertex 18.015873 22.127660 0.400000
      vertex 19.285714 22.127660 0.400000
      vertex 19.285714 22.446809 0.400000
    endloop
  endfacet
  facet normal 0.000000 0.000000 1.000000
    outer loop
      vertex 18.015873 22.127660 0.400000
      vertex 19.285714 22.446809 0.400000
      vertex 18.015873 22.446809 0.400000
    endloop
  endfacet
  facet normal 0.000000 -1.000000 0.000000
    outer loop
      vertex 18.015873 22.127660 0.000000
      vertex 19.285714 22.127660 0.000000
      vertex 19.285714 22.127660 0.400000
    endloop
  endfacet
  facet normal 0.000000 -1.000000 0.000000
    outer loop
      vertex 18.015873 22.127660 0.000000
      vertex 19.285714 22.127660 0.400000
      vertex 18.015873 22.127660 0.400000
    endloop
  endfacet
  facet normal 0.000000 1.000000 0.000000
    outer loop
      vertex 18.015873 22.446809 0.000000
      vertex 19.285714 22.446809 0.400000
      vertex 19.285714 22.446809 0.000000
    endloop
  endfacet
  facet normal 0.000000 1.000000 0.000000
    outer loop
      vertex 18.015873 22.446809 0.000000
      vertex 18.015873 22.446809 0.400000
      vertex 19.285714 22.446809 0.400000
    endloop
  endfacet
  facet normal -1.000000 0.000000 0.000000
    outer loop
      vertex 18.015873 22.127660 0.000000
      vertex 18.015873 22.127660 0.400000
      vertex 18.015873 22.446809 0.400000
    endloop
  endfacet
  facet normal -1.000000 0.000000 0.000000
    outer loop
      vertex 18.015873 22.127660 0.000000
      vertex 18.015873 22.446809 0.400000
      vertex 18.015873 22.446809 0.000000
    endloop
  endfacet
  facet normal 1.000000 0.000000 0.000000
    outer loop
      vertex 19.285714 22.127660 0.000000
      vertex 19.285714 22.446809 0.000000
      vertex 19.285714 22.446809 0.400000
    endloop
  endfacet
  facet normal 1.000000 0.000000 0.000000
    outer loop
      vertex 19.285714 22.127660 0.000000
      vertex 19.285714 22.446809 0.400000
      vertex 19.285714 22.127660 0.400000
    endloop
  endfacet
  facet normal 0.000000 0.000000 -1.000000
    outer loop
      vertex 31.349206 22.127660 0.000000
      vertex 34.841270 22.446809 0.000000
      vertex 34.841270 22.127660 0.000000
    endloop
  endfacet
  facet normal 0.000000 0.000000 -1.000000
    outer loop
      vertex 31.349206 22.127660 0.000000
      vertex 31.349206 22.446809 0.000000
      vertex 34.841270 22.446809 0.000000
    endloop
  endfacet
  facet normal 0.000000 0.000000 1.000000
    outer loop
      vertex 31.349206 22.127660 0.400000
      vertex 34.841270 22.127660 0.400000
      vertex 34.841270 22.446809 0.400000
    endloop
  endfacet
  facet normal 0.000000 0.000000 1.000000
    outer loop
      vertex 31.349206 22.127660 0.400000
      vertex 34.841270 22.446809 0.400000
      vertex 31.349206 22.446809 0.400000
    endloop
  endfacet
  facet normal 0.000000 -1.000000 0.000000
    outer loop
      vertex 31.349206 22.127660 0.000000
      vertex 34.841270 22.127660 0.000000
      vertex 34.841270 22.127660 0.400000
    endloop
  endfacet
  facet normal 0.000000 -1.000000 0.000000
    outer loop
      vertex 31.349206 22.127660 0.000000
      vertex 34.841270 22.127660 0.400000
      vertex 31.349206 22.127660 0.400000
    endloop
  endfacet
  facet normal 0.000000 1.000000 0.000000
    outer loop
      vertex 31.349206 22.446809 0.000000
      vertex 34.841270 22.446809 0.400000
      vertex 34.841270 22.446809 0.000000
    endloop
  endfacet
  facet normal 0.000000 1.000000 0.000000
    outer loop
      vertex 31.349206 22.446809 0.000000
      vertex 31.349206 22.446809 0.400000
      vertex 34.841270 22.446809 0.400000
    endloop
  endfacet
  facet normal -1.000000 0.000000 0.000000
    outer loop
      vertex 31.349206 22.127660 0.000000
      vertex 31.349206 22.127660 0.400000
      vertex 31.349206 22.446809 0.400000
    endloop
  endfacet
  facet normal -1.000000 0.000000 0.000000
    outer loop
      vertex 31.349206 22.127660 0.000000
      vertex 31.349206 22.446809 0.400000
      vertex 31.349206 22.446809 0.000000
    endloop
  endfacet
  facet normal 1.000000 0.000000 0.000000
    outer loop
      vertex 34.841270 22.127660 0.000000
      vertex 34.841270 22.446809 0.000000
      vertex 34.841270 22.446809 0.400000
    endloop
  endfacet
  facet normal 1.000000 0.000000 0.000000
    outer loop
      vertex 34.841270 22.127660 0.000000
      vertex 34.841270 22.446809 0.400000
      vertex 34.841270 22.127660 0.400000
    endloop
  endfacet
  facet normal 0.000000 0.000000 -1.000000
    outer loop
      vertex 18.015873 21.808511 0.000000
      vertex 18.650794 22.127660 0.000000
      vertex 18.650794 21.808511 0.000000
    endloop
  endfacet
  facet normal 0.000000 0.000000 -1.000000
    outer loop
      vertex 18.015873 21.808511 0.000000
      vertex 18.015873 22.127660 0.000000
      vertex 18.650794 22.127660 0.000000
    endloop
  endfacet
  facet normal 0.000000 0.000000 1.000000
    outer loop
      vertex 18.015873 21.808511 0.400000
      vertex 18.650794 21.808511 0.400000
      vertex 18.650794 22.127660 0.400000
    endloop
  endfacet
  facet normal 0.000000 0.000000 1.000000
    outer loop
      vertex 18.015873 21.808511 0.400000
      vertex 18.650794 22.127660 0.400000
      vertex 18.015873 22.127660 0.400000
    endloop
  endfacet
  facet normal 0.000000 -1.000000 0.000000
    outer loop
      vertex 18.015873 21.808511 0.000000
      vertex 18.650794 21.808511 0.000000
      vertex 18.650794 21.808511 0.400000
    endloop
  endfacet
  facet normal 0.000000 -1.000000 0.000000
    outer loop
      vertex 18.015873 21.808511 0.000000
      vertex 18.650794 21.808511 0.400000
      vertex 18.015873 21.808511 0.400000
    endloop
  endfacet
  facet normal 0.000000 1.000000 0.000000
    outer loop
      vertex 18.015873 22.127660 0.000000
      vertex 18.650794 22.127660 0.400000
      vertex 18.650794 22.127660 0.000000
    endloop
  endfacet
  facet normal 0.000000 1.000000 0.000000
    outer loop
      vertex 18.015873 22.127660 0.000000
      vertex 18.015873 22.127660 0.400000
      vertex 18.650794 22.127660 0.400000
    endloop
  endfacet
  facet normal -1.000000 0.000000 0.000000
    outer loop
      vertex 18.015873 21.808511 0.000000
      vertex 18.015873 21.808511 0.400000
      vertex 18.015873 22.127660 0.400000
    endloop
  endfacet
  facet normal -1.000000 0.000000 0.000000
    outer loop
      vertex 18.015873 21.808511 0.000000
      vertex 18.015873 22.127660 0.400000
      vertex 18.015873 22.127660 0.000000
    endloop
  endfacet
  facet normal 1.000000 0.000000 0.000000
    outer loop
      vertex 18.650794 21.808511 0.000000
      vertex 18.650794 22.127660 0.000000
      vertex 18.650794 22.127660 0.400000
    endloop
  endfacet
  facet normal 1.000000 0.000000 0.000000
    outer loop
      vertex 18.650794 21.808511 0.000000
      vertex 18.650794 22.127660 0.400000
      vertex 18.650794 21.808511 0.400000
    endloop
  endfacet
  facet normal 0.000000 0.000000 -1.000000
    outer loop
      vertex 22.460317 21.808511 0.000000
      vertex 22.777778 22.127660 0.000000
      vertex 22.777778 21.808511 0.000000
    endloop
  endfacet
  facet normal 0.000000 0.000000 -1.000000
    outer loop
      vertex 22.460317 21.808511 0.000000
      vertex 22.460317 22.127660 0.000000
      vertex 22.777778 22.127660 0.000000
    endloop
  endfacet
  facet normal 0.000000 0.000000 1.000000
    outer loop
      vertex 22.460317 21.808511 0.400000
      vertex 22.777778 21.808511 0.400000
      vertex 22.777778 22.127660 0.400000
    endloop
  endfacet
  facet normal 0.000000 0.000000 1.000000
    outer loop
      vertex 22.460317 21.808511 0.400000
      vertex 22.777778 22.127660 0.400000
      vertex 22.460317 22.127660 0.400000
    endloop
  endfacet
  facet normal 0.000000 -1.000000 0.000000
    outer loop
      vertex 22.460317 21.808511 0.000000
      vertex 22.777778 21.808511 0.000000
      vertex 22.777778 21.808511 0.400000
    endloop
  endfacet
  facet normal 0.000000 -1.000000 0.000000
    outer loop
      vertex 22.460317 21.808511 0.000000
      vertex 22.777778 21.808511 0.400000
      vertex 22.460317 21.808511 0.400000
    endloop
  endfacet
  facet normal 0.000000 1.000000 0.000000
    outer loop
      vertex 22.460317 22.127660 0.000000
      vertex 22.777778 22.127660 0.400000
      vertex 22.777778 22.127660 0.000000
    endloop
  endfacet
  facet normal 0.000000 1.000000 0.000000
    outer loop
      vertex 22.460317 22.127660 0.000000
      vertex 22.460317 22.127660 0.400000
      vertex 22.777778 22.127660 0.400000
    endloop
  endfacet
  facet normal -1.000000 0.000000 0.000000
    outer loop
      vertex 22.460317 21.808511 0.000000
      vertex 22.460317 21.808511 0.400000
      vertex 22.460317 22.127660 0.400000
    endloop
  endfacet
  facet normal -1.000000 0.000000 0.000000
    outer loop
      vertex 22.460317 21.808511 0.000000
      vertex 22.460317 22.127660 0.400000
      vertex 22.460317 22.127660 0.000000
    endloop
  endfacet
  facet normal 1.000000 0.000000 0.000000
    outer loop
      vertex 22.777778 21.808511 0.000000
      vertex 22.777778 22.127660 0.000000
      vertex 22.777778 22.127660 0.400000
    endloop
  endfacet
  facet normal 1.000000 0.000000 0.000000
    outer loop
      vertex 22.777778 21.808511 0.000000
      vertex 22.777778 22.127660 0.400000
      vertex 22.777778 21.808511 0.400000
    endloop
  endfacet
  facet normal 0.000000 0.000000 -1.000000
    outer loop
      vertex 27.857143 21.808511 0.000000
      vertex 28.174603 22.127660 0.000000
      vertex 28.174603 21.808511 0.000000
    endloop
  endfacet
  facet normal 0.000000 0.000000 -1.000000
    outer loop
      vertex 27.857143 21.808511 0.000000
      vertex 27.857143 22.127660 0.000000
      vertex 28.174603 22.127660 0.000000
    endloop
  endfacet
  facet normal 0.000000 0.000000 1.000000
    outer loop
      vertex 27.857143 21.808511 0.400000
      vertex 28.174603 21.808511 0.400000
      vertex 28.174603 22.127660 0.400000
    endloop
  endfacet
  facet normal 0.000000 0.000000 1.000000
    outer loop
      vertex 27.857143 21.808511 0.400000
      vertex 28.174603 22.127660 0.400000
      vertex 27.857143 22.127660 0.400000
    endloop
  endfacet
  facet normal 0.000000 -1.000000 0.000000
    outer loop
      vertex 27.857143 21.808511 0.000000
      vertex 28.174603 21.808511 0.000000
      vertex 28.174603 21.808511 0.400000
    endloop
  endfacet
  facet normal 0.000000 -1.000000 0.000000
    outer loop
      vertex 27.857143 21.808511 0.000000
      vertex 28.174603 21.808511 0.400000
      vertex 27.857143 21.808511 0.400000
    endloop
  endfacet
  facet normal 0.000000 1.000000 0.000000
    outer loop
      vertex 27.857143 22.127660 0.000000
      vertex 28.174603 22.127660 0.400000
      vertex 28.174603 22.127660 0.000000
    endloop
  endfacet
  facet normal 0.000000 1.000000 0.000000
    outer loop
      vertex 27.857143 22.127660 0.000000
      vertex 27.857143 22.127660 0.400000
      vertex 28.174603 22.127660 0.400000
    endloop
  endfacet
  facet normal -1.000000 0.000000 0.000000
    outer loop
      vertex 27.857143 21.808511 0.000000
      vertex 27.857143 21.808511 0.400000
      vertex 27.857143 22.127660 0.400000
    endloop
  endfacet
  facet normal -1.000000 0.000000 0.000000
    outer loop
      vertex 27.857143 21.808511 0.000000
      vertex 27.857143 22.127660 0.400000
      vertex 27.857143 22.127660 0.000000
    endloop
  endfacet
  facet normal 1.000000 0.000000 0.000000
    outer loop
      vertex 28.174603 21.808511 0.000000
      vertex 28.174603 22.127660 0.000000
      vertex 28.174603 22.127660 0.400000
    endloop
  endfacet
  facet normal 1.000000 0.000000 0.000000
    outer loop
      vertex 28.174603 21.808511 0.000000
      vertex 28.174603 22.127660 0.400000
      vertex 28.174603 21.808511 0.400000
    endloop
  endfacet
  facet normal 0.000000 0.000000 -1.000000
    outer loop
      vertex 31.984127 21.808511 0.000000
      vertex 34.841270 22.127660 0.000000
      vertex 34.841270 21.808511 0.000000
    endloop
  endfacet
  facet normal 0.000000 0.000000 -1.000000
    outer loop
      vertex 31.984127 21.808511 0.000000
      vertex 31.984127 22.127660 0.000000
      vertex 34.841270 22.127660 0.000000
    endloop
  endfacet
  facet normal 0.000000 0.000000 1.000000
    outer loop
      vertex 31.984127 21.808511 0.400000
      vertex 34.841270 21.808511 0.400000
      vertex 34.841270 22.127660 0.400000
    endloop
  endfacet
  facet normal 0.000000 0.000000 1.000000
    outer loop
      vertex 31.984127 21.808511 0.400000
      vertex 34.841270 22.127660 0.400000
      vertex 31.984127 22.127660 0.400000
    endloop
  endfacet
  facet normal 0.000000 -1.000000 0.000000
    outer loop
      vertex 31.984127 21.808511 0.000000
      vertex 34.841270 21.808511 0.000000
      vertex 34.841270 21.808511 0.400000
    endloop
  endfacet
  facet normal 0.000000 -1.000000 0.000000
    outer loop
      vertex 31.984127 21.808511 0.000000
      vertex 34.841270 21.808511 0.400000
      vertex 31.984127 21.808511 0.400000
    endloop
  endfacet
  facet normal 0.000000 1.000000 0.000000
    outer loop
      vertex 31.984127 22.127660 0.000000
      vertex 34.841270 22.127660 0.400000
      vertex 34.841270 22.127660 0.000000
    endloop
  endfacet
  facet normal 0.000000 1.000000 0.000000
    outer loop
      vertex 31.984127 22.127660 0.000000
      vertex 31.984127 22.127660 0.400000
      vertex 34.841270 22.127660 0.400000
    endloop
  endfacet
  facet normal -1.000000 0.000000 0.000000
    outer loop
      vertex 31.984127 21.808511 0.000000
      vertex 31.984127 21.808511 0.400000
      vertex 31.984127 22.127660 0.400000
    endloop
  endfacet
  facet normal -1.000000 0.000000 0.000000
    outer loop
      vertex 31.984127 21.808511 0.000000
      vertex 31.984127 22.127660 0.400000
      vertex 31.984127 22.127660 0.000000
    endloop
  endfacet
  facet normal 1.000000 0.000000 0.000000
    outer loop
      vertex 34.841270 21.808511 0.000000
      vertex 34.841270 22.127660 0.000000
      vertex 34.841270 22.127660 0.400000
    endloop
  endfacet
  facet normal 1.000000 0.000000 0.000000
    outer loop
      vertex 34.841270 21.808511 0.000000
      vertex 34.841270 22.127660 0.400000
      vertex 34.841270 21.808511 0.400000
    endloop
  endfacet
  facet normal 0.000000 0.000000 -1.000000
    outer loop
      vertex 37.698413 14.148936 0.000000
      vertex 38.015873 22.127660 0.000000
      vertex 38.015873 14.148936 0.000000
    endloop
  endfacet
  facet normal 0.000000 0.000000 -1.000000
    outer loop
      vertex 37.698413 14.148936 0.000000
      vertex 37.698413 22.127660 0.000000
      vertex 38.015873 22.127660 0.000000
    endloop
  endfacet
  facet normal 0.000000 0.000000 1.000000
    outer loop
      vertex 37.698413 14.148936 0.400000
      vertex 38.015873 14.148936 0.400000
      vertex 38.015873 22.127660 0.400000
    endloop
  endfacet
  facet normal 0.000000 0.000000 1.000000
    outer loop
      vertex 37.698413 14.148936 0.400000
      vertex 38.015873 22.127660 0.400000
      vertex 37.698413 22.127660 0.400000
    endloop
  endfacet
  facet normal 0.000000 -1.000000 0.000000
    outer loop
      vertex 37.698413 14.148936 0.000000
      vertex 38.015873 14.148936 0.000000
      vertex 38.015873 14.148936 0.400000
    endloop
  endfacet
  facet normal 0.000000 -1.000000 0.000000
    outer loop
      vertex 37.698413 14.148936 0.000000
      vertex 38.015873 14.148936 0.400000
      vertex 37.698413 14.148936 0.400000
    endloop
  endfacet
  facet normal 0.000000 1.000000 0.000000
    outer loop
      vertex 37.698413 22.127660 0.000000
      vertex 38.015873 22.127660 0.400000
      vertex 38.015873 22.127660 0.000000
    endloop
  endfacet
  facet normal 0.000000 1.000000 0.000000
    outer loop
      vertex 37.698413 22.127660 0.000000
      vertex 37.698413 22.127660 0.400000
      vertex 38.015873 22.127660 0.400000
    endloop
  endfacet
  facet normal -1.000000 0.000000 0.000000
    outer loop
      vertex 37.698413 14.148936 0.000000
      vertex 37.698413 14.148936 0.400000
      vertex 37.698413 22.127660 0.400000
    endloop
  endfacet
  facet normal -1.000000 0.000000 0.000000
    outer loop
      vertex 37.698413 14.148936 0.000000
      vertex 37.698413 22.127660 0.400000
      vertex 37.698413 22.127660 0.000000
    endloop
  endfacet
  facet normal 1.000000 0.000000 0.000000
    outer loop
      vertex 38.015873 14.148936 0.000000
      vertex 38.015873 22.127660 0.000000
      vertex 38.015873 22.127660 0.400000
    endloop
  endfacet
  facet normal 1.000000 0.000000 0.000000
    outer loop
      vertex 38.015873 14.148936 0.000000
      vertex 38.015873 22.127660 0.400000
      vertex 38.015873 14.148936 0.400000
    endloop
  endfacet
  facet normal 0.000000 0.000000 -1.000000
    outer loop
      vertex 23.095238 21.489362 0.000000
      vertex 23.730159 21.808511 0.000000
      vertex 23.730159 21.489362 0.000000
    endloop
  endfacet
  facet normal 0.000000 0.000000 -1.000000
    outer loop
      vertex 23.095238 21.489362 0.000000
      vertex 23.095238 21.808511 0.000000
      vertex 23.730159 21.808511 0.000000
    endloop
  endfacet
  facet normal 0.000000 0.000000 1.000000
    outer loop
      vertex 23.095238 21.489362 0.400000
      vertex 23.730159 21.489362 0.400000
      vertex 23.730159 21.808511 0.400000
    endloop
  endfacet
  facet normal 0.000000 0.000000 1.000000
    outer loop
      vertex 23.095238 21.489362 0.400000
      vertex 23.730159 21.808511 0.400000
      vertex 23.095238 21.808511 0.400000
    endloop
  endfacet
  facet normal 0.000000 -1.000000 0.000000
    outer loop
      vertex 23.095238 21.489362 0.000000
      vertex 23.730159 21.489362 0.000000
      vertex 23.730159 21.489362 0.400000
    endloop
  endfacet
  facet normal 0.000000 -1.000000 0.000000
    outer loop
      vertex 23.095238 21.489362 0.000000
      vertex 23.730159 21.489362 0.400000
      vertex 23.095238 21.489362 0.400000
    endloop
  endfacet
  facet normal 0.000000 1.000000 0.000000
    outer loop
      vertex 23.095238 21.808511 0.000000
      vertex 23.730159 21.808511 0.400000
      vertex 23.730159 21.808511 0.000000
    endloop
  endfacet
  facet normal 0.000000 1.000000 0.000000
    outer loop
      vertex 23.095238 21.808511 0.000000
      vertex 23.095238 21.808511 0.400000
      vertex 23.730159 21.808511 0.400000
    endloop
  endfacet
  facet normal -1.000000 0.000000 0.000000
    outer loop
      vertex 23.095238 21.489362 0.000000
      vertex 23.095238 21.489362 0.400000
      vertex 23.095238 21.808511 0.400000
    endloop
  endfacet
  facet normal -1.000000 0.000000 0.000000
    outer loop
      vertex 23.095238 21.489362 0.000000
      vertex 23.095238 21.808511 0.400000
      vertex 23.095238 21.808511 0.000000
    endloop
  endfacet
  facet normal 1.000000 0.000000 0.000000
    outer loop
      vertex 23.730159 21.489362 0.000000
      vertex 23.730159 21.808511 0.000000
      vertex 23.730159 21.808511 0.400000
    endloop
  endfacet
  facet normal 1.000000 0.000000 0.000000
    outer loop
      vertex 23.730159 21.489362 0.000000
      vertex 23.730159 21.808511 0.400000
      vertex 23.730159 21.489362 0.400000
    endloop
  endfacet
  facet normal 0.000000 0.000000 -1.000000
    outer loop
      vertex 26.904762 21.489362 0.000000
      vertex 27.539683 21.808511 0.000000
      vertex 27.539683 21.489362 0.000000
    endloop
  endfacet
  facet normal 0.000000 0.000000 -1.000000
    outer loop
      vertex 26.904762 21.489362 0.000000
      vertex 26.904762 21.808511 0.000000
      vertex 27.539683 21.808511 0.000000
    endloop
  endfacet
  facet normal 0.000000 0.000000 1.000000
    outer loop
      vertex 26.904762 21.489362 0.400000
      vertex 27.539683 21.489362 0.400000
      vertex 27.539683 21.808511 0.400000
    endloop
  endfacet
  facet normal 0.000000 0.000000 1.000000
    outer loop
      vertex 26.904762 21.489362 0.400000
      vertex 27.539683 21.808511 0.400000
      vertex 26.904762 21.808511 0.400000
    endloop
  endfacet
  facet normal 0.000000 -1.000000 0.000000
    outer loop
      vertex 26.904762 21.489362 0.000000
      vertex 27.539683 21.489362 0.000000
      vertex 27.539683 21.489362 0.400000
    endloop
  endfacet
  facet normal 0.000000 -1.000000 0.000000
    outer loop
      vertex 26.904762 21.489362 0.000000
      vertex 27.539683 21.489362 0.400000
      vertex 26.904762 21.489362 0.400000
    endloop
  endfacet
  facet normal 0.000000 1.000000 0.000000
    outer loop
      vertex 26.904762 21.808511 0.000000
      vertex 27.539683 21.808511 0.400000
      vertex 27.539683 21.808511 0.000000
    endloop
  endfacet
  facet normal 0.000000 1.000000 0.000000
    outer loop
      vertex 26.904762 21.808511 0.000000
      vertex 26.904762 21.808511 0.400000
      vertex 27.539683 21.808511 0.400000
    endloop
  endfacet
  facet normal -1.000000 0.000000 0.000000
    outer loop
      vertex 26.904762 21.489362 0.000000
      vertex 26.904762 21.489362 0.400000
      vertex 26.904762 21.808511 0.400000
    endloop
  endfacet
  facet normal -1.000000 0.000000 0.000000
    outer loop
      vertex 26.904762 21.489362 0.000000
      vertex 26.904762 21.808511 0.400000
      vertex 26.904762 21.808511 0.000000
    endloop
  endfacet
  facet normal 1.000000 0.000000 0.000000
    outer loop
      vertex 27.539683 21.489362 0.000000
      vertex 27.539683 21.808511 0.000000
      vertex 27.539683 21.808511 0.400000
    endloop
  endfacet
  facet normal 1.000000 0.000000 0.000000
    outer loop
      vertex 27.539683 21.489362 0.000000
      vertex 27.539683 21.808511 0.400000
      vertex 27.539683 21.489362 0.400000
    endloop
  endfacet
  facet normal 0.000000 0.000000 -1.000000
    outer loop
      vertex 32.619048 21.489362 0.000000
      vertex 34.841270 21.808511 0.000000
      vertex 34.841270 21.489362 0.000000
    endloop
  endfacet
  facet normal 0.000000 0.000000 -1.000000
    outer loop
      vertex 32.619048 21.489362 0.000000
      vertex 32.619048 21.808511 0.000000
      vertex 34.841270 21.808511 0.000000
    endloop
  endfacet
  facet normal 0.000000 0.000000 1.000000
    outer loop
      vertex 32.619048 21.489362 0.400000
      vertex 34.841270 21.489362 0.400000
      vertex 34.841270 21.808511 0.400000
    endloop
  endfacet
  facet normal 0.000000 0.000000 1.000000
    outer loop
      vertex 32.619048 21.489362 0.400000
      vertex 34.841270 21.808511 0.400000
      vertex 32.619048 21.808511 0.400000
    endloop
  endfacet
  facet normal 0.000000 -1.000000 0.000000
    outer loop
      vertex 32.619048 21.489362 0.000000
      vertex 34.841270 21.489362 0.000000
      vertex 34.841270 21.489362 0.400000
    endloop
  endfacet
  facet normal 0.000000 -1.000000 0.000000
    outer loop
      vertex 32.619048 21.489362 0.000000
      vertex 34.841270 21.489362 0.400000
      vertex 32.619048 21.489362 0.400000
    endloop
  endfacet
  facet normal 0.000000 1.000000 0.000000
    outer loop
      vertex 32.619048 21.808511 0.000000
      vertex 34.841270 21.808511 0.400000
      vertex 34.841270 21.808511 0.000000
    endloop
  endfacet
  facet normal 0.000000 1.000000 0.000000
    outer loop
      vertex 32.619048 21.808511 0.000000
      vertex 32.619048 21.808511 0.400000
      vertex 34.841270 21.808511 0.400000
    endloop
  endfacet
  facet normal -1.000000 0.000000 0.000000
    outer loop
      vertex 32.619048 21.489362 0.000000
      vertex 32.619048 21.489362 0.400000
      vertex 32.619048 21.808511 0.400000
    endloop
  endfacet
  facet normal -1.000000 0.000000 0.000000
    outer loop
      vertex 32.619048 21.489362 0.000000
      vertex 32.619048 21.808511 0.400000
      vertex 32.619048 21.808511 0.000000
    endloop
  endfacet
  facet normal 1.000000 0.000000 0.000000
    outer loop
      vertex 34.841270 21.489362 0.000000
      vertex 34.841270 21.808511 0.000000
      vertex 34.841270 21.808511 0.400000
    endloop
  endfacet
  facet normal 1.000000 0.000000 0.000000
    outer loop
      vertex 34.841270 21.489362 0.000000
      vertex 34.841270 21.808511 0.400000
      vertex 34.841270 21.489362 0.400000
    endloop
  endfacet
  facet normal 0.000000 0.000000 -1.000000
    outer loop
      vertex 42.142857 21.489362 0.000000
      vertex 45.000000 21.808511 0.000000
      vertex 45.000000 21.489362 0.000000
    endloop
  endfacet
  facet normal 0.000000 0.000000 -1.000000
    outer loop
      vertex 42.142857 21.489362 0.000000
      vertex 42.142857 21.808511 0.000000
      vertex 45.000000 21.808511 0.000000
    endloop
  endfacet
  facet normal 0.000000 0.000000 1.000000
    outer loop
      vertex 42.142857 21.489362 0.400000
      vertex 45.000000 21.489362 0.400000
      vertex 45.000000 21.808511 0.400000
    endloop
  endfacet
  facet normal 0.000000 0.000000 1.000000
    outer loop
      vertex 42.142857 21.489362 0.400000
      vertex 45.000000 21.808511 0.400000
      vertex 42.142857 21.808511 0.400000
    endloop
  endfacet
  facet normal 0.000000 -1.000000 0.000000
    outer loop
      vertex 42.142857 21.489362 0.000000
      vertex 45.000000 21.489362 0.000000
      vertex 45.000000 21.489362 0.400000
    endloop
  endfacet
  facet normal 0.000000 -1.000000 0.000000
    outer loop
      vertex 42.142857 21.489362 0.000000
      vertex 45.000000 21.489362 0.400000
      vertex 42.142857 21.489362 0.400000
    endloop
  endfacet
  facet normal 0.000000 1.000000 0.000000
    outer loop
      vertex 42.142857 21.808511 0.000000
      vertex 45.000000 21.808511 0.400000
      vertex 45.000000 21.808511 0.000000
    endloop
  endfacet
  facet normal 0.000000 1.000000 0.000000
    outer loop
      vertex 42.142857 21.808511 0.000000
      vertex 42.142857 21.808511 0.400000
      vertex 45.000000 21.808511 0.400000
    endloop
  endfacet
  facet normal -1.000000 0.000000 0.000000
    outer loop
      vertex 42.142857 21.489362 0.000000
      vertex 42.142857 21.489362 0.400000
      vertex 42.142857 21.808511 0.400000
    endloop
  endfacet
  facet normal -1.000000 0.000000 0.000000
    outer loop
      vertex 42.142857 21.489362 0.000000
      vertex 42.142857 21.808511 0.400000
      vertex 42.142857 21.808511 0.000000
    endloop
  endfacet
  facet normal 1.000000 0.000000 0.000000
    outer loop
      vertex 45.000000 21.489362 0.000000
      vertex 45.000000 21.808511 0.000000
      vertex 45.000000 21.808511 0.400000
    endloop
  endfacet
  facet normal 1.000000 0.000000 0.000000
    outer loop
      vertex 45.000000 21.489362 0.000000
      vertex 45.000000 21.808511 0.400000
      vertex 45.000000 21.489362 0.400000
    endloop
  endfacet
  facet normal 0.000000 0.000000 -1.000000
    outer loop
      vertex 15.158730 21.170213 0.000000
      vertex 17.698413 21.489362 0.000000
      vertex 17.698413 21.170213 0.000000
    endloop
  endfacet
  facet normal 0.000000 0.000000 -1.000000
    outer loop
      vertex 15.158730 21.170213 0.000000
      vertex 15.158730 21.489362 0.000000
      vertex 17.698413 21.489362 0.000000
    endloop
  endfacet
  facet normal 0.000000 0.000000 1.000000
    outer loop
      vertex 15.158730 21.170213 0.400000
      vertex 17.698413 21.170213 0.400000
      vertex 17.698413 21.489362 0.400000
    endloop
  endfacet
  facet normal 0.000000 0.000000 1.000000
    outer loop
      vertex 15.158730 21.170213 0.400000
      vertex 17.698413 21.489362 0.400000
      vertex 15.158730 21.489362 0.400000
    endloop
  endfacet
  facet normal 0.000000 -1.000000 0.000000
    outer loop
      vertex 15.158730 21.170213 0.000000
      vertex 17.698413 21.170213 0.000000
      vertex 17.698413 21.170213 0.400000
    endloop
  endfacet
  facet normal 0.000000 -1.000000 0.000000
    outer loop
      vertex 15.158730 21.170213 0.000000
      vertex 17.698413 21.170213 0.400000
      vertex 15.158730 21.170213 0.400000
    endloop
  endfacet
  facet normal 0.000000 1.000000 0.000000
    outer loop
      vertex 15.158730 21.489362 0.000000
      vertex 17.698413 21.489362 0.400000
      vertex 17.698413 21.489362 0.000000
    endloop
  endfacet
  facet normal 0.000000 1.000000 0.000000
    outer loop
      vertex 15.158730 21.489362 0.000000
      vertex 15.158730 21.489362 0.400000
      vertex 17.698413 21.489362 0.400000
    endloop
  endfacet
  facet normal -1.000000 0.000000 0.000000
    outer loop
      vertex 15.158730 21.170213 0.000000
      vertex 15.158730 21.170213 0.400000
      vertex 15.158730 21.489362 0.400000
    endloop
  endfacet
  facet normal -1.000000 0.000000 0.000000
    outer loop
      vertex 15.158730 21.170213 0.000000
      vertex 15.158730 21.489362 0.400000
      vertex 15.158730 21.489362 0.000000
    endloop
  endfacet
  facet normal 1.000000 0.000000 0.000000
    outer loop
      vertex 17.698413 21.170213 0.000000
      vertex 17.698413 21.489362 0.000000
      vertex 17.698413 21.489362 0.400000
    endloop
  endfacet
  facet normal 1.000000 0.000000 0.000000
    outer loop
      vertex 17.698413 21.170213 0.000000
      vertex 17.698413 21.489362 0.400000
      vertex 17.698413 21.170213 0.400000
    endloop
  endfacet
  facet normal 0.000000 0.000000 -1.000000
    outer loop
      vertex 23.412698 21.170213 0.000000
      vertex 23.730159 21.489362 0.000000
      vertex 23.730159 21.170213 0.000000
    endloop
  endfacet
  facet normal 0.000000 0.000000 -1.000000
    outer loop
      vertex 23.412698 21.170213 0.000000
      vertex 23.412698 21.489362 0.000000
      vertex 23.730159 21.489362 0.000000
    endloop
  endfacet
  facet normal 0.000000 0.000000 1.000000
    outer loop
      vertex 23.412698 21.170213 0.400000
      vertex 23.730159 21.170213 0.400000
      vertex 23.730159 21.489362 0.400000
    endloop
  endfacet
  facet normal 0.000000 0.000000 1.000000
    outer loop
      vertex 23.412698 21.170213 0.400000
      vertex 23.730159 21.489362 0.400000
      vertex 23.412698 21.489362 0.400000
    endloop
  endfacet
  facet normal 0.000000 -1.000000 0.000000
    outer loop
      vertex 23.412698 21.170213 0.000000
      vertex 23.730159 21.170213 0.000000
      vertex 23.730159 21.170213 0.400000
    endloop
  endfacet
  facet normal 0.000000 -1.000000 0.000000
    outer loop
      vertex 23.412698 21.170213 0.000000
      vertex 23.730159 21.170213 0.400000
      vertex 23.412698 21.170213 0.400000
    endloop
  endfacet
  facet normal 0.000000 1.000000 0.000000
    outer loop
      vertex 23.412698 21.489362 0.000000
      vertex 23.730159 21.489362 0.400000
      vertex 23.730159 21.489362 0.000000
    endloop
  endfacet
  facet normal 0.000000 1.000000 0.000000
    outer loop
      vertex 23.412698 21.489362 0.000000
      vertex 23.412698 21.489362 0.400000
      vertex 23.730159 21.489362 0.400000
    endloop
  endfacet
  facet normal -1.000000 0.000000 0.000000
    outer loop
      vertex 23.412698 21.170213 0.000000
      vertex 23.412698 21.170213 0.400000
      vertex 23.412698 21.489362 0.400000
    endloop
  endfacet
  facet normal -1.000000 0.000000 0.000000
    outer loop
      vertex 23.412698 21.170213 0.000000
      vertex 23.412698 21.489362 0.400000
      vertex 23.412698 21.489362 0.000000
    endloop
  endfacet
  facet normal 1.000000 0.000000 0.000000
    outer loop
      vertex 23.730159 21.170213 0.000000
      vertex 23.730159 21.489362 0.000000
      vertex 23.730159 21.489362 0.400000
    endloop
  endfacet
  facet normal 1.000000 0.000000 0.000000
    outer loop
      vertex 23.730159 21.170213 0.000000
      vertex 23.730159 21.489362 0.400000
      vertex 23.730159 21.170213 0.400000
    endloop
  endfacet
  facet normal 0.000000 0.000000 -1.000000
    outer loop
      vertex 26.904762 21.170213 0.000000
      vertex 27.222222 21.489362 0.000000
      vertex 27.222222 21.170213 0.000000
    endloop
  endfacet
  facet normal 0.000000 0.000000 -1.000000
    outer loop
      vertex 26.904762 21.170213 0.000000
      vertex 26.904762 21.489362 0.000000
      vertex 27.222222 21.489362 0.000000
    endloop
  endfacet
  facet normal 0.000000 0.000000 1.000000
    outer loop
      vertex 26.904762 21.170213 0.400000
      vertex 27.222222 21.170213 0.400000
      vertex 27.222222 21.489362 0.400000
    endloop
  endfacet
  facet normal 0.000000 0.000000 1.000000
    outer loop
      vertex 26.904762 21.170213 0.400000
      vertex 27.222222 21.489362 0.400000
      vertex 26.904762 21.489362 0.400000
    endloop
  endfacet
  facet normal 0.000000 -1.000000 0.000000
    outer loop
      vertex 26.904762 21.170213 0.000000
      vertex 27.222222 21.170213 0.000000
      vertex 27.222222 21.170213 0.400000
    endloop
  endfacet
  facet normal 0.000000 -1.000000 0.000000
    outer loop
      vertex 26.904762 21.170213 0.000000
      vertex 27.222222 21.170213 0.400000
      vertex 26.904762 21.170213 0.400000
    endloop
  endfacet
  facet normal 0.000000 1.000000 0.000000
    outer loop
      vertex 26.904762 21.489362 0.000000
      vertex 27.222222 21.489362 0.400000
      vertex 27.222222 21.489362 0.000000
    endloop
  endfacet
  facet normal 0.000000 1.000000 0.000000
    outer loop
      vertex 26.904762 21.489362 0.000000
      vertex 26.904762 21.489362 0.400000
      vertex 27.222222 21.489362 0.400000
    endloop
  endfacet
  facet normal -1.000000 0.000000 0.000000
    outer loop
      vertex 26.904762 21.170213 0.000000
      vertex 26.904762 21.170213 0.400000
      vertex 26.904762 21.489362 0.400000
    endloop
  endfacet
  facet normal -1.000000 0.000000 0.000000
    outer loop
      vertex 26.904762 21.170213 0.000000
      vertex 26.904762 21.489362 0.400000
      vertex 26.904762 21.489362 0.000000
    endloop
  endfacet
  facet normal 1.000000 0.000000 0.000000
    outer loop
      vertex 27.222222 21.170213 0.000000
      vertex 27.222222 21.489362 0.000000
      vertex 27.222222 21.489362 0.400000
    endloop
  endfacet
  facet normal 1.000000 0.000000 0.000000
    outer loop
      vertex 27.222222 21.170213 0.000000
      vertex 27.222222 21.489362 0.400000
      vertex 27.222222 21.170213 0.400000
    endloop
  endfacet
  facet normal 0.000000 0.000000 -1.000000
    outer loop
      vertex 32.936508 21.170213 0.000000
      vertex 34.841270 21.489362 0.000000
      vertex 34.841270 21.170213 0.000000
    endloop
  endfacet
  facet normal 0.000000 0.000000 -1.000000
    outer loop
      vertex 32.936508 21.170213 0.000000
      vertex 32.936508 21.489362 0.000000
      vertex 34.841270 21.489362 0.000000
    endloop
  endfacet
  facet normal 0.000000 0.000000 1.000000
    outer loop
      vertex 32.936508 21.170213 0.400000
      vertex 34.841270 21.170213 0.400000
      vertex 34.841270 21.489362 0.400000
    endloop
  endfacet
  facet normal 0.000000 0.000000 1.000000
    outer loop
      vertex 32.936508 21.170213 0.400000
      vertex 34.841270 21.489362 0.400000
      vertex 32.936508 21.489362 0.400000
    endloop
  endfacet
  facet normal 0.000000 -1.000000 0.000000
    outer loop
      vertex 32.936508 21.170213 0.000000
      vertex 34.841270 21.170213 0.000000
      vertex 34.841270 21.170213 0.400000
    endloop
  endfacet
  facet normal 0.000000 -1.000000 0.000000
    outer loop
      vertex 32.936508 21.170213 0.000000
      vertex 34.841270 21.170213 0.400000
      vertex 32.936508 21.170213 0.400000
    endloop
  endfacet
  facet normal 0.000000 1.000000 0.000000
    outer loop
      vertex 32.936508 21.489362 0.000000
      vertex 34.841270 21.489362 0.400000
      vertex 34.841270 21.489362 0.000000
    endloop
  endfacet
  facet normal 0.000000 1.000000 0.000000
    outer loop
      vertex 32.936508 21.489362 0.000000
      vertex 32.936508 21.489362 0.400000
      vertex 34.841270 21.489362 0.400000
    endloop
  endfacet
  facet normal -1.000000 0.000000 0.000000
    outer loop
      vertex 32.936508 21.170213 0.000000
      vertex 32.936508 21.170213 0.400000
      vertex 32.936508 21.489362 0.400000
    endloop
  endfacet
  facet normal -1.000000 0.000000 0.000000
    outer loop
      vertex 32.936508 21.170213 0.000000
      vertex 32.936508 21.489362 0.400000
      vertex 32.936508 21.489362 0.000000
    endloop
  endfacet
  facet normal 1.000000 0.000000 0.000000
    outer loop
      vertex 34.841270 21.170213 0.000000
      vertex 34.841270 21.489362 0.000000
      vertex 34.841270 21.489362 0.400000
    endloop
  endfacet
  facet normal 1.000000 0.000000 0.000000
    outer loop
      vertex 34.841270 21.170213 0.000000
      vertex 34.841270 21.489362 0.400000
      vertex 34.841270 21.170213 0.400000
    endloop
  endfacet
  facet normal 0.000000 0.000000 -1.000000
    outer loop
      vertex 42.777778 10.000000 0.000000
      vertex 45.000000 21.489362 0.000000
      vertex 45.000000 10.000000 0.000000
    endloop
  endfacet
  facet normal 0.000000 0.000000 -1.000000
    outer loop
      vertex 42.777778 10.000000 0.000000
      vertex 42.777778 21.489362 0.000000
      vertex 45.000000 21.489362 0.000000
    endloop
  endfacet
  facet normal 0.000000 0.000000 1.000000
    outer loop
      vertex 42.777778 10.000000 0.400000
      vertex 45.000000 10.000000 0.400000
      vertex 45.000000 21.489362 0.400000
    endloop
  endfacet
  facet normal 0.000000 0.000000 1.000000
    outer loop
      vertex 42.777778 10.000000 0.400000
      vertex 45.000000 21.489362 0.400000
      vertex 42.777778 21.489362 0.400000
    endloop
  endfacet
  facet normal 0.000000 -1.000000 0.000000
    outer loop
      vertex 42.777778 10.000000 0.000000
      vertex 45.000000 10.000000 0.000000
      vertex 45.000000 10.000000 0.400000
    endloop
  endfacet
  facet normal 0.000000 -1.000000 0.000000
    outer loop
      vertex 42.777778 10.000000 0.000000
      vertex 45.000000 10.000000 0.400000
      vertex 42.777778 10.000000 0.400000
    endloop
  endfacet
  facet normal 0.000000 1.000000 0.000000
    outer loop
      vertex 42.777778 21.489362 0.000000
      vertex 45.000000 21.489362 0.400000
      vertex 45.000000 21.489362 0.000000
    endloop
  endfacet
  facet normal 0.000000 1.000000 0.000000
    outer loop
      vertex 42.777778 21.489362 0.000000
      vertex 42.777778 21.489362 0.400000
      vertex 45.000000 21.489362 0.400000
    endloop
  endfacet
  facet normal -1.000000 0.000000 0.000000
    outer loop
      vertex 42.777778 10.000000 0.000000
      vertex 42.777778 10.000000 0.400000
      vertex 42.777778 21.489362 0.400000
    endloop
  endfacet
  facet normal -1.000000 0.000000 0.000000
    outer loop
      vertex 42.777778 10.000000 0.000000
      vertex 42.777778 21.489362 0.400000
      vertex 42.777778 21.489362 0.000000
    endloop
  endfacet
  facet normal 1.000000 0.000000 0.000000
    outer loop
      vertex 45.000000 10.000000 0.000000
      vertex 45.000000 21.489362 0.000000
      vertex 45.000000 21.489362 0.400000
    endloop
  endfacet
  facet normal 1.000000 0.000000 0.000000
    outer loop
      vertex 45.000000 10.000000 0.000000
      vertex 45.000000 21.489362 0.400000
      vertex 45.000000 10.000000 0.400000
    endloop
  endfacet
  facet normal 0.000000 0.000000 -1.000000
    outer loop
      vertex 15.158730 20.531915 0.000000
      vertex 17.380952 21.170213 0.000000
      vertex 17.380952 20.531915 0.000000
    endloop
  endfacet
  facet normal 0.000000 0.000000 -1.000000
    outer loop
      vertex 15.158730 20.531915 0.000000
      vertex 15.158730 21.170213 0.000000
      vertex 17.380952 21.170213 0.000000
    endloop
  endfacet
  facet normal 0.000000 0.000000 1.000000
    outer loop
      vertex 15.158730 20.531915 0.400000
      vertex 17.380952 20.531915 0.400000
      vertex 17.380952 21.170213 0.400000
    endloop
  endfacet
  facet normal 0.000000 0.000000 1.000000
    outer loop
      vertex 15.158730 20.531915 0.400000
      vertex 17.380952 21.170213 0.400000
      vertex 15.158730 21.170213 0.400000
    endloop
  endfacet
  facet normal 0.000000 -1.000000 0.000000
    outer loop
      vertex 15.158730 20.531915 0.000000
      vertex 17.380952 20.531915 0.000000
      vertex 17.380952 20.531915 0.400000
    endloop
  endfacet
  facet normal 0.000000 -1.000000 0.000000
    outer loop
      vertex 15.158730 20.531915 0.000000
      vertex 17.380952 20.531915 0.400000
      vertex 15.158730 20.531915 0.400000
    endloop
  endfacet
  facet normal 0.000000 1.000000 0.000000
    outer loop
      vertex 15.158730 21.170213 0.000000
      vertex 17.380952 21.170213 0.400000
      vertex 17.380952 21.170213 0.000000
    endloop
  endfacet
  facet normal 0.000000 1.000000 0.000000
    outer loop
      vertex 15.158730 21.170213 0.000000
      vertex 15.158730 21.170213 0.400000
      vertex 17.380952 21.170213 0.400000
    endloop
  endfacet
  facet normal -1.000000 0.000000 0.000000
    outer loop
      vertex 15.158730 20.531915 0.000000
      vertex 15.158730 20.531915 0.400000
      vertex 15.158730 21.170213 0.400000
    endloop
  endfacet
  facet normal -1.000000 0.000000 0.000000
    outer loop
      vertex 15.158730 20.531915 0.000000
      vertex 15.158730 21.170213 0.400000
      vertex 15.158730 21.170213 0.000000
    endloop
  endfacet
  facet normal 1.000000 0.000000 0.000000
    outer loop
      vertex 17.380952 20.531915 0.000000
      vertex 17.380952 21.170213 0.000000
      vertex 17.380952 21.170213 0.400000
    endloop
  endfacet
  facet normal 1.000000 0.000000 0.000000
    outer loop
      vertex 17.380952 20.531915 0.000000
      vertex 17.380952 21.170213 0.400000
      vertex 17.380952 20.531915 0.400000
    endloop
  endfacet
  facet normal 0.000000 0.000000 -1.000000
    outer loop
      vertex 33.253968 20.531915 0.000000
      vertex 34.841270 21.170213 0.000000
      vertex 34.841270 20.531915 0.000000
    endloop
  endfacet
  facet normal 0.000000 0.000000 -1.000000
    outer loop
      vertex 33.253968 20.531915 0.000000
      vertex 33.253968 21.170213 0.000000
      vertex 34.841270 21.170213 0.000000
    endloop
  endfacet
  facet normal 0.000000 0.000000 1.000000
    outer loop
      vertex 33.253968 20.531915 0.400000
      vertex 34.841270 20.531915 0.400000
      vertex 34.841270 21.170213 0.400000
    endloop
  endfacet
  facet normal 0.000000 0.000000 1.000000
    outer loop
      vertex 33.253968 20.531915 0.400000
      vertex 34.841270 21.170213 0.400000
      vertex 33.253968 21.170213 0.400000
    endloop
  endfacet
  facet normal 0.000000 -1.000000 0.000000
    outer loop
      vertex 33.253968 20.531915 0.000000
      vertex 34.841270 20.531915 0.000000
      vertex 34.841270 20.531915 0.400000
    endloop
  endfacet
  facet normal 0.000000 -1.000000 0.000000
    outer loop
      vertex 33.253968 20.531915 0.000000
      vertex 34.841270 20.531915 0.400000
      vertex 33.253968 20.531915 0.400000
    endloop
  endfacet
  facet normal 0.000000 1.000000 0.000000
    outer loop
      vertex 33.253968 21.170213 0.000000
      vertex 34.841270 21.170213 0.400000
      vertex 34.841270 21.170213 0.000000
    endloop
  endfacet
  facet normal 0.000000 1.000000 0.000000
    outer loop
      vertex 33.253968 21.170213 0.000000
      vertex 33.253968 21.170213 0.400000
      vertex 34.841270 21.170213 0.400000
    endloop
  endfacet
  facet normal -1.000000 0.000000 0.000000
    outer loop
      vertex 33.253968 20.531915 0.000000
      vertex 33.253968 20.531915 0.400000
      vertex 33.253968 21.170213 0.400000
    endloop
  endfacet
  facet normal -1.000000 0.000000 0.000000
    outer loop
      vertex 33.253968 20.531915 0.000000
      vertex 33.253968 21.170213 0.400000
      vertex 33.253968 21.170213 0.000000
    endloop
  endfacet
  facet normal 1.000000 0.000000 0.000000
    outer loop
      vertex 34.841270 20.531915 0.000000
      vertex 34.841270 21.170213 0.000000
      vertex 34.841270 21.170213 0.400000
    endloop
  endfacet
  facet normal 1.000000 0.000000 0.000000
    outer loop
      vertex 34.841270 20.531915 0.000000
      vertex 34.841270 21.170213 0.400000
      vertex 34.841270 20.531915 0.400000
    endloop
  endfacet
  facet normal 0.000000 0.000000 -1.000000
    outer loop
      vertex 19.920635 13.829787 0.000000
      vertex 21.190476 20.851064 0.000000
      vertex 21.190476 13.829787 0.000000
    endloop
  endfacet
  facet normal 0.000000 0.000000 -1.000000
    outer loop
      vertex 19.920635 13.829787 0.000000
      vertex 19.920635 20.851064 0.000000
      vertex 21.190476 20.851064 0.000000
    endloop
  endfacet
  facet normal 0.000000 0.000000 1.000000
    outer loop
      vertex 19.920635 13.829787 0.400000
      vertex 21.190476 13.829787 0.400000
      vertex 21.190476 20.851064 0.400000
    endloop
  endfacet
  facet normal 0.000000 0.000000 1.000000
    outer loop
      vertex 19.920635 13.829787 0.400000
      vertex 21.190476 20.851064 0.400000
      vertex 19.920635 20.851064 0.400000
    endloop
  endfacet
  facet normal 0.000000 -1.000000 0.000000
    outer loop
      vertex 19.920635 13.829787 0.000000
      vertex 21.190476 13.829787 0.000000
      vertex 21.190476 13.829787 0.400000
    endloop
  endfacet
  facet normal 0.000000 -1.000000 0.000000
    outer loop
      vertex 19.920635 13.829787 0.000000
      vertex 21.190476 13.829787 0.400000
      vertex 19.920635 13.829787 0.400000
    endloop
  endfacet
  facet normal 0.000000 1.000000 0.000000
    outer loop
      vertex 19.920635 20.851064 0.000000
      vertex 21.190476 20.851064 0.400000
      vertex 21.190476 20.851064 0.000000
    endloop
  endfacet
  facet normal 0.000000 1.000000 0.000000
    outer loop
      vertex 19.920635 20.851064 0.000000
      vertex 19.920635 20.851064 0.400000
      vertex 21.190476 20.851064 0.400000
    endloop
  endfacet
  facet normal -1.000000 0.000000 0.000000
    outer loop
      vertex 19.920635 13.829787 0.000000
      vertex 19.920635 13.829787 0.400000
      vertex 19.920635 20.851064 0.400000
    endloop
  endfacet
  facet normal -1.000000 0.000000 0.000000
    outer loop
      vertex 19.920635 13.829787 0.000000
      vertex 19.920635 20.851064 0.400000
      vertex 19.920635 20.851064 0.000000
    endloop
  endfacet
  facet normal 1.000000 0.000000 0.000000
    outer loop
      vertex 21.190476 13.829787 0.000000
      vertex 21.190476 20.851064 0.000000
      vertex 21.190476 20.851064 0.400000
    endloop
  endfacet
  facet normal 1.000000 0.000000 0.000000
    outer loop
      vertex 21.190476 13.829787 0.000000
      vertex 21.190476 20.851064 0.400000
      vertex 21.190476 13.829787 0.400000
    endloop
  endfacet
  facet normal 0.000000 0.000000 -1.000000
    outer loop
      vertex 29.444444 13.829787 0.000000
      vertex 30.714286 20.851064 0.000000
      vertex 30.714286 13.829787 0.000000
    endloop
  endfacet
  facet normal 0.000000 0.000000 -1.000000
    outer loop
      vertex 29.444444 13.829787 0.000000
      vertex 29.444444 20.851064 0.000000
      vertex 30.714286 20.851064 0.000000
    endloop
  endfacet
  facet normal 0.000000 0.000000 1.000000
    outer loop
      vertex 29.444444 13.829787 0.400000
      vertex 30.714286 13.829787 0.400000
      vertex 30.714286 20.851064 0.400000
    endloop
  endfacet
  facet normal 0.000000 0.000000 1.000000
    outer loop
      vertex 29.444444 13.829787 0.400000
      vertex 30.714286 20.851064 0.400000
      vertex 29.444444 20.851064 0.400000
    endloop
  endfacet
  facet normal 0.000000 -1.000000 0.000000
    outer loop
      vertex 29.444444 13.829787 0.000000
      vertex 30.714286 13.829787 0.000000
      vertex 30.714286 13.829787 0.400000
    endloop
  endfacet
  facet normal 0.000000 -1.000000 0.000000
    outer loop
      vertex 29.444444 13.829787 0.000000
      vertex 30.714286 13.829787 0.400000
      vertex 29.444444 13.829787 0.400000
    endloop
  endfacet
  facet normal 0.000000 1.000000 0.000000
    outer loop
      vertex 29.444444 20.851064 0.000000
      vertex 30.714286 20.851064 0.400000
      vertex 30.714286 20.851064 0.000000
    endloop
  endfacet
  facet normal 0.000000 1.000000 0.000000
    outer loop
      vertex 29.444444 20.851064 0.000000
      vertex 29.444444 20.851064 0.400000
      vertex 30.714286 20.851064 0.400000
    endloop
  endfacet
  facet normal -1.000000 0.000000 0.000000
    outer loop
      vertex 29.444444 13.829787 0.000000
      vertex 29.444444 13.829787 0.400000
      vertex 29.444444 20.851064 0.400000
    endloop
  endfacet
  facet normal -1.000000 0.000000 0.000000
    outer loop
      vertex 29.444444 13.829787 0.000000
      vertex 29.444444 20.851064 0.400000
      vertex 29.444444 20.851064 0.000000
    endloop
  endfacet
  facet normal 1.000000 0.000000 0.000000
    outer loop
      vertex 30.714286 13.829787 0.000000
      vertex 30.714286 20.851064 0.000000
      vertex 30.714286 20.851064 0.400000
    endloop
  endfacet
  facet normal 1.000000 0.000000 0.000000
    outer loop
      vertex 30.714286 13.829787 0.000000
      vertex 30.714286 20.851064 0.400000
      vertex 30.714286 13.829787 0.400000
    endloop
  endfacet
  facet normal 0.000000 0.000000 -1.000000
    outer loop
      vertex 15.158730 19.893617 0.000000
      vertex 17.063492 20.531915 0.000000
      vertex 17.063492 19.893617 0.000000
    endloop
  endfacet
  facet normal 0.000000 0.000000 -1.000000
    outer loop
      vertex 15.158730 19.893617 0.000000
      vertex 15.158730 20.531915 0.000000
      vertex 17.063492 20.531915 0.000000
    endloop
  endfacet
  facet normal 0.000000 0.000000 1.000000
    outer loop
      vertex 15.158730 19.893617 0.400000
      vertex 17.063492 19.893617 0.400000
      vertex 17.063492 20.531915 0.400000
    endloop
  endfacet
  facet normal 0.000000 0.000000 1.000000
    outer loop
      vertex 15.158730 19.893617 0.400000
      vertex 17.063492 20.531915 0.400000
      vertex 15.158730 20.531915 0.400000
    endloop
  endfacet
  facet normal 0.000000 -1.000000 0.000000
    outer loop
      vertex 15.158730 19.893617 0.000000
      vertex 17.063492 19.893617 0.000000
      vertex 17.063492 19.893617 0.400000
    endloop
  endfacet
  facet normal 0.000000 -1.000000 0.000000
    outer loop
      vertex 15.158730 19.893617 0.000000
      vertex 17.063492 19.893617 0.400000
      vertex 15.158730 19.893617 0.400000
    endloop
  endfacet
  facet normal 0.000000 1.000000 0.000000
    outer loop
      vertex 15.158730 20.531915 0.000000
      vertex 17.063492 20.531915 0.400000
      vertex 17.063492 20.531915 0.000000
    endloop
  endfacet
  facet normal 0.000000 1.000000 0.000000
    outer loop
      vertex 15.158730 20.531915 0.000000
      vertex 15.158730 20.531915 0.400000
      vertex 17.063492 20.531915 0.400000
    endloop
  endfacet
  facet normal -1.000000 0.000000 0.000000
    outer loop
      vertex 15.158730 19.893617 0.000000
      vertex 15.158730 19.893617 0.400000
      vertex 15.158730 20.531915 0.400000
    endloop
  endfacet
  facet normal -1.000000 0.000000 0.000000
    outer loop
      vertex 15.158730 19.893617 0.000000
      vertex 15.158730 20.531915 0.400000
      vertex 15.158730 20.531915 0.000000
    endloop
  endfacet
  facet normal 1.000000 0.000000 0.000000
    outer loop
      vertex 17.063492 19.893617 0.000000
      vertex 17.063492 20.531915 0.000000
      vertex 17.063492 20.531915 0.400000
    endloop
  endfacet
  facet normal 1.000000 0.000000 0.000000
    outer loop
      vertex 17.063492 19.893617 0.000000
      vertex 17.063492 20.531915 0.400000
      vertex 17.063492 19.893617 0.400000
    endloop
  endfacet
  facet normal 0.000000 0.000000 -1.000000
    outer loop
      vertex 19.603175 14.148936 0.000000
      vertex 19.920635 20.531915 0.000000
      vertex 19.920635 14.148936 0.000000
    endloop
  endfacet
  facet normal 0.000000 0.000000 -1.000000
    outer loop
      vertex 19.603175 14.148936 0.000000
      vertex 19.603175 20.531915 0.000000
      vertex 19.920635 20.531915 0.000000
    endloop
  endfacet
  facet normal 0.000000 0.000000 1.000000
    outer loop
      vertex 19.603175 14.148936 0.400000
      vertex 19.920635 14.148936 0.400000
      vertex 19.920635 20.531915 0.400000
    endloop
  endfacet
  facet normal 0.000000 0.000000 1.000000
    outer loop
      vertex 19.603175 14.148936 0.400000
      vertex 19.920635 20.531915 0.400000
      vertex 19.603175 20.531915 0.400000
    endloop
  endfacet
  facet normal 0.000000 -1.000000 0.000000
    outer loop
      vertex 19.603175 14.148936 0.000000
      vertex 19.920635 14.148936 0.000000
      vertex 19.920635 14.148936 0.400000
    endloop
  endfacet
  facet normal 0.000000 -1.000000 0.000000
    outer loop
      vertex 19.603175 14.148936 0.000000
      vertex 19.920635 14.148936 0.400000
      vertex 19.603175 14.148936 0.400000
    endloop
  endfacet
  facet normal 0.000000 1.000000 0.000000
    outer loop
      vertex 19.603175 20.531915 0.000000
      vertex 19.920635 20.531915 0.400000
      vertex 19.920635 20.531915 0.000000
    endloop
  endfacet
  facet normal 0.000000 1.000000 0.000000
    outer loop
      vertex 19.603175 20.531915 0.000000
      vertex 19.603175 20.531915 0.400000
      vertex 19.920635 20.531915 0.400000
    endloop
  endfacet
  facet normal -1.000000 0.000000 0.000000
    outer loop
      vertex 19.603175 14.148936 0.000000
      vertex 19.603175 14.148936 0.400000
      vertex 19.603175 20.531915 0.400000
    endloop
  endfacet
  facet normal -1.000000 0.000000 0.000000
    outer loop
      vertex 19.603175 14.148936 0.000000
      vertex 19.603175 20.531915 0.400000
      vertex 19.603175 20.531915 0.000000
    endloop
  endfacet
  facet normal 1.000000 0.000000 0.000000
    outer loop
      vertex 19.920635 14.148936 0.000000
      vertex 19.920635 20.531915 0.000000
      vertex 19.920635 20.531915 0.400000
    endloop
  endfacet
  facet normal 1.000000 0.000000 0.000000
    outer loop
      vertex 19.920635 14.148936 0.000000
      vertex 19.920635 20.531915 0.400000
      vertex 19.920635 14.148936 0.400000
    endloop
  endfacet
  facet normal 0.000000 0.000000 -1.000000
    outer loop
      vertex 21.190476 14.148936 0.000000
      vertex 21.507937 20.531915 0.000000
      vertex 21.507937 14.148936 0.000000
    endloop
  endfacet
  facet normal 0.000000 0.000000 -1.000000
    outer loop
      vertex 21.190476 14.148936 0.000000
      vertex 21.190476 20.531915 0.000000
      vertex 21.507937 20.531915 0.000000
    endloop
  endfacet
  facet normal 0.000000 0.000000 1.000000
    outer loop
      vertex 21.190476 14.148936 0.400000
      vertex 21.507937 14.148936 0.400000
      vertex 21.507937 20.531915 0.400000
    endloop
  endfacet
  facet normal 0.000000 0.000000 1.000000
    outer loop
      vertex 21.190476 14.148936 0.400000
      vertex 21.507937 20.531915 0.400000
      vertex 21.190476 20.531915 0.400000
    endloop
  endfacet
  facet normal 0.000000 -1.000000 0.000000
    outer loop
      vertex 21.190476 14.148936 0.000000
      vertex 21.507937 14.148936 0.000000
      vertex 21.507937 14.148936 0.400000
    endloop
  endfacet
  facet normal 0.000000 -1.000000 0.000000
    outer loop
      vertex 21.190476 14.148936 0.000000
      vertex 21.507937 14.148936 0.400000
      vertex 21.190476 14.148936 0.400000
    endloop
  endfacet
  facet normal 0.000000 1.000000 0.000000
    outer loop
      vertex 21.190476 20.531915 0.000000
      vertex 21.507937 20.531915 0.400000
      vertex 21.507937 20.531915 0.000000
    endloop
  endfacet
  facet normal 0.000000 1.000000 0.000000
    outer loop
      vertex 21.190476 20.531915 0.000000
      vertex 21.190476 20.531915 0.400000
      vertex 21.507937 20.531915 0.400000
    endloop
  endfacet
  facet normal -1.000000 0.000000 0.000000
    outer loop
      vertex 21.190476 14.148936 0.000000
      vertex 21.190476 14.148936 0.400000
      vertex 21.190476 20.531915 0.400000
    endloop
  endfacet
  facet normal -1.000000 0.000000 0.000000
    outer loop
      vertex 21.190476 14.148936 0.000000
      vertex 21.190476 20.531915 0.400000
      vertex 21.190476 20.531915 0.000000
    endloop
  endfacet
  facet normal 1.000000 0.000000 0.000000
    outer loop
      vertex 21.507937 14.148936 0.000000
      vertex 21.507937 20.531915 0.000000
      vertex 21.507937 20.531915 0.400000
    endloop
  endfacet
  facet normal 1.000000 0.000000 0.000000
    outer loop
      vertex 21.507937 14.148936 0.000000
      vertex 21.507937 20.531915 0.400000
      vertex 21.507937 14.148936 0.400000
    endloop
  endfacet
  facet normal 0.000000 0.000000 -1.000000
    outer loop
      vertex 24.047619 19.893617 0.000000
      vertex 26.587302 20.531915 0.000000
      vertex 26.587302 19.893617 0.000000
    endloop
  endfacet
  facet normal 0.000000 0.000000 -1.000000
    outer loop
      vertex 24.047619 19.893617 0.000000
      vertex 24.047619 20.531915 0.000000
      vertex 26.587302 20.531915 0.000000
    endloop
  endfacet
  facet normal 0.000000 0.000000 1.000000
    outer loop
      vertex 24.047619 19.893617 0.400000
      vertex 26.587302 19.893617 0.400000
      vertex 26.587302 20.531915 0.400000
    endloop
  endfacet
  facet normal 0.000000 0.000000 1.000000
    outer loop
      vertex 24.047619 19.893617 0.400000
      vertex 26.587302 20.531915 0.400000
      vertex 24.047619 20.531915 0.400000
    endloop
  endfacet
  facet normal 0.000000 -1.000000 0.000000
    outer loop
      vertex 24.047619 19.893617 0.000000
      vertex 26.587302 19.893617 0.000000
      vertex 26.587302 19.893617 0.400000
    endloop
  endfacet
  facet normal 0.000000 -1.000000 0.000000
    outer loop
      vertex 24.047619 19.893617 0.000000
      vertex 26.587302 19.893617 0.400000
      vertex 24.047619 19.893617 0.400000
    endloop
  endfacet
  facet normal 0.000000 1.000000 0.000000
    outer loop
      vertex 24.047619 20.531915 0.000000
      vertex 26.587302 20.531915 0.400000
      vertex 26.587302 20.531915 0.000000
    endloop
  endfacet
  facet normal 0.000000 1.000000 0.000000
    outer loop
      vertex 24.047619 20.531915 0.000000
      vertex 24.047619 20.531915 0.400000
      vertex 26.587302 20.531915 0.400000
    endloop
  endfacet
  facet normal -1.000000 0.000000 0.000000
    outer loop
      vertex 24.047619 19.893617 0.000000
      vertex 24.047619 19.893617 0.400000
      vertex 24.047619 20.531915 0.400000
    endloop
  endfacet
  facet normal -1.000000 0.000000 0.000000
    outer loop
      vertex 24.047619 19.893617 0.000000
      vertex 24.047619 20.531915 0.400000
      vertex 24.047619 20.531915 0.000000
    endloop
  endfacet
  facet normal 1.000000 0.000000 0.000000
    outer loop
      vertex 26.587302 19.893617 0.000000
      vertex 26.587302 20.531915 0.000000
      vertex 26.587302 20.531915 0.400000
    endloop
  endfacet
  facet normal 1.000000 0.000000 0.000000
    outer loop
      vertex 26.587302 19.893617 0.000000
      vertex 26.587302 20.531915 0.400000
      vertex 26.587302 19.893617 0.400000
    endloop
  endfacet
  facet normal 0.000000 0.000000 -1.000000
    outer loop
      vertex 29.126984 14.148936 0.000000
      vertex 29.444444 20.531915 0.000000
      vertex 29.444444 14.148936 0.000000
    endloop
  endfacet
  facet normal 0.000000 0.000000 -1.000000
    outer loop
      vertex 29.126984 14.148936 0.000000
      vertex 29.126984 20.531915 0.000000
      vertex 29.444444 20.531915 0.000000
    endloop
  endfacet
  facet normal 0.000000 0.000000 1.000000
    outer loop
      vertex 29.126984 14.148936 0.400000
      vertex 29.444444 14.148936 0.400000
      vertex 29.444444 20.531915 0.400000
    endloop
  endfacet
  facet normal 0.000000 0.000000 1.000000
    outer loop
      vertex 29.126984 14.148936 0.400000
      vertex 29.444444 20.531915 0.400000
      vertex 29.126984 20.531915 0.400000
    endloop
  endfacet
  facet normal 0.000000 -1.000000 0.000000
    outer loop
      vertex 29.126984 14.148936 0.000000
      vertex 29.444444 14.148936 0.000000
      vertex 29.444444 14.148936 0.400000
    endloop
  endfacet
  facet normal 0.000000 -1.000000 0.000000
    outer loop
      vertex 29.126984 14.148936 0.000000
      vertex 29.444444 14.148936 0.400000
      vertex 29.126984 14.148936 0.400000
    endloop
  endfacet
  facet normal 0.000000 1.000000 0.000000
    outer loop
      vertex 29.126984 20.531915 0.000000
      vertex 29.444444 20.531915 0.400000
      vertex 29.444444 20.531915 0.000000
    endloop
  endfacet
  facet normal 0.000000 1.000000 0.000000
    outer loop
      vertex 29.126984 20.531915 0.000000
      vertex 29.126984 20.531915 0.400000
      vertex 29.444444 20.531915 0.400000
    endloop
  endfacet
  facet normal -1.000000 0.000000 0.000000
    outer loop
      vertex 29.126984 14.148936 0.000000
      vertex 29.126984 14.148936 0.400000
      vertex 29.126984 20.531915 0.400000
    endloop
  endfacet
  facet normal -1.000000 0.000000 0.000000
    outer loop
      vertex 29.126984 14.148936 0.000000
      vertex 29.126984 20.531915 0.400000
      vertex 29.126984 20.531915 0.000000
    endloop
  endfacet
  facet normal 1.000000 0.000000 0.000000
    outer loop
      vertex 29.444444 14.148936 0.000000
      vertex 29.444444 20.531915 0.000000
      vertex 29.444444 20.531915 0.400000
    endloop
  endfacet
  facet normal 1.000000 0.000000 0.000000
    outer loop
      vertex 29.444444 14.148936 0.000000
      vertex 29.444444 20.531915 0.400000
      vertex 29.444444 14.148936 0.400000
    endloop
  endfacet
  facet normal 0.000000 0.000000 -1.000000
    outer loop
      vertex 30.714286 14.148936 0.000000
      vertex 31.031746 20.531915 0.000000
      vertex 31.031746 14.148936 0.000000
    endloop
  endfacet
  facet normal 0.000000 0.000000 -1.000000
    outer loop
      vertex 30.714286 14.148936 0.000000
      vertex 30.714286 20.531915 0.000000
      vertex 31.031746 20.531915 0.000000
    endloop
  endfacet
  facet normal 0.000000 0.000000 1.000000
    outer loop
      vertex 30.714286 14.148936 0.400000
      vertex 31.031746 14.148936 0.400000
      vertex 31.031746 20.531915 0.400000
    endloop
  endfacet
  facet normal 0.000000 0.000000 1.000000
    outer loop
      vertex 30.714286 14.148936 0.400000
      vertex 31.031746 20.531915 0.400000
      vertex 30.714286 20.531915 0.400000
    endloop
  endfacet
  facet normal 0.000000 -1.000000 0.000000
    outer loop
      vertex 30.714286 14.148936 0.000000
      vertex 31.031746 14.148936 0.000000
      vertex 31.031746 14.148936 0.400000
    endloop
  endfacet
  facet normal 0.000000 -1.000000 0.000000
    outer loop
      vertex 30.714286 14.148936 0.000000
      vertex 31.031746 14.148936 0.400000
      vertex 30.714286 14.148936 0.400000
    endloop
  endfacet
  facet normal 0.000000 1.000000 0.000000
    outer loop
      vertex 30.714286 20.531915 0.000000
      vertex 31.031746 20.531915 0.400000
      vertex 31.031746 20.531915 0.000000
    endloop
  endfacet
  facet normal 0.000000 1.000000 0.000000
    outer loop
      vertex 30.714286 20.531915 0.000000
      vertex 30.714286 20.531915 0.400000
      vertex 31.031746 20.531915 0.400000
    endloop
  endfacet
  facet normal -1.000000 0.000000 0.000000
    outer loop
      vertex 30.714286 14.148936 0.000000
      vertex 30.714286 14.148936 0.400000
      vertex 30.714286 20.531915 0.400000
    endloop
  endfacet
  facet normal -1.000000 0.000000 0.000000
    outer loop
      vertex 30.714286 14.148936 0.000000
      vertex 30.714286 20.531915 0.400000
      vertex 30.714286 20.531915 0.000000
    endloop
  endfacet
  facet normal 1.000000 0.000000 0.000000
    outer loop
      vertex 31.031746 14.148936 0.000000
      vertex 31.031746 20.531915 0.000000
      vertex 31.031746 20.531915 0.400000
    endloop
  endfacet
  facet normal 1.000000 0.000000 0.000000
    outer loop
      vertex 31.031746 14.148936 0.000000
      vertex 31.031746 20.531915 0.400000
      vertex 31.031746 14.148936 0.400000
    endloop
  endfacet
  facet normal 0.000000 0.000000 -1.000000
    outer loop
      vertex 33.571429 19.893617 0.000000
      vertex 34.841270 20.531915 0.000000
      vertex 34.841270 19.893617 0.000000
    endloop
  endfacet
  facet normal 0.000000 0.000000 -1.000000
    outer loop
      vertex 33.571429 19.893617 0.000000
      vertex 33.571429 20.531915 0.000000
      vertex 34.841270 20.531915 0.000000
    endloop
  endfacet
  facet normal 0.000000 0.000000 1.000000
    outer loop
      vertex 33.571429 19.893617 0.400000
      vertex 34.841270 19.893617 0.400000
      vertex 34.841270 20.531915 0.400000
    endloop
  endfacet
  facet normal 0.000000 0.000000 1.000000
    outer loop
      vertex 33.571429 19.893617 0.400000
      vertex 34.841270 20.531915 0.400000
      vertex 33.571429 20.531915 0.400000
    endloop
  endfacet
  facet normal 0.000000 -1.000000 0.000000
    outer loop
      vertex 33.571429 19.893617 0.000000
      vertex 34.841270 19.893617 0.000000
      vertex 34.841270 19.893617 0.400000
    endloop
  endfacet
  facet normal 0.000000 -1.000000 0.000000
    outer loop
      vertex 33.571429 19.893617 0.000000
      vertex 34.841270 19.893617 0.400000
      vertex 33.571429 19.893617 0.400000
    endloop
  endfacet
  facet normal 0.000000 1.000000 0.000000
    outer loop
      vertex 33.571429 20.531915 0.000000
      vertex 34.841270 20.531915 0.400000
      vertex 34.841270 20.531915 0.000000
    endloop
  endfacet
  facet normal 0.000000 1.000000 0.000000
    outer loop
      vertex 33.571429 20.531915 0.000000
      vertex 33.571429 20.531915 0.400000
      vertex 34.841270 20.531915 0.400000
    endloop
  endfacet
  facet normal -1.000000 0.000000 0.000000
    outer loop
      vertex 33.571429 19.893617 0.000000
      vertex 33.571429 19.893617 0.400000
      vertex 33.571429 20.531915 0.400000
    endloop
  endfacet
  facet normal -1.000000 0.000000 0.000000
    outer loop
      vertex 33.571429 19.893617 0.000000
      vertex 33.571429 20.531915 0.400000
      vertex 33.571429 20.531915 0.000000
    endloop
  endfacet
  facet normal 1.000000 0.000000 0.000000
    outer loop
      vertex 34.841270 19.893617 0.000000
      vertex 34.841270 20.531915 0.000000
      vertex 34.841270 20.531915 0.400000
    endloop
  endfacet
  facet normal 1.000000 0.000000 0.000000
    outer loop
      vertex 34.841270 19.893617 0.000000
      vertex 34.841270 20.531915 0.400000
      vertex 34.841270 19.893617 0.400000
    endloop
  endfacet
  facet normal 0.000000 0.000000 -1.000000
    outer loop
      vertex 5.000000 19.893617 0.000000
      vertex 8.809524 20.212766 0.000000
      vertex 8.809524 19.893617 0.000000
    endloop
  endfacet
  facet normal 0.000000 0.000000 -1.000000
    outer loop
      vertex 5.000000 19.893617 0.000000
      vertex 5.000000 20.212766 0.000000
      vertex 8.809524 20.212766 0.000000
    endloop
  endfacet
  facet normal 0.000000 0.000000 1.000000
    outer loop
      vertex 5.000000 19.893617 0.400000
      vertex 8.809524 19.893617 0.400000
      vertex 8.809524 20.212766 0.400000
    endloop
  endfacet
  facet normal 0.000000 0.000000 1.000000
    outer loop
      vertex 5.000000 19.893617 0.400000
      vertex 8.809524 20.212766 0.400000
      vertex 5.000000 20.212766 0.400000
    endloop
  endfacet
  facet normal 0.000000 -1.000000 0.000000
    outer loop
      vertex 5.000000 19.893617 0.000000
      vertex 8.809524 19.893617 0.000000
      vertex 8.809524 19.893617 0.400000
    endloop
  endfacet
  facet normal 0.000000 -1.000000 0.000000
    outer loop
      vertex 5.000000 19.893617 0.000000
      vertex 8.809524 19.893617 0.400000
      vertex 5.000000 19.893617 0.400000
    endloop
  endfacet
  facet normal 0.000000 1.000000 0.000000
    outer loop
      vertex 5.000000 20.212766 0.000000
      vertex 8.809524 20.212766 0.400000
      vertex 8.809524 20.212766 0.000000
    endloop
  endfacet
  facet normal 0.000000 1.000000 0.000000
    outer loop
      vertex 5.000000 20.212766 0.000000
      vertex 5.000000 20.212766 0.400000
      vertex 8.809524 20.212766 0.400000
    endloop
  endfacet
  facet normal -1.000000 0.000000 0.000000
    outer loop
      vertex 5.000000 19.893617 0.000000
      vertex 5.000000 19.893617 0.400000
      vertex 5.000000 20.212766 0.400000
    endloop
  endfacet
  facet normal -1.000000 0.000000 0.000000
    outer loop
      vertex 5.000000 19.893617 0.000000
      vertex 5.000000 20.212766 0.400000
      vertex 5.000000 20.212766 0.000000
    endloop
  endfacet
  facet normal 1.000000 0.000000 0.000000
    outer loop
      vertex 8.809524 19.893617 0.000000
      vertex 8.809524 20.212766 0.000000
      vertex 8.809524 20.212766 0.400000
    endloop
  endfacet
  facet normal 1.000000 0.000000 0.000000
    outer loop
      vertex 8.809524 19.893617 0.000000
      vertex 8.809524 20.212766 0.400000
      vertex 8.809524 19.893617 0.400000
    endloop
  endfacet
  facet normal 0.000000 0.000000 -1.000000
    outer loop
      vertex 19.285714 14.468085 0.000000
      vertex 19.603175 20.212766 0.000000
      vertex 19.603175 14.468085 0.000000
    endloop
  endfacet
  facet normal 0.000000 0.000000 -1.000000
    outer loop
      vertex 19.285714 14.468085 0.000000
      vertex 19.285714 20.212766 0.000000
      vertex 19.603175 20.212766 0.000000
    endloop
  endfacet
  facet normal 0.000000 0.000000 1.000000
    outer loop
      vertex 19.285714 14.468085 0.400000
      vertex 19.603175 14.468085 0.400000
      vertex 19.603175 20.212766 0.400000
    endloop
  endfacet
  facet normal 0.000000 0.000000 1.000000
    outer loop
      vertex 19.285714 14.468085 0.400000
      vertex 19.603175 20.212766 0.400000
      vertex 19.285714 20.212766 0.400000
    endloop
  endfacet
  facet normal 0.000000 -1.000000 0.000000
    outer loop
      vertex 19.285714 14.468085 0.000000
      vertex 19.603175 14.468085 0.000000
      vertex 19.603175 14.468085 0.400000
    endloop
  endfacet
  facet normal 0.000000 -1.000000 0.000000
    outer loop
      vertex 19.285714 14.468085 0.000000
      vertex 19.603175 14.468085 0.400000
      vertex 19.285714 14.468085 0.400000
    endloop
  endfacet
  facet normal 0.000000 1.000000 0.000000
    outer loop
      vertex 19.285714 20.212766 0.000000
      vertex 19.603175 20.212766 0.400000
      vertex 19.603175 20.212766 0.000000
    endloop
  endfacet
  facet normal 0.000000 1.000000 0.000000
    outer loop
      vertex 19.285714 20.212766 0.000000
      vertex 19.285714 20.212766 0.400000
      vertex 19.603175 20.212766 0.400000
    endloop
  endfacet
  facet normal -1.000000 0.000000 0.000000
    outer loop
      vertex 19.285714 14.468085 0.000000
      vertex 19.285714 14.468085 0.400000
      vertex 19.285714 20.212766 0.400000
    endloop
  endfacet
  facet normal -1.000000 0.000000 0.000000
    outer loop
      vertex 19.285714 14.468085 0.000000
      vertex 19.285714 20.212766 0.400000
      vertex 19.285714 20.212766 0.000000
    endloop
  endfacet
  facet normal 1.000000 0.000000 0.000000
    outer loop
      vertex 19.603175 14.468085 0.000000
      vertex 19.603175 20.212766 0.000000
      vertex 19.603175 20.212766 0.400000
    endloop
  endfacet
  facet normal 1.000000 0.000000 0.000000
    outer loop
      vertex 19.603175 14.468085 0.000000
      vertex 19.603175 20.212766 0.400000
      vertex 19.603175 14.468085 0.400000
    endloop
  endfacet
  facet normal 0.000000 0.000000 -1.000000
    outer loop
      vertex 21.507937 14.468085 0.000000
      vertex 21.825397 20.212766 0.000000
      vertex 21.825397 14.468085 0.000000
    endloop
  endfacet
  facet normal 0.000000 0.000000 -1.000000
    outer loop
      vertex 21.507937 14.468085 0.000000
      vertex 21.507937 20.212766 0.000000
      vertex 21.825397 20.212766 0.000000
    endloop
  endfacet
  facet normal 0.000000 0.000000 1.000000
    outer loop
      vertex 21.507937 14.468085 0.400000
      vertex 21.825397 14.468085 0.400000
      vertex 21.825397 20.212766 0.400000
    endloop
  endfacet
  facet normal 0.000000 0.000000 1.000000
    outer loop
      vertex 21.507937 14.468085 0.400000
      vertex 21.825397 20.212766 0.400000
      vertex 21.507937 20.212766 0.400000
    endloop
  endfacet
  facet normal 0.000000 -1.000000 0.000000
    outer loop
      vertex 21.507937 14.468085 0.000000
      vertex 21.825397 14.468085 0.000000
      vertex 21.825397 14.468085 0.400000
    endloop
  endfacet
  facet normal 0.000000 -1.000000 0.000000
    outer loop
      vertex 21.507937 14.468085 0.000000
      vertex 21.825397 14.468085 0.400000
      vertex 21.507937 14.468085 0.400000
    endloop
  endfacet
  facet normal 0.000000 1.000000 0.000000
    outer loop
      vertex 21.507937 20.212766 0.000000
      vertex 21.825397 20.212766 0.400000
      vertex 21.825397 20.212766 0.000000
    endloop
  endfacet
  facet normal 0.000000 1.000000 0.000000
    outer loop
      vertex 21.507937 20.212766 0.000000
      vertex 21.507937 20.212766 0.400000
      vertex 21.825397 20.212766 0.400000
    endloop
  endfacet
  facet normal -1.000000 0.000000 0.000000
    outer loop
      vertex 21.507937 14.468085 0.000000
      vertex 21.507937 14.468085 0.400000
      vertex 21.507937 20.212766 0.400000
    endloop
  endfacet
  facet normal -1.000000 0.000000 0.000000
    outer loop
      vertex 21.507937 14.468085 0.000000
      vertex 21.507937 20.212766 0.400000
      vertex 21.507937 20.212766 0.000000
    endloop
  endfacet
  facet normal 1.000000 0.000000 0.000000
    outer loop
      vertex 21.825397 14.468085 0.000000
      vertex 21.825397 20.212766 0.000000
      vertex 21.825397 20.212766 0.400000
    endloop
  endfacet
  facet normal 1.000000 0.000000 0.000000
    outer loop
      vertex 21.825397 14.468085 0.000000
      vertex 21.825397 20.212766 0.400000
      vertex 21.825397 14.468085 0.400000
    endloop
  endfacet
  facet normal 0.000000 0.000000 -1.000000
    outer loop
      vertex 28.809524 14.468085 0.000000
      vertex 29.126984 20.212766 0.000000
      vertex 29.126984 14.468085 0.000000
    endloop
  endfacet
  facet normal 0.000000 0.000000 -1.000000
    outer loop
      vertex 28.809524 14.468085 0.000000
      vertex 28.809524 20.212766 0.000000
      vertex 29.126984 20.212766 0.000000
    endloop
  endfacet
  facet normal 0.000000 0.000000 1.000000
    outer loop
      vertex 28.809524 14.468085 0.400000
      vertex 29.126984 14.468085 0.400000
      vertex 29.126984 20.212766 0.400000
    endloop
  endfacet
  facet normal 0.000000 0.000000 1.000000
    outer loop
      vertex 28.809524 14.468085 0.400000
      vertex 29.126984 20.212766 0.400000
      vertex 28.809524 20.212766 0.400000
    endloop
  endfacet
  facet normal 0.000000 -1.000000 0.000000
    outer loop
      vertex 28.809524 14.468085 0.000000
      vertex 29.126984 14.468085 0.000000
      vertex 29.126984 14.468085 0.400000
    endloop
  endfacet
  facet normal 0.000000 -1.000000 0.000000
    outer loop
      vertex 28.809524 14.468085 0.000000
      vertex 29.126984 14.468085 0.400000
      vertex 28.809524 14.468085 0.400000
    endloop
  endfacet
  facet normal 0.000000 1.000000 0.000000
    outer loop
      vertex 28.809524 20.212766 0.000000
      vertex 29.126984 20.212766 0.400000
      vertex 29.126984 20.212766 0.000000
    endloop
  endfacet
  facet normal 0.000000 1.000000 0.000000
    outer loop
      vertex 28.809524 20.212766 0.000000
      vertex 28.809524 20.212766 0.400000
      vertex 29.126984 20.212766 0.400000
    endloop
  endfacet
  facet normal -1.000000 0.000000 0.000000
    outer loop
      vertex 28.809524 14.468085 0.000000
      vertex 28.809524 14.468085 0.400000
      vertex 28.809524 20.212766 0.400000
    endloop
  endfacet
  facet normal -1.000000 0.000000 0.000000
    outer loop
      vertex 28.809524 14.468085 0.000000
      vertex 28.809524 20.212766 0.400000
      vertex 28.809524 20.212766 0.000000
    endloop
  endfacet
  facet normal 1.000000 0.000000 0.000000
    outer loop
      vertex 29.126984 14.468085 0.000000
      vertex 29.126984 20.212766 0.000000
      vertex 29.126984 20.212766 0.400000
    endloop
  endfacet
  facet normal 1.000000 0.000000 0.000000
    outer loop
      vertex 29.126984 14.468085 0.000000
      vertex 29.126984 20.212766 0.400000
      vertex 29.126984 14.468085 0.400000
    endloop
  endfacet
  facet normal 0.000000 0.000000 -1.000000
    outer loop
      vertex 31.031746 14.468085 0.000000
      vertex 31.349206 20.212766 0.000000
      vertex 31.349206 14.468085 0.000000
    endloop
  endfacet
  facet normal 0.000000 0.000000 -1.000000
    outer loop
      vertex 31.031746 14.468085 0.000000
      vertex 31.031746 20.212766 0.000000
      vertex 31.349206 20.212766 0.000000
    endloop
  endfacet
  facet normal 0.000000 0.000000 1.000000
    outer loop
      vertex 31.031746 14.468085 0.400000
      vertex 31.349206 14.468085 0.400000
      vertex 31.349206 20.212766 0.400000
    endloop
  endfacet
  facet normal 0.000000 0.000000 1.000000
    outer loop
      vertex 31.031746 14.468085 0.400000
      vertex 31.349206 20.212766 0.400000
      vertex 31.031746 20.212766 0.400000
    endloop
  endfacet
  facet normal 0.000000 -1.000000 0.000000
    outer loop
      vertex 31.031746 14.468085 0.000000
      vertex 31.349206 14.468085 0.000000
      vertex 31.349206 14.468085 0.400000
    endloop
  endfacet
  facet normal 0.000000 -1.000000 0.000000
    outer loop
      vertex 31.031746 14.468085 0.000000
      vertex 31.349206 14.468085 0.400000
      vertex 31.031746 14.468085 0.400000
    endloop
  endfacet
  facet normal 0.000000 1.000000 0.000000
    outer loop
      vertex 31.031746 20.212766 0.000000
      vertex 31.349206 20.212766 0.400000
      vertex 31.349206 20.212766 0.000000
    endloop
  endfacet
  facet normal 0.000000 1.000000 0.000000
    outer loop
      vertex 31.031746 20.212766 0.000000
      vertex 31.031746 20.212766 0.400000
      vertex 31.349206 20.212766 0.400000
    endloop
  endfacet
  facet normal -1.000000 0.000000 0.000000
    outer loop
      vertex 31.031746 14.468085 0.000000
      vertex 31.031746 14.468085 0.400000
      vertex 31.031746 20.212766 0.400000
    endloop
  endfacet
  facet normal -1.000000 0.000000 0.000000
    outer loop
      vertex 31.031746 14.468085 0.000000
      vertex 31.031746 20.212766 0.400000
      vertex 31.031746 20.212766 0.000000
    endloop
  endfacet
  facet normal 1.000000 0.000000 0.000000
    outer loop
      vertex 31.349206 14.468085 0.000000
      vertex 31.349206 20.212766 0.000000
      vertex 31.349206 20.212766 0.400000
    endloop
  endfacet
  facet normal 1.000000 0.000000 0.000000
    outer loop
      vertex 31.349206 14.468085 0.000000
      vertex 31.349206 20.212766 0.400000
      vertex 31.349206 14.468085 0.400000
    endloop
  endfacet
  facet normal 0.000000 0.000000 -1.000000
    outer loop
      vertex 40.555556 14.148936 0.000000
      vertex 41.190476 20.212766 0.000000
      vertex 41.190476 14.148936 0.000000
    endloop
  endfacet
  facet normal 0.000000 0.000000 -1.000000
    outer loop
      vertex 40.555556 14.148936 0.000000
      vertex 40.555556 20.212766 0.000000
      vertex 41.190476 20.212766 0.000000
    endloop
  endfacet
  facet normal 0.000000 0.000000 1.000000
    outer loop
      vertex 40.555556 14.148936 0.400000
      vertex 41.190476 14.148936 0.400000
      vertex 41.190476 20.212766 0.400000
    endloop
  endfacet
  facet normal 0.000000 0.000000 1.000000
    outer loop
      vertex 40.555556 14.148936 0.400000
      vertex 41.190476 20.212766 0.400000
      vertex 40.555556 20.212766 0.400000
    endloop
  endfacet
  facet normal 0.000000 -1.000000 0.000000
    outer loop
      vertex 40.555556 14.148936 0.000000
      vertex 41.190476 14.148936 0.000000
      vertex 41.190476 14.148936 0.400000
    endloop
  endfacet
  facet normal 0.000000 -1.000000 0.000000
    outer loop
      vertex 40.555556 14.148936 0.000000
      vertex 41.190476 14.148936 0.400000
      vertex 40.555556 14.148936 0.400000
    endloop
  endfacet
  facet normal 0.000000 1.000000 0.000000
    outer loop
      vertex 40.555556 20.212766 0.000000
      vertex 41.190476 20.212766 0.400000
      vertex 41.190476 20.212766 0.000000
    endloop
  endfacet
  facet normal 0.000000 1.000000 0.000000
    outer loop
      vertex 40.555556 20.212766 0.000000
      vertex 40.555556 20.212766 0.400000
      vertex 41.190476 20.212766 0.400000
    endloop
  endfacet
  facet normal -1.000000 0.000000 0.000000
    outer loop
      vertex 40.555556 14.148936 0.000000
      vertex 40.555556 14.148936 0.400000
      vertex 40.555556 20.212766 0.400000
    endloop
  endfacet
  facet normal -1.000000 0.000000 0.000000
    outer loop
      vertex 40.555556 14.148936 0.000000
      vertex 40.555556 20.212766 0.400000
      vertex 40.555556 20.212766 0.000000
    endloop
  endfacet
  facet normal 1.000000 0.000000 0.000000
    outer loop
      vertex 41.190476 14.148936 0.000000
      vertex 41.190476 20.212766 0.000000
      vertex 41.190476 20.212766 0.400000
    endloop
  endfacet
  facet normal 1.000000 0.000000 0.000000
    outer loop
      vertex 41.190476 14.148936 0.000000
      vertex 41.190476 20.212766 0.400000
      vertex 41.190476 14.148936 0.400000
    endloop
  endfacet
  facet normal 0.000000 0.000000 -1.000000
    outer loop
      vertex 5.000000 19.574468 0.000000
      vertex 8.174603 19.893617 0.000000
      vertex 8.174603 19.574468 0.000000
    endloop
  endfacet
  facet normal 0.000000 0.000000 -1.000000
    outer loop
      vertex 5.000000 19.574468 0.000000
      vertex 5.000000 19.893617 0.000000
      vertex 8.174603 19.893617 0.000000
    endloop
  endfacet
  facet normal 0.000000 0.000000 1.000000
    outer loop
      vertex 5.000000 19.574468 0.400000
      vertex 8.174603 19.574468 0.400000
      vertex 8.174603 19.893617 0.400000
    endloop
  endfacet
  facet normal 0.000000 0.000000 1.000000
    outer loop
      vertex 5.000000 19.574468 0.400000
      vertex 8.174603 19.893617 0.400000
      vertex 5.000000 19.893617 0.400000
    endloop
  endfacet
  facet normal 0.000000 -1.000000 0.000000
    outer loop
      vertex 5.000000 19.574468 0.000000
      vertex 8.174603 19.574468 0.000000
      vertex 8.174603 19.574468 0.400000
    endloop
  endfacet
  facet normal 0.000000 -1.000000 0.000000
    outer loop
      vertex 5.000000 19.574468 0.000000
      vertex 8.174603 19.574468 0.400000
      vertex 5.000000 19.574468 0.400000
    endloop
  endfacet
  facet normal 0.000000 1.000000 0.000000
    outer loop
      vertex 5.000000 19.893617 0.000000
      vertex 8.174603 19.893617 0.400000
      vertex 8.174603 19.893617 0.000000
    endloop
  endfacet
  facet normal 0.000000 1.000000 0.000000
    outer loop
      vertex 5.000000 19.893617 0.000000
      vertex 5.000000 19.893617 0.400000
      vertex 8.174603 19.893617 0.400000
    endloop
  endfacet
  facet normal -1.000000 0.000000 0.000000
    outer loop
      vertex 5.000000 19.574468 0.000000
      vertex 5.000000 19.574468 0.400000
      vertex 5.000000 19.893617 0.400000
    endloop
  endfacet
  facet normal -1.000000 0.000000 0.000000
    outer loop
      vertex 5.000000 19.574468 0.000000
      vertex 5.000000 19.893617 0.400000
      vertex 5.000000 19.893617 0.000000
    endloop
  endfacet
  facet normal 1.000000 0.000000 0.000000
    outer loop
      vertex 8.174603 19.574468 0.000000
      vertex 8.174603 19.893617 0.000000
      vertex 8.174603 19.893617 0.400000
    endloop
  endfacet
  facet normal 1.000000 0.000000 0.000000
    outer loop
      vertex 8.174603 19.574468 0.000000
      vertex 8.174603 19.893617 0.400000
      vertex 8.174603 19.574468 0.400000
    endloop
  endfacet
  facet normal 0.000000 0.000000 -1.000000
    outer loop
      vertex 11.349206 19.574468 0.000000
      vertex 11.984127 19.893617 0.000000
      vertex 11.984127 19.574468 0.000000
    endloop
  endfacet
  facet normal 0.000000 0.000000 -1.000000
    outer loop
      vertex 11.349206 19.574468 0.000000
      vertex 11.349206 19.893617 0.000000
      vertex 11.984127 19.893617 0.000000
    endloop
  endfacet
  facet normal 0.000000 0.000000 1.000000
    outer loop
      vertex 11.349206 19.574468 0.400000
      vertex 11.984127 19.574468 0.400000
      vertex 11.984127 19.893617 0.400000
    endloop
  endfacet
  facet normal 0.000000 0.000000 1.000000
    outer loop
      vertex 11.349206 19.574468 0.400000
      vertex 11.984127 19.893617 0.400000
      vertex 11.349206 19.893617 0.400000
    endloop
  endfacet
  facet normal 0.000000 -1.000000 0.000000
    outer loop
      vertex 11.349206 19.574468 0.000000
      vertex 11.984127 19.574468 0.000000
      vertex 11.984127 19.574468 0.400000
    endloop
  endfacet
  facet normal 0.000000 -1.000000 0.000000
    outer loop
      vertex 11.349206 19.574468 0.000000
      vertex 11.984127 19.574468 0.400000
      vertex 11.349206 19.574468 0.400000
    endloop
  endfacet
  facet normal 0.000000 1.000000 0.000000
    outer loop
      vertex 11.349206 19.893617 0.000000
      vertex 11.984127 19.893617 0.400000
      vertex 11.984127 19.893617 0.000000
    endloop
  endfacet
  facet normal 0.000000 1.000000 0.000000
    outer loop
      vertex 11.349206 19.893617 0.000000
      vertex 11.349206 19.893617 0.400000
      vertex 11.984127 19.893617 0.400000
    endloop
  endfacet
  facet normal -1.000000 0.000000 0.000000
    outer loop
      vertex 11.349206 19.574468 0.000000
      vertex 11.349206 19.574468 0.400000
      vertex 11.349206 19.893617 0.400000
    endloop
  endfacet
  facet normal -1.000000 0.000000 0.000000
    outer loop
      vertex 11.349206 19.574468 0.000000
      vertex 11.349206 19.893617 0.400000
      vertex 11.349206 19.893617 0.000000
    endloop
  endfacet
  facet normal 1.000000 0.000000 0.000000
    outer loop
      vertex 11.984127 19.574468 0.000000
      vertex 11.984127 19.893617 0.000000
      vertex 11.984127 19.893617 0.400000
    endloop
  endfacet
  facet normal 1.000000 0.000000 0.000000
    outer loop
      vertex 11.984127 19.574468 0.000000
      vertex 11.984127 19.893617 0.400000
      vertex 11.984127 19.574468 0.400000
    endloop
  endfacet
  facet normal 0.000000 0.000000 -1.000000
    outer loop
      vertex 15.158730 18.617021 0.000000
      vertex 16.746032 19.893617 0.000000
      vertex 16.746032 18.617021 0.000000
    endloop
  endfacet
  facet normal 0.000000 0.000000 -1.000000
    outer loop
      vertex 15.158730 18.617021 0.000000
      vertex 15.158730 19.893617 0.000000
      vertex 16.746032 19.893617 0.000000
    endloop
  endfacet
  facet normal 0.000000 0.000000 1.000000
    outer loop
      vertex 15.158730 18.617021 0.400000
      vertex 16.746032 18.617021 0.400000
      vertex 16.746032 19.893617 0.400000
    endloop
  endfacet
  facet normal 0.000000 0.000000 1.000000
    outer loop
      vertex 15.158730 18.617021 0.400000
      vertex 16.746032 19.893617 0.400000
      vertex 15.158730 19.893617 0.400000
    endloop
  endfacet
  facet normal 0.000000 -1.000000 0.000000
    outer loop
      vertex 15.158730 18.617021 0.000000
      vertex 16.746032 18.617021 0.000000
      vertex 16.746032 18.617021 0.400000
    endloop
  endfacet
  facet normal 0.000000 -1.000000 0.000000
    outer loop
      vertex 15.158730 18.617021 0.000000
      vertex 16.746032 18.617021 0.400000
      vertex 15.158730 18.617021 0.400000
    endloop
  endfacet
  facet normal 0.000000 1.000000 0.000000
    outer loop
      vertex 15.158730 19.893617 0.000000
      vertex 16.746032 19.893617 0.400000
      vertex 16.746032 19.893617 0.000000
    endloop
  endfacet
  facet normal 0.000000 1.000000 0.000000
    outer loop
      vertex 15.158730 19.893617 0.000000
      vertex 15.158730 19.893617 0.400000
      vertex 16.746032 19.893617 0.400000
    endloop
  endfacet
  facet normal -1.000000 0.000000 0.000000
    outer loop
      vertex 15.158730 18.617021 0.000000
      vertex 15.158730 18.617021 0.400000
      vertex 15.158730 19.893617 0.400000
    endloop
  endfacet
  facet normal -1.000000 0.000000 0.000000
    outer loop
      vertex 15.158730 18.617021 0.000000
      vertex 15.158730 19.893617 0.400000
      vertex 15.158730 19.893617 0.000000
    endloop
  endfacet
  facet normal 1.000000 0.000000 0.000000
    outer loop
      vertex 16.746032 18.617021 0.000000
      vertex 16.746032 19.893617 0.000000
      vertex 16.746032 19.893617 0.400000
    endloop
  endfacet
  facet normal 1.000000 0.000000 0.000000
    outer loop
      vertex 16.746032 18.617021 0.000000
      vertex 16.746032 19.893617 0.400000
      vertex 16.746032 18.617021 0.400000
    endloop
  endfacet
  facet normal 0.000000 0.000000 -1.000000
    outer loop
      vertex 24.365079 18.936170 0.000000
      vertex 26.269841 19.893617 0.000000
      vertex 26.269841 18.936170 0.000000
    endloop
  endfacet
  facet normal 0.000000 0.000000 -1.000000
    outer loop
      vertex 24.365079 18.936170 0.000000
      vertex 24.365079 19.893617 0.000000
      vertex 26.269841 19.893617 0.000000
    endloop
  endfacet
  facet normal 0.000000 0.000000 1.000000
    outer loop
      vertex 24.365079 18.936170 0.400000
      vertex 26.269841 18.936170 0.400000
      vertex 26.269841 19.893617 0.400000
    endloop
  endfacet
  facet normal 0.000000 0.000000 1.000000
    outer loop
      vertex 24.365079 18.936170 0.400000
      vertex 26.269841 19.893617 0.400000
      vertex 24.365079 19.893617 0.400000
    endloop
  endfacet
  facet normal 0.000000 -1.000000 0.000000
    outer loop
      vertex 24.365079 18.936170 0.000000
      vertex 26.269841 18.936170 0.000000
      vertex 26.269841 18.936170 0.400000
    endloop
  endfacet
  facet normal 0.000000 -1.000000 0.000000
    outer loop
      vertex 24.365079 18.936170 0.000000
      vertex 26.269841 18.936170 0.400000
      vertex 24.365079 18.936170 0.400000
    endloop
  endfacet
  facet normal 0.000000 1.000000 0.000000
    outer loop
      vertex 24.365079 19.893617 0.000000
      vertex 26.269841 19.893617 0.400000
      vertex 26.269841 19.893617 0.000000
    endloop
  endfacet
  facet normal 0.000000 1.000000 0.000000
    outer loop
      vertex 24.365079 19.893617 0.000000
      vertex 24.365079 19.893617 0.400000
      vertex 26.269841 19.893617 0.400000
    endloop
  endfacet
  facet normal -1.000000 0.000000 0.000000
    outer loop
      vertex 24.365079 18.936170 0.000000
      vertex 24.365079 18.936170 0.400000
      vertex 24.365079 19.893617 0.400000
    endloop
  endfacet
  facet normal -1.000000 0.000000 0.000000
    outer loop
      vertex 24.365079 18.936170 0.000000
      vertex 24.365079 19.893617 0.400000
      vertex 24.365079 19.893617 0.000000
    endloop
  endfacet
  facet normal 1.000000 0.000000 0.000000
    outer loop
      vertex 26.269841 18.936170 0.000000
      vertex 26.269841 19.893617 0.000000
      vertex 26.269841 19.893617 0.400000
    endloop
  endfacet
  facet normal 1.000000 0.000000 0.000000
    outer loop
      vertex 26.269841 18.936170 0.000000
      vertex 26.269841 19.893617 0.400000
      vertex 26.269841 18.936170 0.400000
    endloop
  endfacet
  facet normal 0.000000 0.000000 -1.000000
    outer loop
      vertex 33.888889 18.936170 0.000000
      vertex 34.841270 19.893617 0.000000
      vertex 34.841270 18.936170 0.000000
    endloop
  endfacet
  facet normal 0.000000 0.000000 -1.000000
    outer loop
      vertex 33.888889 18.936170 0.000000
      vertex 33.888889 19.893617 0.000000
      vertex 34.841270 19.893617 0.000000
    endloop
  endfacet
  facet normal 0.000000 0.000000 1.000000
    outer loop
      vertex 33.888889 18.936170 0.400000
      vertex 34.841270 18.936170 0.400000
      vertex 34.841270 19.893617 0.400000
    endloop
  endfacet
  facet normal 0.000000 0.000000 1.000000
    outer loop
      vertex 33.888889 18.936170 0.400000
      vertex 34.841270 19.893617 0.400000
      vertex 33.888889 19.893617 0.400000
    endloop
  endfacet
  facet normal 0.000000 -1.000000 0.000000
    outer loop
      vertex 33.888889 18.936170 0.000000
      vertex 34.841270 18.936170 0.000000
      vertex 34.841270 18.936170 0.400000
    endloop
  endfacet
  facet normal 0.000000 -1.000000 0.000000
    outer loop
      vertex 33.888889 18.936170 0.000000
      vertex 34.841270 18.936170 0.400000
      vertex 33.888889 18.936170 0.400000
    endloop
  endfacet
  facet normal 0.000000 1.000000 0.000000
    outer loop
      vertex 33.888889 19.893617 0.000000
      vertex 34.841270 19.893617 0.400000
      vertex 34.841270 19.893617 0.000000
    endloop
  endfacet
  facet normal 0.000000 1.000000 0.000000
    outer loop
      vertex 33.888889 19.893617 0.000000
      vertex 33.888889 19.893617 0.400000
      vertex 34.841270 19.893617 0.400000
    endloop
  endfacet
  facet normal -1.000000 0.000000 0.000000
    outer loop
      vertex 33.888889 18.936170 0.000000
      vertex 33.888889 18.936170 0.400000
      vertex 33.888889 19.893617 0.400000
    endloop
  endfacet
  facet normal -1.000000 0.000000 0.000000
    outer loop
      vertex 33.888889 18.936170 0.000000
      vertex 33.888889 19.893617 0.400000
      vertex 33.888889 19.893617 0.000000
    endloop
  endfacet
  facet normal 1.000000 0.000000 0.000000
    outer loop
      vertex 34.841270 18.936170 0.000000
      vertex 34.841270 19.893617 0.000000
      vertex 34.841270 19.893617 0.400000
    endloop
  endfacet
  facet normal 1.000000 0.000000 0.000000
    outer loop
      vertex 34.841270 18.936170 0.000000
      vertex 34.841270 19.893617 0.400000
      vertex 34.841270 18.936170 0.400000
    endloop
  endfacet
  facet normal 0.000000 0.000000 -1.000000
    outer loop
      vertex 41.190476 14.148936 0.000000
      vertex 42.142857 19.893617 0.000000
      vertex 42.142857 14.148936 0.000000
    endloop
  endfacet
  facet normal 0.000000 0.000000 -1.000000
    outer loop
      vertex 41.190476 14.148936 0.000000
      vertex 41.190476 19.893617 0.000000
      vertex 42.142857 19.893617 0.000000
    endloop
  endfacet
  facet normal 0.000000 0.000000 1.000000
    outer loop
      vertex 41.190476 14.148936 0.400000
      vertex 42.142857 14.148936 0.400000
      vertex 42.142857 19.893617 0.400000
    endloop
  endfacet
  facet normal 0.000000 0.000000 1.000000
    outer loop
      vertex 41.190476 14.148936 0.400000
      vertex 42.142857 19.893617 0.400000
      vertex 41.190476 19.893617 0.400000
    endloop
  endfacet
  facet normal 0.000000 -1.000000 0.000000
    outer loop
      vertex 41.190476 14.148936 0.000000
      vertex 42.142857 14.148936 0.000000
      vertex 42.142857 14.148936 0.400000
    endloop
  endfacet
  facet normal 0.000000 -1.000000 0.000000
    outer loop
      vertex 41.190476 14.148936 0.000000
      vertex 42.142857 14.148936 0.400000
      vertex 41.190476 14.148936 0.400000
    endloop
  endfacet
  facet normal 0.000000 1.000000 0.000000
    outer loop
      vertex 41.190476 19.893617 0.000000
      vertex 42.142857 19.893617 0.400000
      vertex 42.142857 19.893617 0.000000
    endloop
  endfacet
  facet normal 0.000000 1.000000 0.000000
    outer loop
      vertex 41.190476 19.893617 0.000000
      vertex 41.190476 19.893617 0.400000
      vertex 42.142857 19.893617 0.400000
    endloop
  endfacet
  facet normal -1.000000 0.000000 0.000000
    outer loop
      vertex 41.190476 14.148936 0.000000
      vertex 41.190476 14.148936 0.400000
      vertex 41.190476 19.893617 0.400000
    endloop
  endfacet
  facet normal -1.000000 0.000000 0.000000
    outer loop
      vertex 41.190476 14.148936 0.000000
      vertex 41.190476 19.893617 0.400000
      vertex 41.190476 19.893617 0.000000
    endloop
  endfacet
  facet normal 1.000000 0.000000 0.000000
    outer loop
      vertex 42.142857 14.148936 0.000000
      vertex 42.142857 19.893617 0.000000
      vertex 42.142857 19.893617 0.400000
    endloop
  endfacet
  facet normal 1.000000 0.000000 0.000000
    outer loop
      vertex 42.142857 14.148936 0.000000
      vertex 42.142857 19.893617 0.400000
      vertex 42.142857 14.148936 0.400000
    endloop
  endfacet
  facet normal 0.000000 0.000000 -1.000000
    outer loop
      vertex 5.000000 19.255319 0.000000
      vertex 7.857143 19.574468 0.000000
      vertex 7.857143 19.255319 0.000000
    endloop
  endfacet
  facet normal 0.000000 0.000000 -1.000000
    outer loop
      vertex 5.000000 19.255319 0.000000
      vertex 5.000000 19.574468 0.000000
      vertex 7.857143 19.574468 0.000000
    endloop
  endfacet
  facet normal 0.000000 0.000000 1.000000
    outer loop
      vertex 5.000000 19.255319 0.400000
      vertex 7.857143 19.255319 0.400000
      vertex 7.857143 19.574468 0.400000
    endloop
  endfacet
  facet normal 0.000000 0.000000 1.000000
    outer loop
      vertex 5.000000 19.255319 0.400000
      vertex 7.857143 19.574468 0.400000
      vertex 5.000000 19.574468 0.400000
    endloop
  endfacet
  facet normal 0.000000 -1.000000 0.000000
    outer loop
      vertex 5.000000 19.255319 0.000000
      vertex 7.857143 19.255319 0.000000
      vertex 7.857143 19.255319 0.400000
    endloop
  endfacet
  facet normal 0.000000 -1.000000 0.000000
    outer loop
      vertex 5.000000 19.255319 0.000000
      vertex 7.857143 19.255319 0.400000
      vertex 5.000000 19.255319 0.400000
    endloop
  endfacet
  facet normal 0.000000 1.000000 0.000000
    outer loop
      vertex 5.000000 19.574468 0.000000
      vertex 7.857143 19.574468 0.400000
      vertex 7.857143 19.574468 0.000000
    endloop
  endfacet
  facet normal 0.000000 1.000000 0.000000
    outer loop
      vertex 5.000000 19.574468 0.000000
      vertex 5.000000 19.574468 0.400000
      vertex 7.857143 19.574468 0.400000
    endloop
  endfacet
  facet normal -1.000000 0.000000 0.000000
    outer loop
      vertex 5.000000 19.255319 0.000000
      vertex 5.000000 19.255319 0.400000
      vertex 5.000000 19.574468 0.400000
    endloop
  endfacet
  facet normal -1.000000 0.000000 0.000000
    outer loop
      vertex 5.000000 19.255319 0.000000
      vertex 5.000000 19.574468 0.400000
      vertex 5.000000 19.574468 0.000000
    endloop
  endfacet
  facet normal 1.000000 0.000000 0.000000
    outer loop
      vertex 7.857143 19.255319 0.000000
      vertex 7.857143 19.574468 0.000000
      vertex 7.857143 19.574468 0.400000
    endloop
  endfacet
  facet normal 1.000000 0.000000 0.000000
    outer loop
      vertex 7.857143 19.255319 0.000000
      vertex 7.857143 19.574468 0.400000
      vertex 7.857143 19.255319 0.400000
    endloop
  endfacet
  facet normal 0.000000 0.000000 -1.000000
    outer loop
      vertex 42.142857 14.148936 0.000000
      vertex 42.777778 19.574468 0.000000
      vertex 42.777778 14.148936 0.000000
    endloop
  endfacet
  facet normal 0.000000 0.000000 -1.000000
    outer loop
      vertex 42.142857 14.148936 0.000000
      vertex 42.142857 19.574468 0.000000
      vertex 42.777778 19.574468 0.000000
    endloop
  endfacet
  facet normal 0.000000 0.000000 1.000000
    outer loop
      vertex 42.142857 14.148936 0.400000
      vertex 42.777778 14.148936 0.400000
      vertex 42.777778 19.574468 0.400000
    endloop
  endfacet
  facet normal 0.000000 0.000000 1.000000
    outer loop
      vertex 42.142857 14.148936 0.400000
      vertex 42.777778 19.574468 0.400000
      vertex 42.142857 19.574468 0.400000
    endloop
  endfacet
  facet normal 0.000000 -1.000000 0.000000
    outer loop
      vertex 42.142857 14.148936 0.000000
      vertex 42.777778 14.148936 0.000000
      vertex 42.777778 14.148936 0.400000
    endloop
  endfacet
  facet normal 0.000000 -1.000000 0.000000
    outer loop
      vertex 42.142857 14.148936 0.000000
      vertex 42.777778 14.148936 0.400000
      vertex 42.142857 14.148936 0.400000
    endloop
  endfacet
  facet normal 0.000000 1.000000 0.000000
    outer loop
      vertex 42.142857 19.574468 0.000000
      vertex 42.777778 19.574468 0.400000
      vertex 42.777778 19.574468 0.000000
    endloop
  endfacet
  facet normal 0.000000 1.000000 0.000000
    outer loop
      vertex 42.142857 19.574468 0.000000
      vertex 42.142857 19.574468 0.400000
      vertex 42.777778 19.574468 0.400000
    endloop
  endfacet
  facet normal -1.000000 0.000000 0.000000
    outer loop
      vertex 42.142857 14.148936 0.000000
      vertex 42.142857 14.148936 0.400000
      vertex 42.142857 19.574468 0.400000
    endloop
  endfacet
  facet normal -1.000000 0.000000 0.000000
    outer loop
      vertex 42.142857 14.148936 0.000000
      vertex 42.142857 19.574468 0.400000
      vertex 42.142857 19.574468 0.000000
    endloop
  endfacet
  facet normal 1.000000 0.000000 0.000000
    outer loop
      vertex 42.777778 14.148936 0.000000
      vertex 42.777778 19.574468 0.000000
      vertex 42.777778 19.574468 0.400000
    endloop
  endfacet
  facet normal 1.000000 0.000000 0.000000
    outer loop
      vertex 42.777778 14.148936 0.000000
      vertex 42.777778 19.574468 0.400000
      vertex 42.777778 14.148936 0.400000
    endloop
  endfacet
  facet normal 0.000000 0.000000 -1.000000
    outer loop
      vertex 5.000000 18.936170 0.000000
      vertex 7.539683 19.255319 0.000000
      vertex 7.539683 18.936170 0.000000
    endloop
  endfacet
  facet normal 0.000000 0.000000 -1.000000
    outer loop
      vertex 5.000000 18.936170 0.000000
      vertex 5.000000 19.255319 0.000000
      vertex 7.539683 19.255319 0.000000
    endloop
  endfacet
  facet normal 0.000000 0.000000 1.000000
    outer loop
      vertex 5.000000 18.936170 0.400000
      vertex 7.539683 18.936170 0.400000
      vertex 7.539683 19.255319 0.400000
    endloop
  endfacet
  facet normal 0.000000 0.000000 1.000000
    outer loop
      vertex 5.000000 18.936170 0.400000
      vertex 7.539683 19.255319 0.400000
      vertex 5.000000 19.255319 0.400000
    endloop
  endfacet
  facet normal 0.000000 -1.000000 0.000000
    outer loop
      vertex 5.000000 18.936170 0.000000
      vertex 7.539683 18.936170 0.000000
      vertex 7.539683 18.936170 0.400000
    endloop
  endfacet
  facet normal 0.000000 -1.000000 0.000000
    outer loop
      vertex 5.000000 18.936170 0.000000
      vertex 7.539683 18.936170 0.400000
      vertex 5.000000 18.936170 0.400000
    endloop
  endfacet
  facet normal 0.000000 1.000000 0.000000
    outer loop
      vertex 5.000000 19.255319 0.000000
      vertex 7.539683 19.255319 0.400000
      vertex 7.539683 19.255319 0.000000
    endloop
  endfacet
  facet normal 0.000000 1.000000 0.000000
    outer loop
      vertex 5.000000 19.255319 0.000000
      vertex 5.000000 19.255319 0.400000
      vertex 7.539683 19.255319 0.400000
    endloop
  endfacet
  facet normal -1.000000 0.000000 0.000000
    outer loop
      vertex 5.000000 18.936170 0.000000
      vertex 5.000000 18.936170 0.400000
      vertex 5.000000 19.255319 0.400000
    endloop
  endfacet
  facet normal -1.000000 0.000000 0.000000
    outer loop
      vertex 5.000000 18.936170 0.000000
      vertex 5.000000 19.255319 0.400000
      vertex 5.000000 19.255319 0.000000
    endloop
  endfacet
  facet normal 1.000000 0.000000 0.000000
    outer loop
      vertex 7.539683 18.936170 0.000000
      vertex 7.539683 19.255319 0.000000
      vertex 7.539683 19.255319 0.400000
    endloop
  endfacet
  facet normal 1.000000 0.000000 0.000000
    outer loop
      vertex 7.539683 18.936170 0.000000
      vertex 7.539683 19.255319 0.400000
      vertex 7.539683 18.936170 0.400000
    endloop
  endfacet
  facet normal 0.000000 0.000000 -1.000000
    outer loop
      vertex 21.825397 15.425532 0.000000
      vertex 22.142857 19.255319 0.000000
      vertex 22.142857 15.425532 0.000000
    endloop
  endfacet
  facet normal 0.000000 0.000000 -1.000000
    outer loop
      vertex 21.825397 15.425532 0.000000
      vertex 21.825397 19.255319 0.000000
      vertex 22.142857 19.255319 0.000000
    endloop
  endfacet
  facet normal 0.000000 0.000000 1.000000
    outer loop
      vertex 21.825397 15.425532 0.400000
      vertex 22.142857 15.425532 0.400000
      vertex 22.142857 19.255319 0.400000
    endloop
  endfacet
  facet normal 0.000000 0.000000 1.000000
    outer loop
      vertex 21.825397 15.425532 0.400000
      vertex 22.142857 19.255319 0.400000
      vertex 21.825397 19.255319 0.400000
    endloop
  endfacet
  facet normal 0.000000 -1.000000 0.000000
    outer loop
      vertex 21.825397 15.425532 0.000000
      vertex 22.142857 15.425532 0.000000
      vertex 22.142857 15.425532 0.400000
    endloop
  endfacet
  facet normal 0.000000 -1.000000 0.000000
    outer loop
      vertex 21.825397 15.425532 0.000000
      vertex 22.142857 15.425532 0.400000
      vertex 21.825397 15.425532 0.400000
    endloop
  endfacet
  facet normal 0.000000 1.000000 0.000000
    outer loop
      vertex 21.825397 19.255319 0.000000
      vertex 22.142857 19.255319 0.400000
      vertex 22.142857 19.255319 0.000000
    endloop
  endfacet
  facet normal 0.000000 1.000000 0.000000
    outer loop
      vertex 21.825397 19.255319 0.000000
      vertex 21.825397 19.255319 0.400000
      vertex 22.142857 19.255319 0.400000
    endloop
  endfacet
  facet normal -1.000000 0.000000 0.000000
    outer loop
      vertex 21.825397 15.425532 0.000000
      vertex 21.825397 15.425532 0.400000
      vertex 21.825397 19.255319 0.400000
    endloop
  endfacet
  facet normal -1.000000 0.000000 0.000000
    outer loop
      vertex 21.825397 15.425532 0.000000
      vertex 21.825397 19.255319 0.400000
      vertex 21.825397 19.255319 0.000000
    endloop
  endfacet
  facet normal 1.000000 0.000000 0.000000
    outer loop
      vertex 22.142857 15.425532 0.000000
      vertex 22.142857 19.255319 0.000000
      vertex 22.142857 19.255319 0.400000
    endloop
  endfacet
  facet normal 1.000000 0.000000 0.000000
    outer loop
      vertex 22.142857 15.425532 0.000000
      vertex 22.142857 19.255319 0.400000
      vertex 22.142857 15.425532 0.400000
    endloop
  endfacet
  facet normal 0.000000 0.000000 -1.000000
    outer loop
      vertex 31.349206 15.425532 0.000000
      vertex 31.666667 19.255319 0.000000
      vertex 31.666667 15.425532 0.000000
    endloop
  endfacet
  facet normal 0.000000 0.000000 -1.000000
    outer loop
      vertex 31.349206 15.425532 0.000000
      vertex 31.349206 19.255319 0.000000
      vertex 31.666667 19.255319 0.000000
    endloop
  endfacet
  facet normal 0.000000 0.000000 1.000000
    outer loop
      vertex 31.349206 15.425532 0.400000
      vertex 31.666667 15.425532 0.400000
      vertex 31.666667 19.255319 0.400000
    endloop
  endfacet
  facet normal 0.000000 0.000000 1.000000
    outer loop
      vertex 31.349206 15.425532 0.400000
      vertex 31.666667 19.255319 0.400000
      vertex 31.349206 19.255319 0.400000
    endloop
  endfacet
  facet normal 0.000000 -1.000000 0.000000
    outer loop
      vertex 31.349206 15.425532 0.000000
      vertex 31.666667 15.425532 0.000000
      vertex 31.666667 15.425532 0.400000
    endloop
  endfacet
  facet normal 0.000000 -1.000000 0.000000
    outer loop
      vertex 31.349206 15.425532 0.000000
      vertex 31.666667 15.425532 0.400000
      vertex 31.349206 15.425532 0.400000
    endloop
  endfacet
  facet normal 0.000000 1.000000 0.000000
    outer loop
      vertex 31.349206 19.255319 0.000000
      vertex 31.666667 19.255319 0.400000
      vertex 31.666667 19.255319 0.000000
    endloop
  endfacet
  facet normal 0.000000 1.000000 0.000000
    outer loop
      vertex 31.349206 19.255319 0.000000
      vertex 31.349206 19.255319 0.400000
      vertex 31.666667 19.255319 0.400000
    endloop
  endfacet
  facet normal -1.000000 0.000000 0.000000
    outer loop
      vertex 31.349206 15.425532 0.000000
      vertex 31.349206 15.425532 0.400000
      vertex 31.349206 19.255319 0.400000
    endloop
  endfacet
  facet normal -1.000000 0.000000 0.000000
    outer loop
      vertex 31.349206 15.425532 0.000000
      vertex 31.349206 19.255319 0.400000
      vertex 31.349206 19.255319 0.000000
    endloop
  endfacet
  facet normal 1.000000 0.000000 0.000000
    outer loop
      vertex 31.666667 15.425532 0.000000
      vertex 31.666667 19.255319 0.000000
      vertex 31.666667 19.255319 0.400000
    endloop
  endfacet
  facet normal 1.000000 0.000000 0.000000
    outer loop
      vertex 31.666667 15.425532 0.000000
      vertex 31.666667 19.255319 0.400000
      vertex 31.666667 15.425532 0.400000
    endloop
  endfacet
  facet normal 0.000000 0.000000 -1.000000
    outer loop
      vertex 5.000000 18.297872 0.000000
      vertex 7.222222 18.936170 0.000000
      vertex 7.222222 18.297872 0.000000
    endloop
  endfacet
  facet normal 0.000000 0.000000 -1.000000
    outer loop
      vertex 5.000000 18.297872 0.000000
      vertex 5.000000 18.936170 0.000000
      vertex 7.222222 18.936170 0.000000
    endloop
  endfacet
  facet normal 0.000000 0.000000 1.000000
    outer loop
      vertex 5.000000 18.297872 0.400000
      vertex 7.222222 18.297872 0.400000
      vertex 7.222222 18.936170 0.400000
    endloop
  endfacet
  facet normal 0.000000 0.000000 1.000000
    outer loop
      vertex 5.000000 18.297872 0.400000
      vertex 7.222222 18.936170 0.400000
      vertex 5.000000 18.936170 0.400000
    endloop
  endfacet
  facet normal 0.000000 -1.000000 0.000000
    outer loop
      vertex 5.000000 18.297872 0.000000
      vertex 7.222222 18.297872 0.000000
      vertex 7.222222 18.297872 0.400000
    endloop
  endfacet
  facet normal 0.000000 -1.000000 0.000000
    outer loop
      vertex 5.000000 18.297872 0.000000
      vertex 7.222222 18.297872 0.400000
      vertex 5.000000 18.297872 0.400000
    endloop
  endfacet
  facet normal 0.000000 1.000000 0.000000
    outer loop
      vertex 5.000000 18.936170 0.000000
      vertex 7.222222 18.936170 0.400000
      vertex 7.222222 18.936170 0.000000
    endloop
  endfacet
  facet normal 0.000000 1.000000 0.000000
    outer loop
      vertex 5.000000 18.936170 0.000000
      vertex 5.000000 18.936170 0.400000
      vertex 7.222222 18.936170 0.400000
    endloop
  endfacet
  facet normal -1.000000 0.000000 0.000000
    outer loop
      vertex 5.000000 18.297872 0.000000
      vertex 5.000000 18.297872 0.400000
      vertex 5.000000 18.936170 0.400000
    endloop
  endfacet
  facet normal -1.000000 0.000000 0.000000
    outer loop
      vertex 5.000000 18.297872 0.000000
      vertex 5.000000 18.936170 0.400000
      vertex 5.000000 18.936170 0.000000
    endloop
  endfacet
  facet normal 1.000000 0.000000 0.000000
    outer loop
      vertex 7.222222 18.297872 0.000000
      vertex 7.222222 18.936170 0.000000
      vertex 7.222222 18.936170 0.400000
    endloop
  endfacet
  facet normal 1.000000 0.000000 0.000000
    outer loop
      vertex 7.222222 18.297872 0.000000
      vertex 7.222222 18.936170 0.400000
      vertex 7.222222 18.297872 0.400000
    endloop
  endfacet
  facet normal 0.000000 0.000000 -1.000000
    outer loop
      vertex 18.968254 15.744681 0.000000
      vertex 19.285714 18.936170 0.000000
      vertex 19.285714 15.744681 0.000000
    endloop
  endfacet
  facet normal 0.000000 0.000000 -1.000000
    outer loop
      vertex 18.968254 15.744681 0.000000
      vertex 18.968254 18.936170 0.000000
      vertex 19.285714 18.936170 0.000000
    endloop
  endfacet
  facet normal 0.000000 0.000000 1.000000
    outer loop
      vertex 18.968254 15.744681 0.400000
      vertex 19.285714 15.744681 0.400000
      vertex 19.285714 18.936170 0.400000
    endloop
  endfacet
  facet normal 0.000000 0.000000 1.000000
    outer loop
      vertex 18.968254 15.744681 0.400000
      vertex 19.285714 18.936170 0.400000
      vertex 18.968254 18.936170 0.400000
    endloop
  endfacet
  facet normal 0.000000 -1.000000 0.000000
    outer loop
      vertex 18.968254 15.744681 0.000000
      vertex 19.285714 15.744681 0.000000
      vertex 19.285714 15.744681 0.400000
    endloop
  endfacet
  facet normal 0.000000 -1.000000 0.000000
    outer loop
      vertex 18.968254 15.744681 0.000000
      vertex 19.285714 15.744681 0.400000
      vertex 18.968254 15.744681 0.400000
    endloop
  endfacet
  facet normal 0.000000 1.000000 0.000000
    outer loop
      vertex 18.968254 18.936170 0.000000
      vertex 19.285714 18.936170 0.400000
      vertex 19.285714 18.936170 0.000000
    endloop
  endfacet
  facet normal 0.000000 1.000000 0.000000
    outer loop
      vertex 18.968254 18.936170 0.000000
      vertex 18.968254 18.936170 0.400000
      vertex 19.285714 18.936170 0.400000
    endloop
  endfacet
  facet normal -1.000000 0.000000 0.000000
    outer loop
      vertex 18.968254 15.744681 0.000000
      vertex 18.968254 15.744681 0.400000
      vertex 18.968254 18.936170 0.400000
    endloop
  endfacet
  facet normal -1.000000 0.000000 0.000000
    outer loop
      vertex 18.968254 15.744681 0.000000
      vertex 18.968254 18.936170 0.400000
      vertex 18.968254 18.936170 0.000000
    endloop
  endfacet
  facet normal 1.000000 0.000000 0.000000
    outer loop
      vertex 19.285714 15.744681 0.000000
      vertex 19.285714 18.936170 0.000000
      vertex 19.285714 18.936170 0.400000
    endloop
  endfacet
  facet normal 1.000000 0.000000 0.000000
    outer loop
      vertex 19.285714 15.744681 0.000000
      vertex 19.285714 18.936170 0.400000
      vertex 19.285714 15.744681 0.400000
    endloop
  endfacet
  facet normal 0.000000 0.000000 -1.000000
    outer loop
      vertex 24.682540 18.617021 0.000000
      vertex 26.269841 18.936170 0.000000
      vertex 26.269841 18.617021 0.000000
    endloop
  endfacet
  facet normal 0.000000 0.000000 -1.000000
    outer loop
      vertex 24.682540 18.617021 0.000000
      vertex 24.682540 18.936170 0.000000
      vertex 26.269841 18.936170 0.000000
    endloop
  endfacet
  facet normal 0.000000 0.000000 1.000000
    outer loop
      vertex 24.682540 18.617021 0.400000
      vertex 26.269841 18.617021 0.400000
      vertex 26.269841 18.936170 0.400000
    endloop
  endfacet
  facet normal 0.000000 0.000000 1.000000
    outer loop
      vertex 24.682540 18.617021 0.400000
      vertex 26.269841 18.936170 0.400000
      vertex 24.682540 18.936170 0.400000
    endloop
  endfacet
  facet normal 0.000000 -1.000000 0.000000
    outer loop
      vertex 24.682540 18.617021 0.000000
      vertex 26.269841 18.617021 0.000000
      vertex 26.269841 18.617021 0.400000
    endloop
  endfacet
  facet normal 0.000000 -1.000000 0.000000
    outer loop
      vertex 24.682540 18.617021 0.000000
      vertex 26.269841 18.617021 0.400000
      vertex 24.682540 18.617021 0.400000
    endloop
  endfacet
  facet normal 0.000000 1.000000 0.000000
    outer loop
      vertex 24.682540 18.936170 0.000000
      vertex 26.269841 18.936170 0.400000
      vertex 26.269841 18.936170 0.000000
    endloop
  endfacet
  facet normal 0.000000 1.000000 0.000000
    outer loop
      vertex 24.682540 18.936170 0.000000
      vertex 24.682540 18.936170 0.400000
      vertex 26.269841 18.936170 0.400000
    endloop
  endfacet
  facet normal -1.000000 0.000000 0.000000
    outer loop
      vertex 24.682540 18.617021 0.000000
      vertex 24.682540 18.617021 0.400000
      vertex 24.682540 18.936170 0.400000
    endloop
  endfacet
  facet normal -1.000000 0.000000 0.000000
    outer loop
      vertex 24.682540 18.617021 0.000000
      vertex 24.682540 18.936170 0.400000
      vertex 24.682540 18.936170 0.000000
    endloop
  endfacet
  facet normal 1.000000 0.000000 0.000000
    outer loop
      vertex 26.269841 18.617021 0.000000
      vertex 26.269841 18.936170 0.000000
      vertex 26.269841 18.936170 0.400000
    endloop
  endfacet
  facet normal 1.000000 0.000000 0.000000
    outer loop
      vertex 26.269841 18.617021 0.000000
      vertex 26.269841 18.936170 0.400000
      vertex 26.269841 18.617021 0.400000
    endloop
  endfacet
  facet normal 0.000000 0.000000 -1.000000
    outer loop
      vertex 28.492063 15.744681 0.000000
      vertex 28.809524 18.936170 0.000000
      vertex 28.809524 15.744681 0.000000
    endloop
  endfacet
  facet normal 0.000000 0.000000 -1.000000
    outer loop
      vertex 28.492063 15.744681 0.000000
      vertex 28.492063 18.936170 0.000000
      vertex 28.809524 18.936170 0.000000
    endloop
  endfacet
  facet normal 0.000000 0.000000 1.000000
    outer loop
      vertex 28.492063 15.744681 0.400000
      vertex 28.809524 15.744681 0.400000
      vertex 28.809524 18.936170 0.400000
    endloop
  endfacet
  facet normal 0.000000 0.000000 1.000000
    outer loop
      vertex 28.492063 15.744681 0.400000
      vertex 28.809524 18.936170 0.400000
      vertex 28.492063 18.936170 0.400000
    endloop
  endfacet
  facet normal 0.000000 -1.000000 0.000000
    outer loop
      vertex 28.492063 15.744681 0.000000
      vertex 28.809524 15.744681 0.000000
      vertex 28.809524 15.744681 0.400000
    endloop
  endfacet
  facet normal 0.000000 -1.000000 0.000000
    outer loop
      vertex 28.492063 15.744681 0.000000
      vertex 28.809524 15.744681 0.400000
      vertex 28.492063 15.744681 0.400000
    endloop
  endfacet
  facet normal 0.000000 1.000000 0.000000
    outer loop
      vertex 28.492063 18.936170 0.000000
      vertex 28.809524 18.936170 0.400000
      vertex 28.809524 18.936170 0.000000
    endloop
  endfacet
  facet normal 0.000000 1.000000 0.000000
    outer loop
      vertex 28.492063 18.936170 0.000000
      vertex 28.492063 18.936170 0.400000
      vertex 28.809524 18.936170 0.400000
    endloop
  endfacet
  facet normal -1.000000 0.000000 0.000000
    outer loop
      vertex 28.492063 15.744681 0.000000
      vertex 28.492063 15.744681 0.400000
      vertex 28.492063 18.936170 0.400000
    endloop
  endfacet
  facet normal -1.000000 0.000000 0.000000
    outer loop
      vertex 28.492063 15.744681 0.000000
      vertex 28.492063 18.936170 0.400000
      vertex 28.492063 18.936170 0.000000
    endloop
  endfacet
  facet normal 1.000000 0.000000 0.000000
    outer loop
      vertex 28.809524 15.744681 0.000000
      vertex 28.809524 18.936170 0.000000
      vertex 28.809524 18.936170 0.400000
    endloop
  endfacet
  facet normal 1.000000 0.000000 0.000000
    outer loop
      vertex 28.809524 15.744681 0.000000
      vertex 28.809524 18.936170 0.400000
      vertex 28.809524 15.744681 0.400000
    endloop
  endfacet
  facet normal 0.000000 0.000000 -1.000000
    outer loop
      vertex 34.206349 10.000000 0.000000
      vertex 34.841270 18.936170 0.000000
      vertex 34.841270 10.000000 0.000000
    endloop
  endfacet
  facet normal 0.000000 0.000000 -1.000000
    outer loop
      vertex 34.206349 10.000000 0.000000
      vertex 34.206349 18.936170 0.000000
      vertex 34.841270 18.936170 0.000000
    endloop
  endfacet
  facet normal 0.000000 0.000000 1.000000
    outer loop
      vertex 34.206349 10.000000 0.400000
      vertex 34.841270 10.000000 0.400000
      vertex 34.841270 18.936170 0.400000
    endloop
  endfacet
  facet normal 0.000000 0.000000 1.000000
    outer loop
      vertex 34.206349 10.000000 0.400000
      vertex 34.841270 18.936170 0.400000
      vertex 34.206349 18.936170 0.400000
    endloop
  endfacet
  facet normal 0.000000 -1.000000 0.000000
    outer loop
      vertex 34.206349 10.000000 0.000000
      vertex 34.841270 10.000000 0.000000
      vertex 34.841270 10.000000 0.400000
    endloop
  endfacet
  facet normal 0.000000 -1.000000 0.000000
    outer loop
      vertex 34.206349 10.000000 0.000000
      vertex 34.841270 10.000000 0.400000
      vertex 34.206349 10.000000 0.400000
    endloop
  endfacet
  facet normal 0.000000 1.000000 0.000000
    outer loop
      vertex 34.206349 18.936170 0.000000
      vertex 34.841270 18.936170 0.400000
      vertex 34.841270 18.936170 0.000000
    endloop
  endfacet
  facet normal 0.000000 1.000000 0.000000
    outer loop
      vertex 34.206349 18.936170 0.000000
      vertex 34.206349 18.936170 0.400000
      vertex 34.841270 18.936170 0.400000
    endloop
  endfacet
  facet normal -1.000000 0.000000 0.000000
    outer loop
      vertex 34.206349 10.000000 0.000000
      vertex 34.206349 10.000000 0.400000
      vertex 34.206349 18.936170 0.400000
    endloop
  endfacet
  facet normal -1.000000 0.000000 0.000000
    outer loop
      vertex 34.206349 10.000000 0.000000
      vertex 34.206349 18.936170 0.400000
      vertex 34.206349 18.936170 0.000000
    endloop
  endfacet
  facet normal 1.000000 0.000000 0.000000
    outer loop
      vertex 34.841270 10.000000 0.000000
      vertex 34.841270 18.936170 0.000000
      vertex 34.841270 18.936170 0.400000
    endloop
  endfacet
  facet normal 1.000000 0.000000 0.000000
    outer loop
      vertex 34.841270 10.000000 0.000000
      vertex 34.841270 18.936170 0.400000
      vertex 34.841270 10.000000 0.400000
    endloop
  endfacet
  facet normal 0.000000 0.000000 -1.000000
    outer loop
      vertex 10.079365 13.829787 0.000000
      vertex 11.349206 18.617021 0.000000
      vertex 11.349206 13.829787 0.000000
    endloop
  endfacet
  facet normal 0.000000 0.000000 -1.000000
    outer loop
      vertex 10.079365 13.829787 0.000000
      vertex 10.079365 18.617021 0.000000
      vertex 11.349206 18.617021 0.000000
    endloop
  endfacet
  facet normal 0.000000 0.000000 1.000000
    outer loop
      vertex 10.079365 13.829787 0.400000
      vertex 11.349206 13.829787 0.400000
      vertex 11.349206 18.617021 0.400000
    endloop
  endfacet
  facet normal 0.000000 0.000000 1.000000
    outer loop
      vertex 10.079365 13.829787 0.400000
      vertex 11.349206 18.617021 0.400000
      vertex 10.079365 18.617021 0.400000
    endloop
  endfacet
  facet normal 0.000000 -1.000000 0.000000
    outer loop
      vertex 10.079365 13.829787 0.000000
      vertex 11.349206 13.829787 0.000000
      vertex 11.349206 13.829787 0.400000
    endloop
  endfacet
  facet normal 0.000000 -1.000000 0.000000
    outer loop
      vertex 10.079365 13.829787 0.000000
      vertex 11.349206 13.829787 0.400000
      vertex 10.079365 13.829787 0.400000
    endloop
  endfacet
  facet normal 0.000000 1.000000 0.000000
    outer loop
      vertex 10.079365 18.617021 0.000000
      vertex 11.349206 18.617021 0.400000
      vertex 11.349206 18.617021 0.000000
    endloop
  endfacet
  facet normal 0.000000 1.000000 0.000000
    outer loop
      vertex 10.079365 18.617021 0.000000
      vertex 10.079365 18.617021 0.400000
      vertex 11.349206 18.617021 0.400000
    endloop
  endfacet
  facet normal -1.000000 0.000000 0.000000
    outer loop
      vertex 10.079365 13.829787 0.000000
      vertex 10.079365 13.829787 0.400000
      vertex 10.079365 18.617021 0.400000
    endloop
  endfacet
  facet normal -1.000000 0.000000 0.000000
    outer loop
      vertex 10.079365 13.829787 0.000000
      vertex 10.079365 18.617021 0.400000
      vertex 10.079365 18.617021 0.000000
    endloop
  endfacet
  facet normal 1.000000 0.000000 0.000000
    outer loop
      vertex 11.349206 13.829787 0.000000
      vertex 11.349206 18.617021 0.000000
      vertex 11.349206 18.617021 0.400000
    endloop
  endfacet
  facet normal 1.000000 0.000000 0.000000
    outer loop
      vertex 11.349206 13.829787 0.000000
      vertex 11.349206 18.617021 0.400000
      vertex 11.349206 13.829787 0.400000
    endloop
  endfacet
  facet normal 0.000000 0.000000 -1.000000
    outer loop
      vertex 15.158730 10.000000 0.000000
      vertex 16.428571 18.617021 0.000000
      vertex 16.428571 10.000000 0.000000
    endloop
  endfacet
  facet normal 0.000000 0.000000 -1.000000
    outer loop
      vertex 15.158730 10.000000 0.000000
      vertex 15.158730 18.617021 0.000000
      vertex 16.428571 18.617021 0.000000
    endloop
  endfacet
  facet normal 0.000000 0.000000 1.000000
    outer loop
      vertex 15.158730 10.000000 0.400000
      vertex 16.428571 10.000000 0.400000
      vertex 16.428571 18.617021 0.400000
    endloop
  endfacet
  facet normal 0.000000 0.000000 1.000000
    outer loop
      vertex 15.158730 10.000000 0.400000
      vertex 16.428571 18.617021 0.400000
      vertex 15.158730 18.617021 0.400000
    endloop
  endfacet
  facet normal 0.000000 -1.000000 0.000000
    outer loop
      vertex 15.158730 10.000000 0.000000
      vertex 16.428571 10.000000 0.000000
      vertex 16.428571 10.000000 0.400000
    endloop
  endfacet
  facet normal 0.000000 -1.000000 0.000000
    outer loop
      vertex 15.158730 10.000000 0.000000
      vertex 16.428571 10.000000 0.400000
      vertex 15.158730 10.000000 0.400000
    endloop
  endfacet
  facet normal 0.000000 1.000000 0.000000
    outer loop
      vertex 15.158730 18.617021 0.000000
      vertex 16.428571 18.617021 0.400000
      vertex 16.428571 18.617021 0.000000
    endloop
  endfacet
  facet normal 0.000000 1.000000 0.000000
    outer loop
      vertex 15.158730 18.617021 0.000000
      vertex 15.158730 18.617021 0.400000
      vertex 16.428571 18.617021 0.400000
    endloop
  endfacet
  facet normal -1.000000 0.000000 0.000000
    outer loop
      vertex 15.158730 10.000000 0.000000
      vertex 15.158730 10.000000 0.400000
      vertex 15.158730 18.617021 0.400000
    endloop
  endfacet
  facet normal -1.000000 0.000000 0.000000
    outer loop
      vertex 15.158730 10.000000 0.000000
      vertex 15.158730 18.617021 0.400000
      vertex 15.158730 18.617021 0.000000
    endloop
  endfacet
  facet normal 1.000000 0.000000 0.000000
    outer loop
      vertex 16.428571 10.000000 0.000000
      vertex 16.428571 18.617021 0.000000
      vertex 16.428571 18.617021 0.400000
    endloop
  endfacet
  facet normal 1.000000 0.000000 0.000000
    outer loop
      vertex 16.428571 10.000000 0.000000
      vertex 16.428571 18.617021 0.400000
      vertex 16.428571 10.000000 0.400000
    endloop
  endfacet
  facet normal 0.000000 0.000000 -1.000000
    outer loop
      vertex 24.682540 10.000000 0.000000
      vertex 25.952381 18.617021 0.000000
      vertex 25.952381 10.000000 0.000000
    endloop
  endfacet
  facet normal 0.000000 0.000000 -1.000000
    outer loop
      vertex 24.682540 10.000000 0.000000
      vertex 24.682540 18.617021 0.000000
      vertex 25.952381 18.617021 0.000000
    endloop
  endfacet
  facet normal 0.000000 0.000000 1.000000
    outer loop
      vertex 24.682540 10.000000 0.400000
      vertex 25.952381 10.000000 0.400000
      vertex 25.952381 18.617021 0.400000
    endloop
  endfacet
  facet normal 0.000000 0.000000 1.000000
    outer loop
      vertex 24.682540 10.000000 0.400000
      vertex 25.952381 18.617021 0.400000
      vertex 24.682540 18.617021 0.400000
    endloop
  endfacet
  facet normal 0.000000 -1.000000 0.000000
    outer loop
      vertex 24.682540 10.000000 0.000000
      vertex 25.952381 10.000000 0.000000
      vertex 25.952381 10.000000 0.400000
    endloop
  endfacet
  facet normal 0.000000 -1.000000 0.000000
    outer loop
      vertex 24.682540 10.000000 0.000000
      vertex 25.952381 10.000000 0.400000
      vertex 24.682540 10.000000 0.400000
    endloop
  endfacet
  facet normal 0.000000 1.000000 0.000000
    outer loop
      vertex 24.682540 18.617021 0.000000
      vertex 25.952381 18.617021 0.400000
      vertex 25.952381 18.617021 0.000000
    endloop
  endfacet
  facet normal 0.000000 1.000000 0.000000
    outer loop
      vertex 24.682540 18.617021 0.000000
      vertex 24.682540 18.617021 0.400000
      vertex 25.952381 18.617021 0.400000
    endloop
  endfacet
  facet normal -1.000000 0.000000 0.000000
    outer loop
      vertex 24.682540 10.000000 0.000000
      vertex 24.682540 10.000000 0.400000
      vertex 24.682540 18.617021 0.400000
    endloop
  endfacet
  facet normal -1.000000 0.000000 0.000000
    outer loop
      vertex 24.682540 10.000000 0.000000
      vertex 24.682540 18.617021 0.400000
      vertex 24.682540 18.617021 0.000000
    endloop
  endfacet
  facet normal 1.000000 0.000000 0.000000
    outer loop
      vertex 25.952381 10.000000 0.000000
      vertex 25.952381 18.617021 0.000000
      vertex 25.952381 18.617021 0.400000
    endloop
  endfacet
  facet normal 1.000000 0.000000 0.000000
    outer loop
      vertex 25.952381 10.000000 0.000000
      vertex 25.952381 18.617021 0.400000
      vertex 25.952381 10.000000 0.400000
    endloop
  endfacet
  facet normal 0.000000 0.000000 -1.000000
    outer loop
      vertex 5.000000 17.340426 0.000000
      vertex 6.904762 18.297872 0.000000
      vertex 6.904762 17.340426 0.000000
    endloop
  endfacet
  facet normal 0.000000 0.000000 -1.000000
    outer loop
      vertex 5.000000 17.340426 0.000000
      vertex 5.000000 18.297872 0.000000
      vertex 6.904762 18.297872 0.000000
    endloop
  endfacet
  facet normal 0.000000 0.000000 1.000000
    outer loop
      vertex 5.000000 17.340426 0.400000
      vertex 6.904762 17.340426 0.400000
      vertex 6.904762 18.297872 0.400000
    endloop
  endfacet
  facet normal 0.000000 0.000000 1.000000
    outer loop
      vertex 5.000000 17.340426 0.400000
      vertex 6.904762 18.297872 0.400000
      vertex 5.000000 18.297872 0.400000
    endloop
  endfacet
  facet normal 0.000000 -1.000000 0.000000
    outer loop
      vertex 5.000000 17.340426 0.000000
      vertex 6.904762 17.340426 0.000000
      vertex 6.904762 17.340426 0.400000
    endloop
  endfacet
  facet normal 0.000000 -1.000000 0.000000
    outer loop
      vertex 5.000000 17.340426 0.000000
      vertex 6.904762 17.340426 0.400000
      vertex 5.000000 17.340426 0.400000
    endloop
  endfacet
  facet normal 0.000000 1.000000 0.000000
    outer loop
      vertex 5.000000 18.297872 0.000000
      vertex 6.904762 18.297872 0.400000
      vertex 6.904762 18.297872 0.000000
    endloop
  endfacet
  facet normal 0.000000 1.000000 0.000000
    outer loop
      vertex 5.000000 18.297872 0.000000
      vertex 5.000000 18.297872 0.400000
      vertex 6.904762 18.297872 0.400000
    endloop
  endfacet
  facet normal -1.000000 0.000000 0.000000
    outer loop
      vertex 5.000000 17.340426 0.000000
      vertex 5.000000 17.340426 0.400000
      vertex 5.000000 18.297872 0.400000
    endloop
  endfacet
  facet normal -1.000000 0.000000 0.000000
    outer loop
      vertex 5.000000 17.340426 0.000000
      vertex 5.000000 18.297872 0.400000
      vertex 5.000000 18.297872 0.000000
    endloop
  endfacet
  facet normal 1.000000 0.000000 0.000000
    outer loop
      vertex 6.904762 17.340426 0.000000
      vertex 6.904762 18.297872 0.000000
      vertex 6.904762 18.297872 0.400000
    endloop
  endfacet
  facet normal 1.000000 0.000000 0.000000
    outer loop
      vertex 6.904762 17.340426 0.000000
      vertex 6.904762 18.297872 0.400000
      vertex 6.904762 17.340426 0.400000
    endloop
  endfacet
  facet normal 0.000000 0.000000 -1.000000
    outer loop
      vertex 9.761905 14.148936 0.000000
      vertex 10.079365 18.297872 0.000000
      vertex 10.079365 14.148936 0.000000
    endloop
  endfacet
  facet normal 0.000000 0.000000 -1.000000
    outer loop
      vertex 9.761905 14.148936 0.000000
      vertex 9.761905 18.297872 0.000000
      vertex 10.079365 18.297872 0.000000
    endloop
  endfacet
  facet normal 0.000000 0.000000 1.000000
    outer loop
      vertex 9.761905 14.148936 0.400000
      vertex 10.079365 14.148936 0.400000
      vertex 10.079365 18.297872 0.400000
    endloop
  endfacet
  facet normal 0.000000 0.000000 1.000000
    outer loop
      vertex 9.761905 14.148936 0.400000
      vertex 10.079365 18.297872 0.400000
      vertex 9.761905 18.297872 0.400000
    endloop
  endfacet
  facet normal 0.000000 -1.000000 0.000000
    outer loop
      vertex 9.761905 14.148936 0.000000
      vertex 10.079365 14.148936 0.000000
      vertex 10.079365 14.148936 0.400000
    endloop
  endfacet
  facet normal 0.000000 -1.000000 0.000000
    outer loop
      vertex 9.761905 14.148936 0.000000
      vertex 10.079365 14.148936 0.400000
      vertex 9.761905 14.148936 0.400000
    endloop
  endfacet
  facet normal 0.000000 1.000000 0.000000
    outer loop
      vertex 9.761905 18.297872 0.000000
      vertex 10.079365 18.297872 0.400000
      vertex 10.079365 18.297872 0.000000
    endloop
  endfacet
  facet normal 0.000000 1.000000 0.000000
    outer loop
      vertex 9.761905 18.297872 0.000000
      vertex 9.761905 18.297872 0.400000
      vertex 10.079365 18.297872 0.400000
    endloop
  endfacet
  facet normal -1.000000 0.000000 0.000000
    outer loop
      vertex 9.761905 14.148936 0.000000
      vertex 9.761905 14.148936 0.400000
      vertex 9.761905 18.297872 0.400000
    endloop
  endfacet
  facet normal -1.000000 0.000000 0.000000
    outer loop
      vertex 9.761905 14.148936 0.000000
      vertex 9.761905 18.297872 0.400000
      vertex 9.761905 18.297872 0.000000
    endloop
  endfacet
  facet normal 1.000000 0.000000 0.000000
    outer loop
      vertex 10.079365 14.148936 0.000000
      vertex 10.079365 18.297872 0.000000
      vertex 10.079365 18.297872 0.400000
    endloop
  endfacet
  facet normal 1.000000 0.000000 0.000000
    outer loop
      vertex 10.079365 14.148936 0.000000
      vertex 10.079365 18.297872 0.400000
      vertex 10.079365 14.148936 0.400000
    endloop
  endfacet
  facet normal 0.000000 0.000000 -1.000000
    outer loop
      vertex 11.349206 14.148936 0.000000
      vertex 11.666667 18.297872 0.000000
      vertex 11.666667 14.148936 0.000000
    endloop
  endfacet
  facet normal 0.000000 0.000000 -1.000000
    outer loop
      vertex 11.349206 14.148936 0.000000
      vertex 11.349206 18.297872 0.000000
      vertex 11.666667 18.297872 0.000000
    endloop
  endfacet
  facet normal 0.000000 0.000000 1.000000
    outer loop
      vertex 11.349206 14.148936 0.400000
      vertex 11.666667 14.148936 0.400000
      vertex 11.666667 18.297872 0.400000
    endloop
  endfacet
  facet normal 0.000000 0.000000 1.000000
    outer loop
      vertex 11.349206 14.148936 0.400000
      vertex 11.666667 18.297872 0.400000
      vertex 11.349206 18.297872 0.400000
    endloop
  endfacet
  facet normal 0.000000 -1.000000 0.000000
    outer loop
      vertex 11.349206 14.148936 0.000000
      vertex 11.666667 14.148936 0.000000
      vertex 11.666667 14.148936 0.400000
    endloop
  endfacet
  facet normal 0.000000 -1.000000 0.000000
    outer loop
      vertex 11.349206 14.148936 0.000000
      vertex 11.666667 14.148936 0.400000
      vertex 11.349206 14.148936 0.400000
    endloop
  endfacet
  facet normal 0.000000 1.000000 0.000000
    outer loop
      vertex 11.349206 18.297872 0.000000
      vertex 11.666667 18.297872 0.400000
      vertex 11.666667 18.297872 0.000000
    endloop
  endfacet
  facet normal 0.000000 1.000000 0.000000
    outer loop
      vertex 11.349206 18.297872 0.000000
      vertex 11.349206 18.297872 0.400000
      vertex 11.666667 18.297872 0.400000
    endloop
  endfacet
  facet normal -1.000000 0.000000 0.000000
    outer loop
      vertex 11.349206 14.148936 0.000000
      vertex 11.349206 14.148936 0.400000
      vertex 11.349206 18.297872 0.400000
    endloop
  endfacet
  facet normal -1.000000 0.000000 0.000000
    outer loop
      vertex 11.349206 14.148936 0.000000
      vertex 11.349206 18.297872 0.400000
      vertex 11.349206 18.297872 0.000000
    endloop
  endfacet
  facet normal 1.000000 0.000000 0.000000
    outer loop
      vertex 11.666667 14.148936 0.000000
      vertex 11.666667 18.297872 0.000000
      vertex 11.666667 18.297872 0.400000
    endloop
  endfacet
  facet normal 1.000000 0.000000 0.000000
    outer loop
      vertex 11.666667 14.148936 0.000000
      vertex 11.666667 18.297872 0.400000
      vertex 11.666667 14.148936 0.400000
    endloop
  endfacet
  facet normal 0.000000 0.000000 -1.000000
    outer loop
      vertex 9.444444 14.468085 0.000000
      vertex 9.761905 17.978723 0.000000
      vertex 9.761905 14.468085 0.000000
    endloop
  endfacet
  facet normal 0.000000 0.000000 -1.000000
    outer loop
      vertex 9.444444 14.468085 0.000000
      vertex 9.444444 17.978723 0.000000
      vertex 9.761905 17.978723 0.000000
    endloop
  endfacet
  facet normal 0.000000 0.000000 1.000000
    outer loop
      vertex 9.444444 14.468085 0.400000
      vertex 9.761905 14.468085 0.400000
      vertex 9.761905 17.978723 0.400000
    endloop
  endfacet
  facet normal 0.000000 0.000000 1.000000
    outer loop
      vertex 9.444444 14.468085 0.400000
      vertex 9.761905 17.978723 0.400000
      vertex 9.444444 17.978723 0.400000
    endloop
  endfacet
  facet normal 0.000000 -1.000000 0.000000
    outer loop
      vertex 9.444444 14.468085 0.000000
      vertex 9.761905 14.468085 0.000000
      vertex 9.761905 14.468085 0.400000
    endloop
  endfacet
  facet normal 0.000000 -1.000000 0.000000
    outer loop
      vertex 9.444444 14.468085 0.000000
      vertex 9.761905 14.468085 0.400000
      vertex 9.444444 14.468085 0.400000
    endloop
  endfacet
  facet normal 0.000000 1.000000 0.000000
    outer loop
      vertex 9.444444 17.978723 0.000000
      vertex 9.761905 17.978723 0.400000
      vertex 9.761905 17.978723 0.000000
    endloop
  endfacet
  facet normal 0.000000 1.000000 0.000000
    outer loop
      vertex 9.444444 17.978723 0.000000
      vertex 9.444444 17.978723 0.400000
      vertex 9.761905 17.978723 0.400000
    endloop
  endfacet
  facet normal -1.000000 0.000000 0.000000
    outer loop
      vertex 9.444444 14.468085 0.000000
      vertex 9.444444 14.468085 0.400000
      vertex 9.444444 17.978723 0.400000
    endloop
  endfacet
  facet normal -1.000000 0.000000 0.000000
    outer loop
      vertex 9.444444 14.468085 0.000000
      vertex 9.444444 17.978723 0.400000
      vertex 9.444444 17.978723 0.000000
    endloop
  endfacet
  facet normal 1.000000 0.000000 0.000000
    outer loop
      vertex 9.761905 14.468085 0.000000
      vertex 9.761905 17.978723 0.000000
      vertex 9.761905 17.978723 0.400000
    endloop
  endfacet
  facet normal 1.000000 0.000000 0.000000
    outer loop
      vertex 9.761905 14.468085 0.000000
      vertex 9.761905 17.978723 0.400000
      vertex 9.761905 14.468085 0.400000
    endloop
  endfacet
  facet normal 0.000000 0.000000 -1.000000
    outer loop
      vertex 11.666667 14.468085 0.000000
      vertex 11.984127 17.978723 0.000000
      vertex 11.984127 14.468085 0.000000
    endloop
  endfacet
  facet normal 0.000000 0.000000 -1.000000
    outer loop
      vertex 11.666667 14.468085 0.000000
      vertex 11.666667 17.978723 0.000000
      vertex 11.984127 17.978723 0.000000
    endloop
  endfacet
  facet normal 0.000000 0.000000 1.000000
    outer loop
      vertex 11.666667 14.468085 0.400000
      vertex 11.984127 14.468085 0.400000
      vertex 11.984127 17.978723 0.400000
    endloop
  endfacet
  facet normal 0.000000 0.000000 1.000000
    outer loop
      vertex 11.666667 14.468085 0.400000
      vertex 11.984127 17.978723 0.400000
      vertex 11.666667 17.978723 0.400000
    endloop
  endfacet
  facet normal 0.000000 -1.000000 0.000000
    outer loop
      vertex 11.666667 14.468085 0.000000
      vertex 11.984127 14.468085 0.000000
      vertex 11.984127 14.468085 0.400000
    endloop
  endfacet
  facet normal 0.000000 -1.000000 0.000000
    outer loop
      vertex 11.666667 14.468085 0.000000
      vertex 11.984127 14.468085 0.400000
      vertex 11.666667 14.468085 0.400000
    endloop
  endfacet
  facet normal 0.000000 1.000000 0.000000
    outer loop
      vertex 11.666667 17.978723 0.000000
      vertex 11.984127 17.978723 0.400000
      vertex 11.984127 17.978723 0.000000
    endloop
  endfacet
  facet normal 0.000000 1.000000 0.000000
    outer loop
      vertex 11.666667 17.978723 0.000000
      vertex 11.666667 17.978723 0.400000
      vertex 11.984127 17.978723 0.400000
    endloop
  endfacet
  facet normal -1.000000 0.000000 0.000000
    outer loop
      vertex 11.666667 14.468085 0.000000
      vertex 11.666667 14.468085 0.400000
      vertex 11.666667 17.978723 0.400000
    endloop
  endfacet
  facet normal -1.000000 0.000000 0.000000
    outer loop
      vertex 11.666667 14.468085 0.000000
      vertex 11.666667 17.978723 0.400000
      vertex 11.666667 17.978723 0.000000
    endloop
  endfacet
  facet normal 1.000000 0.000000 0.000000
    outer loop
      vertex 11.984127 14.468085 0.000000
      vertex 11.984127 17.978723 0.000000
      vertex 11.984127 17.978723 0.400000
    endloop
  endfacet
  facet normal 1.000000 0.000000 0.000000
    outer loop
      vertex 11.984127 14.468085 0.000000
      vertex 11.984127 17.978723 0.400000
      vertex 11.984127 14.468085 0.400000
    endloop
  endfacet
  facet normal 0.000000 0.000000 -1.000000
    outer loop
      vertex 9.126984 14.787234 0.000000
      vertex 9.444444 17.659574 0.000000
      vertex 9.444444 14.787234 0.000000
    endloop
  endfacet
  facet normal 0.000000 0.000000 -1.000000
    outer loop
      vertex 9.126984 14.787234 0.000000
      vertex 9.126984 17.659574 0.000000
      vertex 9.444444 17.659574 0.000000
    endloop
  endfacet
  facet normal 0.000000 0.000000 1.000000
    outer loop
      vertex 9.126984 14.787234 0.400000
      vertex 9.444444 14.787234 0.400000
      vertex 9.444444 17.659574 0.400000
    endloop
  endfacet
  facet normal 0.000000 0.000000 1.000000
    outer loop
      vertex 9.126984 14.787234 0.400000
      vertex 9.444444 17.659574 0.400000
      vertex 9.126984 17.659574 0.400000
    endloop
  endfacet
  facet normal 0.000000 -1.000000 0.000000
    outer loop
      vertex 9.126984 14.787234 0.000000
      vertex 9.444444 14.787234 0.000000
      vertex 9.444444 14.787234 0.400000
    endloop
  endfacet
  facet normal 0.000000 -1.000000 0.000000
    outer loop
      vertex 9.126984 14.787234 0.000000
      vertex 9.444444 14.787234 0.400000
      vertex 9.126984 14.787234 0.400000
    endloop
  endfacet
  facet normal 0.000000 1.000000 0.000000
    outer loop
      vertex 9.126984 17.659574 0.000000
      vertex 9.444444 17.659574 0.400000
      vertex 9.444444 17.659574 0.000000
    endloop
  endfacet
  facet normal 0.000000 1.000000 0.000000
    outer loop
      vertex 9.126984 17.659574 0.000000
      vertex 9.126984 17.659574 0.400000
      vertex 9.444444 17.659574 0.400000
    endloop
  endfacet
  facet normal -1.000000 0.000000 0.000000
    outer loop
      vertex 9.126984 14.787234 0.000000
      vertex 9.126984 14.787234 0.400000
      vertex 9.126984 17.659574 0.400000
    endloop
  endfacet
  facet normal -1.000000 0.000000 0.000000
    outer loop
      vertex 9.126984 14.787234 0.000000
      vertex 9.126984 17.659574 0.400000
      vertex 9.126984 17.659574 0.000000
    endloop
  endfacet
  facet normal 1.000000 0.000000 0.000000
    outer loop
      vertex 9.444444 14.787234 0.000000
      vertex 9.444444 17.659574 0.000000
      vertex 9.444444 17.659574 0.400000
    endloop
  endfacet
  facet normal 1.000000 0.000000 0.000000
    outer loop
      vertex 9.444444 14.787234 0.000000
      vertex 9.444444 17.659574 0.400000
      vertex 9.444444 14.787234 0.400000
    endloop
  endfacet
  facet normal 0.000000 0.000000 -1.000000
    outer loop
      vertex 5.000000 10.000000 0.000000
      vertex 6.587302 17.340426 0.000000
      vertex 6.587302 10.000000 0.000000
    endloop
  endfacet
  facet normal 0.000000 0.000000 -1.000000
    outer loop
      vertex 5.000000 10.000000 0.000000
      vertex 5.000000 17.340426 0.000000
      vertex 6.587302 17.340426 0.000000
    endloop
  endfacet
  facet normal 0.000000 0.000000 1.000000
    outer loop
      vertex 5.000000 10.000000 0.400000
      vertex 6.587302 10.000000 0.400000
      vertex 6.587302 17.340426 0.400000
    endloop
  endfacet
  facet normal 0.000000 0.000000 1.000000
    outer loop
      vertex 5.000000 10.000000 0.400000
      vertex 6.587302 17.340426 0.400000
      vertex 5.000000 17.340426 0.400000
    endloop
  endfacet
  facet normal 0.000000 -1.000000 0.000000
    outer loop
      vertex 5.000000 10.000000 0.000000
      vertex 6.587302 10.000000 0.000000
      vertex 6.587302 10.000000 0.400000
    endloop
  endfacet
  facet normal 0.000000 -1.000000 0.000000
    outer loop
      vertex 5.000000 10.000000 0.000000
      vertex 6.587302 10.000000 0.400000
      vertex 5.000000 10.000000 0.400000
    endloop
  endfacet
  facet normal 0.000000 1.000000 0.000000
    outer loop
      vertex 5.000000 17.340426 0.000000
      vertex 6.587302 17.340426 0.400000
      vertex 6.587302 17.340426 0.000000
    endloop
  endfacet
  facet normal 0.000000 1.000000 0.000000
    outer loop
      vertex 5.000000 17.340426 0.000000
      vertex 5.000000 17.340426 0.400000
      vertex 6.587302 17.340426 0.400000
    endloop
  endfacet
  facet normal -1.000000 0.000000 0.000000
    outer loop
      vertex 5.000000 10.000000 0.000000
      vertex 5.000000 10.000000 0.400000
      vertex 5.000000 17.340426 0.400000
    endloop
  endfacet
  facet normal -1.000000 0.000000 0.000000
    outer loop
      vertex 5.000000 10.000000 0.000000
      vertex 5.000000 17.340426 0.400000
      vertex 5.000000 17.340426 0.000000
    endloop
  endfacet
  facet normal 1.000000 0.000000 0.000000
    outer loop
      vertex 6.587302 10.000000 0.000000
      vertex 6.587302 17.340426 0.000000
      vertex 6.587302 17.340426 0.400000
    endloop
  endfacet
  facet normal 1.000000 0.000000 0.000000
    outer loop
      vertex 6.587302 10.000000 0.000000
      vertex 6.587302 17.340426 0.400000
      vertex 6.587302 10.000000 0.400000
    endloop
  endfacet
  facet normal 0.000000 0.000000 -1.000000
    outer loop
      vertex 11.984127 15.106383 0.000000
      vertex 12.301587 17.340426 0.000000
      vertex 12.301587 15.106383 0.000000
    endloop
  endfacet
  facet normal 0.000000 0.000000 -1.000000
    outer loop
      vertex 11.984127 15.106383 0.000000
      vertex 11.984127 17.340426 0.000000
      vertex 12.301587 17.340426 0.000000
    endloop
  endfacet
  facet normal 0.000000 0.000000 1.000000
    outer loop
      vertex 11.984127 15.106383 0.400000
      vertex 12.301587 15.106383 0.400000
      vertex 12.301587 17.340426 0.400000
    endloop
  endfacet
  facet normal 0.000000 0.000000 1.000000
    outer loop
      vertex 11.984127 15.106383 0.400000
      vertex 12.301587 17.340426 0.400000
      vertex 11.984127 17.340426 0.400000
    endloop
  endfacet
  facet normal 0.000000 -1.000000 0.000000
    outer loop
      vertex 11.984127 15.106383 0.000000
      vertex 12.301587 15.106383 0.000000
      vertex 12.301587 15.106383 0.400000
    endloop
  endfacet
  facet normal 0.000000 -1.000000 0.000000
    outer loop
      vertex 11.984127 15.106383 0.000000
      vertex 12.301587 15.106383 0.400000
      vertex 11.984127 15.106383 0.400000
    endloop
  endfacet
  facet normal 0.000000 1.000000 0.000000
    outer loop
      vertex 11.984127 17.340426 0.000000
      vertex 12.301587 17.340426 0.400000
      vertex 12.301587 17.340426 0.000000
    endloop
  endfacet
  facet normal 0.000000 1.000000 0.000000
    outer loop
      vertex 11.984127 17.340426 0.000000
      vertex 11.984127 17.340426 0.400000
      vertex 12.301587 17.340426 0.400000
    endloop
  endfacet
  facet normal -1.000000 0.000000 0.000000
    outer loop
      vertex 11.984127 15.106383 0.000000
      vertex 11.984127 15.106383 0.400000
      vertex 11.984127 17.340426 0.400000
    endloop
  endfacet
  facet normal -1.000000 0.000000 0.000000
    outer loop
      vertex 11.984127 15.106383 0.000000
      vertex 11.984127 17.340426 0.400000
      vertex 11.984127 17.340426 0.000000
    endloop
  endfacet
  facet normal 1.000000 0.000000 0.000000
    outer loop
      vertex 12.301587 15.106383 0.000000
      vertex 12.301587 17.340426 0.000000
      vertex 12.301587 17.340426 0.400000
    endloop
  endfacet
  facet normal 1.000000 0.000000 0.000000
    outer loop
      vertex 12.301587 15.106383 0.000000
      vertex 12.301587 17.340426 0.400000
      vertex 12.301587 15.106383 0.400000
    endloop
  endfacet
  facet normal 0.000000 0.000000 -1.000000
    outer loop
      vertex 16.428571 10.000000 0.000000
      vertex 16.746032 16.063830 0.000000
      vertex 16.746032 10.000000 0.000000
    endloop
  endfacet
  facet normal 0.000000 0.000000 -1.000000
    outer loop
      vertex 16.428571 10.000000 0.000000
      vertex 16.428571 16.063830 0.000000
      vertex 16.746032 16.063830 0.000000
    endloop
  endfacet
  facet normal 0.000000 0.000000 1.000000
    outer loop
      vertex 16.428571 10.000000 0.400000
      vertex 16.746032 10.000000 0.400000
      vertex 16.746032 16.063830 0.400000
    endloop
  endfacet
  facet normal 0.000000 0.000000 1.000000
    outer loop
      vertex 16.428571 10.000000 0.400000
      vertex 16.746032 16.063830 0.400000
      vertex 16.428571 16.063830 0.400000
    endloop
  endfacet
  facet normal 0.000000 -1.000000 0.000000
    outer loop
      vertex 16.428571 10.000000 0.000000
      vertex 16.746032 10.000000 0.000000
      vertex 16.746032 10.000000 0.400000
    endloop
  endfacet
  facet normal 0.000000 -1.000000 0.000000
    outer loop
      vertex 16.428571 10.000000 0.000000
      vertex 16.746032 10.000000 0.400000
      vertex 16.428571 10.000000 0.400000
    endloop
  endfacet
  facet normal 0.000000 1.000000 0.000000
    outer loop
      vertex 16.428571 16.063830 0.000000
      vertex 16.746032 16.063830 0.400000
      vertex 16.746032 16.063830 0.000000
    endloop
  endfacet
  facet normal 0.000000 1.000000 0.000000
    outer loop
      vertex 16.428571 16.063830 0.000000
      vertex 16.428571 16.063830 0.400000
      vertex 16.746032 16.063830 0.400000
    endloop
  endfacet
  facet normal -1.000000 0.000000 0.000000
    outer loop
      vertex 16.428571 10.000000 0.000000
      vertex 16.428571 10.000000 0.400000
      vertex 16.428571 16.063830 0.400000
    endloop
  endfacet
  facet normal -1.000000 0.000000 0.000000
    outer loop
      vertex 16.428571 10.000000 0.000000
      vertex 16.428571 16.063830 0.400000
      vertex 16.428571 16.063830 0.000000
    endloop
  endfacet
  facet normal 1.000000 0.000000 0.000000
    outer loop
      vertex 16.746032 10.000000 0.000000
      vertex 16.746032 16.063830 0.000000
      vertex 16.746032 16.063830 0.400000
    endloop
  endfacet
  facet normal 1.000000 0.000000 0.000000
    outer loop
      vertex 16.746032 10.000000 0.000000
      vertex 16.746032 16.063830 0.400000
      vertex 16.746032 10.000000 0.400000
    endloop
  endfacet
  facet normal 0.000000 0.000000 -1.000000
    outer loop
      vertex 25.952381 10.000000 0.000000
      vertex 26.269841 16.063830 0.000000
      vertex 26.269841 10.000000 0.000000
    endloop
  endfacet
  facet normal 0.000000 0.000000 -1.000000
    outer loop
      vertex 25.952381 10.000000 0.000000
      vertex 25.952381 16.063830 0.000000
      vertex 26.269841 16.063830 0.000000
    endloop
  endfacet
  facet normal 0.000000 0.000000 1.000000
    outer loop
      vertex 25.952381 10.000000 0.400000
      vertex 26.269841 10.000000 0.400000
      vertex 26.269841 16.063830 0.400000
    endloop
  endfacet
  facet normal 0.000000 0.000000 1.000000
    outer loop
      vertex 25.952381 10.000000 0.400000
      vertex 26.269841 16.063830 0.400000
      vertex 25.952381 16.063830 0.400000
    endloop
  endfacet
  facet normal 0.000000 -1.000000 0.000000
    outer loop
      vertex 25.952381 10.000000 0.000000
      vertex 26.269841 10.000000 0.000000
      vertex 26.269841 10.000000 0.400000
    endloop
  endfacet
  facet normal 0.000000 -1.000000 0.000000
    outer loop
      vertex 25.952381 10.000000 0.000000
      vertex 26.269841 10.000000 0.400000
      vertex 25.952381 10.000000 0.400000
    endloop
  endfacet
  facet normal 0.000000 1.000000 0.000000
    outer loop
      vertex 25.952381 16.063830 0.000000
      vertex 26.269841 16.063830 0.400000
      vertex 26.269841 16.063830 0.000000
    endloop
  endfacet
  facet normal 0.000000 1.000000 0.000000
    outer loop
      vertex 25.952381 16.063830 0.000000
      vertex 25.952381 16.063830 0.400000
      vertex 26.269841 16.063830 0.400000
    endloop
  endfacet
  facet normal -1.000000 0.000000 0.000000
    outer loop
      vertex 25.952381 10.000000 0.000000
      vertex 25.952381 10.000000 0.400000
      vertex 25.952381 16.063830 0.400000
    endloop
  endfacet
  facet normal -1.000000 0.000000 0.000000
    outer loop
      vertex 25.952381 10.000000 0.000000
      vertex 25.952381 16.063830 0.400000
      vertex 25.952381 16.063830 0.000000
    endloop
  endfacet
  facet normal 1.000000 0.000000 0.000000
    outer loop
      vertex 26.269841 10.000000 0.000000
      vertex 26.269841 16.063830 0.000000
      vertex 26.269841 16.063830 0.400000
    endloop
  endfacet
  facet normal 1.000000 0.000000 0.000000
    outer loop
      vertex 26.269841 10.000000 0.000000
      vertex 26.269841 16.063830 0.400000
      vertex 26.269841 10.000000 0.400000
    endloop
  endfacet
  facet normal 0.000000 0.000000 -1.000000
    outer loop
      vertex 24.365079 10.000000 0.000000
      vertex 24.682540 15.744681 0.000000
      vertex 24.682540 10.000000 0.000000
    endloop
  endfacet
  facet normal 0.000000 0.000000 -1.000000
    outer loop
      vertex 24.365079 10.000000 0.000000
      vertex 24.365079 15.744681 0.000000
      vertex 24.682540 15.744681 0.000000
    endloop
  endfacet
  facet normal 0.000000 0.000000 1.000000
    outer loop
      vertex 24.365079 10.000000 0.400000
      vertex 24.682540 10.000000 0.400000
      vertex 24.682540 15.744681 0.400000
    endloop
  endfacet
  facet normal 0.000000 0.000000 1.000000
    outer loop
      vertex 24.365079 10.000000 0.400000
      vertex 24.682540 15.744681 0.400000
      vertex 24.365079 15.744681 0.400000
    endloop
  endfacet
  facet normal 0.000000 -1.000000 0.000000
    outer loop
      vertex 24.365079 10.000000 0.000000
      vertex 24.682540 10.000000 0.000000
      vertex 24.682540 10.000000 0.400000
    endloop
  endfacet
  facet normal 0.000000 -1.000000 0.000000
    outer loop
      vertex 24.365079 10.000000 0.000000
      vertex 24.682540 10.000000 0.400000
      vertex 24.365079 10.000000 0.400000
    endloop
  endfacet
  facet normal 0.000000 1.000000 0.000000
    outer loop
      vertex 24.365079 15.744681 0.000000
      vertex 24.682540 15.744681 0.400000
      vertex 24.682540 15.744681 0.000000
    endloop
  endfacet
  facet normal 0.000000 1.000000 0.000000
    outer loop
      vertex 24.365079 15.744681 0.000000
      vertex 24.365079 15.744681 0.400000
      vertex 24.682540 15.744681 0.400000
    endloop
  endfacet
  facet normal -1.000000 0.000000 0.000000
    outer loop
      vertex 24.365079 10.000000 0.000000
      vertex 24.365079 10.000000 0.400000
      vertex 24.365079 15.744681 0.400000
    endloop
  endfacet
  facet normal -1.000000 0.000000 0.000000
    outer loop
      vertex 24.365079 10.000000 0.000000
      vertex 24.365079 15.744681 0.400000
      vertex 24.365079 15.744681 0.000000
    endloop
  endfacet
  facet normal 1.000000 0.000000 0.000000
    outer loop
      vertex 24.682540 10.000000 0.000000
      vertex 24.682540 15.744681 0.000000
      vertex 24.682540 15.744681 0.400000
    endloop
  endfacet
  facet normal 1.000000 0.000000 0.000000
    outer loop
      vertex 24.682540 10.000000 0.000000
      vertex 24.682540 15.744681 0.400000
      vertex 24.682540 10.000000 0.400000
    endloop
  endfacet
  facet normal 0.000000 0.000000 -1.000000
    outer loop
      vertex 33.888889 10.000000 0.000000
      vertex 34.206349 15.744681 0.000000
      vertex 34.206349 10.000000 0.000000
    endloop
  endfacet
  facet normal 0.000000 0.000000 -1.000000
    outer loop
      vertex 33.888889 10.000000 0.000000
      vertex 33.888889 15.744681 0.000000
      vertex 34.206349 15.744681 0.000000
    endloop
  endfacet
  facet normal 0.000000 0.000000 1.000000
    outer loop
      vertex 33.888889 10.000000 0.400000
      vertex 34.206349 10.000000 0.400000
      vertex 34.206349 15.744681 0.400000
    endloop
  endfacet
  facet normal 0.000000 0.000000 1.000000
    outer loop
      vertex 33.888889 10.000000 0.400000
      vertex 34.206349 15.744681 0.400000
      vertex 33.888889 15.744681 0.400000
    endloop
  endfacet
  facet normal 0.000000 -1.000000 0.000000
    outer loop
      vertex 33.888889 10.000000 0.000000
      vertex 34.206349 10.000000 0.000000
      vertex 34.206349 10.000000 0.400000
    endloop
  endfacet
  facet normal 0.000000 -1.000000 0.000000
    outer loop
      vertex 33.888889 10.000000 0.000000
      vertex 34.206349 10.000000 0.400000
      vertex 33.888889 10.000000 0.400000
    endloop
  endfacet
  facet normal 0.000000 1.000000 0.000000
    outer loop
      vertex 33.888889 15.744681 0.000000
      vertex 34.206349 15.744681 0.400000
      vertex 34.206349 15.744681 0.000000
    endloop
  endfacet
  facet normal 0.000000 1.000000 0.000000
    outer loop
      vertex 33.888889 15.744681 0.000000
      vertex 33.888889 15.744681 0.400000
      vertex 34.206349 15.744681 0.400000
    endloop
  endfacet
  facet normal -1.000000 0.000000 0.000000
    outer loop
      vertex 33.888889 10.000000 0.000000
      vertex 33.888889 10.000000 0.400000
      vertex 33.888889 15.744681 0.400000
    endloop
  endfacet
  facet normal -1.000000 0.000000 0.000000
    outer loop
      vertex 33.888889 10.000000 0.000000
      vertex 33.888889 15.744681 0.400000
      vertex 33.888889 15.744681 0.000000
    endloop
  endfacet
  facet normal 1.000000 0.000000 0.000000
    outer loop
      vertex 34.206349 10.000000 0.000000
      vertex 34.206349 15.744681 0.000000
      vertex 34.206349 15.744681 0.400000
    endloop
  endfacet
  facet normal 1.000000 0.000000 0.000000
    outer loop
      vertex 34.206349 10.000000 0.000000
      vertex 34.206349 15.744681 0.400000
      vertex 34.206349 10.000000 0.400000
    endloop
  endfacet
  facet normal 0.000000 0.000000 -1.000000
    outer loop
      vertex 6.587302 10.000000 0.000000
      vertex 6.904762 15.106383 0.000000
      vertex 6.904762 10.000000 0.000000
    endloop
  endfacet
  facet normal 0.000000 0.000000 -1.000000
    outer loop
      vertex 6.587302 10.000000 0.000000
      vertex 6.587302 15.106383 0.000000
      vertex 6.904762 15.106383 0.000000
    endloop
  endfacet
  facet normal 0.000000 0.000000 1.000000
    outer loop
      vertex 6.587302 10.000000 0.400000
      vertex 6.904762 10.000000 0.400000
      vertex 6.904762 15.106383 0.400000
    endloop
  endfacet
  facet normal 0.000000 0.000000 1.000000
    outer loop
      vertex 6.587302 10.000000 0.400000
      vertex 6.904762 15.106383 0.400000
      vertex 6.587302 15.106383 0.400000
    endloop
  endfacet
  facet normal 0.000000 -1.000000 0.000000
    outer loop
      vertex 6.587302 10.000000 0.000000
      vertex 6.904762 10.000000 0.000000
      vertex 6.904762 10.000000 0.400000
    endloop
  endfacet
  facet normal 0.000000 -1.000000 0.000000
    outer loop
      vertex 6.587302 10.000000 0.000000
      vertex 6.904762 10.000000 0.400000
      vertex 6.587302 10.000000 0.400000
    endloop
  endfacet
  facet normal 0.000000 1.000000 0.000000
    outer loop
      vertex 6.587302 15.106383 0.000000
      vertex 6.904762 15.106383 0.400000
      vertex 6.904762 15.106383 0.000000
    endloop
  endfacet
  facet normal 0.000000 1.000000 0.000000
    outer loop
      vertex 6.587302 15.106383 0.000000
      vertex 6.587302 15.106383 0.400000
      vertex 6.904762 15.106383 0.400000
    endloop
  endfacet
  facet normal -1.000000 0.000000 0.000000
    outer loop
      vertex 6.587302 10.000000 0.000000
      vertex 6.587302 10.000000 0.400000
      vertex 6.587302 15.106383 0.400000
    endloop
  endfacet
  facet normal -1.000000 0.000000 0.000000
    outer loop
      vertex 6.587302 10.000000 0.000000
      vertex 6.587302 15.106383 0.400000
      vertex 6.587302 15.106383 0.000000
    endloop
  endfacet
  facet normal 1.000000 0.000000 0.000000
    outer loop
      vertex 6.904762 10.000000 0.000000
      vertex 6.904762 15.106383 0.000000
      vertex 6.904762 15.106383 0.400000
    endloop
  endfacet
  facet normal 1.000000 0.000000 0.000000
    outer loop
      vertex 6.904762 10.000000 0.000000
      vertex 6.904762 15.106383 0.400000
      vertex 6.904762 10.000000 0.400000
    endloop
  endfacet
  facet normal 0.000000 0.000000 -1.000000
    outer loop
      vertex 16.746032 10.000000 0.000000
      vertex 17.063492 14.787234 0.000000
      vertex 17.063492 10.000000 0.000000
    endloop
  endfacet
  facet normal 0.000000 0.000000 -1.000000
    outer loop
      vertex 16.746032 10.000000 0.000000
      vertex 16.746032 14.787234 0.000000
      vertex 17.063492 14.787234 0.000000
    endloop
  endfacet
  facet normal 0.000000 0.000000 1.000000
    outer loop
      vertex 16.746032 10.000000 0.400000
      vertex 17.063492 10.000000 0.400000
      vertex 17.063492 14.787234 0.400000
    endloop
  endfacet
  facet normal 0.000000 0.000000 1.000000
    outer loop
      vertex 16.746032 10.000000 0.400000
      vertex 17.063492 14.787234 0.400000
      vertex 16.746032 14.787234 0.400000
    endloop
  endfacet
  facet normal 0.000000 -1.000000 0.000000
    outer loop
      vertex 16.746032 10.000000 0.000000
      vertex 17.063492 10.000000 0.000000
      vertex 17.063492 10.000000 0.400000
    endloop
  endfacet
  facet normal 0.000000 -1.000000 0.000000
    outer loop
      vertex 16.746032 10.000000 0.000000
      vertex 17.063492 10.000000 0.400000
      vertex 16.746032 10.000000 0.400000
    endloop
  endfacet
  facet normal 0.000000 1.000000 0.000000
    outer loop
      vertex 16.746032 14.787234 0.000000
      vertex 17.063492 14.787234 0.400000
      vertex 17.063492 14.787234 0.000000
    endloop
  endfacet
  facet normal 0.000000 1.000000 0.000000
    outer loop
      vertex 16.746032 14.787234 0.000000
      vertex 16.746032 14.787234 0.400000
      vertex 17.063492 14.787234 0.400000
    endloop
  endfacet
  facet normal -1.000000 0.000000 0.000000
    outer loop
      vertex 16.746032 10.000000 0.000000
      vertex 16.746032 10.000000 0.400000
      vertex 16.746032 14.787234 0.400000
    endloop
  endfacet
  facet normal -1.000000 0.000000 0.000000
    outer loop
      vertex 16.746032 10.000000 0.000000
      vertex 16.746032 14.787234 0.400000
      vertex 16.746032 14.787234 0.000000
    endloop
  endfacet
  facet normal 1.000000 0.000000 0.000000
    outer loop
      vertex 17.063492 10.000000 0.000000
      vertex 17.063492 14.787234 0.000000
      vertex 17.063492 14.787234 0.400000
    endloop
  endfacet
  facet normal 1.000000 0.000000 0.000000
    outer loop
      vertex 17.063492 10.000000 0.000000
      vertex 17.063492 14.787234 0.400000
      vertex 17.063492 10.000000 0.400000
    endloop
  endfacet
  facet normal 0.000000 0.000000 -1.000000
    outer loop
      vertex 24.047619 10.000000 0.000000
      vertex 24.365079 14.787234 0.000000
      vertex 24.365079 10.000000 0.000000
    endloop
  endfacet
  facet normal 0.000000 0.000000 -1.000000
    outer loop
      vertex 24.047619 10.000000 0.000000
      vertex 24.047619 14.787234 0.000000
      vertex 24.365079 14.787234 0.000000
    endloop
  endfacet
  facet normal 0.000000 0.000000 1.000000
    outer loop
      vertex 24.047619 10.000000 0.400000
      vertex 24.365079 10.000000 0.400000
      vertex 24.365079 14.787234 0.400000
    endloop
  endfacet
  facet normal 0.000000 0.000000 1.000000
    outer loop
      vertex 24.047619 10.000000 0.400000
      vertex 24.365079 14.787234 0.400000
      vertex 24.047619 14.787234 0.400000
    endloop
  endfacet
  facet normal 0.000000 -1.000000 0.000000
    outer loop
      vertex 24.047619 10.000000 0.000000
      vertex 24.365079 10.000000 0.000000
      vertex 24.365079 10.000000 0.400000
    endloop
  endfacet
  facet normal 0.000000 -1.000000 0.000000
    outer loop
      vertex 24.047619 10.000000 0.000000
      vertex 24.365079 10.000000 0.400000
      vertex 24.047619 10.000000 0.400000
    endloop
  endfacet
  facet normal 0.000000 1.000000 0.000000
    outer loop
      vertex 24.047619 14.787234 0.000000
      vertex 24.365079 14.787234 0.400000
      vertex 24.365079 14.787234 0.000000
    endloop
  endfacet
  facet normal 0.000000 1.000000 0.000000
    outer loop
      vertex 24.047619 14.787234 0.000000
      vertex 24.047619 14.787234 0.400000
      vertex 24.365079 14.787234 0.400000
    endloop
  endfacet
  facet normal -1.000000 0.000000 0.000000
    outer loop
      vertex 24.047619 10.000000 0.000000
      vertex 24.047619 10.000000 0.400000
      vertex 24.047619 14.787234 0.400000
    endloop
  endfacet
  facet normal -1.000000 0.000000 0.000000
    outer loop
      vertex 24.047619 10.000000 0.000000
      vertex 24.047619 14.787234 0.400000
      vertex 24.047619 14.787234 0.000000
    endloop
  endfacet
  facet normal 1.000000 0.000000 0.000000
    outer loop
      vertex 24.365079 10.000000 0.000000
      vertex 24.365079 14.787234 0.000000
      vertex 24.365079 14.787234 0.400000
    endloop
  endfacet
  facet normal 1.000000 0.000000 0.000000
    outer loop
      vertex 24.365079 10.000000 0.000000
      vertex 24.365079 14.787234 0.400000
      vertex 24.365079 10.000000 0.400000
    endloop
  endfacet
  facet normal 0.000000 0.000000 -1.000000
    outer loop
      vertex 26.269841 10.000000 0.000000
      vertex 26.587302 14.787234 0.000000
      vertex 26.587302 10.000000 0.000000
    endloop
  endfacet
  facet normal 0.000000 0.000000 -1.000000
    outer loop
      vertex 26.269841 10.000000 0.000000
      vertex 26.269841 14.787234 0.000000
      vertex 26.587302 14.787234 0.000000
    endloop
  endfacet
  facet normal 0.000000 0.000000 1.000000
    outer loop
      vertex 26.269841 10.000000 0.400000
      vertex 26.587302 10.000000 0.400000
      vertex 26.587302 14.787234 0.400000
    endloop
  endfacet
  facet normal 0.000000 0.000000 1.000000
    outer loop
      vertex 26.269841 10.000000 0.400000
      vertex 26.587302 14.787234 0.400000
      vertex 26.269841 14.787234 0.400000
    endloop
  endfacet
  facet normal 0.000000 -1.000000 0.000000
    outer loop
      vertex 26.269841 10.000000 0.000000
      vertex 26.587302 10.000000 0.000000
      vertex 26.587302 10.000000 0.400000
    endloop
  endfacet
  facet normal 0.000000 -1.000000 0.000000
    outer loop
      vertex 26.269841 10.000000 0.000000
      vertex 26.587302 10.000000 0.400000
      vertex 26.269841 10.000000 0.400000
    endloop
  endfacet
  facet normal 0.000000 1.000000 0.000000
    outer loop
      vertex 26.269841 14.787234 0.000000
      vertex 26.587302 14.787234 0.400000
      vertex 26.587302 14.787234 0.000000
    endloop
  endfacet
  facet normal 0.000000 1.000000 0.000000
    outer loop
      vertex 26.269841 14.787234 0.000000
      vertex 26.269841 14.787234 0.400000
      vertex 26.587302 14.787234 0.400000
    endloop
  endfacet
  facet normal -1.000000 0.000000 0.000000
    outer loop
      vertex 26.269841 10.000000 0.000000
      vertex 26.269841 10.000000 0.400000
      vertex 26.269841 14.787234 0.400000
    endloop
  endfacet
  facet normal -1.000000 0.000000 0.000000
    outer loop
      vertex 26.269841 10.000000 0.000000
      vertex 26.269841 14.787234 0.400000
      vertex 26.269841 14.787234 0.000000
    endloop
  endfacet
  facet normal 1.000000 0.000000 0.000000
    outer loop
      vertex 26.587302 10.000000 0.000000
      vertex 26.587302 14.787234 0.000000
      vertex 26.587302 14.787234 0.400000
    endloop
  endfacet
  facet normal 1.000000 0.000000 0.000000
    outer loop
      vertex 26.587302 10.000000 0.000000
      vertex 26.587302 14.787234 0.400000
      vertex 26.587302 10.000000 0.400000
    endloop
  endfacet
  facet normal 0.000000 0.000000 -1.000000
    outer loop
      vertex 33.571429 10.000000 0.000000
      vertex 33.888889 14.787234 0.000000
      vertex 33.888889 10.000000 0.000000
    endloop
  endfacet
  facet normal 0.000000 0.000000 -1.000000
    outer loop
      vertex 33.571429 10.000000 0.000000
      vertex 33.571429 14.787234 0.000000
      vertex 33.888889 14.787234 0.000000
    endloop
  endfacet
  facet normal 0.000000 0.000000 1.000000
    outer loop
      vertex 33.571429 10.000000 0.400000
      vertex 33.888889 10.000000 0.400000
      vertex 33.888889 14.787234 0.400000
    endloop
  endfacet
  facet normal 0.000000 0.000000 1.000000
    outer loop
      vertex 33.571429 10.000000 0.400000
      vertex 33.888889 14.787234 0.400000
      vertex 33.571429 14.787234 0.400000
    endloop
  endfacet
  facet normal 0.000000 -1.000000 0.000000
    outer loop
      vertex 33.571429 10.000000 0.000000
      vertex 33.888889 10.000000 0.000000
      vertex 33.888889 10.000000 0.400000
    endloop
  endfacet
  facet normal 0.000000 -1.000000 0.000000
    outer loop
      vertex 33.571429 10.000000 0.000000
      vertex 33.888889 10.000000 0.400000
      vertex 33.571429 10.000000 0.400000
    endloop
  endfacet
  facet normal 0.000000 1.000000 0.000000
    outer loop
      vertex 33.571429 14.787234 0.000000
      vertex 33.888889 14.787234 0.400000
      vertex 33.888889 14.787234 0.000000
    endloop
  endfacet
  facet normal 0.000000 1.000000 0.000000
    outer loop
      vertex 33.571429 14.787234 0.000000
      vertex 33.571429 14.787234 0.400000
      vertex 33.888889 14.787234 0.400000
    endloop
  endfacet
  facet normal -1.000000 0.000000 0.000000
    outer loop
      vertex 33.571429 10.000000 0.000000
      vertex 33.571429 10.000000 0.400000
      vertex 33.571429 14.787234 0.400000
    endloop
  endfacet
  facet normal -1.000000 0.000000 0.000000
    outer loop
      vertex 33.571429 10.000000 0.000000
      vertex 33.571429 14.787234 0.400000
      vertex 33.571429 14.787234 0.000000
    endloop
  endfacet
  facet normal 1.000000 0.000000 0.000000
    outer loop
      vertex 33.888889 10.000000 0.000000
      vertex 33.888889 14.787234 0.000000
      vertex 33.888889 14.787234 0.400000
    endloop
  endfacet
  facet normal 1.000000 0.000000 0.000000
    outer loop
      vertex 33.888889 10.000000 0.000000
      vertex 33.888889 14.787234 0.400000
      vertex 33.888889 10.000000 0.400000
    endloop
  endfacet
  facet normal 0.000000 0.000000 -1.000000
    outer loop
      vertex 6.904762 10.000000 0.000000
      vertex 7.222222 14.148936 0.000000
      vertex 7.222222 10.000000 0.000000
    endloop
  endfacet
  facet normal 0.000000 0.000000 -1.000000
    outer loop
      vertex 6.904762 10.000000 0.000000
      vertex 6.904762 14.148936 0.000000
      vertex 7.222222 14.148936 0.000000
    endloop
  endfacet
  facet normal 0.000000 0.000000 1.000000
    outer loop
      vertex 6.904762 10.000000 0.400000
      vertex 7.222222 10.000000 0.400000
      vertex 7.222222 14.148936 0.400000
    endloop
  endfacet
  facet normal 0.000000 0.000000 1.000000
    outer loop
      vertex 6.904762 10.000000 0.400000
      vertex 7.222222 14.148936 0.400000
      vertex 6.904762 14.148936 0.400000
    endloop
  endfacet
  facet normal 0.000000 -1.000000 0.000000
    outer loop
      vertex 6.904762 10.000000 0.000000
      vertex 7.222222 10.000000 0.000000
      vertex 7.222222 10.000000 0.400000
    endloop
  endfacet
  facet normal 0.000000 -1.000000 0.000000
    outer loop
      vertex 6.904762 10.000000 0.000000
      vertex 7.222222 10.000000 0.400000
      vertex 6.904762 10.000000 0.400000
    endloop
  endfacet
  facet normal 0.000000 1.000000 0.000000
    outer loop
      vertex 6.904762 14.148936 0.000000
      vertex 7.222222 14.148936 0.400000
      vertex 7.222222 14.148936 0.000000
    endloop
  endfacet
  facet normal 0.000000 1.000000 0.000000
    outer loop
      vertex 6.904762 14.148936 0.000000
      vertex 6.904762 14.148936 0.400000
      vertex 7.222222 14.148936 0.400000
    endloop
  endfacet
  facet normal -1.000000 0.000000 0.000000
    outer loop
      vertex 6.904762 10.000000 0.000000
      vertex 6.904762 10.000000 0.400000
      vertex 6.904762 14.148936 0.400000
    endloop
  endfacet
  facet normal -1.000000 0.000000 0.000000
    outer loop
      vertex 6.904762 10.000000 0.000000
      vertex 6.904762 14.148936 0.400000
      vertex 6.904762 14.148936 0.000000
    endloop
  endfacet
  facet normal 1.000000 0.000000 0.000000
    outer loop
      vertex 7.222222 10.000000 0.000000
      vertex 7.222222 14.148936 0.000000
      vertex 7.222222 14.148936 0.400000
    endloop
  endfacet
  facet normal 1.000000 0.000000 0.000000
    outer loop
      vertex 7.222222 10.000000 0.000000
      vertex 7.222222 14.148936 0.400000
      vertex 7.222222 10.000000 0.400000
    endloop
  endfacet
  facet normal 0.000000 0.000000 -1.000000
    outer loop
      vertex 17.063492 10.000000 0.000000
      vertex 17.380952 14.148936 0.000000
      vertex 17.380952 10.000000 0.000000
    endloop
  endfacet
  facet normal 0.000000 0.000000 -1.000000
    outer loop
      vertex 17.063492 10.000000 0.000000
      vertex 17.063492 14.148936 0.000000
      vertex 17.380952 14.148936 0.000000
    endloop
  endfacet
  facet normal 0.000000 0.000000 1.000000
    outer loop
      vertex 17.063492 10.000000 0.400000
      vertex 17.380952 10.000000 0.400000
      vertex 17.380952 14.148936 0.400000
    endloop
  endfacet
  facet normal 0.000000 0.000000 1.000000
    outer loop
      vertex 17.063492 10.000000 0.400000
      vertex 17.380952 14.148936 0.400000
      vertex 17.063492 14.148936 0.400000
    endloop
  endfacet
  facet normal 0.000000 -1.000000 0.000000
    outer loop
      vertex 17.063492 10.000000 0.000000
      vertex 17.380952 10.000000 0.000000
      vertex 17.380952 10.000000 0.400000
    endloop
  endfacet
  facet normal 0.000000 -1.000000 0.000000
    outer loop
      vertex 17.063492 10.000000 0.000000
      vertex 17.380952 10.000000 0.400000
      vertex 17.063492 10.000000 0.400000
    endloop
  endfacet
  facet normal 0.000000 1.000000 0.000000
    outer loop
      vertex 17.063492 14.148936 0.000000
      vertex 17.380952 14.148936 0.400000
      vertex 17.380952 14.148936 0.000000
    endloop
  endfacet
  facet normal 0.000000 1.000000 0.000000
    outer loop
      vertex 17.063492 14.148936 0.000000
      vertex 17.063492 14.148936 0.400000
      vertex 17.380952 14.148936 0.400000
    endloop
  endfacet
  facet normal -1.000000 0.000000 0.000000
    outer loop
      vertex 17.063492 10.000000 0.000000
      vertex 17.063492 10.000000 0.400000
      vertex 17.063492 14.148936 0.400000
    endloop
  endfacet
  facet normal -1.000000 0.000000 0.000000
    outer loop
      vertex 17.063492 10.000000 0.000000
      vertex 17.063492 14.148936 0.400000
      vertex 17.063492 14.148936 0.000000
    endloop
  endfacet
  facet normal 1.000000 0.000000 0.000000
    outer loop
      vertex 17.380952 10.000000 0.000000
      vertex 17.380952 14.148936 0.000000
      vertex 17.380952 14.148936 0.400000
    endloop
  endfacet
  facet normal 1.000000 0.000000 0.000000
    outer loop
      vertex 17.380952 10.000000 0.000000
      vertex 17.380952 14.148936 0.400000
      vertex 17.380952 10.000000 0.400000
    endloop
  endfacet
  facet normal 0.000000 0.000000 -1.000000
    outer loop
      vertex 23.730159 10.000000 0.000000
      vertex 24.047619 14.148936 0.000000
      vertex 24.047619 10.000000 0.000000
    endloop
  endfacet
  facet normal 0.000000 0.000000 -1.000000
    outer loop
      vertex 23.730159 10.000000 0.000000
      vertex 23.730159 14.148936 0.000000
      vertex 24.047619 14.148936 0.000000
    endloop
  endfacet
  facet normal 0.000000 0.000000 1.000000
    outer loop
      vertex 23.730159 10.000000 0.400000
      vertex 24.047619 10.000000 0.400000
      vertex 24.047619 14.148936 0.400000
    endloop
  endfacet
  facet normal 0.000000 0.000000 1.000000
    outer loop
      vertex 23.730159 10.000000 0.400000
      vertex 24.047619 14.148936 0.400000
      vertex 23.730159 14.148936 0.400000
    endloop
  endfacet
  facet normal 0.000000 -1.000000 0.000000
    outer loop
      vertex 23.730159 10.000000 0.000000
      vertex 24.047619 10.000000 0.000000
      vertex 24.047619 10.000000 0.400000
    endloop
  endfacet
  facet normal 0.000000 -1.000000 0.000000
    outer loop
      vertex 23.730159 10.000000 0.000000
      vertex 24.047619 10.000000 0.400000
      vertex 23.730159 10.000000 0.400000
    endloop
  endfacet
  facet normal 0.000000 1.000000 0.000000
    outer loop
      vertex 23.730159 14.148936 0.000000
      vertex 24.047619 14.148936 0.400000
      vertex 24.047619 14.148936 0.000000
    endloop
  endfacet
  facet normal 0.000000 1.000000 0.000000
    outer loop
      vertex 23.730159 14.148936 0.000000
      vertex 23.730159 14.148936 0.400000
      vertex 24.047619 14.148936 0.400000
    endloop
  endfacet
  facet normal -1.000000 0.000000 0.000000
    outer loop
      vertex 23.730159 10.000000 0.000000
      vertex 23.730159 10.000000 0.400000
      vertex 23.730159 14.148936 0.400000
    endloop
  endfacet
  facet normal -1.000000 0.000000 0.000000
    outer loop
      vertex 23.730159 10.000000 0.000000
      vertex 23.730159 14.148936 0.400000
      vertex 23.730159 14.148936 0.000000
    endloop
  endfacet
  facet normal 1.000000 0.000000 0.000000
    outer loop
      vertex 24.047619 10.000000 0.000000
      vertex 24.047619 14.148936 0.000000
      vertex 24.047619 14.148936 0.400000
    endloop
  endfacet
  facet normal 1.000000 0.000000 0.000000
    outer loop
      vertex 24.047619 10.000000 0.000000
      vertex 24.047619 14.148936 0.400000
      vertex 24.047619 10.000000 0.400000
    endloop
  endfacet
  facet normal 0.000000 0.000000 -1.000000
    outer loop
      vertex 26.587302 10.000000 0.000000
      vertex 26.904762 14.148936 0.000000
      vertex 26.904762 10.000000 0.000000
    endloop
  endfacet
  facet normal 0.000000 0.000000 -1.000000
    outer loop
      vertex 26.587302 10.000000 0.000000
      vertex 26.587302 14.148936 0.000000
      vertex 26.904762 14.148936 0.000000
    endloop
  endfacet
  facet normal 0.000000 0.000000 1.000000
    outer loop
      vertex 26.587302 10.000000 0.400000
      vertex 26.904762 10.000000 0.400000
      vertex 26.904762 14.148936 0.400000
    endloop
  endfacet
  facet normal 0.000000 0.000000 1.000000
    outer loop
      vertex 26.587302 10.000000 0.400000
      vertex 26.904762 14.148936 0.400000
      vertex 26.587302 14.148936 0.400000
    endloop
  endfacet
  facet normal 0.000000 -1.000000 0.000000
    outer loop
      vertex 26.587302 10.000000 0.000000
      vertex 26.904762 10.000000 0.000000
      vertex 26.904762 10.000000 0.400000
    endloop
  endfacet
  facet normal 0.000000 -1.000000 0.000000
    outer loop
      vertex 26.587302 10.000000 0.000000
      vertex 26.904762 10.000000 0.400000
      vertex 26.587302 10.000000 0.400000
    endloop
  endfacet
  facet normal 0.000000 1.000000 0.000000
    outer loop
      vertex 26.587302 14.148936 0.000000
      vertex 26.904762 14.148936 0.400000
      vertex 26.904762 14.148936 0.000000
    endloop
  endfacet
  facet normal 0.000000 1.000000 0.000000
    outer loop
      vertex 26.587302 14.148936 0.000000
      vertex 26.587302 14.148936 0.400000
      vertex 26.904762 14.148936 0.400000
    endloop
  endfacet
  facet normal -1.000000 0.000000 0.000000
    outer loop
      vertex 26.587302 10.000000 0.000000
      vertex 26.587302 10.000000 0.400000
      vertex 26.587302 14.148936 0.400000
    endloop
  endfacet
  facet normal -1.000000 0.000000 0.000000
    outer loop
      vertex 26.587302 10.000000 0.000000
      vertex 26.587302 14.148936 0.400000
      vertex 26.587302 14.148936 0.000000
    endloop
  endfacet
  facet normal 1.000000 0.000000 0.000000
    outer loop
      vertex 26.904762 10.000000 0.000000
      vertex 26.904762 14.148936 0.000000
      vertex 26.904762 14.148936 0.400000
    endloop
  endfacet
  facet normal 1.000000 0.000000 0.000000
    outer loop
      vertex 26.904762 10.000000 0.000000
      vertex 26.904762 14.148936 0.400000
      vertex 26.904762 10.000000 0.400000
    endloop
  endfacet
  facet normal 0.000000 0.000000 -1.000000
    outer loop
      vertex 33.253968 10.000000 0.000000
      vertex 33.571429 14.148936 0.000000
      vertex 33.571429 10.000000 0.000000
    endloop
  endfacet
  facet normal 0.000000 0.000000 -1.000000
    outer loop
      vertex 33.253968 10.000000 0.000000
      vertex 33.253968 14.148936 0.000000
      vertex 33.571429 14.148936 0.000000
    endloop
  endfacet
  facet normal 0.000000 0.000000 1.000000
    outer loop
      vertex 33.253968 10.000000 0.400000
      vertex 33.571429 10.000000 0.400000
      vertex 33.571429 14.148936 0.400000
    endloop
  endfacet
  facet normal 0.000000 0.000000 1.000000
    outer loop
      vertex 33.253968 10.000000 0.400000
      vertex 33.571429 14.148936 0.400000
      vertex 33.253968 14.148936 0.400000
    endloop
  endfacet
  facet normal 0.000000 -1.000000 0.000000
    outer loop
      vertex 33.253968 10.000000 0.000000
      vertex 33.571429 10.000000 0.000000
      vertex 33.571429 10.000000 0.400000
    endloop
  endfacet
  facet normal 0.000000 -1.000000 0.000000
    outer loop
      vertex 33.253968 10.000000 0.000000
      vertex 33.571429 10.000000 0.400000
      vertex 33.253968 10.000000 0.400000
    endloop
  endfacet
  facet normal 0.000000 1.000000 0.000000
    outer loop
      vertex 33.253968 14.148936 0.000000
      vertex 33.571429 14.148936 0.400000
      vertex 33.571429 14.148936 0.000000
    endloop
  endfacet
  facet normal 0.000000 1.000000 0.000000
    outer loop
      vertex 33.253968 14.148936 0.000000
      vertex 33.253968 14.148936 0.400000
      vertex 33.571429 14.148936 0.400000
    endloop
  endfacet
  facet normal -1.000000 0.000000 0.000000
    outer loop
      vertex 33.253968 10.000000 0.000000
      vertex 33.253968 10.000000 0.400000
      vertex 33.253968 14.148936 0.400000
    endloop
  endfacet
  facet normal -1.000000 0.000000 0.000000
    outer loop
      vertex 33.253968 10.000000 0.000000
      vertex 33.253968 14.148936 0.400000
      vertex 33.253968 14.148936 0.000000
    endloop
  endfacet
  facet normal 1.000000 0.000000 0.000000
    outer loop
      vertex 33.571429 10.000000 0.000000
      vertex 33.571429 14.148936 0.000000
      vertex 33.571429 14.148936 0.400000
    endloop
  endfacet
  facet normal 1.000000 0.000000 0.000000
    outer loop
      vertex 33.571429 10.000000 0.000000
      vertex 33.571429 14.148936 0.400000
      vertex 33.571429 10.000000 0.400000
    endloop
  endfacet
  facet normal 0.000000 0.000000 -1.000000
    outer loop
      vertex 34.841270 10.000000 0.000000
      vertex 35.793651 14.148936 0.000000
      vertex 35.793651 10.000000 0.000000
    endloop
  endfacet
  facet normal 0.000000 0.000000 -1.000000
    outer loop
      vertex 34.841270 10.000000 0.000000
      vertex 34.841270 14.148936 0.000000
      vertex 35.793651 14.148936 0.000000
    endloop
  endfacet
  facet normal 0.000000 0.000000 1.000000
    outer loop
      vertex 34.841270 10.000000 0.400000
      vertex 35.793651 10.000000 0.400000
      vertex 35.793651 14.148936 0.400000
    endloop
  endfacet
  facet normal 0.000000 0.000000 1.000000
    outer loop
      vertex 34.841270 10.000000 0.400000
      vertex 35.793651 14.148936 0.400000
      vertex 34.841270 14.148936 0.400000
    endloop
  endfacet
  facet normal 0.000000 -1.000000 0.000000
    outer loop
      vertex 34.841270 10.000000 0.000000
      vertex 35.793651 10.000000 0.000000
      vertex 35.793651 10.000000 0.400000
    endloop
  endfacet
  facet normal 0.000000 -1.000000 0.000000
    outer loop
      vertex 34.841270 10.000000 0.000000
      vertex 35.793651 10.000000 0.400000
      vertex 34.841270 10.000000 0.400000
    endloop
  endfacet
  facet normal 0.000000 1.000000 0.000000
    outer loop
      vertex 34.841270 14.148936 0.000000
      vertex 35.793651 14.148936 0.400000
      vertex 35.793651 14.148936 0.000000
    endloop
  endfacet
  facet normal 0.000000 1.000000 0.000000
    outer loop
      vertex 34.841270 14.148936 0.000000
      vertex 34.841270 14.148936 0.400000
      vertex 35.793651 14.148936 0.400000
    endloop
  endfacet
  facet normal -1.000000 0.000000 0.000000
    outer loop
      vertex 34.841270 10.000000 0.000000
      vertex 34.841270 10.000000 0.400000
      vertex 34.841270 14.148936 0.400000
    endloop
  endfacet
  facet normal -1.000000 0.000000 0.000000
    outer loop
      vertex 34.841270 10.000000 0.000000
      vertex 34.841270 14.148936 0.400000
      vertex 34.841270 14.148936 0.000000
    endloop
  endfacet
  facet normal 1.000000 0.000000 0.000000
    outer loop
      vertex 35.793651 10.000000 0.000000
      vertex 35.793651 14.148936 0.000000
      vertex 35.793651 14.148936 0.400000
    endloop
  endfacet
  facet normal 1.000000 0.000000 0.000000
    outer loop
      vertex 35.793651 10.000000 0.000000
      vertex 35.793651 14.148936 0.400000
      vertex 35.793651 10.000000 0.400000
    endloop
  endfacet
  facet normal 0.000000 0.000000 -1.000000
    outer loop
      vertex 7.222222 10.000000 0.000000
      vertex 7.539683 13.510638 0.000000
      vertex 7.539683 10.000000 0.000000
    endloop
  endfacet
  facet normal 0.000000 0.000000 -1.000000
    outer loop
      vertex 7.222222 10.000000 0.000000
      vertex 7.222222 13.510638 0.000000
      vertex 7.539683 13.510638 0.000000
    endloop
  endfacet
  facet normal 0.000000 0.000000 1.000000
    outer loop
      vertex 7.222222 10.000000 0.400000
      vertex 7.539683 10.000000 0.400000
      vertex 7.539683 13.510638 0.400000
    endloop
  endfacet
  facet normal 0.000000 0.000000 1.000000
    outer loop
      vertex 7.222222 10.000000 0.400000
      vertex 7.539683 13.510638 0.400000
      vertex 7.222222 13.510638 0.400000
    endloop
  endfacet
  facet normal 0.000000 -1.000000 0.000000
    outer loop
      vertex 7.222222 10.000000 0.000000
      vertex 7.539683 10.000000 0.000000
      vertex 7.539683 10.000000 0.400000
    endloop
  endfacet
  facet normal 0.000000 -1.000000 0.000000
    outer loop
      vertex 7.222222 10.000000 0.000000
      vertex 7.539683 10.000000 0.400000
      vertex 7.222222 10.000000 0.400000
    endloop
  endfacet
  facet normal 0.000000 1.000000 0.000000
    outer loop
      vertex 7.222222 13.510638 0.000000
      vertex 7.539683 13.510638 0.400000
      vertex 7.539683 13.510638 0.000000
    endloop
  endfacet
  facet normal 0.000000 1.000000 0.000000
    outer loop
      vertex 7.222222 13.510638 0.000000
      vertex 7.222222 13.510638 0.400000
      vertex 7.539683 13.510638 0.400000
    endloop
  endfacet
  facet normal -1.000000 0.000000 0.000000
    outer loop
      vertex 7.222222 10.000000 0.000000
      vertex 7.222222 10.000000 0.400000
      vertex 7.222222 13.510638 0.400000
    endloop
  endfacet
  facet normal -1.000000 0.000000 0.000000
    outer loop
      vertex 7.222222 10.000000 0.000000
      vertex 7.222222 13.510638 0.400000
      vertex 7.222222 13.510638 0.000000
    endloop
  endfacet
  facet normal 1.000000 0.000000 0.000000
    outer loop
      vertex 7.539683 10.000000 0.000000
      vertex 7.539683 13.510638 0.000000
      vertex 7.539683 13.510638 0.400000
    endloop
  endfacet
  facet normal 1.000000 0.000000 0.000000
    outer loop
      vertex 7.539683 10.000000 0.000000
      vertex 7.539683 13.510638 0.400000
      vertex 7.539683 10.000000 0.400000
    endloop
  endfacet
  facet normal 0.000000 0.000000 -1.000000
    outer loop
      vertex 17.380952 10.000000 0.000000
      vertex 17.698413 13.510638 0.000000
      vertex 17.698413 10.000000 0.000000
    endloop
  endfacet
  facet normal 0.000000 0.000000 -1.000000
    outer loop
      vertex 17.380952 10.000000 0.000000
      vertex 17.380952 13.510638 0.000000
      vertex 17.698413 13.510638 0.000000
    endloop
  endfacet
  facet normal 0.000000 0.000000 1.000000
    outer loop
      vertex 17.380952 10.000000 0.400000
      vertex 17.698413 10.000000 0.400000
      vertex 17.698413 13.510638 0.400000
    endloop
  endfacet
  facet normal 0.000000 0.000000 1.000000
    outer loop
      vertex 17.380952 10.000000 0.400000
      vertex 17.698413 13.510638 0.400000
      vertex 17.380952 13.510638 0.400000
    endloop
  endfacet
  facet normal 0.000000 -1.000000 0.000000
    outer loop
      vertex 17.380952 10.000000 0.000000
      vertex 17.698413 10.000000 0.000000
      vertex 17.698413 10.000000 0.400000
    endloop
  endfacet
  facet normal 0.000000 -1.000000 0.000000
    outer loop
      vertex 17.380952 10.000000 0.000000
      vertex 17.698413 10.000000 0.400000
      vertex 17.380952 10.000000 0.400000
    endloop
  endfacet
  facet normal 0.000000 1.000000 0.000000
    outer loop
      vertex 17.380952 13.510638 0.000000
      vertex 17.698413 13.510638 0.400000
      vertex 17.698413 13.510638 0.000000
    endloop
  endfacet
  facet normal 0.000000 1.000000 0.000000
    outer loop
      vertex 17.380952 13.510638 0.000000
      vertex 17.380952 13.510638 0.400000
      vertex 17.698413 13.510638 0.400000
    endloop
  endfacet
  facet normal -1.000000 0.000000 0.000000
    outer loop
      vertex 17.380952 10.000000 0.000000
      vertex 17.380952 10.000000 0.400000
      vertex 17.380952 13.510638 0.400000
    endloop
  endfacet
  facet normal -1.000000 0.000000 0.000000
    outer loop
      vertex 17.380952 10.000000 0.000000
      vertex 17.380952 13.510638 0.400000
      vertex 17.380952 13.510638 0.000000
    endloop
  endfacet
  facet normal 1.000000 0.000000 0.000000
    outer loop
      vertex 17.698413 10.000000 0.000000
      vertex 17.698413 13.510638 0.000000
      vertex 17.698413 13.510638 0.400000
    endloop
  endfacet
  facet normal 1.000000 0.000000 0.000000
    outer loop
      vertex 17.698413 10.000000 0.000000
      vertex 17.698413 13.510638 0.400000
      vertex 17.698413 10.000000 0.400000
    endloop
  endfacet
  facet normal 0.000000 0.000000 -1.000000
    outer loop
      vertex 23.412698 10.000000 0.000000
      vertex 23.730159 13.510638 0.000000
      vertex 23.730159 10.000000 0.000000
    endloop
  endfacet
  facet normal 0.000000 0.000000 -1.000000
    outer loop
      vertex 23.412698 10.000000 0.000000
      vertex 23.412698 13.510638 0.000000
      vertex 23.730159 13.510638 0.000000
    endloop
  endfacet
  facet normal 0.000000 0.000000 1.000000
    outer loop
      vertex 23.412698 10.000000 0.400000
      vertex 23.730159 10.000000 0.400000
      vertex 23.730159 13.510638 0.400000
    endloop
  endfacet
  facet normal 0.000000 0.000000 1.000000
    outer loop
      vertex 23.412698 10.000000 0.400000
      vertex 23.730159 13.510638 0.400000
      vertex 23.412698 13.510638 0.400000
    endloop
  endfacet
  facet normal 0.000000 -1.000000 0.000000
    outer loop
      vertex 23.412698 10.000000 0.000000
      vertex 23.730159 10.000000 0.000000
      vertex 23.730159 10.000000 0.400000
    endloop
  endfacet
  facet normal 0.000000 -1.000000 0.000000
    outer loop
      vertex 23.412698 10.000000 0.000000
      vertex 23.730159 10.000000 0.400000
      vertex 23.412698 10.000000 0.400000
    endloop
  endfacet
  facet normal 0.000000 1.000000 0.000000
    outer loop
      vertex 23.412698 13.510638 0.000000
      vertex 23.730159 13.510638 0.400000
      vertex 23.730159 13.510638 0.000000
    endloop
  endfacet
  facet normal 0.000000 1.000000 0.000000
    outer loop
      vertex 23.412698 13.510638 0.000000
      vertex 23.412698 13.510638 0.400000
      vertex 23.730159 13.510638 0.400000
    endloop
  endfacet
  facet normal -1.000000 0.000000 0.000000
    outer loop
      vertex 23.412698 10.000000 0.000000
      vertex 23.412698 10.000000 0.400000
      vertex 23.412698 13.510638 0.400000
    endloop
  endfacet
  facet normal -1.000000 0.000000 0.000000
    outer loop
      vertex 23.412698 10.000000 0.000000
      vertex 23.412698 13.510638 0.400000
      vertex 23.412698 13.510638 0.000000
    endloop
  endfacet
  facet normal 1.000000 0.000000 0.000000
    outer loop
      vertex 23.730159 10.000000 0.000000
      vertex 23.730159 13.510638 0.000000
      vertex 23.730159 13.510638 0.400000
    endloop
  endfacet
  facet normal 1.000000 0.000000 0.000000
    outer loop
      vertex 23.730159 10.000000 0.000000
      vertex 23.730159 13.510638 0.400000
      vertex 23.730159 10.000000 0.400000
    endloop
  endfacet
  facet normal 0.000000 0.000000 -1.000000
    outer loop
      vertex 26.904762 10.000000 0.000000
      vertex 27.222222 13.510638 0.000000
      vertex 27.222222 10.000000 0.000000
    endloop
  endfacet
  facet normal 0.000000 0.000000 -1.000000
    outer loop
      vertex 26.904762 10.000000 0.000000
      vertex 26.904762 13.510638 0.000000
      vertex 27.222222 13.510638 0.000000
    endloop
  endfacet
  facet normal 0.000000 0.000000 1.000000
    outer loop
      vertex 26.904762 10.000000 0.400000
      vertex 27.222222 10.000000 0.400000
      vertex 27.222222 13.510638 0.400000
    endloop
  endfacet
  facet normal 0.000000 0.000000 1.000000
    outer loop
      vertex 26.904762 10.000000 0.400000
      vertex 27.222222 13.510638 0.400000
      vertex 26.904762 13.510638 0.400000
    endloop
  endfacet
  facet normal 0.000000 -1.000000 0.000000
    outer loop
      vertex 26.904762 10.000000 0.000000
      vertex 27.222222 10.000000 0.000000
      vertex 27.222222 10.000000 0.400000
    endloop
  endfacet
  facet normal 0.000000 -1.000000 0.000000
    outer loop
      vertex 26.904762 10.000000 0.000000
      vertex 27.222222 10.000000 0.400000
      vertex 26.904762 10.000000 0.400000
    endloop
  endfacet
  facet normal 0.000000 1.000000 0.000000
    outer loop
      vertex 26.904762 13.510638 0.000000
      vertex 27.222222 13.510638 0.400000
      vertex 27.222222 13.510638 0.000000
    endloop
  endfacet
  facet normal 0.000000 1.000000 0.000000
    outer loop
      vertex 26.904762 13.510638 0.000000
      vertex 26.904762 13.510638 0.400000
      vertex 27.222222 13.510638 0.400000
    endloop
  endfacet
  facet normal -1.000000 0.000000 0.000000
    outer loop
      vertex 26.904762 10.000000 0.000000
      vertex 26.904762 10.000000 0.400000
      vertex 26.904762 13.510638 0.400000
    endloop
  endfacet
  facet normal -1.000000 0.000000 0.000000
    outer loop
      vertex 26.904762 10.000000 0.000000
      vertex 26.904762 13.510638 0.400000
      vertex 26.904762 13.510638 0.000000
    endloop
  endfacet
  facet normal 1.000000 0.000000 0.000000
    outer loop
      vertex 27.222222 10.000000 0.000000
      vertex 27.222222 13.510638 0.000000
      vertex 27.222222 13.510638 0.400000
    endloop
  endfacet
  facet normal 1.000000 0.000000 0.000000
    outer loop
      vertex 27.222222 10.000000 0.000000
      vertex 27.222222 13.510638 0.400000
      vertex 27.222222 10.000000 0.400000
    endloop
  endfacet
  facet normal 0.000000 0.000000 -1.000000
    outer loop
      vertex 32.936508 10.000000 0.000000
      vertex 33.253968 13.510638 0.000000
      vertex 33.253968 10.000000 0.000000
    endloop
  endfacet
  facet normal 0.000000 0.000000 -1.000000
    outer loop
      vertex 32.936508 10.000000 0.000000
      vertex 32.936508 13.510638 0.000000
      vertex 33.253968 13.510638 0.000000
    endloop
  endfacet
  facet normal 0.000000 0.000000 1.000000
    outer loop
      vertex 32.936508 10.000000 0.400000
      vertex 33.253968 10.000000 0.400000
      vertex 33.253968 13.510638 0.400000
    endloop
  endfacet
  facet normal 0.000000 0.000000 1.000000
    outer loop
      vertex 32.936508 10.000000 0.400000
      vertex 33.253968 13.510638 0.400000
      vertex 32.936508 13.510638 0.400000
    endloop
  endfacet
  facet normal 0.000000 -1.000000 0.000000
    outer loop
      vertex 32.936508 10.000000 0.000000
      vertex 33.253968 10.000000 0.000000
      vertex 33.253968 10.000000 0.400000
    endloop
  endfacet
  facet normal 0.000000 -1.000000 0.000000
    outer loop
      vertex 32.936508 10.000000 0.000000
      vertex 33.253968 10.000000 0.400000
      vertex 32.936508 10.000000 0.400000
    endloop
  endfacet
  facet normal 0.000000 1.000000 0.000000
    outer loop
      vertex 32.936508 13.510638 0.000000
      vertex 33.253968 13.510638 0.400000
      vertex 33.253968 13.510638 0.000000
    endloop
  endfacet
  facet normal 0.000000 1.000000 0.000000
    outer loop
      vertex 32.936508 13.510638 0.000000
      vertex 32.936508 13.510638 0.400000
      vertex 33.253968 13.510638 0.400000
    endloop
  endfacet
  facet normal -1.000000 0.000000 0.000000
    outer loop
      vertex 32.936508 10.000000 0.000000
      vertex 32.936508 10.000000 0.400000
      vertex 32.936508 13.510638 0.400000
    endloop
  endfacet
  facet normal -1.000000 0.000000 0.000000
    outer loop
      vertex 32.936508 10.000000 0.000000
      vertex 32.936508 13.510638 0.400000
      vertex 32.936508 13.510638 0.000000
    endloop
  endfacet
  facet normal 1.000000 0.000000 0.000000
    outer loop
      vertex 33.253968 10.000000 0.000000
      vertex 33.253968 13.510638 0.000000
      vertex 33.253968 13.510638 0.400000
    endloop
  endfacet
  facet normal 1.000000 0.000000 0.000000
    outer loop
      vertex 33.253968 10.000000 0.000000
      vertex 33.253968 13.510638 0.400000
      vertex 33.253968 10.000000 0.400000
    endloop
  endfacet
  facet normal 0.000000 0.000000 -1.000000
    outer loop
      vertex 7.539683 10.000000 0.000000
      vertex 7.857143 13.191489 0.000000
      vertex 7.857143 10.000000 0.000000
    endloop
  endfacet
  facet normal 0.000000 0.000000 -1.000000
    outer loop
      vertex 7.539683 10.000000 0.000000
      vertex 7.539683 13.191489 0.000000
      vertex 7.857143 13.191489 0.000000
    endloop
  endfacet
  facet normal 0.000000 0.000000 1.000000
    outer loop
      vertex 7.539683 10.000000 0.400000
      vertex 7.857143 10.000000 0.400000
      vertex 7.857143 13.191489 0.400000
    endloop
  endfacet
  facet normal 0.000000 0.000000 1.000000
    outer loop
      vertex 7.539683 10.000000 0.400000
      vertex 7.857143 13.191489 0.400000
      vertex 7.539683 13.191489 0.400000
    endloop
  endfacet
  facet normal 0.000000 -1.000000 0.000000
    outer loop
      vertex 7.539683 10.000000 0.000000
      vertex 7.857143 10.000000 0.000000
      vertex 7.857143 10.000000 0.400000
    endloop
  endfacet
  facet normal 0.000000 -1.000000 0.000000
    outer loop
      vertex 7.539683 10.000000 0.000000
      vertex 7.857143 10.000000 0.400000
      vertex 7.539683 10.000000 0.400000
    endloop
  endfacet
  facet normal 0.000000 1.000000 0.000000
    outer loop
      vertex 7.539683 13.191489 0.000000
      vertex 7.857143 13.191489 0.400000
      vertex 7.857143 13.191489 0.000000
    endloop
  endfacet
  facet normal 0.000000 1.000000 0.000000
    outer loop
      vertex 7.539683 13.191489 0.000000
      vertex 7.539683 13.191489 0.400000
      vertex 7.857143 13.191489 0.400000
    endloop
  endfacet
  facet normal -1.000000 0.000000 0.000000
    outer loop
      vertex 7.539683 10.000000 0.000000
      vertex 7.539683 10.000000 0.400000
      vertex 7.539683 13.191489 0.400000
    endloop
  endfacet
  facet normal -1.000000 0.000000 0.000000
    outer loop
      vertex 7.539683 10.000000 0.000000
      vertex 7.539683 13.191489 0.400000
      vertex 7.539683 13.191489 0.000000
    endloop
  endfacet
  facet normal 1.000000 0.000000 0.000000
    outer loop
      vertex 7.857143 10.000000 0.000000
      vertex 7.857143 13.191489 0.000000
      vertex 7.857143 13.191489 0.400000
    endloop
  endfacet
  facet normal 1.000000 0.000000 0.000000
    outer loop
      vertex 7.857143 10.000000 0.000000
      vertex 7.857143 13.191489 0.400000
      vertex 7.857143 10.000000 0.400000
    endloop
  endfacet
  facet normal 0.000000 0.000000 -1.000000
    outer loop
      vertex 11.984127 10.000000 0.000000
      vertex 12.301587 13.191489 0.000000
      vertex 12.301587 10.000000 0.000000
    endloop
  endfacet
  facet normal 0.000000 0.000000 -1.000000
    outer loop
      vertex 11.984127 10.000000 0.000000
      vertex 11.984127 13.191489 0.000000
      vertex 12.301587 13.191489 0.000000
    endloop
  endfacet
  facet normal 0.000000 0.000000 1.000000
    outer loop
      vertex 11.984127 10.000000 0.400000
      vertex 12.301587 10.000000 0.400000
      vertex 12.301587 13.191489 0.400000
    endloop
  endfacet
  facet normal 0.000000 0.000000 1.000000
    outer loop
      vertex 11.984127 10.000000 0.400000
      vertex 12.301587 13.191489 0.400000
      vertex 11.984127 13.191489 0.400000
    endloop
  endfacet
  facet normal 0.000000 -1.000000 0.000000
    outer loop
      vertex 11.984127 10.000000 0.000000
      vertex 12.301587 10.000000 0.000000
      vertex 12.301587 10.000000 0.400000
    endloop
  endfacet
  facet normal 0.000000 -1.000000 0.000000
    outer loop
      vertex 11.984127 10.000000 0.000000
      vertex 12.301587 10.000000 0.400000
      vertex 11.984127 10.000000 0.400000
    endloop
  endfacet
  facet normal 0.000000 1.000000 0.000000
    outer loop
      vertex 11.984127 13.191489 0.000000
      vertex 12.301587 13.191489 0.400000
      vertex 12.301587 13.191489 0.000000
    endloop
  endfacet
  facet normal 0.000000 1.000000 0.000000
    outer loop
      vertex 11.984127 13.191489 0.000000
      vertex 11.984127 13.191489 0.400000
      vertex 12.301587 13.191489 0.400000
    endloop
  endfacet
  facet normal -1.000000 0.000000 0.000000
    outer loop
      vertex 11.984127 10.000000 0.000000
      vertex 11.984127 10.000000 0.400000
      vertex 11.984127 13.191489 0.400000
    endloop
  endfacet
  facet normal -1.000000 0.000000 0.000000
    outer loop
      vertex 11.984127 10.000000 0.000000
      vertex 11.984127 13.191489 0.400000
      vertex 11.984127 13.191489 0.000000
    endloop
  endfacet
  facet normal 1.000000 0.000000 0.000000
    outer loop
      vertex 12.301587 10.000000 0.000000
      vertex 12.301587 13.191489 0.000000
      vertex 12.301587 13.191489 0.400000
    endloop
  endfacet
  facet normal 1.000000 0.000000 0.000000
    outer loop
      vertex 12.301587 10.000000 0.000000
      vertex 12.301587 13.191489 0.400000
      vertex 12.301587 10.000000 0.400000
    endloop
  endfacet
  facet normal 0.000000 0.000000 -1.000000
    outer loop
      vertex 17.698413 10.000000 0.000000
      vertex 18.015873 13.191489 0.000000
      vertex 18.015873 10.000000 0.000000
    endloop
  endfacet
  facet normal 0.000000 0.000000 -1.000000
    outer loop
      vertex 17.698413 10.000000 0.000000
      vertex 17.698413 13.191489 0.000000
      vertex 18.015873 13.191489 0.000000
    endloop
  endfacet
  facet normal 0.000000 0.000000 1.000000
    outer loop
      vertex 17.698413 10.000000 0.400000
      vertex 18.015873 10.000000 0.400000
      vertex 18.015873 13.191489 0.400000
    endloop
  endfacet
  facet normal 0.000000 0.000000 1.000000
    outer loop
      vertex 17.698413 10.000000 0.400000
      vertex 18.015873 13.191489 0.400000
      vertex 17.698413 13.191489 0.400000
    endloop
  endfacet
  facet normal 0.000000 -1.000000 0.000000
    outer loop
      vertex 17.698413 10.000000 0.000000
      vertex 18.015873 10.000000 0.000000
      vertex 18.015873 10.000000 0.400000
    endloop
  endfacet
  facet normal 0.000000 -1.000000 0.000000
    outer loop
      vertex 17.698413 10.000000 0.000000
      vertex 18.015873 10.000000 0.400000
      vertex 17.698413 10.000000 0.400000
    endloop
  endfacet
  facet normal 0.000000 1.000000 0.000000
    outer loop
      vertex 17.698413 13.191489 0.000000
      vertex 18.015873 13.191489 0.400000
      vertex 18.015873 13.191489 0.000000
    endloop
  endfacet
  facet normal 0.000000 1.000000 0.000000
    outer loop
      vertex 17.698413 13.191489 0.000000
      vertex 17.698413 13.191489 0.400000
      vertex 18.015873 13.191489 0.400000
    endloop
  endfacet
  facet normal -1.000000 0.000000 0.000000
    outer loop
      vertex 17.698413 10.000000 0.000000
      vertex 17.698413 10.000000 0.400000
      vertex 17.698413 13.191489 0.400000
    endloop
  endfacet
  facet normal -1.000000 0.000000 0.000000
    outer loop
      vertex 17.698413 10.000000 0.000000
      vertex 17.698413 13.191489 0.400000
      vertex 17.698413 13.191489 0.000000
    endloop
  endfacet
  facet normal 1.000000 0.000000 0.000000
    outer loop
      vertex 18.015873 10.000000 0.000000
      vertex 18.015873 13.191489 0.000000
      vertex 18.015873 13.191489 0.400000
    endloop
  endfacet
  facet normal 1.000000 0.000000 0.000000
    outer loop
      vertex 18.015873 10.000000 0.000000
      vertex 18.015873 13.191489 0.400000
      vertex 18.015873 10.000000 0.400000
    endloop
  endfacet
  facet normal 0.000000 0.000000 -1.000000
    outer loop
      vertex 23.095238 10.000000 0.000000
      vertex 23.412698 13.191489 0.000000
      vertex 23.412698 10.000000 0.000000
    endloop
  endfacet
  facet normal 0.000000 0.000000 -1.000000
    outer loop
      vertex 23.095238 10.000000 0.000000
      vertex 23.095238 13.191489 0.000000
      vertex 23.412698 13.191489 0.000000
    endloop
  endfacet
  facet normal 0.000000 0.000000 1.000000
    outer loop
      vertex 23.095238 10.000000 0.400000
      vertex 23.412698 10.000000 0.400000
      vertex 23.412698 13.191489 0.400000
    endloop
  endfacet
  facet normal 0.000000 0.000000 1.000000
    outer loop
      vertex 23.095238 10.000000 0.400000
      vertex 23.412698 13.191489 0.400000
      vertex 23.095238 13.191489 0.400000
    endloop
  endfacet
  facet normal 0.000000 -1.000000 0.000000
    outer loop
      vertex 23.095238 10.000000 0.000000
      vertex 23.412698 10.000000 0.000000
      vertex 23.412698 10.000000 0.400000
    endloop
  endfacet
  facet normal 0.000000 -1.000000 0.000000
    outer loop
      vertex 23.095238 10.000000 0.000000
      vertex 23.412698 10.000000 0.400000
      vertex 23.095238 10.000000 0.400000
    endloop
  endfacet
  facet normal 0.000000 1.000000 0.000000
    outer loop
      vertex 23.095238 13.191489 0.000000
      vertex 23.412698 13.191489 0.400000
      vertex 23.412698 13.191489 0.000000
    endloop
  endfacet
  facet normal 0.000000 1.000000 0.000000
    outer loop
      vertex 23.095238 13.191489 0.000000
      vertex 23.095238 13.191489 0.400000
      vertex 23.412698 13.191489 0.400000
    endloop
  endfacet
  facet normal -1.000000 0.000000 0.000000
    outer loop
      vertex 23.095238 10.000000 0.000000
      vertex 23.095238 10.000000 0.400000
      vertex 23.095238 13.191489 0.400000
    endloop
  endfacet
  facet normal -1.000000 0.000000 0.000000
    outer loop
      vertex 23.095238 10.000000 0.000000
      vertex 23.095238 13.191489 0.400000
      vertex 23.095238 13.191489 0.000000
    endloop
  endfacet
  facet normal 1.000000 0.000000 0.000000
    outer loop
      vertex 23.412698 10.000000 0.000000
      vertex 23.412698 13.191489 0.000000
      vertex 23.412698 13.191489 0.400000
    endloop
  endfacet
  facet normal 1.000000 0.000000 0.000000
    outer loop
      vertex 23.412698 10.000000 0.000000
      vertex 23.412698 13.191489 0.400000
      vertex 23.412698 10.000000 0.400000
    endloop
  endfacet
  facet normal 0.000000 0.000000 -1.000000
    outer loop
      vertex 27.222222 10.000000 0.000000
      vertex 27.539683 13.191489 0.000000
      vertex 27.539683 10.000000 0.000000
    endloop
  endfacet
  facet normal 0.000000 0.000000 -1.000000
    outer loop
      vertex 27.222222 10.000000 0.000000
      vertex 27.222222 13.191489 0.000000
      vertex 27.539683 13.191489 0.000000
    endloop
  endfacet
  facet normal 0.000000 0.000000 1.000000
    outer loop
      vertex 27.222222 10.000000 0.400000
      vertex 27.539683 10.000000 0.400000
      vertex 27.539683 13.191489 0.400000
    endloop
  endfacet
  facet normal 0.000000 0.000000 1.000000
    outer loop
      vertex 27.222222 10.000000 0.400000
      vertex 27.539683 13.191489 0.400000
      vertex 27.222222 13.191489 0.400000
    endloop
  endfacet
  facet normal 0.000000 -1.000000 0.000000
    outer loop
      vertex 27.222222 10.000000 0.000000
      vertex 27.539683 10.000000 0.000000
      vertex 27.539683 10.000000 0.400000
    endloop
  endfacet
  facet normal 0.000000 -1.000000 0.000000
    outer loop
      vertex 27.222222 10.000000 0.000000
      vertex 27.539683 10.000000 0.400000
      vertex 27.222222 10.000000 0.400000
    endloop
  endfacet
  facet normal 0.000000 1.000000 0.000000
    outer loop
      vertex 27.222222 13.191489 0.000000
      vertex 27.539683 13.191489 0.400000
      vertex 27.539683 13.191489 0.000000
    endloop
  endfacet
  facet normal 0.000000 1.000000 0.000000
    outer loop
      vertex 27.222222 13.191489 0.000000
      vertex 27.222222 13.191489 0.400000
      vertex 27.539683 13.191489 0.400000
    endloop
  endfacet
  facet normal -1.000000 0.000000 0.000000
    outer loop
      vertex 27.222222 10.000000 0.000000
      vertex 27.222222 10.000000 0.400000
      vertex 27.222222 13.191489 0.400000
    endloop
  endfacet
  facet normal -1.000000 0.000000 0.000000
    outer loop
      vertex 27.222222 10.000000 0.000000
      vertex 27.222222 13.191489 0.400000
      vertex 27.222222 13.191489 0.000000
    endloop
  endfacet
  facet normal 1.000000 0.000000 0.000000
    outer loop
      vertex 27.539683 10.000000 0.000000
      vertex 27.539683 13.191489 0.000000
      vertex 27.539683 13.191489 0.400000
    endloop
  endfacet
  facet normal 1.000000 0.000000 0.000000
    outer loop
      vertex 27.539683 10.000000 0.000000
      vertex 27.539683 13.191489 0.400000
      vertex 27.539683 10.000000 0.400000
    endloop
  endfacet
  facet normal 0.000000 0.000000 -1.000000
    outer loop
      vertex 32.619048 10.000000 0.000000
      vertex 32.936508 13.191489 0.000000
      vertex 32.936508 10.000000 0.000000
    endloop
  endfacet
  facet normal 0.000000 0.000000 -1.000000
    outer loop
      vertex 32.619048 10.000000 0.000000
      vertex 32.619048 13.191489 0.000000
      vertex 32.936508 13.191489 0.000000
    endloop
  endfacet
  facet normal 0.000000 0.000000 1.000000
    outer loop
      vertex 32.619048 10.000000 0.400000
      vertex 32.936508 10.000000 0.400000
      vertex 32.936508 13.191489 0.400000
    endloop
  endfacet
  facet normal 0.000000 0.000000 1.000000
    outer loop
      vertex 32.619048 10.000000 0.400000
      vertex 32.936508 13.191489 0.400000
      vertex 32.619048 13.191489 0.400000
    endloop
  endfacet
  facet normal 0.000000 -1.000000 0.000000
    outer loop
      vertex 32.619048 10.000000 0.000000
      vertex 32.936508 10.000000 0.000000
      vertex 32.936508 10.000000 0.400000
    endloop
  endfacet
  facet normal 0.000000 -1.000000 0.000000
    outer loop
      vertex 32.619048 10.000000 0.000000
      vertex 32.936508 10.000000 0.400000
      vertex 32.619048 10.000000 0.400000
    endloop
  endfacet
  facet normal 0.000000 1.000000 0.000000
    outer loop
      vertex 32.619048 13.191489 0.000000
      vertex 32.936508 13.191489 0.400000
      vertex 32.936508 13.191489 0.000000
    endloop
  endfacet
  facet normal 0.000000 1.000000 0.000000
    outer loop
      vertex 32.619048 13.191489 0.000000
      vertex 32.619048 13.191489 0.400000
      vertex 32.936508 13.191489 0.400000
    endloop
  endfacet
  facet normal -1.000000 0.000000 0.000000
    outer loop
      vertex 32.619048 10.000000 0.000000
      vertex 32.619048 10.000000 0.400000
      vertex 32.619048 13.191489 0.400000
    endloop
  endfacet
  facet normal -1.000000 0.000000 0.000000
    outer loop
      vertex 32.619048 10.000000 0.000000
      vertex 32.619048 13.191489 0.400000
      vertex 32.619048 13.191489 0.000000
    endloop
  endfacet
  facet normal 1.000000 0.000000 0.000000
    outer loop
      vertex 32.936508 10.000000 0.000000
      vertex 32.936508 13.191489 0.000000
      vertex 32.936508 13.191489 0.400000
    endloop
  endfacet
  facet normal 1.000000 0.000000 0.000000
    outer loop
      vertex 32.936508 10.000000 0.000000
      vertex 32.936508 13.191489 0.400000
      vertex 32.936508 10.000000 0.400000
    endloop
  endfacet
  facet normal 0.000000 0.000000 -1.000000
    outer loop
      vertex 7.857143 10.000000 0.000000
      vertex 8.174603 12.872340 0.000000
      vertex 8.174603 10.000000 0.000000
    endloop
  endfacet
  facet normal 0.000000 0.000000 -1.000000
    outer loop
      vertex 7.857143 10.000000 0.000000
      vertex 7.857143 12.872340 0.000000
      vertex 8.174603 12.872340 0.000000
    endloop
  endfacet
  facet normal 0.000000 0.000000 1.000000
    outer loop
      vertex 7.857143 10.000000 0.400000
      vertex 8.174603 10.000000 0.400000
      vertex 8.174603 12.872340 0.400000
    endloop
  endfacet
  facet normal 0.000000 0.000000 1.000000
    outer loop
      vertex 7.857143 10.000000 0.400000
      vertex 8.174603 12.872340 0.400000
      vertex 7.857143 12.872340 0.400000
    endloop
  endfacet
  facet normal 0.000000 -1.000000 0.000000
    outer loop
      vertex 7.857143 10.000000 0.000000
      vertex 8.174603 10.000000 0.000000
      vertex 8.174603 10.000000 0.400000
    endloop
  endfacet
  facet normal 0.000000 -1.000000 0.000000
    outer loop
      vertex 7.857143 10.000000 0.000000
      vertex 8.174603 10.000000 0.400000
      vertex 7.857143 10.000000 0.400000
    endloop
  endfacet
  facet normal 0.000000 1.000000 0.000000
    outer loop
      vertex 7.857143 12.872340 0.000000
      vertex 8.174603 12.872340 0.400000
      vertex 8.174603 12.872340 0.000000
    endloop
  endfacet
  facet normal 0.000000 1.000000 0.000000
    outer loop
      vertex 7.857143 12.872340 0.000000
      vertex 7.857143 12.872340 0.400000
      vertex 8.174603 12.872340 0.400000
    endloop
  endfacet
  facet normal -1.000000 0.000000 0.000000
    outer loop
      vertex 7.857143 10.000000 0.000000
      vertex 7.857143 10.000000 0.400000
      vertex 7.857143 12.872340 0.400000
    endloop
  endfacet
  facet normal -1.000000 0.000000 0.000000
    outer loop
      vertex 7.857143 10.000000 0.000000
      vertex 7.857143 12.872340 0.400000
      vertex 7.857143 12.872340 0.000000
    endloop
  endfacet
  facet normal 1.000000 0.000000 0.000000
    outer loop
      vertex 8.174603 10.000000 0.000000
      vertex 8.174603 12.872340 0.000000
      vertex 8.174603 12.872340 0.400000
    endloop
  endfacet
  facet normal 1.000000 0.000000 0.000000
    outer loop
      vertex 8.174603 10.000000 0.000000
      vertex 8.174603 12.872340 0.400000
      vertex 8.174603 10.000000 0.400000
    endloop
  endfacet
  facet normal 0.000000 0.000000 -1.000000
    outer loop
      vertex 11.666667 10.000000 0.000000
      vertex 11.984127 12.872340 0.000000
      vertex 11.984127 10.000000 0.000000
    endloop
  endfacet
  facet normal 0.000000 0.000000 -1.000000
    outer loop
      vertex 11.666667 10.000000 0.000000
      vertex 11.666667 12.872340 0.000000
      vertex 11.984127 12.872340 0.000000
    endloop
  endfacet
  facet normal 0.000000 0.000000 1.000000
    outer loop
      vertex 11.666667 10.000000 0.400000
      vertex 11.984127 10.000000 0.400000
      vertex 11.984127 12.872340 0.400000
    endloop
  endfacet
  facet normal 0.000000 0.000000 1.000000
    outer loop
      vertex 11.666667 10.000000 0.400000
      vertex 11.984127 12.872340 0.400000
      vertex 11.666667 12.872340 0.400000
    endloop
  endfacet
  facet normal 0.000000 -1.000000 0.000000
    outer loop
      vertex 11.666667 10.000000 0.000000
      vertex 11.984127 10.000000 0.000000
      vertex 11.984127 10.000000 0.400000
    endloop
  endfacet
  facet normal 0.000000 -1.000000 0.000000
    outer loop
      vertex 11.666667 10.000000 0.000000
      vertex 11.984127 10.000000 0.400000
      vertex 11.666667 10.000000 0.400000
    endloop
  endfacet
  facet normal 0.000000 1.000000 0.000000
    outer loop
      vertex 11.666667 12.872340 0.000000
      vertex 11.984127 12.872340 0.400000
      vertex 11.984127 12.872340 0.000000
    endloop
  endfacet
  facet normal 0.000000 1.000000 0.000000
    outer loop
      vertex 11.666667 12.872340 0.000000
      vertex 11.666667 12.872340 0.400000
      vertex 11.984127 12.872340 0.400000
    endloop
  endfacet
  facet normal -1.000000 0.000000 0.000000
    outer loop
      vertex 11.666667 10.000000 0.000000
      vertex 11.666667 10.000000 0.400000
      vertex 11.666667 12.872340 0.400000
    endloop
  endfacet
  facet normal -1.000000 0.000000 0.000000
    outer loop
      vertex 11.666667 10.000000 0.000000
      vertex 11.666667 12.872340 0.400000
      vertex 11.666667 12.872340 0.000000
    endloop
  endfacet
  facet normal 1.000000 0.000000 0.000000
    outer loop
      vertex 11.984127 10.000000 0.000000
      vertex 11.984127 12.872340 0.000000
      vertex 11.984127 12.872340 0.400000
    endloop
  endfacet
  facet normal 1.000000 0.000000 0.000000
    outer loop
      vertex 11.984127 10.000000 0.000000
      vertex 11.984127 12.872340 0.400000
      vertex 11.984127 10.000000 0.400000
    endloop
  endfacet
  facet normal 0.000000 0.000000 -1.000000
    outer loop
      vertex 18.015873 10.000000 0.000000
      vertex 18.650794 12.872340 0.000000
      vertex 18.650794 10.000000 0.000000
    endloop
  endfacet
  facet normal 0.000000 0.000000 -1.000000
    outer loop
      vertex 18.015873 10.000000 0.000000
      vertex 18.015873 12.872340 0.000000
      vertex 18.650794 12.872340 0.000000
    endloop
  endfacet
  facet normal 0.000000 0.000000 1.000000
    outer loop
      vertex 18.015873 10.000000 0.400000
      vertex 18.650794 10.000000 0.400000
      vertex 18.650794 12.872340 0.400000
    endloop
  endfacet
  facet normal 0.000000 0.000000 1.000000
    outer loop
      vertex 18.015873 10.000000 0.400000
      vertex 18.650794 12.872340 0.400000
      vertex 18.015873 12.872340 0.400000
    endloop
  endfacet
  facet normal 0.000000 -1.000000 0.000000
    outer loop
      vertex 18.015873 10.000000 0.000000
      vertex 18.650794 10.000000 0.000000
      vertex 18.650794 10.000000 0.400000
    endloop
  endfacet
  facet normal 0.000000 -1.000000 0.000000
    outer loop
      vertex 18.015873 10.000000 0.000000
      vertex 18.650794 10.000000 0.400000
      vertex 18.015873 10.000000 0.400000
    endloop
  endfacet
  facet normal 0.000000 1.000000 0.000000
    outer loop
      vertex 18.015873 12.872340 0.000000
      vertex 18.650794 12.872340 0.400000
      vertex 18.650794 12.872340 0.000000
    endloop
  endfacet
  facet normal 0.000000 1.000000 0.000000
    outer loop
      vertex 18.015873 12.872340 0.000000
      vertex 18.015873 12.872340 0.400000
      vertex 18.650794 12.872340 0.400000
    endloop
  endfacet
  facet normal -1.000000 0.000000 0.000000
    outer loop
      vertex 18.015873 10.000000 0.000000
      vertex 18.015873 10.000000 0.400000
      vertex 18.015873 12.872340 0.400000
    endloop
  endfacet
  facet normal -1.000000 0.000000 0.000000
    outer loop
      vertex 18.015873 10.000000 0.000000
      vertex 18.015873 12.872340 0.400000
      vertex 18.015873 12.872340 0.000000
    endloop
  endfacet
  facet normal 1.000000 0.000000 0.000000
    outer loop
      vertex 18.650794 10.000000 0.000000
      vertex 18.650794 12.872340 0.000000
      vertex 18.650794 12.872340 0.400000
    endloop
  endfacet
  facet normal 1.000000 0.000000 0.000000
    outer loop
      vertex 18.650794 10.000000 0.000000
      vertex 18.650794 12.872340 0.400000
      vertex 18.650794 10.000000 0.400000
    endloop
  endfacet
  facet normal 0.000000 0.000000 -1.000000
    outer loop
      vertex 22.460317 10.000000 0.000000
      vertex 23.095238 12.872340 0.000000
      vertex 23.095238 10.000000 0.000000
    endloop
  endfacet
  facet normal 0.000000 0.000000 -1.000000
    outer loop
      vertex 22.460317 10.000000 0.000000
      vertex 22.460317 12.872340 0.000000
      vertex 23.095238 12.872340 0.000000
    endloop
  endfacet
  facet normal 0.000000 0.000000 1.000000
    outer loop
      vertex 22.460317 10.000000 0.400000
      vertex 23.095238 10.000000 0.400000
      vertex 23.095238 12.872340 0.400000
    endloop
  endfacet
  facet normal 0.000000 0.000000 1.000000
    outer loop
      vertex 22.460317 10.000000 0.400000
      vertex 23.095238 12.872340 0.400000
      vertex 22.460317 12.872340 0.400000
    endloop
  endfacet
  facet normal 0.000000 -1.000000 0.000000
    outer loop
      vertex 22.460317 10.000000 0.000000
      vertex 23.095238 10.000000 0.000000
      vertex 23.095238 10.000000 0.400000
    endloop
  endfacet
  facet normal 0.000000 -1.000000 0.000000
    outer loop
      vertex 22.460317 10.000000 0.000000
      vertex 23.095238 10.000000 0.400000
      vertex 22.460317 10.000000 0.400000
    endloop
  endfacet
  facet normal 0.000000 1.000000 0.000000
    outer loop
      vertex 22.460317 12.872340 0.000000
      vertex 23.095238 12.872340 0.400000
      vertex 23.095238 12.872340 0.000000
    endloop
  endfacet
  facet normal 0.000000 1.000000 0.000000
    outer loop
      vertex 22.460317 12.872340 0.000000
      vertex 22.460317 12.872340 0.400000
      vertex 23.095238 12.872340 0.400000
    endloop
  endfacet
  facet normal -1.000000 0.000000 0.000000
    outer loop
      vertex 22.460317 10.000000 0.000000
      vertex 22.460317 10.000000 0.400000
      vertex 22.460317 12.872340 0.400000
    endloop
  endfacet
  facet normal -1.000000 0.000000 0.000000
    outer loop
      vertex 22.460317 10.000000 0.000000
      vertex 22.460317 12.872340 0.400000
      vertex 22.460317 12.872340 0.000000
    endloop
  endfacet
  facet normal 1.000000 0.000000 0.000000
    outer loop
      vertex 23.095238 10.000000 0.000000
      vertex 23.095238 12.872340 0.000000
      vertex 23.095238 12.872340 0.400000
    endloop
  endfacet
  facet normal 1.000000 0.000000 0.000000
    outer loop
      vertex 23.095238 10.000000 0.000000
      vertex 23.095238 12.872340 0.400000
      vertex 23.095238 10.000000 0.400000
    endloop
  endfacet
  facet normal 0.000000 0.000000 -1.000000
    outer loop
      vertex 27.539683 10.000000 0.000000
      vertex 28.174603 12.872340 0.000000
      vertex 28.174603 10.000000 0.000000
    endloop
  endfacet
  facet normal 0.000000 0.000000 -1.000000
    outer loop
      vertex 27.539683 10.000000 0.000000
      vertex 27.539683 12.872340 0.000000
      vertex 28.174603 12.872340 0.000000
    endloop
  endfacet
  facet normal 0.000000 0.000000 1.000000
    outer loop
      vertex 27.539683 10.000000 0.400000
      vertex 28.174603 10.000000 0.400000
      vertex 28.174603 12.872340 0.400000
    endloop
  endfacet
  facet normal 0.000000 0.000000 1.000000
    outer loop
      vertex 27.539683 10.000000 0.400000
      vertex 28.174603 12.872340 0.400000
      vertex 27.539683 12.872340 0.400000
    endloop
  endfacet
  facet normal 0.000000 -1.000000 0.000000
    outer loop
      vertex 27.539683 10.000000 0.000000
      vertex 28.174603 10.000000 0.000000
      vertex 28.174603 10.000000 0.400000
    endloop
  endfacet
  facet normal 0.000000 -1.000000 0.000000
    outer loop
      vertex 27.539683 10.000000 0.000000
      vertex 28.174603 10.000000 0.400000
      vertex 27.539683 10.000000 0.400000
    endloop
  endfacet
  facet normal 0.000000 1.000000 0.000000
    outer loop
      vertex 27.539683 12.872340 0.000000
      vertex 28.174603 12.872340 0.400000
      vertex 28.174603 12.872340 0.000000
    endloop
  endfacet
  facet normal 0.000000 1.000000 0.000000
    outer loop
      vertex 27.539683 12.872340 0.000000
      vertex 27.539683 12.872340 0.400000
      vertex 28.174603 12.872340 0.400000
    endloop
  endfacet
  facet normal -1.000000 0.000000 0.000000
    outer loop
      vertex 27.539683 10.000000 0.000000
      vertex 27.539683 10.000000 0.400000
      vertex 27.539683 12.872340 0.400000
    endloop
  endfacet
  facet normal -1.000000 0.000000 0.000000
    outer loop
      vertex 27.539683 10.000000 0.000000
      vertex 27.539683 12.872340 0.400000
      vertex 27.539683 12.872340 0.000000
    endloop
  endfacet
  facet normal 1.000000 0.000000 0.000000
    outer loop
      vertex 28.174603 10.000000 0.000000
      vertex 28.174603 12.872340 0.000000
      vertex 28.174603 12.872340 0.400000
    endloop
  endfacet
  facet normal 1.000000 0.000000 0.000000
    outer loop
      vertex 28.174603 10.000000 0.000000
      vertex 28.174603 12.872340 0.400000
      vertex 28.174603 10.000000 0.400000
    endloop
  endfacet
  facet normal 0.000000 0.000000 -1.000000
    outer loop
      vertex 31.984127 10.000000 0.000000
      vertex 32.619048 12.872340 0.000000
      vertex 32.619048 10.000000 0.000000
    endloop
  endfacet
  facet normal 0.000000 0.000000 -1.000000
    outer loop
      vertex 31.984127 10.000000 0.000000
      vertex 31.984127 12.872340 0.000000
      vertex 32.619048 12.872340 0.000000
    endloop
  endfacet
  facet normal 0.000000 0.000000 1.000000
    outer loop
      vertex 31.984127 10.000000 0.400000
      vertex 32.619048 10.000000 0.400000
      vertex 32.619048 12.872340 0.400000
    endloop
  endfacet
  facet normal 0.000000 0.000000 1.000000
    outer loop
      vertex 31.984127 10.000000 0.400000
      vertex 32.619048 12.872340 0.400000
      vertex 31.984127 12.872340 0.400000
    endloop
  endfacet
  facet normal 0.000000 -1.000000 0.000000
    outer loop
      vertex 31.984127 10.000000 0.000000
      vertex 32.619048 10.000000 0.000000
      vertex 32.619048 10.000000 0.400000
    endloop
  endfacet
  facet normal 0.000000 -1.000000 0.000000
    outer loop
      vertex 31.984127 10.000000 0.000000
      vertex 32.619048 10.000000 0.400000
      vertex 31.984127 10.000000 0.400000
    endloop
  endfacet
  facet normal 0.000000 1.000000 0.000000
    outer loop
      vertex 31.984127 12.872340 0.000000
      vertex 32.619048 12.872340 0.400000
      vertex 32.619048 12.872340 0.000000
    endloop
  endfacet
  facet normal 0.000000 1.000000 0.000000
    outer loop
      vertex 31.984127 12.872340 0.000000
      vertex 31.984127 12.872340 0.400000
      vertex 32.619048 12.872340 0.400000
    endloop
  endfacet
  facet normal -1.000000 0.000000 0.000000
    outer loop
      vertex 31.984127 10.000000 0.000000
      vertex 31.984127 10.000000 0.400000
      vertex 31.984127 12.872340 0.400000
    endloop
  endfacet
  facet normal -1.000000 0.000000 0.000000
    outer loop
      vertex 31.984127 10.000000 0.000000
      vertex 31.984127 12.872340 0.400000
      vertex 31.984127 12.872340 0.000000
    endloop
  endfacet
  facet normal 1.000000 0.000000 0.000000
    outer loop
      vertex 32.619048 10.000000 0.000000
      vertex 32.619048 12.872340 0.000000
      vertex 32.619048 12.872340 0.400000
    endloop
  endfacet
  facet normal 1.000000 0.000000 0.000000
    outer loop
      vertex 32.619048 10.000000 0.000000
      vertex 32.619048 12.872340 0.400000
      vertex 32.619048 10.000000 0.400000
    endloop
  endfacet
  facet normal 0.000000 0.000000 -1.000000
    outer loop
      vertex 8.174603 10.000000 0.000000
      vertex 8.809524 12.553191 0.000000
      vertex 8.809524 10.000000 0.000000
    endloop
  endfacet
  facet normal 0.000000 0.000000 -1.000000
    outer loop
      vertex 8.174603 10.000000 0.000000
      vertex 8.174603 12.553191 0.000000
      vertex 8.809524 12.553191 0.000000
    endloop
  endfacet
  facet normal 0.000000 0.000000 1.000000
    outer loop
      vertex 8.174603 10.000000 0.400000
      vertex 8.809524 10.000000 0.400000
      vertex 8.809524 12.553191 0.400000
    endloop
  endfacet
  facet normal 0.000000 0.000000 1.000000
    outer loop
      vertex 8.174603 10.000000 0.400000
      vertex 8.809524 12.553191 0.400000
      vertex 8.174603 12.553191 0.400000
    endloop
  endfacet
  facet normal 0.000000 -1.000000 0.000000
    outer loop
      vertex 8.174603 10.000000 0.000000
      vertex 8.809524 10.000000 0.000000
      vertex 8.809524 10.000000 0.400000
    endloop
  endfacet
  facet normal 0.000000 -1.000000 0.000000
    outer loop
      vertex 8.174603 10.000000 0.000000
      vertex 8.809524 10.000000 0.400000
      vertex 8.174603 10.000000 0.400000
    endloop
  endfacet
  facet normal 0.000000 1.000000 0.000000
    outer loop
      vertex 8.174603 12.553191 0.000000
      vertex 8.809524 12.553191 0.400000
      vertex 8.809524 12.553191 0.000000
    endloop
  endfacet
  facet normal 0.000000 1.000000 0.000000
    outer loop
      vertex 8.174603 12.553191 0.000000
      vertex 8.174603 12.553191 0.400000
      vertex 8.809524 12.553191 0.400000
    endloop
  endfacet
  facet normal -1.000000 0.000000 0.000000
    outer loop
      vertex 8.174603 10.000000 0.000000
      vertex 8.174603 10.000000 0.400000
      vertex 8.174603 12.553191 0.400000
    endloop
  endfacet
  facet normal -1.000000 0.000000 0.000000
    outer loop
      vertex 8.174603 10.000000 0.000000
      vertex 8.174603 12.553191 0.400000
      vertex 8.174603 12.553191 0.000000
    endloop
  endfacet
  facet normal 1.000000 0.000000 0.000000
    outer loop
      vertex 8.809524 10.000000 0.000000
      vertex 8.809524 12.553191 0.000000
      vertex 8.809524 12.553191 0.400000
    endloop
  endfacet
  facet normal 1.000000 0.000000 0.000000
    outer loop
      vertex 8.809524 10.000000 0.000000
      vertex 8.809524 12.553191 0.400000
      vertex 8.809524 10.000000 0.400000
    endloop
  endfacet
  facet normal 0.000000 0.000000 -1.000000
    outer loop
      vertex 11.031746 10.000000 0.000000
      vertex 11.666667 12.553191 0.000000
      vertex 11.666667 10.000000 0.000000
    endloop
  endfacet
  facet normal 0.000000 0.000000 -1.000000
    outer loop
      vertex 11.031746 10.000000 0.000000
      vertex 11.031746 12.553191 0.000000
      vertex 11.666667 12.553191 0.000000
    endloop
  endfacet
  facet normal 0.000000 0.000000 1.000000
    outer loop
      vertex 11.031746 10.000000 0.400000
      vertex 11.666667 10.000000 0.400000
      vertex 11.666667 12.553191 0.400000
    endloop
  endfacet
  facet normal 0.000000 0.000000 1.000000
    outer loop
      vertex 11.031746 10.000000 0.400000
      vertex 11.666667 12.553191 0.400000
      vertex 11.031746 12.553191 0.400000
    endloop
  endfacet
  facet normal 0.000000 -1.000000 0.000000
    outer loop
      vertex 11.031746 10.000000 0.000000
      vertex 11.666667 10.000000 0.000000
      vertex 11.666667 10.000000 0.400000
    endloop
  endfacet
  facet normal 0.000000 -1.000000 0.000000
    outer loop
      vertex 11.031746 10.000000 0.000000
      vertex 11.666667 10.000000 0.400000
      vertex 11.031746 10.000000 0.400000
    endloop
  endfacet
  facet normal 0.000000 1.000000 0.000000
    outer loop
      vertex 11.031746 12.553191 0.000000
      vertex 11.666667 12.553191 0.400000
      vertex 11.666667 12.553191 0.000000
    endloop
  endfacet
  facet normal 0.000000 1.000000 0.000000
    outer loop
      vertex 11.031746 12.553191 0.000000
      vertex 11.031746 12.553191 0.400000
      vertex 11.666667 12.553191 0.400000
    endloop
  endfacet
  facet normal -1.000000 0.000000 0.000000
    outer loop
      vertex 11.031746 10.000000 0.000000
      vertex 11.031746 10.000000 0.400000
      vertex 11.031746 12.553191 0.400000
    endloop
  endfacet
  facet normal -1.000000 0.000000 0.000000
    outer loop
      vertex 11.031746 10.000000 0.000000
      vertex 11.031746 12.553191 0.400000
      vertex 11.031746 12.553191 0.000000
    endloop
  endfacet
  facet normal 1.000000 0.000000 0.000000
    outer loop
      vertex 11.666667 10.000000 0.000000
      vertex 11.666667 12.553191 0.000000
      vertex 11.666667 12.553191 0.400000
    endloop
  endfacet
  facet normal 1.000000 0.000000 0.000000
    outer loop
      vertex 11.666667 10.000000 0.000000
      vertex 11.666667 12.553191 0.400000
      vertex 11.666667 10.000000 0.400000
    endloop
  endfacet
  facet normal 0.000000 0.000000 -1.000000
    outer loop
      vertex 18.650794 10.000000 0.000000
      vertex 19.285714 12.553191 0.000000
      vertex 19.285714 10.000000 0.000000
    endloop
  endfacet
  facet normal 0.000000 0.000000 -1.000000
    outer loop
      vertex 18.650794 10.000000 0.000000
      vertex 18.650794 12.553191 0.000000
      vertex 19.285714 12.553191 0.000000
    endloop
  endfacet
  facet normal 0.000000 0.000000 1.000000
    outer loop
      vertex 18.650794 10.000000 0.400000
      vertex 19.285714 10.000000 0.400000
      vertex 19.285714 12.553191 0.400000
    endloop
  endfacet
  facet normal 0.000000 0.000000 1.000000
    outer loop
      vertex 18.650794 10.000000 0.400000
      vertex 19.285714 12.553191 0.400000
      vertex 18.650794 12.553191 0.400000
    endloop
  endfacet
  facet normal 0.000000 -1.000000 0.000000
    outer loop
      vertex 18.650794 10.000000 0.000000
      vertex 19.285714 10.000000 0.000000
      vertex 19.285714 10.000000 0.400000
    endloop
  endfacet
  facet normal 0.000000 -1.000000 0.000000
    outer loop
      vertex 18.650794 10.000000 0.000000
      vertex 19.285714 10.000000 0.400000
      vertex 18.650794 10.000000 0.400000
    endloop
  endfacet
  facet normal 0.000000 1.000000 0.000000
    outer loop
      vertex 18.650794 12.553191 0.000000
      vertex 19.285714 12.553191 0.400000
      vertex 19.285714 12.553191 0.000000
    endloop
  endfacet
  facet normal 0.000000 1.000000 0.000000
    outer loop
      vertex 18.650794 12.553191 0.000000
      vertex 18.650794 12.553191 0.400000
      vertex 19.285714 12.553191 0.400000
    endloop
  endfacet
  facet normal -1.000000 0.000000 0.000000
    outer loop
      vertex 18.650794 10.000000 0.000000
      vertex 18.650794 10.000000 0.400000
      vertex 18.650794 12.553191 0.400000
    endloop
  endfacet
  facet normal -1.000000 0.000000 0.000000
    outer loop
      vertex 18.650794 10.000000 0.000000
      vertex 18.650794 12.553191 0.400000
      vertex 18.650794 12.553191 0.000000
    endloop
  endfacet
  facet normal 1.000000 0.000000 0.000000
    outer loop
      vertex 19.285714 10.000000 0.000000
      vertex 19.285714 12.553191 0.000000
      vertex 19.285714 12.553191 0.400000
    endloop
  endfacet
  facet normal 1.000000 0.000000 0.000000
    outer loop
      vertex 19.285714 10.000000 0.000000
      vertex 19.285714 12.553191 0.400000
      vertex 19.285714 10.000000 0.400000
    endloop
  endfacet
  facet normal 0.000000 0.000000 -1.000000
    outer loop
      vertex 21.825397 10.000000 0.000000
      vertex 22.460317 12.553191 0.000000
      vertex 22.460317 10.000000 0.000000
    endloop
  endfacet
  facet normal 0.000000 0.000000 -1.000000
    outer loop
      vertex 21.825397 10.000000 0.000000
      vertex 21.825397 12.553191 0.000000
      vertex 22.460317 12.553191 0.000000
    endloop
  endfacet
  facet normal 0.000000 0.000000 1.000000
    outer loop
      vertex 21.825397 10.000000 0.400000
      vertex 22.460317 10.000000 0.400000
      vertex 22.460317 12.553191 0.400000
    endloop
  endfacet
  facet normal 0.000000 0.000000 1.000000
    outer loop
      vertex 21.825397 10.000000 0.400000
      vertex 22.460317 12.553191 0.400000
      vertex 21.825397 12.553191 0.400000
    endloop
  endfacet
  facet normal 0.000000 -1.000000 0.000000
    outer loop
      vertex 21.825397 10.000000 0.000000
      vertex 22.460317 10.000000 0.000000
      vertex 22.460317 10.000000 0.400000
    endloop
  endfacet
  facet normal 0.000000 -1.000000 0.000000
    outer loop
      vertex 21.825397 10.000000 0.000000
      vertex 22.460317 10.000000 0.400000
      vertex 21.825397 10.000000 0.400000
    endloop
  endfacet
  facet normal 0.000000 1.000000 0.000000
    outer loop
      vertex 21.825397 12.553191 0.000000
      vertex 22.460317 12.553191 0.400000
      vertex 22.460317 12.553191 0.000000
    endloop
  endfacet
  facet normal 0.000000 1.000000 0.000000
    outer loop
      vertex 21.825397 12.553191 0.000000
      vertex 21.825397 12.553191 0.400000
      vertex 22.460317 12.553191 0.400000
    endloop
  endfacet
  facet normal -1.000000 0.000000 0.000000
    outer loop
      vertex 21.825397 10.000000 0.000000
      vertex 21.825397 10.000000 0.400000
      vertex 21.825397 12.553191 0.400000
    endloop
  endfacet
  facet normal -1.000000 0.000000 0.000000
    outer loop
      vertex 21.825397 10.000000 0.000000
      vertex 21.825397 12.553191 0.400000
      vertex 21.825397 12.553191 0.000000
    endloop
  endfacet
  facet normal 1.000000 0.000000 0.000000
    outer loop
      vertex 22.460317 10.000000 0.000000
      vertex 22.460317 12.553191 0.000000
      vertex 22.460317 12.553191 0.400000
    endloop
  endfacet
  facet normal 1.000000 0.000000 0.000000
    outer loop
      vertex 22.460317 10.000000 0.000000
      vertex 22.460317 12.553191 0.400000
      vertex 22.460317 10.000000 0.400000
    endloop
  endfacet
  facet normal 0.000000 0.000000 -1.000000
    outer loop
      vertex 28.174603 10.000000 0.000000
      vertex 28.809524 12.553191 0.000000
      vertex 28.809524 10.000000 0.000000
    endloop
  endfacet
  facet normal 0.000000 0.000000 -1.000000
    outer loop
      vertex 28.174603 10.000000 0.000000
      vertex 28.174603 12.553191 0.000000
      vertex 28.809524 12.553191 0.000000
    endloop
  endfacet
  facet normal 0.000000 0.000000 1.000000
    outer loop
      vertex 28.174603 10.000000 0.400000
      vertex 28.809524 10.000000 0.400000
      vertex 28.809524 12.553191 0.400000
    endloop
  endfacet
  facet normal 0.000000 0.000000 1.000000
    outer loop
      vertex 28.174603 10.000000 0.400000
      vertex 28.809524 12.553191 0.400000
      vertex 28.174603 12.553191 0.400000
    endloop
  endfacet
  facet normal 0.000000 -1.000000 0.000000
    outer loop
      vertex 28.174603 10.000000 0.000000
      vertex 28.809524 10.000000 0.000000
      vertex 28.809524 10.000000 0.400000
    endloop
  endfacet
  facet normal 0.000000 -1.000000 0.000000
    outer loop
      vertex 28.174603 10.000000 0.000000
      vertex 28.809524 10.000000 0.400000
      vertex 28.174603 10.000000 0.400000
    endloop
  endfacet
  facet normal 0.000000 1.000000 0.000000
    outer loop
      vertex 28.174603 12.553191 0.000000
      vertex 28.809524 12.553191 0.400000
      vertex 28.809524 12.553191 0.000000
    endloop
  endfacet
  facet normal 0.000000 1.000000 0.000000
    outer loop
      vertex 28.174603 12.553191 0.000000
      vertex 28.174603 12.553191 0.400000
      vertex 28.809524 12.553191 0.400000
    endloop
  endfacet
  facet normal -1.000000 0.000000 0.000000
    outer loop
      vertex 28.174603 10.000000 0.000000
      vertex 28.174603 10.000000 0.400000
      vertex 28.174603 12.553191 0.400000
    endloop
  endfacet
  facet normal -1.000000 0.000000 0.000000
    outer loop
      vertex 28.174603 10.000000 0.000000
      vertex 28.174603 12.553191 0.400000
      vertex 28.174603 12.553191 0.000000
    endloop
  endfacet
  facet normal 1.000000 0.000000 0.000000
    outer loop
      vertex 28.809524 10.000000 0.000000
      vertex 28.809524 12.553191 0.000000
      vertex 28.809524 12.553191 0.400000
    endloop
  endfacet
  facet normal 1.000000 0.000000 0.000000
    outer loop
      vertex 28.809524 10.000000 0.000000
      vertex 28.809524 12.553191 0.400000
      vertex 28.809524 10.000000 0.400000
    endloop
  endfacet
  facet normal 0.000000 0.000000 -1.000000
    outer loop
      vertex 31.349206 10.000000 0.000000
      vertex 31.984127 12.553191 0.000000
      vertex 31.984127 10.000000 0.000000
    endloop
  endfacet
  facet normal 0.000000 0.000000 -1.000000
    outer loop
      vertex 31.349206 10.000000 0.000000
      vertex 31.349206 12.553191 0.000000
      vertex 31.984127 12.553191 0.000000
    endloop
  endfacet
  facet normal 0.000000 0.000000 1.000000
    outer loop
      vertex 31.349206 10.000000 0.400000
      vertex 31.984127 10.000000 0.400000
      vertex 31.984127 12.553191 0.400000
    endloop
  endfacet
  facet normal 0.000000 0.000000 1.000000
    outer loop
      vertex 31.349206 10.000000 0.400000
      vertex 31.984127 12.553191 0.400000
      vertex 31.349206 12.553191 0.400000
    endloop
  endfacet
  facet normal 0.000000 -1.000000 0.000000
    outer loop
      vertex 31.349206 10.000000 0.000000
      vertex 31.984127 10.000000 0.000000
      vertex 31.984127 10.000000 0.400000
    endloop
  endfacet
  facet normal 0.000000 -1.000000 0.000000
    outer loop
      vertex 31.349206 10.000000 0.000000
      vertex 31.984127 10.000000 0.400000
      vertex 31.349206 10.000000 0.400000
    endloop
  endfacet
  facet normal 0.000000 1.000000 0.000000
    outer loop
      vertex 31.349206 12.553191 0.000000
      vertex 31.984127 12.553191 0.400000
      vertex 31.984127 12.553191 0.000000
    endloop
  endfacet
  facet normal 0.000000 1.000000 0.000000
    outer loop
      vertex 31.349206 12.553191 0.000000
      vertex 31.349206 12.553191 0.400000
      vertex 31.984127 12.553191 0.400000
    endloop
  endfacet
  facet normal -1.000000 0.000000 0.000000
    outer loop
      vertex 31.349206 10.000000 0.000000
      vertex 31.349206 10.000000 0.400000
      vertex 31.349206 12.553191 0.400000
    endloop
  endfacet
  facet normal -1.000000 0.000000 0.000000
    outer loop
      vertex 31.349206 10.000000 0.000000
      vertex 31.349206 12.553191 0.400000
      vertex 31.349206 12.553191 0.000000
    endloop
  endfacet
  facet normal 1.000000 0.000000 0.000000
    outer loop
      vertex 31.984127 10.000000 0.000000
      vertex 31.984127 12.553191 0.000000
      vertex 31.984127 12.553191 0.400000
    endloop
  endfacet
  facet normal 1.000000 0.000000 0.000000
    outer loop
      vertex 31.984127 10.000000 0.000000
      vertex 31.984127 12.553191 0.400000
      vertex 31.984127 10.000000 0.400000
    endloop
  endfacet
  facet normal 0.000000 0.000000 -1.000000
    outer loop
      vertex 8.809524 10.000000 0.000000
      vertex 11.031746 12.234043 0.000000
      vertex 11.031746 10.000000 0.000000
    endloop
  endfacet
  facet normal 0.000000 0.000000 -1.000000
    outer loop
      vertex 8.809524 10.000000 0.000000
      vertex 8.809524 12.234043 0.000000
      vertex 11.031746 12.234043 0.000000
    endloop
  endfacet
  facet normal 0.000000 0.000000 1.000000
    outer loop
      vertex 8.809524 10.000000 0.400000
      vertex 11.031746 10.000000 0.400000
      vertex 11.031746 12.234043 0.400000
    endloop
  endfacet
  facet normal 0.000000 0.000000 1.000000
    outer loop
      vertex 8.809524 10.000000 0.400000
      vertex 11.031746 12.234043 0.400000
      vertex 8.809524 12.234043 0.400000
    endloop
  endfacet
  facet normal 0.000000 -1.000000 0.000000
    outer loop
      vertex 8.809524 10.000000 0.000000
      vertex 11.031746 10.000000 0.000000
      vertex 11.031746 10.000000 0.400000
    endloop
  endfacet
  facet normal 0.000000 -1.000000 0.000000
    outer loop
      vertex 8.809524 10.000000 0.000000
      vertex 11.031746 10.000000 0.400000
      vertex 8.809524 10.000000 0.400000
    endloop
  endfacet
  facet normal 0.000000 1.000000 0.000000
    outer loop
      vertex 8.809524 12.234043 0.000000
      vertex 11.031746 12.234043 0.400000
      vertex 11.031746 12.234043 0.000000
    endloop
  endfacet
  facet normal 0.000000 1.000000 0.000000
    outer loop
      vertex 8.809524 12.234043 0.000000
      vertex 8.809524 12.234043 0.400000
      vertex 11.031746 12.234043 0.400000
    endloop
  endfacet
  facet normal -1.000000 0.000000 0.000000
    outer loop
      vertex 8.809524 10.000000 0.000000
      vertex 8.809524 10.000000 0.400000
      vertex 8.809524 12.234043 0.400000
    endloop
  endfacet
  facet normal -1.000000 0.000000 0.000000
    outer loop
      vertex 8.809524 10.000000 0.000000
      vertex 8.809524 12.234043 0.400000
      vertex 8.809524 12.234043 0.000000
    endloop
  endfacet
  facet normal 1.000000 0.000000 0.000000
    outer loop
      vertex 11.031746 10.000000 0.000000
      vertex 11.031746 12.234043 0.000000
      vertex 11.031746 12.234043 0.400000
    endloop
  endfacet
  facet normal 1.000000 0.000000 0.000000
    outer loop
      vertex 11.031746 10.000000 0.000000
      vertex 11.031746 12.234043 0.400000
      vertex 11.031746 10.000000 0.400000
    endloop
  endfacet
  facet normal 0.000000 0.000000 -1.000000
    outer loop
      vertex 12.301587 10.000000 0.000000
      vertex 14.523810 12.234043 0.000000
      vertex 14.523810 10.000000 0.000000
    endloop
  endfacet
  facet normal 0.000000 0.000000 -1.000000
    outer loop
      vertex 12.301587 10.000000 0.000000
      vertex 12.301587 12.234043 0.000000
      vertex 14.523810 12.234043 0.000000
    endloop
  endfacet
  facet normal 0.000000 0.000000 1.000000
    outer loop
      vertex 12.301587 10.000000 0.400000
      vertex 14.523810 10.000000 0.400000
      vertex 14.523810 12.234043 0.400000
    endloop
  endfacet
  facet normal 0.000000 0.000000 1.000000
    outer loop
      vertex 12.301587 10.000000 0.400000
      vertex 14.523810 12.234043 0.400000
      vertex 12.301587 12.234043 0.400000
    endloop
  endfacet
  facet normal 0.000000 -1.000000 0.000000
    outer loop
      vertex 12.301587 10.000000 0.000000
      vertex 14.523810 10.000000 0.000000
      vertex 14.523810 10.000000 0.400000
    endloop
  endfacet
  facet normal 0.000000 -1.000000 0.000000
    outer loop
      vertex 12.301587 10.000000 0.000000
      vertex 14.523810 10.000000 0.400000
      vertex 12.301587 10.000000 0.400000
    endloop
  endfacet
  facet normal 0.000000 1.000000 0.000000
    outer loop
      vertex 12.301587 12.234043 0.000000
      vertex 14.523810 12.234043 0.400000
      vertex 14.523810 12.234043 0.000000
    endloop
  endfacet
  facet normal 0.000000 1.000000 0.000000
    outer loop
      vertex 12.301587 12.234043 0.000000
      vertex 12.301587 12.234043 0.400000
      vertex 14.523810 12.234043 0.400000
    endloop
  endfacet
  facet normal -1.000000 0.000000 0.000000
    outer loop
      vertex 12.301587 10.000000 0.000000
      vertex 12.301587 10.000000 0.400000
      vertex 12.301587 12.234043 0.400000
    endloop
  endfacet
  facet normal -1.000000 0.000000 0.000000
    outer loop
      vertex 12.301587 10.000000 0.000000
      vertex 12.301587 12.234043 0.400000
      vertex 12.301587 12.234043 0.000000
    endloop
  endfacet
  facet normal 1.000000 0.000000 0.000000
    outer loop
      vertex 14.523810 10.000000 0.000000
      vertex 14.523810 12.234043 0.000000
      vertex 14.523810 12.234043 0.400000
    endloop
  endfacet
  facet normal 1.000000 0.000000 0.000000
    outer loop
      vertex 14.523810 10.000000 0.000000
      vertex 14.523810 12.234043 0.400000
      vertex 14.523810 10.000000 0.400000
    endloop
  endfacet
  facet normal 0.000000 0.000000 -1.000000
    outer loop
      vertex 19.285714 10.000000 0.000000
      vertex 21.825397 12.234043 0.000000
      vertex 21.825397 10.000000 0.000000
    endloop
  endfacet
  facet normal 0.000000 0.000000 -1.000000
    outer loop
      vertex 19.285714 10.000000 0.000000
      vertex 19.285714 12.234043 0.000000
      vertex 21.825397 12.234043 0.000000
    endloop
  endfacet
  facet normal 0.000000 0.000000 1.000000
    outer loop
      vertex 19.285714 10.000000 0.400000
      vertex 21.825397 10.000000 0.400000
      vertex 21.825397 12.234043 0.400000
    endloop
  endfacet
  facet normal 0.000000 0.000000 1.000000
    outer loop
      vertex 19.285714 10.000000 0.400000
      vertex 21.825397 12.234043 0.400000
      vertex 19.285714 12.234043 0.400000
    endloop
  endfacet
  facet normal 0.000000 -1.000000 0.000000
    outer loop
      vertex 19.285714 10.000000 0.000000
      vertex 21.825397 10.000000 0.000000
      vertex 21.825397 10.000000 0.400000
    endloop
  endfacet
  facet normal 0.000000 -1.000000 0.000000
    outer loop
      vertex 19.285714 10.000000 0.000000
      vertex 21.825397 10.000000 0.400000
      vertex 19.285714 10.000000 0.400000
    endloop
  endfacet
  facet normal 0.000000 1.000000 0.000000
    outer loop
      vertex 19.285714 12.234043 0.000000
      vertex 21.825397 12.234043 0.400000
      vertex 21.825397 12.234043 0.000000
    endloop
  endfacet
  facet normal 0.000000 1.000000 0.000000
    outer loop
      vertex 19.285714 12.234043 0.000000
      vertex 19.285714 12.234043 0.400000
      vertex 21.825397 12.234043 0.400000
    endloop
  endfacet
  facet normal -1.000000 0.000000 0.000000
    outer loop
      vertex 19.285714 10.000000 0.000000
      vertex 19.285714 10.000000 0.400000
      vertex 19.285714 12.234043 0.400000
    endloop
  endfacet
  facet normal -1.000000 0.000000 0.000000
    outer loop
      vertex 19.285714 10.000000 0.000000
      vertex 19.285714 12.234043 0.400000
      vertex 19.285714 12.234043 0.000000
    endloop
  endfacet
  facet normal 1.000000 0.000000 0.000000
    outer loop
      vertex 21.825397 10.000000 0.000000
      vertex 21.825397 12.234043 0.000000
      vertex 21.825397 12.234043 0.400000
    endloop
  endfacet
  facet normal 1.000000 0.000000 0.000000
    outer loop
      vertex 21.825397 10.000000 0.000000
      vertex 21.825397 12.234043 0.400000
      vertex 21.825397 10.000000 0.400000
    endloop
  endfacet
  facet normal 0.000000 0.000000 -1.000000
    outer loop
      vertex 28.809524 10.000000 0.000000
      vertex 31.349206 12.234043 0.000000
      vertex 31.349206 10.000000 0.000000
    endloop
  endfacet
  facet normal 0.000000 0.000000 -1.000000
    outer loop
      vertex 28.809524 10.000000 0.000000
      vertex 28.809524 12.234043 0.000000
      vertex 31.349206 12.234043 0.000000
    endloop
  endfacet
  facet normal 0.000000 0.000000 1.000000
    outer loop
      vertex 28.809524 10.000000 0.400000
      vertex 31.349206 10.000000 0.400000
      vertex 31.349206 12.234043 0.400000
    endloop
  endfacet
  facet normal 0.000000 0.000000 1.000000
    outer loop
      vertex 28.809524 10.000000 0.400000
      vertex 31.349206 12.234043 0.400000
      vertex 28.809524 12.234043 0.400000
    endloop
  endfacet
  facet normal 0.000000 -1.000000 0.000000
    outer loop
      vertex 28.809524 10.000000 0.000000
      vertex 31.349206 10.000000 0.000000
      vertex 31.349206 10.000000 0.400000
    endloop
  endfacet
  facet normal 0.000000 -1.000000 0.000000
    outer loop
      vertex 28.809524 10.000000 0.000000
      vertex 31.349206 10.000000 0.400000
      vertex 28.809524 10.000000 0.400000
    endloop
  endfacet
  facet normal 0.000000 1.000000 0.000000
    outer loop
      vertex 28.809524 12.234043 0.000000
      vertex 31.349206 12.234043 0.400000
      vertex 31.349206 12.234043 0.000000
    endloop
  endfacet
  facet normal 0.000000 1.000000 0.000000
    outer loop
      vertex 28.809524 12.234043 0.000000
      vertex 28.809524 12.234043 0.400000
      vertex 31.349206 12.234043 0.400000
    endloop
  endfacet
  facet normal -1.000000 0.000000 0.000000
    outer loop
      vertex 28.809524 10.000000 0.000000
      vertex 28.809524 10.000000 0.400000
      vertex 28.809524 12.234043 0.400000
    endloop
  endfacet
  facet normal -1.000000 0.000000 0.000000
    outer loop
      vertex 28.809524 10.000000 0.000000
      vertex 28.809524 12.234043 0.400000
      vertex 28.809524 12.234043 0.000000
    endloop
  endfacet
  facet normal 1.000000 0.000000 0.000000
    outer loop
      vertex 31.349206 10.000000 0.000000
      vertex 31.349206 12.234043 0.000000
      vertex 31.349206 12.234043 0.400000
    endloop
  endfacet
  facet normal 1.000000 0.000000 0.000000
    outer loop
      vertex 31.349206 10.000000 0.000000
      vertex 31.349206 12.234043 0.400000
      vertex 31.349206 10.000000 0.400000
    endloop
  endfacet
  facet normal 0.000000 0.000000 -1.000000
    outer loop
      vertex 35.793651 10.000000 0.000000
      vertex 42.777778 12.234043 0.000000
      vertex 42.777778 10.000000 0.000000
    endloop
  endfacet
  facet normal 0.000000 0.000000 -1.000000
    outer loop
      vertex 35.793651 10.000000 0.000000
      vertex 35.793651 12.234043 0.000000
      vertex 42.777778 12.234043 0.000000
    endloop
  endfacet
  facet normal 0.000000 0.000000 1.000000
    outer loop
      vertex 35.793651 10.000000 0.400000
      vertex 42.777778 10.000000 0.400000
      vertex 42.777778 12.234043 0.400000
    endloop
  endfacet
  facet normal 0.000000 0.000000 1.000000
    outer loop
      vertex 35.793651 10.000000 0.400000
      vertex 42.777778 12.234043 0.400000
      vertex 35.793651 12.234043 0.400000
    endloop
  endfacet
  facet normal 0.000000 -1.000000 0.000000
    outer loop
      vertex 35.793651 10.000000 0.000000
      vertex 42.777778 10.000000 0.000000
      vertex 42.777778 10.000000 0.400000
    endloop
  endfacet
  facet normal 0.000000 -1.000000 0.000000
    outer loop
      vertex 35.793651 10.000000 0.000000
      vertex 42.777778 10.000000 0.400000
      vertex 35.793651 10.000000 0.400000
    endloop
  endfacet
  facet normal 0.000000 1.000000 0.000000
    outer loop
      vertex 35.793651 12.234043 0.000000
      vertex 42.777778 12.234043 0.400000
      vertex 42.777778 12.234043 0.000000
    endloop
  endfacet
  facet normal 0.000000 1.000000 0.000000
    outer loop
      vertex 35.793651 12.234043 0.000000
      vertex 35.793651 12.234043 0.400000
      vertex 42.777778 12.234043 0.400000
    endloop
  endfacet
  facet normal -1.000000 0.000000 0.000000
    outer loop
      vertex 35.793651 10.000000 0.000000
      vertex 35.793651 10.000000 0.400000
      vertex 35.793651 12.234043 0.400000
    endloop
  endfacet
  facet normal -1.000000 0.000000 0.000000
    outer loop
      vertex 35.793651 10.000000 0.000000
      vertex 35.793651 12.234043 0.400000
      vertex 35.793651 12.234043 0.000000
    endloop
  endfacet
  facet normal 1.000000 0.000000 0.000000
    outer loop
      vertex 42.777778 10.000000 0.000000
      vertex 42.777778 12.234043 0.000000
      vertex 42.777778 12.234043 0.400000
    endloop
  endfacet
  facet normal 1.000000 0.000000 0.000000
    outer loop
      vertex 42.777778 10.000000 0.000000
      vertex 42.777778 12.234043 0.400000
      vertex 42.777778 10.000000 0.400000
    endloop
  endfacet
endsolid fv_apriltag_plate_id326_base
