solid fv_apriltag_plate_id304_base
  facet normal 0.000000 0.000000 -1.000000
    outer loop
      vertex 0.000000 0.000000 0.400000
      vertex 50.000000 50.000000 0.400000
      vertex 50.000000 0.000000 0.400000
    endloop
  endfacet
  facet normal 0.000000 0.000000 -1.000000
    outer loop
      vertex 0.000000 0.000000 0.400000
      vertex 0.000000 50.000000 0.400000
      vertex 50.000000 50.000000 0.400000
    endloop
  endfacet
  facet normal 0.000000 0.000000 1.000000
    outer loop
      vertex 0.000000 0.000000 2.000000
      vertex 50.000000 0.000000 2.000000
      vertex 50.000000 50.000000 2.000000
    endloop
  endfacet
  facet normal 0.000000 0.000000 1.000000
    outer loop
      vertex 0.000000 0.000000 2.000000
      vertex 50.000000 50.000000 2.000000
      vertex 0.000000 50.000000 2.000000
    endloop
  endfacet
  facet normal 0.000000 -1.000000 0.000000
    outer loop
      vertex 0.000000 0.000000 0.400000
      vertex 50.000000 0.000000 0.400000
      vertex 50.000000 0.000000 2.000000
    endloop
  endfacet
  facet normal 0.000000 -1.000000 0.000000
    outer loop
      vertex 0.000000 0.000000 0.400000
      vertex 50.000000 0.000000 2.000000
      vertex 0.000000 0.000000 2.000000
    endloop
  endfacet
  facet normal 0.000000 1.000000 0.000000
    outer loop
      vertex 0.000000 50.000000 0.400000
      vertex 50.000000 50.000000 2.000000
      vertex 50.000000 50.000000 0.400000
    endloop
  endfacet
  facet normal 0.000000 1.000000 0.000000
    outer loop
      vertex 0.000000 50.000000 0.400000
      vertex 0.000000 50.000000 2.000000
      vertex 50.000000 50.000000 2.000000
    endloop
  endfacet
  facet normal -1.000000 0.000000 0.000000
    outer loop
      vertex 0.000000 0.000000 0.400000
      vertex 0.000000 0.000000 2.000000
      vertex 0.000000 50.000000 2.000000
    endloop
  endfacet
  facet normal -1.000000 0.000000 0.000000
    outer loop
      vertex 0.000000 0.000000 0.400000
      vertex 0.000000 50.000000 2.000000
      vertex 0.000000 50.000000 0.400000
    endloop
  endfacet
  facet normal 1.000000 0.000000 0.000000
    outer loop
      vertex 50.000000 0.000000 0.400000
      vertex 50.000000 50.000000 0.400000
      vertex 50.000000 50.000000 2.000000
    endloop
  endfacet
  facet normal 1.000000 0.000000 0.000000
    outer loop
      vertex 50.000000 0.000000 0.400000
      vertex 50.000000 50.000000 2.000000
      vertex 50.000000 0.000000 2.000000
    endloop
  endfacet
  facet normal 0.000000 0.000000 -1.000000
    outer loop
      vertex 0.000000 0.000000 0.000000
      vertex 50.000000 10.000000 0.000000
      vertex 50.000000 0.000000 0.000000
    endloop
  endfacet
  facet normal 0.000000 0.000000 -1.000000
    outer loop
      vertex 0.000000 0.000000 0.000000
      vertex 0.000000 10.000000 0.000000
      vertex 50.000000 10.000000 0.000000
    endloop
  endfacet
  facet normal 0.000000 0.000000 1.000000
    outer loop
      vertex 0.000000 0.000000 0.400000
      vertex 50.000000 0.000000 0.400000
      vertex 50.000000 10.000000 0.400000
    endloop
  endfacet
  facet normal 0.000000 0.000000 1.000000
    outer loop
      vertex 0.000000 0.000000 0.400000
      vertex 50.000000 10.000000 0.400000
      vertex 0.000000 10.000000 0.400000
    endloop
  endfacet
  facet normal 0.000000 -1.000000 0.000000
    outer loop
      vertex 0.000000 0.000000 0.000000
      vertex 50.000000 0.000000 0.000000
      vertex 50.000000 0.000000 0.400000
    endloop
  endfacet
  facet normal 0.000000 -1.000000 0.000000
    outer loop
      vertex 0.000000 0.000000 0.000000
      vertex 50.000000 0.000000 0.400000
      vertex 0.000000 0.000000 0.400000
    endloop
  endfacet
  facet normal 0.000000 1.000000 0.000000
    outer loop
      vertex 0.000000 10.000000 0.000000
      vertex 50.000000 10.000000 0.400000
      vertex 50.000000 10.000000 0.000000
    endloop
  endfacet
  facet normal 0.000000 1.000000 0.000000
    outer loop
      vertex 0.000000 10.000000 0.000000
      vertex 0.000000 10.000000 0.400000
      vertex 50.000000 10.000000 0.400000
    endloop
  endfacet
  facet normal -1.000000 0.000000 0.000000
    outer loop
      vertex 0.000000 0.000000 0.000000
      vertex 0.000000 0.000000 0.400000
      vertex 0.000000 10.000000 0.400000
    endloop
  endfacet
  facet normal -1.000000 0.000000 0.000000
    outer loop
      vertex 0.000000 0.000000 0.000000
      vertex 0.000000 10.000000 0.400000
      vertex 0.000000 10.000000 0.000000
    endloop
  endfacet
  facet normal 1.000000 0.000000 0.000000
    outer loop
      vertex 50.000000 0.000000 0.000000
      vertex 50.000000 10.000000 0.000000
      vertex 50.000000 10.000000 0.400000
    endloop
  endfacet
  facet normal 1.000000 0.000000 0.000000
    outer loop
      vertex 50.000000 0.000000 0.000000
      vertex 50.000000 10.000000 0.400000
      vertex 50.000000 0.000000 0.400000
    endloop
  endfacet
  facet normal 0.000000 0.000000 -1.000000
    outer loop
      vertex 0.000000 40.000000 0.000000
      vertex 50.000000 50.000000 0.000000
      vertex 50.000000 40.000000 0.000000
    endloop
  endfacet
  facet normal 0.000000 0.000000 -1.000000
    outer loop
      vertex 0.000000 40.000000 0.000000
      vertex 0.000000 50.000000 0.000000
      vertex 50.000000 50.000000 0.000000
    endloop
  endfacet
  facet normal 0.000000 0.000000 1.000000
    outer loop
      vertex 0.000000 40.000000 0.400000
      vertex 50.000000 40.000000 0.400000
      vertex 50.000000 50.000000 0.400000
    endloop
  endfacet
  facet normal 0.000000 0.000000 1.000000
    outer loop
      vertex 0.000000 40.000000 0.400000
      vertex 50.000000 50.000000 0.400000
      vertex 0.000000 50.000000 0.400000
    endloop
  endfacet
  facet normal 0.000000 -1.000000 0.000000
    outer loop
      vertex 0.000000 40.000000 0.000000
      vertex 50.000000 40.000000 0.000000
      vertex 50.000000 40.000000 0.400000
    endloop
  endfacet
  facet normal 0.000000 -1.000000 0.000000
    outer loop
      vertex 0.000000 40.000000 0.000000
      vertex 50.000000 40.000000 0.400000
      vertex 0.000000 40.000000 0.400000
    endloop
  endfacet
  facet normal 0.000000 1.000000 0.000000
    outer loop
      vertex 0.000000 50.000000 0.000000
      vertex 50.000000 50.000000 0.400000
      vertex 50.000000 50.000000 0.000000
    endloop
  endfacet
  facet normal 0.000000 1.000000 0.000000
    outer loop
      vertex 0.000000 50.000000 0.000000
      vertex 0.000000 50.000000 0.400000
      vertex 50.000000 50.000000 0.400000
    endloop
  endfacet
  facet normal -1.000000 0.000000 0.000000
    outer loop
      vertex 0.000000 40.000000 0.000000
      vertex 0.000000 40.000000 0.400000
      vertex 0.000000 50.000000 0.400000
    endloop
  endfacet
  facet normal -1.000000 0.000000 0.000000
    outer loop
      vertex 0.000000 40.000000 0.000000
      vertex 0.000000 50.000000 0.400000
      vertex 0.000000 50.000000 0.000000
    endloop
  endfacet
  facet normal 1.000000 0.000000 0.000000
    outer loop
      vertex 50.000000 40.000000 0.000000
      vertex 50.000000 50.000000 0.000000
      vertex 50.000000 50.000000 0.400000
    endloop
  endfacet
  facet normal 1.000000 0.000000 0.000000
    outer loop
      vertex 50.000000 40.000000 0.000000
      vertex 50.000000 50.000000 0.400000
      vertex 50.000000 40.000000 0.400000
    endloop
  endfacet
  facet normal 0.000000 0.000000 -1.000000
    outer loop
      vertex 0.000000 10.000000 0.000000
      vertex 5.000000 40.000000 0.000000
      vertex 5.000000 10.000000 0.000000
    endloop
  endfacet
  facet normal 0.000000 0.000000 -1.000000
    outer loop
      vertex 0.000000 10.000000 0.000000
      vertex 0.000000 40.000000 0.000000
      vertex 5.000000 40.000000 0.000000
    endloop
  endfacet
  facet normal 0.000000 0.000000 1.000000
    outer loop
      vertex 0.000000 10.000000 0.400000
      vertex 5.000000 10.000000 0.400000
      vertex 5.000000 40.000000 0.400000
    endloop
  endfacet
  facet normal 0.000000 0.000000 1.000000
    outer loop
      vertex 0.000000 10.000000 0.400000
      vertex 5.000000 40.000000 0.400000
      vertex 0.000000 40.000000 0.400000
    endloop
  endfacet
  facet normal 0.000000 -1.000000 0.000000
    outer loop
      vertex 0.000000 10.000000 0.000000
      vertex 5.000000 10.000000 0.000000
      vertex 5.000000 10.000000 0.400000
    endloop
  endfacet
  facet normal 0.000000 -1.000000 0.000000
    outer loop
      vertex 0.000000 10.000000 0.000000
      vertex 5.000000 10.000000 0.400000
      vertex 0.000000 10.000000 0.400000
    endloop
  endfacet
  facet normal 0.000000 1.000000 0.000000
    outer loop
      vertex 0.000000 40.000000 0.000000
      vertex 5.000000 40.000000 0.400000
      vertex 5.000000 40.000000 0.000000
    endloop
  endfacet
  facet normal 0.000000 1.000000 0.000000
    outer loop
      vertex 0.000000 40.000000 0.000000
      vertex 0.000000 40.000000 0.400000
      vertex 5.000000 40.000000 0.400000
    endloop
  endfacet
  facet normal -1.000000 0.000000 0.000000
    outer loop
      vertex 0.000000 10.000000 0.000000
      vertex 0.000000 10.000000 0.400000
      vertex 0.000000 40.000000 0.400000
    endloop
  endfacet
  facet normal -1.000000 0.000000 0.000000
    outer loop
      vertex 0.000000 10.000000 0.000000
      vertex 0.000000 40.000000 0.400000
      vertex 0.000000 40.000000 0.000000
    endloop
  endfacet
  facet normal 1.000000 0.000000 0.000000
    outer loop
      vertex 5.000000 10.000000 0.000000
      vertex 5.000000 40.000000 0.000000
      vertex 5.000000 40.000000 0.400000
    endloop
  endfacet
  facet normal 1.000000 0.000000 0.000000
    outer loop
      vertex 5.000000 10.000000 0.000000
      vertex 5.000000 40.000000 0.400000
      vertex 5.000000 10.000000 0.400000
    endloop
  endfacet
  facet normal 0.000000 0.000000 -1.000000
    outer loop
      vertex 45.000000 10.000000 0.000000
      vertex 50.000000 40.000000 0.000000
      vertex 50.000000 10.000000 0.000000
    endloop
  endfacet
  facet normal 0.000000 0.000000 -1.000000
    outer loop
      vertex 45.000000 10.000000 0.000000
      vertex 45.000000 40.000000 0.000000
      vertex 50.000000 40.000000 0.000000
    endloop
  endfacet
  facet normal 0.000000 0.000000 1.000000
    outer loop
      vertex 45.000000 10.000000 0.400000
      vertex 50.000000 10.000000 0.400000
      vertex 50.000000 40.000000 0.400000
    endloop
  endfacet
  facet normal 0.000000 0.000000 1.000000
    outer loop
      vertex 45.000000 10.000000 0.400000
      vertex 50.000000 40.000000 0.400000
      vertex 45.000000 40.000000 0.400000
    endloop
  endfacet
  facet normal 0.000000 -1.000000 0.000000
    outer loop
      vertex 45.000000 10.000000 0.000000
      vertex 50.000000 10.000000 0.000000
      vertex 50.000000 10.000000 0.400000
    endloop
  endfacet
  facet normal 0.000000 -1.000000 0.000000
    outer loop
      vertex 45.000000 10.000000 0.000000
      vertex 50.000000 10.000000 0.400000
      vertex 45.000000 10.000000 0.400000
    endloop
  endfacet
  facet normal 0.000000 1.000000 0.000000
    outer loop
      vertex 45.000000 40.000000 0.000000
      vertex 50.000000 40.000000 0.400000
      vertex 50.000000 40.000000 0.000000
    endloop
  endfacet
  facet normal 0.000000 1.000000 0.000000
    outer loop
      vertex 45.000000 40.000000 0.000000
      vertex 45.000000 40.000000 0.400000
      vertex 50.000000 40.000000 0.400000
    endloop
  endfacet
  facet normal -1.000000 0.000000 0.000000
    outer loop
      vertex 45.000000 10.000000 0.000000
      vertex 45.000000 10.000000 0.400000
      vertex 45.000000 40.000000 0.400000
    endloop
  endfacet
  facet normal -1.000000 0.000000 0.000000
    outer loop
      vertex 45.000000 10.000000 0.000000
      vertex 45.000000 40.000000 0.400000
      vertex 45.000000 40.000000 0.000000
    endloop
  endfacet
  facet normal 1.000000 0.000000 0.000000
    outer loop
      vertex 50.000000 10.000000 0.000000
      vertex 50.000000 40.000000 0.000000
      vertex 50.000000 40.000000 0.400000
    endloop
  endfacet
  facet normal 1.000000 0.000000 0.000000
    outer loop
      vertex 50.000000 10.000000 0.000000
      vertex 50.000000 40.000000 0.400000
      vertex 50.000000 10.000000 0.400000
    endloop
  endfacet
  facet normal 0.000000 0.000000 -1.000000
    outer loop
      vertex 5.000000 37.765957 0.000000
      vertex 45.000000 40.000000 0.000000
      vertex 45.000000 37.765957 0.000000
    endloop
  endfacet
  facet normal 0.000000 0.000000 -1.000000
    outer loop
      vertex 5.000000 37.765957 0.000000
      vertex 5.000000 40.000000 0.000000
      vertex 45.000000 40.000000 0.000000
    endloop
  endfacet
  facet normal 0.000000 0.000000 1.000000
    outer loop
      vertex 5.000000 37.765957 0.400000
      vertex 45.000000 37.765957 0.400000
      vertex 45.000000 40.000000 0.400000
    endloop
  endfacet
  facet normal 0.000000 0.000000 1.000000
    outer loop
      vertex 5.000000 37.765957 0.400000
      vertex 45.000000 40.000000 0.400000
      vertex 5.000000 40.000000 0.400000
    endloop
  endfacet
  facet normal 0.000000 -1.000000 0.000000
    outer loop
      vertex 5.000000 37.765957 0.000000
      vertex 45.000000 37.765957 0.000000
      vertex 45.000000 37.765957 0.400000
    endloop
  endfacet
  facet normal 0.000000 -1.000000 0.000000
    outer loop
      vertex 5.000000 37.765957 0.000000
      vertex 45.000000 37.765957 0.400000
      vertex 5.000000 37.765957 0.400000
    endloop
  endfacet
  facet normal 0.000000 1.000000 0.000000
    outer loop
      vertex 5.000000 40.000000 0.000000
      vertex 45.000000 40.000000 0.400000
      vertex 45.000000 40.000000 0.000000
    endloop
  endfacet
  facet normal 0.000000 1.000000 0.000000
    outer loop
      vertex 5.000000 40.000000 0.000000
      vertex 5.000000 40.000000 0.400000
      vertex 45.000000 40.000000 0.400000
    endloop
  endfacet
  facet normal -1.000000 0.000000 0.000000
    outer loop
      vertex 5.000000 37.765957 0.000000
      vertex 5.000000 37.765957 0.400000
      vertex 5.000000 40.000000 0.400000
    endloop
  endfacet
  facet normal -1.000000 0.000000 0.000000
    outer loop
      vertex 5.000000 37.765957 0.000000
      vertex 5.000000 40.000000 0.400000
      vertex 5.000000 40.000000 0.000000
    endloop
  endfacet
  facet normal 1.000000 0.000000 0.000000
    outer loop
      vertex 45.000000 37.765957 0.000000
      vertex 45.000000 40.000000 0.000000
      vertex 45.000000 40.000000 0.400000
    endloop
  endfacet
  facet normal 1.000000 0.000000 0.000000
    outer loop
      vertex 45.000000 37.765957 0.000000
      vertex 45.000000 40.000000 0.400000
      vertex 45.000000 37.765957 0.400000
    endloop
  endfacet
  facet normal 0.000000 0.000000 -1.000000
    outer loop
      vertex 5.000000 10.000000 0.000000
      vertex 6.269841 37.765957 0.000000
      vertex 6.269841 10.000000 0.000000
    endloop
  endfacet
  facet normal 0.000000 0.000000 -1.000000
    outer loop
      vertex 5.000000 10.000000 0.000000
      vertex 5.000000 37.765957 0.000000
      vertex 6.269841 37.765957 0.000000
    endloop
  endfacet
  facet normal 0.000000 0.000000 1.000000
    outer loop
      vertex 5.000000 10.000000 0.400000
      vertex 6.269841 10.000000 0.400000
      vertex 6.269841 37.765957 0.400000
    endloop
  endfacet
  facet normal 0.000000 0.000000 1.000000
    outer loop
      vertex 5.000000 10.000000 0.400000
      vertex 6.269841 37.765957 0.400000
      vertex 5.000000 37.765957 0.400000
    endloop
  endfacet
  facet normal 0.000000 -1.000000 0.000000
    outer loop
      vertex 5.000000 10.000000 0.000000
      vertex 6.269841 10.000000 0.000000
      vertex 6.269841 10.000000 0.400000
    endloop
  endfacet
  facet normal 0.000000 -1.000000 0.000000
    outer loop
      vertex 5.000000 10.000000 0.000000
      vertex 6.269841 10.000000 0.400000
      vertex 5.000000 10.000000 0.400000
    endloop
  endfacet
  facet normal 0.000000 1.000000 0.000000
    outer loop
      vertex 5.000000 37.765957 0.000000
      vertex 6.269841 37.765957 0.400000
      vertex 6.269841 37.765957 0.000000
    endloop
  endfacet
  facet normal 0.000000 1.000000 0.000000
    outer loop
      vertex 5.000000 37.765957 0.000000
      vertex 5.000000 37.765957 0.400000
      vertex 6.269841 37.765957 0.400000
    endloop
  endfacet
  facet normal -1.000000 0.000000 0.000000
    outer loop
      vertex 5.000000 10.000000 0.000000
      vertex 5.000000 10.000000 0.400000
      vertex 5.000000 37.765957 0.400000
    endloop
  endfacet
  facet normal -1.000000 0.000000 0.000000
    outer loop
      vertex 5.000000 10.000000 0.000000
      vertex 5.000000 37.765957 0.400000
      vertex 5.000000 37.765957 0.000000
    endloop
  endfacet
  facet normal 1.000000 0.000000 0.000000
    outer loop
      vertex 6.269841 10.000000 0.000000
      vertex 6.269841 37.765957 0.000000
      vertex 6.269841 37.765957 0.400000
    endloop
  endfacet
  facet normal 1.000000 0.000000 0.000000
    outer loop
      vertex 6.269841 10.000000 0.000000
      vertex 6.269841 37.765957 0.400000
      vertex 6.269841 10.000000 0.400000
    endloop
  endfacet
  facet normal 0.000000 0.000000 -1.000000
    outer loop
      vertex 15.793651 20.531915 0.000000
      vertex 17.063492 37.765957 0.000000
      vertex 17.063492 20.531915 0.000000
    endloop
  endfacet
  facet normal 0.000000 0.000000 -1.000000
    outer loop
      vertex 15.793651 20.531915 0.000000
      vertex 15.793651 37.765957 0.000000
      vertex 17.063492 37.765957 0.000000
    endloop
  endfacet
  facet normal 0.000000 0.000000 1.000000
    outer loop
      vertex 15.793651 20.531915 0.400000
      vertex 17.063492 20.531915 0.400000
      vertex 17.063492 37.765957 0.400000
    endloop
  endfacet
  facet normal 0.000000 0.000000 1.000000
    outer loop
      vertex 15.793651 20.531915 0.400000
      vertex 17.063492 37.765957 0.400000
      vertex 15.793651 37.765957 0.400000
    endloop
  endfacet
  facet normal 0.000000 -1.000000 0.000000
    outer loop
      vertex 15.793651 20.531915 0.000000
      vertex 17.063492 20.531915 0.000000
      vertex 17.063492 20.531915 0.400000
    endloop
  endfacet
  facet normal 0.000000 -1.000000 0.000000
    outer loop
      vertex 15.793651 20.531915 0.000000
      vertex 17.063492 20.531915 0.400000
      vertex 15.793651 20.531915 0.400000
    endloop
  endfacet
  facet normal 0.000000 1.000000 0.000000
    outer loop
      vertex 15.793651 37.765957 0.000000
      vertex 17.063492 37.765957 0.400000
      vertex 17.063492 37.765957 0.000000
    endloop
  endfacet
  facet normal 0.000000 1.000000 0.000000
    outer loop
      vertex 15.793651 37.765957 0.000000
      vertex 15.793651 37.765957 0.400000
      vertex 17.063492 37.765957 0.400000
    endloop
  endfacet
  facet normal -1.000000 0.000000 0.000000
    outer loop
      vertex 15.793651 20.531915 0.000000
      vertex 15.793651 20.531915 0.400000
      vertex 15.793651 37.765957 0.400000
    endloop
  endfacet
  facet normal -1.000000 0.000000 0.000000
    outer loop
      vertex 15.793651 20.531915 0.000000
      vertex 15.793651 37.765957 0.400000
      vertex 15.793651 37.765957 0.000000
    endloop
  endfacet
  facet normal 1.000000 0.000000 0.000000
    outer loop
      vertex 17.063492 20.531915 0.000000
      vertex 17.063492 37.765957 0.000000
      vertex 17.063492 37.765957 0.400000
    endloop
  endfacet
  facet normal 1.000000 0.000000 0.000000
    outer loop
      vertex 17.063492 20.531915 0.000000
      vertex 17.063492 37.765957 0.400000
      vertex 17.063492 20.531915 0.400000
    endloop
  endfacet
  facet normal 0.000000 0.000000 -1.000000
    outer loop
      vertex 24.365079 23.085106 0.000000
      vertex 26.587302 37.765957 0.000000
      vertex 26.587302 23.085106 0.000000
    endloop
  endfacet
  facet normal 0.000000 0.000000 -1.000000
    outer loop
      vertex 24.365079 23.085106 0.000000
      vertex 24.365079 37.765957 0.000000
      vertex 26.587302 37.765957 0.000000
    endloop
  endfacet
  facet normal 0.000000 0.000000 1.000000
    outer loop
      vertex 24.365079 23.085106 0.400000
      vertex 26.587302 23.085106 0.400000
      vertex 26.587302 37.765957 0.400000
    endloop
  endfacet
  facet normal 0.000000 0.000000 1.000000
    outer loop
      vertex 24.365079 23.085106 0.400000
      vertex 26.587302 37.765957 0.400000
      vertex 24.365079 37.765957 0.400000
    endloop
  endfacet
  facet normal 0.000000 -1.000000 0.000000
    outer loop
      vertex 24.365079 23.085106 0.000000
      vertex 26.587302 23.085106 0.000000
      vertex 26.587302 23.085106 0.400000
    endloop
  endfacet
  facet normal 0.000000 -1.000000 0.000000
    outer loop
      vertex 24.365079 23.085106 0.000000
      vertex 26.587302 23.085106 0.400000
      vertex 24.365079 23.085106 0.400000
    endloop
  endfacet
  facet normal 0.000000 1.000000 0.000000
    outer loop
      vertex 24.365079 37.765957 0.000000
      vertex 26.587302 37.765957 0.400000
      vertex 26.587302 37.765957 0.000000
    endloop
  endfacet
  facet normal 0.000000 1.000000 0.000000
    outer loop
      vertex 24.365079 37.765957 0.000000
      vertex 24.365079 37.765957 0.400000
      vertex 26.587302 37.765957 0.400000
    endloop
  endfacet
  facet normal -1.000000 0.000000 0.000000
    outer loop
      vertex 24.365079 23.085106 0.000000
      vertex 24.365079 23.085106 0.400000
      vertex 24.365079 37.765957 0.400000
    endloop
  endfacet
  facet normal -1.000000 0.000000 0.000000
    outer loop
      vertex 24.365079 23.085106 0.000000
      vertex 24.365079 37.765957 0.400000
      vertex 24.365079 37.765957 0.000000
    endloop
  endfacet
  facet normal 1.000000 0.000000 0.000000
    outer loop
      vertex 26.587302 23.085106 0.000000
      vertex 26.587302 37.765957 0.000000
      vertex 26.587302 37.765957 0.400000
    endloop
  endfacet
  facet normal 1.000000 0.000000 0.000000
    outer loop
      vertex 26.587302 23.085106 0.000000
      vertex 26.587302 37.765957 0.400000
      vertex 26.587302 23.085106 0.400000
    endloop
  endfacet
  facet normal 0.000000 0.000000 -1.000000
    outer loop
      vertex 33.888889 29.148936 0.000000
      vertex 40.238095 37.765957 0.000000
      vertex 40.238095 29.148936 0.000000
    endloop
  endfacet
  facet normal 0.000000 0.000000 -1.000000
    outer loop
      vertex 33.888889 29.148936 0.000000
      vertex 33.888889 37.765957 0.000000
      vertex 40.238095 37.765957 0.000000
    endloop
  endfacet
  facet normal 0.000000 0.000000 1.000000
    outer loop
      vertex 33.888889 29.148936 0.400000
      vertex 40.238095 29.148936 0.400000
      vertex 40.238095 37.765957 0.400000
    endloop
  endfacet
  facet normal 0.000000 0.000000 1.000000
    outer loop
      vertex 33.888889 29.148936 0.400000
      vertex 40.238095 37.765957 0.400000
      vertex 33.888889 37.765957 0.400000
    endloop
  endfacet
  facet normal 0.000000 -1.000000 0.000000
    outer loop
      vertex 33.888889 29.148936 0.000000
      vertex 40.238095 29.148936 0.000000
      vertex 40.238095 29.148936 0.400000
    endloop
  endfacet
  facet normal 0.000000 -1.000000 0.000000
    outer loop
      vertex 33.888889 29.148936 0.000000
      vertex 40.238095 29.148936 0.400000
      vertex 33.888889 29.148936 0.400000
    endloop
  endfacet
  facet normal 0.000000 1.000000 0.000000
    outer loop
      vertex 33.888889 37.765957 0.000000
      vertex 40.238095 37.765957 0.400000
      vertex 40.238095 37.765957 0.000000
    endloop
  endfacet
  facet normal 0.000000 1.000000 0.000000
    outer loop
      vertex 33.888889 37.765957 0.000000
      vertex 33.888889 37.765957 0.400000
      vertex 40.238095 37.765957 0.400000
    endloop
  endfacet
  facet normal -1.000000 0.000000 0.000000
    outer loop
      vertex 33.888889 29.148936 0.000000
      vertex 33.888889 29.148936 0.400000
      vertex 33.888889 37.765957 0.400000
    endloop
  endfacet
  facet normal -1.000000 0.000000 0.000000
    outer loop
      vertex 33.888889 29.148936 0.000000
      vertex 33.888889 37.765957 0.400000
      vertex 33.888889 37.765957 0.000000
    endloop
  endfacet
  facet normal 1.000000 0.000000 0.000000
    outer loop
      vertex 40.238095 29.148936 0.000000
      vertex 40.238095 37.765957 0.000000
      vertex 40.238095 37.765957 0.400000
    endloop
  endfacet
  facet normal 1.000000 0.000000 0.000000
    outer loop
      vertex 40.238095 29.148936 0.000000
      vertex 40.238095 37.765957 0.400000
      vertex 40.238095 29.148936 0.400000
    endloop
  endfacet
  facet normal 0.000000 0.000000 -1.000000
    outer loop
      vertex 43.095238 10.000000 0.000000
      vertex 45.000000 37.765957 0.000000
      vertex 45.000000 10.000000 0.000000
    endloop
  endfacet
  facet normal 0.000000 0.000000 -1.000000
    outer loop
      vertex 43.095238 10.000000 0.000000
      vertex 43.095238 37.765957 0.000000
      vertex 45.000000 37.765957 0.000000
    endloop
  endfacet
  facet normal 0.000000 0.000000 1.000000
    outer loop
      vertex 43.095238 10.000000 0.400000
      vertex 45.000000 10.000000 0.400000
      vertex 45.000000 37.765957 0.400000
    endloop
  endfacet
  facet normal 0.000000 0.000000 1.000000
    outer loop
      vertex 43.095238 10.000000 0.400000
      vertex 45.000000 37.765957 0.400000
      vertex 43.095238 37.765957 0.400000
    endloop
  endfacet
  facet normal 0.000000 -1.000000 0.000000
    outer loop
      vertex 43.095238 10.000000 0.000000
      vertex 45.000000 10.000000 0.000000
      vertex 45.000000 10.000000 0.400000
    endloop
  endfacet
  facet normal 0.000000 -1.000000 0.000000
    outer loop
      vertex 43.095238 10.000000 0.000000
      vertex 45.000000 10.000000 0.400000
      vertex 43.095238 10.000000 0.400000
    endloop
  endfacet
  facet normal 0.000000 1.000000 0.000000
    outer loop
      vertex 43.095238 37.765957 0.000000
      vertex 45.000000 37.765957 0.400000
      vertex 45.000000 37.765957 0.000000
    endloop
  endfacet
  facet normal 0.000000 1.000000 0.000000
    outer loop
      vertex 43.095238 37.765957 0.000000
      vertex 43.095238 37.765957 0.400000
      vertex 45.000000 37.765957 0.400000
    endloop
  endfacet
  facet normal -1.000000 0.000000 0.000000
    outer loop
      vertex 43.095238 10.000000 0.000000
      vertex 43.095238 10.000000 0.400000
      vertex 43.095238 37.765957 0.400000
    endloop
  endfacet
  facet normal -1.000000 0.000000 0.000000
    outer loop
      vertex 43.095238 10.000000 0.000000
      vertex 43.095238 37.765957 0.400000
      vertex 43.095238 37.765957 0.000000
    endloop
  endfacet
  facet normal 1.000000 0.000000 0.000000
    outer loop
      vertex 45.000000 10.000000 0.000000
      vertex 45.000000 37.765957 0.000000
      vertex 45.000000 37.765957 0.400000
    endloop
  endfacet
  facet normal 1.000000 0.000000 0.000000
    outer loop
      vertex 45.000000 10.000000 0.000000
      vertex 45.000000 37.765957 0.400000
      vertex 45.000000 10.000000 0.400000
    endloop
  endfacet
  facet normal 0.000000 0.000000 -1.000000
    outer loop
      vertex 6.269841 10.000000 0.000000
      vertex 9.444444 35.851064 0.000000
      vertex 9.444444 10.000000 0.000000
    endloop
  endfacet
  facet normal 0.000000 0.000000 -1.000000
    outer loop
      vertex 6.269841 10.000000 0.000000
      vertex 6.269841 35.851064 0.000000
      vertex 9.444444 35.851064 0.000000
    endloop
  endfacet
  facet normal 0.000000 0.000000 1.000000
    outer loop
      vertex 6.269841 10.000000 0.400000
      vertex 9.444444 10.000000 0.400000
      vertex 9.444444 35.851064 0.400000
    endloop
  endfacet
  facet normal 0.000000 0.000000 1.000000
    outer loop
      vertex 6.269841 10.000000 0.400000
      vertex 9.444444 35.851064 0.400000
      vertex 6.269841 35.851064 0.400000
    endloop
  endfacet
  facet normal 0.000000 -1.000000 0.000000
    outer loop
      vertex 6.269841 10.000000 0.000000
      vertex 9.444444 10.000000 0.000000
      vertex 9.444444 10.000000 0.400000
    endloop
  endfacet
  facet normal 0.000000 -1.000000 0.000000
    outer loop
      vertex 6.269841 10.000000 0.000000
      vertex 9.444444 10.000000 0.400000
      vertex 6.269841 10.000000 0.400000
    endloop
  endfacet
  facet normal 0.000000 1.000000 0.000000
    outer loop
      vertex 6.269841 35.851064 0.000000
      vertex 9.444444 35.851064 0.400000
      vertex 9.444444 35.851064 0.000000
    endloop
  endfacet
  facet normal 0.000000 1.000000 0.000000
    outer loop
      vertex 6.269841 35.851064 0.000000
      vertex 6.269841 35.851064 0.400000
      vertex 9.444444 35.851064 0.400000
    endloop
  endfacet
  facet normal -1.000000 0.000000 0.000000
    outer loop
      vertex 6.269841 10.000000 0.000000
      vertex 6.269841 10.000000 0.400000
      vertex 6.269841 35.851064 0.400000
    endloop
  endfacet
  facet normal -1.000000 0.000000 0.000000
    outer loop
      vertex 6.269841 10.000000 0.000000
      vertex 6.269841 35.851064 0.400000
      vertex 6.269841 35.851064 0.000000
    endloop
  endfacet
  facet normal 1.000000 0.000000 0.000000
    outer loop
      vertex 9.444444 10.000000 0.000000
      vertex 9.444444 35.851064 0.000000
      vertex 9.444444 35.851064 0.400000
    endloop
  endfacet
  facet normal 1.000000 0.000000 0.000000
    outer loop
      vertex 9.444444 10.000000 0.000000
      vertex 9.444444 35.851064 0.400000
      vertex 9.444444 10.000000 0.400000
    endloop
  endfacet
  facet normal 0.000000 0.000000 -1.000000
    outer loop
      vertex 12.301587 20.531915 0.000000
      vertex 15.793651 35.851064 0.000000
      vertex 15.793651 20.531915 0.000000
    endloop
  endfacet
  facet normal 0.000000 0.000000 -1.000000
    outer loop
      vertex 12.301587 20.531915 0.000000
      vertex 12.301587 35.851064 0.000000
      vertex 15.793651 35.851064 0.000000
    endloop
  endfacet
  facet normal 0.000000 0.000000 1.000000
    outer loop
      vertex 12.301587 20.531915 0.400000
      vertex 15.793651 20.531915 0.400000
      vertex 15.793651 35.851064 0.400000
    endloop
  endfacet
  facet normal 0.000000 0.000000 1.000000
    outer loop
      vertex 12.301587 20.531915 0.400000
      vertex 15.793651 35.851064 0.400000
      vertex 12.301587 35.851064 0.400000
    endloop
  endfacet
  facet normal 0.000000 -1.000000 0.000000
    outer loop
      vertex 12.301587 20.531915 0.000000
      vertex 15.793651 20.531915 0.000000
      vertex 15.793651 20.531915 0.400000
    endloop
  endfacet
  facet normal 0.000000 -1.000000 0.000000
    outer loop
      vertex 12.301587 20.531915 0.000000
      vertex 15.793651 20.531915 0.400000
      vertex 12.301587 20.531915 0.400000
    endloop
  endfacet
  facet normal 0.000000 1.000000 0.000000
    outer loop
      vertex 12.301587 35.851064 0.000000
      vertex 15.793651 35.851064 0.400000
      vertex 15.793651 35.851064 0.000000
    endloop
  endfacet
  facet normal 0.000000 1.000000 0.000000
    outer loop
      vertex 12.301587 35.851064 0.000000
      vertex 12.301587 35.851064 0.400000
      vertex 15.793651 35.851064 0.400000
    endloop
  endfacet
  facet normal -1.000000 0.000000 0.000000
    outer loop
      vertex 12.301587 20.531915 0.000000
      vertex 12.301587 20.531915 0.400000
      vertex 12.301587 35.851064 0.400000
    endloop
  endfacet
  facet normal -1.000000 0.000000 0.000000
    outer loop
      vertex 12.301587 20.531915 0.000000
      vertex 12.301587 35.851064 0.400000
      vertex 12.301587 35.851064 0.000000
    endloop
  endfacet
  facet normal 1.000000 0.000000 0.000000
    outer loop
      vertex 15.793651 20.531915 0.000000
      vertex 15.793651 35.851064 0.000000
      vertex 15.793651 35.851064 0.400000
    endloop
  endfacet
  facet normal 1.000000 0.000000 0.000000
    outer loop
      vertex 15.793651 20.531915 0.000000
      vertex 15.793651 35.851064 0.400000
      vertex 15.793651 20.531915 0.400000
    endloop
  endfacet
  facet normal 0.000000 0.000000 -1.000000
    outer loop
      vertex 17.063492 33.617021 0.000000
      vertex 21.507937 35.851064 0.000000
      vertex 21.507937 33.617021 0.000000
    endloop
  endfacet
  facet normal 0.000000 0.000000 -1.000000
    outer loop
      vertex 17.063492 33.617021 0.000000
      vertex 17.063492 35.851064 0.000000
      vertex 21.507937 35.851064 0.000000
    endloop
  endfacet
  facet normal 0.000000 0.000000 1.000000
    outer loop
      vertex 17.063492 33.617021 0.400000
      vertex 21.507937 33.617021 0.400000
      vertex 21.507937 35.851064 0.400000
    endloop
  endfacet
  facet normal 0.000000 0.000000 1.000000
    outer loop
      vertex 17.063492 33.617021 0.400000
      vertex 21.507937 35.851064 0.400000
      vertex 17.063492 35.851064 0.400000
    endloop
  endfacet
  facet normal 0.000000 -1.000000 0.000000
    outer loop
      vertex 17.063492 33.617021 0.000000
      vertex 21.507937 33.617021 0.000000
      vertex 21.507937 33.617021 0.400000
    endloop
  endfacet
  facet normal 0.000000 -1.000000 0.000000
    outer loop
      vertex 17.063492 33.617021 0.000000
      vertex 21.507937 33.617021 0.400000
      vertex 17.063492 33.617021 0.400000
    endloop
  endfacet
  facet normal 0.000000 1.000000 0.000000
    outer loop
      vertex 17.063492 35.851064 0.000000
      vertex 21.507937 35.851064 0.400000
      vertex 21.507937 35.851064 0.000000
    endloop
  endfacet
  facet normal 0.000000 1.000000 0.000000
    outer loop
      vertex 17.063492 35.851064 0.000000
      vertex 17.063492 35.851064 0.400000
      vertex 21.507937 35.851064 0.400000
    endloop
  endfacet
  facet normal -1.000000 0.000000 0.000000
    outer loop
      vertex 17.063492 33.617021 0.000000
      vertex 17.063492 33.617021 0.400000
      vertex 17.063492 35.851064 0.400000
    endloop
  endfacet
  facet normal -1.000000 0.000000 0.000000
    outer loop
      vertex 17.063492 33.617021 0.000000
      vertex 17.063492 35.851064 0.400000
      vertex 17.063492 35.851064 0.000000
    endloop
  endfacet
  facet normal 1.000000 0.000000 0.000000
    outer loop
      vertex 21.507937 33.617021 0.000000
      vertex 21.507937 35.851064 0.000000
      vertex 21.507937 35.851064 0.400000
    endloop
  endfacet
  facet normal 1.000000 0.000000 0.000000
    outer loop
      vertex 21.507937 33.617021 0.000000
      vertex 21.507937 35.851064 0.400000
      vertex 21.507937 33.617021 0.400000
    endloop
  endfacet
  facet normal 0.000000 0.000000 -1.000000
    outer loop
      vertex 26.587302 33.617021 0.000000
      vertex 31.031746 35.851064 0.000000
      vertex 31.031746 33.617021 0.000000
    endloop
  endfacet
  facet normal 0.000000 0.000000 -1.000000
    outer loop
      vertex 26.587302 33.617021 0.000000
      vertex 26.587302 35.851064 0.000000
      vertex 31.031746 35.851064 0.000000
    endloop
  endfacet
  facet normal 0.000000 0.000000 1.000000
    outer loop
      vertex 26.587302 33.617021 0.400000
      vertex 31.031746 33.617021 0.400000
      vertex 31.031746 35.851064 0.400000
    endloop
  endfacet
  facet normal 0.000000 0.000000 1.000000
    outer loop
      vertex 26.587302 33.617021 0.400000
      vertex 31.031746 35.851064 0.400000
      vertex 26.587302 35.851064 0.400000
    endloop
  endfacet
  facet normal 0.000000 -1.000000 0.000000
    outer loop
      vertex 26.587302 33.617021 0.000000
      vertex 31.031746 33.617021 0.000000
      vertex 31.031746 33.617021 0.400000
    endloop
  endfacet
  facet normal 0.000000 -1.000000 0.000000
    outer loop
      vertex 26.587302 33.617021 0.000000
      vertex 31.031746 33.617021 0.400000
      vertex 26.587302 33.617021 0.400000
    endloop
  endfacet
  facet normal 0.000000 1.000000 0.000000
    outer loop
      vertex 26.587302 35.851064 0.000000
      vertex 31.031746 35.851064 0.400000
      vertex 31.031746 35.851064 0.000000
    endloop
  endfacet
  facet normal 0.000000 1.000000 0.000000
    outer loop
      vertex 26.587302 35.851064 0.000000
      vertex 26.587302 35.851064 0.400000
      vertex 31.031746 35.851064 0.400000
    endloop
  endfacet
  facet normal -1.000000 0.000000 0.000000
    outer loop
      vertex 26.587302 33.617021 0.000000
      vertex 26.587302 33.617021 0.400000
      vertex 26.587302 35.851064 0.400000
    endloop
  endfacet
  facet normal -1.000000 0.000000 0.000000
    outer loop
      vertex 26.587302 33.617021 0.000000
      vertex 26.587302 35.851064 0.400000
      vertex 26.587302 35.851064 0.000000
    endloop
  endfacet
  facet normal 1.000000 0.000000 0.000000
    outer loop
      vertex 31.031746 33.617021 0.000000
      vertex 31.031746 35.851064 0.000000
      vertex 31.031746 35.851064 0.400000
    endloop
  endfacet
  facet normal 1.000000 0.000000 0.000000
    outer loop
      vertex 31.031746 33.617021 0.000000
      vertex 31.031746 35.851064 0.400000
      vertex 31.031746 33.617021 0.400000
    endloop
  endfacet
  facet normal 0.000000 0.000000 -1.000000
    outer loop
      vertex 17.063492 20.531915 0.000000
      vertex 17.380952 33.617021 0.000000
      vertex 17.380952 20.531915 0.000000
    endloop
  endfacet
  facet normal 0.000000 0.000000 -1.000000
    outer loop
      vertex 17.063492 20.531915 0.000000
      vertex 17.063492 33.617021 0.000000
      vertex 17.380952 33.617021 0.000000
    endloop
  endfacet
  facet normal 0.000000 0.000000 1.000000
    outer loop
      vertex 17.063492 20.531915 0.400000
      vertex 17.380952 20.531915 0.400000
      vertex 17.380952 33.617021 0.400000
    endloop
  endfacet
  facet normal 0.000000 0.000000 1.000000
    outer loop
      vertex 17.063492 20.531915 0.400000
      vertex 17.380952 33.617021 0.400000
      vertex 17.063492 33.617021 0.400000
    endloop
  endfacet
  facet normal 0.000000 -1.000000 0.000000
    outer loop
      vertex 17.063492 20.531915 0.000000
      vertex 17.380952 20.531915 0.000000
      vertex 17.380952 20.531915 0.400000
    endloop
  endfacet
  facet normal 0.000000 -1.000000 0.000000
    outer loop
      vertex 17.063492 20.531915 0.000000
      vertex 17.380952 20.531915 0.400000
      vertex 17.063492 20.531915 0.400000
    endloop
  endfacet
  facet normal 0.000000 1.000000 0.000000
    outer loop
      vertex 17.063492 33.617021 0.000000
      vertex 17.380952 33.617021 0.400000
      vertex 17.380952 33.617021 0.000000
    endloop
  endfacet
  facet normal 0.000000 1.000000 0.000000
    outer loop
      vertex 17.063492 33.617021 0.000000
      vertex 17.063492 33.617021 0.400000
      vertex 17.380952 33.617021 0.400000
    endloop
  endfacet
  facet normal -1.000000 0.000000 0.000000
    outer loop
      vertex 17.063492 20.531915 0.000000
      vertex 17.063492 20.531915 0.400000
      vertex 17.063492 33.617021 0.400000
    endloop
  endfacet
  facet normal -1.000000 0.000000 0.000000
    outer loop
      vertex 17.063492 20.531915 0.000000
      vertex 17.063492 33.617021 0.400000
      vertex 17.063492 33.617021 0.000000
    endloop
  endfacet
  facet normal 1.000000 0.000000 0.000000
    outer loop
      vertex 17.380952 20.531915 0.000000
      vertex 17.380952 33.617021 0.000000
      vertex 17.380952 33.617021 0.400000
    endloop
  endfacet
  facet normal 1.000000 0.000000 0.000000
    outer loop
      vertex 17.380952 20.531915 0.000000
      vertex 17.380952 33.617021 0.400000
      vertex 17.380952 20.531915 0.400000
    endloop
  endfacet
  facet normal 0.000000 0.000000 -1.000000
    outer loop
      vertex 26.587302 29.148936 0.000000
      vertex 26.904762 33.617021 0.000000
      vertex 26.904762 29.148936 0.000000
    endloop
  endfacet
  facet normal 0.000000 0.000000 -1.000000
    outer loop
      vertex 26.587302 29.148936 0.000000
      vertex 26.587302 33.617021 0.000000
      vertex 26.904762 33.617021 0.000000
    endloop
  endfacet
  facet normal 0.000000 0.000000 1.000000
    outer loop
      vertex 26.587302 29.148936 0.400000
      vertex 26.904762 29.148936 0.400000
      vertex 26.904762 33.617021 0.400000
    endloop
  endfacet
  facet normal 0.000000 0.000000 1.000000
    outer loop
      vertex 26.587302 29.148936 0.400000
      vertex 26.904762 33.617021 0.400000
      vertex 26.587302 33.617021 0.400000
    endloop
  endfacet
  facet normal 0.000000 -1.000000 0.000000
    outer loop
      vertex 26.587302 29.148936 0.000000
      vertex 26.904762 29.148936 0.000000
      vertex 26.904762 29.148936 0.400000
    endloop
  endfacet
  facet normal 0.000000 -1.000000 0.000000
    outer loop
      vertex 26.587302 29.148936 0.000000
      vertex 26.904762 29.148936 0.400000
      vertex 26.587302 29.148936 0.400000
    endloop
  endfacet
  facet normal 0.000000 1.000000 0.000000
    outer loop
      vertex 26.587302 33.617021 0.000000
      vertex 26.904762 33.617021 0.400000
      vertex 26.904762 33.617021 0.000000
    endloop
  endfacet
  facet normal 0.000000 1.000000 0.000000
    outer loop
      vertex 26.587302 33.617021 0.000000
      vertex 26.587302 33.617021 0.400000
      vertex 26.904762 33.617021 0.400000
    endloop
  endfacet
  facet normal -1.000000 0.000000 0.000000
    outer loop
      vertex 26.587302 29.148936 0.000000
      vertex 26.587302 29.148936 0.400000
      vertex 26.587302 33.617021 0.400000
    endloop
  endfacet
  facet normal -1.000000 0.000000 0.000000
    outer loop
      vertex 26.587302 29.148936 0.000000
      vertex 26.587302 33.617021 0.400000
      vertex 26.587302 33.617021 0.000000
    endloop
  endfacet
  facet normal 1.000000 0.000000 0.000000
    outer loop
      vertex 26.904762 29.148936 0.000000
      vertex 26.904762 33.617021 0.000000
      vertex 26.904762 33.617021 0.400000
    endloop
  endfacet
  facet normal 1.000000 0.000000 0.000000
    outer loop
      vertex 26.904762 29.148936 0.000000
      vertex 26.904762 33.617021 0.400000
      vertex 26.904762 29.148936 0.400000
    endloop
  endfacet
  facet normal 0.000000 0.000000 -1.000000
    outer loop
      vertex 17.380952 20.531915 0.000000
      vertex 21.507937 31.702128 0.000000
      vertex 21.507937 20.531915 0.000000
    endloop
  endfacet
  facet normal 0.000000 0.000000 -1.000000
    outer loop
      vertex 17.380952 20.531915 0.000000
      vertex 17.380952 31.702128 0.000000
      vertex 21.507937 31.702128 0.000000
    endloop
  endfacet
  facet normal 0.000000 0.000000 1.000000
    outer loop
      vertex 17.380952 20.531915 0.400000
      vertex 21.507937 20.531915 0.400000
      vertex 21.507937 31.702128 0.400000
    endloop
  endfacet
  facet normal 0.000000 0.000000 1.000000
    outer loop
      vertex 17.380952 20.531915 0.400000
      vertex 21.507937 31.702128 0.400000
      vertex 17.380952 31.702128 0.400000
    endloop
  endfacet
  facet normal 0.000000 -1.000000 0.000000
    outer loop
      vertex 17.380952 20.531915 0.000000
      vertex 21.507937 20.531915 0.000000
      vertex 21.507937 20.531915 0.400000
    endloop
  endfacet
  facet normal 0.000000 -1.000000 0.000000
    outer loop
      vertex 17.380952 20.531915 0.000000
      vertex 21.507937 20.531915 0.400000
      vertex 17.380952 20.531915 0.400000
    endloop
  endfacet
  facet normal 0.000000 1.000000 0.000000
    outer loop
      vertex 17.380952 31.702128 0.000000
      vertex 21.507937 31.702128 0.400000
      vertex 21.507937 31.702128 0.000000
    endloop
  endfacet
  facet normal 0.000000 1.000000 0.000000
    outer loop
      vertex 17.380952 31.702128 0.000000
      vertex 17.380952 31.702128 0.400000
      vertex 21.507937 31.702128 0.400000
    endloop
  endfacet
  facet normal -1.000000 0.000000 0.000000
    outer loop
      vertex 17.380952 20.531915 0.000000
      vertex 17.380952 20.531915 0.400000
      vertex 17.380952 31.702128 0.400000
    endloop
  endfacet
  facet normal -1.000000 0.000000 0.000000
    outer loop
      vertex 17.380952 20.531915 0.000000
      vertex 17.380952 31.702128 0.400000
      vertex 17.380952 31.702128 0.000000
    endloop
  endfacet
  facet normal 1.000000 0.000000 0.000000
    outer loop
      vertex 21.507937 20.531915 0.000000
      vertex 21.507937 31.702128 0.000000
      vertex 21.507937 31.702128 0.400000
    endloop
  endfacet
  facet normal 1.000000 0.000000 0.000000
    outer loop
      vertex 21.507937 20.531915 0.000000
      vertex 21.507937 31.702128 0.400000
      vertex 21.507937 20.531915 0.400000
    endloop
  endfacet
  facet normal 0.000000 0.000000 -1.000000
    outer loop
      vertex 26.904762 29.148936 0.000000
      vertex 31.031746 31.702128 0.000000
      vertex 31.031746 29.148936 0.000000
    endloop
  endfacet
  facet normal 0.000000 0.000000 -1.000000
    outer loop
      vertex 26.904762 29.148936 0.000000
      vertex 26.904762 31.702128 0.000000
      vertex 31.031746 31.702128 0.000000
    endloop
  endfacet
  facet normal 0.000000 0.000000 1.000000
    outer loop
      vertex 26.904762 29.148936 0.400000
      vertex 31.031746 29.148936 0.400000
      vertex 31.031746 31.702128 0.400000
    endloop
  endfacet
  facet normal 0.000000 0.000000 1.000000
    outer loop
      vertex 26.904762 29.148936 0.400000
      vertex 31.031746 31.702128 0.400000
      vertex 26.904762 31.702128 0.400000
    endloop
  endfacet
  facet normal 0.000000 -1.000000 0.000000
    outer loop
      vertex 26.904762 29.148936 0.000000
      vertex 31.031746 29.148936 0.000000
      vertex 31.031746 29.148936 0.400000
    endloop
  endfacet
  facet normal 0.000000 -1.000000 0.000000
    outer loop
      vertex 26.904762 29.148936 0.000000
      vertex 31.031746 29.148936 0.400000
      vertex 26.904762 29.148936 0.400000
    endloop
  endfacet
  facet normal 0.000000 1.000000 0.000000
    outer loop
      vertex 26.904762 31.702128 0.000000
      vertex 31.031746 31.702128 0.400000
      vertex 31.031746 31.702128 0.000000
    endloop
  endfacet
  facet normal 0.000000 1.000000 0.000000
    outer loop
      vertex 26.904762 31.702128 0.000000
      vertex 26.904762 31.702128 0.400000
      vertex 31.031746 31.702128 0.400000
    endloop
  endfacet
  facet normal -1.000000 0.000000 0.000000
    outer loop
      vertex 26.904762 29.148936 0.000000
      vertex 26.904762 29.148936 0.400000
      vertex 26.904762 31.702128 0.400000
    endloop
  endfacet
  facet normal -1.000000 0.000000 0.000000
    outer loop
      vertex 26.904762 29.148936 0.000000
      vertex 26.904762 31.702128 0.400000
      vertex 26.904762 31.702128 0.000000
    endloop
  endfacet
  facet normal 1.000000 0.000000 0.000000
    outer loop
      vertex 31.031746 29.148936 0.000000
      vertex 31.031746 31.702128 0.000000
      vertex 31.031746 31.702128 0.400000
    endloop
  endfacet
  facet normal 1.000000 0.000000 0.000000
    outer loop
      vertex 31.031746 29.148936 0.000000
      vertex 31.031746 31.702128 0.400000
      vertex 31.031746 29.148936 0.400000
    endloop
  endfacet
  facet normal 0.000000 0.000000 -1.000000
    outer loop
      vertex 33.888889 23.085106 0.000000
      vertex 35.793651 29.148936 0.000000
      vertex 35.793651 23.085106 0.000000
    endloop
  endfacet
  facet normal 0.000000 0.000000 -1.000000
    outer loop
      vertex 33.888889 23.085106 0.000000
      vertex 33.888889 29.148936 0.000000
      vertex 35.793651 29.148936 0.000000
    endloop
  endfacet
  facet normal 0.000000 0.000000 1.000000
    outer loop
      vertex 33.888889 23.085106 0.400000
      vertex 35.793651 23.085106 0.400000
      vertex 35.793651 29.148936 0.400000
    endloop
  endfacet
  facet normal 0.000000 0.000000 1.000000
    outer loop
      vertex 33.888889 23.085106 0.400000
      vertex 35.793651 29.148936 0.400000
      vertex 33.888889 29.148936 0.400000
    endloop
  endfacet
  facet normal 0.000000 -1.000000 0.000000
    outer loop
      vertex 33.888889 23.085106 0.000000
      vertex 35.793651 23.085106 0.000000
      vertex 35.793651 23.085106 0.400000
    endloop
  endfacet
  facet normal 0.000000 -1.000000 0.000000
    outer loop
      vertex 33.888889 23.085106 0.000000
      vertex 35.793651 23.085106 0.400000
      vertex 33.888889 23.085106 0.400000
    endloop
  endfacet
  facet normal 0.000000 1.000000 0.000000
    outer loop
      vertex 33.888889 29.148936 0.000000
      vertex 35.793651 29.148936 0.400000
      vertex 35.793651 29.148936 0.000000
    endloop
  endfacet
  facet normal 0.000000 1.000000 0.000000
    outer loop
      vertex 33.888889 29.148936 0.000000
      vertex 33.888889 29.148936 0.400000
      vertex 35.793651 29.148936 0.400000
    endloop
  endfacet
  facet normal -1.000000 0.000000 0.000000
    outer loop
      vertex 33.888889 23.085106 0.000000
      vertex 33.888889 23.085106 0.400000
      vertex 33.888889 29.148936 0.400000
    endloop
  endfacet
  facet normal -1.000000 0.000000 0.000000
    outer loop
      vertex 33.888889 23.085106 0.000000
      vertex 33.888889 29.148936 0.400000
      vertex 33.888889 29.148936 0.000000
    endloop
  endfacet
  facet normal 1.000000 0.000000 0.000000
    outer loop
      vertex 35.793651 23.085106 0.000000
      vertex 35.793651 29.148936 0.000000
      vertex 35.793651 29.148936 0.400000
    endloop
  endfacet
  facet normal 1.000000 0.000000 0.000000
    outer loop
      vertex 35.793651 23.085106 0.000000
      vertex 35.793651 29.148936 0.400000
      vertex 35.793651 23.085106 0.400000
    endloop
  endfacet
  facet normal 0.000000 0.000000 -1.000000
    outer loop
      vertex 9.444444 19.255319 0.000000
      vertex 12.301587 27.234043 0.000000
      vertex 12.301587 19.255319 0.000000
    endloop
  endfacet
  facet normal 0.000000 0.000000 -1.000000
    outer loop
      vertex 9.444444 19.255319 0.000000
      vertex 9.444444 27.234043 0.000000
      vertex 12.301587 27.234043 0.000000
    endloop
  endfacet
  facet normal 0.000000 0.000000 1.000000
    outer loop
      vertex 9.444444 19.255319 0.400000
      vertex 12.301587 19.255319 0.400000
      vertex 12.301587 27.234043 0.400000
    endloop
  endfacet
  facet normal 0.000000 0.000000 1.000000
    outer loop
      vertex 9.444444 19.255319 0.400000
      vertex 12.301587 27.234043 0.400000
      vertex 9.444444 27.234043 0.400000
    endloop
  endfacet
  facet normal 0.000000 -1.000000 0.000000
    outer loop
      vertex 9.444444 19.255319 0.000000
      vertex 12.301587 19.255319 0.000000
      vertex 12.301587 19.255319 0.400000
    endloop
  endfacet
  facet normal 0.000000 -1.000000 0.000000
    outer loop
      vertex 9.444444 19.255319 0.000000
      vertex 12.301587 19.255319 0.400000
      vertex 9.444444 19.255319 0.400000
    endloop
  endfacet
  facet normal 0.000000 1.000000 0.000000
    outer loop
      vertex 9.444444 27.234043 0.000000
      vertex 12.301587 27.234043 0.400000
      vertex 12.301587 27.234043 0.000000
    endloop
  endfacet
  facet normal 0.000000 1.000000 0.000000
    outer loop
      vertex 9.444444 27.234043 0.000000
      vertex 9.444444 27.234043 0.400000
      vertex 12.301587 27.234043 0.400000
    endloop
  endfacet
  facet normal -1.000000 0.000000 0.000000
    outer loop
      vertex 9.444444 19.255319 0.000000
      vertex 9.444444 19.255319 0.400000
      vertex 9.444444 27.234043 0.400000
    endloop
  endfacet
  facet normal -1.000000 0.000000 0.000000
    outer loop
      vertex 9.444444 19.255319 0.000000
      vertex 9.444444 27.234043 0.400000
      vertex 9.444444 27.234043 0.000000
    endloop
  endfacet
  facet normal 1.000000 0.000000 0.000000
    outer loop
      vertex 12.301587 19.255319 0.000000
      vertex 12.301587 27.234043 0.000000
      vertex 12.301587 27.234043 0.400000
    endloop
  endfacet
  facet normal 1.000000 0.000000 0.000000
    outer loop
      vertex 12.301587 19.255319 0.000000
      vertex 12.301587 27.234043 0.400000
      vertex 12.301587 19.255319 0.400000
    endloop
  endfacet
  facet normal 0.000000 0.000000 -1.000000
    outer loop
      vertex 21.507937 23.085106 0.000000
      vertex 24.365079 27.234043 0.000000
      vertex 24.365079 23.085106 0.000000
    endloop
  endfacet
  facet normal 0.000000 0.000000 -1.000000
    outer loop
      vertex 21.507937 23.085106 0.000000
      vertex 21.507937 27.234043 0.000000
      vertex 24.365079 27.234043 0.000000
    endloop
  endfacet
  facet normal 0.000000 0.000000 1.000000
    outer loop
      vertex 21.507937 23.085106 0.400000
      vertex 24.365079 23.085106 0.400000
      vertex 24.365079 27.234043 0.400000
    endloop
  endfacet
  facet normal 0.000000 0.000000 1.000000
    outer loop
      vertex 21.507937 23.085106 0.400000
      vertex 24.365079 27.234043 0.400000
      vertex 21.507937 27.234043 0.400000
    endloop
  endfacet
  facet normal 0.000000 -1.000000 0.000000
    outer loop
      vertex 21.507937 23.085106 0.000000
      vertex 24.365079 23.085106 0.000000
      vertex 24.365079 23.085106 0.400000
    endloop
  endfacet
  facet normal 0.000000 -1.000000 0.000000
    outer loop
      vertex 21.507937 23.085106 0.000000
      vertex 24.365079 23.085106 0.400000
      vertex 21.507937 23.085106 0.400000
    endloop
  endfacet
  facet normal 0.000000 1.000000 0.000000
    outer loop
      vertex 21.507937 27.234043 0.000000
      vertex 24.365079 27.234043 0.400000
      vertex 24.365079 27.234043 0.000000
    endloop
  endfacet
  facet normal 0.000000 1.000000 0.000000
    outer loop
      vertex 21.507937 27.234043 0.000000
      vertex 21.507937 27.234043 0.400000
      vertex 24.365079 27.234043 0.400000
    endloop
  endfacet
  facet normal -1.000000 0.000000 0.000000
    outer loop
      vertex 21.507937 23.085106 0.000000
      vertex 21.507937 23.085106 0.400000
      vertex 21.507937 27.234043 0.400000
    endloop
  endfacet
  facet normal -1.000000 0.000000 0.000000
    outer loop
      vertex 21.507937 23.085106 0.000000
      vertex 21.507937 27.234043 0.400000
      vertex 21.507937 27.234043 0.000000
    endloop
  endfacet
  facet normal 1.000000 0.000000 0.000000
    outer loop
      vertex 24.365079 23.085106 0.000000
      vertex 24.365079 27.234043 0.000000
      vertex 24.365079 27.234043 0.400000
    endloop
  endfacet
  facet normal 1.000000 0.000000 0.000000
    outer loop
      vertex 24.365079 23.085106 0.000000
      vertex 24.365079 27.234043 0.400000
      vertex 24.365079 23.085106 0.400000
    endloop
  endfacet
  facet normal 0.000000 0.000000 -1.000000
    outer loop
      vertex 26.587302 23.085106 0.000000
      vertex 33.888889 27.234043 0.000000
      vertex 33.888889 23.085106 0.000000
    endloop
  endfacet
  facet normal 0.000000 0.000000 -1.000000
    outer loop
      vertex 26.587302 23.085106 0.000000
      vertex 26.587302 27.234043 0.000000
      vertex 33.888889 27.234043 0.000000
    endloop
  endfacet
  facet normal 0.000000 0.000000 1.000000
    outer loop
      vertex 26.587302 23.085106 0.400000
      vertex 33.888889 23.085106 0.400000
      vertex 33.888889 27.234043 0.400000
    endloop
  endfacet
  facet normal 0.000000 0.000000 1.000000
    outer loop
      vertex 26.587302 23.085106 0.400000
      vertex 33.888889 27.234043 0.400000
      vertex 26.587302 27.234043 0.400000
    endloop
  endfacet
  facet normal 0.000000 -1.000000 0.000000
    outer loop
      vertex 26.587302 23.085106 0.000000
      vertex 33.888889 23.085106 0.000000
      vertex 33.888889 23.085106 0.400000
    endloop
  endfacet
  facet normal 0.000000 -1.000000 0.000000
    outer loop
      vertex 26.587302 23.085106 0.000000
      vertex 33.888889 23.085106 0.400000
      vertex 26.587302 23.085106 0.400000
    endloop
  endfacet
  facet normal 0.000000 1.000000 0.000000
    outer loop
      vertex 26.587302 27.234043 0.000000
      vertex 33.888889 27.234043 0.400000
      vertex 33.888889 27.234043 0.000000
    endloop
  endfacet
  facet normal 0.000000 1.000000 0.000000
    outer loop
      vertex 26.587302 27.234043 0.000000
      vertex 26.587302 27.234043 0.400000
      vertex 33.888889 27.234043 0.400000
    endloop
  endfacet
  facet normal -1.000000 0.000000 0.000000
    outer loop
      vertex 26.587302 23.085106 0.000000
      vertex 26.587302 23.085106 0.400000
      vertex 26.587302 27.234043 0.400000
    endloop
  endfacet
  facet normal -1.000000 0.000000 0.000000
    outer loop
      vertex 26.587302 23.085106 0.000000
      vertex 26.587302 27.234043 0.400000
      vertex 26.587302 27.234043 0.000000
    endloop
  endfacet
  facet normal 1.000000 0.000000 0.000000
    outer loop
      vertex 33.888889 23.085106 0.000000
      vertex 33.888889 27.234043 0.000000
      vertex 33.888889 27.234043 0.400000
    endloop
  endfacet
  facet normal 1.000000 0.000000 0.000000
    outer loop
      vertex 33.888889 23.085106 0.000000
      vertex 33.888889 27.234043 0.400000
      vertex 33.888889 23.085106 0.400000
    endloop
  endfacet
  facet normal 0.000000 0.000000 -1.000000
    outer loop
      vertex 35.793651 22.765957 0.000000
      vertex 43.095238 27.234043 0.000000
      vertex 43.095238 22.765957 0.000000
    endloop
  endfacet
  facet normal 0.000000 0.000000 -1.000000
    outer loop
      vertex 35.793651 22.765957 0.000000
      vertex 35.793651 27.234043 0.000000
      vertex 43.095238 27.234043 0.000000
    endloop
  endfacet
  facet normal 0.000000 0.000000 1.000000
    outer loop
      vertex 35.793651 22.765957 0.400000
      vertex 43.095238 22.765957 0.400000
      vertex 43.095238 27.234043 0.400000
    endloop
  endfacet
  facet normal 0.000000 0.000000 1.000000
    outer loop
      vertex 35.793651 22.765957 0.400000
      vertex 43.095238 27.234043 0.400000
      vertex 35.793651 27.234043 0.400000
    endloop
  endfacet
  facet normal 0.000000 -1.000000 0.000000
    outer loop
      vertex 35.793651 22.765957 0.000000
      vertex 43.095238 22.765957 0.000000
      vertex 43.095238 22.765957 0.400000
    endloop
  endfacet
  facet normal 0.000000 -1.000000 0.000000
    outer loop
      vertex 35.793651 22.765957 0.000000
      vertex 43.095238 22.765957 0.400000
      vertex 35.793651 22.765957 0.400000
    endloop
  endfacet
  facet normal 0.000000 1.000000 0.000000
    outer loop
      vertex 35.793651 27.234043 0.000000
      vertex 43.095238 27.234043 0.400000
      vertex 43.095238 27.234043 0.000000
    endloop
  endfacet
  facet normal 0.000000 1.000000 0.000000
    outer loop
      vertex 35.793651 27.234043 0.000000
      vertex 35.793651 27.234043 0.400000
      vertex 43.095238 27.234043 0.400000
    endloop
  endfacet
  facet normal -1.000000 0.000000 0.000000
    outer loop
      vertex 35.793651 22.765957 0.000000
      vertex 35.793651 22.765957 0.400000
      vertex 35.793651 27.234043 0.400000
    endloop
  endfacet
  facet normal -1.000000 0.000000 0.000000
    outer loop
      vertex 35.793651 22.765957 0.000000
      vertex 35.793651 27.234043 0.400000
      vertex 35.793651 27.234043 0.000000
    endloop
  endfacet
  facet normal 1.000000 0.000000 0.000000
    outer loop
      vertex 43.095238 22.765957 0.000000
      vertex 43.095238 27.234043 0.000000
      vertex 43.095238 27.234043 0.400000
    endloop
  endfacet
  facet normal 1.000000 0.000000 0.000000
    outer loop
      vertex 43.095238 22.765957 0.000000
      vertex 43.095238 27.234043 0.400000
      vertex 43.095238 22.765957 0.400000
    endloop
  endfacet
  facet normal 0.000000 0.000000 -1.000000
    outer loop
      vertex 21.507937 22.765957 0.000000
      vertex 23.730159 23.085106 0.000000
      vertex 23.730159 22.765957 0.000000
    endloop
  endfacet
  facet normal 0.000000 0.000000 -1.000000
    outer loop
      vertex 21.507937 22.765957 0.000000
      vertex 21.507937 23.085106 0.000000
      vertex 23.730159 23.085106 0.000000
    endloop
  endfacet
  facet normal 0.000000 0.000000 1.000000
    outer loop
      vertex 21.507937 22.765957 0.400000
      vertex 23.730159 22.765957 0.400000
      vertex 23.730159 23.085106 0.400000
    endloop
  endfacet
  facet normal 0.000000 0.000000 1.000000
    outer loop
      vertex 21.507937 22.765957 0.400000
      vertex 23.730159 23.085106 0.400000
      vertex 21.507937 23.085106 0.400000
    endloop
  endfacet
  facet normal 0.000000 -1.000000 0.000000
    outer loop
      vertex 21.507937 22.765957 0.000000
      vertex 23.730159 22.765957 0.000000
      vertex 23.730159 22.765957 0.400000
    endloop
  endfacet
  facet normal 0.000000 -1.000000 0.000000
    outer loop
      vertex 21.507937 22.765957 0.000000
      vertex 23.730159 22.765957 0.400000
      vertex 21.507937 22.765957 0.400000
    endloop
  endfacet
  facet normal 0.000000 1.000000 0.000000
    outer loop
      vertex 21.507937 23.085106 0.000000
      vertex 23.730159 23.085106 0.400000
      vertex 23.730159 23.085106 0.000000
    endloop
  endfacet
  facet normal 0.000000 1.000000 0.000000
    outer loop
      vertex 21.507937 23.085106 0.000000
      vertex 21.507937 23.085106 0.400000
      vertex 23.730159 23.085106 0.400000
    endloop
  endfacet
  facet normal -1.000000 0.000000 0.000000
    outer loop
      vertex 21.507937 22.765957 0.000000
      vertex 21.507937 22.765957 0.400000
      vertex 21.507937 23.085106 0.400000
    endloop
  endfacet
  facet normal -1.000000 0.000000 0.000000
    outer loop
      vertex 21.507937 22.765957 0.000000
      vertex 21.507937 23.085106 0.400000
      vertex 21.507937 23.085106 0.000000
    endloop
  endfacet
  facet normal 1.000000 0.000000 0.000000
    outer loop
      vertex 23.730159 22.765957 0.000000
      vertex 23.730159 23.085106 0.000000
      vertex 23.730159 23.085106 0.400000
    endloop
  endfacet
  facet normal 1.000000 0.000000 0.000000
    outer loop
      vertex 23.730159 22.765957 0.000000
      vertex 23.730159 23.085106 0.400000
      vertex 23.730159 22.765957 0.400000
    endloop
  endfacet
  facet normal 0.000000 0.000000 -1.000000
    outer loop
      vertex 26.269841 22.765957 0.000000
      vertex 32.936508 23.085106 0.000000
      vertex 32.936508 22.765957 0.000000
    endloop
  endfacet
  facet normal 0.000000 0.000000 -1.000000
    outer loop
      vertex 26.269841 22.765957 0.000000
      vertex 26.269841 23.085106 0.000000
      vertex 32.936508 23.085106 0.000000
    endloop
  endfacet
  facet normal 0.000000 0.000000 1.000000
    outer loop
      vertex 26.269841 22.765957 0.400000
      vertex 32.936508 22.765957 0.400000
      vertex 32.936508 23.085106 0.400000
    endloop
  endfacet
  facet normal 0.000000 0.000000 1.000000
    outer loop
      vertex 26.269841 22.765957 0.400000
      vertex 32.936508 23.085106 0.400000
      vertex 26.269841 23.085106 0.400000
    endloop
  endfacet
  facet normal 0.000000 -1.000000 0.000000
    outer loop
      vertex 26.269841 22.765957 0.000000
      vertex 32.936508 22.765957 0.000000
      vertex 32.936508 22.765957 0.400000
    endloop
  endfacet
  facet normal 0.000000 -1.000000 0.000000
    outer loop
      vertex 26.269841 22.765957 0.000000
      vertex 32.936508 22.765957 0.400000
      vertex 26.269841 22.765957 0.400000
    endloop
  endfacet
  facet normal 0.000000 1.000000 0.000000
    outer loop
      vertex 26.269841 23.085106 0.000000
      vertex 32.936508 23.085106 0.400000
      vertex 32.936508 23.085106 0.000000
    endloop
  endfacet
  facet normal 0.000000 1.000000 0.000000
    outer loop
      vertex 26.269841 23.085106 0.000000
      vertex 26.269841 23.085106 0.400000
      vertex 32.936508 23.085106 0.400000
    endloop
  endfacet
  facet normal -1.000000 0.000000 0.000000
    outer loop
      vertex 26.269841 22.765957 0.000000
      vertex 26.269841 22.765957 0.400000
      vertex 26.269841 23.085106 0.400000
    endloop
  endfacet
  facet normal -1.000000 0.000000 0.000000
    outer loop
      vertex 26.269841 22.765957 0.000000
      vertex 26.269841 23.085106 0.400000
      vertex 26.269841 23.085106 0.000000
    endloop
  endfacet
  facet normal 1.000000 0.000000 0.000000
    outer loop
      vertex 32.936508 22.765957 0.000000
      vertex 32.936508 23.085106 0.000000
      vertex 32.936508 23.085106 0.400000
    endloop
  endfacet
  facet normal 1.000000 0.000000 0.000000
    outer loop
      vertex 32.936508 22.765957 0.000000
      vertex 32.936508 23.085106 0.400000
      vertex 32.936508 22.765957 0.400000
    endloop
  endfacet
  facet normal 0.000000 0.000000 -1.000000
    outer loop
      vertex 35.476190 22.765957 0.000000
      vertex 35.793651 23.085106 0.000000
      vertex 35.793651 22.765957 0.000000
    endloop
  endfacet
  facet normal 0.000000 0.000000 -1.000000
    outer loop
      vertex 35.476190 22.765957 0.000000
      vertex 35.476190 23.085106 0.000000
      vertex 35.793651 23.085106 0.000000
    endloop
  endfacet
  facet normal 0.000000 0.000000 1.000000
    outer loop
      vertex 35.476190 22.765957 0.400000
      vertex 35.793651 22.765957 0.400000
      vertex 35.793651 23.085106 0.400000
    endloop
  endfacet
  facet normal 0.000000 0.000000 1.000000
    outer loop
      vertex 35.476190 22.765957 0.400000
      vertex 35.793651 23.085106 0.400000
      vertex 35.476190 23.085106 0.400000
    endloop
  endfacet
  facet normal 0.000000 -1.000000 0.000000
    outer loop
      vertex 35.476190 22.765957 0.000000
      vertex 35.793651 22.765957 0.000000
      vertex 35.793651 22.765957 0.400000
    endloop
  endfacet
  facet normal 0.000000 -1.000000 0.000000
    outer loop
      vertex 35.476190 22.765957 0.000000
      vertex 35.793651 22.765957 0.400000
      vertex 35.476190 22.765957 0.400000
    endloop
  endfacet
  facet normal 0.000000 1.000000 0.000000
    outer loop
      vertex 35.476190 23.085106 0.000000
      vertex 35.793651 23.085106 0.400000
      vertex 35.793651 23.085106 0.000000
    endloop
  endfacet
  facet normal 0.000000 1.000000 0.000000
    outer loop
      vertex 35.476190 23.085106 0.000000
      vertex 35.476190 23.085106 0.400000
      vertex 35.793651 23.085106 0.400000
    endloop
  endfacet
  facet normal -1.000000 0.000000 0.000000
    outer loop
      vertex 35.476190 22.765957 0.000000
      vertex 35.476190 22.765957 0.400000
      vertex 35.476190 23.085106 0.400000
    endloop
  endfacet
  facet normal -1.000000 0.000000 0.000000
    outer loop
      vertex 35.476190 22.765957 0.000000
      vertex 35.476190 23.085106 0.400000
      vertex 35.476190 23.085106 0.000000
    endloop
  endfacet
  facet normal 1.000000 0.000000 0.000000
    outer loop
      vertex 35.793651 22.765957 0.000000
      vertex 35.793651 23.085106 0.000000
      vertex 35.793651 23.085106 0.400000
    endloop
  endfacet
  facet normal 1.000000 0.000000 0.000000
    outer loop
      vertex 35.793651 22.765957 0.000000
      vertex 35.793651 23.085106 0.400000
      vertex 35.793651 22.765957 0.400000
    endloop
  endfacet
  facet normal 0.000000 0.000000 -1.000000
    outer loop
      vertex 21.507937 22.446809 0.000000
      vertex 23.095238 22.765957 0.000000
      vertex 23.095238 22.446809 0.000000
    endloop
  endfacet
  facet normal 0.000000 0.000000 -1.000000
    outer loop
      vertex 21.507937 22.446809 0.000000
      vertex 21.507937 22.765957 0.000000
      vertex 23.095238 22.765957 0.000000
    endloop
  endfacet
  facet normal 0.000000 0.000000 1.000000
    outer loop
      vertex 21.507937 22.446809 0.400000
      vertex 23.095238 22.446809 0.400000
      vertex 23.095238 22.765957 0.400000
    endloop
  endfacet
  facet normal 0.000000 0.000000 1.000000
    outer loop
      vertex 21.507937 22.446809 0.400000
      vertex 23.095238 22.765957 0.400000
      vertex 21.507937 22.765957 0.400000
    endloop
  endfacet
  facet normal 0.000000 -1.000000 0.000000
    outer loop
      vertex 21.507937 22.446809 0.000000
      vertex 23.095238 22.446809 0.000000
      vertex 23.095238 22.446809 0.400000
    endloop
  endfacet
  facet normal 0.000000 -1.000000 0.000000
    outer loop
      vertex 21.507937 22.446809 0.000000
      vertex 23.095238 22.446809 0.400000
      vertex 21.507937 22.446809 0.400000
    endloop
  endfacet
  facet normal 0.000000 1.000000 0.000000
    outer loop
      vertex 21.507937 22.765957 0.000000
      vertex 23.095238 22.765957 0.400000
      vertex 23.095238 22.765957 0.000000
    endloop
  endfacet
  facet normal 0.000000 1.000000 0.000000
    outer loop
      vertex 21.507937 22.765957 0.000000
      vertex 21.507937 22.765957 0.400000
      vertex 23.095238 22.765957 0.400000
    endloop
  endfacet
  facet normal -1.000000 0.000000 0.000000
    outer loop
      vertex 21.507937 22.446809 0.000000
      vertex 21.507937 22.446809 0.400000
      vertex 21.507937 22.765957 0.400000
    endloop
  endfacet
  facet normal -1.000000 0.000000 0.000000
    outer loop
      vertex 21.507937 22.446809 0.000000
      vertex 21.507937 22.765957 0.400000
      vertex 21.507937 22.765957 0.000000
    endloop
  endfacet
  facet normal 1.000000 0.000000 0.000000
    outer loop
      vertex 23.095238 22.446809 0.000000
      vertex 23.095238 22.765957 0.000000
      vertex 23.095238 22.765957 0.400000
    endloop
  endfacet
  facet normal 1.000000 0.000000 0.000000
    outer loop
      vertex 23.095238 22.446809 0.000000
      vertex 23.095238 22.765957 0.400000
      vertex 23.095238 22.446809 0.400000
    endloop
  endfacet
  facet normal 0.000000 0.000000 -1.000000
    outer loop
      vertex 27.222222 22.446809 0.000000
      vertex 31.666667 22.765957 0.000000
      vertex 31.666667 22.446809 0.000000
    endloop
  endfacet
  facet normal 0.000000 0.000000 -1.000000
    outer loop
      vertex 27.222222 22.446809 0.000000
      vertex 27.222222 22.765957 0.000000
      vertex 31.666667 22.765957 0.000000
    endloop
  endfacet
  facet normal 0.000000 0.000000 1.000000
    outer loop
      vertex 27.222222 22.446809 0.400000
      vertex 31.666667 22.446809 0.400000
      vertex 31.666667 22.765957 0.400000
    endloop
  endfacet
  facet normal 0.000000 0.000000 1.000000
    outer loop
      vertex 27.222222 22.446809 0.400000
      vertex 31.666667 22.765957 0.400000
      vertex 27.222222 22.765957 0.400000
    endloop
  endfacet
  facet normal 0.000000 -1.000000 0.000000
    outer loop
      vertex 27.222222 22.446809 0.000000
      vertex 31.666667 22.446809 0.000000
      vertex 31.666667 22.446809 0.400000
    endloop
  endfacet
  facet normal 0.000000 -1.000000 0.000000
    outer loop
      vertex 27.222222 22.446809 0.000000
      vertex 31.666667 22.446809 0.400000
      vertex 27.222222 22.446809 0.400000
    endloop
  endfacet
  facet normal 0.000000 1.000000 0.000000
    outer loop
      vertex 27.222222 22.765957 0.000000
      vertex 31.666667 22.765957 0.400000
      vertex 31.666667 22.765957 0.000000
    endloop
  endfacet
  facet normal 0.000000 1.000000 0.000000
    outer loop
      vertex 27.222222 22.765957 0.000000
      vertex 27.222222 22.765957 0.400000
      vertex 31.666667 22.765957 0.400000
    endloop
  endfacet
  facet normal -1.000000 0.000000 0.000000
    outer loop
      vertex 27.222222 22.446809 0.000000
      vertex 27.222222 22.446809 0.400000
      vertex 27.222222 22.765957 0.400000
    endloop
  endfacet
  facet normal -1.000000 0.000000 0.000000
    outer loop
      vertex 27.222222 22.446809 0.000000
      vertex 27.222222 22.765957 0.400000
      vertex 27.222222 22.765957 0.000000
    endloop
  endfacet
  facet normal 1.000000 0.000000 0.000000
    outer loop
      vertex 31.666667 22.446809 0.000000
      vertex 31.666667 22.765957 0.000000
      vertex 31.666667 22.765957 0.400000
    endloop
  endfacet
  facet normal 1.000000 0.000000 0.000000
    outer loop
      vertex 31.666667 22.446809 0.000000
      vertex 31.666667 22.765957 0.400000
      vertex 31.666667 22.446809 0.400000
    endloop
  endfacet
  facet normal 0.000000 0.000000 -1.000000
    outer loop
      vertex 36.428571 22.446809 0.000000
      vertex 43.095238 22.765957 0.000000
      vertex 43.095238 22.446809 0.000000
    endloop
  endfacet
  facet normal 0.000000 0.000000 -1.000000
    outer loop
      vertex 36.428571 22.446809 0.000000
      vertex 36.428571 22.765957 0.000000
      vertex 43.095238 22.765957 0.000000
    endloop
  endfacet
  facet normal 0.000000 0.000000 1.000000
    outer loop
      vertex 36.428571 22.446809 0.400000
      vertex 43.095238 22.446809 0.400000
      vertex 43.095238 22.765957 0.400000
    endloop
  endfacet
  facet normal 0.000000 0.000000 1.000000
    outer loop
      vertex 36.428571 22.446809 0.400000
      vertex 43.095238 22.765957 0.400000
      vertex 36.428571 22.765957 0.400000
    endloop
  endfacet
  facet normal 0.000000 -1.000000 0.000000
    outer loop
      vertex 36.428571 22.446809 0.000000
      vertex 43.095238 22.446809 0.000000
      vertex 43.095238 22.446809 0.400000
    endloop
  endfacet
  facet normal 0.000000 -1.000000 0.000000
    outer loop
      vertex 36.428571 22.446809 0.000000
      vertex 43.095238 22.446809 0.400000
      vertex 36.428571 22.446809 0.400000
    endloop
  endfacet
  facet normal 0.000000 1.000000 0.000000
    outer loop
      vertex 36.428571 22.765957 0.000000
      vertex 43.095238 22.765957 0.400000
      vertex 43.095238 22.765957 0.000000
    endloop
  endfacet
  facet normal 0.000000 1.000000 0.000000
    outer loop
      vertex 36.428571 22.765957 0.000000
      vertex 36.428571 22.765957 0.400000
      vertex 43.095238 22.765957 0.400000
    endloop
  endfacet
  facet normal -1.000000 0.000000 0.000000
    outer loop
      vertex 36.428571 22.446809 0.000000
      vertex 36.428571 22.446809 0.400000
      vertex 36.428571 22.765957 0.400000
    endloop
  endfacet
  facet normal -1.000000 0.000000 0.000000
    outer loop
      vertex 36.428571 22.446809 0.000000
      vertex 36.428571 22.765957 0.400000
      vertex 36.428571 22.765957 0.000000
    endloop
  endfacet
  facet normal 1.000000 0.000000 0.000000
    outer loop
      vertex 43.095238 22.446809 0.000000
      vertex 43.095238 22.765957 0.000000
      vertex 43.095238 22.765957 0.400000
    endloop
  endfacet
  facet normal 1.000000 0.000000 0.000000
    outer loop
      vertex 43.095238 22.446809 0.000000
      vertex 43.095238 22.765957 0.400000
      vertex 43.095238 22.446809 0.400000
    endloop
  endfacet
  facet normal 0.000000 0.000000 -1.000000
    outer loop
      vertex 21.507937 22.127660 0.000000
      vertex 22.460317 22.446809 0.000000
      vertex 22.460317 22.127660 0.000000
    endloop
  endfacet
  facet normal 0.000000 0.000000 -1.000000
    outer loop
      vertex 21.507937 22.127660 0.000000
      vertex 21.507937 22.446809 0.000000
      vertex 22.460317 22.446809 0.000000
    endloop
  endfacet
  facet normal 0.000000 0.000000 1.000000
    outer loop
      vertex 21.507937 22.127660 0.400000
      vertex 22.460317 22.127660 0.400000
      vertex 22.460317 22.446809 0.400000
    endloop
  endfacet
  facet normal 0.000000 0.000000 1.000000
    outer loop
      vertex 21.507937 22.127660 0.400000
      vertex 22.460317 22.446809 0.400000
      vertex 21.507937 22.446809 0.400000
    endloop
  endfacet
  facet normal 0.000000 -1.000000 0.000000
    outer loop
      vertex 21.507937 22.127660 0.000000
      vertex 22.460317 22.127660 0.000000
      vertex 22.460317 22.127660 0.400000
    endloop
  endfacet
  facet normal 0.000000 -1.000000 0.000000
    outer loop
      vertex 21.507937 22.127660 0.000000
      vertex 22.460317 22.127660 0.400000
      vertex 21.507937 22.127660 0.400000
    endloop
  endfacet
  facet normal 0.000000 1.000000 0.000000
    outer loop
      vertex 21.507937 22.446809 0.000000
      vertex 22.460317 22.446809 0.400000
      vertex 22.460317 22.446809 0.000000
    endloop
  endfacet
  facet normal 0.000000 1.000000 0.000000
    outer loop
      vertex 21.507937 22.446809 0.000000
      vertex 21.507937 22.446809 0.400000
      vertex 22.460317 22.446809 0.400000
    endloop
  endfacet
  facet normal -1.000000 0.000000 0.000000
    outer loop
      vertex 21.507937 22.127660 0.000000
      vertex 21.507937 22.127660 0.400000
      vertex 21.507937 22.446809 0.400000
    endloop
  endfacet
  facet normal -1.000000 0.000000 0.000000
    outer loop
      vertex 21.507937 22.127660 0.000000
      vertex 21.507937 22.446809 0.400000
      vertex 21.507937 22.446809 0.000000
    endloop
  endfacet
  facet normal 1.000000 0.000000 0.000000
    outer loop
      vertex 22.460317 22.127660 0.000000
      vertex 22.460317 22.446809 0.000000
      vertex 22.460317 22.446809 0.400000
    endloop
  endfacet
  facet normal 1.000000 0.000000 0.000000
    outer loop
      vertex 22.460317 22.127660 0.000000
      vertex 22.460317 22.446809 0.400000
      vertex 22.460317 22.127660 0.400000
    endloop
  endfacet
  facet normal 0.000000 0.000000 -1.000000
    outer loop
      vertex 27.539683 22.127660 0.000000
      vertex 31.349206 22.446809 0.000000
      vertex 31.349206 22.127660 0.000000
    endloop
  endfacet
  facet normal 0.000000 0.000000 -1.000000
    outer loop
      vertex 27.539683 22.127660 0.000000
      vertex 27.539683 22.446809 0.000000
      vertex 31.349206 22.446809 0.000000
    endloop
  endfacet
  facet normal 0.000000 0.000000 1.000000
    outer loop
      vertex 27.539683 22.127660 0.400000
      vertex 31.349206 22.127660 0.400000
      vertex 31.349206 22.446809 0.400000
    endloop
  endfacet
  facet normal 0.000000 0.000000 1.000000
    outer loop
      vertex 27.539683 22.127660 0.400000
      vertex 31.349206 22.446809 0.400000
      vertex 27.539683 22.446809 0.400000
    endloop
  endfacet
  facet normal 0.000000 -1.000000 0.000000
    outer loop
      vertex 27.539683 22.127660 0.000000
      vertex 31.349206 22.127660 0.000000
      vertex 31.349206 22.127660 0.400000
    endloop
  endfacet
  facet normal 0.000000 -1.000000 0.000000
    outer loop
      vertex 27.539683 22.127660 0.000000
      vertex 31.349206 22.127660 0.400000
      vertex 27.539683 22.127660 0.400000
    endloop
  endfacet
  facet normal 0.000000 1.000000 0.000000
    outer loop
      vertex 27.539683 22.446809 0.000000
      vertex 31.349206 22.446809 0.400000
      vertex 31.349206 22.446809 0.000000
    endloop
  endfacet
  facet normal 0.000000 1.000000 0.000000
    outer loop
      vertex 27.539683 22.446809 0.000000
      vertex 27.539683 22.446809 0.400000
      vertex 31.349206 22.446809 0.400000
    endloop
  endfacet
  facet normal -1.000000 0.000000 0.000000
    outer loop
      vertex 27.539683 22.127660 0.000000
      vertex 27.539683 22.127660 0.400000
      vertex 27.539683 22.446809 0.400000
    endloop
  endfacet
  facet normal -1.000000 0.000000 0.000000
    outer loop
      vertex 27.539683 22.127660 0.000000
      vertex 27.539683 22.446809 0.400000
      vertex 27.539683 22.446809 0.000000
    endloop
  endfacet
  facet normal 1.000000 0.000000 0.000000
    outer loop
      vertex 31.349206 22.127660 0.000000
      vertex 31.349206 22.446809 0.000000
      vertex 31.349206 22.446809 0.400000
    endloop
  endfacet
  facet normal 1.000000 0.000000 0.000000
    outer loop
      vertex 31.349206 22.127660 0.000000
      vertex 31.349206 22.446809 0.400000
      vertex 31.349206 22.127660 0.400000
    endloop
  endfacet
  facet normal 0.000000 0.000000 -1.000000
    outer loop
      vertex 37.063492 22.127660 0.000000
      vertex 43.095238 22.446809 0.000000
      vertex 43.095238 22.127660 0.000000
    endloop
  endfacet
  facet normal 0.000000 0.000000 -1.000000
    outer loop
      vertex 37.063492 22.127660 0.000000
      vertex 37.063492 22.446809 0.000000
      vertex 43.095238 22.446809 0.000000
    endloop
  endfacet
  facet normal 0.000000 0.000000 1.000000
    outer loop
      vertex 37.063492 22.127660 0.400000
      vertex 43.095238 22.127660 0.400000
      vertex 43.095238 22.446809 0.400000
    endloop
  endfacet
  facet normal 0.000000 0.000000 1.000000
    outer loop
      vertex 37.063492 22.127660 0.400000
      vertex 43.095238 22.446809 0.400000
      vertex 37.063492 22.446809 0.400000
    endloop
  endfacet
  facet normal 0.000000 -1.000000 0.000000
    outer loop
      vertex 37.063492 22.127660 0.000000
      vertex 43.095238 22.127660 0.000000
      vertex 43.095238 22.127660 0.400000
    endloop
  endfacet
  facet normal 0.000000 -1.000000 0.000000
    outer loop
      vertex 37.063492 22.127660 0.000000
      vertex 43.095238 22.127660 0.400000
      vertex 37.063492 22.127660 0.400000
    endloop
  endfacet
  facet normal 0.000000 1.000000 0.000000
    outer loop
      vertex 37.063492 22.446809 0.000000
      vertex 43.095238 22.446809 0.400000
      vertex 43.095238 22.446809 0.000000
    endloop
  endfacet
  facet normal 0.000000 1.000000 0.000000
    outer loop
      vertex 37.063492 22.446809 0.000000
      vertex 37.063492 22.446809 0.400000
      vertex 43.095238 22.446809 0.400000
    endloop
  endfacet
  facet normal -1.000000 0.000000 0.000000
    outer loop
      vertex 37.063492 22.127660 0.000000
      vertex 37.063492 22.127660 0.400000
      vertex 37.063492 22.446809 0.400000
    endloop
  endfacet
  facet normal -1.000000 0.000000 0.000000
    outer loop
      vertex 37.063492 22.127660 0.000000
      vertex 37.063492 22.446809 0.400000
      vertex 37.063492 22.446809 0.000000
    endloop
  endfacet
  facet normal 1.000000 0.000000 0.000000
    outer loop
      vertex 43.095238 22.127660 0.000000
      vertex 43.095238 22.446809 0.000000
      vertex 43.095238 22.446809 0.400000
    endloop
  endfacet
  facet normal 1.000000 0.000000 0.000000
    outer loop
      vertex 43.095238 22.127660 0.000000
      vertex 43.095238 22.446809 0.400000
      vertex 43.095238 22.127660 0.400000
    endloop
  endfacet
  facet normal 0.000000 0.000000 -1.000000
    outer loop
      vertex 21.507937 21.808511 0.000000
      vertex 22.142857 22.127660 0.000000
      vertex 22.142857 21.808511 0.000000
    endloop
  endfacet
  facet normal 0.000000 0.000000 -1.000000
    outer loop
      vertex 21.507937 21.808511 0.000000
      vertex 21.507937 22.127660 0.000000
      vertex 22.142857 22.127660 0.000000
    endloop
  endfacet
  facet normal 0.000000 0.000000 1.000000
    outer loop
      vertex 21.507937 21.808511 0.400000
      vertex 22.142857 21.808511 0.400000
      vertex 22.142857 22.127660 0.400000
    endloop
  endfacet
  facet normal 0.000000 0.000000 1.000000
    outer loop
      vertex 21.507937 21.808511 0.400000
      vertex 22.142857 22.127660 0.400000
      vertex 21.507937 22.127660 0.400000
    endloop
  endfacet
  facet normal 0.000000 -1.000000 0.000000
    outer loop
      vertex 21.507937 21.808511 0.000000
      vertex 22.142857 21.808511 0.000000
      vertex 22.142857 21.808511 0.400000
    endloop
  endfacet
  facet normal 0.000000 -1.000000 0.000000
    outer loop
      vertex 21.507937 21.808511 0.000000
      vertex 22.142857 21.808511 0.400000
      vertex 21.507937 21.808511 0.400000
    endloop
  endfacet
  facet normal 0.000000 1.000000 0.000000
    outer loop
      vertex 21.507937 22.127660 0.000000
      vertex 22.142857 22.127660 0.400000
      vertex 22.142857 22.127660 0.000000
    endloop
  endfacet
  facet normal 0.000000 1.000000 0.000000
    outer loop
      vertex 21.507937 22.127660 0.000000
      vertex 21.507937 22.127660 0.400000
      vertex 22.142857 22.127660 0.400000
    endloop
  endfacet
  facet normal -1.000000 0.000000 0.000000
    outer loop
      vertex 21.507937 21.808511 0.000000
      vertex 21.507937 21.808511 0.400000
      vertex 21.507937 22.127660 0.400000
    endloop
  endfacet
  facet normal -1.000000 0.000000 0.000000
    outer loop
      vertex 21.507937 21.808511 0.000000
      vertex 21.507937 22.127660 0.400000
      vertex 21.507937 22.127660 0.000000
    endloop
  endfacet
  facet normal 1.000000 0.000000 0.000000
    outer loop
      vertex 22.142857 21.808511 0.000000
      vertex 22.142857 22.127660 0.000000
      vertex 22.142857 22.127660 0.400000
    endloop
  endfacet
  facet normal 1.000000 0.000000 0.000000
    outer loop
      vertex 22.142857 21.808511 0.000000
      vertex 22.142857 22.127660 0.400000
      vertex 22.142857 21.808511 0.400000
    endloop
  endfacet
  facet normal 0.000000 0.000000 -1.000000
    outer loop
      vertex 27.857143 21.808511 0.000000
      vertex 31.349206 22.127660 0.000000
      vertex 31.349206 21.808511 0.000000
    endloop
  endfacet
  facet normal 0.000000 0.000000 -1.000000
    outer loop
      vertex 27.857143 21.808511 0.000000
      vertex 27.857143 22.127660 0.000000
      vertex 31.349206 22.127660 0.000000
    endloop
  endfacet
  facet normal 0.000000 0.000000 1.000000
    outer loop
      vertex 27.857143 21.808511 0.400000
      vertex 31.349206 21.808511 0.400000
      vertex 31.349206 22.127660 0.400000
    endloop
  endfacet
  facet normal 0.000000 0.000000 1.000000
    outer loop
      vertex 27.857143 21.808511 0.400000
      vertex 31.349206 22.127660 0.400000
      vertex 27.857143 22.127660 0.400000
    endloop
  endfacet
  facet normal 0.000000 -1.000000 0.000000
    outer loop
      vertex 27.857143 21.808511 0.000000
      vertex 31.349206 21.808511 0.000000
      vertex 31.349206 21.808511 0.400000
    endloop
  endfacet
  facet normal 0.000000 -1.000000 0.000000
    outer loop
      vertex 27.857143 21.808511 0.000000
      vertex 31.349206 21.808511 0.400000
      vertex 27.857143 21.808511 0.400000
    endloop
  endfacet
  facet normal 0.000000 1.000000 0.000000
    outer loop
      vertex 27.857143 22.127660 0.000000
      vertex 31.349206 22.127660 0.400000
      vertex 31.349206 22.127660 0.000000
    endloop
  endfacet
  facet normal 0.000000 1.000000 0.000000
    outer loop
      vertex 27.857143 22.127660 0.000000
      vertex 27.857143 22.127660 0.400000
      vertex 31.349206 22.127660 0.400000
    endloop
  endfacet
  facet normal -1.000000 0.000000 0.000000
    outer loop
      vertex 27.857143 21.808511 0.000000
      vertex 27.857143 21.808511 0.400000
      vertex 27.857143 22.127660 0.400000
    endloop
  endfacet
  facet normal -1.000000 0.000000 0.000000
    outer loop
      vertex 27.857143 21.808511 0.000000
      vertex 27.857143 22.127660 0.400000
      vertex 27.857143 22.127660 0.000000
    endloop
  endfacet
  facet normal 1.000000 0.000000 0.000000
    outer loop
      vertex 31.349206 21.808511 0.000000
      vertex 31.349206 22.127660 0.000000
      vertex 31.349206 22.127660 0.400000
    endloop
  endfacet
  facet normal 1.000000 0.000000 0.000000
    outer loop
      vertex 31.349206 21.808511 0.000000
      vertex 31.349206 22.127660 0.400000
      vertex 31.349206 21.808511 0.400000
    endloop
  endfacet
  facet normal 0.000000 0.000000 -1.000000
    outer loop
      vertex 37.380952 21.808511 0.000000
      vertex 43.095238 22.127660 0.000000
      vertex 43.095238 21.808511 0.000000
    endloop
  endfacet
  facet normal 0.000000 0.000000 -1.000000
    outer loop
      vertex 37.380952 21.808511 0.000000
      vertex 37.380952 22.127660 0.000000
      vertex 43.095238 22.127660 0.000000
    endloop
  endfacet
  facet normal 0.000000 0.000000 1.000000
    outer loop
      vertex 37.380952 21.808511 0.400000
      vertex 43.095238 21.808511 0.400000
      vertex 43.095238 22.127660 0.400000
    endloop
  endfacet
  facet normal 0.000000 0.000000 1.000000
    outer loop
      vertex 37.380952 21.808511 0.400000
      vertex 43.095238 22.127660 0.400000
      vertex 37.380952 22.127660 0.400000
    endloop
  endfacet
  facet normal 0.000000 -1.000000 0.000000
    outer loop
      vertex 37.380952 21.808511 0.000000
      vertex 43.095238 21.808511 0.000000
      vertex 43.095238 21.808511 0.400000
    endloop
  endfacet
  facet normal 0.000000 -1.000000 0.000000
    outer loop
      vertex 37.380952 21.808511 0.000000
      vertex 43.095238 21.808511 0.400000
      vertex 37.380952 21.808511 0.400000
    endloop
  endfacet
  facet normal 0.000000 1.000000 0.000000
    outer loop
      vertex 37.380952 22.127660 0.000000
      vertex 43.095238 22.127660 0.400000
      vertex 43.095238 22.127660 0.000000
    endloop
  endfacet
  facet normal 0.000000 1.000000 0.000000
    outer loop
      vertex 37.380952 22.127660 0.000000
      vertex 37.380952 22.127660 0.400000
      vertex 43.095238 22.127660 0.400000
    endloop
  endfacet
  facet normal -1.000000 0.000000 0.000000
    outer loop
      vertex 37.380952 21.808511 0.000000
      vertex 37.380952 21.808511 0.400000
      vertex 37.380952 22.127660 0.400000
    endloop
  endfacet
  facet normal -1.000000 0.000000 0.000000
    outer loop
      vertex 37.380952 21.808511 0.000000
      vertex 37.380952 22.127660 0.400000
      vertex 37.380952 22.127660 0.000000
    endloop
  endfacet
  facet normal 1.000000 0.000000 0.000000
    outer loop
      vertex 43.095238 21.808511 0.000000
      vertex 43.095238 22.127660 0.000000
      vertex 43.095238 22.127660 0.400000
    endloop
  endfacet
  facet normal 1.000000 0.000000 0.000000
    outer loop
      vertex 43.095238 21.808511 0.000000
      vertex 43.095238 22.127660 0.400000
      vertex 43.095238 21.808511 0.400000
    endloop
  endfacet
  facet normal 0.000000 0.000000 -1.000000
    outer loop
      vertex 21.507937 21.170213 0.000000
      vertex 21.825397 21.808511 0.000000
      vertex 21.825397 21.170213 0.000000
    endloop
  endfacet
  facet normal 0.000000 0.000000 -1.000000
    outer loop
      vertex 21.507937 21.170213 0.000000
      vertex 21.507937 21.808511 0.000000
      vertex 21.825397 21.808511 0.000000
    endloop
  endfacet
  facet normal 0.000000 0.000000 1.000000
    outer loop
      vertex 21.507937 21.170213 0.400000
      vertex 21.825397 21.170213 0.400000
      vertex 21.825397 21.808511 0.400000
    endloop
  endfacet
  facet normal 0.000000 0.000000 1.000000
    outer loop
      vertex 21.507937 21.170213 0.400000
      vertex 21.825397 21.808511 0.400000
      vertex 21.507937 21.808511 0.400000
    endloop
  endfacet
  facet normal 0.000000 -1.000000 0.000000
    outer loop
      vertex 21.507937 21.170213 0.000000
      vertex 21.825397 21.170213 0.000000
      vertex 21.825397 21.170213 0.400000
    endloop
  endfacet
  facet normal 0.000000 -1.000000 0.000000
    outer loop
      vertex 21.507937 21.170213 0.000000
      vertex 21.825397 21.170213 0.400000
      vertex 21.507937 21.170213 0.400000
    endloop
  endfacet
  facet normal 0.000000 1.000000 0.000000
    outer loop
      vertex 21.507937 21.808511 0.000000
      vertex 21.825397 21.808511 0.400000
      vertex 21.825397 21.808511 0.000000
    endloop
  endfacet
  facet normal 0.000000 1.000000 0.000000
    outer loop
      vertex 21.507937 21.808511 0.000000
      vertex 21.507937 21.808511 0.400000
      vertex 21.825397 21.808511 0.400000
    endloop
  endfacet
  facet normal -1.000000 0.000000 0.000000
    outer loop
      vertex 21.507937 21.170213 0.000000
      vertex 21.507937 21.170213 0.400000
      vertex 21.507937 21.808511 0.400000
    endloop
  endfacet
  facet normal -1.000000 0.000000 0.000000
    outer loop
      vertex 21.507937 21.170213 0.000000
      vertex 21.507937 21.808511 0.400000
      vertex 21.507937 21.808511 0.000000
    endloop
  endfacet
  facet normal 1.000000 0.000000 0.000000
    outer loop
      vertex 21.825397 21.170213 0.000000
      vertex 21.825397 21.808511 0.000000
      vertex 21.825397 21.808511 0.400000
    endloop
  endfacet
  facet normal 1.000000 0.000000 0.000000
    outer loop
      vertex 21.825397 21.170213 0.000000
      vertex 21.825397 21.808511 0.400000
      vertex 21.825397 21.170213 0.400000
    endloop
  endfacet
  facet normal 0.000000 0.000000 -1.000000
    outer loop
      vertex 28.174603 21.489362 0.000000
      vertex 31.349206 21.808511 0.000000
      vertex 31.349206 21.489362 0.000000
    endloop
  endfacet
  facet normal 0.000000 0.000000 -1.000000
    outer loop
      vertex 28.174603 21.489362 0.000000
      vertex 28.174603 21.808511 0.000000
      vertex 31.349206 21.808511 0.000000
    endloop
  endfacet
  facet normal 0.000000 0.000000 1.000000
    outer loop
      vertex 28.174603 21.489362 0.400000
      vertex 31.349206 21.489362 0.400000
      vertex 31.349206 21.808511 0.400000
    endloop
  endfacet
  facet normal 0.000000 0.000000 1.000000
    outer loop
      vertex 28.174603 21.489362 0.400000
      vertex 31.349206 21.808511 0.400000
      vertex 28.174603 21.808511 0.400000
    endloop
  endfacet
  facet normal 0.000000 -1.000000 0.000000
    outer loop
      vertex 28.174603 21.489362 0.000000
      vertex 31.349206 21.489362 0.000000
      vertex 31.349206 21.489362 0.400000
    endloop
  endfacet
  facet normal 0.000000 -1.000000 0.000000
    outer loop
      vertex 28.174603 21.489362 0.000000
      vertex 31.349206 21.489362 0.400000
      vertex 28.174603 21.489362 0.400000
    endloop
  endfacet
  facet normal 0.000000 1.000000 0.000000
    outer loop
      vertex 28.174603 21.808511 0.000000
      vertex 31.349206 21.808511 0.400000
      vertex 31.349206 21.808511 0.000000
    endloop
  endfacet
  facet normal 0.000000 1.000000 0.000000
    outer loop
      vertex 28.174603 21.808511 0.000000
      vertex 28.174603 21.808511 0.400000
      vertex 31.349206 21.808511 0.400000
    endloop
  endfacet
  facet normal -1.000000 0.000000 0.000000
    outer loop
      vertex 28.174603 21.489362 0.000000
      vertex 28.174603 21.489362 0.400000
      vertex 28.174603 21.808511 0.400000
    endloop
  endfacet
  facet normal -1.000000 0.000000 0.000000
    outer loop
      vertex 28.174603 21.489362 0.000000
      vertex 28.174603 21.808511 0.400000
      vertex 28.174603 21.808511 0.000000
    endloop
  endfacet
  facet normal 1.000000 0.000000 0.000000
    outer loop
      vertex 31.349206 21.489362 0.000000
      vertex 31.349206 21.808511 0.000000
      vertex 31.349206 21.808511 0.400000
    endloop
  endfacet
  facet normal 1.000000 0.000000 0.000000
    outer loop
      vertex 31.349206 21.489362 0.000000
      vertex 31.349206 21.808511 0.400000
      vertex 31.349206 21.489362 0.400000
    endloop
  endfacet
  facet normal 0.000000 0.000000 -1.000000
    outer loop
      vertex 37.698413 21.489362 0.000000
      vertex 43.095238 21.808511 0.000000
      vertex 43.095238 21.489362 0.000000
    endloop
  endfacet
  facet normal 0.000000 0.000000 -1.000000
    outer loop
      vertex 37.698413 21.489362 0.000000
      vertex 37.698413 21.808511 0.000000
      vertex 43.095238 21.808511 0.000000
    endloop
  endfacet
  facet normal 0.000000 0.000000 1.000000
    outer loop
      vertex 37.698413 21.489362 0.400000
      vertex 43.095238 21.489362 0.400000
      vertex 43.095238 21.808511 0.400000
    endloop
  endfacet
  facet normal 0.000000 0.000000 1.000000
    outer loop
      vertex 37.698413 21.489362 0.400000
      vertex 43.095238 21.808511 0.400000
      vertex 37.698413 21.808511 0.400000
    endloop
  endfacet
  facet normal 0.000000 -1.000000 0.000000
    outer loop
      vertex 37.698413 21.489362 0.000000
      vertex 43.095238 21.489362 0.000000
      vertex 43.095238 21.489362 0.400000
    endloop
  endfacet
  facet normal 0.000000 -1.000000 0.000000
    outer loop
      vertex 37.698413 21.489362 0.000000
      vertex 43.095238 21.489362 0.400000
      vertex 37.698413 21.489362 0.400000
    endloop
  endfacet
  facet normal 0.000000 1.000000 0.000000
    outer loop
      vertex 37.698413 21.808511 0.000000
      vertex 43.095238 21.808511 0.400000
      vertex 43.095238 21.808511 0.000000
    endloop
  endfacet
  facet normal 0.000000 1.000000 0.000000
    outer loop
      vertex 37.698413 21.808511 0.000000
      vertex 37.698413 21.808511 0.400000
      vertex 43.095238 21.808511 0.400000
    endloop
  endfacet
  facet normal -1.000000 0.000000 0.000000
    outer loop
      vertex 37.698413 21.489362 0.000000
      vertex 37.698413 21.489362 0.400000
      vertex 37.698413 21.808511 0.400000
    endloop
  endfacet
  facet normal -1.000000 0.000000 0.000000
    outer loop
      vertex 37.698413 21.489362 0.000000
      vertex 37.698413 21.808511 0.400000
      vertex 37.698413 21.808511 0.000000
    endloop
  endfacet
  facet normal 1.000000 0.000000 0.000000
    outer loop
      vertex 43.095238 21.489362 0.000000
      vertex 43.095238 21.808511 0.000000
      vertex 43.095238 21.808511 0.400000
    endloop
  endfacet
  facet normal 1.000000 0.000000 0.000000
    outer loop
      vertex 43.095238 21.489362 0.000000
      vertex 43.095238 21.808511 0.400000
      vertex 43.095238 21.489362 0.400000
    endloop
  endfacet
  facet normal 0.000000 0.000000 -1.000000
    outer loop
      vertex 28.492063 21.170213 0.000000
      vertex 31.349206 21.489362 0.000000
      vertex 31.349206 21.170213 0.000000
    endloop
  endfacet
  facet normal 0.000000 0.000000 -1.000000
    outer loop
      vertex 28.492063 21.170213 0.000000
      vertex 28.492063 21.489362 0.000000
      vertex 31.349206 21.489362 0.000000
    endloop
  endfacet
  facet normal 0.000000 0.000000 1.000000
    outer loop
      vertex 28.492063 21.170213 0.400000
      vertex 31.349206 21.170213 0.400000
      vertex 31.349206 21.489362 0.400000
    endloop
  endfacet
  facet normal 0.000000 0.000000 1.000000
    outer loop
      vertex 28.492063 21.170213 0.400000
      vertex 31.349206 21.489362 0.400000
      vertex 28.492063 21.489362 0.400000
    endloop
  endfacet
  facet normal 0.000000 -1.000000 0.000000
    outer loop
      vertex 28.492063 21.170213 0.000000
      vertex 31.349206 21.170213 0.000000
      vertex 31.349206 21.170213 0.400000
    endloop
  endfacet
  facet normal 0.000000 -1.000000 0.000000
    outer loop
      vertex 28.492063 21.170213 0.000000
      vertex 31.349206 21.170213 0.400000
      vertex 28.492063 21.170213 0.400000
    endloop
  endfacet
  facet normal 0.000000 1.000000 0.000000
    outer loop
      vertex 28.492063 21.489362 0.000000
      vertex 31.349206 21.489362 0.400000
      vertex 31.349206 21.489362 0.000000
    endloop
  endfacet
  facet normal 0.000000 1.000000 0.000000
    outer loop
      vertex 28.492063 21.489362 0.000000
      vertex 28.492063 21.489362 0.400000
      vertex 31.349206 21.489362 0.400000
    endloop
  endfacet
  facet normal -1.000000 0.000000 0.000000
    outer loop
      vertex 28.492063 21.170213 0.000000
      vertex 28.492063 21.170213 0.400000
      vertex 28.492063 21.489362 0.400000
    endloop
  endfacet
  facet normal -1.000000 0.000000 0.000000
    outer loop
      vertex 28.492063 21.170213 0.000000
      vertex 28.492063 21.489362 0.400000
      vertex 28.492063 21.489362 0.000000
    endloop
  endfacet
  facet normal 1.000000 0.000000 0.000000
    outer loop
      vertex 31.349206 21.170213 0.000000
      vertex 31.349206 21.489362 0.000000
      vertex 31.349206 21.489362 0.400000
    endloop
  endfacet
  facet normal 1.000000 0.000000 0.000000
    outer loop
      vertex 31.349206 21.170213 0.000000
      vertex 31.349206 21.489362 0.400000
      vertex 31.349206 21.170213 0.400000
    endloop
  endfacet
  facet normal 0.000000 0.000000 -1.000000
    outer loop
      vertex 38.015873 20.851064 0.000000
      vertex 43.095238 21.489362 0.000000
      vertex 43.095238 20.851064 0.000000
    endloop
  endfacet
  facet normal 0.000000 0.000000 -1.000000
    outer loop
      vertex 38.015873 20.851064 0.000000
      vertex 38.015873 21.489362 0.000000
      vertex 43.095238 21.489362 0.000000
    endloop
  endfacet
  facet normal 0.000000 0.000000 1.000000
    outer loop
      vertex 38.015873 20.851064 0.400000
      vertex 43.095238 20.851064 0.400000
      vertex 43.095238 21.489362 0.400000
    endloop
  endfacet
  facet normal 0.000000 0.000000 1.000000
    outer loop
      vertex 38.015873 20.851064 0.400000
      vertex 43.095238 21.489362 0.400000
      vertex 38.015873 21.489362 0.400000
    endloop
  endfacet
  facet normal 0.000000 -1.000000 0.000000
    outer loop
      vertex 38.015873 20.851064 0.000000
      vertex 43.095238 20.851064 0.000000
      vertex 43.095238 20.851064 0.400000
    endloop
  endfacet
  facet normal 0.000000 -1.000000 0.000000
    outer loop
      vertex 38.015873 20.851064 0.000000
      vertex 43.095238 20.851064 0.400000
      vertex 38.015873 20.851064 0.400000
    endloop
  endfacet
  facet normal 0.000000 1.000000 0.000000
    outer loop
      vertex 38.015873 21.489362 0.000000
      vertex 43.095238 21.489362 0.400000
      vertex 43.095238 21.489362 0.000000
    endloop
  endfacet
  facet normal 0.000000 1.000000 0.000000
    outer loop
      vertex 38.015873 21.489362 0.000000
      vertex 38.015873 21.489362 0.400000
      vertex 43.095238 21.489362 0.400000
    endloop
  endfacet
  facet normal -1.000000 0.000000 0.000000
    outer loop
      vertex 38.015873 20.851064 0.000000
      vertex 38.015873 20.851064 0.400000
      vertex 38.015873 21.489362 0.400000
    endloop
  endfacet
  facet normal -1.000000 0.000000 0.000000
    outer loop
      vertex 38.015873 20.851064 0.000000
      vertex 38.015873 21.489362 0.400000
      vertex 38.015873 21.489362 0.000000
    endloop
  endfacet
  facet normal 1.000000 0.000000 0.000000
    outer loop
      vertex 43.095238 20.851064 0.000000
      vertex 43.095238 21.489362 0.000000
      vertex 43.095238 21.489362 0.400000
    endloop
  endfacet
  facet normal 1.000000 0.000000 0.000000
    outer loop
      vertex 43.095238 20.851064 0.000000
      vertex 43.095238 21.489362 0.400000
      vertex 43.095238 20.851064 0.400000
    endloop
  endfacet
  facet normal 0.000000 0.000000 -1.000000
    outer loop
      vertex 24.365079 14.148936 0.000000
      vertex 25.634921 21.170213 0.000000
      vertex 25.634921 14.148936 0.000000
    endloop
  endfacet
  facet normal 0.000000 0.000000 -1.000000
    outer loop
      vertex 24.365079 14.148936 0.000000
      vertex 24.365079 21.170213 0.000000
      vertex 25.634921 21.170213 0.000000
    endloop
  endfacet
  facet normal 0.000000 0.000000 1.000000
    outer loop
      vertex 24.365079 14.148936 0.400000
      vertex 25.634921 14.148936 0.400000
      vertex 25.634921 21.170213 0.400000
    endloop
  endfacet
  facet normal 0.000000 0.000000 1.000000
    outer loop
      vertex 24.365079 14.148936 0.400000
      vertex 25.634921 21.170213 0.400000
      vertex 24.365079 21.170213 0.400000
    endloop
  endfacet
  facet normal 0.000000 -1.000000 0.000000
    outer loop
      vertex 24.365079 14.148936 0.000000
      vertex 25.634921 14.148936 0.000000
      vertex 25.634921 14.148936 0.400000
    endloop
  endfacet
  facet normal 0.000000 -1.000000 0.000000
    outer loop
      vertex 24.365079 14.148936 0.000000
      vertex 25.634921 14.148936 0.400000
      vertex 24.365079 14.148936 0.400000
    endloop
  endfacet
  facet normal 0.000000 1.000000 0.000000
    outer loop
      vertex 24.365079 21.170213 0.000000
      vertex 25.634921 21.170213 0.400000
      vertex 25.634921 21.170213 0.000000
    endloop
  endfacet
  facet normal 0.000000 1.000000 0.000000
    outer loop
      vertex 24.365079 21.170213 0.000000
      vertex 24.365079 21.170213 0.400000
      vertex 25.634921 21.170213 0.400000
    endloop
  endfacet
  facet normal -1.000000 0.000000 0.000000
    outer loop
      vertex 24.365079 14.148936 0.000000
      vertex 24.365079 14.148936 0.400000
      vertex 24.365079 21.170213 0.400000
    endloop
  endfacet
  facet normal -1.000000 0.000000 0.000000
    outer loop
      vertex 24.365079 14.148936 0.000000
      vertex 24.365079 21.170213 0.400000
      vertex 24.365079 21.170213 0.000000
    endloop
  endfacet
  facet normal 1.000000 0.000000 0.000000
    outer loop
      vertex 25.634921 14.148936 0.000000
      vertex 25.634921 21.170213 0.000000
      vertex 25.634921 21.170213 0.400000
    endloop
  endfacet
  facet normal 1.000000 0.000000 0.000000
    outer loop
      vertex 25.634921 14.148936 0.000000
      vertex 25.634921 21.170213 0.400000
      vertex 25.634921 14.148936 0.400000
    endloop
  endfacet
  facet normal 0.000000 0.000000 -1.000000
    outer loop
      vertex 28.809524 20.212766 0.000000
      vertex 31.349206 21.170213 0.000000
      vertex 31.349206 20.212766 0.000000
    endloop
  endfacet
  facet normal 0.000000 0.000000 -1.000000
    outer loop
      vertex 28.809524 20.212766 0.000000
      vertex 28.809524 21.170213 0.000000
      vertex 31.349206 21.170213 0.000000
    endloop
  endfacet
  facet normal 0.000000 0.000000 1.000000
    outer loop
      vertex 28.809524 20.212766 0.400000
      vertex 31.349206 20.212766 0.400000
      vertex 31.349206 21.170213 0.400000
    endloop
  endfacet
  facet normal 0.000000 0.000000 1.000000
    outer loop
      vertex 28.809524 20.212766 0.400000
      vertex 31.349206 21.170213 0.400000
      vertex 28.809524 21.170213 0.400000
    endloop
  endfacet
  facet normal 0.000000 -1.000000 0.000000
    outer loop
      vertex 28.809524 20.212766 0.000000
      vertex 31.349206 20.212766 0.000000
      vertex 31.349206 20.212766 0.400000
    endloop
  endfacet
  facet normal 0.000000 -1.000000 0.000000
    outer loop
      vertex 28.809524 20.212766 0.000000
      vertex 31.349206 20.212766 0.400000
      vertex 28.809524 20.212766 0.400000
    endloop
  endfacet
  facet normal 0.000000 1.000000 0.000000
    outer loop
      vertex 28.809524 21.170213 0.000000
      vertex 31.349206 21.170213 0.400000
      vertex 31.349206 21.170213 0.000000
    endloop
  endfacet
  facet normal 0.000000 1.000000 0.000000
    outer loop
      vertex 28.809524 21.170213 0.000000
      vertex 28.809524 21.170213 0.400000
      vertex 31.349206 21.170213 0.400000
    endloop
  endfacet
  facet normal -1.000000 0.000000 0.000000
    outer loop
      vertex 28.809524 20.212766 0.000000
      vertex 28.809524 20.212766 0.400000
      vertex 28.809524 21.170213 0.400000
    endloop
  endfacet
  facet normal -1.000000 0.000000 0.000000
    outer loop
      vertex 28.809524 20.212766 0.000000
      vertex 28.809524 21.170213 0.400000
      vertex 28.809524 21.170213 0.000000
    endloop
  endfacet
  facet normal 1.000000 0.000000 0.000000
    outer loop
      vertex 31.349206 20.212766 0.000000
      vertex 31.349206 21.170213 0.000000
      vertex 31.349206 21.170213 0.400000
    endloop
  endfacet
  facet normal 1.000000 0.000000 0.000000
    outer loop
      vertex 31.349206 20.212766 0.000000
      vertex 31.349206 21.170213 0.400000
      vertex 31.349206 20.212766 0.400000
    endloop
  endfacet
  facet normal 0.000000 0.000000 -1.000000
    outer loop
      vertex 32.619048 19.255319 0.000000
      vertex 34.841270 21.170213 0.000000
      vertex 34.841270 19.255319 0.000000
    endloop
  endfacet
  facet normal 0.000000 0.000000 -1.000000
    outer loop
      vertex 32.619048 19.255319 0.000000
      vertex 32.619048 21.170213 0.000000
      vertex 34.841270 21.170213 0.000000
    endloop
  endfacet
  facet normal 0.000000 0.000000 1.000000
    outer loop
      vertex 32.619048 19.255319 0.400000
      vertex 34.841270 19.255319 0.400000
      vertex 34.841270 21.170213 0.400000
    endloop
  endfacet
  facet normal 0.000000 0.000000 1.000000
    outer loop
      vertex 32.619048 19.255319 0.400000
      vertex 34.841270 21.170213 0.400000
      vertex 32.619048 21.170213 0.400000
    endloop
  endfacet
  facet normal 0.000000 -1.000000 0.000000
    outer loop
      vertex 32.619048 19.255319 0.000000
      vertex 34.841270 19.255319 0.000000
      vertex 34.841270 19.255319 0.400000
    endloop
  endfacet
  facet normal 0.000000 -1.000000 0.000000
    outer loop
      vertex 32.619048 19.255319 0.000000
      vertex 34.841270 19.255319 0.400000
      vertex 32.619048 19.255319 0.400000
    endloop
  endfacet
  facet normal 0.000000 1.000000 0.000000
    outer loop
      vertex 32.619048 21.170213 0.000000
      vertex 34.841270 21.170213 0.400000
      vertex 34.841270 21.170213 0.000000
    endloop
  endfacet
  facet normal 0.000000 1.000000 0.000000
    outer loop
      vertex 32.619048 21.170213 0.000000
      vertex 32.619048 21.170213 0.400000
      vertex 34.841270 21.170213 0.400000
    endloop
  endfacet
  facet normal -1.000000 0.000000 0.000000
    outer loop
      vertex 32.619048 19.255319 0.000000
      vertex 32.619048 19.255319 0.400000
      vertex 32.619048 21.170213 0.400000
    endloop
  endfacet
  facet normal -1.000000 0.000000 0.000000
    outer loop
      vertex 32.619048 19.255319 0.000000
      vertex 32.619048 21.170213 0.400000
      vertex 32.619048 21.170213 0.000000
    endloop
  endfacet
  facet normal 1.000000 0.000000 0.000000
    outer loop
      vertex 34.841270 19.255319 0.000000
      vertex 34.841270 21.170213 0.000000
      vertex 34.841270 21.170213 0.400000
    endloop
  endfacet
  facet normal 1.000000 0.000000 0.000000
    outer loop
      vertex 34.841270 19.255319 0.000000
      vertex 34.841270 21.170213 0.400000
      vertex 34.841270 19.255319 0.400000
    endloop
  endfacet
  facet normal 0.000000 0.000000 -1.000000
    outer loop
      vertex 24.047619 14.468085 0.000000
      vertex 24.365079 20.851064 0.000000
      vertex 24.365079 14.468085 0.000000
    endloop
  endfacet
  facet normal 0.000000 0.000000 -1.000000
    outer loop
      vertex 24.047619 14.468085 0.000000
      vertex 24.047619 20.851064 0.000000
      vertex 24.365079 20.851064 0.000000
    endloop
  endfacet
  facet normal 0.000000 0.000000 1.000000
    outer loop
      vertex 24.047619 14.468085 0.400000
      vertex 24.365079 14.468085 0.400000
      vertex 24.365079 20.851064 0.400000
    endloop
  endfacet
  facet normal 0.000000 0.000000 1.000000
    outer loop
      vertex 24.047619 14.468085 0.400000
      vertex 24.365079 20.851064 0.400000
      vertex 24.047619 20.851064 0.400000
    endloop
  endfacet
  facet normal 0.000000 -1.000000 0.000000
    outer loop
      vertex 24.047619 14.468085 0.000000
      vertex 24.365079 14.468085 0.000000
      vertex 24.365079 14.468085 0.400000
    endloop
  endfacet
  facet normal 0.000000 -1.000000 0.000000
    outer loop
      vertex 24.047619 14.468085 0.000000
      vertex 24.365079 14.468085 0.400000
      vertex 24.047619 14.468085 0.400000
    endloop
  endfacet
  facet normal 0.000000 1.000000 0.000000
    outer loop
      vertex 24.047619 20.851064 0.000000
      vertex 24.365079 20.851064 0.400000
      vertex 24.365079 20.851064 0.000000
    endloop
  endfacet
  facet normal 0.000000 1.000000 0.000000
    outer loop
      vertex 24.047619 20.851064 0.000000
      vertex 24.047619 20.851064 0.400000
      vertex 24.365079 20.851064 0.400000
    endloop
  endfacet
  facet normal -1.000000 0.000000 0.000000
    outer loop
      vertex 24.047619 14.468085 0.000000
      vertex 24.047619 14.468085 0.400000
      vertex 24.047619 20.851064 0.400000
    endloop
  endfacet
  facet normal -1.000000 0.000000 0.000000
    outer loop
      vertex 24.047619 14.468085 0.000000
      vertex 24.047619 20.851064 0.400000
      vertex 24.047619 20.851064 0.000000
    endloop
  endfacet
  facet normal 1.000000 0.000000 0.000000
    outer loop
      vertex 24.365079 14.468085 0.000000
      vertex 24.365079 20.851064 0.000000
      vertex 24.365079 20.851064 0.400000
    endloop
  endfacet
  facet normal 1.000000 0.000000 0.000000
    outer loop
      vertex 24.365079 14.468085 0.000000
      vertex 24.365079 20.851064 0.400000
      vertex 24.365079 14.468085 0.400000
    endloop
  endfacet
  facet normal 0.000000 0.000000 -1.000000
    outer loop
      vertex 25.634921 14.468085 0.000000
      vertex 26.269841 20.851064 0.000000
      vertex 26.269841 14.468085 0.000000
    endloop
  endfacet
  facet normal 0.000000 0.000000 -1.000000
    outer loop
      vertex 25.634921 14.468085 0.000000
      vertex 25.634921 20.851064 0.000000
      vertex 26.269841 20.851064 0.000000
    endloop
  endfacet
  facet normal 0.000000 0.000000 1.000000
    outer loop
      vertex 25.634921 14.468085 0.400000
      vertex 26.269841 14.468085 0.400000
      vertex 26.269841 20.851064 0.400000
    endloop
  endfacet
  facet normal 0.000000 0.000000 1.000000
    outer loop
      vertex 25.634921 14.468085 0.400000
      vertex 26.269841 20.851064 0.400000
      vertex 25.634921 20.851064 0.400000
    endloop
  endfacet
  facet normal 0.000000 -1.000000 0.000000
    outer loop
      vertex 25.634921 14.468085 0.000000
      vertex 26.269841 14.468085 0.000000
      vertex 26.269841 14.468085 0.400000
    endloop
  endfacet
  facet normal 0.000000 -1.000000 0.000000
    outer loop
      vertex 25.634921 14.468085 0.000000
      vertex 26.269841 14.468085 0.400000
      vertex 25.634921 14.468085 0.400000
    endloop
  endfacet
  facet normal 0.000000 1.000000 0.000000
    outer loop
      vertex 25.634921 20.851064 0.000000
      vertex 26.269841 20.851064 0.400000
      vertex 26.269841 20.851064 0.000000
    endloop
  endfacet
  facet normal 0.000000 1.000000 0.000000
    outer loop
      vertex 25.634921 20.851064 0.000000
      vertex 25.634921 20.851064 0.400000
      vertex 26.269841 20.851064 0.400000
    endloop
  endfacet
  facet normal -1.000000 0.000000 0.000000
    outer loop
      vertex 25.634921 14.468085 0.000000
      vertex 25.634921 14.468085 0.400000
      vertex 25.634921 20.851064 0.400000
    endloop
  endfacet
  facet normal -1.000000 0.000000 0.000000
    outer loop
      vertex 25.634921 14.468085 0.000000
      vertex 25.634921 20.851064 0.400000
      vertex 25.634921 20.851064 0.000000
    endloop
  endfacet
  facet normal 1.000000 0.000000 0.000000
    outer loop
      vertex 26.269841 14.468085 0.000000
      vertex 26.269841 20.851064 0.000000
      vertex 26.269841 20.851064 0.400000
    endloop
  endfacet
  facet normal 1.000000 0.000000 0.000000
    outer loop
      vertex 26.269841 14.468085 0.000000
      vertex 26.269841 20.851064 0.400000
      vertex 26.269841 14.468085 0.400000
    endloop
  endfacet
  facet normal 0.000000 0.000000 -1.000000
    outer loop
      vertex 31.666667 18.936170 0.000000
      vertex 32.619048 20.851064 0.000000
      vertex 32.619048 18.936170 0.000000
    endloop
  endfacet
  facet normal 0.000000 0.000000 -1.000000
    outer loop
      vertex 31.666667 18.936170 0.000000
      vertex 31.666667 20.851064 0.000000
      vertex 32.619048 20.851064 0.000000
    endloop
  endfacet
  facet normal 0.000000 0.000000 1.000000
    outer loop
      vertex 31.666667 18.936170 0.400000
      vertex 32.619048 18.936170 0.400000
      vertex 32.619048 20.851064 0.400000
    endloop
  endfacet
  facet normal 0.000000 0.000000 1.000000
    outer loop
      vertex 31.666667 18.936170 0.400000
      vertex 32.619048 20.851064 0.400000
      vertex 31.666667 20.851064 0.400000
    endloop
  endfacet
  facet normal 0.000000 -1.000000 0.000000
    outer loop
      vertex 31.666667 18.936170 0.000000
      vertex 32.619048 18.936170 0.000000
      vertex 32.619048 18.936170 0.400000
    endloop
  endfacet
  facet normal 0.000000 -1.000000 0.000000
    outer loop
      vertex 31.666667 18.936170 0.000000
      vertex 32.619048 18.936170 0.400000
      vertex 31.666667 18.936170 0.400000
    endloop
  endfacet
  facet normal 0.000000 1.000000 0.000000
    outer loop
      vertex 31.666667 20.851064 0.000000
      vertex 32.619048 20.851064 0.400000
      vertex 32.619048 20.851064 0.000000
    endloop
  endfacet
  facet normal 0.000000 1.000000 0.000000
    outer loop
      vertex 31.666667 20.851064 0.000000
      vertex 31.666667 20.851064 0.400000
      vertex 32.619048 20.851064 0.400000
    endloop
  endfacet
  facet normal -1.000000 0.000000 0.000000
    outer loop
      vertex 31.666667 18.936170 0.000000
      vertex 31.666667 18.936170 0.400000
      vertex 31.666667 20.851064 0.400000
    endloop
  endfacet
  facet normal -1.000000 0.000000 0.000000
    outer loop
      vertex 31.666667 18.936170 0.000000
      vertex 31.666667 20.851064 0.400000
      vertex 31.666667 20.851064 0.000000
    endloop
  endfacet
  facet normal 1.000000 0.000000 0.000000
    outer loop
      vertex 32.619048 18.936170 0.000000
      vertex 32.619048 20.851064 0.000000
      vertex 32.619048 20.851064 0.400000
    endloop
  endfacet
  facet normal 1.000000 0.000000 0.000000
    outer loop
      vertex 32.619048 18.936170 0.000000
      vertex 32.619048 20.851064 0.400000
      vertex 32.619048 18.936170 0.400000
    endloop
  endfacet
  facet normal 0.000000 0.000000 -1.000000
    outer loop
      vertex 34.841270 19.255319 0.000000
      vertex 35.476190 20.851064 0.000000
      vertex 35.476190 19.255319 0.000000
    endloop
  endfacet
  facet normal 0.000000 0.000000 -1.000000
    outer loop
      vertex 34.841270 19.255319 0.000000
      vertex 34.841270 20.851064 0.000000
      vertex 35.476190 20.851064 0.000000
    endloop
  endfacet
  facet normal 0.000000 0.000000 1.000000
    outer loop
      vertex 34.841270 19.255319 0.400000
      vertex 35.476190 19.255319 0.400000
      vertex 35.476190 20.851064 0.400000
    endloop
  endfacet
  facet normal 0.000000 0.000000 1.000000
    outer loop
      vertex 34.841270 19.255319 0.400000
      vertex 35.476190 20.851064 0.400000
      vertex 34.841270 20.851064 0.400000
    endloop
  endfacet
  facet normal 0.000000 -1.000000 0.000000
    outer loop
      vertex 34.841270 19.255319 0.000000
      vertex 35.476190 19.255319 0.000000
      vertex 35.476190 19.255319 0.400000
    endloop
  endfacet
  facet normal 0.000000 -1.000000 0.000000
    outer loop
      vertex 34.841270 19.255319 0.000000
      vertex 35.476190 19.255319 0.400000
      vertex 34.841270 19.255319 0.400000
    endloop
  endfacet
  facet normal 0.000000 1.000000 0.000000
    outer loop
      vertex 34.841270 20.851064 0.000000
      vertex 35.476190 20.851064 0.400000
      vertex 35.476190 20.851064 0.000000
    endloop
  endfacet
  facet normal 0.000000 1.000000 0.000000
    outer loop
      vertex 34.841270 20.851064 0.000000
      vertex 34.841270 20.851064 0.400000
      vertex 35.476190 20.851064 0.400000
    endloop
  endfacet
  facet normal -1.000000 0.000000 0.000000
    outer loop
      vertex 34.841270 19.255319 0.000000
      vertex 34.841270 19.255319 0.400000
      vertex 34.841270 20.851064 0.400000
    endloop
  endfacet
  facet normal -1.000000 0.000000 0.000000
    outer loop
      vertex 34.841270 19.255319 0.000000
      vertex 34.841270 20.851064 0.400000
      vertex 34.841270 20.851064 0.000000
    endloop
  endfacet
  facet normal 1.000000 0.000000 0.000000
    outer loop
      vertex 35.476190 19.255319 0.000000
      vertex 35.476190 20.851064 0.000000
      vertex 35.476190 20.851064 0.400000
    endloop
  endfacet
  facet normal 1.000000 0.000000 0.000000
    outer loop
      vertex 35.476190 19.255319 0.000000
      vertex 35.476190 20.851064 0.400000
      vertex 35.476190 19.255319 0.400000
    endloop
  endfacet
  facet normal 0.000000 0.000000 -1.000000
    outer loop
      vertex 38.333333 20.531915 0.000000
      vertex 43.095238 20.851064 0.000000
      vertex 43.095238 20.531915 0.000000
    endloop
  endfacet
  facet normal 0.000000 0.000000 -1.000000
    outer loop
      vertex 38.333333 20.531915 0.000000
      vertex 38.333333 20.851064 0.000000
      vertex 43.095238 20.851064 0.000000
    endloop
  endfacet
  facet normal 0.000000 0.000000 1.000000
    outer loop
      vertex 38.333333 20.531915 0.400000
      vertex 43.095238 20.531915 0.400000
      vertex 43.095238 20.851064 0.400000
    endloop
  endfacet
  facet normal 0.000000 0.000000 1.000000
    outer loop
      vertex 38.333333 20.531915 0.400000
      vertex 43.095238 20.851064 0.400000
      vertex 38.333333 20.851064 0.400000
    endloop
  endfacet
  facet normal 0.000000 -1.000000 0.000000
    outer loop
      vertex 38.333333 20.531915 0.000000
      vertex 43.095238 20.531915 0.000000
      vertex 43.095238 20.531915 0.400000
    endloop
  endfacet
  facet normal 0.000000 -1.000000 0.000000
    outer loop
      vertex 38.333333 20.531915 0.000000
      vertex 43.095238 20.531915 0.400000
      vertex 38.333333 20.531915 0.400000
    endloop
  endfacet
  facet normal 0.000000 1.000000 0.000000
    outer loop
      vertex 38.333333 20.851064 0.000000
      vertex 43.095238 20.851064 0.400000
      vertex 43.095238 20.851064 0.000000
    endloop
  endfacet
  facet normal 0.000000 1.000000 0.000000
    outer loop
      vertex 38.333333 20.851064 0.000000
      vertex 38.333333 20.851064 0.400000
      vertex 43.095238 20.851064 0.400000
    endloop
  endfacet
  facet normal -1.000000 0.000000 0.000000
    outer loop
      vertex 38.333333 20.531915 0.000000
      vertex 38.333333 20.531915 0.400000
      vertex 38.333333 20.851064 0.400000
    endloop
  endfacet
  facet normal -1.000000 0.000000 0.000000
    outer loop
      vertex 38.333333 20.531915 0.000000
      vertex 38.333333 20.851064 0.400000
      vertex 38.333333 20.851064 0.000000
    endloop
  endfacet
  facet normal 1.000000 0.000000 0.000000
    outer loop
      vertex 43.095238 20.531915 0.000000
      vertex 43.095238 20.851064 0.000000
      vertex 43.095238 20.851064 0.400000
    endloop
  endfacet
  facet normal 1.000000 0.000000 0.000000
    outer loop
      vertex 43.095238 20.531915 0.000000
      vertex 43.095238 20.851064 0.400000
      vertex 43.095238 20.531915 0.400000
    endloop
  endfacet
  facet normal 0.000000 0.000000 -1.000000
    outer loop
      vertex 12.301587 20.212766 0.000000
      vertex 13.888889 20.531915 0.000000
      vertex 13.888889 20.212766 0.000000
    endloop
  endfacet
  facet normal 0.000000 0.000000 -1.000000
    outer loop
      vertex 12.301587 20.212766 0.000000
      vertex 12.301587 20.531915 0.000000
      vertex 13.888889 20.531915 0.000000
    endloop
  endfacet
  facet normal 0.000000 0.000000 1.000000
    outer loop
      vertex 12.301587 20.212766 0.400000
      vertex 13.888889 20.212766 0.400000
      vertex 13.888889 20.531915 0.400000
    endloop
  endfacet
  facet normal 0.000000 0.000000 1.000000
    outer loop
      vertex 12.301587 20.212766 0.400000
      vertex 13.888889 20.531915 0.400000
      vertex 12.301587 20.531915 0.400000
    endloop
  endfacet
  facet normal 0.000000 -1.000000 0.000000
    outer loop
      vertex 12.301587 20.212766 0.000000
      vertex 13.888889 20.212766 0.000000
      vertex 13.888889 20.212766 0.400000
    endloop
  endfacet
  facet normal 0.000000 -1.000000 0.000000
    outer loop
      vertex 12.301587 20.212766 0.000000
      vertex 13.888889 20.212766 0.400000
      vertex 12.301587 20.212766 0.400000
    endloop
  endfacet
  facet normal 0.000000 1.000000 0.000000
    outer loop
      vertex 12.301587 20.531915 0.000000
      vertex 13.888889 20.531915 0.400000
      vertex 13.888889 20.531915 0.000000
    endloop
  endfacet
  facet normal 0.000000 1.000000 0.000000
    outer loop
      vertex 12.301587 20.531915 0.000000
      vertex 12.301587 20.531915 0.400000
      vertex 13.888889 20.531915 0.400000
    endloop
  endfacet
  facet normal -1.000000 0.000000 0.000000
    outer loop
      vertex 12.301587 20.212766 0.000000
      vertex 12.301587 20.212766 0.400000
      vertex 12.301587 20.531915 0.400000
    endloop
  endfacet
  facet normal -1.000000 0.000000 0.000000
    outer loop
      vertex 12.301587 20.212766 0.000000
      vertex 12.301587 20.531915 0.400000
      vertex 12.301587 20.531915 0.000000
    endloop
  endfacet
  facet normal 1.000000 0.000000 0.000000
    outer loop
      vertex 13.888889 20.212766 0.000000
      vertex 13.888889 20.531915 0.000000
      vertex 13.888889 20.531915 0.400000
    endloop
  endfacet
  facet normal 1.000000 0.000000 0.000000
    outer loop
      vertex 13.888889 20.212766 0.000000
      vertex 13.888889 20.531915 0.400000
      vertex 13.888889 20.212766 0.400000
    endloop
  endfacet
  facet normal 0.000000 0.000000 -1.000000
    outer loop
      vertex 17.380952 20.212766 0.000000
      vertex 21.190476 20.531915 0.000000
      vertex 21.190476 20.212766 0.000000
    endloop
  endfacet
  facet normal 0.000000 0.000000 -1.000000
    outer loop
      vertex 17.380952 20.212766 0.000000
      vertex 17.380952 20.531915 0.000000
      vertex 21.190476 20.531915 0.000000
    endloop
  endfacet
  facet normal 0.000000 0.000000 1.000000
    outer loop
      vertex 17.380952 20.212766 0.400000
      vertex 21.190476 20.212766 0.400000
      vertex 21.190476 20.531915 0.400000
    endloop
  endfacet
  facet normal 0.000000 0.000000 1.000000
    outer loop
      vertex 17.380952 20.212766 0.400000
      vertex 21.190476 20.531915 0.400000
      vertex 17.380952 20.531915 0.400000
    endloop
  endfacet
  facet normal 0.000000 -1.000000 0.000000
    outer loop
      vertex 17.380952 20.212766 0.000000
      vertex 21.190476 20.212766 0.000000
      vertex 21.190476 20.212766 0.400000
    endloop
  endfacet
  facet normal 0.000000 -1.000000 0.000000
    outer loop
      vertex 17.380952 20.212766 0.000000
      vertex 21.190476 20.212766 0.400000
      vertex 17.380952 20.212766 0.400000
    endloop
  endfacet
  facet normal 0.000000 1.000000 0.000000
    outer loop
      vertex 17.380952 20.531915 0.000000
      vertex 21.190476 20.531915 0.400000
      vertex 21.190476 20.531915 0.000000
    endloop
  endfacet
  facet normal 0.000000 1.000000 0.000000
    outer loop
      vertex 17.380952 20.531915 0.000000
      vertex 17.380952 20.531915 0.400000
      vertex 21.190476 20.531915 0.400000
    endloop
  endfacet
  facet normal -1.000000 0.000000 0.000000
    outer loop
      vertex 17.380952 20.212766 0.000000
      vertex 17.380952 20.212766 0.400000
      vertex 17.380952 20.531915 0.400000
    endloop
  endfacet
  facet normal -1.000000 0.000000 0.000000
    outer loop
      vertex 17.380952 20.212766 0.000000
      vertex 17.380952 20.531915 0.400000
      vertex 17.380952 20.531915 0.000000
    endloop
  endfacet
  facet normal 1.000000 0.000000 0.000000
    outer loop
      vertex 21.190476 20.212766 0.000000
      vertex 21.190476 20.531915 0.000000
      vertex 21.190476 20.531915 0.400000
    endloop
  endfacet
  facet normal 1.000000 0.000000 0.000000
    outer loop
      vertex 21.190476 20.212766 0.000000
      vertex 21.190476 20.531915 0.400000
      vertex 21.190476 20.212766 0.400000
    endloop
  endfacet
  facet normal 0.000000 0.000000 -1.000000
    outer loop
      vertex 23.730159 14.787234 0.000000
      vertex 24.047619 20.531915 0.000000
      vertex 24.047619 14.787234 0.000000
    endloop
  endfacet
  facet normal 0.000000 0.000000 -1.000000
    outer loop
      vertex 23.730159 14.787234 0.000000
      vertex 23.730159 20.531915 0.000000
      vertex 24.047619 20.531915 0.000000
    endloop
  endfacet
  facet normal 0.000000 0.000000 1.000000
    outer loop
      vertex 23.730159 14.787234 0.400000
      vertex 24.047619 14.787234 0.400000
      vertex 24.047619 20.531915 0.400000
    endloop
  endfacet
  facet normal 0.000000 0.000000 1.000000
    outer loop
      vertex 23.730159 14.787234 0.400000
      vertex 24.047619 20.531915 0.400000
      vertex 23.730159 20.531915 0.400000
    endloop
  endfacet
  facet normal 0.000000 -1.000000 0.000000
    outer loop
      vertex 23.730159 14.787234 0.000000
      vertex 24.047619 14.787234 0.000000
      vertex 24.047619 14.787234 0.400000
    endloop
  endfacet
  facet normal 0.000000 -1.000000 0.000000
    outer loop
      vertex 23.730159 14.787234 0.000000
      vertex 24.047619 14.787234 0.400000
      vertex 23.730159 14.787234 0.400000
    endloop
  endfacet
  facet normal 0.000000 1.000000 0.000000
    outer loop
      vertex 23.730159 20.531915 0.000000
      vertex 24.047619 20.531915 0.400000
      vertex 24.047619 20.531915 0.000000
    endloop
  endfacet
  facet normal 0.000000 1.000000 0.000000
    outer loop
      vertex 23.730159 20.531915 0.000000
      vertex 23.730159 20.531915 0.400000
      vertex 24.047619 20.531915 0.400000
    endloop
  endfacet
  facet normal -1.000000 0.000000 0.000000
    outer loop
      vertex 23.730159 14.787234 0.000000
      vertex 23.730159 14.787234 0.400000
      vertex 23.730159 20.531915 0.400000
    endloop
  endfacet
  facet normal -1.000000 0.000000 0.000000
    outer loop
      vertex 23.730159 14.787234 0.000000
      vertex 23.730159 20.531915 0.400000
      vertex 23.730159 20.531915 0.000000
    endloop
  endfacet
  facet normal 1.000000 0.000000 0.000000
    outer loop
      vertex 24.047619 14.787234 0.000000
      vertex 24.047619 20.531915 0.000000
      vertex 24.047619 20.531915 0.400000
    endloop
  endfacet
  facet normal 1.000000 0.000000 0.000000
    outer loop
      vertex 24.047619 14.787234 0.000000
      vertex 24.047619 20.531915 0.400000
      vertex 24.047619 14.787234 0.400000
    endloop
  endfacet
  facet normal 0.000000 0.000000 -1.000000
    outer loop
      vertex 31.349206 17.978723 0.000000
      vertex 31.666667 20.531915 0.000000
      vertex 31.666667 17.978723 0.000000
    endloop
  endfacet
  facet normal 0.000000 0.000000 -1.000000
    outer loop
      vertex 31.349206 17.978723 0.000000
      vertex 31.349206 20.531915 0.000000
      vertex 31.666667 20.531915 0.000000
    endloop
  endfacet
  facet normal 0.000000 0.000000 1.000000
    outer loop
      vertex 31.349206 17.978723 0.400000
      vertex 31.666667 17.978723 0.400000
      vertex 31.666667 20.531915 0.400000
    endloop
  endfacet
  facet normal 0.000000 0.000000 1.000000
    outer loop
      vertex 31.349206 17.978723 0.400000
      vertex 31.666667 20.531915 0.400000
      vertex 31.349206 20.531915 0.400000
    endloop
  endfacet
  facet normal 0.000000 -1.000000 0.000000
    outer loop
      vertex 31.349206 17.978723 0.000000
      vertex 31.666667 17.978723 0.000000
      vertex 31.666667 17.978723 0.400000
    endloop
  endfacet
  facet normal 0.000000 -1.000000 0.000000
    outer loop
      vertex 31.349206 17.978723 0.000000
      vertex 31.666667 17.978723 0.400000
      vertex 31.349206 17.978723 0.400000
    endloop
  endfacet
  facet normal 0.000000 1.000000 0.000000
    outer loop
      vertex 31.349206 20.531915 0.000000
      vertex 31.666667 20.531915 0.400000
      vertex 31.666667 20.531915 0.000000
    endloop
  endfacet
  facet normal 0.000000 1.000000 0.000000
    outer loop
      vertex 31.349206 20.531915 0.000000
      vertex 31.349206 20.531915 0.400000
      vertex 31.666667 20.531915 0.400000
    endloop
  endfacet
  facet normal -1.000000 0.000000 0.000000
    outer loop
      vertex 31.349206 17.978723 0.000000
      vertex 31.349206 17.978723 0.400000
      vertex 31.349206 20.531915 0.400000
    endloop
  endfacet
  facet normal -1.000000 0.000000 0.000000
    outer loop
      vertex 31.349206 17.978723 0.000000
      vertex 31.349206 20.531915 0.400000
      vertex 31.349206 20.531915 0.000000
    endloop
  endfacet
  facet normal 1.000000 0.000000 0.000000
    outer loop
      vertex 31.666667 17.978723 0.000000
      vertex 31.666667 20.531915 0.000000
      vertex 31.666667 20.531915 0.400000
    endloop
  endfacet
  facet normal 1.000000 0.000000 0.000000
    outer loop
      vertex 31.666667 17.978723 0.000000
      vertex 31.666667 20.531915 0.400000
      vertex 31.666667 17.978723 0.400000
    endloop
  endfacet
  facet normal 0.000000 0.000000 -1.000000
    outer loop
      vertex 35.476190 18.936170 0.000000
      vertex 35.793651 20.531915 0.000000
      vertex 35.793651 18.936170 0.000000
    endloop
  endfacet
  facet normal 0.000000 0.000000 -1.000000
    outer loop
      vertex 35.476190 18.936170 0.000000
      vertex 35.476190 20.531915 0.000000
      vertex 35.793651 20.531915 0.000000
    endloop
  endfacet
  facet normal 0.000000 0.000000 1.000000
    outer loop
      vertex 35.476190 18.936170 0.400000
      vertex 35.793651 18.936170 0.400000
      vertex 35.793651 20.531915 0.400000
    endloop
  endfacet
  facet normal 0.000000 0.000000 1.000000
    outer loop
      vertex 35.476190 18.936170 0.400000
      vertex 35.793651 20.531915 0.400000
      vertex 35.476190 20.531915 0.400000
    endloop
  endfacet
  facet normal 0.000000 -1.000000 0.000000
    outer loop
      vertex 35.476190 18.936170 0.000000
      vertex 35.793651 18.936170 0.000000
      vertex 35.793651 18.936170 0.400000
    endloop
  endfacet
  facet normal 0.000000 -1.000000 0.000000
    outer loop
      vertex 35.476190 18.936170 0.000000
      vertex 35.793651 18.936170 0.400000
      vertex 35.476190 18.936170 0.400000
    endloop
  endfacet
  facet normal 0.000000 1.000000 0.000000
    outer loop
      vertex 35.476190 20.531915 0.000000
      vertex 35.793651 20.531915 0.400000
      vertex 35.793651 20.531915 0.000000
    endloop
  endfacet
  facet normal 0.000000 1.000000 0.000000
    outer loop
      vertex 35.476190 20.531915 0.000000
      vertex 35.476190 20.531915 0.400000
      vertex 35.793651 20.531915 0.400000
    endloop
  endfacet
  facet normal -1.000000 0.000000 0.000000
    outer loop
      vertex 35.476190 18.936170 0.000000
      vertex 35.476190 18.936170 0.400000
      vertex 35.476190 20.531915 0.400000
    endloop
  endfacet
  facet normal -1.000000 0.000000 0.000000
    outer loop
      vertex 35.476190 18.936170 0.000000
      vertex 35.476190 20.531915 0.400000
      vertex 35.476190 20.531915 0.000000
    endloop
  endfacet
  facet normal 1.000000 0.000000 0.000000
    outer loop
      vertex 35.793651 18.936170 0.000000
      vertex 35.793651 20.531915 0.000000
      vertex 35.793651 20.531915 0.400000
    endloop
  endfacet
  facet normal 1.000000 0.000000 0.000000
    outer loop
      vertex 35.793651 18.936170 0.000000
      vertex 35.793651 20.531915 0.400000
      vertex 35.793651 18.936170 0.400000
    endloop
  endfacet
  facet normal 0.000000 0.000000 -1.000000
    outer loop
      vertex 38.650794 19.574468 0.000000
      vertex 43.095238 20.531915 0.000000
      vertex 43.095238 19.574468 0.000000
    endloop
  endfacet
  facet normal 0.000000 0.000000 -1.000000
    outer loop
      vertex 38.650794 19.574468 0.000000
      vertex 38.650794 20.531915 0.000000
      vertex 43.095238 20.531915 0.000000
    endloop
  endfacet
  facet normal 0.000000 0.000000 1.000000
    outer loop
      vertex 38.650794 19.574468 0.400000
      vertex 43.095238 19.574468 0.400000
      vertex 43.095238 20.531915 0.400000
    endloop
  endfacet
  facet normal 0.000000 0.000000 1.000000
    outer loop
      vertex 38.650794 19.574468 0.400000
      vertex 43.095238 20.531915 0.400000
      vertex 38.650794 20.531915 0.400000
    endloop
  endfacet
  facet normal 0.000000 -1.000000 0.000000
    outer loop
      vertex 38.650794 19.574468 0.000000
      vertex 43.095238 19.574468 0.000000
      vertex 43.095238 19.574468 0.400000
    endloop
  endfacet
  facet normal 0.000000 -1.000000 0.000000
    outer loop
      vertex 38.650794 19.574468 0.000000
      vertex 43.095238 19.574468 0.400000
      vertex 38.650794 19.574468 0.400000
    endloop
  endfacet
  facet normal 0.000000 1.000000 0.000000
    outer loop
      vertex 38.650794 20.531915 0.000000
      vertex 43.095238 20.531915 0.400000
      vertex 43.095238 20.531915 0.000000
    endloop
  endfacet
  facet normal 0.000000 1.000000 0.000000
    outer loop
      vertex 38.650794 20.531915 0.000000
      vertex 38.650794 20.531915 0.400000
      vertex 43.095238 20.531915 0.400000
    endloop
  endfacet
  facet normal -1.000000 0.000000 0.000000
    outer loop
      vertex 38.650794 19.574468 0.000000
      vertex 38.650794 19.574468 0.400000
      vertex 38.650794 20.531915 0.400000
    endloop
  endfacet
  facet normal -1.000000 0.000000 0.000000
    outer loop
      vertex 38.650794 19.574468 0.000000
      vertex 38.650794 20.531915 0.400000
      vertex 38.650794 20.531915 0.000000
    endloop
  endfacet
  facet normal 1.000000 0.000000 0.000000
    outer loop
      vertex 43.095238 19.574468 0.000000
      vertex 43.095238 20.531915 0.000000
      vertex 43.095238 20.531915 0.400000
    endloop
  endfacet
  facet normal 1.000000 0.000000 0.000000
    outer loop
      vertex 43.095238 19.574468 0.000000
      vertex 43.095238 20.531915 0.400000
      vertex 43.095238 19.574468 0.400000
    endloop
  endfacet
  facet normal 0.000000 0.000000 -1.000000
    outer loop
      vertex 12.301587 19.893617 0.000000
      vertex 12.936508 20.212766 0.000000
      vertex 12.936508 19.893617 0.000000
    endloop
  endfacet
  facet normal 0.000000 0.000000 -1.000000
    outer loop
      vertex 12.301587 19.893617 0.000000
      vertex 12.301587 20.212766 0.000000
      vertex 12.936508 20.212766 0.000000
    endloop
  endfacet
  facet normal 0.000000 0.000000 1.000000
    outer loop
      vertex 12.301587 19.893617 0.400000
      vertex 12.936508 19.893617 0.400000
      vertex 12.936508 20.212766 0.400000
    endloop
  endfacet
  facet normal 0.000000 0.000000 1.000000
    outer loop
      vertex 12.301587 19.893617 0.400000
      vertex 12.936508 20.212766 0.400000
      vertex 12.301587 20.212766 0.400000
    endloop
  endfacet
  facet normal 0.000000 -1.000000 0.000000
    outer loop
      vertex 12.301587 19.893617 0.000000
      vertex 12.936508 19.893617 0.000000
      vertex 12.936508 19.893617 0.400000
    endloop
  endfacet
  facet normal 0.000000 -1.000000 0.000000
    outer loop
      vertex 12.301587 19.893617 0.000000
      vertex 12.936508 19.893617 0.400000
      vertex 12.301587 19.893617 0.400000
    endloop
  endfacet
  facet normal 0.000000 1.000000 0.000000
    outer loop
      vertex 12.301587 20.212766 0.000000
      vertex 12.936508 20.212766 0.400000
      vertex 12.936508 20.212766 0.000000
    endloop
  endfacet
  facet normal 0.000000 1.000000 0.000000
    outer loop
      vertex 12.301587 20.212766 0.000000
      vertex 12.301587 20.212766 0.400000
      vertex 12.936508 20.212766 0.400000
    endloop
  endfacet
  facet normal -1.000000 0.000000 0.000000
    outer loop
      vertex 12.301587 19.893617 0.000000
      vertex 12.301587 19.893617 0.400000
      vertex 12.301587 20.212766 0.400000
    endloop
  endfacet
  facet normal -1.000000 0.000000 0.000000
    outer loop
      vertex 12.301587 19.893617 0.000000
      vertex 12.301587 20.212766 0.400000
      vertex 12.301587 20.212766 0.000000
    endloop
  endfacet
  facet normal 1.000000 0.000000 0.000000
    outer loop
      vertex 12.936508 19.893617 0.000000
      vertex 12.936508 20.212766 0.000000
      vertex 12.936508 20.212766 0.400000
    endloop
  endfacet
  facet normal 1.000000 0.000000 0.000000
    outer loop
      vertex 12.936508 19.893617 0.000000
      vertex 12.936508 20.212766 0.400000
      vertex 12.936508 19.893617 0.400000
    endloop
  endfacet
  facet normal 0.000000 0.000000 -1.000000
    outer loop
      vertex 18.650794 19.574468 0.000000
      vertex 21.190476 20.212766 0.000000
      vertex 21.190476 19.574468 0.000000
    endloop
  endfacet
  facet normal 0.000000 0.000000 -1.000000
    outer loop
      vertex 18.650794 19.574468 0.000000
      vertex 18.650794 20.212766 0.000000
      vertex 21.190476 20.212766 0.000000
    endloop
  endfacet
  facet normal 0.000000 0.000000 1.000000
    outer loop
      vertex 18.650794 19.574468 0.400000
      vertex 21.190476 19.574468 0.400000
      vertex 21.190476 20.212766 0.400000
    endloop
  endfacet
  facet normal 0.000000 0.000000 1.000000
    outer loop
      vertex 18.650794 19.574468 0.400000
      vertex 21.190476 20.212766 0.400000
      vertex 18.650794 20.212766 0.400000
    endloop
  endfacet
  facet normal 0.000000 -1.000000 0.000000
    outer loop
      vertex 18.650794 19.574468 0.000000
      vertex 21.190476 19.574468 0.000000
      vertex 21.190476 19.574468 0.400000
    endloop
  endfacet
  facet normal 0.000000 -1.000000 0.000000
    outer loop
      vertex 18.650794 19.574468 0.000000
      vertex 21.190476 19.574468 0.400000
      vertex 18.650794 19.574468 0.400000
    endloop
  endfacet
  facet normal 0.000000 1.000000 0.000000
    outer loop
      vertex 18.650794 20.212766 0.000000
      vertex 21.190476 20.212766 0.400000
      vertex 21.190476 20.212766 0.000000
    endloop
  endfacet
  facet normal 0.000000 1.000000 0.000000
    outer loop
      vertex 18.650794 20.212766 0.000000
      vertex 18.650794 20.212766 0.400000
      vertex 21.190476 20.212766 0.400000
    endloop
  endfacet
  facet normal -1.000000 0.000000 0.000000
    outer loop
      vertex 18.650794 19.574468 0.000000
      vertex 18.650794 19.574468 0.400000
      vertex 18.650794 20.212766 0.400000
    endloop
  endfacet
  facet normal -1.000000 0.000000 0.000000
    outer loop
      vertex 18.650794 19.574468 0.000000
      vertex 18.650794 20.212766 0.400000
      vertex 18.650794 20.212766 0.000000
    endloop
  endfacet
  facet normal 1.000000 0.000000 0.000000
    outer loop
      vertex 21.190476 19.574468 0.000000
      vertex 21.190476 20.212766 0.000000
      vertex 21.190476 20.212766 0.400000
    endloop
  endfacet
  facet normal 1.000000 0.000000 0.000000
    outer loop
      vertex 21.190476 19.574468 0.000000
      vertex 21.190476 20.212766 0.400000
      vertex 21.190476 19.574468 0.400000
    endloop
  endfacet
  facet normal 0.000000 0.000000 -1.000000
    outer loop
      vertex 26.269841 15.106383 0.000000
      vertex 26.587302 20.212766 0.000000
      vertex 26.587302 15.106383 0.000000
    endloop
  endfacet
  facet normal 0.000000 0.000000 -1.000000
    outer loop
      vertex 26.269841 15.106383 0.000000
      vertex 26.269841 20.212766 0.000000
      vertex 26.587302 20.212766 0.000000
    endloop
  endfacet
  facet normal 0.000000 0.000000 1.000000
    outer loop
      vertex 26.269841 15.106383 0.400000
      vertex 26.587302 15.106383 0.400000
      vertex 26.587302 20.212766 0.400000
    endloop
  endfacet
  facet normal 0.000000 0.000000 1.000000
    outer loop
      vertex 26.269841 15.106383 0.400000
      vertex 26.587302 20.212766 0.400000
      vertex 26.269841 20.212766 0.400000
    endloop
  endfacet
  facet normal 0.000000 -1.000000 0.000000
    outer loop
      vertex 26.269841 15.106383 0.000000
      vertex 26.587302 15.106383 0.000000
      vertex 26.587302 15.106383 0.400000
    endloop
  endfacet
  facet normal 0.000000 -1.000000 0.000000
    outer loop
      vertex 26.269841 15.106383 0.000000
      vertex 26.587302 15.106383 0.400000
      vertex 26.269841 15.106383 0.400000
    endloop
  endfacet
  facet normal 0.000000 1.000000 0.000000
    outer loop
      vertex 26.269841 20.212766 0.000000
      vertex 26.587302 20.212766 0.400000
      vertex 26.587302 20.212766 0.000000
    endloop
  endfacet
  facet normal 0.000000 1.000000 0.000000
    outer loop
      vertex 26.269841 20.212766 0.000000
      vertex 26.269841 20.212766 0.400000
      vertex 26.587302 20.212766 0.400000
    endloop
  endfacet
  facet normal -1.000000 0.000000 0.000000
    outer loop
      vertex 26.269841 15.106383 0.000000
      vertex 26.269841 15.106383 0.400000
      vertex 26.269841 20.212766 0.400000
    endloop
  endfacet
  facet normal -1.000000 0.000000 0.000000
    outer loop
      vertex 26.269841 15.106383 0.000000
      vertex 26.269841 20.212766 0.400000
      vertex 26.269841 20.212766 0.000000
    endloop
  endfacet
  facet normal 1.000000 0.000000 0.000000
    outer loop
      vertex 26.587302 15.106383 0.000000
      vertex 26.587302 20.212766 0.000000
      vertex 26.587302 20.212766 0.400000
    endloop
  endfacet
  facet normal 1.000000 0.000000 0.000000
    outer loop
      vertex 26.587302 15.106383 0.000000
      vertex 26.587302 20.212766 0.400000
      vertex 26.587302 15.106383 0.400000
    endloop
  endfacet
  facet normal 0.000000 0.000000 -1.000000
    outer loop
      vertex 29.126984 18.936170 0.000000
      vertex 31.349206 20.212766 0.000000
      vertex 31.349206 18.936170 0.000000
    endloop
  endfacet
  facet normal 0.000000 0.000000 -1.000000
    outer loop
      vertex 29.126984 18.936170 0.000000
      vertex 29.126984 20.212766 0.000000
      vertex 31.349206 20.212766 0.000000
    endloop
  endfacet
  facet normal 0.000000 0.000000 1.000000
    outer loop
      vertex 29.126984 18.936170 0.400000
      vertex 31.349206 18.936170 0.400000
      vertex 31.349206 20.212766 0.400000
    endloop
  endfacet
  facet normal 0.000000 0.000000 1.000000
    outer loop
      vertex 29.126984 18.936170 0.400000
      vertex 31.349206 20.212766 0.400000
      vertex 29.126984 20.212766 0.400000
    endloop
  endfacet
  facet normal 0.000000 -1.000000 0.000000
    outer loop
      vertex 29.126984 18.936170 0.000000
      vertex 31.349206 18.936170 0.000000
      vertex 31.349206 18.936170 0.400000
    endloop
  endfacet
  facet normal 0.000000 -1.000000 0.000000
    outer loop
      vertex 29.126984 18.936170 0.000000
      vertex 31.349206 18.936170 0.400000
      vertex 29.126984 18.936170 0.400000
    endloop
  endfacet
  facet normal 0.000000 1.000000 0.000000
    outer loop
      vertex 29.126984 20.212766 0.000000
      vertex 31.349206 20.212766 0.400000
      vertex 31.349206 20.212766 0.000000
    endloop
  endfacet
  facet normal 0.000000 1.000000 0.000000
    outer loop
      vertex 29.126984 20.212766 0.000000
      vertex 29.126984 20.212766 0.400000
      vertex 31.349206 20.212766 0.400000
    endloop
  endfacet
  facet normal -1.000000 0.000000 0.000000
    outer loop
      vertex 29.126984 18.936170 0.000000
      vertex 29.126984 18.936170 0.400000
      vertex 29.126984 20.212766 0.400000
    endloop
  endfacet
  facet normal -1.000000 0.000000 0.000000
    outer loop
      vertex 29.126984 18.936170 0.000000
      vertex 29.126984 20.212766 0.400000
      vertex 29.126984 20.212766 0.000000
    endloop
  endfacet
  facet normal 1.000000 0.000000 0.000000
    outer loop
      vertex 31.349206 18.936170 0.000000
      vertex 31.349206 20.212766 0.000000
      vertex 31.349206 20.212766 0.400000
    endloop
  endfacet
  facet normal 1.000000 0.000000 0.000000
    outer loop
      vertex 31.349206 18.936170 0.000000
      vertex 31.349206 20.212766 0.400000
      vertex 31.349206 18.936170 0.400000
    endloop
  endfacet
  facet normal 0.000000 0.000000 -1.000000
    outer loop
      vertex 35.793651 18.936170 0.000000
      vertex 36.111111 20.212766 0.000000
      vertex 36.111111 18.936170 0.000000
    endloop
  endfacet
  facet normal 0.000000 0.000000 -1.000000
    outer loop
      vertex 35.793651 18.936170 0.000000
      vertex 35.793651 20.212766 0.000000
      vertex 36.111111 20.212766 0.000000
    endloop
  endfacet
  facet normal 0.000000 0.000000 1.000000
    outer loop
      vertex 35.793651 18.936170 0.400000
      vertex 36.111111 18.936170 0.400000
      vertex 36.111111 20.212766 0.400000
    endloop
  endfacet
  facet normal 0.000000 0.000000 1.000000
    outer loop
      vertex 35.793651 18.936170 0.400000
      vertex 36.111111 20.212766 0.400000
      vertex 35.793651 20.212766 0.400000
    endloop
  endfacet
  facet normal 0.000000 -1.000000 0.000000
    outer loop
      vertex 35.793651 18.936170 0.000000
      vertex 36.111111 18.936170 0.000000
      vertex 36.111111 18.936170 0.400000
    endloop
  endfacet
  facet normal 0.000000 -1.000000 0.000000
    outer loop
      vertex 35.793651 18.936170 0.000000
      vertex 36.111111 18.936170 0.400000
      vertex 35.793651 18.936170 0.400000
    endloop
  endfacet
  facet normal 0.000000 1.000000 0.000000
    outer loop
      vertex 35.793651 20.212766 0.000000
      vertex 36.111111 20.212766 0.400000
      vertex 36.111111 20.212766 0.000000
    endloop
  endfacet
  facet normal 0.000000 1.000000 0.000000
    outer loop
      vertex 35.793651 20.212766 0.000000
      vertex 35.793651 20.212766 0.400000
      vertex 36.111111 20.212766 0.400000
    endloop
  endfacet
  facet normal -1.000000 0.000000 0.000000
    outer loop
      vertex 35.793651 18.936170 0.000000
      vertex 35.793651 18.936170 0.400000
      vertex 35.793651 20.212766 0.400000
    endloop
  endfacet
  facet normal -1.000000 0.000000 0.000000
    outer loop
      vertex 35.793651 18.936170 0.000000
      vertex 35.793651 20.212766 0.400000
      vertex 35.793651 20.212766 0.000000
    endloop
  endfacet
  facet normal 1.000000 0.000000 0.000000
    outer loop
      vertex 36.111111 18.936170 0.000000
      vertex 36.111111 20.212766 0.000000
      vertex 36.111111 20.212766 0.400000
    endloop
  endfacet
  facet normal 1.000000 0.000000 0.000000
    outer loop
      vertex 36.111111 18.936170 0.000000
      vertex 36.111111 20.212766 0.400000
      vertex 36.111111 18.936170 0.400000
    endloop
  endfacet
  facet normal 0.000000 0.000000 -1.000000
    outer loop
      vertex 12.301587 19.574468 0.000000
      vertex 12.619048 19.893617 0.000000
      vertex 12.619048 19.574468 0.000000
    endloop
  endfacet
  facet normal 0.000000 0.000000 -1.000000
    outer loop
      vertex 12.301587 19.574468 0.000000
      vertex 12.301587 19.893617 0.000000
      vertex 12.619048 19.893617 0.000000
    endloop
  endfacet
  facet normal 0.000000 0.000000 1.000000
    outer loop
      vertex 12.301587 19.574468 0.400000
      vertex 12.619048 19.574468 0.400000
      vertex 12.619048 19.893617 0.400000
    endloop
  endfacet
  facet normal 0.000000 0.000000 1.000000
    outer loop
      vertex 12.301587 19.574468 0.400000
      vertex 12.619048 19.893617 0.400000
      vertex 12.301587 19.893617 0.400000
    endloop
  endfacet
  facet normal 0.000000 -1.000000 0.000000
    outer loop
      vertex 12.301587 19.574468 0.000000
      vertex 12.619048 19.574468 0.000000
      vertex 12.619048 19.574468 0.400000
    endloop
  endfacet
  facet normal 0.000000 -1.000000 0.000000
    outer loop
      vertex 12.301587 19.574468 0.000000
      vertex 12.619048 19.574468 0.400000
      vertex 12.301587 19.574468 0.400000
    endloop
  endfacet
  facet normal 0.000000 1.000000 0.000000
    outer loop
      vertex 12.301587 19.893617 0.000000
      vertex 12.619048 19.893617 0.400000
      vertex 12.619048 19.893617 0.000000
    endloop
  endfacet
  facet normal 0.000000 1.000000 0.000000
    outer loop
      vertex 12.301587 19.893617 0.000000
      vertex 12.301587 19.893617 0.400000
      vertex 12.619048 19.893617 0.400000
    endloop
  endfacet
  facet normal -1.000000 0.000000 0.000000
    outer loop
      vertex 12.301587 19.574468 0.000000
      vertex 12.301587 19.574468 0.400000
      vertex 12.301587 19.893617 0.400000
    endloop
  endfacet
  facet normal -1.000000 0.000000 0.000000
    outer loop
      vertex 12.301587 19.574468 0.000000
      vertex 12.301587 19.893617 0.400000
      vertex 12.301587 19.893617 0.000000
    endloop
  endfacet
  facet normal 1.000000 0.000000 0.000000
    outer loop
      vertex 12.619048 19.574468 0.000000
      vertex 12.619048 19.893617 0.000000
      vertex 12.619048 19.893617 0.400000
    endloop
  endfacet
  facet normal 1.000000 0.000000 0.000000
    outer loop
      vertex 12.619048 19.574468 0.000000
      vertex 12.619048 19.893617 0.400000
      vertex 12.619048 19.574468 0.400000
    endloop
  endfacet
  facet normal 0.000000 0.000000 -1.000000
    outer loop
      vertex 18.650794 16.382979 0.000000
      vertex 20.873016 19.574468 0.000000
      vertex 20.873016 16.382979 0.000000
    endloop
  endfacet
  facet normal 0.000000 0.000000 -1.000000
    outer loop
      vertex 18.650794 16.382979 0.000000
      vertex 18.650794 19.574468 0.000000
      vertex 20.873016 19.574468 0.000000
    endloop
  endfacet
  facet normal 0.000000 0.000000 1.000000
    outer loop
      vertex 18.650794 16.382979 0.400000
      vertex 20.873016 16.382979 0.400000
      vertex 20.873016 19.574468 0.400000
    endloop
  endfacet
  facet normal 0.000000 0.000000 1.000000
    outer loop
      vertex 18.650794 16.382979 0.400000
      vertex 20.873016 19.574468 0.400000
      vertex 18.650794 19.574468 0.400000
    endloop
  endfacet
  facet normal 0.000000 -1.000000 0.000000
    outer loop
      vertex 18.650794 16.382979 0.000000
      vertex 20.873016 16.382979 0.000000
      vertex 20.873016 16.382979 0.400000
    endloop
  endfacet
  facet normal 0.000000 -1.000000 0.000000
    outer loop
      vertex 18.650794 16.382979 0.000000
      vertex 20.873016 16.382979 0.400000
      vertex 18.650794 16.382979 0.400000
    endloop
  endfacet
  facet normal 0.000000 1.000000 0.000000
    outer loop
      vertex 18.650794 19.574468 0.000000
      vertex 20.873016 19.574468 0.400000
      vertex 20.873016 19.574468 0.000000
    endloop
  endfacet
  facet normal 0.000000 1.000000 0.000000
    outer loop
      vertex 18.650794 19.574468 0.000000
      vertex 18.650794 19.574468 0.400000
      vertex 20.873016 19.574468 0.400000
    endloop
  endfacet
  facet normal -1.000000 0.000000 0.000000
    outer loop
      vertex 18.650794 16.382979 0.000000
      vertex 18.650794 16.382979 0.400000
      vertex 18.650794 19.574468 0.400000
    endloop
  endfacet
  facet normal -1.000000 0.000000 0.000000
    outer loop
      vertex 18.650794 16.382979 0.000000
      vertex 18.650794 19.574468 0.400000
      vertex 18.650794 19.574468 0.000000
    endloop
  endfacet
  facet normal 1.000000 0.000000 0.000000
    outer loop
      vertex 20.873016 16.382979 0.000000
      vertex 20.873016 19.574468 0.000000
      vertex 20.873016 19.574468 0.400000
    endloop
  endfacet
  facet normal 1.000000 0.000000 0.000000
    outer loop
      vertex 20.873016 16.382979 0.000000
      vertex 20.873016 19.574468 0.400000
      vertex 20.873016 16.382979 0.400000
    endloop
  endfacet
  facet normal 0.000000 0.000000 -1.000000
    outer loop
      vertex 36.111111 18.617021 0.000000
      vertex 36.428571 19.574468 0.000000
      vertex 36.428571 18.617021 0.000000
    endloop
  endfacet
  facet normal 0.000000 0.000000 -1.000000
    outer loop
      vertex 36.111111 18.617021 0.000000
      vertex 36.111111 19.574468 0.000000
      vertex 36.428571 19.574468 0.000000
    endloop
  endfacet
  facet normal 0.000000 0.000000 1.000000
    outer loop
      vertex 36.111111 18.617021 0.400000
      vertex 36.428571 18.617021 0.400000
      vertex 36.428571 19.574468 0.400000
    endloop
  endfacet
  facet normal 0.000000 0.000000 1.000000
    outer loop
      vertex 36.111111 18.617021 0.400000
      vertex 36.428571 19.574468 0.400000
      vertex 36.111111 19.574468 0.400000
    endloop
  endfacet
  facet normal 0.000000 -1.000000 0.000000
    outer loop
      vertex 36.111111 18.617021 0.000000
      vertex 36.428571 18.617021 0.000000
      vertex 36.428571 18.617021 0.400000
    endloop
  endfacet
  facet normal 0.000000 -1.000000 0.000000
    outer loop
      vertex 36.111111 18.617021 0.000000
      vertex 36.428571 18.617021 0.400000
      vertex 36.111111 18.617021 0.400000
    endloop
  endfacet
  facet normal 0.000000 1.000000 0.000000
    outer loop
      vertex 36.111111 19.574468 0.000000
      vertex 36.428571 19.574468 0.400000
      vertex 36.428571 19.574468 0.000000
    endloop
  endfacet
  facet normal 0.000000 1.000000 0.000000
    outer loop
      vertex 36.111111 19.574468 0.000000
      vertex 36.111111 19.574468 0.400000
      vertex 36.428571 19.574468 0.400000
    endloop
  endfacet
  facet normal -1.000000 0.000000 0.000000
    outer loop
      vertex 36.111111 18.617021 0.000000
      vertex 36.111111 18.617021 0.400000
      vertex 36.111111 19.574468 0.400000
    endloop
  endfacet
  facet normal -1.000000 0.000000 0.000000
    outer loop
      vertex 36.111111 18.617021 0.000000
      vertex 36.111111 19.574468 0.400000
      vertex 36.111111 19.574468 0.000000
    endloop
  endfacet
  facet normal 1.000000 0.000000 0.000000
    outer loop
      vertex 36.428571 18.617021 0.000000
      vertex 36.428571 19.574468 0.000000
      vertex 36.428571 19.574468 0.400000
    endloop
  endfacet
  facet normal 1.000000 0.000000 0.000000
    outer loop
      vertex 36.428571 18.617021 0.000000
      vertex 36.428571 19.574468 0.400000
      vertex 36.428571 18.617021 0.400000
    endloop
  endfacet
  facet normal 0.000000 0.000000 -1.000000
    outer loop
      vertex 38.968254 10.000000 0.000000
      vertex 43.095238 19.574468 0.000000
      vertex 43.095238 10.000000 0.000000
    endloop
  endfacet
  facet normal 0.000000 0.000000 -1.000000
    outer loop
      vertex 38.968254 10.000000 0.000000
      vertex 38.968254 19.574468 0.000000
      vertex 43.095238 19.574468 0.000000
    endloop
  endfacet
  facet normal 0.000000 0.000000 1.000000
    outer loop
      vertex 38.968254 10.000000 0.400000
      vertex 43.095238 10.000000 0.400000
      vertex 43.095238 19.574468 0.400000
    endloop
  endfacet
  facet normal 0.000000 0.000000 1.000000
    outer loop
      vertex 38.968254 10.000000 0.400000
      vertex 43.095238 19.574468 0.400000
      vertex 38.968254 19.574468 0.400000
    endloop
  endfacet
  facet normal 0.000000 -1.000000 0.000000
    outer loop
      vertex 38.968254 10.000000 0.000000
      vertex 43.095238 10.000000 0.000000
      vertex 43.095238 10.000000 0.400000
    endloop
  endfacet
  facet normal 0.000000 -1.000000 0.000000
    outer loop
      vertex 38.968254 10.000000 0.000000
      vertex 43.095238 10.000000 0.400000
      vertex 38.968254 10.000000 0.400000
    endloop
  endfacet
  facet normal 0.000000 1.000000 0.000000
    outer loop
      vertex 38.968254 19.574468 0.000000
      vertex 43.095238 19.574468 0.400000
      vertex 43.095238 19.574468 0.000000
    endloop
  endfacet
  facet normal 0.000000 1.000000 0.000000
    outer loop
      vertex 38.968254 19.574468 0.000000
      vertex 38.968254 19.574468 0.400000
      vertex 43.095238 19.574468 0.400000
    endloop
  endfacet
  facet normal -1.000000 0.000000 0.000000
    outer loop
      vertex 38.968254 10.000000 0.000000
      vertex 38.968254 10.000000 0.400000
      vertex 38.968254 19.574468 0.400000
    endloop
  endfacet
  facet normal -1.000000 0.000000 0.000000
    outer loop
      vertex 38.968254 10.000000 0.000000
      vertex 38.968254 19.574468 0.400000
      vertex 38.968254 19.574468 0.000000
    endloop
  endfacet
  facet normal 1.000000 0.000000 0.000000
    outer loop
      vertex 43.095238 10.000000 0.000000
      vertex 43.095238 19.574468 0.000000
      vertex 43.095238 19.574468 0.400000
    endloop
  endfacet
  facet normal 1.000000 0.000000 0.000000
    outer loop
      vertex 43.095238 10.000000 0.000000
      vertex 43.095238 19.574468 0.400000
      vertex 43.095238 10.000000 0.400000
    endloop
  endfacet
  facet normal 0.000000 0.000000 -1.000000
    outer loop
      vertex 9.444444 18.936170 0.000000
      vertex 11.984127 19.255319 0.000000
      vertex 11.984127 18.936170 0.000000
    endloop
  endfacet
  facet normal 0.000000 0.000000 -1.000000
    outer loop
      vertex 9.444444 18.936170 0.000000
      vertex 9.444444 19.255319 0.000000
      vertex 11.984127 19.255319 0.000000
    endloop
  endfacet
  facet normal 0.000000 0.000000 1.000000
    outer loop
      vertex 9.444444 18.936170 0.400000
      vertex 11.984127 18.936170 0.400000
      vertex 11.984127 19.255319 0.400000
    endloop
  endfacet
  facet normal 0.000000 0.000000 1.000000
    outer loop
      vertex 9.444444 18.936170 0.400000
      vertex 11.984127 19.255319 0.400000
      vertex 9.444444 19.255319 0.400000
    endloop
  endfacet
  facet normal 0.000000 -1.000000 0.000000
    outer loop
      vertex 9.444444 18.936170 0.000000
      vertex 11.984127 18.936170 0.000000
      vertex 11.984127 18.936170 0.400000
    endloop
  endfacet
  facet normal 0.000000 -1.000000 0.000000
    outer loop
      vertex 9.444444 18.936170 0.000000
      vertex 11.984127 18.936170 0.400000
      vertex 9.444444 18.936170 0.400000
    endloop
  endfacet
  facet normal 0.000000 1.000000 0.000000
    outer loop
      vertex 9.444444 19.255319 0.000000
      vertex 11.984127 19.255319 0.400000
      vertex 11.984127 19.255319 0.000000
    endloop
  endfacet
  facet normal 0.000000 1.000000 0.000000
    outer loop
      vertex 9.444444 19.255319 0.000000
      vertex 9.444444 19.255319 0.400000
      vertex 11.984127 19.255319 0.400000
    endloop
  endfacet
  facet normal -1.000000 0.000000 0.000000
    outer loop
      vertex 9.444444 18.936170 0.000000
      vertex 9.444444 18.936170 0.400000
      vertex 9.444444 19.255319 0.400000
    endloop
  endfacet
  facet normal -1.000000 0.000000 0.000000
    outer loop
      vertex 9.444444 18.936170 0.000000
      vertex 9.444444 19.255319 0.400000
      vertex 9.444444 19.255319 0.000000
    endloop
  endfacet
  facet normal 1.000000 0.000000 0.000000
    outer loop
      vertex 11.984127 18.936170 0.000000
      vertex 11.984127 19.255319 0.000000
      vertex 11.984127 19.255319 0.400000
    endloop
  endfacet
  facet normal 1.000000 0.000000 0.000000
    outer loop
      vertex 11.984127 18.936170 0.000000
      vertex 11.984127 19.255319 0.400000
      vertex 11.984127 18.936170 0.400000
    endloop
  endfacet
  facet normal 0.000000 0.000000 -1.000000
    outer loop
      vertex 32.619048 18.936170 0.000000
      vertex 33.253968 19.255319 0.000000
      vertex 33.253968 18.936170 0.000000
    endloop
  endfacet
  facet normal 0.000000 0.000000 -1.000000
    outer loop
      vertex 32.619048 18.936170 0.000000
      vertex 32.619048 19.255319 0.000000
      vertex 33.253968 19.255319 0.000000
    endloop
  endfacet
  facet normal 0.000000 0.000000 1.000000
    outer loop
      vertex 32.619048 18.936170 0.400000
      vertex 33.253968 18.936170 0.400000
      vertex 33.253968 19.255319 0.400000
    endloop
  endfacet
  facet normal 0.000000 0.000000 1.000000
    outer loop
      vertex 32.619048 18.936170 0.400000
      vertex 33.253968 19.255319 0.400000
      vertex 32.619048 19.255319 0.400000
    endloop
  endfacet
  facet normal 0.000000 -1.000000 0.000000
    outer loop
      vertex 32.619048 18.936170 0.000000
      vertex 33.253968 18.936170 0.000000
      vertex 33.253968 18.936170 0.400000
    endloop
  endfacet
  facet normal 0.000000 -1.000000 0.000000
    outer loop
      vertex 32.619048 18.936170 0.000000
      vertex 33.253968 18.936170 0.400000
      vertex 32.619048 18.936170 0.400000
    endloop
  endfacet
  facet normal 0.000000 1.000000 0.000000
    outer loop
      vertex 32.619048 19.255319 0.000000
      vertex 33.253968 19.255319 0.400000
      vertex 33.253968 19.255319 0.000000
    endloop
  endfacet
  facet normal 0.000000 1.000000 0.000000
    outer loop
      vertex 32.619048 19.255319 0.000000
      vertex 32.619048 19.255319 0.400000
      vertex 33.253968 19.255319 0.400000
    endloop
  endfacet
  facet normal -1.000000 0.000000 0.000000
    outer loop
      vertex 32.619048 18.936170 0.000000
      vertex 32.619048 18.936170 0.400000
      vertex 32.619048 19.255319 0.400000
    endloop
  endfacet
  facet normal -1.000000 0.000000 0.000000
    outer loop
      vertex 32.619048 18.936170 0.000000
      vertex 32.619048 19.255319 0.400000
      vertex 32.619048 19.255319 0.000000
    endloop
  endfacet
  facet normal 1.000000 0.000000 0.000000
    outer loop
      vertex 33.253968 18.936170 0.000000
      vertex 33.253968 19.255319 0.000000
      vertex 33.253968 19.255319 0.400000
    endloop
  endfacet
  facet normal 1.000000 0.000000 0.000000
    outer loop
      vertex 33.253968 18.936170 0.000000
      vertex 33.253968 19.255319 0.400000
      vertex 33.253968 18.936170 0.400000
    endloop
  endfacet
  facet normal 0.000000 0.000000 -1.000000
    outer loop
      vertex 9.444444 17.978723 0.000000
      vertex 11.666667 18.936170 0.000000
      vertex 11.666667 17.978723 0.000000
    endloop
  endfacet
  facet normal 0.000000 0.000000 -1.000000
    outer loop
      vertex 9.444444 17.978723 0.000000
      vertex 9.444444 18.936170 0.000000
      vertex 11.666667 18.936170 0.000000
    endloop
  endfacet
  facet normal 0.000000 0.000000 1.000000
    outer loop
      vertex 9.444444 17.978723 0.400000
      vertex 11.666667 17.978723 0.400000
      vertex 11.666667 18.936170 0.400000
    endloop
  endfacet
  facet normal 0.000000 0.000000 1.000000
    outer loop
      vertex 9.444444 17.978723 0.400000
      vertex 11.666667 18.936170 0.400000
      vertex 9.444444 18.936170 0.400000
    endloop
  endfacet
  facet normal 0.000000 -1.000000 0.000000
    outer loop
      vertex 9.444444 17.978723 0.000000
      vertex 11.666667 17.978723 0.000000
      vertex 11.666667 17.978723 0.400000
    endloop
  endfacet
  facet normal 0.000000 -1.000000 0.000000
    outer loop
      vertex 9.444444 17.978723 0.000000
      vertex 11.666667 17.978723 0.400000
      vertex 9.444444 17.978723 0.400000
    endloop
  endfacet
  facet normal 0.000000 1.000000 0.000000
    outer loop
      vertex 9.444444 18.936170 0.000000
      vertex 11.666667 18.936170 0.400000
      vertex 11.666667 18.936170 0.000000
    endloop
  endfacet
  facet normal 0.000000 1.000000 0.000000
    outer loop
      vertex 9.444444 18.936170 0.000000
      vertex 9.444444 18.936170 0.400000
      vertex 11.666667 18.936170 0.400000
    endloop
  endfacet
  facet normal -1.000000 0.000000 0.000000
    outer loop
      vertex 9.444444 17.978723 0.000000
      vertex 9.444444 17.978723 0.400000
      vertex 9.444444 18.936170 0.400000
    endloop
  endfacet
  facet normal -1.000000 0.000000 0.000000
    outer loop
      vertex 9.444444 17.978723 0.000000
      vertex 9.444444 18.936170 0.400000
      vertex 9.444444 18.936170 0.000000
    endloop
  endfacet
  facet normal 1.000000 0.000000 0.000000
    outer loop
      vertex 11.666667 17.978723 0.000000
      vertex 11.666667 18.936170 0.000000
      vertex 11.666667 18.936170 0.400000
    endloop
  endfacet
  facet normal 1.000000 0.000000 0.000000
    outer loop
      vertex 11.666667 17.978723 0.000000
      vertex 11.666667 18.936170 0.400000
      vertex 11.666667 17.978723 0.400000
    endloop
  endfacet
  facet normal 0.000000 0.000000 -1.000000
    outer loop
      vertex 14.841270 17.340426 0.000000
      vertex 17.380952 18.936170 0.000000
      vertex 17.380952 17.340426 0.000000
    endloop
  endfacet
  facet normal 0.000000 0.000000 -1.000000
    outer loop
      vertex 14.841270 17.340426 0.000000
      vertex 14.841270 18.936170 0.000000
      vertex 17.380952 18.936170 0.000000
    endloop
  endfacet
  facet normal 0.000000 0.000000 1.000000
    outer loop
      vertex 14.841270 17.340426 0.400000
      vertex 17.380952 17.340426 0.400000
      vertex 17.380952 18.936170 0.400000
    endloop
  endfacet
  facet normal 0.000000 0.000000 1.000000
    outer loop
      vertex 14.841270 17.340426 0.400000
      vertex 17.380952 18.936170 0.400000
      vertex 14.841270 18.936170 0.400000
    endloop
  endfacet
  facet normal 0.000000 -1.000000 0.000000
    outer loop
      vertex 14.841270 17.340426 0.000000
      vertex 17.380952 17.340426 0.000000
      vertex 17.380952 17.340426 0.400000
    endloop
  endfacet
  facet normal 0.000000 -1.000000 0.000000
    outer loop
      vertex 14.841270 17.340426 0.000000
      vertex 17.380952 17.340426 0.400000
      vertex 14.841270 17.340426 0.400000
    endloop
  endfacet
  facet normal 0.000000 1.000000 0.000000
    outer loop
      vertex 14.841270 18.936170 0.000000
      vertex 17.380952 18.936170 0.400000
      vertex 17.380952 18.936170 0.000000
    endloop
  endfacet
  facet normal 0.000000 1.000000 0.000000
    outer loop
      vertex 14.841270 18.936170 0.000000
      vertex 14.841270 18.936170 0.400000
      vertex 17.380952 18.936170 0.400000
    endloop
  endfacet
  facet normal -1.000000 0.000000 0.000000
    outer loop
      vertex 14.841270 17.340426 0.000000
      vertex 14.841270 17.340426 0.400000
      vertex 14.841270 18.936170 0.400000
    endloop
  endfacet
  facet normal -1.000000 0.000000 0.000000
    outer loop
      vertex 14.841270 17.340426 0.000000
      vertex 14.841270 18.936170 0.400000
      vertex 14.841270 18.936170 0.000000
    endloop
  endfacet
  facet normal 1.000000 0.000000 0.000000
    outer loop
      vertex 17.380952 17.340426 0.000000
      vertex 17.380952 18.936170 0.000000
      vertex 17.380952 18.936170 0.400000
    endloop
  endfacet
  facet normal 1.000000 0.000000 0.000000
    outer loop
      vertex 17.380952 17.340426 0.000000
      vertex 17.380952 18.936170 0.400000
      vertex 17.380952 17.340426 0.400000
    endloop
  endfacet
  facet normal 0.000000 0.000000 -1.000000
    outer loop
      vertex 23.412698 16.382979 0.000000
      vertex 23.730159 18.936170 0.000000
      vertex 23.730159 16.382979 0.000000
    endloop
  endfacet
  facet normal 0.000000 0.000000 -1.000000
    outer loop
      vertex 23.412698 16.382979 0.000000
      vertex 23.412698 18.936170 0.000000
      vertex 23.730159 18.936170 0.000000
    endloop
  endfacet
  facet normal 0.000000 0.000000 1.000000
    outer loop
      vertex 23.412698 16.382979 0.400000
      vertex 23.730159 16.382979 0.400000
      vertex 23.730159 18.936170 0.400000
    endloop
  endfacet
  facet normal 0.000000 0.000000 1.000000
    outer loop
      vertex 23.412698 16.382979 0.400000
      vertex 23.730159 18.936170 0.400000
      vertex 23.412698 18.936170 0.400000
    endloop
  endfacet
  facet normal 0.000000 -1.000000 0.000000
    outer loop
      vertex 23.412698 16.382979 0.000000
      vertex 23.730159 16.382979 0.000000
      vertex 23.730159 16.382979 0.400000
    endloop
  endfacet
  facet normal 0.000000 -1.000000 0.000000
    outer loop
      vertex 23.412698 16.382979 0.000000
      vertex 23.730159 16.382979 0.400000
      vertex 23.412698 16.382979 0.400000
    endloop
  endfacet
  facet normal 0.000000 1.000000 0.000000
    outer loop
      vertex 23.412698 18.936170 0.000000
      vertex 23.730159 18.936170 0.400000
      vertex 23.730159 18.936170 0.000000
    endloop
  endfacet
  facet normal 0.000000 1.000000 0.000000
    outer loop
      vertex 23.412698 18.936170 0.000000
      vertex 23.412698 18.936170 0.400000
      vertex 23.730159 18.936170 0.400000
    endloop
  endfacet
  facet normal -1.000000 0.000000 0.000000
    outer loop
      vertex 23.412698 16.382979 0.000000
      vertex 23.412698 16.382979 0.400000
      vertex 23.412698 18.936170 0.400000
    endloop
  endfacet
  facet normal -1.000000 0.000000 0.000000
    outer loop
      vertex 23.412698 16.382979 0.000000
      vertex 23.412698 18.936170 0.400000
      vertex 23.412698 18.936170 0.000000
    endloop
  endfacet
  facet normal 1.000000 0.000000 0.000000
    outer loop
      vertex 23.730159 16.382979 0.000000
      vertex 23.730159 18.936170 0.000000
      vertex 23.730159 18.936170 0.400000
    endloop
  endfacet
  facet normal 1.000000 0.000000 0.000000
    outer loop
      vertex 23.730159 16.382979 0.000000
      vertex 23.730159 18.936170 0.400000
      vertex 23.730159 16.382979 0.400000
    endloop
  endfacet
  facet normal 0.000000 0.000000 -1.000000
    outer loop
      vertex 29.444444 17.659574 0.000000
      vertex 31.349206 18.936170 0.000000
      vertex 31.349206 17.659574 0.000000
    endloop
  endfacet
  facet normal 0.000000 0.000000 -1.000000
    outer loop
      vertex 29.444444 17.659574 0.000000
      vertex 29.444444 18.936170 0.000000
      vertex 31.349206 18.936170 0.000000
    endloop
  endfacet
  facet normal 0.000000 0.000000 1.000000
    outer loop
      vertex 29.444444 17.659574 0.400000
      vertex 31.349206 17.659574 0.400000
      vertex 31.349206 18.936170 0.400000
    endloop
  endfacet
  facet normal 0.000000 0.000000 1.000000
    outer loop
      vertex 29.444444 17.659574 0.400000
      vertex 31.349206 18.936170 0.400000
      vertex 29.444444 18.936170 0.400000
    endloop
  endfacet
  facet normal 0.000000 -1.000000 0.000000
    outer loop
      vertex 29.444444 17.659574 0.000000
      vertex 31.349206 17.659574 0.000000
      vertex 31.349206 17.659574 0.400000
    endloop
  endfacet
  facet normal 0.000000 -1.000000 0.000000
    outer loop
      vertex 29.444444 17.659574 0.000000
      vertex 31.349206 17.659574 0.400000
      vertex 29.444444 17.659574 0.400000
    endloop
  endfacet
  facet normal 0.000000 1.000000 0.000000
    outer loop
      vertex 29.444444 18.936170 0.000000
      vertex 31.349206 18.936170 0.400000
      vertex 31.349206 18.936170 0.000000
    endloop
  endfacet
  facet normal 0.000000 1.000000 0.000000
    outer loop
      vertex 29.444444 18.936170 0.000000
      vertex 29.444444 18.936170 0.400000
      vertex 31.349206 18.936170 0.400000
    endloop
  endfacet
  facet normal -1.000000 0.000000 0.000000
    outer loop
      vertex 29.444444 17.659574 0.000000
      vertex 29.444444 17.659574 0.400000
      vertex 29.444444 18.936170 0.400000
    endloop
  endfacet
  facet normal -1.000000 0.000000 0.000000
    outer loop
      vertex 29.444444 17.659574 0.000000
      vertex 29.444444 18.936170 0.400000
      vertex 29.444444 18.936170 0.000000
    endloop
  endfacet
  facet normal 1.000000 0.000000 0.000000
    outer loop
      vertex 31.349206 17.659574 0.000000
      vertex 31.349206 18.936170 0.000000
      vertex 31.349206 18.936170 0.400000
    endloop
  endfacet
  facet normal 1.000000 0.000000 0.000000
    outer loop
      vertex 31.349206 17.659574 0.000000
      vertex 31.349206 18.936170 0.400000
      vertex 31.349206 17.659574 0.400000
    endloop
  endfacet
  facet normal 0.000000 0.000000 -1.000000
    outer loop
      vertex 31.666667 18.617021 0.000000
      vertex 32.301587 18.936170 0.000000
      vertex 32.301587 18.617021 0.000000
    endloop
  endfacet
  facet normal 0.000000 0.000000 -1.000000
    outer loop
      vertex 31.666667 18.617021 0.000000
      vertex 31.666667 18.936170 0.000000
      vertex 32.301587 18.936170 0.000000
    endloop
  endfacet
  facet normal 0.000000 0.000000 1.000000
    outer loop
      vertex 31.666667 18.617021 0.400000
      vertex 32.301587 18.617021 0.400000
      vertex 32.301587 18.936170 0.400000
    endloop
  endfacet
  facet normal 0.000000 0.000000 1.000000
    outer loop
      vertex 31.666667 18.617021 0.400000
      vertex 32.301587 18.936170 0.400000
      vertex 31.666667 18.936170 0.400000
    endloop
  endfacet
  facet normal 0.000000 -1.000000 0.000000
    outer loop
      vertex 31.666667 18.617021 0.000000
      vertex 32.301587 18.617021 0.000000
      vertex 32.301587 18.617021 0.400000
    endloop
  endfacet
  facet normal 0.000000 -1.000000 0.000000
    outer loop
      vertex 31.666667 18.617021 0.000000
      vertex 32.301587 18.617021 0.400000
      vertex 31.666667 18.617021 0.400000
    endloop
  endfacet
  facet normal 0.000000 1.000000 0.000000
    outer loop
      vertex 31.666667 18.936170 0.000000
      vertex 32.301587 18.936170 0.400000
      vertex 32.301587 18.936170 0.000000
    endloop
  endfacet
  facet normal 0.000000 1.000000 0.000000
    outer loop
      vertex 31.666667 18.936170 0.000000
      vertex 31.666667 18.936170 0.400000
      vertex 32.301587 18.936170 0.400000
    endloop
  endfacet
  facet normal -1.000000 0.000000 0.000000
    outer loop
      vertex 31.666667 18.617021 0.000000
      vertex 31.666667 18.617021 0.400000
      vertex 31.666667 18.936170 0.400000
    endloop
  endfacet
  facet normal -1.000000 0.000000 0.000000
    outer loop
      vertex 31.666667 18.617021 0.000000
      vertex 31.666667 18.936170 0.400000
      vertex 31.666667 18.936170 0.000000
    endloop
  endfacet
  facet normal 1.000000 0.000000 0.000000
    outer loop
      vertex 32.301587 18.617021 0.000000
      vertex 32.301587 18.936170 0.000000
      vertex 32.301587 18.936170 0.400000
    endloop
  endfacet
  facet normal 1.000000 0.000000 0.000000
    outer loop
      vertex 32.301587 18.617021 0.000000
      vertex 32.301587 18.936170 0.400000
      vertex 32.301587 18.617021 0.400000
    endloop
  endfacet
  facet normal 0.000000 0.000000 -1.000000
    outer loop
      vertex 14.206349 17.340426 0.000000
      vertex 14.841270 18.617021 0.000000
      vertex 14.841270 17.340426 0.000000
    endloop
  endfacet
  facet normal 0.000000 0.000000 -1.000000
    outer loop
      vertex 14.206349 17.340426 0.000000
      vertex 14.206349 18.617021 0.000000
      vertex 14.841270 18.617021 0.000000
    endloop
  endfacet
  facet normal 0.000000 0.000000 1.000000
    outer loop
      vertex 14.206349 17.340426 0.400000
      vertex 14.841270 17.340426 0.400000
      vertex 14.841270 18.617021 0.400000
    endloop
  endfacet
  facet normal 0.000000 0.000000 1.000000
    outer loop
      vertex 14.206349 17.340426 0.400000
      vertex 14.841270 18.617021 0.400000
      vertex 14.206349 18.617021 0.400000
    endloop
  endfacet
  facet normal 0.000000 -1.000000 0.000000
    outer loop
      vertex 14.206349 17.340426 0.000000
      vertex 14.841270 17.340426 0.000000
      vertex 14.841270 17.340426 0.400000
    endloop
  endfacet
  facet normal 0.000000 -1.000000 0.000000
    outer loop
      vertex 14.206349 17.340426 0.000000
      vertex 14.841270 17.340426 0.400000
      vertex 14.206349 17.340426 0.400000
    endloop
  endfacet
  facet normal 0.000000 1.000000 0.000000
    outer loop
      vertex 14.206349 18.617021 0.000000
      vertex 14.841270 18.617021 0.400000
      vertex 14.841270 18.617021 0.000000
    endloop
  endfacet
  facet normal 0.000000 1.000000 0.000000
    outer loop
      vertex 14.206349 18.617021 0.000000
      vertex 14.206349 18.617021 0.400000
      vertex 14.841270 18.617021 0.400000
    endloop
  endfacet
  facet normal -1.000000 0.000000 0.000000
    outer loop
      vertex 14.206349 17.340426 0.000000
      vertex 14.206349 17.340426 0.400000
      vertex 14.206349 18.617021 0.400000
    endloop
  endfacet
  facet normal -1.000000 0.000000 0.000000
    outer loop
      vertex 14.206349 17.340426 0.000000
      vertex 14.206349 18.617021 0.400000
      vertex 14.206349 18.617021 0.000000
    endloop
  endfacet
  facet normal 1.000000 0.000000 0.000000
    outer loop
      vertex 14.841270 17.340426 0.000000
      vertex 14.841270 18.617021 0.000000
      vertex 14.841270 18.617021 0.400000
    endloop
  endfacet
  facet normal 1.000000 0.000000 0.000000
    outer loop
      vertex 14.841270 17.340426 0.000000
      vertex 14.841270 18.617021 0.400000
      vertex 14.841270 17.340426 0.400000
    endloop
  endfacet
  facet normal 0.000000 0.000000 -1.000000
    outer loop
      vertex 17.380952 17.021277 0.000000
      vertex 18.333333 18.617021 0.000000
      vertex 18.333333 17.021277 0.000000
    endloop
  endfacet
  facet normal 0.000000 0.000000 -1.000000
    outer loop
      vertex 17.380952 17.021277 0.000000
      vertex 17.380952 18.617021 0.000000
      vertex 18.333333 18.617021 0.000000
    endloop
  endfacet
  facet normal 0.000000 0.000000 1.000000
    outer loop
      vertex 17.380952 17.021277 0.400000
      vertex 18.333333 17.021277 0.400000
      vertex 18.333333 18.617021 0.400000
    endloop
  endfacet
  facet normal 0.000000 0.000000 1.000000
    outer loop
      vertex 17.380952 17.021277 0.400000
      vertex 18.333333 18.617021 0.400000
      vertex 17.380952 18.617021 0.400000
    endloop
  endfacet
  facet normal 0.000000 -1.000000 0.000000
    outer loop
      vertex 17.380952 17.021277 0.000000
      vertex 18.333333 17.021277 0.000000
      vertex 18.333333 17.021277 0.400000
    endloop
  endfacet
  facet normal 0.000000 -1.000000 0.000000
    outer loop
      vertex 17.380952 17.021277 0.000000
      vertex 18.333333 17.021277 0.400000
      vertex 17.380952 17.021277 0.400000
    endloop
  endfacet
  facet normal 0.000000 1.000000 0.000000
    outer loop
      vertex 17.380952 18.617021 0.000000
      vertex 18.333333 18.617021 0.400000
      vertex 18.333333 18.617021 0.000000
    endloop
  endfacet
  facet normal 0.000000 1.000000 0.000000
    outer loop
      vertex 17.380952 18.617021 0.000000
      vertex 17.380952 18.617021 0.400000
      vertex 18.333333 18.617021 0.400000
    endloop
  endfacet
  facet normal -1.000000 0.000000 0.000000
    outer loop
      vertex 17.380952 17.021277 0.000000
      vertex 17.380952 17.021277 0.400000
      vertex 17.380952 18.617021 0.400000
    endloop
  endfacet
  facet normal -1.000000 0.000000 0.000000
    outer loop
      vertex 17.380952 17.021277 0.000000
      vertex 17.380952 18.617021 0.400000
      vertex 17.380952 18.617021 0.000000
    endloop
  endfacet
  facet normal 1.000000 0.000000 0.000000
    outer loop
      vertex 18.333333 17.021277 0.000000
      vertex 18.333333 18.617021 0.000000
      vertex 18.333333 18.617021 0.400000
    endloop
  endfacet
  facet normal 1.000000 0.000000 0.000000
    outer loop
      vertex 18.333333 17.021277 0.000000
      vertex 18.333333 18.617021 0.400000
      vertex 18.333333 17.021277 0.400000
    endloop
  endfacet
  facet normal 0.000000 0.000000 -1.000000
    outer loop
      vertex 31.666667 18.297872 0.000000
      vertex 31.984127 18.617021 0.000000
      vertex 31.984127 18.297872 0.000000
    endloop
  endfacet
  facet normal 0.000000 0.000000 -1.000000
    outer loop
      vertex 31.666667 18.297872 0.000000
      vertex 31.666667 18.617021 0.000000
      vertex 31.984127 18.617021 0.000000
    endloop
  endfacet
  facet normal 0.000000 0.000000 1.000000
    outer loop
      vertex 31.666667 18.297872 0.400000
      vertex 31.984127 18.297872 0.400000
      vertex 31.984127 18.617021 0.400000
    endloop
  endfacet
  facet normal 0.000000 0.000000 1.000000
    outer loop
      vertex 31.666667 18.297872 0.400000
      vertex 31.984127 18.617021 0.400000
      vertex 31.666667 18.617021 0.400000
    endloop
  endfacet
  facet normal 0.000000 -1.000000 0.000000
    outer loop
      vertex 31.666667 18.297872 0.000000
      vertex 31.984127 18.297872 0.000000
      vertex 31.984127 18.297872 0.400000
    endloop
  endfacet
  facet normal 0.000000 -1.000000 0.000000
    outer loop
      vertex 31.666667 18.297872 0.000000
      vertex 31.984127 18.297872 0.400000
      vertex 31.666667 18.297872 0.400000
    endloop
  endfacet
  facet normal 0.000000 1.000000 0.000000
    outer loop
      vertex 31.666667 18.617021 0.000000
      vertex 31.984127 18.617021 0.400000
      vertex 31.984127 18.617021 0.000000
    endloop
  endfacet
  facet normal 0.000000 1.000000 0.000000
    outer loop
      vertex 31.666667 18.617021 0.000000
      vertex 31.666667 18.617021 0.400000
      vertex 31.984127 18.617021 0.400000
    endloop
  endfacet
  facet normal -1.000000 0.000000 0.000000
    outer loop
      vertex 31.666667 18.297872 0.000000
      vertex 31.666667 18.297872 0.400000
      vertex 31.666667 18.617021 0.400000
    endloop
  endfacet
  facet normal -1.000000 0.000000 0.000000
    outer loop
      vertex 31.666667 18.297872 0.000000
      vertex 31.666667 18.617021 0.400000
      vertex 31.666667 18.617021 0.000000
    endloop
  endfacet
  facet normal 1.000000 0.000000 0.000000
    outer loop
      vertex 31.984127 18.297872 0.000000
      vertex 31.984127 18.617021 0.000000
      vertex 31.984127 18.617021 0.400000
    endloop
  endfacet
  facet normal 1.000000 0.000000 0.000000
    outer loop
      vertex 31.984127 18.297872 0.000000
      vertex 31.984127 18.617021 0.400000
      vertex 31.984127 18.297872 0.400000
    endloop
  endfacet
  facet normal 0.000000 0.000000 -1.000000
    outer loop
      vertex 13.888889 17.340426 0.000000
      vertex 14.206349 18.297872 0.000000
      vertex 14.206349 17.340426 0.000000
    endloop
  endfacet
  facet normal 0.000000 0.000000 -1.000000
    outer loop
      vertex 13.888889 17.340426 0.000000
      vertex 13.888889 18.297872 0.000000
      vertex 14.206349 18.297872 0.000000
    endloop
  endfacet
  facet normal 0.000000 0.000000 1.000000
    outer loop
      vertex 13.888889 17.340426 0.400000
      vertex 14.206349 17.340426 0.400000
      vertex 14.206349 18.297872 0.400000
    endloop
  endfacet
  facet normal 0.000000 0.000000 1.000000
    outer loop
      vertex 13.888889 17.340426 0.400000
      vertex 14.206349 18.297872 0.400000
      vertex 13.888889 18.297872 0.400000
    endloop
  endfacet
  facet normal 0.000000 -1.000000 0.000000
    outer loop
      vertex 13.888889 17.340426 0.000000
      vertex 14.206349 17.340426 0.000000
      vertex 14.206349 17.340426 0.400000
    endloop
  endfacet
  facet normal 0.000000 -1.000000 0.000000
    outer loop
      vertex 13.888889 17.340426 0.000000
      vertex 14.206349 17.340426 0.400000
      vertex 13.888889 17.340426 0.400000
    endloop
  endfacet
  facet normal 0.000000 1.000000 0.000000
    outer loop
      vertex 13.888889 18.297872 0.000000
      vertex 14.206349 18.297872 0.400000
      vertex 14.206349 18.297872 0.000000
    endloop
  endfacet
  facet normal 0.000000 1.000000 0.000000
    outer loop
      vertex 13.888889 18.297872 0.000000
      vertex 13.888889 18.297872 0.400000
      vertex 14.206349 18.297872 0.400000
    endloop
  endfacet
  facet normal -1.000000 0.000000 0.000000
    outer loop
      vertex 13.888889 17.340426 0.000000
      vertex 13.888889 17.340426 0.400000
      vertex 13.888889 18.297872 0.400000
    endloop
  endfacet
  facet normal -1.000000 0.000000 0.000000
    outer loop
      vertex 13.888889 17.340426 0.000000
      vertex 13.888889 18.297872 0.400000
      vertex 13.888889 18.297872 0.000000
    endloop
  endfacet
  facet normal 1.000000 0.000000 0.000000
    outer loop
      vertex 14.206349 17.340426 0.000000
      vertex 14.206349 18.297872 0.000000
      vertex 14.206349 18.297872 0.400000
    endloop
  endfacet
  facet normal 1.000000 0.000000 0.000000
    outer loop
      vertex 14.206349 17.340426 0.000000
      vertex 14.206349 18.297872 0.400000
      vertex 14.206349 17.340426 0.400000
    endloop
  endfacet
  facet normal 0.000000 0.000000 -1.000000
    outer loop
      vertex 18.333333 16.702128 0.000000
      vertex 18.650794 18.297872 0.000000
      vertex 18.650794 16.702128 0.000000
    endloop
  endfacet
  facet normal 0.000000 0.000000 -1.000000
    outer loop
      vertex 18.333333 16.702128 0.000000
      vertex 18.333333 18.297872 0.000000
      vertex 18.650794 18.297872 0.000000
    endloop
  endfacet
  facet normal 0.000000 0.000000 1.000000
    outer loop
      vertex 18.333333 16.702128 0.400000
      vertex 18.650794 16.702128 0.400000
      vertex 18.650794 18.297872 0.400000
    endloop
  endfacet
  facet normal 0.000000 0.000000 1.000000
    outer loop
      vertex 18.333333 16.702128 0.400000
      vertex 18.650794 18.297872 0.400000
      vertex 18.333333 18.297872 0.400000
    endloop
  endfacet
  facet normal 0.000000 -1.000000 0.000000
    outer loop
      vertex 18.333333 16.702128 0.000000
      vertex 18.650794 16.702128 0.000000
      vertex 18.650794 16.702128 0.400000
    endloop
  endfacet
  facet normal 0.000000 -1.000000 0.000000
    outer loop
      vertex 18.333333 16.702128 0.000000
      vertex 18.650794 16.702128 0.400000
      vertex 18.333333 16.702128 0.400000
    endloop
  endfacet
  facet normal 0.000000 1.000000 0.000000
    outer loop
      vertex 18.333333 18.297872 0.000000
      vertex 18.650794 18.297872 0.400000
      vertex 18.650794 18.297872 0.000000
    endloop
  endfacet
  facet normal 0.000000 1.000000 0.000000
    outer loop
      vertex 18.333333 18.297872 0.000000
      vertex 18.333333 18.297872 0.400000
      vertex 18.650794 18.297872 0.400000
    endloop
  endfacet
  facet normal -1.000000 0.000000 0.000000
    outer loop
      vertex 18.333333 16.702128 0.000000
      vertex 18.333333 16.702128 0.400000
      vertex 18.333333 18.297872 0.400000
    endloop
  endfacet
  facet normal -1.000000 0.000000 0.000000
    outer loop
      vertex 18.333333 16.702128 0.000000
      vertex 18.333333 18.297872 0.400000
      vertex 18.333333 18.297872 0.000000
    endloop
  endfacet
  facet normal 1.000000 0.000000 0.000000
    outer loop
      vertex 18.650794 16.702128 0.000000
      vertex 18.650794 18.297872 0.000000
      vertex 18.650794 18.297872 0.400000
    endloop
  endfacet
  facet normal 1.000000 0.000000 0.000000
    outer loop
      vertex 18.650794 16.702128 0.000000
      vertex 18.650794 18.297872 0.400000
      vertex 18.650794 16.702128 0.400000
    endloop
  endfacet
  facet normal 0.000000 0.000000 -1.000000
    outer loop
      vertex 9.444444 10.000000 0.000000
      vertex 11.349206 17.978723 0.000000
      vertex 11.349206 10.000000 0.000000
    endloop
  endfacet
  facet normal 0.000000 0.000000 -1.000000
    outer loop
      vertex 9.444444 10.000000 0.000000
      vertex 9.444444 17.978723 0.000000
      vertex 11.349206 17.978723 0.000000
    endloop
  endfacet
  facet normal 0.000000 0.000000 1.000000
    outer loop
      vertex 9.444444 10.000000 0.400000
      vertex 11.349206 10.000000 0.400000
      vertex 11.349206 17.978723 0.400000
    endloop
  endfacet
  facet normal 0.000000 0.000000 1.000000
    outer loop
      vertex 9.444444 10.000000 0.400000
      vertex 11.349206 17.978723 0.400000
      vertex 9.444444 17.978723 0.400000
    endloop
  endfacet
  facet normal 0.000000 -1.000000 0.000000
    outer loop
      vertex 9.444444 10.000000 0.000000
      vertex 11.349206 10.000000 0.000000
      vertex 11.349206 10.000000 0.400000
    endloop
  endfacet
  facet normal 0.000000 -1.000000 0.000000
    outer loop
      vertex 9.444444 10.000000 0.000000
      vertex 11.349206 10.000000 0.400000
      vertex 9.444444 10.000000 0.400000
    endloop
  endfacet
  facet normal 0.000000 1.000000 0.000000
    outer loop
      vertex 9.444444 17.978723 0.000000
      vertex 11.349206 17.978723 0.400000
      vertex 11.349206 17.978723 0.000000
    endloop
  endfacet
  facet normal 0.000000 1.000000 0.000000
    outer loop
      vertex 9.444444 17.978723 0.000000
      vertex 9.444444 17.978723 0.400000
      vertex 11.349206 17.978723 0.400000
    endloop
  endfacet
  facet normal -1.000000 0.000000 0.000000
    outer loop
      vertex 9.444444 10.000000 0.000000
      vertex 9.444444 10.000000 0.400000
      vertex 9.444444 17.978723 0.400000
    endloop
  endfacet
  facet normal -1.000000 0.000000 0.000000
    outer loop
      vertex 9.444444 10.000000 0.000000
      vertex 9.444444 17.978723 0.400000
      vertex 9.444444 17.978723 0.000000
    endloop
  endfacet
  facet normal 1.000000 0.000000 0.000000
    outer loop
      vertex 11.349206 10.000000 0.000000
      vertex 11.349206 17.978723 0.000000
      vertex 11.349206 17.978723 0.400000
    endloop
  endfacet
  facet normal 1.000000 0.000000 0.000000
    outer loop
      vertex 11.349206 10.000000 0.000000
      vertex 11.349206 17.978723 0.400000
      vertex 11.349206 10.000000 0.400000
    endloop
  endfacet
  facet normal 0.000000 0.000000 -1.000000
    outer loop
      vertex 29.444444 16.702128 0.000000
      vertex 31.031746 17.659574 0.000000
      vertex 31.031746 16.702128 0.000000
    endloop
  endfacet
  facet normal 0.000000 0.000000 -1.000000
    outer loop
      vertex 29.444444 16.702128 0.000000
      vertex 29.444444 17.659574 0.000000
      vertex 31.031746 17.659574 0.000000
    endloop
  endfacet
  facet normal 0.000000 0.000000 1.000000
    outer loop
      vertex 29.444444 16.702128 0.400000
      vertex 31.031746 16.702128 0.400000
      vertex 31.031746 17.659574 0.400000
    endloop
  endfacet
  facet normal 0.000000 0.000000 1.000000
    outer loop
      vertex 29.444444 16.702128 0.400000
      vertex 31.031746 17.659574 0.400000
      vertex 29.444444 17.659574 0.400000
    endloop
  endfacet
  facet normal 0.000000 -1.000000 0.000000
    outer loop
      vertex 29.444444 16.702128 0.000000
      vertex 31.031746 16.702128 0.000000
      vertex 31.031746 16.702128 0.400000
    endloop
  endfacet
  facet normal 0.000000 -1.000000 0.000000
    outer loop
      vertex 29.444444 16.702128 0.000000
      vertex 31.031746 16.702128 0.400000
      vertex 29.444444 16.702128 0.400000
    endloop
  endfacet
  facet normal 0.000000 1.000000 0.000000
    outer loop
      vertex 29.444444 17.659574 0.000000
      vertex 31.031746 17.659574 0.400000
      vertex 31.031746 17.659574 0.000000
    endloop
  endfacet
  facet normal 0.000000 1.000000 0.000000
    outer loop
      vertex 29.444444 17.659574 0.000000
      vertex 29.444444 17.659574 0.400000
      vertex 31.031746 17.659574 0.400000
    endloop
  endfacet
  facet normal -1.000000 0.000000 0.000000
    outer loop
      vertex 29.444444 16.702128 0.000000
      vertex 29.444444 16.702128 0.400000
      vertex 29.444444 17.659574 0.400000
    endloop
  endfacet
  facet normal -1.000000 0.000000 0.000000
    outer loop
      vertex 29.444444 16.702128 0.000000
      vertex 29.444444 17.659574 0.400000
      vertex 29.444444 17.659574 0.000000
    endloop
  endfacet
  facet normal 1.000000 0.000000 0.000000
    outer loop
      vertex 31.031746 16.702128 0.000000
      vertex 31.031746 17.659574 0.000000
      vertex 31.031746 17.659574 0.400000
    endloop
  endfacet
  facet normal 1.000000 0.000000 0.000000
    outer loop
      vertex 31.031746 16.702128 0.000000
      vertex 31.031746 17.659574 0.400000
      vertex 31.031746 16.702128 0.400000
    endloop
  endfacet
  facet normal 0.000000 0.000000 -1.000000
    outer loop
      vertex 17.063492 17.021277 0.000000
      vertex 17.380952 17.340426 0.000000
      vertex 17.380952 17.021277 0.000000
    endloop
  endfacet
  facet normal 0.000000 0.000000 -1.000000
    outer loop
      vertex 17.063492 17.021277 0.000000
      vertex 17.063492 17.340426 0.000000
      vertex 17.380952 17.340426 0.000000
    endloop
  endfacet
  facet normal 0.000000 0.000000 1.000000
    outer loop
      vertex 17.063492 17.021277 0.400000
      vertex 17.380952 17.021277 0.400000
      vertex 17.380952 17.340426 0.400000
    endloop
  endfacet
  facet normal 0.000000 0.000000 1.000000
    outer loop
      vertex 17.063492 17.021277 0.400000
      vertex 17.380952 17.340426 0.400000
      vertex 17.063492 17.340426 0.400000
    endloop
  endfacet
  facet normal 0.000000 -1.000000 0.000000
    outer loop
      vertex 17.063492 17.021277 0.000000
      vertex 17.380952 17.021277 0.000000
      vertex 17.380952 17.021277 0.400000
    endloop
  endfacet
  facet normal 0.000000 -1.000000 0.000000
    outer loop
      vertex 17.063492 17.021277 0.000000
      vertex 17.380952 17.021277 0.400000
      vertex 17.063492 17.021277 0.400000
    endloop
  endfacet
  facet normal 0.000000 1.000000 0.000000
    outer loop
      vertex 17.063492 17.340426 0.000000
      vertex 17.380952 17.340426 0.400000
      vertex 17.380952 17.340426 0.000000
    endloop
  endfacet
  facet normal 0.000000 1.000000 0.000000
    outer loop
      vertex 17.063492 17.340426 0.000000
      vertex 17.063492 17.340426 0.400000
      vertex 17.380952 17.340426 0.400000
    endloop
  endfacet
  facet normal -1.000000 0.000000 0.000000
    outer loop
      vertex 17.063492 17.021277 0.000000
      vertex 17.063492 17.021277 0.400000
      vertex 17.063492 17.340426 0.400000
    endloop
  endfacet
  facet normal -1.000000 0.000000 0.000000
    outer loop
      vertex 17.063492 17.021277 0.000000
      vertex 17.063492 17.340426 0.400000
      vertex 17.063492 17.340426 0.000000
    endloop
  endfacet
  facet normal 1.000000 0.000000 0.000000
    outer loop
      vertex 17.380952 17.021277 0.000000
      vertex 17.380952 17.340426 0.000000
      vertex 17.380952 17.340426 0.400000
    endloop
  endfacet
  facet normal 1.000000 0.000000 0.000000
    outer loop
      vertex 17.380952 17.021277 0.000000
      vertex 17.380952 17.340426 0.400000
      vertex 17.380952 17.021277 0.400000
    endloop
  endfacet
  facet normal 0.000000 0.000000 -1.000000
    outer loop
      vertex 33.888889 14.148936 0.000000
      vertex 35.476190 17.340426 0.000000
      vertex 35.476190 14.148936 0.000000
    endloop
  endfacet
  facet normal 0.000000 0.000000 -1.000000
    outer loop
      vertex 33.888889 14.148936 0.000000
      vertex 33.888889 17.340426 0.000000
      vertex 35.476190 17.340426 0.000000
    endloop
  endfacet
  facet normal 0.000000 0.000000 1.000000
    outer loop
      vertex 33.888889 14.148936 0.400000
      vertex 35.476190 14.148936 0.400000
      vertex 35.476190 17.340426 0.400000
    endloop
  endfacet
  facet normal 0.000000 0.000000 1.000000
    outer loop
      vertex 33.888889 14.148936 0.400000
      vertex 35.476190 17.340426 0.400000
      vertex 33.888889 17.340426 0.400000
    endloop
  endfacet
  facet normal 0.000000 -1.000000 0.000000
    outer loop
      vertex 33.888889 14.148936 0.000000
      vertex 35.476190 14.148936 0.000000
      vertex 35.476190 14.148936 0.400000
    endloop
  endfacet
  facet normal 0.000000 -1.000000 0.000000
    outer loop
      vertex 33.888889 14.148936 0.000000
      vertex 35.476190 14.148936 0.400000
      vertex 33.888889 14.148936 0.400000
    endloop
  endfacet
  facet normal 0.000000 1.000000 0.000000
    outer loop
      vertex 33.888889 17.340426 0.000000
      vertex 35.476190 17.340426 0.400000
      vertex 35.476190 17.340426 0.000000
    endloop
  endfacet
  facet normal 0.000000 1.000000 0.000000
    outer loop
      vertex 33.888889 17.340426 0.000000
      vertex 33.888889 17.340426 0.400000
      vertex 35.476190 17.340426 0.400000
    endloop
  endfacet
  facet normal -1.000000 0.000000 0.000000
    outer loop
      vertex 33.888889 14.148936 0.000000
      vertex 33.888889 14.148936 0.400000
      vertex 33.888889 17.340426 0.400000
    endloop
  endfacet
  facet normal -1.000000 0.000000 0.000000
    outer loop
      vertex 33.888889 14.148936 0.000000
      vertex 33.888889 17.340426 0.400000
      vertex 33.888889 17.340426 0.000000
    endloop
  endfacet
  facet normal 1.000000 0.000000 0.000000
    outer loop
      vertex 35.476190 14.148936 0.000000
      vertex 35.476190 17.340426 0.000000
      vertex 35.476190 17.340426 0.400000
    endloop
  endfacet
  facet normal 1.000000 0.000000 0.000000
    outer loop
      vertex 35.476190 14.148936 0.000000
      vertex 35.476190 17.340426 0.400000
      vertex 35.476190 14.148936 0.400000
    endloop
  endfacet
  facet normal 0.000000 0.000000 -1.000000
    outer loop
      vertex 18.015873 16.702128 0.000000
      vertex 18.333333 17.021277 0.000000
      vertex 18.333333 16.702128 0.000000
    endloop
  endfacet
  facet normal 0.000000 0.000000 -1.000000
    outer loop
      vertex 18.015873 16.702128 0.000000
      vertex 18.015873 17.021277 0.000000
      vertex 18.333333 17.021277 0.000000
    endloop
  endfacet
  facet normal 0.000000 0.000000 1.000000
    outer loop
      vertex 18.015873 16.702128 0.400000
      vertex 18.333333 16.702128 0.400000
      vertex 18.333333 17.021277 0.400000
    endloop
  endfacet
  facet normal 0.000000 0.000000 1.000000
    outer loop
      vertex 18.015873 16.702128 0.400000
      vertex 18.333333 17.021277 0.400000
      vertex 18.015873 17.021277 0.400000
    endloop
  endfacet
  facet normal 0.000000 -1.000000 0.000000
    outer loop
      vertex 18.015873 16.702128 0.000000
      vertex 18.333333 16.702128 0.000000
      vertex 18.333333 16.702128 0.400000
    endloop
  endfacet
  facet normal 0.000000 -1.000000 0.000000
    outer loop
      vertex 18.015873 16.702128 0.000000
      vertex 18.333333 16.702128 0.400000
      vertex 18.015873 16.702128 0.400000
    endloop
  endfacet
  facet normal 0.000000 1.000000 0.000000
    outer loop
      vertex 18.015873 17.021277 0.000000
      vertex 18.333333 17.021277 0.400000
      vertex 18.333333 17.021277 0.000000
    endloop
  endfacet
  facet normal 0.000000 1.000000 0.000000
    outer loop
      vertex 18.015873 17.021277 0.000000
      vertex 18.015873 17.021277 0.400000
      vertex 18.333333 17.021277 0.400000
    endloop
  endfacet
  facet normal -1.000000 0.000000 0.000000
    outer loop
      vertex 18.015873 16.702128 0.000000
      vertex 18.015873 16.702128 0.400000
      vertex 18.015873 17.021277 0.400000
    endloop
  endfacet
  facet normal -1.000000 0.000000 0.000000
    outer loop
      vertex 18.015873 16.702128 0.000000
      vertex 18.015873 17.021277 0.400000
      vertex 18.015873 17.021277 0.000000
    endloop
  endfacet
  facet normal 1.000000 0.000000 0.000000
    outer loop
      vertex 18.333333 16.702128 0.000000
      vertex 18.333333 17.021277 0.000000
      vertex 18.333333 17.021277 0.400000
    endloop
  endfacet
  facet normal 1.000000 0.000000 0.000000
    outer loop
      vertex 18.333333 16.702128 0.000000
      vertex 18.333333 17.021277 0.400000
      vertex 18.333333 16.702128 0.400000
    endloop
  endfacet
  facet normal 0.000000 0.000000 -1.000000
    outer loop
      vertex 33.571429 14.468085 0.000000
      vertex 33.888889 17.021277 0.000000
      vertex 33.888889 14.468085 0.000000
    endloop
  endfacet
  facet normal 0.000000 0.000000 -1.000000
    outer loop
      vertex 33.571429 14.468085 0.000000
      vertex 33.571429 17.021277 0.000000
      vertex 33.888889 17.021277 0.000000
    endloop
  endfacet
  facet normal 0.000000 0.000000 1.000000
    outer loop
      vertex 33.571429 14.468085 0.400000
      vertex 33.888889 14.468085 0.400000
      vertex 33.888889 17.021277 0.400000
    endloop
  endfacet
  facet normal 0.000000 0.000000 1.000000
    outer loop
      vertex 33.571429 14.468085 0.400000
      vertex 33.888889 17.021277 0.400000
      vertex 33.571429 17.021277 0.400000
    endloop
  endfacet
  facet normal 0.000000 -1.000000 0.000000
    outer loop
      vertex 33.571429 14.468085 0.000000
      vertex 33.888889 14.468085 0.000000
      vertex 33.888889 14.468085 0.400000
    endloop
  endfacet
  facet normal 0.000000 -1.000000 0.000000
    outer loop
      vertex 33.571429 14.468085 0.000000
      vertex 33.888889 14.468085 0.400000
      vertex 33.571429 14.468085 0.400000
    endloop
  endfacet
  facet normal 0.000000 1.000000 0.000000
    outer loop
      vertex 33.571429 17.021277 0.000000
      vertex 33.888889 17.021277 0.400000
      vertex 33.888889 17.021277 0.000000
    endloop
  endfacet
  facet normal 0.000000 1.000000 0.000000
    outer loop
      vertex 33.571429 17.021277 0.000000
      vertex 33.571429 17.021277 0.400000
      vertex 33.888889 17.021277 0.400000
    endloop
  endfacet
  facet normal -1.000000 0.000000 0.000000
    outer loop
      vertex 33.571429 14.468085 0.000000
      vertex 33.571429 14.468085 0.400000
      vertex 33.571429 17.021277 0.400000
    endloop
  endfacet
  facet normal -1.000000 0.000000 0.000000
    outer loop
      vertex 33.571429 14.468085 0.000000
      vertex 33.571429 17.021277 0.400000
      vertex 33.571429 17.021277 0.000000
    endloop
  endfacet
  facet normal 1.000000 0.000000 0.000000
    outer loop
      vertex 33.888889 14.468085 0.000000
      vertex 33.888889 17.021277 0.000000
      vertex 33.888889 17.021277 0.400000
    endloop
  endfacet
  facet normal 1.000000 0.000000 0.000000
    outer loop
      vertex 33.888889 14.468085 0.000000
      vertex 33.888889 17.021277 0.400000
      vertex 33.888889 14.468085 0.400000
    endloop
  endfacet
  facet normal 0.000000 0.000000 -1.000000
    outer loop
      vertex 35.476190 14.468085 0.000000
      vertex 35.793651 17.021277 0.000000
      vertex 35.793651 14.468085 0.000000
    endloop
  endfacet
  facet normal 0.000000 0.000000 -1.000000
    outer loop
      vertex 35.476190 14.468085 0.000000
      vertex 35.476190 17.021277 0.000000
      vertex 35.793651 17.021277 0.000000
    endloop
  endfacet
  facet normal 0.000000 0.000000 1.000000
    outer loop
      vertex 35.476190 14.468085 0.400000
      vertex 35.793651 14.468085 0.400000
      vertex 35.793651 17.021277 0.400000
    endloop
  endfacet
  facet normal 0.000000 0.000000 1.000000
    outer loop
      vertex 35.476190 14.468085 0.400000
      vertex 35.793651 17.021277 0.400000
      vertex 35.476190 17.021277 0.400000
    endloop
  endfacet
  facet normal 0.000000 -1.000000 0.000000
    outer loop
      vertex 35.476190 14.468085 0.000000
      vertex 35.793651 14.468085 0.000000
      vertex 35.793651 14.468085 0.400000
    endloop
  endfacet
  facet normal 0.000000 -1.000000 0.000000
    outer loop
      vertex 35.476190 14.468085 0.000000
      vertex 35.793651 14.468085 0.400000
      vertex 35.476190 14.468085 0.400000
    endloop
  endfacet
  facet normal 0.000000 1.000000 0.000000
    outer loop
      vertex 35.476190 17.021277 0.000000
      vertex 35.793651 17.021277 0.400000
      vertex 35.793651 17.021277 0.000000
    endloop
  endfacet
  facet normal 0.000000 1.000000 0.000000
    outer loop
      vertex 35.476190 17.021277 0.000000
      vertex 35.476190 17.021277 0.400000
      vertex 35.793651 17.021277 0.400000
    endloop
  endfacet
  facet normal -1.000000 0.000000 0.000000
    outer loop
      vertex 35.476190 14.468085 0.000000
      vertex 35.476190 14.468085 0.400000
      vertex 35.476190 17.021277 0.400000
    endloop
  endfacet
  facet normal -1.000000 0.000000 0.000000
    outer loop
      vertex 35.476190 14.468085 0.000000
      vertex 35.476190 17.021277 0.400000
      vertex 35.476190 17.021277 0.000000
    endloop
  endfacet
  facet normal 1.000000 0.000000 0.000000
    outer loop
      vertex 35.793651 14.468085 0.000000
      vertex 35.793651 17.021277 0.000000
      vertex 35.793651 17.021277 0.400000
    endloop
  endfacet
  facet normal 1.000000 0.000000 0.000000
    outer loop
      vertex 35.793651 14.468085 0.000000
      vertex 35.793651 17.021277 0.400000
      vertex 35.793651 14.468085 0.400000
    endloop
  endfacet
  facet normal 0.000000 0.000000 -1.000000
    outer loop
      vertex 29.444444 10.000000 0.000000
      vertex 30.714286 16.702128 0.000000
      vertex 30.714286 10.000000 0.000000
    endloop
  endfacet
  facet normal 0.000000 0.000000 -1.000000
    outer loop
      vertex 29.444444 10.000000 0.000000
      vertex 29.444444 16.702128 0.000000
      vertex 30.714286 16.702128 0.000000
    endloop
  endfacet
  facet normal 0.000000 0.000000 1.000000
    outer loop
      vertex 29.444444 10.000000 0.400000
      vertex 30.714286 10.000000 0.400000
      vertex 30.714286 16.702128 0.400000
    endloop
  endfacet
  facet normal 0.000000 0.000000 1.000000
    outer loop
      vertex 29.444444 10.000000 0.400000
      vertex 30.714286 16.702128 0.400000
      vertex 29.444444 16.702128 0.400000
    endloop
  endfacet
  facet normal 0.000000 -1.000000 0.000000
    outer loop
      vertex 29.444444 10.000000 0.000000
      vertex 30.714286 10.000000 0.000000
      vertex 30.714286 10.000000 0.400000
    endloop
  endfacet
  facet normal 0.000000 -1.000000 0.000000
    outer loop
      vertex 29.444444 10.000000 0.000000
      vertex 30.714286 10.000000 0.400000
      vertex 29.444444 10.000000 0.400000
    endloop
  endfacet
  facet normal 0.000000 1.000000 0.000000
    outer loop
      vertex 29.444444 16.702128 0.000000
      vertex 30.714286 16.702128 0.400000
      vertex 30.714286 16.702128 0.000000
    endloop
  endfacet
  facet normal 0.000000 1.000000 0.000000
    outer loop
      vertex 29.444444 16.702128 0.000000
      vertex 29.444444 16.702128 0.400000
      vertex 30.714286 16.702128 0.400000
    endloop
  endfacet
  facet normal -1.000000 0.000000 0.000000
    outer loop
      vertex 29.444444 10.000000 0.000000
      vertex 29.444444 10.000000 0.400000
      vertex 29.444444 16.702128 0.400000
    endloop
  endfacet
  facet normal -1.000000 0.000000 0.000000
    outer loop
      vertex 29.444444 10.000000 0.000000
      vertex 29.444444 16.702128 0.400000
      vertex 29.444444 16.702128 0.000000
    endloop
  endfacet
  facet normal 1.000000 0.000000 0.000000
    outer loop
      vertex 30.714286 10.000000 0.000000
      vertex 30.714286 16.702128 0.000000
      vertex 30.714286 16.702128 0.400000
    endloop
  endfacet
  facet normal 1.000000 0.000000 0.000000
    outer loop
      vertex 30.714286 10.000000 0.000000
      vertex 30.714286 16.702128 0.400000
      vertex 30.714286 10.000000 0.400000
    endloop
  endfacet
  facet normal 0.000000 0.000000 -1.000000
    outer loop
      vertex 35.793651 14.787234 0.000000
      vertex 36.111111 16.702128 0.000000
      vertex 36.111111 14.787234 0.000000
    endloop
  endfacet
  facet normal 0.000000 0.000000 -1.000000
    outer loop
      vertex 35.793651 14.787234 0.000000
      vertex 35.793651 16.702128 0.000000
      vertex 36.111111 16.702128 0.000000
    endloop
  endfacet
  facet normal 0.000000 0.000000 1.000000
    outer loop
      vertex 35.793651 14.787234 0.400000
      vertex 36.111111 14.787234 0.400000
      vertex 36.111111 16.702128 0.400000
    endloop
  endfacet
  facet normal 0.000000 0.000000 1.000000
    outer loop
      vertex 35.793651 14.787234 0.400000
      vertex 36.111111 16.702128 0.400000
      vertex 35.793651 16.702128 0.400000
    endloop
  endfacet
  facet normal 0.000000 -1.000000 0.000000
    outer loop
      vertex 35.793651 14.787234 0.000000
      vertex 36.111111 14.787234 0.000000
      vertex 36.111111 14.787234 0.400000
    endloop
  endfacet
  facet normal 0.000000 -1.000000 0.000000
    outer loop
      vertex 35.793651 14.787234 0.000000
      vertex 36.111111 14.787234 0.400000
      vertex 35.793651 14.787234 0.400000
    endloop
  endfacet
  facet normal 0.000000 1.000000 0.000000
    outer loop
      vertex 35.793651 16.702128 0.000000
      vertex 36.111111 16.702128 0.400000
      vertex 36.111111 16.702128 0.000000
    endloop
  endfacet
  facet normal 0.000000 1.000000 0.000000
    outer loop
      vertex 35.793651 16.702128 0.000000
      vertex 35.793651 16.702128 0.400000
      vertex 36.111111 16.702128 0.400000
    endloop
  endfacet
  facet normal -1.000000 0.000000 0.000000
    outer loop
      vertex 35.793651 14.787234 0.000000
      vertex 35.793651 14.787234 0.400000
      vertex 35.793651 16.702128 0.400000
    endloop
  endfacet
  facet normal -1.000000 0.000000 0.000000
    outer loop
      vertex 35.793651 14.787234 0.000000
      vertex 35.793651 16.702128 0.400000
      vertex 35.793651 16.702128 0.000000
    endloop
  endfacet
  facet normal 1.000000 0.000000 0.000000
    outer loop
      vertex 36.111111 14.787234 0.000000
      vertex 36.111111 16.702128 0.000000
      vertex 36.111111 16.702128 0.400000
    endloop
  endfacet
  facet normal 1.000000 0.000000 0.000000
    outer loop
      vertex 36.111111 14.787234 0.000000
      vertex 36.111111 16.702128 0.400000
      vertex 36.111111 14.787234 0.400000
    endloop
  endfacet
  facet normal 0.000000 0.000000 -1.000000
    outer loop
      vertex 18.968254 15.744681 0.000000
      vertex 20.873016 16.382979 0.000000
      vertex 20.873016 15.744681 0.000000
    endloop
  endfacet
  facet normal 0.000000 0.000000 -1.000000
    outer loop
      vertex 18.968254 15.744681 0.000000
      vertex 18.968254 16.382979 0.000000
      vertex 20.873016 16.382979 0.000000
    endloop
  endfacet
  facet normal 0.000000 0.000000 1.000000
    outer loop
      vertex 18.968254 15.744681 0.400000
      vertex 20.873016 15.744681 0.400000
      vertex 20.873016 16.382979 0.400000
    endloop
  endfacet
  facet normal 0.000000 0.000000 1.000000
    outer loop
      vertex 18.968254 15.744681 0.400000
      vertex 20.873016 16.382979 0.400000
      vertex 18.968254 16.382979 0.400000
    endloop
  endfacet
  facet normal 0.000000 -1.000000 0.000000
    outer loop
      vertex 18.968254 15.744681 0.000000
      vertex 20.873016 15.744681 0.000000
      vertex 20.873016 15.744681 0.400000
    endloop
  endfacet
  facet normal 0.000000 -1.000000 0.000000
    outer loop
      vertex 18.968254 15.744681 0.000000
      vertex 20.873016 15.744681 0.400000
      vertex 18.968254 15.744681 0.400000
    endloop
  endfacet
  facet normal 0.000000 1.000000 0.000000
    outer loop
      vertex 18.968254 16.382979 0.000000
      vertex 20.873016 16.382979 0.400000
      vertex 20.873016 16.382979 0.000000
    endloop
  endfacet
  facet normal 0.000000 1.000000 0.000000
    outer loop
      vertex 18.968254 16.382979 0.000000
      vertex 18.968254 16.382979 0.400000
      vertex 20.873016 16.382979 0.400000
    endloop
  endfacet
  facet normal -1.000000 0.000000 0.000000
    outer loop
      vertex 18.968254 15.744681 0.000000
      vertex 18.968254 15.744681 0.400000
      vertex 18.968254 16.382979 0.400000
    endloop
  endfacet
  facet normal -1.000000 0.000000 0.000000
    outer loop
      vertex 18.968254 15.744681 0.000000
      vertex 18.968254 16.382979 0.400000
      vertex 18.968254 16.382979 0.000000
    endloop
  endfacet
  facet normal 1.000000 0.000000 0.000000
    outer loop
      vertex 20.873016 15.744681 0.000000
      vertex 20.873016 16.382979 0.000000
      vertex 20.873016 16.382979 0.400000
    endloop
  endfacet
  facet normal 1.000000 0.000000 0.000000
    outer loop
      vertex 20.873016 15.744681 0.000000
      vertex 20.873016 16.382979 0.400000
      vertex 20.873016 15.744681 0.400000
    endloop
  endfacet
  facet normal 0.000000 0.000000 -1.000000
    outer loop
      vertex 33.253968 15.106383 0.000000
      vertex 33.571429 16.382979 0.000000
      vertex 33.571429 15.106383 0.000000
    endloop
  endfacet
  facet normal 0.000000 0.000000 -1.000000
    outer loop
      vertex 33.253968 15.106383 0.000000
      vertex 33.253968 16.382979 0.000000
      vertex 33.571429 16.382979 0.000000
    endloop
  endfacet
  facet normal 0.000000 0.000000 1.000000
    outer loop
      vertex 33.253968 15.106383 0.400000
      vertex 33.571429 15.106383 0.400000
      vertex 33.571429 16.382979 0.400000
    endloop
  endfacet
  facet normal 0.000000 0.000000 1.000000
    outer loop
      vertex 33.253968 15.106383 0.400000
      vertex 33.571429 16.382979 0.400000
      vertex 33.253968 16.382979 0.400000
    endloop
  endfacet
  facet normal 0.000000 -1.000000 0.000000
    outer loop
      vertex 33.253968 15.106383 0.000000
      vertex 33.571429 15.106383 0.000000
      vertex 33.571429 15.106383 0.400000
    endloop
  endfacet
  facet normal 0.000000 -1.000000 0.000000
    outer loop
      vertex 33.253968 15.106383 0.000000
      vertex 33.571429 15.106383 0.400000
      vertex 33.253968 15.106383 0.400000
    endloop
  endfacet
  facet normal 0.000000 1.000000 0.000000
    outer loop
      vertex 33.253968 16.382979 0.000000
      vertex 33.571429 16.382979 0.400000
      vertex 33.571429 16.382979 0.000000
    endloop
  endfacet
  facet normal 0.000000 1.000000 0.000000
    outer loop
      vertex 33.253968 16.382979 0.000000
      vertex 33.253968 16.382979 0.400000
      vertex 33.571429 16.382979 0.400000
    endloop
  endfacet
  facet normal -1.000000 0.000000 0.000000
    outer loop
      vertex 33.253968 15.106383 0.000000
      vertex 33.253968 15.106383 0.400000
      vertex 33.253968 16.382979 0.400000
    endloop
  endfacet
  facet normal -1.000000 0.000000 0.000000
    outer loop
      vertex 33.253968 15.106383 0.000000
      vertex 33.253968 16.382979 0.400000
      vertex 33.253968 16.382979 0.000000
    endloop
  endfacet
  facet normal 1.000000 0.000000 0.000000
    outer loop
      vertex 33.571429 15.106383 0.000000
      vertex 33.571429 16.382979 0.000000
      vertex 33.571429 16.382979 0.400000
    endloop
  endfacet
  facet normal 1.000000 0.000000 0.000000
    outer loop
      vertex 33.571429 15.106383 0.000000
      vertex 33.571429 16.382979 0.400000
      vertex 33.571429 15.106383 0.400000
    endloop
  endfacet
  facet normal 0.000000 0.000000 -1.000000
    outer loop
      vertex 29.126984 10.000000 0.000000
      vertex 29.444444 16.063830 0.000000
      vertex 29.444444 10.000000 0.000000
    endloop
  endfacet
  facet normal 0.000000 0.000000 -1.000000
    outer loop
      vertex 29.126984 10.000000 0.000000
      vertex 29.126984 16.063830 0.000000
      vertex 29.444444 16.063830 0.000000
    endloop
  endfacet
  facet normal 0.000000 0.000000 1.000000
    outer loop
      vertex 29.126984 10.000000 0.400000
      vertex 29.444444 10.000000 0.400000
      vertex 29.444444 16.063830 0.400000
    endloop
  endfacet
  facet normal 0.000000 0.000000 1.000000
    outer loop
      vertex 29.126984 10.000000 0.400000
      vertex 29.444444 16.063830 0.400000
      vertex 29.126984 16.063830 0.400000
    endloop
  endfacet
  facet normal 0.000000 -1.000000 0.000000
    outer loop
      vertex 29.126984 10.000000 0.000000
      vertex 29.444444 10.000000 0.000000
      vertex 29.444444 10.000000 0.400000
    endloop
  endfacet
  facet normal 0.000000 -1.000000 0.000000
    outer loop
      vertex 29.126984 10.000000 0.000000
      vertex 29.444444 10.000000 0.400000
      vertex 29.126984 10.000000 0.400000
    endloop
  endfacet
  facet normal 0.000000 1.000000 0.000000
    outer loop
      vertex 29.126984 16.063830 0.000000
      vertex 29.444444 16.063830 0.400000
      vertex 29.444444 16.063830 0.000000
    endloop
  endfacet
  facet normal 0.000000 1.000000 0.000000
    outer loop
      vertex 29.126984 16.063830 0.000000
      vertex 29.126984 16.063830 0.400000
      vertex 29.444444 16.063830 0.400000
    endloop
  endfacet
  facet normal -1.000000 0.000000 0.000000
    outer loop
      vertex 29.126984 10.000000 0.000000
      vertex 29.126984 10.000000 0.400000
      vertex 29.126984 16.063830 0.400000
    endloop
  endfacet
  facet normal -1.000000 0.000000 0.000000
    outer loop
      vertex 29.126984 10.000000 0.000000
      vertex 29.126984 16.063830 0.400000
      vertex 29.126984 16.063830 0.000000
    endloop
  endfacet
  facet normal 1.000000 0.000000 0.000000
    outer loop
      vertex 29.444444 10.000000 0.000000
      vertex 29.444444 16.063830 0.000000
      vertex 29.444444 16.063830 0.400000
    endloop
  endfacet
  facet normal 1.000000 0.000000 0.000000
    outer loop
      vertex 29.444444 10.000000 0.000000
      vertex 29.444444 16.063830 0.400000
      vertex 29.444444 10.000000 0.400000
    endloop
  endfacet
  facet normal 0.000000 0.000000 -1.000000
    outer loop
      vertex 13.888889 14.787234 0.000000
      vertex 16.111111 15.744681 0.000000
      vertex 16.111111 14.787234 0.000000
    endloop
  endfacet
  facet normal 0.000000 0.000000 -1.000000
    outer loop
      vertex 13.888889 14.787234 0.000000
      vertex 13.888889 15.744681 0.000000
      vertex 16.111111 15.744681 0.000000
    endloop
  endfacet
  facet normal 0.000000 0.000000 1.000000
    outer loop
      vertex 13.888889 14.787234 0.400000
      vertex 16.111111 14.787234 0.400000
      vertex 16.111111 15.744681 0.400000
    endloop
  endfacet
  facet normal 0.000000 0.000000 1.000000
    outer loop
      vertex 13.888889 14.787234 0.400000
      vertex 16.111111 15.744681 0.400000
      vertex 13.888889 15.744681 0.400000
    endloop
  endfacet
  facet normal 0.000000 -1.000000 0.000000
    outer loop
      vertex 13.888889 14.787234 0.000000
      vertex 16.111111 14.787234 0.000000
      vertex 16.111111 14.787234 0.400000
    endloop
  endfacet
  facet normal 0.000000 -1.000000 0.000000
    outer loop
      vertex 13.888889 14.787234 0.000000
      vertex 16.111111 14.787234 0.400000
      vertex 13.888889 14.787234 0.400000
    endloop
  endfacet
  facet normal 0.000000 1.000000 0.000000
    outer loop
      vertex 13.888889 15.744681 0.000000
      vertex 16.111111 15.744681 0.400000
      vertex 16.111111 15.744681 0.000000
    endloop
  endfacet
  facet normal 0.000000 1.000000 0.000000
    outer loop
      vertex 13.888889 15.744681 0.000000
      vertex 13.888889 15.744681 0.400000
      vertex 16.111111 15.744681 0.400000
    endloop
  endfacet
  facet normal -1.000000 0.000000 0.000000
    outer loop
      vertex 13.888889 14.787234 0.000000
      vertex 13.888889 14.787234 0.400000
      vertex 13.888889 15.744681 0.400000
    endloop
  endfacet
  facet normal -1.000000 0.000000 0.000000
    outer loop
      vertex 13.888889 14.787234 0.000000
      vertex 13.888889 15.744681 0.400000
      vertex 13.888889 15.744681 0.000000
    endloop
  endfacet
  facet normal 1.000000 0.000000 0.000000
    outer loop
      vertex 16.111111 14.787234 0.000000
      vertex 16.111111 15.744681 0.000000
      vertex 16.111111 15.744681 0.400000
    endloop
  endfacet
  facet normal 1.000000 0.000000 0.000000
    outer loop
      vertex 16.111111 14.787234 0.000000
      vertex 16.111111 15.744681 0.400000
      vertex 16.111111 14.787234 0.400000
    endloop
  endfacet
  facet normal 0.000000 0.000000 -1.000000
    outer loop
      vertex 19.285714 10.000000 0.000000
      vertex 21.190476 15.744681 0.000000
      vertex 21.190476 10.000000 0.000000
    endloop
  endfacet
  facet normal 0.000000 0.000000 -1.000000
    outer loop
      vertex 19.285714 10.000000 0.000000
      vertex 19.285714 15.744681 0.000000
      vertex 21.190476 15.744681 0.000000
    endloop
  endfacet
  facet normal 0.000000 0.000000 1.000000
    outer loop
      vertex 19.285714 10.000000 0.400000
      vertex 21.190476 10.000000 0.400000
      vertex 21.190476 15.744681 0.400000
    endloop
  endfacet
  facet normal 0.000000 0.000000 1.000000
    outer loop
      vertex 19.285714 10.000000 0.400000
      vertex 21.190476 15.744681 0.400000
      vertex 19.285714 15.744681 0.400000
    endloop
  endfacet
  facet normal 0.000000 -1.000000 0.000000
    outer loop
      vertex 19.285714 10.000000 0.000000
      vertex 21.190476 10.000000 0.000000
      vertex 21.190476 10.000000 0.400000
    endloop
  endfacet
  facet normal 0.000000 -1.000000 0.000000
    outer loop
      vertex 19.285714 10.000000 0.000000
      vertex 21.190476 10.000000 0.400000
      vertex 19.285714 10.000000 0.400000
    endloop
  endfacet
  facet normal 0.000000 1.000000 0.000000
    outer loop
      vertex 19.285714 15.744681 0.000000
      vertex 21.190476 15.744681 0.400000
      vertex 21.190476 15.744681 0.000000
    endloop
  endfacet
  facet normal 0.000000 1.000000 0.000000
    outer loop
      vertex 19.285714 15.744681 0.000000
      vertex 19.285714 15.744681 0.400000
      vertex 21.190476 15.744681 0.400000
    endloop
  endfacet
  facet normal -1.000000 0.000000 0.000000
    outer loop
      vertex 19.285714 10.000000 0.000000
      vertex 19.285714 10.000000 0.400000
      vertex 19.285714 15.744681 0.400000
    endloop
  endfacet
  facet normal -1.000000 0.000000 0.000000
    outer loop
      vertex 19.285714 10.000000 0.000000
      vertex 19.285714 15.744681 0.400000
      vertex 19.285714 15.744681 0.000000
    endloop
  endfacet
  facet normal 1.000000 0.000000 0.000000
    outer loop
      vertex 21.190476 10.000000 0.000000
      vertex 21.190476 15.744681 0.000000
      vertex 21.190476 15.744681 0.400000
    endloop
  endfacet
  facet normal 1.000000 0.000000 0.000000
    outer loop
      vertex 21.190476 10.000000 0.000000
      vertex 21.190476 15.744681 0.400000
      vertex 21.190476 10.000000 0.400000
    endloop
  endfacet
  facet normal 0.000000 0.000000 -1.000000
    outer loop
      vertex 16.111111 14.148936 0.000000
      vertex 16.746032 15.425532 0.000000
      vertex 16.746032 14.148936 0.000000
    endloop
  endfacet
  facet normal 0.000000 0.000000 -1.000000
    outer loop
      vertex 16.111111 14.148936 0.000000
      vertex 16.111111 15.425532 0.000000
      vertex 16.746032 15.425532 0.000000
    endloop
  endfacet
  facet normal 0.000000 0.000000 1.000000
    outer loop
      vertex 16.111111 14.148936 0.400000
      vertex 16.746032 14.148936 0.400000
      vertex 16.746032 15.425532 0.400000
    endloop
  endfacet
  facet normal 0.000000 0.000000 1.000000
    outer loop
      vertex 16.111111 14.148936 0.400000
      vertex 16.746032 15.425532 0.400000
      vertex 16.111111 15.425532 0.400000
    endloop
  endfacet
  facet normal 0.000000 -1.000000 0.000000
    outer loop
      vertex 16.111111 14.148936 0.000000
      vertex 16.746032 14.148936 0.000000
      vertex 16.746032 14.148936 0.400000
    endloop
  endfacet
  facet normal 0.000000 -1.000000 0.000000
    outer loop
      vertex 16.111111 14.148936 0.000000
      vertex 16.746032 14.148936 0.400000
      vertex 16.111111 14.148936 0.400000
    endloop
  endfacet
  facet normal 0.000000 1.000000 0.000000
    outer loop
      vertex 16.111111 15.425532 0.000000
      vertex 16.746032 15.425532 0.400000
      vertex 16.746032 15.425532 0.000000
    endloop
  endfacet
  facet normal 0.000000 1.000000 0.000000
    outer loop
      vertex 16.111111 15.425532 0.000000
      vertex 16.111111 15.425532 0.400000
      vertex 16.746032 15.425532 0.400000
    endloop
  endfacet
  facet normal -1.000000 0.000000 0.000000
    outer loop
      vertex 16.111111 14.148936 0.000000
      vertex 16.111111 14.148936 0.400000
      vertex 16.111111 15.425532 0.400000
    endloop
  endfacet
  facet normal -1.000000 0.000000 0.000000
    outer loop
      vertex 16.111111 14.148936 0.000000
      vertex 16.111111 15.425532 0.400000
      vertex 16.111111 15.425532 0.000000
    endloop
  endfacet
  facet normal 1.000000 0.000000 0.000000
    outer loop
      vertex 16.746032 14.148936 0.000000
      vertex 16.746032 15.425532 0.000000
      vertex 16.746032 15.425532 0.400000
    endloop
  endfacet
  facet normal 1.000000 0.000000 0.000000
    outer loop
      vertex 16.746032 14.148936 0.000000
      vertex 16.746032 15.425532 0.400000
      vertex 16.746032 14.148936 0.400000
    endloop
  endfacet
  facet normal 0.000000 0.000000 -1.000000
    outer loop
      vertex 38.650794 10.000000 0.000000
      vertex 38.968254 15.425532 0.000000
      vertex 38.968254 10.000000 0.000000
    endloop
  endfacet
  facet normal 0.000000 0.000000 -1.000000
    outer loop
      vertex 38.650794 10.000000 0.000000
      vertex 38.650794 15.425532 0.000000
      vertex 38.968254 15.425532 0.000000
    endloop
  endfacet
  facet normal 0.000000 0.000000 1.000000
    outer loop
      vertex 38.650794 10.000000 0.400000
      vertex 38.968254 10.000000 0.400000
      vertex 38.968254 15.425532 0.400000
    endloop
  endfacet
  facet normal 0.000000 0.000000 1.000000
    outer loop
      vertex 38.650794 10.000000 0.400000
      vertex 38.968254 15.425532 0.400000
      vertex 38.650794 15.425532 0.400000
    endloop
  endfacet
  facet normal 0.000000 -1.000000 0.000000
    outer loop
      vertex 38.650794 10.000000 0.000000
      vertex 38.968254 10.000000 0.000000
      vertex 38.968254 10.000000 0.400000
    endloop
  endfacet
  facet normal 0.000000 -1.000000 0.000000
    outer loop
      vertex 38.650794 10.000000 0.000000
      vertex 38.968254 10.000000 0.400000
      vertex 38.650794 10.000000 0.400000
    endloop
  endfacet
  facet normal 0.000000 1.000000 0.000000
    outer loop
      vertex 38.650794 15.425532 0.000000
      vertex 38.968254 15.425532 0.400000
      vertex 38.968254 15.425532 0.000000
    endloop
  endfacet
  facet normal 0.000000 1.000000 0.000000
    outer loop
      vertex 38.650794 15.425532 0.000000
      vertex 38.650794 15.425532 0.400000
      vertex 38.968254 15.425532 0.400000
    endloop
  endfacet
  facet normal -1.000000 0.000000 0.000000
    outer loop
      vertex 38.650794 10.000000 0.000000
      vertex 38.650794 10.000000 0.400000
      vertex 38.650794 15.425532 0.400000
    endloop
  endfacet
  facet normal -1.000000 0.000000 0.000000
    outer loop
      vertex 38.650794 10.000000 0.000000
      vertex 38.650794 15.425532 0.400000
      vertex 38.650794 15.425532 0.000000
    endloop
  endfacet
  facet normal 1.000000 0.000000 0.000000
    outer loop
      vertex 38.968254 10.000000 0.000000
      vertex 38.968254 15.425532 0.000000
      vertex 38.968254 15.425532 0.400000
    endloop
  endfacet
  facet normal 1.000000 0.000000 0.000000
    outer loop
      vertex 38.968254 10.000000 0.000000
      vertex 38.968254 15.425532 0.400000
      vertex 38.968254 10.000000 0.400000
    endloop
  endfacet
  facet normal 0.000000 0.000000 -1.000000
    outer loop
      vertex 28.809524 10.000000 0.000000
      vertex 29.126984 15.106383 0.000000
      vertex 29.126984 10.000000 0.000000
    endloop
  endfacet
  facet normal 0.000000 0.000000 -1.000000
    outer loop
      vertex 28.809524 10.000000 0.000000
      vertex 28.809524 15.106383 0.000000
      vertex 29.126984 15.106383 0.000000
    endloop
  endfacet
  facet normal 0.000000 0.000000 1.000000
    outer loop
      vertex 28.809524 10.000000 0.400000
      vertex 29.126984 10.000000 0.400000
      vertex 29.126984 15.106383 0.400000
    endloop
  endfacet
  facet normal 0.000000 0.000000 1.000000
    outer loop
      vertex 28.809524 10.000000 0.400000
      vertex 29.126984 15.106383 0.400000
      vertex 28.809524 15.106383 0.400000
    endloop
  endfacet
  facet normal 0.000000 -1.000000 0.000000
    outer loop
      vertex 28.809524 10.000000 0.000000
      vertex 29.126984 10.000000 0.000000
      vertex 29.126984 10.000000 0.400000
    endloop
  endfacet
  facet normal 0.000000 -1.000000 0.000000
    outer loop
      vertex 28.809524 10.000000 0.000000
      vertex 29.126984 10.000000 0.400000
      vertex 28.809524 10.000000 0.400000
    endloop
  endfacet
  facet normal 0.000000 1.000000 0.000000
    outer loop
      vertex 28.809524 15.106383 0.000000
      vertex 29.126984 15.106383 0.400000
      vertex 29.126984 15.106383 0.000000
    endloop
  endfacet
  facet normal 0.000000 1.000000 0.000000
    outer loop
      vertex 28.809524 15.106383 0.000000
      vertex 28.809524 15.106383 0.400000
      vertex 29.126984 15.106383 0.400000
    endloop
  endfacet
  facet normal -1.000000 0.000000 0.000000
    outer loop
      vertex 28.809524 10.000000 0.000000
      vertex 28.809524 10.000000 0.400000
      vertex 28.809524 15.106383 0.400000
    endloop
  endfacet
  facet normal -1.000000 0.000000 0.000000
    outer loop
      vertex 28.809524 10.000000 0.000000
      vertex 28.809524 15.106383 0.400000
      vertex 28.809524 15.106383 0.000000
    endloop
  endfacet
  facet normal 1.000000 0.000000 0.000000
    outer loop
      vertex 29.126984 10.000000 0.000000
      vertex 29.126984 15.106383 0.000000
      vertex 29.126984 15.106383 0.400000
    endloop
  endfacet
  facet normal 1.000000 0.000000 0.000000
    outer loop
      vertex 29.126984 10.000000 0.000000
      vertex 29.126984 15.106383 0.400000
      vertex 29.126984 10.000000 0.400000
    endloop
  endfacet
  facet normal 0.000000 0.000000 -1.000000
    outer loop
      vertex 14.206349 14.468085 0.000000
      vertex 16.111111 14.787234 0.000000
      vertex 16.111111 14.468085 0.000000
    endloop
  endfacet
  facet normal 0.000000 0.000000 -1.000000
    outer loop
      vertex 14.206349 14.468085 0.000000
      vertex 14.206349 14.787234 0.000000
      vertex 16.111111 14.787234 0.000000
    endloop
  endfacet
  facet normal 0.000000 0.000000 1.000000
    outer loop
      vertex 14.206349 14.468085 0.400000
      vertex 16.111111 14.468085 0.400000
      vertex 16.111111 14.787234 0.400000
    endloop
  endfacet
  facet normal 0.000000 0.000000 1.000000
    outer loop
      vertex 14.206349 14.468085 0.400000
      vertex 16.111111 14.787234 0.400000
      vertex 14.206349 14.787234 0.400000
    endloop
  endfacet
  facet normal 0.000000 -1.000000 0.000000
    outer loop
      vertex 14.206349 14.468085 0.000000
      vertex 16.111111 14.468085 0.000000
      vertex 16.111111 14.468085 0.400000
    endloop
  endfacet
  facet normal 0.000000 -1.000000 0.000000
    outer loop
      vertex 14.206349 14.468085 0.000000
      vertex 16.111111 14.468085 0.400000
      vertex 14.206349 14.468085 0.400000
    endloop
  endfacet
  facet normal 0.000000 1.000000 0.000000
    outer loop
      vertex 14.206349 14.787234 0.000000
      vertex 16.111111 14.787234 0.400000
      vertex 16.111111 14.787234 0.000000
    endloop
  endfacet
  facet normal 0.000000 1.000000 0.000000
    outer loop
      vertex 14.206349 14.787234 0.000000
      vertex 14.206349 14.787234 0.400000
      vertex 16.111111 14.787234 0.400000
    endloop
  endfacet
  facet normal -1.000000 0.000000 0.000000
    outer loop
      vertex 14.206349 14.468085 0.000000
      vertex 14.206349 14.468085 0.400000
      vertex 14.206349 14.787234 0.400000
    endloop
  endfacet
  facet normal -1.000000 0.000000 0.000000
    outer loop
      vertex 14.206349 14.468085 0.000000
      vertex 14.206349 14.787234 0.400000
      vertex 14.206349 14.787234 0.000000
    endloop
  endfacet
  facet normal 1.000000 0.000000 0.000000
    outer loop
      vertex 16.111111 14.468085 0.000000
      vertex 16.111111 14.787234 0.000000
      vertex 16.111111 14.787234 0.400000
    endloop
  endfacet
  facet normal 1.000000 0.000000 0.000000
    outer loop
      vertex 16.111111 14.468085 0.000000
      vertex 16.111111 14.787234 0.400000
      vertex 16.111111 14.468085 0.400000
    endloop
  endfacet
  facet normal 0.000000 0.000000 -1.000000
    outer loop
      vertex 21.190476 10.000000 0.000000
      vertex 21.507937 14.787234 0.000000
      vertex 21.507937 10.000000 0.000000
    endloop
  endfacet
  facet normal 0.000000 0.000000 -1.000000
    outer loop
      vertex 21.190476 10.000000 0.000000
      vertex 21.190476 14.787234 0.000000
      vertex 21.507937 14.787234 0.000000
    endloop
  endfacet
  facet normal 0.000000 0.000000 1.000000
    outer loop
      vertex 21.190476 10.000000 0.400000
      vertex 21.507937 10.000000 0.400000
      vertex 21.507937 14.787234 0.400000
    endloop
  endfacet
  facet normal 0.000000 0.000000 1.000000
    outer loop
      vertex 21.190476 10.000000 0.400000
      vertex 21.507937 14.787234 0.400000
      vertex 21.190476 14.787234 0.400000
    endloop
  endfacet
  facet normal 0.000000 -1.000000 0.000000
    outer loop
      vertex 21.190476 10.000000 0.000000
      vertex 21.507937 10.000000 0.000000
      vertex 21.507937 10.000000 0.400000
    endloop
  endfacet
  facet normal 0.000000 -1.000000 0.000000
    outer loop
      vertex 21.190476 10.000000 0.000000
      vertex 21.507937 10.000000 0.400000
      vertex 21.190476 10.000000 0.400000
    endloop
  endfacet
  facet normal 0.000000 1.000000 0.000000
    outer loop
      vertex 21.190476 14.787234 0.000000
      vertex 21.507937 14.787234 0.400000
      vertex 21.507937 14.787234 0.000000
    endloop
  endfacet
  facet normal 0.000000 1.000000 0.000000
    outer loop
      vertex 21.190476 14.787234 0.000000
      vertex 21.190476 14.787234 0.400000
      vertex 21.507937 14.787234 0.400000
    endloop
  endfacet
  facet normal -1.000000 0.000000 0.000000
    outer loop
      vertex 21.190476 10.000000 0.000000
      vertex 21.190476 10.000000 0.400000
      vertex 21.190476 14.787234 0.400000
    endloop
  endfacet
  facet normal -1.000000 0.000000 0.000000
    outer loop
      vertex 21.190476 10.000000 0.000000
      vertex 21.190476 14.787234 0.400000
      vertex 21.190476 14.787234 0.000000
    endloop
  endfacet
  facet normal 1.000000 0.000000 0.000000
    outer loop
      vertex 21.507937 10.000000 0.000000
      vertex 21.507937 14.787234 0.000000
      vertex 21.507937 14.787234 0.400000
    endloop
  endfacet
  facet normal 1.000000 0.000000 0.000000
    outer loop
      vertex 21.507937 10.000000 0.000000
      vertex 21.507937 14.787234 0.400000
      vertex 21.507937 10.000000 0.400000
    endloop
  endfacet
  facet normal 0.000000 0.000000 -1.000000
    outer loop
      vertex 30.714286 10.000000 0.000000
      vertex 31.031746 14.787234 0.000000
      vertex 31.031746 10.000000 0.000000
    endloop
  endfacet
  facet normal 0.000000 0.000000 -1.000000
    outer loop
      vertex 30.714286 10.000000 0.000000
      vertex 30.714286 14.787234 0.000000
      vertex 31.031746 14.787234 0.000000
    endloop
  endfacet
  facet normal 0.000000 0.000000 1.000000
    outer loop
      vertex 30.714286 10.000000 0.400000
      vertex 31.031746 10.000000 0.400000
      vertex 31.031746 14.787234 0.400000
    endloop
  endfacet
  facet normal 0.000000 0.000000 1.000000
    outer loop
      vertex 30.714286 10.000000 0.400000
      vertex 31.031746 14.787234 0.400000
      vertex 30.714286 14.787234 0.400000
    endloop
  endfacet
  facet normal 0.000000 -1.000000 0.000000
    outer loop
      vertex 30.714286 10.000000 0.000000
      vertex 31.031746 10.000000 0.000000
      vertex 31.031746 10.000000 0.400000
    endloop
  endfacet
  facet normal 0.000000 -1.000000 0.000000
    outer loop
      vertex 30.714286 10.000000 0.000000
      vertex 31.031746 10.000000 0.400000
      vertex 30.714286 10.000000 0.400000
    endloop
  endfacet
  facet normal 0.000000 1.000000 0.000000
    outer loop
      vertex 30.714286 14.787234 0.000000
      vertex 31.031746 14.787234 0.400000
      vertex 31.031746 14.787234 0.000000
    endloop
  endfacet
  facet normal 0.000000 1.000000 0.000000
    outer loop
      vertex 30.714286 14.787234 0.000000
      vertex 30.714286 14.787234 0.400000
      vertex 31.031746 14.787234 0.400000
    endloop
  endfacet
  facet normal -1.000000 0.000000 0.000000
    outer loop
      vertex 30.714286 10.000000 0.000000
      vertex 30.714286 10.000000 0.400000
      vertex 30.714286 14.787234 0.400000
    endloop
  endfacet
  facet normal -1.000000 0.000000 0.000000
    outer loop
      vertex 30.714286 10.000000 0.000000
      vertex 30.714286 14.787234 0.400000
      vertex 30.714286 14.787234 0.000000
    endloop
  endfacet
  facet normal 1.000000 0.000000 0.000000
    outer loop
      vertex 31.031746 10.000000 0.000000
      vertex 31.031746 14.787234 0.000000
      vertex 31.031746 14.787234 0.400000
    endloop
  endfacet
  facet normal 1.000000 0.000000 0.000000
    outer loop
      vertex 31.031746 10.000000 0.000000
      vertex 31.031746 14.787234 0.400000
      vertex 31.031746 10.000000 0.400000
    endloop
  endfacet
  facet normal 0.000000 0.000000 -1.000000
    outer loop
      vertex 14.523810 14.148936 0.000000
      vertex 16.111111 14.468085 0.000000
      vertex 16.111111 14.148936 0.000000
    endloop
  endfacet
  facet normal 0.000000 0.000000 -1.000000
    outer loop
      vertex 14.523810 14.148936 0.000000
      vertex 14.523810 14.468085 0.000000
      vertex 16.111111 14.468085 0.000000
    endloop
  endfacet
  facet normal 0.000000 0.000000 1.000000
    outer loop
      vertex 14.523810 14.148936 0.400000
      vertex 16.111111 14.148936 0.400000
      vertex 16.111111 14.468085 0.400000
    endloop
  endfacet
  facet normal 0.000000 0.000000 1.000000
    outer loop
      vertex 14.523810 14.148936 0.400000
      vertex 16.111111 14.468085 0.400000
      vertex 14.523810 14.468085 0.400000
    endloop
  endfacet
  facet normal 0.000000 -1.000000 0.000000
    outer loop
      vertex 14.523810 14.148936 0.000000
      vertex 16.111111 14.148936 0.000000
      vertex 16.111111 14.148936 0.400000
    endloop
  endfacet
  facet normal 0.000000 -1.000000 0.000000
    outer loop
      vertex 14.523810 14.148936 0.000000
      vertex 16.111111 14.148936 0.400000
      vertex 14.523810 14.148936 0.400000
    endloop
  endfacet
  facet normal 0.000000 1.000000 0.000000
    outer loop
      vertex 14.523810 14.468085 0.000000
      vertex 16.111111 14.468085 0.400000
      vertex 16.111111 14.468085 0.000000
    endloop
  endfacet
  facet normal 0.000000 1.000000 0.000000
    outer loop
      vertex 14.523810 14.468085 0.000000
      vertex 14.523810 14.468085 0.400000
      vertex 16.111111 14.468085 0.400000
    endloop
  endfacet
  facet normal -1.000000 0.000000 0.000000
    outer loop
      vertex 14.523810 14.148936 0.000000
      vertex 14.523810 14.148936 0.400000
      vertex 14.523810 14.468085 0.400000
    endloop
  endfacet
  facet normal -1.000000 0.000000 0.000000
    outer loop
      vertex 14.523810 14.148936 0.000000
      vertex 14.523810 14.468085 0.400000
      vertex 14.523810 14.468085 0.000000
    endloop
  endfacet
  facet normal 1.000000 0.000000 0.000000
    outer loop
      vertex 16.111111 14.148936 0.000000
      vertex 16.111111 14.468085 0.000000
      vertex 16.111111 14.468085 0.400000
    endloop
  endfacet
  facet normal 1.000000 0.000000 0.000000
    outer loop
      vertex 16.111111 14.148936 0.000000
      vertex 16.111111 14.468085 0.400000
      vertex 16.111111 14.148936 0.400000
    endloop
  endfacet
  facet normal 0.000000 0.000000 -1.000000
    outer loop
      vertex 38.333333 10.000000 0.000000
      vertex 38.650794 14.468085 0.000000
      vertex 38.650794 10.000000 0.000000
    endloop
  endfacet
  facet normal 0.000000 0.000000 -1.000000
    outer loop
      vertex 38.333333 10.000000 0.000000
      vertex 38.333333 14.468085 0.000000
      vertex 38.650794 14.468085 0.000000
    endloop
  endfacet
  facet normal 0.000000 0.000000 1.000000
    outer loop
      vertex 38.333333 10.000000 0.400000
      vertex 38.650794 10.000000 0.400000
      vertex 38.650794 14.468085 0.400000
    endloop
  endfacet
  facet normal 0.000000 0.000000 1.000000
    outer loop
      vertex 38.333333 10.000000 0.400000
      vertex 38.650794 14.468085 0.400000
      vertex 38.333333 14.468085 0.400000
    endloop
  endfacet
  facet normal 0.000000 -1.000000 0.000000
    outer loop
      vertex 38.333333 10.000000 0.000000
      vertex 38.650794 10.000000 0.000000
      vertex 38.650794 10.000000 0.400000
    endloop
  endfacet
  facet normal 0.000000 -1.000000 0.000000
    outer loop
      vertex 38.333333 10.000000 0.000000
      vertex 38.650794 10.000000 0.400000
      vertex 38.333333 10.000000 0.400000
    endloop
  endfacet
  facet normal 0.000000 1.000000 0.000000
    outer loop
      vertex 38.333333 14.468085 0.000000
      vertex 38.650794 14.468085 0.400000
      vertex 38.650794 14.468085 0.000000
    endloop
  endfacet
  facet normal 0.000000 1.000000 0.000000
    outer loop
      vertex 38.333333 14.468085 0.000000
      vertex 38.333333 14.468085 0.400000
      vertex 38.650794 14.468085 0.400000
    endloop
  endfacet
  facet normal -1.000000 0.000000 0.000000
    outer loop
      vertex 38.333333 10.000000 0.000000
      vertex 38.333333 10.000000 0.400000
      vertex 38.333333 14.468085 0.400000
    endloop
  endfacet
  facet normal -1.000000 0.000000 0.000000
    outer loop
      vertex 38.333333 10.000000 0.000000
      vertex 38.333333 14.468085 0.400000
      vertex 38.333333 14.468085 0.000000
    endloop
  endfacet
  facet normal 1.000000 0.000000 0.000000
    outer loop
      vertex 38.650794 10.000000 0.000000
      vertex 38.650794 14.468085 0.000000
      vertex 38.650794 14.468085 0.400000
    endloop
  endfacet
  facet normal 1.000000 0.000000 0.000000
    outer loop
      vertex 38.650794 10.000000 0.000000
      vertex 38.650794 14.468085 0.400000
      vertex 38.650794 10.000000 0.400000
    endloop
  endfacet
  facet normal 0.000000 0.000000 -1.000000
    outer loop
      vertex 14.841270 13.829787 0.000000
      vertex 16.428571 14.148936 0.000000
      vertex 16.428571 13.829787 0.000000
    endloop
  endfacet
  facet normal 0.000000 0.000000 -1.000000
    outer loop
      vertex 14.841270 13.829787 0.000000
      vertex 14.841270 14.148936 0.000000
      vertex 16.428571 14.148936 0.000000
    endloop
  endfacet
  facet normal 0.000000 0.000000 1.000000
    outer loop
      vertex 14.841270 13.829787 0.400000
      vertex 16.428571 13.829787 0.400000
      vertex 16.428571 14.148936 0.400000
    endloop
  endfacet
  facet normal 0.000000 0.000000 1.000000
    outer loop
      vertex 14.841270 13.829787 0.400000
      vertex 16.428571 14.148936 0.400000
      vertex 14.841270 14.148936 0.400000
    endloop
  endfacet
  facet normal 0.000000 -1.000000 0.000000
    outer loop
      vertex 14.841270 13.829787 0.000000
      vertex 16.428571 13.829787 0.000000
      vertex 16.428571 13.829787 0.400000
    endloop
  endfacet
  facet normal 0.000000 -1.000000 0.000000
    outer loop
      vertex 14.841270 13.829787 0.000000
      vertex 16.428571 13.829787 0.400000
      vertex 14.841270 13.829787 0.400000
    endloop
  endfacet
  facet normal 0.000000 1.000000 0.000000
    outer loop
      vertex 14.841270 14.148936 0.000000
      vertex 16.428571 14.148936 0.400000
      vertex 16.428571 14.148936 0.000000
    endloop
  endfacet
  facet normal 0.000000 1.000000 0.000000
    outer loop
      vertex 14.841270 14.148936 0.000000
      vertex 14.841270 14.148936 0.400000
      vertex 16.428571 14.148936 0.400000
    endloop
  endfacet
  facet normal -1.000000 0.000000 0.000000
    outer loop
      vertex 14.841270 13.829787 0.000000
      vertex 14.841270 13.829787 0.400000
      vertex 14.841270 14.148936 0.400000
    endloop
  endfacet
  facet normal -1.000000 0.000000 0.000000
    outer loop
      vertex 14.841270 13.829787 0.000000
      vertex 14.841270 14.148936 0.400000
      vertex 14.841270 14.148936 0.000000
    endloop
  endfacet
  facet normal 1.000000 0.000000 0.000000
    outer loop
      vertex 16.428571 13.829787 0.000000
      vertex 16.428571 14.148936 0.000000
      vertex 16.428571 14.148936 0.400000
    endloop
  endfacet
  facet normal 1.000000 0.000000 0.000000
    outer loop
      vertex 16.428571 13.829787 0.000000
      vertex 16.428571 14.148936 0.400000
      vertex 16.428571 13.829787 0.400000
    endloop
  endfacet
  facet normal 0.000000 0.000000 -1.000000
    outer loop
      vertex 21.507937 10.000000 0.000000
      vertex 21.825397 14.148936 0.000000
      vertex 21.825397 10.000000 0.000000
    endloop
  endfacet
  facet normal 0.000000 0.000000 -1.000000
    outer loop
      vertex 21.507937 10.000000 0.000000
      vertex 21.507937 14.148936 0.000000
      vertex 21.825397 14.148936 0.000000
    endloop
  endfacet
  facet normal 0.000000 0.000000 1.000000
    outer loop
      vertex 21.507937 10.000000 0.400000
      vertex 21.825397 10.000000 0.400000
      vertex 21.825397 14.148936 0.400000
    endloop
  endfacet
  facet normal 0.000000 0.000000 1.000000
    outer loop
      vertex 21.507937 10.000000 0.400000
      vertex 21.825397 14.148936 0.400000
      vertex 21.507937 14.148936 0.400000
    endloop
  endfacet
  facet normal 0.000000 -1.000000 0.000000
    outer loop
      vertex 21.507937 10.000000 0.000000
      vertex 21.825397 10.000000 0.000000
      vertex 21.825397 10.000000 0.400000
    endloop
  endfacet
  facet normal 0.000000 -1.000000 0.000000
    outer loop
      vertex 21.507937 10.000000 0.000000
      vertex 21.825397 10.000000 0.400000
      vertex 21.507937 10.000000 0.400000
    endloop
  endfacet
  facet normal 0.000000 1.000000 0.000000
    outer loop
      vertex 21.507937 14.148936 0.000000
      vertex 21.825397 14.148936 0.400000
      vertex 21.825397 14.148936 0.000000
    endloop
  endfacet
  facet normal 0.000000 1.000000 0.000000
    outer loop
      vertex 21.507937 14.148936 0.000000
      vertex 21.507937 14.148936 0.400000
      vertex 21.825397 14.148936 0.400000
    endloop
  endfacet
  facet normal -1.000000 0.000000 0.000000
    outer loop
      vertex 21.507937 10.000000 0.000000
      vertex 21.507937 10.000000 0.400000
      vertex 21.507937 14.148936 0.400000
    endloop
  endfacet
  facet normal -1.000000 0.000000 0.000000
    outer loop
      vertex 21.507937 10.000000 0.000000
      vertex 21.507937 14.148936 0.400000
      vertex 21.507937 14.148936 0.000000
    endloop
  endfacet
  facet normal 1.000000 0.000000 0.000000
    outer loop
      vertex 21.825397 10.000000 0.000000
      vertex 21.825397 14.148936 0.000000
      vertex 21.825397 14.148936 0.400000
    endloop
  endfacet
  facet normal 1.000000 0.000000 0.000000
    outer loop
      vertex 21.825397 10.000000 0.000000
      vertex 21.825397 14.148936 0.400000
      vertex 21.825397 10.000000 0.400000
    endloop
  endfacet
  facet normal 0.000000 0.000000 -1.000000
    outer loop
      vertex 28.492063 10.000000 0.000000
      vertex 28.809524 14.148936 0.000000
      vertex 28.809524 10.000000 0.000000
    endloop
  endfacet
  facet normal 0.000000 0.000000 -1.000000
    outer loop
      vertex 28.492063 10.000000 0.000000
      vertex 28.492063 14.148936 0.000000
      vertex 28.809524 14.148936 0.000000
    endloop
  endfacet
  facet normal 0.000000 0.000000 1.000000
    outer loop
      vertex 28.492063 10.000000 0.400000
      vertex 28.809524 10.000000 0.400000
      vertex 28.809524 14.148936 0.400000
    endloop
  endfacet
  facet normal 0.000000 0.000000 1.000000
    outer loop
      vertex 28.492063 10.000000 0.400000
      vertex 28.809524 14.148936 0.400000
      vertex 28.492063 14.148936 0.400000
    endloop
  endfacet
  facet normal 0.000000 -1.000000 0.000000
    outer loop
      vertex 28.492063 10.000000 0.000000
      vertex 28.809524 10.000000 0.000000
      vertex 28.809524 10.000000 0.400000
    endloop
  endfacet
  facet normal 0.000000 -1.000000 0.000000
    outer loop
      vertex 28.492063 10.000000 0.000000
      vertex 28.809524 10.000000 0.400000
      vertex 28.492063 10.000000 0.400000
    endloop
  endfacet
  facet normal 0.000000 1.000000 0.000000
    outer loop
      vertex 28.492063 14.148936 0.000000
      vertex 28.809524 14.148936 0.400000
      vertex 28.809524 14.148936 0.000000
    endloop
  endfacet
  facet normal 0.000000 1.000000 0.000000
    outer loop
      vertex 28.492063 14.148936 0.000000
      vertex 28.492063 14.148936 0.400000
      vertex 28.809524 14.148936 0.400000
    endloop
  endfacet
  facet normal -1.000000 0.000000 0.000000
    outer loop
      vertex 28.492063 10.000000 0.000000
      vertex 28.492063 10.000000 0.400000
      vertex 28.492063 14.148936 0.400000
    endloop
  endfacet
  facet normal -1.000000 0.000000 0.000000
    outer loop
      vertex 28.492063 10.000000 0.000000
      vertex 28.492063 14.148936 0.400000
      vertex 28.492063 14.148936 0.000000
    endloop
  endfacet
  facet normal 1.000000 0.000000 0.000000
    outer loop
      vertex 28.809524 10.000000 0.000000
      vertex 28.809524 14.148936 0.000000
      vertex 28.809524 14.148936 0.400000
    endloop
  endfacet
  facet normal 1.000000 0.000000 0.000000
    outer loop
      vertex 28.809524 10.000000 0.000000
      vertex 28.809524 14.148936 0.400000
      vertex 28.809524 10.000000 0.400000
    endloop
  endfacet
  facet normal 0.000000 0.000000 -1.000000
    outer loop
      vertex 31.031746 10.000000 0.000000
      vertex 31.349206 14.148936 0.000000
      vertex 31.349206 10.000000 0.000000
    endloop
  endfacet
  facet normal 0.000000 0.000000 -1.000000
    outer loop
      vertex 31.031746 10.000000 0.000000
      vertex 31.031746 14.148936 0.000000
      vertex 31.349206 14.148936 0.000000
    endloop
  endfacet
  facet normal 0.000000 0.000000 1.000000
    outer loop
      vertex 31.031746 10.000000 0.400000
      vertex 31.349206 10.000000 0.400000
      vertex 31.349206 14.148936 0.400000
    endloop
  endfacet
  facet normal 0.000000 0.000000 1.000000
    outer loop
      vertex 31.031746 10.000000 0.400000
      vertex 31.349206 14.148936 0.400000
      vertex 31.031746 14.148936 0.400000
    endloop
  endfacet
  facet normal 0.000000 -1.000000 0.000000
    outer loop
      vertex 31.031746 10.000000 0.000000
      vertex 31.349206 10.000000 0.000000
      vertex 31.349206 10.000000 0.400000
    endloop
  endfacet
  facet normal 0.000000 -1.000000 0.000000
    outer loop
      vertex 31.031746 10.000000 0.000000
      vertex 31.349206 10.000000 0.400000
      vertex 31.031746 10.000000 0.400000
    endloop
  endfacet
  facet normal 0.000000 1.000000 0.000000
    outer loop
      vertex 31.031746 14.148936 0.000000
      vertex 31.349206 14.148936 0.400000
      vertex 31.349206 14.148936 0.000000
    endloop
  endfacet
  facet normal 0.000000 1.000000 0.000000
    outer loop
      vertex 31.031746 14.148936 0.000000
      vertex 31.031746 14.148936 0.400000
      vertex 31.349206 14.148936 0.400000
    endloop
  endfacet
  facet normal -1.000000 0.000000 0.000000
    outer loop
      vertex 31.031746 10.000000 0.000000
      vertex 31.031746 10.000000 0.400000
      vertex 31.031746 14.148936 0.400000
    endloop
  endfacet
  facet normal -1.000000 0.000000 0.000000
    outer loop
      vertex 31.031746 10.000000 0.000000
      vertex 31.031746 14.148936 0.400000
      vertex 31.031746 14.148936 0.000000
    endloop
  endfacet
  facet normal 1.000000 0.000000 0.000000
    outer loop
      vertex 31.349206 10.000000 0.000000
      vertex 31.349206 14.148936 0.000000
      vertex 31.349206 14.148936 0.400000
    endloop
  endfacet
  facet normal 1.000000 0.000000 0.000000
    outer loop
      vertex 31.349206 10.000000 0.000000
      vertex 31.349206 14.148936 0.400000
      vertex 31.349206 10.000000 0.400000
    endloop
  endfacet
  facet normal 0.000000 0.000000 -1.000000
    outer loop
      vertex 38.015873 10.000000 0.000000
      vertex 38.333333 14.148936 0.000000
      vertex 38.333333 10.000000 0.000000
    endloop
  endfacet
  facet normal 0.000000 0.000000 -1.000000
    outer loop
      vertex 38.015873 10.000000 0.000000
      vertex 38.015873 14.148936 0.000000
      vertex 38.333333 14.148936 0.000000
    endloop
  endfacet
  facet normal 0.000000 0.000000 1.000000
    outer loop
      vertex 38.015873 10.000000 0.400000
      vertex 38.333333 10.000000 0.400000
      vertex 38.333333 14.148936 0.400000
    endloop
  endfacet
  facet normal 0.000000 0.000000 1.000000
    outer loop
      vertex 38.015873 10.000000 0.400000
      vertex 38.333333 14.148936 0.400000
      vertex 38.015873 14.148936 0.400000
    endloop
  endfacet
  facet normal 0.000000 -1.000000 0.000000
    outer loop
      vertex 38.015873 10.000000 0.000000
      vertex 38.333333 10.000000 0.000000
      vertex 38.333333 10.000000 0.400000
    endloop
  endfacet
  facet normal 0.000000 -1.000000 0.000000
    outer loop
      vertex 38.015873 10.000000 0.000000
      vertex 38.333333 10.000000 0.400000
      vertex 38.015873 10.000000 0.400000
    endloop
  endfacet
  facet normal 0.000000 1.000000 0.000000
    outer loop
      vertex 38.015873 14.148936 0.000000
      vertex 38.333333 14.148936 0.400000
      vertex 38.333333 14.148936 0.000000
    endloop
  endfacet
  facet normal 0.000000 1.000000 0.000000
    outer loop
      vertex 38.015873 14.148936 0.000000
      vertex 38.015873 14.148936 0.400000
      vertex 38.333333 14.148936 0.400000
    endloop
  endfacet
  facet normal -1.000000 0.000000 0.000000
    outer loop
      vertex 38.015873 10.000000 0.000000
      vertex 38.015873 10.000000 0.400000
      vertex 38.015873 14.148936 0.400000
    endloop
  endfacet
  facet normal -1.000000 0.000000 0.000000
    outer loop
      vertex 38.015873 10.000000 0.000000
      vertex 38.015873 14.148936 0.400000
      vertex 38.015873 14.148936 0.000000
    endloop
  endfacet
  facet normal 1.000000 0.000000 0.000000
    outer loop
      vertex 38.333333 10.000000 0.000000
      vertex 38.333333 14.148936 0.000000
      vertex 38.333333 14.148936 0.400000
    endloop
  endfacet
  facet normal 1.000000 0.000000 0.000000
    outer loop
      vertex 38.333333 10.000000 0.000000
      vertex 38.333333 14.148936 0.400000
      vertex 38.333333 10.000000 0.400000
    endloop
  endfacet
  facet normal 0.000000 0.000000 -1.000000
    outer loop
      vertex 18.968254 10.000000 0.000000
      vertex 19.285714 13.829787 0.000000
      vertex 19.285714 10.000000 0.000000
    endloop
  endfacet
  facet normal 0.000000 0.000000 -1.000000
    outer loop
      vertex 18.968254 10.000000 0.000000
      vertex 18.968254 13.829787 0.000000
      vertex 19.285714 13.829787 0.000000
    endloop
  endfacet
  facet normal 0.000000 0.000000 1.000000
    outer loop
      vertex 18.968254 10.000000 0.400000
      vertex 19.285714 10.000000 0.400000
      vertex 19.285714 13.829787 0.400000
    endloop
  endfacet
  facet normal 0.000000 0.000000 1.000000
    outer loop
      vertex 18.968254 10.000000 0.400000
      vertex 19.285714 13.829787 0.400000
      vertex 18.968254 13.829787 0.400000
    endloop
  endfacet
  facet normal 0.000000 -1.000000 0.000000
    outer loop
      vertex 18.968254 10.000000 0.000000
      vertex 19.285714 10.000000 0.000000
      vertex 19.285714 10.000000 0.400000
    endloop
  endfacet
  facet normal 0.000000 -1.000000 0.000000
    outer loop
      vertex 18.968254 10.000000 0.000000
      vertex 19.285714 10.000000 0.400000
      vertex 18.968254 10.000000 0.400000
    endloop
  endfacet
  facet normal 0.000000 1.000000 0.000000
    outer loop
      vertex 18.968254 13.829787 0.000000
      vertex 19.285714 13.829787 0.400000
      vertex 19.285714 13.829787 0.000000
    endloop
  endfacet
  facet normal 0.000000 1.000000 0.000000
    outer loop
      vertex 18.968254 13.829787 0.000000
      vertex 18.968254 13.829787 0.400000
      vertex 19.285714 13.829787 0.400000
    endloop
  endfacet
  facet normal -1.000000 0.000000 0.000000
    outer loop
      vertex 18.968254 10.000000 0.000000
      vertex 18.968254 10.000000 0.400000
      vertex 18.968254 13.829787 0.400000
    endloop
  endfacet
  facet normal -1.000000 0.000000 0.000000
    outer loop
      vertex 18.968254 10.000000 0.000000
      vertex 18.968254 13.829787 0.400000
      vertex 18.968254 13.829787 0.000000
    endloop
  endfacet
  facet normal 1.000000 0.000000 0.000000
    outer loop
      vertex 19.285714 10.000000 0.000000
      vertex 19.285714 13.829787 0.000000
      vertex 19.285714 13.829787 0.400000
    endloop
  endfacet
  facet normal 1.000000 0.000000 0.000000
    outer loop
      vertex 19.285714 10.000000 0.000000
      vertex 19.285714 13.829787 0.400000
      vertex 19.285714 10.000000 0.400000
    endloop
  endfacet
  facet normal 0.000000 0.000000 -1.000000
    outer loop
      vertex 28.174603 10.000000 0.000000
      vertex 28.492063 13.829787 0.000000
      vertex 28.492063 10.000000 0.000000
    endloop
  endfacet
  facet normal 0.000000 0.000000 -1.000000
    outer loop
      vertex 28.174603 10.000000 0.000000
      vertex 28.174603 13.829787 0.000000
      vertex 28.492063 13.829787 0.000000
    endloop
  endfacet
  facet normal 0.000000 0.000000 1.000000
    outer loop
      vertex 28.174603 10.000000 0.400000
      vertex 28.492063 10.000000 0.400000
      vertex 28.492063 13.829787 0.400000
    endloop
  endfacet
  facet normal 0.000000 0.000000 1.000000
    outer loop
      vertex 28.174603 10.000000 0.400000
      vertex 28.492063 13.829787 0.400000
      vertex 28.174603 13.829787 0.400000
    endloop
  endfacet
  facet normal 0.000000 -1.000000 0.000000
    outer loop
      vertex 28.174603 10.000000 0.000000
      vertex 28.492063 10.000000 0.000000
      vertex 28.492063 10.000000 0.400000
    endloop
  endfacet
  facet normal 0.000000 -1.000000 0.000000
    outer loop
      vertex 28.174603 10.000000 0.000000
      vertex 28.492063 10.000000 0.400000
      vertex 28.174603 10.000000 0.400000
    endloop
  endfacet
  facet normal 0.000000 1.000000 0.000000
    outer loop
      vertex 28.174603 13.829787 0.000000
      vertex 28.492063 13.829787 0.400000
      vertex 28.492063 13.829787 0.000000
    endloop
  endfacet
  facet normal 0.000000 1.000000 0.000000
    outer loop
      vertex 28.174603 13.829787 0.000000
      vertex 28.174603 13.829787 0.400000
      vertex 28.492063 13.829787 0.400000
    endloop
  endfacet
  facet normal -1.000000 0.000000 0.000000
    outer loop
      vertex 28.174603 10.000000 0.000000
      vertex 28.174603 10.000000 0.400000
      vertex 28.174603 13.829787 0.400000
    endloop
  endfacet
  facet normal -1.000000 0.000000 0.000000
    outer loop
      vertex 28.174603 10.000000 0.000000
      vertex 28.174603 13.829787 0.400000
      vertex 28.174603 13.829787 0.000000
    endloop
  endfacet
  facet normal 1.000000 0.000000 0.000000
    outer loop
      vertex 28.492063 10.000000 0.000000
      vertex 28.492063 13.829787 0.000000
      vertex 28.492063 13.829787 0.400000
    endloop
  endfacet
  facet normal 1.000000 0.000000 0.000000
    outer loop
      vertex 28.492063 10.000000 0.000000
      vertex 28.492063 13.829787 0.400000
      vertex 28.492063 10.000000 0.400000
    endloop
  endfacet
  facet normal 0.000000 0.000000 -1.000000
    outer loop
      vertex 21.825397 10.000000 0.000000
      vertex 22.142857 13.510638 0.000000
      vertex 22.142857 10.000000 0.000000
    endloop
  endfacet
  facet normal 0.000000 0.000000 -1.000000
    outer loop
      vertex 21.825397 10.000000 0.000000
      vertex 21.825397 13.510638 0.000000
      vertex 22.142857 13.510638 0.000000
    endloop
  endfacet
  facet normal 0.000000 0.000000 1.000000
    outer loop
      vertex 21.825397 10.000000 0.400000
      vertex 22.142857 10.000000 0.400000
      vertex 22.142857 13.510638 0.400000
    endloop
  endfacet
  facet normal 0.000000 0.000000 1.000000
    outer loop
      vertex 21.825397 10.000000 0.400000
      vertex 22.142857 13.510638 0.400000
      vertex 21.825397 13.510638 0.400000
    endloop
  endfacet
  facet normal 0.000000 -1.000000 0.000000
    outer loop
      vertex 21.825397 10.000000 0.000000
      vertex 22.142857 10.000000 0.000000
      vertex 22.142857 10.000000 0.400000
    endloop
  endfacet
  facet normal 0.000000 -1.000000 0.000000
    outer loop
      vertex 21.825397 10.000000 0.000000
      vertex 22.142857 10.000000 0.400000
      vertex 21.825397 10.000000 0.400000
    endloop
  endfacet
  facet normal 0.000000 1.000000 0.000000
    outer loop
      vertex 21.825397 13.510638 0.000000
      vertex 22.142857 13.510638 0.400000
      vertex 22.142857 13.510638 0.000000
    endloop
  endfacet
  facet normal 0.000000 1.000000 0.000000
    outer loop
      vertex 21.825397 13.510638 0.000000
      vertex 21.825397 13.510638 0.400000
      vertex 22.142857 13.510638 0.400000
    endloop
  endfacet
  facet normal -1.000000 0.000000 0.000000
    outer loop
      vertex 21.825397 10.000000 0.000000
      vertex 21.825397 10.000000 0.400000
      vertex 21.825397 13.510638 0.400000
    endloop
  endfacet
  facet normal -1.000000 0.000000 0.000000
    outer loop
      vertex 21.825397 10.000000 0.000000
      vertex 21.825397 13.510638 0.400000
      vertex 21.825397 13.510638 0.000000
    endloop
  endfacet
  facet normal 1.000000 0.000000 0.000000
    outer loop
      vertex 22.142857 10.000000 0.000000
      vertex 22.142857 13.510638 0.000000
      vertex 22.142857 13.510638 0.400000
    endloop
  endfacet
  facet normal 1.000000 0.000000 0.000000
    outer loop
      vertex 22.142857 10.000000 0.000000
      vertex 22.142857 13.510638 0.400000
      vertex 22.142857 10.000000 0.400000
    endloop
  endfacet
  facet normal 0.000000 0.000000 -1.000000
    outer loop
      vertex 27.857143 10.000000 0.000000
      vertex 28.174603 13.510638 0.000000
      vertex 28.174603 10.000000 0.000000
    endloop
  endfacet
  facet normal 0.000000 0.000000 -1.000000
    outer loop
      vertex 27.857143 10.000000 0.000000
      vertex 27.857143 13.510638 0.000000
      vertex 28.174603 13.510638 0.000000
    endloop
  endfacet
  facet normal 0.000000 0.000000 1.000000
    outer loop
      vertex 27.857143 10.000000 0.400000
      vertex 28.174603 10.000000 0.400000
      vertex 28.174603 13.510638 0.400000
    endloop
  endfacet
  facet normal 0.000000 0.000000 1.000000
    outer loop
      vertex 27.857143 10.000000 0.400000
      vertex 28.174603 13.510638 0.400000
      vertex 27.857143 13.510638 0.400000
    endloop
  endfacet
  facet normal 0.000000 -1.000000 0.000000
    outer loop
      vertex 27.857143 10.000000 0.000000
      vertex 28.174603 10.000000 0.000000
      vertex 28.174603 10.000000 0.400000
    endloop
  endfacet
  facet normal 0.000000 -1.000000 0.000000
    outer loop
      vertex 27.857143 10.000000 0.000000
      vertex 28.174603 10.000000 0.400000
      vertex 27.857143 10.000000 0.400000
    endloop
  endfacet
  facet normal 0.000000 1.000000 0.000000
    outer loop
      vertex 27.857143 13.510638 0.000000
      vertex 28.174603 13.510638 0.400000
      vertex 28.174603 13.510638 0.000000
    endloop
  endfacet
  facet normal 0.000000 1.000000 0.000000
    outer loop
      vertex 27.857143 13.510638 0.000000
      vertex 27.857143 13.510638 0.400000
      vertex 28.174603 13.510638 0.400000
    endloop
  endfacet
  facet normal -1.000000 0.000000 0.000000
    outer loop
      vertex 27.857143 10.000000 0.000000
      vertex 27.857143 10.000000 0.400000
      vertex 27.857143 13.510638 0.400000
    endloop
  endfacet
  facet normal -1.000000 0.000000 0.000000
    outer loop
      vertex 27.857143 10.000000 0.000000
      vertex 27.857143 13.510638 0.400000
      vertex 27.857143 13.510638 0.000000
    endloop
  endfacet
  facet normal 1.000000 0.000000 0.000000
    outer loop
      vertex 28.174603 10.000000 0.000000
      vertex 28.174603 13.510638 0.000000
      vertex 28.174603 13.510638 0.400000
    endloop
  endfacet
  facet normal 1.000000 0.000000 0.000000
    outer loop
      vertex 28.174603 10.000000 0.000000
      vertex 28.174603 13.510638 0.400000
      vertex 28.174603 10.000000 0.400000
    endloop
  endfacet
  facet normal 0.000000 0.000000 -1.000000
    outer loop
      vertex 31.349206 10.000000 0.000000
      vertex 31.666667 13.510638 0.000000
      vertex 31.666667 10.000000 0.000000
    endloop
  endfacet
  facet normal 0.000000 0.000000 -1.000000
    outer loop
      vertex 31.349206 10.000000 0.000000
      vertex 31.349206 13.510638 0.000000
      vertex 31.666667 13.510638 0.000000
    endloop
  endfacet
  facet normal 0.000000 0.000000 1.000000
    outer loop
      vertex 31.349206 10.000000 0.400000
      vertex 31.666667 10.000000 0.400000
      vertex 31.666667 13.510638 0.400000
    endloop
  endfacet
  facet normal 0.000000 0.000000 1.000000
    outer loop
      vertex 31.349206 10.000000 0.400000
      vertex 31.666667 13.510638 0.400000
      vertex 31.349206 13.510638 0.400000
    endloop
  endfacet
  facet normal 0.000000 -1.000000 0.000000
    outer loop
      vertex 31.349206 10.000000 0.000000
      vertex 31.666667 10.000000 0.000000
      vertex 31.666667 10.000000 0.400000
    endloop
  endfacet
  facet normal 0.000000 -1.000000 0.000000
    outer loop
      vertex 31.349206 10.000000 0.000000
      vertex 31.666667 10.000000 0.400000
      vertex 31.349206 10.000000 0.400000
    endloop
  endfacet
  facet normal 0.000000 1.000000 0.000000
    outer loop
      vertex 31.349206 13.510638 0.000000
      vertex 31.666667 13.510638 0.400000
      vertex 31.666667 13.510638 0.000000
    endloop
  endfacet
  facet normal 0.000000 1.000000 0.000000
    outer loop
      vertex 31.349206 13.510638 0.000000
      vertex 31.349206 13.510638 0.400000
      vertex 31.666667 13.510638 0.400000
    endloop
  endfacet
  facet normal -1.000000 0.000000 0.000000
    outer loop
      vertex 31.349206 10.000000 0.000000
      vertex 31.349206 10.000000 0.400000
      vertex 31.349206 13.510638 0.400000
    endloop
  endfacet
  facet normal -1.000000 0.000000 0.000000
    outer loop
      vertex 31.349206 10.000000 0.000000
      vertex 31.349206 13.510638 0.400000
      vertex 31.349206 13.510638 0.000000
    endloop
  endfacet
  facet normal 1.000000 0.000000 0.000000
    outer loop
      vertex 31.666667 10.000000 0.000000
      vertex 31.666667 13.510638 0.000000
      vertex 31.666667 13.510638 0.400000
    endloop
  endfacet
  facet normal 1.000000 0.000000 0.000000
    outer loop
      vertex 31.666667 10.000000 0.000000
      vertex 31.666667 13.510638 0.400000
      vertex 31.666667 10.000000 0.400000
    endloop
  endfacet
  facet normal 0.000000 0.000000 -1.000000
    outer loop
      vertex 37.698413 10.000000 0.000000
      vertex 38.015873 13.510638 0.000000
      vertex 38.015873 10.000000 0.000000
    endloop
  endfacet
  facet normal 0.000000 0.000000 -1.000000
    outer loop
      vertex 37.698413 10.000000 0.000000
      vertex 37.698413 13.510638 0.000000
      vertex 38.015873 13.510638 0.000000
    endloop
  endfacet
  facet normal 0.000000 0.000000 1.000000
    outer loop
      vertex 37.698413 10.000000 0.400000
      vertex 38.015873 10.000000 0.400000
      vertex 38.015873 13.510638 0.400000
    endloop
  endfacet
  facet normal 0.000000 0.000000 1.000000
    outer loop
      vertex 37.698413 10.000000 0.400000
      vertex 38.015873 13.510638 0.400000
      vertex 37.698413 13.510638 0.400000
    endloop
  endfacet
  facet normal 0.000000 -1.000000 0.000000
    outer loop
      vertex 37.698413 10.000000 0.000000
      vertex 38.015873 10.000000 0.000000
      vertex 38.015873 10.000000 0.400000
    endloop
  endfacet
  facet normal 0.000000 -1.000000 0.000000
    outer loop
      vertex 37.698413 10.000000 0.000000
      vertex 38.015873 10.000000 0.400000
      vertex 37.698413 10.000000 0.400000
    endloop
  endfacet
  facet normal 0.000000 1.000000 0.000000
    outer loop
      vertex 37.698413 13.510638 0.000000
      vertex 38.015873 13.510638 0.400000
      vertex 38.015873 13.510638 0.000000
    endloop
  endfacet
  facet normal 0.000000 1.000000 0.000000
    outer loop
      vertex 37.698413 13.510638 0.000000
      vertex 37.698413 13.510638 0.400000
      vertex 38.015873 13.510638 0.400000
    endloop
  endfacet
  facet normal -1.000000 0.000000 0.000000
    outer loop
      vertex 37.698413 10.000000 0.000000
      vertex 37.698413 10.000000 0.400000
      vertex 37.698413 13.510638 0.400000
    endloop
  endfacet
  facet normal -1.000000 0.000000 0.000000
    outer loop
      vertex 37.698413 10.000000 0.000000
      vertex 37.698413 13.510638 0.400000
      vertex 37.698413 13.510638 0.000000
    endloop
  endfacet
  facet normal 1.000000 0.000000 0.000000
    outer loop
      vertex 38.015873 10.000000 0.000000
      vertex 38.015873 13.510638 0.000000
      vertex 38.015873 13.510638 0.400000
    endloop
  endfacet
  facet normal 1.000000 0.000000 0.000000
    outer loop
      vertex 38.015873 10.000000 0.000000
      vertex 38.015873 13.510638 0.400000
      vertex 38.015873 10.000000 0.400000
    endloop
  endfacet
  facet normal 0.000000 0.000000 -1.000000
    outer loop
      vertex 13.888889 10.000000 0.000000
      vertex 14.206349 13.191489 0.000000
      vertex 14.206349 10.000000 0.000000
    endloop
  endfacet
  facet normal 0.000000 0.000000 -1.000000
    outer loop
      vertex 13.888889 10.000000 0.000000
      vertex 13.888889 13.191489 0.000000
      vertex 14.206349 13.191489 0.000000
    endloop
  endfacet
  facet normal 0.000000 0.000000 1.000000
    outer loop
      vertex 13.888889 10.000000 0.400000
      vertex 14.206349 10.000000 0.400000
      vertex 14.206349 13.191489 0.400000
    endloop
  endfacet
  facet normal 0.000000 0.000000 1.000000
    outer loop
      vertex 13.888889 10.000000 0.400000
      vertex 14.206349 13.191489 0.400000
      vertex 13.888889 13.191489 0.400000
    endloop
  endfacet
  facet normal 0.000000 -1.000000 0.000000
    outer loop
      vertex 13.888889 10.000000 0.000000
      vertex 14.206349 10.000000 0.000000
      vertex 14.206349 10.000000 0.400000
    endloop
  endfacet
  facet normal 0.000000 -1.000000 0.000000
    outer loop
      vertex 13.888889 10.000000 0.000000
      vertex 14.206349 10.000000 0.400000
      vertex 13.888889 10.000000 0.400000
    endloop
  endfacet
  facet normal 0.000000 1.000000 0.000000
    outer loop
      vertex 13.888889 13.191489 0.000000
      vertex 14.206349 13.191489 0.400000
      vertex 14.206349 13.191489 0.000000
    endloop
  endfacet
  facet normal 0.000000 1.000000 0.000000
    outer loop
      vertex 13.888889 13.191489 0.000000
      vertex 13.888889 13.191489 0.400000
      vertex 14.206349 13.191489 0.400000
    endloop
  endfacet
  facet normal -1.000000 0.000000 0.000000
    outer loop
      vertex 13.888889 10.000000 0.000000
      vertex 13.888889 10.000000 0.400000
      vertex 13.888889 13.191489 0.400000
    endloop
  endfacet
  facet normal -1.000000 0.000000 0.000000
    outer loop
      vertex 13.888889 10.000000 0.000000
      vertex 13.888889 13.191489 0.400000
      vertex 13.888889 13.191489 0.000000
    endloop
  endfacet
  facet normal 1.000000 0.000000 0.000000
    outer loop
      vertex 14.206349 10.000000 0.000000
      vertex 14.206349 13.191489 0.000000
      vertex 14.206349 13.191489 0.400000
    endloop
  endfacet
  facet normal 1.000000 0.000000 0.000000
    outer loop
      vertex 14.206349 10.000000 0.000000
      vertex 14.206349 13.191489 0.400000
      vertex 14.206349 10.000000 0.400000
    endloop
  endfacet
  facet normal 0.000000 0.000000 -1.000000
    outer loop
      vertex 18.650794 10.000000 0.000000
      vertex 18.968254 13.191489 0.000000
      vertex 18.968254 10.000000 0.000000
    endloop
  endfacet
  facet normal 0.000000 0.000000 -1.000000
    outer loop
      vertex 18.650794 10.000000 0.000000
      vertex 18.650794 13.191489 0.000000
      vertex 18.968254 13.191489 0.000000
    endloop
  endfacet
  facet normal 0.000000 0.000000 1.000000
    outer loop
      vertex 18.650794 10.000000 0.400000
      vertex 18.968254 10.000000 0.400000
      vertex 18.968254 13.191489 0.400000
    endloop
  endfacet
  facet normal 0.000000 0.000000 1.000000
    outer loop
      vertex 18.650794 10.000000 0.400000
      vertex 18.968254 13.191489 0.400000
      vertex 18.650794 13.191489 0.400000
    endloop
  endfacet
  facet normal 0.000000 -1.000000 0.000000
    outer loop
      vertex 18.650794 10.000000 0.000000
      vertex 18.968254 10.000000 0.000000
      vertex 18.968254 10.000000 0.400000
    endloop
  endfacet
  facet normal 0.000000 -1.000000 0.000000
    outer loop
      vertex 18.650794 10.000000 0.000000
      vertex 18.968254 10.000000 0.400000
      vertex 18.650794 10.000000 0.400000
    endloop
  endfacet
  facet normal 0.000000 1.000000 0.000000
    outer loop
      vertex 18.650794 13.191489 0.000000
      vertex 18.968254 13.191489 0.400000
      vertex 18.968254 13.191489 0.000000
    endloop
  endfacet
  facet normal 0.000000 1.000000 0.000000
    outer loop
      vertex 18.650794 13.191489 0.000000
      vertex 18.650794 13.191489 0.400000
      vertex 18.968254 13.191489 0.400000
    endloop
  endfacet
  facet normal -1.000000 0.000000 0.000000
    outer loop
      vertex 18.650794 10.000000 0.000000
      vertex 18.650794 10.000000 0.400000
      vertex 18.650794 13.191489 0.400000
    endloop
  endfacet
  facet normal -1.000000 0.000000 0.000000
    outer loop
      vertex 18.650794 10.000000 0.000000
      vertex 18.650794 13.191489 0.400000
      vertex 18.650794 13.191489 0.000000
    endloop
  endfacet
  facet normal 1.000000 0.000000 0.000000
    outer loop
      vertex 18.968254 10.000000 0.000000
      vertex 18.968254 13.191489 0.000000
      vertex 18.968254 13.191489 0.400000
    endloop
  endfacet
  facet normal 1.000000 0.000000 0.000000
    outer loop
      vertex 18.968254 10.000000 0.000000
      vertex 18.968254 13.191489 0.400000
      vertex 18.968254 10.000000 0.400000
    endloop
  endfacet
  facet normal 0.000000 0.000000 -1.000000
    outer loop
      vertex 22.142857 10.000000 0.000000
      vertex 22.460317 13.191489 0.000000
      vertex 22.460317 10.000000 0.000000
    endloop
  endfacet
  facet normal 0.000000 0.000000 -1.000000
    outer loop
      vertex 22.142857 10.000000 0.000000
      vertex 22.142857 13.191489 0.000000
      vertex 22.460317 13.191489 0.000000
    endloop
  endfacet
  facet normal 0.000000 0.000000 1.000000
    outer loop
      vertex 22.142857 10.000000 0.400000
      vertex 22.460317 10.000000 0.400000
      vertex 22.460317 13.191489 0.400000
    endloop
  endfacet
  facet normal 0.000000 0.000000 1.000000
    outer loop
      vertex 22.142857 10.000000 0.400000
      vertex 22.460317 13.191489 0.400000
      vertex 22.142857 13.191489 0.400000
    endloop
  endfacet
  facet normal 0.000000 -1.000000 0.000000
    outer loop
      vertex 22.142857 10.000000 0.000000
      vertex 22.460317 10.000000 0.000000
      vertex 22.460317 10.000000 0.400000
    endloop
  endfacet
  facet normal 0.000000 -1.000000 0.000000
    outer loop
      vertex 22.142857 10.000000 0.000000
      vertex 22.460317 10.000000 0.400000
      vertex 22.142857 10.000000 0.400000
    endloop
  endfacet
  facet normal 0.000000 1.000000 0.000000
    outer loop
      vertex 22.142857 13.191489 0.000000
      vertex 22.460317 13.191489 0.400000
      vertex 22.460317 13.191489 0.000000
    endloop
  endfacet
  facet normal 0.000000 1.000000 0.000000
    outer loop
      vertex 22.142857 13.191489 0.000000
      vertex 22.142857 13.191489 0.400000
      vertex 22.460317 13.191489 0.400000
    endloop
  endfacet
  facet normal -1.000000 0.000000 0.000000
    outer loop
      vertex 22.142857 10.000000 0.000000
      vertex 22.142857 10.000000 0.400000
      vertex 22.142857 13.191489 0.400000
    endloop
  endfacet
  facet normal -1.000000 0.000000 0.000000
    outer loop
      vertex 22.142857 10.000000 0.000000
      vertex 22.142857 13.191489 0.400000
      vertex 22.142857 13.191489 0.000000
    endloop
  endfacet
  facet normal 1.000000 0.000000 0.000000
    outer loop
      vertex 22.460317 10.000000 0.000000
      vertex 22.460317 13.191489 0.000000
      vertex 22.460317 13.191489 0.400000
    endloop
  endfacet
  facet normal 1.000000 0.000000 0.000000
    outer loop
      vertex 22.460317 10.000000 0.000000
      vertex 22.460317 13.191489 0.400000
      vertex 22.460317 10.000000 0.400000
    endloop
  endfacet
  facet normal 0.000000 0.000000 -1.000000
    outer loop
      vertex 27.539683 10.000000 0.000000
      vertex 27.857143 13.191489 0.000000
      vertex 27.857143 10.000000 0.000000
    endloop
  endfacet
  facet normal 0.000000 0.000000 -1.000000
    outer loop
      vertex 27.539683 10.000000 0.000000
      vertex 27.539683 13.191489 0.000000
      vertex 27.857143 13.191489 0.000000
    endloop
  endfacet
  facet normal 0.000000 0.000000 1.000000
    outer loop
      vertex 27.539683 10.000000 0.400000
      vertex 27.857143 10.000000 0.400000
      vertex 27.857143 13.191489 0.400000
    endloop
  endfacet
  facet normal 0.000000 0.000000 1.000000
    outer loop
      vertex 27.539683 10.000000 0.400000
      vertex 27.857143 13.191489 0.400000
      vertex 27.539683 13.191489 0.400000
    endloop
  endfacet
  facet normal 0.000000 -1.000000 0.000000
    outer loop
      vertex 27.539683 10.000000 0.000000
      vertex 27.857143 10.000000 0.000000
      vertex 27.857143 10.000000 0.400000
    endloop
  endfacet
  facet normal 0.000000 -1.000000 0.000000
    outer loop
      vertex 27.539683 10.000000 0.000000
      vertex 27.857143 10.000000 0.400000
      vertex 27.539683 10.000000 0.400000
    endloop
  endfacet
  facet normal 0.000000 1.000000 0.000000
    outer loop
      vertex 27.539683 13.191489 0.000000
      vertex 27.857143 13.191489 0.400000
      vertex 27.857143 13.191489 0.000000
    endloop
  endfacet
  facet normal 0.000000 1.000000 0.000000
    outer loop
      vertex 27.539683 13.191489 0.000000
      vertex 27.539683 13.191489 0.400000
      vertex 27.857143 13.191489 0.400000
    endloop
  endfacet
  facet normal -1.000000 0.000000 0.000000
    outer loop
      vertex 27.539683 10.000000 0.000000
      vertex 27.539683 10.000000 0.400000
      vertex 27.539683 13.191489 0.400000
    endloop
  endfacet
  facet normal -1.000000 0.000000 0.000000
    outer loop
      vertex 27.539683 10.000000 0.000000
      vertex 27.539683 13.191489 0.400000
      vertex 27.539683 13.191489 0.000000
    endloop
  endfacet
  facet normal 1.000000 0.000000 0.000000
    outer loop
      vertex 27.857143 10.000000 0.000000
      vertex 27.857143 13.191489 0.000000
      vertex 27.857143 13.191489 0.400000
    endloop
  endfacet
  facet normal 1.000000 0.000000 0.000000
    outer loop
      vertex 27.857143 10.000000 0.000000
      vertex 27.857143 13.191489 0.400000
      vertex 27.857143 10.000000 0.400000
    endloop
  endfacet
  facet normal 0.000000 0.000000 -1.000000
    outer loop
      vertex 31.666667 10.000000 0.000000
      vertex 31.984127 13.191489 0.000000
      vertex 31.984127 10.000000 0.000000
    endloop
  endfacet
  facet normal 0.000000 0.000000 -1.000000
    outer loop
      vertex 31.666667 10.000000 0.000000
      vertex 31.666667 13.191489 0.000000
      vertex 31.984127 13.191489 0.000000
    endloop
  endfacet
  facet normal 0.000000 0.000000 1.000000
    outer loop
      vertex 31.666667 10.000000 0.400000
      vertex 31.984127 10.000000 0.400000
      vertex 31.984127 13.191489 0.400000
    endloop
  endfacet
  facet normal 0.000000 0.000000 1.000000
    outer loop
      vertex 31.666667 10.000000 0.400000
      vertex 31.984127 13.191489 0.400000
      vertex 31.666667 13.191489 0.400000
    endloop
  endfacet
  facet normal 0.000000 -1.000000 0.000000
    outer loop
      vertex 31.666667 10.000000 0.000000
      vertex 31.984127 10.000000 0.000000
      vertex 31.984127 10.000000 0.400000
    endloop
  endfacet
  facet normal 0.000000 -1.000000 0.000000
    outer loop
      vertex 31.666667 10.000000 0.000000
      vertex 31.984127 10.000000 0.400000
      vertex 31.666667 10.000000 0.400000
    endloop
  endfacet
  facet normal 0.000000 1.000000 0.000000
    outer loop
      vertex 31.666667 13.191489 0.000000
      vertex 31.984127 13.191489 0.400000
      vertex 31.984127 13.191489 0.000000
    endloop
  endfacet
  facet normal 0.000000 1.000000 0.000000
    outer loop
      vertex 31.666667 13.191489 0.000000
      vertex 31.666667 13.191489 0.400000
      vertex 31.984127 13.191489 0.400000
    endloop
  endfacet
  facet normal -1.000000 0.000000 0.000000
    outer loop
      vertex 31.666667 10.000000 0.000000
      vertex 31.666667 10.000000 0.400000
      vertex 31.666667 13.191489 0.400000
    endloop
  endfacet
  facet normal -1.000000 0.000000 0.000000
    outer loop
      vertex 31.666667 10.000000 0.000000
      vertex 31.666667 13.191489 0.400000
      vertex 31.666667 13.191489 0.000000
    endloop
  endfacet
  facet normal 1.000000 0.000000 0.000000
    outer loop
      vertex 31.984127 10.000000 0.000000
      vertex 31.984127 13.191489 0.000000
      vertex 31.984127 13.191489 0.400000
    endloop
  endfacet
  facet normal 1.000000 0.000000 0.000000
    outer loop
      vertex 31.984127 10.000000 0.000000
      vertex 31.984127 13.191489 0.400000
      vertex 31.984127 10.000000 0.400000
    endloop
  endfacet
  facet normal 0.000000 0.000000 -1.000000
    outer loop
      vertex 37.380952 10.000000 0.000000
      vertex 37.698413 13.191489 0.000000
      vertex 37.698413 10.000000 0.000000
    endloop
  endfacet
  facet normal 0.000000 0.000000 -1.000000
    outer loop
      vertex 37.380952 10.000000 0.000000
      vertex 37.380952 13.191489 0.000000
      vertex 37.698413 13.191489 0.000000
    endloop
  endfacet
  facet normal 0.000000 0.000000 1.000000
    outer loop
      vertex 37.380952 10.000000 0.400000
      vertex 37.698413 10.000000 0.400000
      vertex 37.698413 13.191489 0.400000
    endloop
  endfacet
  facet normal 0.000000 0.000000 1.000000
    outer loop
      vertex 37.380952 10.000000 0.400000
      vertex 37.698413 13.191489 0.400000
      vertex 37.380952 13.191489 0.400000
    endloop
  endfacet
  facet normal 0.000000 -1.000000 0.000000
    outer loop
      vertex 37.380952 10.000000 0.000000
      vertex 37.698413 10.000000 0.000000
      vertex 37.698413 10.000000 0.400000
    endloop
  endfacet
  facet normal 0.000000 -1.000000 0.000000
    outer loop
      vertex 37.380952 10.000000 0.000000
      vertex 37.698413 10.000000 0.400000
      vertex 37.380952 10.000000 0.400000
    endloop
  endfacet
  facet normal 0.000000 1.000000 0.000000
    outer loop
      vertex 37.380952 13.191489 0.000000
      vertex 37.698413 13.191489 0.400000
      vertex 37.698413 13.191489 0.000000
    endloop
  endfacet
  facet normal 0.000000 1.000000 0.000000
    outer loop
      vertex 37.380952 13.191489 0.000000
      vertex 37.380952 13.191489 0.400000
      vertex 37.698413 13.191489 0.400000
    endloop
  endfacet
  facet normal -1.000000 0.000000 0.000000
    outer loop
      vertex 37.380952 10.000000 0.000000
      vertex 37.380952 10.000000 0.400000
      vertex 37.380952 13.191489 0.400000
    endloop
  endfacet
  facet normal -1.000000 0.000000 0.000000
    outer loop
      vertex 37.380952 10.000000 0.000000
      vertex 37.380952 13.191489 0.400000
      vertex 37.380952 13.191489 0.000000
    endloop
  endfacet
  facet normal 1.000000 0.000000 0.000000
    outer loop
      vertex 37.698413 10.000000 0.000000
      vertex 37.698413 13.191489 0.000000
      vertex 37.698413 13.191489 0.400000
    endloop
  endfacet
  facet normal 1.000000 0.000000 0.000000
    outer loop
      vertex 37.698413 10.000000 0.000000
      vertex 37.698413 13.191489 0.400000
      vertex 37.698413 10.000000 0.400000
    endloop
  endfacet
  facet normal 0.000000 0.000000 -1.000000
    outer loop
      vertex 14.206349 10.000000 0.000000
      vertex 14.841270 12.872340 0.000000
      vertex 14.841270 10.000000 0.000000
    endloop
  endfacet
  facet normal 0.000000 0.000000 -1.000000
    outer loop
      vertex 14.206349 10.000000 0.000000
      vertex 14.206349 12.872340 0.000000
      vertex 14.841270 12.872340 0.000000
    endloop
  endfacet
  facet normal 0.000000 0.000000 1.000000
    outer loop
      vertex 14.206349 10.000000 0.400000
      vertex 14.841270 10.000000 0.400000
      vertex 14.841270 12.872340 0.400000
    endloop
  endfacet
  facet normal 0.000000 0.000000 1.000000
    outer loop
      vertex 14.206349 10.000000 0.400000
      vertex 14.841270 12.872340 0.400000
      vertex 14.206349 12.872340 0.400000
    endloop
  endfacet
  facet normal 0.000000 -1.000000 0.000000
    outer loop
      vertex 14.206349 10.000000 0.000000
      vertex 14.841270 10.000000 0.000000
      vertex 14.841270 10.000000 0.400000
    endloop
  endfacet
  facet normal 0.000000 -1.000000 0.000000
    outer loop
      vertex 14.206349 10.000000 0.000000
      vertex 14.841270 10.000000 0.400000
      vertex 14.206349 10.000000 0.400000
    endloop
  endfacet
  facet normal 0.000000 1.000000 0.000000
    outer loop
      vertex 14.206349 12.872340 0.000000
      vertex 14.841270 12.872340 0.400000
      vertex 14.841270 12.872340 0.000000
    endloop
  endfacet
  facet normal 0.000000 1.000000 0.000000
    outer loop
      vertex 14.206349 12.872340 0.000000
      vertex 14.206349 12.872340 0.400000
      vertex 14.841270 12.872340 0.400000
    endloop
  endfacet
  facet normal -1.000000 0.000000 0.000000
    outer loop
      vertex 14.206349 10.000000 0.000000
      vertex 14.206349 10.000000 0.400000
      vertex 14.206349 12.872340 0.400000
    endloop
  endfacet
  facet normal -1.000000 0.000000 0.000000
    outer loop
      vertex 14.206349 10.000000 0.000000
      vertex 14.206349 12.872340 0.400000
      vertex 14.206349 12.872340 0.000000
    endloop
  endfacet
  facet normal 1.000000 0.000000 0.000000
    outer loop
      vertex 14.841270 10.000000 0.000000
      vertex 14.841270 12.872340 0.000000
      vertex 14.841270 12.872340 0.400000
    endloop
  endfacet
  facet normal 1.000000 0.000000 0.000000
    outer loop
      vertex 14.841270 10.000000 0.000000
      vertex 14.841270 12.872340 0.400000
      vertex 14.841270 10.000000 0.400000
    endloop
  endfacet
  facet normal 0.000000 0.000000 -1.000000
    outer loop
      vertex 18.333333 10.000000 0.000000
      vertex 18.650794 12.872340 0.000000
      vertex 18.650794 10.000000 0.000000
    endloop
  endfacet
  facet normal 0.000000 0.000000 -1.000000
    outer loop
      vertex 18.333333 10.000000 0.000000
      vertex 18.333333 12.872340 0.000000
      vertex 18.650794 12.872340 0.000000
    endloop
  endfacet
  facet normal 0.000000 0.000000 1.000000
    outer loop
      vertex 18.333333 10.000000 0.400000
      vertex 18.650794 10.000000 0.400000
      vertex 18.650794 12.872340 0.400000
    endloop
  endfacet
  facet normal 0.000000 0.000000 1.000000
    outer loop
      vertex 18.333333 10.000000 0.400000
      vertex 18.650794 12.872340 0.400000
      vertex 18.333333 12.872340 0.400000
    endloop
  endfacet
  facet normal 0.000000 -1.000000 0.000000
    outer loop
      vertex 18.333333 10.000000 0.000000
      vertex 18.650794 10.000000 0.000000
      vertex 18.650794 10.000000 0.400000
    endloop
  endfacet
  facet normal 0.000000 -1.000000 0.000000
    outer loop
      vertex 18.333333 10.000000 0.000000
      vertex 18.650794 10.000000 0.400000
      vertex 18.333333 10.000000 0.400000
    endloop
  endfacet
  facet normal 0.000000 1.000000 0.000000
    outer loop
      vertex 18.333333 12.872340 0.000000
      vertex 18.650794 12.872340 0.400000
      vertex 18.650794 12.872340 0.000000
    endloop
  endfacet
  facet normal 0.000000 1.000000 0.000000
    outer loop
      vertex 18.333333 12.872340 0.000000
      vertex 18.333333 12.872340 0.400000
      vertex 18.650794 12.872340 0.400000
    endloop
  endfacet
  facet normal -1.000000 0.000000 0.000000
    outer loop
      vertex 18.333333 10.000000 0.000000
      vertex 18.333333 10.000000 0.400000
      vertex 18.333333 12.872340 0.400000
    endloop
  endfacet
  facet normal -1.000000 0.000000 0.000000
    outer loop
      vertex 18.333333 10.000000 0.000000
      vertex 18.333333 12.872340 0.400000
      vertex 18.333333 12.872340 0.000000
    endloop
  endfacet
  facet normal 1.000000 0.000000 0.000000
    outer loop
      vertex 18.650794 10.000000 0.000000
      vertex 18.650794 12.872340 0.000000
      vertex 18.650794 12.872340 0.400000
    endloop
  endfacet
  facet normal 1.000000 0.000000 0.000000
    outer loop
      vertex 18.650794 10.000000 0.000000
      vertex 18.650794 12.872340 0.400000
      vertex 18.650794 10.000000 0.400000
    endloop
  endfacet
  facet normal 0.000000 0.000000 -1.000000
    outer loop
      vertex 22.460317 10.000000 0.000000
      vertex 23.095238 12.872340 0.000000
      vertex 23.095238 10.000000 0.000000
    endloop
  endfacet
  facet normal 0.000000 0.000000 -1.000000
    outer loop
      vertex 22.460317 10.000000 0.000000
      vertex 22.460317 12.872340 0.000000
      vertex 23.095238 12.872340 0.000000
    endloop
  endfacet
  facet normal 0.000000 0.000000 1.000000
    outer loop
      vertex 22.460317 10.000000 0.400000
      vertex 23.095238 10.000000 0.400000
      vertex 23.095238 12.872340 0.400000
    endloop
  endfacet
  facet normal 0.000000 0.000000 1.000000
    outer loop
      vertex 22.460317 10.000000 0.400000
      vertex 23.095238 12.872340 0.400000
      vertex 22.460317 12.872340 0.400000
    endloop
  endfacet
  facet normal 0.000000 -1.000000 0.000000
    outer loop
      vertex 22.460317 10.000000 0.000000
      vertex 23.095238 10.000000 0.000000
      vertex 23.095238 10.000000 0.400000
    endloop
  endfacet
  facet normal 0.000000 -1.000000 0.000000
    outer loop
      vertex 22.460317 10.000000 0.000000
      vertex 23.095238 10.000000 0.400000
      vertex 22.460317 10.000000 0.400000
    endloop
  endfacet
  facet normal 0.000000 1.000000 0.000000
    outer loop
      vertex 22.460317 12.872340 0.000000
      vertex 23.095238 12.872340 0.400000
      vertex 23.095238 12.872340 0.000000
    endloop
  endfacet
  facet normal 0.000000 1.000000 0.000000
    outer loop
      vertex 22.460317 12.872340 0.000000
      vertex 22.460317 12.872340 0.400000
      vertex 23.095238 12.872340 0.400000
    endloop
  endfacet
  facet normal -1.000000 0.000000 0.000000
    outer loop
      vertex 22.460317 10.000000 0.000000
      vertex 22.460317 10.000000 0.400000
      vertex 22.460317 12.872340 0.400000
    endloop
  endfacet
  facet normal -1.000000 0.000000 0.000000
    outer loop
      vertex 22.460317 10.000000 0.000000
      vertex 22.460317 12.872340 0.400000
      vertex 22.460317 12.872340 0.000000
    endloop
  endfacet
  facet normal 1.000000 0.000000 0.000000
    outer loop
      vertex 23.095238 10.000000 0.000000
      vertex 23.095238 12.872340 0.000000
      vertex 23.095238 12.872340 0.400000
    endloop
  endfacet
  facet normal 1.000000 0.000000 0.000000
    outer loop
      vertex 23.095238 10.000000 0.000000
      vertex 23.095238 12.872340 0.400000
      vertex 23.095238 10.000000 0.400000
    endloop
  endfacet
  facet normal 0.000000 0.000000 -1.000000
    outer loop
      vertex 27.222222 10.000000 0.000000
      vertex 27.539683 12.872340 0.000000
      vertex 27.539683 10.000000 0.000000
    endloop
  endfacet
  facet normal 0.000000 0.000000 -1.000000
    outer loop
      vertex 27.222222 10.000000 0.000000
      vertex 27.222222 12.872340 0.000000
      vertex 27.539683 12.872340 0.000000
    endloop
  endfacet
  facet normal 0.000000 0.000000 1.000000
    outer loop
      vertex 27.222222 10.000000 0.400000
      vertex 27.539683 10.000000 0.400000
      vertex 27.539683 12.872340 0.400000
    endloop
  endfacet
  facet normal 0.000000 0.000000 1.000000
    outer loop
      vertex 27.222222 10.000000 0.400000
      vertex 27.539683 12.872340 0.400000
      vertex 27.222222 12.872340 0.400000
    endloop
  endfacet
  facet normal 0.000000 -1.000000 0.000000
    outer loop
      vertex 27.222222 10.000000 0.000000
      vertex 27.539683 10.000000 0.000000
      vertex 27.539683 10.000000 0.400000
    endloop
  endfacet
  facet normal 0.000000 -1.000000 0.000000
    outer loop
      vertex 27.222222 10.000000 0.000000
      vertex 27.539683 10.000000 0.400000
      vertex 27.222222 10.000000 0.400000
    endloop
  endfacet
  facet normal 0.000000 1.000000 0.000000
    outer loop
      vertex 27.222222 12.872340 0.000000
      vertex 27.539683 12.872340 0.400000
      vertex 27.539683 12.872340 0.000000
    endloop
  endfacet
  facet normal 0.000000 1.000000 0.000000
    outer loop
      vertex 27.222222 12.872340 0.000000
      vertex 27.222222 12.872340 0.400000
      vertex 27.539683 12.872340 0.400000
    endloop
  endfacet
  facet normal -1.000000 0.000000 0.000000
    outer loop
      vertex 27.222222 10.000000 0.000000
      vertex 27.222222 10.000000 0.400000
      vertex 27.222222 12.872340 0.400000
    endloop
  endfacet
  facet normal -1.000000 0.000000 0.000000
    outer loop
      vertex 27.222222 10.000000 0.000000
      vertex 27.222222 12.872340 0.400000
      vertex 27.222222 12.872340 0.000000
    endloop
  endfacet
  facet normal 1.000000 0.000000 0.000000
    outer loop
      vertex 27.539683 10.000000 0.000000
      vertex 27.539683 12.872340 0.000000
      vertex 27.539683 12.872340 0.400000
    endloop
  endfacet
  facet normal 1.000000 0.000000 0.000000
    outer loop
      vertex 27.539683 10.000000 0.000000
      vertex 27.539683 12.872340 0.400000
      vertex 27.539683 10.000000 0.400000
    endloop
  endfacet
  facet normal 0.000000 0.000000 -1.000000
    outer loop
      vertex 31.984127 10.000000 0.000000
      vertex 32.619048 12.872340 0.000000
      vertex 32.619048 10.000000 0.000000
    endloop
  endfacet
  facet normal 0.000000 0.000000 -1.000000
    outer loop
      vertex 31.984127 10.000000 0.000000
      vertex 31.984127 12.872340 0.000000
      vertex 32.619048 12.872340 0.000000
    endloop
  endfacet
  facet normal 0.000000 0.000000 1.000000
    outer loop
      vertex 31.984127 10.000000 0.400000
      vertex 32.619048 10.000000 0.400000
      vertex 32.619048 12.872340 0.400000
    endloop
  endfacet
  facet normal 0.000000 0.000000 1.000000
    outer loop
      vertex 31.984127 10.000000 0.400000
      vertex 32.619048 12.872340 0.400000
      vertex 31.984127 12.872340 0.400000
    endloop
  endfacet
  facet normal 0.000000 -1.000000 0.000000
    outer loop
      vertex 31.984127 10.000000 0.000000
      vertex 32.619048 10.000000 0.000000
      vertex 32.619048 10.000000 0.400000
    endloop
  endfacet
  facet normal 0.000000 -1.000000 0.000000
    outer loop
      vertex 31.984127 10.000000 0.000000
      vertex 32.619048 10.000000 0.400000
      vertex 31.984127 10.000000 0.400000
    endloop
  endfacet
  facet normal 0.000000 1.000000 0.000000
    outer loop
      vertex 31.984127 12.872340 0.000000
      vertex 32.619048 12.872340 0.400000
      vertex 32.619048 12.872340 0.000000
    endloop
  endfacet
  facet normal 0.000000 1.000000 0.000000
    outer loop
      vertex 31.984127 12.872340 0.000000
      vertex 31.984127 12.872340 0.400000
      vertex 32.619048 12.872340 0.400000
    endloop
  endfacet
  facet normal -1.000000 0.000000 0.000000
    outer loop
      vertex 31.984127 10.000000 0.000000
      vertex 31.984127 10.000000 0.400000
      vertex 31.984127 12.872340 0.400000
    endloop
  endfacet
  facet normal -1.000000 0.000000 0.000000
    outer loop
      vertex 31.984127 10.000000 0.000000
      vertex 31.984127 12.872340 0.400000
      vertex 31.984127 12.872340 0.000000
    endloop
  endfacet
  facet normal 1.000000 0.000000 0.000000
    outer loop
      vertex 32.619048 10.000000 0.000000
      vertex 32.619048 12.872340 0.000000
      vertex 32.619048 12.872340 0.400000
    endloop
  endfacet
  facet normal 1.000000 0.000000 0.000000
    outer loop
      vertex 32.619048 10.000000 0.000000
      vertex 32.619048 12.872340 0.400000
      vertex 32.619048 10.000000 0.400000
    endloop
  endfacet
  facet normal 0.000000 0.000000 -1.000000
    outer loop
      vertex 36.746032 10.000000 0.000000
      vertex 37.380952 12.872340 0.000000
      vertex 37.380952 10.000000 0.000000
    endloop
  endfacet
  facet normal 0.000000 0.000000 -1.000000
    outer loop
      vertex 36.746032 10.000000 0.000000
      vertex 36.746032 12.872340 0.000000
      vertex 37.380952 12.872340 0.000000
    endloop
  endfacet
  facet normal 0.000000 0.000000 1.000000
    outer loop
      vertex 36.746032 10.000000 0.400000
      vertex 37.380952 10.000000 0.400000
      vertex 37.380952 12.872340 0.400000
    endloop
  endfacet
  facet normal 0.000000 0.000000 1.000000
    outer loop
      vertex 36.746032 10.000000 0.400000
      vertex 37.380952 12.872340 0.400000
      vertex 36.746032 12.872340 0.400000
    endloop
  endfacet
  facet normal 0.000000 -1.000000 0.000000
    outer loop
      vertex 36.746032 10.000000 0.000000
      vertex 37.380952 10.000000 0.000000
      vertex 37.380952 10.000000 0.400000
    endloop
  endfacet
  facet normal 0.000000 -1.000000 0.000000
    outer loop
      vertex 36.746032 10.000000 0.000000
      vertex 37.380952 10.000000 0.400000
      vertex 36.746032 10.000000 0.400000
    endloop
  endfacet
  facet normal 0.000000 1.000000 0.000000
    outer loop
      vertex 36.746032 12.872340 0.000000
      vertex 37.380952 12.872340 0.400000
      vertex 37.380952 12.872340 0.000000
    endloop
  endfacet
  facet normal 0.000000 1.000000 0.000000
    outer loop
      vertex 36.746032 12.872340 0.000000
      vertex 36.746032 12.872340 0.400000
      vertex 37.380952 12.872340 0.400000
    endloop
  endfacet
  facet normal -1.000000 0.000000 0.000000
    outer loop
      vertex 36.746032 10.000000 0.000000
      vertex 36.746032 10.000000 0.400000
      vertex 36.746032 12.872340 0.400000
    endloop
  endfacet
  facet normal -1.000000 0.000000 0.000000
    outer loop
      vertex 36.746032 10.000000 0.000000
      vertex 36.746032 12.872340 0.400000
      vertex 36.746032 12.872340 0.000000
    endloop
  endfacet
  facet normal 1.000000 0.000000 0.000000
    outer loop
      vertex 37.380952 10.000000 0.000000
      vertex 37.380952 12.872340 0.000000
      vertex 37.380952 12.872340 0.400000
    endloop
  endfacet
  facet normal 1.000000 0.000000 0.000000
    outer loop
      vertex 37.380952 10.000000 0.000000
      vertex 37.380952 12.872340 0.400000
      vertex 37.380952 10.000000 0.400000
    endloop
  endfacet
  facet normal 0.000000 0.000000 -1.000000
    outer loop
      vertex 14.841270 10.000000 0.000000
      vertex 15.476190 12.553191 0.000000
      vertex 15.476190 10.000000 0.000000
    endloop
  endfacet
  facet normal 0.000000 0.000000 -1.000000
    outer loop
      vertex 14.841270 10.000000 0.000000
      vertex 14.841270 12.553191 0.000000
      vertex 15.476190 12.553191 0.000000
    endloop
  endfacet
  facet normal 0.000000 0.000000 1.000000
    outer loop
      vertex 14.841270 10.000000 0.400000
      vertex 15.476190 10.000000 0.400000
      vertex 15.476190 12.553191 0.400000
    endloop
  endfacet
  facet normal 0.000000 0.000000 1.000000
    outer loop
      vertex 14.841270 10.000000 0.400000
      vertex 15.476190 12.553191 0.400000
      vertex 14.841270 12.553191 0.400000
    endloop
  endfacet
  facet normal 0.000000 -1.000000 0.000000
    outer loop
      vertex 14.841270 10.000000 0.000000
      vertex 15.476190 10.000000 0.000000
      vertex 15.476190 10.000000 0.400000
    endloop
  endfacet
  facet normal 0.000000 -1.000000 0.000000
    outer loop
      vertex 14.841270 10.000000 0.000000
      vertex 15.476190 10.000000 0.400000
      vertex 14.841270 10.000000 0.400000
    endloop
  endfacet
  facet normal 0.000000 1.000000 0.000000
    outer loop
      vertex 14.841270 12.553191 0.000000
      vertex 15.476190 12.553191 0.400000
      vertex 15.476190 12.553191 0.000000
    endloop
  endfacet
  facet normal 0.000000 1.000000 0.000000
    outer loop
      vertex 14.841270 12.553191 0.000000
      vertex 14.841270 12.553191 0.400000
      vertex 15.476190 12.553191 0.400000
    endloop
  endfacet
  facet normal -1.000000 0.000000 0.000000
    outer loop
      vertex 14.841270 10.000000 0.000000
      vertex 14.841270 10.000000 0.400000
      vertex 14.841270 12.553191 0.400000
    endloop
  endfacet
  facet normal -1.000000 0.000000 0.000000
    outer loop
      vertex 14.841270 10.000000 0.000000
      vertex 14.841270 12.553191 0.400000
      vertex 14.841270 12.553191 0.000000
    endloop
  endfacet
  facet normal 1.000000 0.000000 0.000000
    outer loop
      vertex 15.476190 10.000000 0.000000
      vertex 15.476190 12.553191 0.000000
      vertex 15.476190 12.553191 0.400000
    endloop
  endfacet
  facet normal 1.000000 0.000000 0.000000
    outer loop
      vertex 15.476190 10.000000 0.000000
      vertex 15.476190 12.553191 0.400000
      vertex 15.476190 10.000000 0.400000
    endloop
  endfacet
  facet normal 0.000000 0.000000 -1.000000
    outer loop
      vertex 17.698413 10.000000 0.000000
      vertex 18.333333 12.553191 0.000000
      vertex 18.333333 10.000000 0.000000
    endloop
  endfacet
  facet normal 0.000000 0.000000 -1.000000
    outer loop
      vertex 17.698413 10.000000 0.000000
      vertex 17.698413 12.553191 0.000000
      vertex 18.333333 12.553191 0.000000
    endloop
  endfacet
  facet normal 0.000000 0.000000 1.000000
    outer loop
      vertex 17.698413 10.000000 0.400000
      vertex 18.333333 10.000000 0.400000
      vertex 18.333333 12.553191 0.400000
    endloop
  endfacet
  facet normal 0.000000 0.000000 1.000000
    outer loop
      vertex 17.698413 10.000000 0.400000
      vertex 18.333333 12.553191 0.400000
      vertex 17.698413 12.553191 0.400000
    endloop
  endfacet
  facet normal 0.000000 -1.000000 0.000000
    outer loop
      vertex 17.698413 10.000000 0.000000
      vertex 18.333333 10.000000 0.000000
      vertex 18.333333 10.000000 0.400000
    endloop
  endfacet
  facet normal 0.000000 -1.000000 0.000000
    outer loop
      vertex 17.698413 10.000000 0.000000
      vertex 18.333333 10.000000 0.400000
      vertex 17.698413 10.000000 0.400000
    endloop
  endfacet
  facet normal 0.000000 1.000000 0.000000
    outer loop
      vertex 17.698413 12.553191 0.000000
      vertex 18.333333 12.553191 0.400000
      vertex 18.333333 12.553191 0.000000
    endloop
  endfacet
  facet normal 0.000000 1.000000 0.000000
    outer loop
      vertex 17.698413 12.553191 0.000000
      vertex 17.698413 12.553191 0.400000
      vertex 18.333333 12.553191 0.400000
    endloop
  endfacet
  facet normal -1.000000 0.000000 0.000000
    outer loop
      vertex 17.698413 10.000000 0.000000
      vertex 17.698413 10.000000 0.400000
      vertex 17.698413 12.553191 0.400000
    endloop
  endfacet
  facet normal -1.000000 0.000000 0.000000
    outer loop
      vertex 17.698413 10.000000 0.000000
      vertex 17.698413 12.553191 0.400000
      vertex 17.698413 12.553191 0.000000
    endloop
  endfacet
  facet normal 1.000000 0.000000 0.000000
    outer loop
      vertex 18.333333 10.000000 0.000000
      vertex 18.333333 12.553191 0.000000
      vertex 18.333333 12.553191 0.400000
    endloop
  endfacet
  facet normal 1.000000 0.000000 0.000000
    outer loop
      vertex 18.333333 10.000000 0.000000
      vertex 18.333333 12.553191 0.400000
      vertex 18.333333 10.000000 0.400000
    endloop
  endfacet
  facet normal 0.000000 0.000000 -1.000000
    outer loop
      vertex 23.095238 10.000000 0.000000
      vertex 23.730159 12.553191 0.000000
      vertex 23.730159 10.000000 0.000000
    endloop
  endfacet
  facet normal 0.000000 0.000000 -1.000000
    outer loop
      vertex 23.095238 10.000000 0.000000
      vertex 23.095238 12.553191 0.000000
      vertex 23.730159 12.553191 0.000000
    endloop
  endfacet
  facet normal 0.000000 0.000000 1.000000
    outer loop
      vertex 23.095238 10.000000 0.400000
      vertex 23.730159 10.000000 0.400000
      vertex 23.730159 12.553191 0.400000
    endloop
  endfacet
  facet normal 0.000000 0.000000 1.000000
    outer loop
      vertex 23.095238 10.000000 0.400000
      vertex 23.730159 12.553191 0.400000
      vertex 23.095238 12.553191 0.400000
    endloop
  endfacet
  facet normal 0.000000 -1.000000 0.000000
    outer loop
      vertex 23.095238 10.000000 0.000000
      vertex 23.730159 10.000000 0.000000
      vertex 23.730159 10.000000 0.400000
    endloop
  endfacet
  facet normal 0.000000 -1.000000 0.000000
    outer loop
      vertex 23.095238 10.000000 0.000000
      vertex 23.730159 10.000000 0.400000
      vertex 23.095238 10.000000 0.400000
    endloop
  endfacet
  facet normal 0.000000 1.000000 0.000000
    outer loop
      vertex 23.095238 12.553191 0.000000
      vertex 23.730159 12.553191 0.400000
      vertex 23.730159 12.553191 0.000000
    endloop
  endfacet
  facet normal 0.000000 1.000000 0.000000
    outer loop
      vertex 23.095238 12.553191 0.000000
      vertex 23.095238 12.553191 0.400000
      vertex 23.730159 12.553191 0.400000
    endloop
  endfacet
  facet normal -1.000000 0.000000 0.000000
    outer loop
      vertex 23.095238 10.000000 0.000000
      vertex 23.095238 10.000000 0.400000
      vertex 23.095238 12.553191 0.400000
    endloop
  endfacet
  facet normal -1.000000 0.000000 0.000000
    outer loop
      vertex 23.095238 10.000000 0.000000
      vertex 23.095238 12.553191 0.400000
      vertex 23.095238 12.553191 0.000000
    endloop
  endfacet
  facet normal 1.000000 0.000000 0.000000
    outer loop
      vertex 23.730159 10.000000 0.000000
      vertex 23.730159 12.553191 0.000000
      vertex 23.730159 12.553191 0.400000
    endloop
  endfacet
  facet normal 1.000000 0.000000 0.000000
    outer loop
      vertex 23.730159 10.000000 0.000000
      vertex 23.730159 12.553191 0.400000
      vertex 23.730159 10.000000 0.400000
    endloop
  endfacet
  facet normal 0.000000 0.000000 -1.000000
    outer loop
      vertex 26.269841 10.000000 0.000000
      vertex 27.222222 12.553191 0.000000
      vertex 27.222222 10.000000 0.000000
    endloop
  endfacet
  facet normal 0.000000 0.000000 -1.000000
    outer loop
      vertex 26.269841 10.000000 0.000000
      vertex 26.269841 12.553191 0.000000
      vertex 27.222222 12.553191 0.000000
    endloop
  endfacet
  facet normal 0.000000 0.000000 1.000000
    outer loop
      vertex 26.269841 10.000000 0.400000
      vertex 27.222222 10.000000 0.400000
      vertex 27.222222 12.553191 0.400000
    endloop
  endfacet
  facet normal 0.000000 0.000000 1.000000
    outer loop
      vertex 26.269841 10.000000 0.400000
      vertex 27.222222 12.553191 0.400000
      vertex 26.269841 12.553191 0.400000
    endloop
  endfacet
  facet normal 0.000000 -1.000000 0.000000
    outer loop
      vertex 26.269841 10.000000 0.000000
      vertex 27.222222 10.000000 0.000000
      vertex 27.222222 10.000000 0.400000
    endloop
  endfacet
  facet normal 0.000000 -1.000000 0.000000
    outer loop
      vertex 26.269841 10.000000 0.000000
      vertex 27.222222 10.000000 0.400000
      vertex 26.269841 10.000000 0.400000
    endloop
  endfacet
  facet normal 0.000000 1.000000 0.000000
    outer loop
      vertex 26.269841 12.553191 0.000000
      vertex 27.222222 12.553191 0.400000
      vertex 27.222222 12.553191 0.000000
    endloop
  endfacet
  facet normal 0.000000 1.000000 0.000000
    outer loop
      vertex 26.269841 12.553191 0.000000
      vertex 26.269841 12.553191 0.400000
      vertex 27.222222 12.553191 0.400000
    endloop
  endfacet
  facet normal -1.000000 0.000000 0.000000
    outer loop
      vertex 26.269841 10.000000 0.000000
      vertex 26.269841 10.000000 0.400000
      vertex 26.269841 12.553191 0.400000
    endloop
  endfacet
  facet normal -1.000000 0.000000 0.000000
    outer loop
      vertex 26.269841 10.000000 0.000000
      vertex 26.269841 12.553191 0.400000
      vertex 26.269841 12.553191 0.000000
    endloop
  endfacet
  facet normal 1.000000 0.000000 0.000000
    outer loop
      vertex 27.222222 10.000000 0.000000
      vertex 27.222222 12.553191 0.000000
      vertex 27.222222 12.553191 0.400000
    endloop
  endfacet
  facet normal 1.000000 0.000000 0.000000
    outer loop
      vertex 27.222222 10.000000 0.000000
      vertex 27.222222 12.553191 0.400000
      vertex 27.222222 10.000000 0.400000
    endloop
  endfacet
  facet normal 0.000000 0.000000 -1.000000
    outer loop
      vertex 32.619048 10.000000 0.000000
      vertex 33.571429 12.553191 0.000000
      vertex 33.571429 10.000000 0.000000
    endloop
  endfacet
  facet normal 0.000000 0.000000 -1.000000
    outer loop
      vertex 32.619048 10.000000 0.000000
      vertex 32.619048 12.553191 0.000000
      vertex 33.571429 12.553191 0.000000
    endloop
  endfacet
  facet normal 0.000000 0.000000 1.000000
    outer loop
      vertex 32.619048 10.000000 0.400000
      vertex 33.571429 10.000000 0.400000
      vertex 33.571429 12.553191 0.400000
    endloop
  endfacet
  facet normal 0.000000 0.000000 1.000000
    outer loop
      vertex 32.619048 10.000000 0.400000
      vertex 33.571429 12.553191 0.400000
      vertex 32.619048 12.553191 0.400000
    endloop
  endfacet
  facet normal 0.000000 -1.000000 0.000000
    outer loop
      vertex 32.619048 10.000000 0.000000
      vertex 33.571429 10.000000 0.000000
      vertex 33.571429 10.000000 0.400000
    endloop
  endfacet
  facet normal 0.000000 -1.000000 0.000000
    outer loop
      vertex 32.619048 10.000000 0.000000
      vertex 33.571429 10.000000 0.400000
      vertex 32.619048 10.000000 0.400000
    endloop
  endfacet
  facet normal 0.000000 1.000000 0.000000
    outer loop
      vertex 32.619048 12.553191 0.000000
      vertex 33.571429 12.553191 0.400000
      vertex 33.571429 12.553191 0.000000
    endloop
  endfacet
  facet normal 0.000000 1.000000 0.000000
    outer loop
      vertex 32.619048 12.553191 0.000000
      vertex 32.619048 12.553191 0.400000
      vertex 33.571429 12.553191 0.400000
    endloop
  endfacet
  facet normal -1.000000 0.000000 0.000000
    outer loop
      vertex 32.619048 10.000000 0.000000
      vertex 32.619048 10.000000 0.400000
      vertex 32.619048 12.553191 0.400000
    endloop
  endfacet
  facet normal -1.000000 0.000000 0.000000
    outer loop
      vertex 32.619048 10.000000 0.000000
      vertex 32.619048 12.553191 0.400000
      vertex 32.619048 12.553191 0.000000
    endloop
  endfacet
  facet normal 1.000000 0.000000 0.000000
    outer loop
      vertex 33.571429 10.000000 0.000000
      vertex 33.571429 12.553191 0.000000
      vertex 33.571429 12.553191 0.400000
    endloop
  endfacet
  facet normal 1.000000 0.000000 0.000000
    outer loop
      vertex 33.571429 10.000000 0.000000
      vertex 33.571429 12.553191 0.400000
      vertex 33.571429 10.000000 0.400000
    endloop
  endfacet
  facet normal 0.000000 0.000000 -1.000000
    outer loop
      vertex 36.111111 10.000000 0.000000
      vertex 36.746032 12.553191 0.000000
      vertex 36.746032 10.000000 0.000000
    endloop
  endfacet
  facet normal 0.000000 0.000000 -1.000000
    outer loop
      vertex 36.111111 10.000000 0.000000
      vertex 36.111111 12.553191 0.000000
      vertex 36.746032 12.553191 0.000000
    endloop
  endfacet
  facet normal 0.000000 0.000000 1.000000
    outer loop
      vertex 36.111111 10.000000 0.400000
      vertex 36.746032 10.000000 0.400000
      vertex 36.746032 12.553191 0.400000
    endloop
  endfacet
  facet normal 0.000000 0.000000 1.000000
    outer loop
      vertex 36.111111 10.000000 0.400000
      vertex 36.746032 12.553191 0.400000
      vertex 36.111111 12.553191 0.400000
    endloop
  endfacet
  facet normal 0.000000 -1.000000 0.000000
    outer loop
      vertex 36.111111 10.000000 0.000000
      vertex 36.746032 10.000000 0.000000
      vertex 36.746032 10.000000 0.400000
    endloop
  endfacet
  facet normal 0.000000 -1.000000 0.000000
    outer loop
      vertex 36.111111 10.000000 0.000000
      vertex 36.746032 10.000000 0.400000
      vertex 36.111111 10.000000 0.400000
    endloop
  endfacet
  facet normal 0.000000 1.000000 0.000000
    outer loop
      vertex 36.111111 12.553191 0.000000
      vertex 36.746032 12.553191 0.400000
      vertex 36.746032 12.553191 0.000000
    endloop
  endfacet
  facet normal 0.000000 1.000000 0.000000
    outer loop
      vertex 36.111111 12.553191 0.000000
      vertex 36.111111 12.553191 0.400000
      vertex 36.746032 12.553191 0.400000
    endloop
  endfacet
  facet normal -1.000000 0.000000 0.000000
    outer loop
      vertex 36.111111 10.000000 0.000000
      vertex 36.111111 10.000000 0.400000
      vertex 36.111111 12.553191 0.400000
    endloop
  endfacet
  facet normal -1.000000 0.000000 0.000000
    outer loop
      vertex 36.111111 10.000000 0.000000
      vertex 36.111111 12.553191 0.400000
      vertex 36.111111 12.553191 0.000000
    endloop
  endfacet
  facet normal 1.000000 0.000000 0.000000
    outer loop
      vertex 36.746032 10.000000 0.000000
      vertex 36.746032 12.553191 0.000000
      vertex 36.746032 12.553191 0.400000
    endloop
  endfacet
  facet normal 1.000000 0.000000 0.000000
    outer loop
      vertex 36.746032 10.000000 0.000000
      vertex 36.746032 12.553191 0.400000
      vertex 36.746032 10.000000 0.400000
    endloop
  endfacet
  facet normal 0.000000 0.000000 -1.000000
    outer loop
      vertex 11.349206 10.000000 0.000000
      vertex 13.888889 12.234043 0.000000
      vertex 13.888889 10.000000 0.000000
    endloop
  endfacet
  facet normal 0.000000 0.000000 -1.000000
    outer loop
      vertex 11.349206 10.000000 0.000000
      vertex 11.349206 12.234043 0.000000
      vertex 13.888889 12.234043 0.000000
    endloop
  endfacet
  facet normal 0.000000 0.000000 1.000000
    outer loop
      vertex 11.349206 10.000000 0.400000
      vertex 13.888889 10.000000 0.400000
      vertex 13.888889 12.234043 0.400000
    endloop
  endfacet
  facet normal 0.000000 0.000000 1.000000
    outer loop
      vertex 11.349206 10.000000 0.400000
      vertex 13.888889 12.234043 0.400000
      vertex 11.349206 12.234043 0.400000
    endloop
  endfacet
  facet normal 0.000000 -1.000000 0.000000
    outer loop
      vertex 11.349206 10.000000 0.000000
      vertex 13.888889 10.000000 0.000000
      vertex 13.888889 10.000000 0.400000
    endloop
  endfacet
  facet normal 0.000000 -1.000000 0.000000
    outer loop
      vertex 11.349206 10.000000 0.000000
      vertex 13.888889 10.000000 0.400000
      vertex 11.349206 10.000000 0.400000
    endloop
  endfacet
  facet normal 0.000000 1.000000 0.000000
    outer loop
      vertex 11.349206 12.234043 0.000000
      vertex 13.888889 12.234043 0.400000
      vertex 13.888889 12.234043 0.000000
    endloop
  endfacet
  facet normal 0.000000 1.000000 0.000000
    outer loop
      vertex 11.349206 12.234043 0.000000
      vertex 11.349206 12.234043 0.400000
      vertex 13.888889 12.234043 0.400000
    endloop
  endfacet
  facet normal -1.000000 0.000000 0.000000
    outer loop
      vertex 11.349206 10.000000 0.000000
      vertex 11.349206 10.000000 0.400000
      vertex 11.349206 12.234043 0.400000
    endloop
  endfacet
  facet normal -1.000000 0.000000 0.000000
    outer loop
      vertex 11.349206 10.000000 0.000000
      vertex 11.349206 12.234043 0.400000
      vertex 11.349206 12.234043 0.000000
    endloop
  endfacet
  facet normal 1.000000 0.000000 0.000000
    outer loop
      vertex 13.888889 10.000000 0.000000
      vertex 13.888889 12.234043 0.000000
      vertex 13.888889 12.234043 0.400000
    endloop
  endfacet
  facet normal 1.000000 0.000000 0.000000
    outer loop
      vertex 13.888889 10.000000 0.000000
      vertex 13.888889 12.234043 0.400000
      vertex 13.888889 10.000000 0.400000
    endloop
  endfacet
  facet normal 0.000000 0.000000 -1.000000
    outer loop
      vertex 15.476190 10.000000 0.000000
      vertex 17.698413 12.234043 0.000000
      vertex 17.698413 10.000000 0.000000
    endloop
  endfacet
  facet normal 0.000000 0.000000 -1.000000
    outer loop
      vertex 15.476190 10.000000 0.000000
      vertex 15.476190 12.234043 0.000000
      vertex 17.698413 12.234043 0.000000
    endloop
  endfacet
  facet normal 0.000000 0.000000 1.000000
    outer loop
      vertex 15.476190 10.000000 0.400000
      vertex 17.698413 10.000000 0.400000
      vertex 17.698413 12.234043 0.400000
    endloop
  endfacet
  facet normal 0.000000 0.000000 1.000000
    outer loop
      vertex 15.476190 10.000000 0.400000
      vertex 17.698413 12.234043 0.400000
      vertex 15.476190 12.234043 0.400000
    endloop
  endfacet
  facet normal 0.000000 -1.000000 0.000000
    outer loop
      vertex 15.476190 10.000000 0.000000
      vertex 17.698413 10.000000 0.000000
      vertex 17.698413 10.000000 0.400000
    endloop
  endfacet
  facet normal 0.000000 -1.000000 0.000000
    outer loop
      vertex 15.476190 10.000000 0.000000
      vertex 17.698413 10.000000 0.400000
      vertex 15.476190 10.000000 0.400000
    endloop
  endfacet
  facet normal 0.000000 1.000000 0.000000
    outer loop
      vertex 15.476190 12.234043 0.000000
      vertex 17.698413 12.234043 0.400000
      vertex 17.698413 12.234043 0.000000
    endloop
  endfacet
  facet normal 0.000000 1.000000 0.000000
    outer loop
      vertex 15.476190 12.234043 0.000000
      vertex 15.476190 12.234043 0.400000
      vertex 17.698413 12.234043 0.400000
    endloop
  endfacet
  facet normal -1.000000 0.000000 0.000000
    outer loop
      vertex 15.476190 10.000000 0.000000
      vertex 15.476190 10.000000 0.400000
      vertex 15.476190 12.234043 0.400000
    endloop
  endfacet
  facet normal -1.000000 0.000000 0.000000
    outer loop
      vertex 15.476190 10.000000 0.000000
      vertex 15.476190 12.234043 0.400000
      vertex 15.476190 12.234043 0.000000
    endloop
  endfacet
  facet normal 1.000000 0.000000 0.000000
    outer loop
      vertex 17.698413 10.000000 0.000000
      vertex 17.698413 12.234043 0.000000
      vertex 17.698413 12.234043 0.400000
    endloop
  endfacet
  facet normal 1.000000 0.000000 0.000000
    outer loop
      vertex 17.698413 10.000000 0.000000
      vertex 17.698413 12.234043 0.400000
      vertex 17.698413 10.000000 0.400000
    endloop
  endfacet
  facet normal 0.000000 0.000000 -1.000000
    outer loop
      vertex 23.730159 10.000000 0.000000
      vertex 26.269841 12.234043 0.000000
      vertex 26.269841 10.000000 0.000000
    endloop
  endfacet
  facet normal 0.000000 0.000000 -1.000000
    outer loop
      vertex 23.730159 10.000000 0.000000
      vertex 23.730159 12.234043 0.000000
      vertex 26.269841 12.234043 0.000000
    endloop
  endfacet
  facet normal 0.000000 0.000000 1.000000
    outer loop
      vertex 23.730159 10.000000 0.400000
      vertex 26.269841 10.000000 0.400000
      vertex 26.269841 12.234043 0.400000
    endloop
  endfacet
  facet normal 0.000000 0.000000 1.000000
    outer loop
      vertex 23.730159 10.000000 0.400000
      vertex 26.269841 12.234043 0.400000
      vertex 23.730159 12.234043 0.400000
    endloop
  endfacet
  facet normal 0.000000 -1.000000 0.000000
    outer loop
      vertex 23.730159 10.000000 0.000000
      vertex 26.269841 10.000000 0.000000
      vertex 26.269841 10.000000 0.400000
    endloop
  endfacet
  facet normal 0.000000 -1.000000 0.000000
    outer loop
      vertex 23.730159 10.000000 0.000000
      vertex 26.269841 10.000000 0.400000
      vertex 23.730159 10.000000 0.400000
    endloop
  endfacet
  facet normal 0.000000 1.000000 0.000000
    outer loop
      vertex 23.730159 12.234043 0.000000
      vertex 26.269841 12.234043 0.400000
      vertex 26.269841 12.234043 0.000000
    endloop
  endfacet
  facet normal 0.000000 1.000000 0.000000
    outer loop
      vertex 23.730159 12.234043 0.000000
      vertex 23.730159 12.234043 0.400000
      vertex 26.269841 12.234043 0.400000
    endloop
  endfacet
  facet normal -1.000000 0.000000 0.000000
    outer loop
      vertex 23.730159 10.000000 0.000000
      vertex 23.730159 10.000000 0.400000
      vertex 23.730159 12.234043 0.400000
    endloop
  endfacet
  facet normal -1.000000 0.000000 0.000000
    outer loop
      vertex 23.730159 10.000000 0.000000
      vertex 23.730159 12.234043 0.400000
      vertex 23.730159 12.234043 0.000000
    endloop
  endfacet
  facet normal 1.000000 0.000000 0.000000
    outer loop
      vertex 26.269841 10.000000 0.000000
      vertex 26.269841 12.234043 0.000000
      vertex 26.269841 12.234043 0.400000
    endloop
  endfacet
  facet normal 1.000000 0.000000 0.000000
    outer loop
      vertex 26.269841 10.000000 0.000000
      vertex 26.269841 12.234043 0.400000
      vertex 26.269841 10.000000 0.400000
    endloop
  endfacet
  facet normal 0.000000 0.000000 -1.000000
    outer loop
      vertex 33.571429 10.000000 0.000000
      vertex 36.111111 12.234043 0.000000
      vertex 36.111111 10.000000 0.000000
    endloop
  endfacet
  facet normal 0.000000 0.000000 -1.000000
    outer loop
      vertex 33.571429 10.000000 0.000000
      vertex 33.571429 12.234043 0.000000
      vertex 36.111111 12.234043 0.000000
    endloop
  endfacet
  facet normal 0.000000 0.000000 1.000000
    outer loop
      vertex 33.571429 10.000000 0.400000
      vertex 36.111111 10.000000 0.400000
      vertex 36.111111 12.234043 0.400000
    endloop
  endfacet
  facet normal 0.000000 0.000000 1.000000
    outer loop
      vertex 33.571429 10.000000 0.400000
      vertex 36.111111 12.234043 0.400000
      vertex 33.571429 12.234043 0.400000
    endloop
  endfacet
  facet normal 0.000000 -1.000000 0.000000
    outer loop
      vertex 33.571429 10.000000 0.000000
      vertex 36.111111 10.000000 0.000000
      vertex 36.111111 10.000000 0.400000
    endloop
  endfacet
  facet normal 0.000000 -1.000000 0.000000
    outer loop
      vertex 33.571429 10.000000 0.000000
      vertex 36.111111 10.000000 0.400000
      vertex 33.571429 10.000000 0.400000
    endloop
  endfacet
  facet normal 0.000000 1.000000 0.000000
    outer loop
      vertex 33.571429 12.234043 0.000000
      vertex 36.111111 12.234043 0.400000
      vertex 36.111111 12.234043 0.000000
    endloop
  endfacet
  facet normal 0.000000 1.000000 0.000000
    outer loop
      vertex 33.571429 12.234043 0.000000
      vertex 33.571429 12.234043 0.400000
      vertex 36.111111 12.234043 0.400000
    endloop
  endfacet
  facet normal -1.000000 0.000000 0.000000
    outer loop
      vertex 33.571429 10.000000 0.000000
      vertex 33.571429 10.000000 0.400000
      vertex 33.571429 12.234043 0.400000
    endloop
  endfacet
  facet normal -1.000000 0.000000 0.000000
    outer loop
      vertex 33.571429 10.000000 0.000000
      vertex 33.571429 12.234043 0.400000
      vertex 33.571429 12.234043 0.000000
    endloop
  endfacet
  facet normal 1.000000 0.000000 0.000000
    outer loop
      vertex 36.111111 10.000000 0.000000
      vertex 36.111111 12.234043 0.000000
      vertex 36.111111 12.234043 0.400000
    endloop
  endfacet
  facet normal 1.000000 0.000000 0.000000
    outer loop
      vertex 36.111111 10.000000 0.000000
      vertex 36.111111 12.234043 0.400000
      vertex 36.111111 10.000000 0.400000
    endloop
  endfacet
endsolid fv_apriltag_plate_id304_base
