solid fv_apriltag_plate_id308_base
  facet normal 0.000000 0.000000 -1.000000
    outer loop
      vertex 0.000000 0.000000 0.400000
      vertex 50.000000 50.000000 0.400000
      vertex 50.000000 0.000000 0.400000
    endloop
  endfacet
  facet normal 0.000000 0.000000 -1.000000
    outer loop
      vertex 0.000000 0.000000 0.400000
      vertex 0.000000 50.000000 0.400000
      vertex 50.000000 50.000000 0.400000
    endloop
  endfacet
  facet normal 0.000000 0.000000 1.000000
    outer loop
      vertex 0.000000 0.000000 2.000000
      vertex 50.000000 0.000000 2.000000
      vertex 50.000000 50.000000 2.000000
    endloop
  endfacet
  facet normal 0.000000 0.000000 1.000000
    outer loop
      vertex 0.000000 0.000000 2.000000
      vertex 50.000000 50.000000 2.000000
      vertex 0.000000 50.000000 2.000000
    endloop
  endfacet
  facet normal 0.000000 -1.000000 0.000000
    outer loop
      vertex 0.000000 0.000000 0.400000
      vertex 50.000000 0.000000 0.400000
      vertex 50.000000 0.000000 2.000000
    endloop
  endfacet
  facet normal 0.000000 -1.000000 0.000000
    outer loop
      vertex 0.000000 0.000000 0.400000
      vertex 50.000000 0.000000 2.000000
      vertex 0.000000 0.000000 2.000000
    endloop
  endfacet
  facet normal 0.000000 1.000000 0.000000
    outer loop
      vertex 0.000000 50.000000 0.400000
      vertex 50.000000 50.000000 2.000000
      vertex 50.000000 50.000000 0.400000
    endloop
  endfacet
  facet normal 0.000000 1.000000 0.000000
    outer loop
      vertex 0.000000 50.000000 0.400000
      vertex 0.000000 50.000000 2.000000
      vertex 50.000000 50.000000 2.000000
    endloop
  endfacet
  facet normal -1.000000 0.000000 0.000000
    outer loop
      vertex 0.000000 0.000000 0.400000
      vertex 0.000000 0.000000 2.000000
      vertex 0.000000 50.000000 2.000000
    endloop
  endfacet
  facet normal -1.000000 0.000000 0.000000
    outer loop
      vertex 0.000000 0.000000 0.400000
      vertex 0.000000 50.000000 2.000000
      vertex 0.000000 50.000000 0.400000
    endloop
  endfacet
  facet normal 1.000000 0.000000 0.000000
    outer loop
      vertex 50.000000 0.000000 0.400000
      vertex 50.000000 50.000000 0.400000
      vertex 50.000000 50.000000 2.000000
    endloop
  endfacet
  facet normal 1.000000 0.000000 0.000000
    outer loop
      vertex 50.000000 0.000000 0.400000
      vertex 50.000000 50.000000 2.000000
      vertex 50.000000 0.000000 2.000000
    endloop
  endfacet
  facet normal 0.000000 0.000000 -1.000000
    outer loop
      vertex 0.000000 0.000000 0.000000
      vertex 50.000000 10.000000 0.000000
      vertex 50.000000 0.000000 0.000000
    endloop
  endfacet
  facet normal 0.000000 0.000000 -1.000000
    outer loop
      vertex 0.000000 0.000000 0.000000
      vertex 0.000000 10.000000 0.000000
      vertex 50.000000 10.000000 0.000000
    endloop
  endfacet
  facet normal 0.000000 0.000000 1.000000
    outer loop
      vertex 0.000000 0.000000 0.400000
      vertex 50.000000 0.000000 0.400000
      vertex 50.000000 10.000000 0.400000
    endloop
  endfacet
  facet normal 0.000000 0.000000 1.000000
    outer loop
      vertex 0.000000 0.000000 0.400000
      vertex 50.000000 10.000000 0.400000
      vertex 0.000000 10.000000 0.400000
    endloop
  endfacet
  facet normal 0.000000 -1.000000 0.000000
    outer loop
      vertex 0.000000 0.000000 0.000000
      vertex 50.000000 0.000000 0.000000
      vertex 50.000000 0.000000 0.400000
    endloop
  endfacet
  facet normal 0.000000 -1.000000 0.000000
    outer loop
      vertex 0.000000 0.000000 0.000000
      vertex 50.000000 0.000000 0.400000
      vertex 0.000000 0.000000 0.400000
    endloop
  endfacet
  facet normal 0.000000 1.000000 0.000000
    outer loop
      vertex 0.000000 10.000000 0.000000
      vertex 50.000000 10.000000 0.400000
      vertex 50.000000 10.000000 0.000000
    endloop
  endfacet
  facet normal 0.000000 1.000000 0.000000
    outer loop
      vertex 0.000000 10.000000 0.000000
      vertex 0.000000 10.000000 0.400000
      vertex 50.000000 10.000000 0.400000
    endloop
  endfacet
  facet normal -1.000000 0.000000 0.000000
    outer loop
      vertex 0.000000 0.000000 0.000000
      vertex 0.000000 0.000000 0.400000
      vertex 0.000000 10.000000 0.400000
    endloop
  endfacet
  facet normal -1.000000 0.000000 0.000000
    outer loop
      vertex 0.000000 0.000000 0.000000
      vertex 0.000000 10.000000 0.400000
      vertex 0.000000 10.000000 0.000000
    endloop
  endfacet
  facet normal 1.000000 0.000000 0.000000
    outer loop
      vertex 50.000000 0.000000 0.000000
      vertex 50.000000 10.000000 0.000000
      vertex 50.000000 10.000000 0.400000
    endloop
  endfacet
  facet normal 1.000000 0.000000 0.000000
    outer loop
      vertex 50.000000 0.000000 0.000000
      vertex 50.000000 10.000000 0.400000
      vertex 50.000000 0.000000 0.400000
    endloop
  endfacet
  facet normal 0.000000 0.000000 -1.000000
    outer loop
      vertex 0.000000 40.000000 0.000000
      vertex 50.000000 50.000000 0.000000
      vertex 50.000000 40.000000 0.000000
    endloop
  endfacet
  facet normal 0.000000 0.000000 -1.000000
    outer loop
      vertex 0.000000 40.000000 0.000000
      vertex 0.000000 50.000000 0.000000
      vertex 50.000000 50.000000 0.000000
    endloop
  endfacet
  facet normal 0.000000 0.000000 1.000000
    outer loop
      vertex 0.000000 40.000000 0.400000
      vertex 50.000000 40.000000 0.400000
      vertex 50.000000 50.000000 0.400000
    endloop
  endfacet
  facet normal 0.000000 0.000000 1.000000
    outer loop
      vertex 0.000000 40.000000 0.400000
      vertex 50.000000 50.000000 0.400000
      vertex 0.000000 50.000000 0.400000
    endloop
  endfacet
  facet normal 0.000000 -1.000000 0.000000
    outer loop
      vertex 0.000000 40.000000 0.000000
      vertex 50.000000 40.000000 0.000000
      vertex 50.000000 40.000000 0.400000
    endloop
  endfacet
  facet normal 0.000000 -1.000000 0.000000
    outer loop
      vertex 0.000000 40.000000 0.000000
      vertex 50.000000 40.000000 0.400000
      vertex 0.000000 40.000000 0.400000
    endloop
  endfacet
  facet normal 0.000000 1.000000 0.000000
    outer loop
      vertex 0.000000 50.000000 0.000000
      vertex 50.000000 50.000000 0.400000
      vertex 50.000000 50.000000 0.000000
    endloop
  endfacet
  facet normal 0.000000 1.000000 0.000000
    outer loop
      vertex 0.000000 50.000000 0.000000
      vertex 0.000000 50.000000 0.400000
      vertex 50.000000 50.000000 0.400000
    endloop
  endfacet
  facet normal -1.000000 0.000000 0.000000
    outer loop
      vertex 0.000000 40.000000 0.000000
      vertex 0.000000 40.000000 0.400000
      vertex 0.000000 50.000000 0.400000
    endloop
  endfacet
  facet normal -1.000000 0.000000 0.000000
    outer loop
      vertex 0.000000 40.000000 0.000000
      vertex 0.000000 50.000000 0.400000
      vertex 0.000000 50.000000 0.000000
    endloop
  endfacet
  facet normal 1.000000 0.000000 0.000000
    outer loop
      vertex 50.000000 40.000000 0.000000
      vertex 50.000000 50.000000 0.000000
      vertex 50.000000 50.000000 0.400000
    endloop
  endfacet
  facet normal 1.000000 0.000000 0.000000
    outer loop
      vertex 50.000000 40.000000 0.000000
      vertex 50.000000 50.000000 0.400000
      vertex 50.000000 40.000000 0.400000
    endloop
  endfacet
  facet normal 0.000000 0.000000 -1.000000
    outer loop
      vertex 0.000000 10.000000 0.000000
      vertex 5.000000 40.000000 0.000000
      vertex 5.000000 10.000000 0.000000
    endloop
  endfacet
  facet normal 0.000000 0.000000 -1.000000
    outer loop
      vertex 0.000000 10.000000 0.000000
      vertex 0.000000 40.000000 0.000000
      vertex 5.000000 40.000000 0.000000
    endloop
  endfacet
  facet normal 0.000000 0.000000 1.000000
    outer loop
      vertex 0.000000 10.000000 0.400000
      vertex 5.000000 10.000000 0.400000
      vertex 5.000000 40.000000 0.400000
    endloop
  endfacet
  facet normal 0.000000 0.000000 1.000000
    outer loop
      vertex 0.000000 10.000000 0.400000
      vertex 5.000000 40.000000 0.400000
      vertex 0.000000 40.000000 0.400000
    endloop
  endfacet
  facet normal 0.000000 -1.000000 0.000000
    outer loop
      vertex 0.000000 10.000000 0.000000
      vertex 5.000000 10.000000 0.000000
      vertex 5.000000 10.000000 0.400000
    endloop
  endfacet
  facet normal 0.000000 -1.000000 0.000000
    outer loop
      vertex 0.000000 10.000000 0.000000
      vertex 5.000000 10.000000 0.400000
      vertex 0.000000 10.000000 0.400000
    endloop
  endfacet
  facet normal 0.000000 1.000000 0.000000
    outer loop
      vertex 0.000000 40.000000 0.000000
      vertex 5.000000 40.000000 0.400000
      vertex 5.000000 40.000000 0.000000
    endloop
  endfacet
  facet normal 0.000000 1.000000 0.000000
    outer loop
      vertex 0.000000 40.000000 0.000000
      vertex 0.000000 40.000000 0.400000
      vertex 5.000000 40.000000 0.400000
    endloop
  endfacet
  facet normal -1.000000 0.000000 0.000000
    outer loop
      vertex 0.000000 10.000000 0.000000
      vertex 0.000000 10.000000 0.400000
      vertex 0.000000 40.000000 0.400000
    endloop
  endfacet
  facet normal -1.000000 0.000000 0.000000
    outer loop
      vertex 0.000000 10.000000 0.000000
      vertex 0.000000 40.000000 0.400000
      vertex 0.000000 40.000000 0.000000
    endloop
  endfacet
  facet normal 1.000000 0.000000 0.000000
    outer loop
      vertex 5.000000 10.000000 0.000000
      vertex 5.000000 40.000000 0.000000
      vertex 5.000000 40.000000 0.400000
    endloop
  endfacet
  facet normal 1.000000 0.000000 0.000000
    outer loop
      vertex 5.000000 10.000000 0.000000
      vertex 5.000000 40.000000 0.400000
      vertex 5.000000 10.000000 0.400000
    endloop
  endfacet
  facet normal 0.000000 0.000000 -1.000000
    outer loop
      vertex 45.000000 10.000000 0.000000
      vertex 50.000000 40.000000 0.000000
      vertex 50.000000 10.000000 0.000000
    endloop
  endfacet
  facet normal 0.000000 0.000000 -1.000000
    outer loop
      vertex 45.000000 10.000000 0.000000
      vertex 45.000000 40.000000 0.000000
      vertex 50.000000 40.000000 0.000000
    endloop
  endfacet
  facet normal 0.000000 0.000000 1.000000
    outer loop
      vertex 45.000000 10.000000 0.400000
      vertex 50.000000 10.000000 0.400000
      vertex 50.000000 40.000000 0.400000
    endloop
  endfacet
  facet normal 0.000000 0.000000 1.000000
    outer loop
      vertex 45.000000 10.000000 0.400000
      vertex 50.000000 40.000000 0.400000
      vertex 45.000000 40.000000 0.400000
    endloop
  endfacet
  facet normal 0.000000 -1.000000 0.000000
    outer loop
      vertex 45.000000 10.000000 0.000000
      vertex 50.000000 10.000000 0.000000
      vertex 50.000000 10.000000 0.400000
    endloop
  endfacet
  facet normal 0.000000 -1.000000 0.000000
    outer loop
      vertex 45.000000 10.000000 0.000000
      vertex 50.000000 10.000000 0.400000
      vertex 45.000000 10.000000 0.400000
    endloop
  endfacet
  facet normal 0.000000 1.000000 0.000000
    outer loop
      vertex 45.000000 40.000000 0.000000
      vertex 50.000000 40.000000 0.400000
      vertex 50.000000 40.000000 0.000000
    endloop
  endfacet
  facet normal 0.000000 1.000000 0.000000
    outer loop
      vertex 45.000000 40.000000 0.000000
      vertex 45.000000 40.000000 0.400000
      vertex 50.000000 40.000000 0.400000
    endloop
  endfacet
  facet normal -1.000000 0.000000 0.000000
    outer loop
      vertex 45.000000 10.000000 0.000000
      vertex 45.000000 10.000000 0.400000
      vertex 45.000000 40.000000 0.400000
    endloop
  endfacet
  facet normal -1.000000 0.000000 0.000000
    outer loop
      vertex 45.000000 10.000000 0.000000
      vertex 45.000000 40.000000 0.400000
      vertex 45.000000 40.000000 0.000000
    endloop
  endfacet
  facet normal 1.000000 0.000000 0.000000
    outer loop
      vertex 50.000000 10.000000 0.000000
      vertex 50.000000 40.000000 0.000000
      vertex 50.000000 40.000000 0.400000
    endloop
  endfacet
  facet normal 1.000000 0.000000 0.000000
    outer loop
      vertex 50.000000 10.000000 0.000000
      vertex 50.000000 40.000000 0.400000
      vertex 50.000000 10.000000 0.400000
    endloop
  endfacet
  facet normal 0.000000 0.000000 -1.000000
    outer loop
      vertex 5.000000 36.808511 0.000000
      vertex 45.000000 40.000000 0.000000
      vertex 45.000000 36.808511 0.000000
    endloop
  endfacet
  facet normal 0.000000 0.000000 -1.000000
    outer loop
      vertex 5.000000 36.808511 0.000000
      vertex 5.000000 40.000000 0.000000
      vertex 45.000000 40.000000 0.000000
    endloop
  endfacet
  facet normal 0.000000 0.000000 1.000000
    outer loop
      vertex 5.000000 36.808511 0.400000
      vertex 45.000000 36.808511 0.400000
      vertex 45.000000 40.000000 0.400000
    endloop
  endfacet
  facet normal 0.000000 0.000000 1.000000
    outer loop
      vertex 5.000000 36.808511 0.400000
      vertex 45.000000 40.000000 0.400000
      vertex 5.000000 40.000000 0.400000
    endloop
  endfacet
  facet normal 0.000000 -1.000000 0.000000
    outer loop
      vertex 5.000000 36.808511 0.000000
      vertex 45.000000 36.808511 0.000000
      vertex 45.000000 36.808511 0.400000
    endloop
  endfacet
  facet normal 0.000000 -1.000000 0.000000
    outer loop
      vertex 5.000000 36.808511 0.000000
      vertex 45.000000 36.808511 0.400000
      vertex 5.000000 36.808511 0.400000
    endloop
  endfacet
  facet normal 0.000000 1.000000 0.000000
    outer loop
      vertex 5.000000 40.000000 0.000000
      vertex 45.000000 40.000000 0.400000
      vertex 45.000000 40.000000 0.000000
    endloop
  endfacet
  facet normal 0.000000 1.000000 0.000000
    outer loop
      vertex 5.000000 40.000000 0.000000
      vertex 5.000000 40.000000 0.400000
      vertex 45.000000 40.000000 0.400000
    endloop
  endfacet
  facet normal -1.000000 0.000000 0.000000
    outer loop
      vertex 5.000000 36.808511 0.000000
      vertex 5.000000 36.808511 0.400000
      vertex 5.000000 40.000000 0.400000
    endloop
  endfacet
  facet normal -1.000000 0.000000 0.000000
    outer loop
      vertex 5.000000 36.808511 0.000000
      vertex 5.000000 40.000000 0.400000
      vertex 5.000000 40.000000 0.000000
    endloop
  endfacet
  facet normal 1.000000 0.000000 0.000000
    outer loop
      vertex 45.000000 36.808511 0.000000
      vertex 45.000000 40.000000 0.000000
      vertex 45.000000 40.000000 0.400000
    endloop
  endfacet
  facet normal 1.000000 0.000000 0.000000
    outer loop
      vertex 45.000000 36.808511 0.000000
      vertex 45.000000 40.000000 0.400000
      vertex 45.000000 36.808511 0.400000
    endloop
  endfacet
  facet normal 0.000000 0.000000 -1.000000
    outer loop
      vertex 5.000000 10.000000 0.000000
      vertex 5.634921 36.808511 0.000000
      vertex 5.634921 10.000000 0.000000
    endloop
  endfacet
  facet normal 0.000000 0.000000 -1.000000
    outer loop
      vertex 5.000000 10.000000 0.000000
      vertex 5.000000 36.808511 0.000000
      vertex 5.634921 36.808511 0.000000
    endloop
  endfacet
  facet normal 0.000000 0.000000 1.000000
    outer loop
      vertex 5.000000 10.000000 0.400000
      vertex 5.634921 10.000000 0.400000
      vertex 5.634921 36.808511 0.400000
    endloop
  endfacet
  facet normal 0.000000 0.000000 1.000000
    outer loop
      vertex 5.000000 10.000000 0.400000
      vertex 5.634921 36.808511 0.400000
      vertex 5.000000 36.808511 0.400000
    endloop
  endfacet
  facet normal 0.000000 -1.000000 0.000000
    outer loop
      vertex 5.000000 10.000000 0.000000
      vertex 5.634921 10.000000 0.000000
      vertex 5.634921 10.000000 0.400000
    endloop
  endfacet
  facet normal 0.000000 -1.000000 0.000000
    outer loop
      vertex 5.000000 10.000000 0.000000
      vertex 5.634921 10.000000 0.400000
      vertex 5.000000 10.000000 0.400000
    endloop
  endfacet
  facet normal 0.000000 1.000000 0.000000
    outer loop
      vertex 5.000000 36.808511 0.000000
      vertex 5.634921 36.808511 0.400000
      vertex 5.634921 36.808511 0.000000
    endloop
  endfacet
  facet normal 0.000000 1.000000 0.000000
    outer loop
      vertex 5.000000 36.808511 0.000000
      vertex 5.000000 36.808511 0.400000
      vertex 5.634921 36.808511 0.400000
    endloop
  endfacet
  facet normal -1.000000 0.000000 0.000000
    outer loop
      vertex 5.000000 10.000000 0.000000
      vertex 5.000000 10.000000 0.400000
      vertex 5.000000 36.808511 0.400000
    endloop
  endfacet
  facet normal -1.000000 0.000000 0.000000
    outer loop
      vertex 5.000000 10.000000 0.000000
      vertex 5.000000 36.808511 0.400000
      vertex 5.000000 36.808511 0.000000
    endloop
  endfacet
  facet normal 1.000000 0.000000 0.000000
    outer loop
      vertex 5.634921 10.000000 0.000000
      vertex 5.634921 36.808511 0.000000
      vertex 5.634921 36.808511 0.400000
    endloop
  endfacet
  facet normal 1.000000 0.000000 0.000000
    outer loop
      vertex 5.634921 10.000000 0.000000
      vertex 5.634921 36.808511 0.400000
      vertex 5.634921 10.000000 0.400000
    endloop
  endfacet
  facet normal 0.000000 0.000000 -1.000000
    outer loop
      vertex 13.253968 20.531915 0.000000
      vertex 14.206349 36.808511 0.000000
      vertex 14.206349 20.531915 0.000000
    endloop
  endfacet
  facet normal 0.000000 0.000000 -1.000000
    outer loop
      vertex 13.253968 20.531915 0.000000
      vertex 13.253968 36.808511 0.000000
      vertex 14.206349 36.808511 0.000000
    endloop
  endfacet
  facet normal 0.000000 0.000000 1.000000
    outer loop
      vertex 13.253968 20.531915 0.400000
      vertex 14.206349 20.531915 0.400000
      vertex 14.206349 36.808511 0.400000
    endloop
  endfacet
  facet normal 0.000000 0.000000 1.000000
    outer loop
      vertex 13.253968 20.531915 0.400000
      vertex 14.206349 36.808511 0.400000
      vertex 13.253968 36.808511 0.400000
    endloop
  endfacet
  facet normal 0.000000 -1.000000 0.000000
    outer loop
      vertex 13.253968 20.531915 0.000000
      vertex 14.206349 20.531915 0.000000
      vertex 14.206349 20.531915 0.400000
    endloop
  endfacet
  facet normal 0.000000 -1.000000 0.000000
    outer loop
      vertex 13.253968 20.531915 0.000000
      vertex 14.206349 20.531915 0.400000
      vertex 13.253968 20.531915 0.400000
    endloop
  endfacet
  facet normal 0.000000 1.000000 0.000000
    outer loop
      vertex 13.253968 36.808511 0.000000
      vertex 14.206349 36.808511 0.400000
      vertex 14.206349 36.808511 0.000000
    endloop
  endfacet
  facet normal 0.000000 1.000000 0.000000
    outer loop
      vertex 13.253968 36.808511 0.000000
      vertex 13.253968 36.808511 0.400000
      vertex 14.206349 36.808511 0.400000
    endloop
  endfacet
  facet normal -1.000000 0.000000 0.000000
    outer loop
      vertex 13.253968 20.531915 0.000000
      vertex 13.253968 20.531915 0.400000
      vertex 13.253968 36.808511 0.400000
    endloop
  endfacet
  facet normal -1.000000 0.000000 0.000000
    outer loop
      vertex 13.253968 20.531915 0.000000
      vertex 13.253968 36.808511 0.400000
      vertex 13.253968 36.808511 0.000000
    endloop
  endfacet
  facet normal 1.000000 0.000000 0.000000
    outer loop
      vertex 14.206349 20.531915 0.000000
      vertex 14.206349 36.808511 0.000000
      vertex 14.206349 36.808511 0.400000
    endloop
  endfacet
  facet normal 1.000000 0.000000 0.000000
    outer loop
      vertex 14.206349 20.531915 0.000000
      vertex 14.206349 36.808511 0.400000
      vertex 14.206349 20.531915 0.400000
    endloop
  endfacet
  facet normal 0.000000 0.000000 -1.000000
    outer loop
      vertex 16.428571 33.617021 0.000000
      vertex 19.285714 36.808511 0.000000
      vertex 19.285714 33.617021 0.000000
    endloop
  endfacet
  facet normal 0.000000 0.000000 -1.000000
    outer loop
      vertex 16.428571 33.617021 0.000000
      vertex 16.428571 36.808511 0.000000
      vertex 19.285714 36.808511 0.000000
    endloop
  endfacet
  facet normal 0.000000 0.000000 1.000000
    outer loop
      vertex 16.428571 33.617021 0.400000
      vertex 19.285714 33.617021 0.400000
      vertex 19.285714 36.808511 0.400000
    endloop
  endfacet
  facet normal 0.000000 0.000000 1.000000
    outer loop
      vertex 16.428571 33.617021 0.400000
      vertex 19.285714 36.808511 0.400000
      vertex 16.428571 36.808511 0.400000
    endloop
  endfacet
  facet normal 0.000000 -1.000000 0.000000
    outer loop
      vertex 16.428571 33.617021 0.000000
      vertex 19.285714 33.617021 0.000000
      vertex 19.285714 33.617021 0.400000
    endloop
  endfacet
  facet normal 0.000000 -1.000000 0.000000
    outer loop
      vertex 16.428571 33.617021 0.000000
      vertex 19.285714 33.617021 0.400000
      vertex 16.428571 33.617021 0.400000
    endloop
  endfacet
  facet normal 0.000000 1.000000 0.000000
    outer loop
      vertex 16.428571 36.808511 0.000000
      vertex 19.285714 36.808511 0.400000
      vertex 19.285714 36.808511 0.000000
    endloop
  endfacet
  facet normal 0.000000 1.000000 0.000000
    outer loop
      vertex 16.428571 36.808511 0.000000
      vertex 16.428571 36.808511 0.400000
      vertex 19.285714 36.808511 0.400000
    endloop
  endfacet
  facet normal -1.000000 0.000000 0.000000
    outer loop
      vertex 16.428571 33.617021 0.000000
      vertex 16.428571 33.617021 0.400000
      vertex 16.428571 36.808511 0.400000
    endloop
  endfacet
  facet normal -1.000000 0.000000 0.000000
    outer loop
      vertex 16.428571 33.617021 0.000000
      vertex 16.428571 36.808511 0.400000
      vertex 16.428571 36.808511 0.000000
    endloop
  endfacet
  facet normal 1.000000 0.000000 0.000000
    outer loop
      vertex 19.285714 33.617021 0.000000
      vertex 19.285714 36.808511 0.000000
      vertex 19.285714 36.808511 0.400000
    endloop
  endfacet
  facet normal 1.000000 0.000000 0.000000
    outer loop
      vertex 19.285714 33.617021 0.000000
      vertex 19.285714 36.808511 0.400000
      vertex 19.285714 33.617021 0.400000
    endloop
  endfacet
  facet normal 0.000000 0.000000 -1.000000
    outer loop
      vertex 21.507937 36.489362 0.000000
      vertex 25.000000 36.808511 0.000000
      vertex 25.000000 36.489362 0.000000
    endloop
  endfacet
  facet normal 0.000000 0.000000 -1.000000
    outer loop
      vertex 21.507937 36.489362 0.000000
      vertex 21.507937 36.808511 0.000000
      vertex 25.000000 36.808511 0.000000
    endloop
  endfacet
  facet normal 0.000000 0.000000 1.000000
    outer loop
      vertex 21.507937 36.489362 0.400000
      vertex 25.000000 36.489362 0.400000
      vertex 25.000000 36.808511 0.400000
    endloop
  endfacet
  facet normal 0.000000 0.000000 1.000000
    outer loop
      vertex 21.507937 36.489362 0.400000
      vertex 25.000000 36.808511 0.400000
      vertex 21.507937 36.808511 0.400000
    endloop
  endfacet
  facet normal 0.000000 -1.000000 0.000000
    outer loop
      vertex 21.507937 36.489362 0.000000
      vertex 25.000000 36.489362 0.000000
      vertex 25.000000 36.489362 0.400000
    endloop
  endfacet
  facet normal 0.000000 -1.000000 0.000000
    outer loop
      vertex 21.507937 36.489362 0.000000
      vertex 25.000000 36.489362 0.400000
      vertex 21.507937 36.489362 0.400000
    endloop
  endfacet
  facet normal 0.000000 1.000000 0.000000
    outer loop
      vertex 21.507937 36.808511 0.000000
      vertex 25.000000 36.808511 0.400000
      vertex 25.000000 36.808511 0.000000
    endloop
  endfacet
  facet normal 0.000000 1.000000 0.000000
    outer loop
      vertex 21.507937 36.808511 0.000000
      vertex 21.507937 36.808511 0.400000
      vertex 25.000000 36.808511 0.400000
    endloop
  endfacet
  facet normal -1.000000 0.000000 0.000000
    outer loop
      vertex 21.507937 36.489362 0.000000
      vertex 21.507937 36.489362 0.400000
      vertex 21.507937 36.808511 0.400000
    endloop
  endfacet
  facet normal -1.000000 0.000000 0.000000
    outer loop
      vertex 21.507937 36.489362 0.000000
      vertex 21.507937 36.808511 0.400000
      vertex 21.507937 36.808511 0.000000
    endloop
  endfacet
  facet normal 1.000000 0.000000 0.000000
    outer loop
      vertex 25.000000 36.489362 0.000000
      vertex 25.000000 36.808511 0.000000
      vertex 25.000000 36.808511 0.400000
    endloop
  endfacet
  facet normal 1.000000 0.000000 0.000000
    outer loop
      vertex 25.000000 36.489362 0.000000
      vertex 25.000000 36.808511 0.400000
      vertex 25.000000 36.489362 0.400000
    endloop
  endfacet
  facet normal 0.000000 0.000000 -1.000000
    outer loop
      vertex 27.857143 36.489362 0.000000
      vertex 32.619048 36.808511 0.000000
      vertex 32.619048 36.489362 0.000000
    endloop
  endfacet
  facet normal 0.000000 0.000000 -1.000000
    outer loop
      vertex 27.857143 36.489362 0.000000
      vertex 27.857143 36.808511 0.000000
      vertex 32.619048 36.808511 0.000000
    endloop
  endfacet
  facet normal 0.000000 0.000000 1.000000
    outer loop
      vertex 27.857143 36.489362 0.400000
      vertex 32.619048 36.489362 0.400000
      vertex 32.619048 36.808511 0.400000
    endloop
  endfacet
  facet normal 0.000000 0.000000 1.000000
    outer loop
      vertex 27.857143 36.489362 0.400000
      vertex 32.619048 36.808511 0.400000
      vertex 27.857143 36.808511 0.400000
    endloop
  endfacet
  facet normal 0.000000 -1.000000 0.000000
    outer loop
      vertex 27.857143 36.489362 0.000000
      vertex 32.619048 36.489362 0.000000
      vertex 32.619048 36.489362 0.400000
    endloop
  endfacet
  facet normal 0.000000 -1.000000 0.000000
    outer loop
      vertex 27.857143 36.489362 0.000000
      vertex 32.619048 36.489362 0.400000
      vertex 27.857143 36.489362 0.400000
    endloop
  endfacet
  facet normal 0.000000 1.000000 0.000000
    outer loop
      vertex 27.857143 36.808511 0.000000
      vertex 32.619048 36.808511 0.400000
      vertex 32.619048 36.808511 0.000000
    endloop
  endfacet
  facet normal 0.000000 1.000000 0.000000
    outer loop
      vertex 27.857143 36.808511 0.000000
      vertex 27.857143 36.808511 0.400000
      vertex 32.619048 36.808511 0.400000
    endloop
  endfacet
  facet normal -1.000000 0.000000 0.000000
    outer loop
      vertex 27.857143 36.489362 0.000000
      vertex 27.857143 36.489362 0.400000
      vertex 27.857143 36.808511 0.400000
    endloop
  endfacet
  facet normal -1.000000 0.000000 0.000000
    outer loop
      vertex 27.857143 36.489362 0.000000
      vertex 27.857143 36.808511 0.400000
      vertex 27.857143 36.808511 0.000000
    endloop
  endfacet
  facet normal 1.000000 0.000000 0.000000
    outer loop
      vertex 32.619048 36.489362 0.000000
      vertex 32.619048 36.808511 0.000000
      vertex 32.619048 36.808511 0.400000
    endloop
  endfacet
  facet normal 1.000000 0.000000 0.000000
    outer loop
      vertex 32.619048 36.489362 0.000000
      vertex 32.619048 36.808511 0.400000
      vertex 32.619048 36.489362 0.400000
    endloop
  endfacet
  facet normal 0.000000 0.000000 -1.000000
    outer loop
      vertex 34.841270 36.489362 0.000000
      vertex 38.650794 36.808511 0.000000
      vertex 38.650794 36.489362 0.000000
    endloop
  endfacet
  facet normal 0.000000 0.000000 -1.000000
    outer loop
      vertex 34.841270 36.489362 0.000000
      vertex 34.841270 36.808511 0.000000
      vertex 38.650794 36.808511 0.000000
    endloop
  endfacet
  facet normal 0.000000 0.000000 1.000000
    outer loop
      vertex 34.841270 36.489362 0.400000
      vertex 38.650794 36.489362 0.400000
      vertex 38.650794 36.808511 0.400000
    endloop
  endfacet
  facet normal 0.000000 0.000000 1.000000
    outer loop
      vertex 34.841270 36.489362 0.400000
      vertex 38.650794 36.808511 0.400000
      vertex 34.841270 36.808511 0.400000
    endloop
  endfacet
  facet normal 0.000000 -1.000000 0.000000
    outer loop
      vertex 34.841270 36.489362 0.000000
      vertex 38.650794 36.489362 0.000000
      vertex 38.650794 36.489362 0.400000
    endloop
  endfacet
  facet normal 0.000000 -1.000000 0.000000
    outer loop
      vertex 34.841270 36.489362 0.000000
      vertex 38.650794 36.489362 0.400000
      vertex 34.841270 36.489362 0.400000
    endloop
  endfacet
  facet normal 0.000000 1.000000 0.000000
    outer loop
      vertex 34.841270 36.808511 0.000000
      vertex 38.650794 36.808511 0.400000
      vertex 38.650794 36.808511 0.000000
    endloop
  endfacet
  facet normal 0.000000 1.000000 0.000000
    outer loop
      vertex 34.841270 36.808511 0.000000
      vertex 34.841270 36.808511 0.400000
      vertex 38.650794 36.808511 0.400000
    endloop
  endfacet
  facet normal -1.000000 0.000000 0.000000
    outer loop
      vertex 34.841270 36.489362 0.000000
      vertex 34.841270 36.489362 0.400000
      vertex 34.841270 36.808511 0.400000
    endloop
  endfacet
  facet normal -1.000000 0.000000 0.000000
    outer loop
      vertex 34.841270 36.489362 0.000000
      vertex 34.841270 36.808511 0.400000
      vertex 34.841270 36.808511 0.000000
    endloop
  endfacet
  facet normal 1.000000 0.000000 0.000000
    outer loop
      vertex 38.650794 36.489362 0.000000
      vertex 38.650794 36.808511 0.000000
      vertex 38.650794 36.808511 0.400000
    endloop
  endfacet
  facet normal 1.000000 0.000000 0.000000
    outer loop
      vertex 38.650794 36.489362 0.000000
      vertex 38.650794 36.808511 0.400000
      vertex 38.650794 36.489362 0.400000
    endloop
  endfacet
  facet normal 0.000000 0.000000 -1.000000
    outer loop
      vertex 43.412698 10.000000 0.000000
      vertex 45.000000 36.808511 0.000000
      vertex 45.000000 10.000000 0.000000
    endloop
  endfacet
  facet normal 0.000000 0.000000 -1.000000
    outer loop
      vertex 43.412698 10.000000 0.000000
      vertex 43.412698 36.808511 0.000000
      vertex 45.000000 36.808511 0.000000
    endloop
  endfacet
  facet normal 0.000000 0.000000 1.000000
    outer loop
      vertex 43.412698 10.000000 0.400000
      vertex 45.000000 10.000000 0.400000
      vertex 45.000000 36.808511 0.400000
    endloop
  endfacet
  facet normal 0.000000 0.000000 1.000000
    outer loop
      vertex 43.412698 10.000000 0.400000
      vertex 45.000000 36.808511 0.400000
      vertex 43.412698 36.808511 0.400000
    endloop
  endfacet
  facet normal 0.000000 -1.000000 0.000000
    outer loop
      vertex 43.412698 10.000000 0.000000
      vertex 45.000000 10.000000 0.000000
      vertex 45.000000 10.000000 0.400000
    endloop
  endfacet
  facet normal 0.000000 -1.000000 0.000000
    outer loop
      vertex 43.412698 10.000000 0.000000
      vertex 45.000000 10.000000 0.400000
      vertex 43.412698 10.000000 0.400000
    endloop
  endfacet
  facet normal 0.000000 1.000000 0.000000
    outer loop
      vertex 43.412698 36.808511 0.000000
      vertex 45.000000 36.808511 0.400000
      vertex 45.000000 36.808511 0.000000
    endloop
  endfacet
  facet normal 0.000000 1.000000 0.000000
    outer loop
      vertex 43.412698 36.808511 0.000000
      vertex 43.412698 36.808511 0.400000
      vertex 45.000000 36.808511 0.400000
    endloop
  endfacet
  facet normal -1.000000 0.000000 0.000000
    outer loop
      vertex 43.412698 10.000000 0.000000
      vertex 43.412698 10.000000 0.400000
      vertex 43.412698 36.808511 0.400000
    endloop
  endfacet
  facet normal -1.000000 0.000000 0.000000
    outer loop
      vertex 43.412698 10.000000 0.000000
      vertex 43.412698 36.808511 0.400000
      vertex 43.412698 36.808511 0.000000
    endloop
  endfacet
  facet normal 1.000000 0.000000 0.000000
    outer loop
      vertex 45.000000 10.000000 0.000000
      vertex 45.000000 36.808511 0.000000
      vertex 45.000000 36.808511 0.400000
    endloop
  endfacet
  facet normal 1.000000 0.000000 0.000000
    outer loop
      vertex 45.000000 10.000000 0.000000
      vertex 45.000000 36.808511 0.400000
      vertex 45.000000 10.000000 0.400000
    endloop
  endfacet
  facet normal 0.000000 0.000000 -1.000000
    outer loop
      vertex 21.507937 36.170213 0.000000
      vertex 24.047619 36.489362 0.000000
      vertex 24.047619 36.170213 0.000000
    endloop
  endfacet
  facet normal 0.000000 0.000000 -1.000000
    outer loop
      vertex 21.507937 36.170213 0.000000
      vertex 21.507937 36.489362 0.000000
      vertex 24.047619 36.489362 0.000000
    endloop
  endfacet
  facet normal 0.000000 0.000000 1.000000
    outer loop
      vertex 21.507937 36.170213 0.400000
      vertex 24.047619 36.170213 0.400000
      vertex 24.047619 36.489362 0.400000
    endloop
  endfacet
  facet normal 0.000000 0.000000 1.000000
    outer loop
      vertex 21.507937 36.170213 0.400000
      vertex 24.047619 36.489362 0.400000
      vertex 21.507937 36.489362 0.400000
    endloop
  endfacet
  facet normal 0.000000 -1.000000 0.000000
    outer loop
      vertex 21.507937 36.170213 0.000000
      vertex 24.047619 36.170213 0.000000
      vertex 24.047619 36.170213 0.400000
    endloop
  endfacet
  facet normal 0.000000 -1.000000 0.000000
    outer loop
      vertex 21.507937 36.170213 0.000000
      vertex 24.047619 36.170213 0.400000
      vertex 21.507937 36.170213 0.400000
    endloop
  endfacet
  facet normal 0.000000 1.000000 0.000000
    outer loop
      vertex 21.507937 36.489362 0.000000
      vertex 24.047619 36.489362 0.400000
      vertex 24.047619 36.489362 0.000000
    endloop
  endfacet
  facet normal 0.000000 1.000000 0.000000
    outer loop
      vertex 21.507937 36.489362 0.000000
      vertex 21.507937 36.489362 0.400000
      vertex 24.047619 36.489362 0.400000
    endloop
  endfacet
  facet normal -1.000000 0.000000 0.000000
    outer loop
      vertex 21.507937 36.170213 0.000000
      vertex 21.507937 36.170213 0.400000
      vertex 21.507937 36.489362 0.400000
    endloop
  endfacet
  facet normal -1.000000 0.000000 0.000000
    outer loop
      vertex 21.507937 36.170213 0.000000
      vertex 21.507937 36.489362 0.400000
      vertex 21.507937 36.489362 0.000000
    endloop
  endfacet
  facet normal 1.000000 0.000000 0.000000
    outer loop
      vertex 24.047619 36.170213 0.000000
      vertex 24.047619 36.489362 0.000000
      vertex 24.047619 36.489362 0.400000
    endloop
  endfacet
  facet normal 1.000000 0.000000 0.000000
    outer loop
      vertex 24.047619 36.170213 0.000000
      vertex 24.047619 36.489362 0.400000
      vertex 24.047619 36.170213 0.400000
    endloop
  endfacet
  facet normal 0.000000 0.000000 -1.000000
    outer loop
      vertex 28.809524 36.170213 0.000000
      vertex 32.619048 36.489362 0.000000
      vertex 32.619048 36.170213 0.000000
    endloop
  endfacet
  facet normal 0.000000 0.000000 -1.000000
    outer loop
      vertex 28.809524 36.170213 0.000000
      vertex 28.809524 36.489362 0.000000
      vertex 32.619048 36.489362 0.000000
    endloop
  endfacet
  facet normal 0.000000 0.000000 1.000000
    outer loop
      vertex 28.809524 36.170213 0.400000
      vertex 32.619048 36.170213 0.400000
      vertex 32.619048 36.489362 0.400000
    endloop
  endfacet
  facet normal 0.000000 0.000000 1.000000
    outer loop
      vertex 28.809524 36.170213 0.400000
      vertex 32.619048 36.489362 0.400000
      vertex 28.809524 36.489362 0.400000
    endloop
  endfacet
  facet normal 0.000000 -1.000000 0.000000
    outer loop
      vertex 28.809524 36.170213 0.000000
      vertex 32.619048 36.170213 0.000000
      vertex 32.619048 36.170213 0.400000
    endloop
  endfacet
  facet normal 0.000000 -1.000000 0.000000
    outer loop
      vertex 28.809524 36.170213 0.000000
      vertex 32.619048 36.170213 0.400000
      vertex 28.809524 36.170213 0.400000
    endloop
  endfacet
  facet normal 0.000000 1.000000 0.000000
    outer loop
      vertex 28.809524 36.489362 0.000000
      vertex 32.619048 36.489362 0.400000
      vertex 32.619048 36.489362 0.000000
    endloop
  endfacet
  facet normal 0.000000 1.000000 0.000000
    outer loop
      vertex 28.809524 36.489362 0.000000
      vertex 28.809524 36.489362 0.400000
      vertex 32.619048 36.489362 0.400000
    endloop
  endfacet
  facet normal -1.000000 0.000000 0.000000
    outer loop
      vertex 28.809524 36.170213 0.000000
      vertex 28.809524 36.170213 0.400000
      vertex 28.809524 36.489362 0.400000
    endloop
  endfacet
  facet normal -1.000000 0.000000 0.000000
    outer loop
      vertex 28.809524 36.170213 0.000000
      vertex 28.809524 36.489362 0.400000
      vertex 28.809524 36.489362 0.000000
    endloop
  endfacet
  facet normal 1.000000 0.000000 0.000000
    outer loop
      vertex 32.619048 36.170213 0.000000
      vertex 32.619048 36.489362 0.000000
      vertex 32.619048 36.489362 0.400000
    endloop
  endfacet
  facet normal 1.000000 0.000000 0.000000
    outer loop
      vertex 32.619048 36.170213 0.000000
      vertex 32.619048 36.489362 0.400000
      vertex 32.619048 36.170213 0.400000
    endloop
  endfacet
  facet normal 0.000000 0.000000 -1.000000
    outer loop
      vertex 34.841270 36.170213 0.000000
      vertex 38.015873 36.489362 0.000000
      vertex 38.015873 36.170213 0.000000
    endloop
  endfacet
  facet normal 0.000000 0.000000 -1.000000
    outer loop
      vertex 34.841270 36.170213 0.000000
      vertex 34.841270 36.489362 0.000000
      vertex 38.015873 36.489362 0.000000
    endloop
  endfacet
  facet normal 0.000000 0.000000 1.000000
    outer loop
      vertex 34.841270 36.170213 0.400000
      vertex 38.015873 36.170213 0.400000
      vertex 38.015873 36.489362 0.400000
    endloop
  endfacet
  facet normal 0.000000 0.000000 1.000000
    outer loop
      vertex 34.841270 36.170213 0.400000
      vertex 38.015873 36.489362 0.400000
      vertex 34.841270 36.489362 0.400000
    endloop
  endfacet
  facet normal 0.000000 -1.000000 0.000000
    outer loop
      vertex 34.841270 36.170213 0.000000
      vertex 38.015873 36.170213 0.000000
      vertex 38.015873 36.170213 0.400000
    endloop
  endfacet
  facet normal 0.000000 -1.000000 0.000000
    outer loop
      vertex 34.841270 36.170213 0.000000
      vertex 38.015873 36.170213 0.400000
      vertex 34.841270 36.170213 0.400000
    endloop
  endfacet
  facet normal 0.000000 1.000000 0.000000
    outer loop
      vertex 34.841270 36.489362 0.000000
      vertex 38.015873 36.489362 0.400000
      vertex 38.015873 36.489362 0.000000
    endloop
  endfacet
  facet normal 0.000000 1.000000 0.000000
    outer loop
      vertex 34.841270 36.489362 0.000000
      vertex 34.841270 36.489362 0.400000
      vertex 38.015873 36.489362 0.400000
    endloop
  endfacet
  facet normal -1.000000 0.000000 0.000000
    outer loop
      vertex 34.841270 36.170213 0.000000
      vertex 34.841270 36.170213 0.400000
      vertex 34.841270 36.489362 0.400000
    endloop
  endfacet
  facet normal -1.000000 0.000000 0.000000
    outer loop
      vertex 34.841270 36.170213 0.000000
      vertex 34.841270 36.489362 0.400000
      vertex 34.841270 36.489362 0.000000
    endloop
  endfacet
  facet normal 1.000000 0.000000 0.000000
    outer loop
      vertex 38.015873 36.170213 0.000000
      vertex 38.015873 36.489362 0.000000
      vertex 38.015873 36.489362 0.400000
    endloop
  endfacet
  facet normal 1.000000 0.000000 0.000000
    outer loop
      vertex 38.015873 36.170213 0.000000
      vertex 38.015873 36.489362 0.400000
      vertex 38.015873 36.170213 0.400000
    endloop
  endfacet
  facet normal 0.000000 0.000000 -1.000000
    outer loop
      vertex 21.507937 32.978723 0.000000
      vertex 23.730159 36.170213 0.000000
      vertex 23.730159 32.978723 0.000000
    endloop
  endfacet
  facet normal 0.000000 0.000000 -1.000000
    outer loop
      vertex 21.507937 32.978723 0.000000
      vertex 21.507937 36.170213 0.000000
      vertex 23.730159 36.170213 0.000000
    endloop
  endfacet
  facet normal 0.000000 0.000000 1.000000
    outer loop
      vertex 21.507937 32.978723 0.400000
      vertex 23.730159 32.978723 0.400000
      vertex 23.730159 36.170213 0.400000
    endloop
  endfacet
  facet normal 0.000000 0.000000 1.000000
    outer loop
      vertex 21.507937 32.978723 0.400000
      vertex 23.730159 36.170213 0.400000
      vertex 21.507937 36.170213 0.400000
    endloop
  endfacet
  facet normal 0.000000 -1.000000 0.000000
    outer loop
      vertex 21.507937 32.978723 0.000000
      vertex 23.730159 32.978723 0.000000
      vertex 23.730159 32.978723 0.400000
    endloop
  endfacet
  facet normal 0.000000 -1.000000 0.000000
    outer loop
      vertex 21.507937 32.978723 0.000000
      vertex 23.730159 32.978723 0.400000
      vertex 21.507937 32.978723 0.400000
    endloop
  endfacet
  facet normal 0.000000 1.000000 0.000000
    outer loop
      vertex 21.507937 36.170213 0.000000
      vertex 23.730159 36.170213 0.400000
      vertex 23.730159 36.170213 0.000000
    endloop
  endfacet
  facet normal 0.000000 1.000000 0.000000
    outer loop
      vertex 21.507937 36.170213 0.000000
      vertex 21.507937 36.170213 0.400000
      vertex 23.730159 36.170213 0.400000
    endloop
  endfacet
  facet normal -1.000000 0.000000 0.000000
    outer loop
      vertex 21.507937 32.978723 0.000000
      vertex 21.507937 32.978723 0.400000
      vertex 21.507937 36.170213 0.400000
    endloop
  endfacet
  facet normal -1.000000 0.000000 0.000000
    outer loop
      vertex 21.507937 32.978723 0.000000
      vertex 21.507937 36.170213 0.400000
      vertex 21.507937 36.170213 0.000000
    endloop
  endfacet
  facet normal 1.000000 0.000000 0.000000
    outer loop
      vertex 23.730159 32.978723 0.000000
      vertex 23.730159 36.170213 0.000000
      vertex 23.730159 36.170213 0.400000
    endloop
  endfacet
  facet normal 1.000000 0.000000 0.000000
    outer loop
      vertex 23.730159 32.978723 0.000000
      vertex 23.730159 36.170213 0.400000
      vertex 23.730159 32.978723 0.400000
    endloop
  endfacet
  facet normal 0.000000 0.000000 -1.000000
    outer loop
      vertex 29.444444 35.851064 0.000000
      vertex 32.619048 36.170213 0.000000
      vertex 32.619048 35.851064 0.000000
    endloop
  endfacet
  facet normal 0.000000 0.000000 -1.000000
    outer loop
      vertex 29.444444 35.851064 0.000000
      vertex 29.444444 36.170213 0.000000
      vertex 32.619048 36.170213 0.000000
    endloop
  endfacet
  facet normal 0.000000 0.000000 1.000000
    outer loop
      vertex 29.444444 35.851064 0.400000
      vertex 32.619048 35.851064 0.400000
      vertex 32.619048 36.170213 0.400000
    endloop
  endfacet
  facet normal 0.000000 0.000000 1.000000
    outer loop
      vertex 29.444444 35.851064 0.400000
      vertex 32.619048 36.170213 0.400000
      vertex 29.444444 36.170213 0.400000
    endloop
  endfacet
  facet normal 0.000000 -1.000000 0.000000
    outer loop
      vertex 29.444444 35.851064 0.000000
      vertex 32.619048 35.851064 0.000000
      vertex 32.619048 35.851064 0.400000
    endloop
  endfacet
  facet normal 0.000000 -1.000000 0.000000
    outer loop
      vertex 29.444444 35.851064 0.000000
      vertex 32.619048 35.851064 0.400000
      vertex 29.444444 35.851064 0.400000
    endloop
  endfacet
  facet normal 0.000000 1.000000 0.000000
    outer loop
      vertex 29.444444 36.170213 0.000000
      vertex 32.619048 36.170213 0.400000
      vertex 32.619048 36.170213 0.000000
    endloop
  endfacet
  facet normal 0.000000 1.000000 0.000000
    outer loop
      vertex 29.444444 36.170213 0.000000
      vertex 29.444444 36.170213 0.400000
      vertex 32.619048 36.170213 0.400000
    endloop
  endfacet
  facet normal -1.000000 0.000000 0.000000
    outer loop
      vertex 29.444444 35.851064 0.000000
      vertex 29.444444 35.851064 0.400000
      vertex 29.444444 36.170213 0.400000
    endloop
  endfacet
  facet normal -1.000000 0.000000 0.000000
    outer loop
      vertex 29.444444 35.851064 0.000000
      vertex 29.444444 36.170213 0.400000
      vertex 29.444444 36.170213 0.000000
    endloop
  endfacet
  facet normal 1.000000 0.000000 0.000000
    outer loop
      vertex 32.619048 35.851064 0.000000
      vertex 32.619048 36.170213 0.000000
      vertex 32.619048 36.170213 0.400000
    endloop
  endfacet
  facet normal 1.000000 0.000000 0.000000
    outer loop
      vertex 32.619048 35.851064 0.000000
      vertex 32.619048 36.170213 0.400000
      vertex 32.619048 35.851064 0.400000
    endloop
  endfacet
  facet normal 0.000000 0.000000 -1.000000
    outer loop
      vertex 34.841270 35.851064 0.000000
      vertex 37.698413 36.170213 0.000000
      vertex 37.698413 35.851064 0.000000
    endloop
  endfacet
  facet normal 0.000000 0.000000 -1.000000
    outer loop
      vertex 34.841270 35.851064 0.000000
      vertex 34.841270 36.170213 0.000000
      vertex 37.698413 36.170213 0.000000
    endloop
  endfacet
  facet normal 0.000000 0.000000 1.000000
    outer loop
      vertex 34.841270 35.851064 0.400000
      vertex 37.698413 35.851064 0.400000
      vertex 37.698413 36.170213 0.400000
    endloop
  endfacet
  facet normal 0.000000 0.000000 1.000000
    outer loop
      vertex 34.841270 35.851064 0.400000
      vertex 37.698413 36.170213 0.400000
      vertex 34.841270 36.170213 0.400000
    endloop
  endfacet
  facet normal 0.000000 -1.000000 0.000000
    outer loop
      vertex 34.841270 35.851064 0.000000
      vertex 37.698413 35.851064 0.000000
      vertex 37.698413 35.851064 0.400000
    endloop
  endfacet
  facet normal 0.000000 -1.000000 0.000000
    outer loop
      vertex 34.841270 35.851064 0.000000
      vertex 37.698413 35.851064 0.400000
      vertex 34.841270 35.851064 0.400000
    endloop
  endfacet
  facet normal 0.000000 1.000000 0.000000
    outer loop
      vertex 34.841270 36.170213 0.000000
      vertex 37.698413 36.170213 0.400000
      vertex 37.698413 36.170213 0.000000
    endloop
  endfacet
  facet normal 0.000000 1.000000 0.000000
    outer loop
      vertex 34.841270 36.170213 0.000000
      vertex 34.841270 36.170213 0.400000
      vertex 37.698413 36.170213 0.400000
    endloop
  endfacet
  facet normal -1.000000 0.000000 0.000000
    outer loop
      vertex 34.841270 35.851064 0.000000
      vertex 34.841270 35.851064 0.400000
      vertex 34.841270 36.170213 0.400000
    endloop
  endfacet
  facet normal -1.000000 0.000000 0.000000
    outer loop
      vertex 34.841270 35.851064 0.000000
      vertex 34.841270 36.170213 0.400000
      vertex 34.841270 36.170213 0.000000
    endloop
  endfacet
  facet normal 1.000000 0.000000 0.000000
    outer loop
      vertex 37.698413 35.851064 0.000000
      vertex 37.698413 36.170213 0.000000
      vertex 37.698413 36.170213 0.400000
    endloop
  endfacet
  facet normal 1.000000 0.000000 0.000000
    outer loop
      vertex 37.698413 35.851064 0.000000
      vertex 37.698413 36.170213 0.400000
      vertex 37.698413 35.851064 0.400000
    endloop
  endfacet
  facet normal 0.000000 0.000000 -1.000000
    outer loop
      vertex 29.761905 35.531915 0.000000
      vertex 32.619048 35.851064 0.000000
      vertex 32.619048 35.531915 0.000000
    endloop
  endfacet
  facet normal 0.000000 0.000000 -1.000000
    outer loop
      vertex 29.761905 35.531915 0.000000
      vertex 29.761905 35.851064 0.000000
      vertex 32.619048 35.851064 0.000000
    endloop
  endfacet
  facet normal 0.000000 0.000000 1.000000
    outer loop
      vertex 29.761905 35.531915 0.400000
      vertex 32.619048 35.531915 0.400000
      vertex 32.619048 35.851064 0.400000
    endloop
  endfacet
  facet normal 0.000000 0.000000 1.000000
    outer loop
      vertex 29.761905 35.531915 0.400000
      vertex 32.619048 35.851064 0.400000
      vertex 29.761905 35.851064 0.400000
    endloop
  endfacet
  facet normal 0.000000 -1.000000 0.000000
    outer loop
      vertex 29.761905 35.531915 0.000000
      vertex 32.619048 35.531915 0.000000
      vertex 32.619048 35.531915 0.400000
    endloop
  endfacet
  facet normal 0.000000 -1.000000 0.000000
    outer loop
      vertex 29.761905 35.531915 0.000000
      vertex 32.619048 35.531915 0.400000
      vertex 29.761905 35.531915 0.400000
    endloop
  endfacet
  facet normal 0.000000 1.000000 0.000000
    outer loop
      vertex 29.761905 35.851064 0.000000
      vertex 32.619048 35.851064 0.400000
      vertex 32.619048 35.851064 0.000000
    endloop
  endfacet
  facet normal 0.000000 1.000000 0.000000
    outer loop
      vertex 29.761905 35.851064 0.000000
      vertex 29.761905 35.851064 0.400000
      vertex 32.619048 35.851064 0.400000
    endloop
  endfacet
  facet normal -1.000000 0.000000 0.000000
    outer loop
      vertex 29.761905 35.531915 0.000000
      vertex 29.761905 35.531915 0.400000
      vertex 29.761905 35.851064 0.400000
    endloop
  endfacet
  facet normal -1.000000 0.000000 0.000000
    outer loop
      vertex 29.761905 35.531915 0.000000
      vertex 29.761905 35.851064 0.400000
      vertex 29.761905 35.851064 0.000000
    endloop
  endfacet
  facet normal 1.000000 0.000000 0.000000
    outer loop
      vertex 32.619048 35.531915 0.000000
      vertex 32.619048 35.851064 0.000000
      vertex 32.619048 35.851064 0.400000
    endloop
  endfacet
  facet normal 1.000000 0.000000 0.000000
    outer loop
      vertex 32.619048 35.531915 0.000000
      vertex 32.619048 35.851064 0.400000
      vertex 32.619048 35.531915 0.400000
    endloop
  endfacet
  facet normal 0.000000 0.000000 -1.000000
    outer loop
      vertex 34.841270 35.531915 0.000000
      vertex 37.380952 35.851064 0.000000
      vertex 37.380952 35.531915 0.000000
    endloop
  endfacet
  facet normal 0.000000 0.000000 -1.000000
    outer loop
      vertex 34.841270 35.531915 0.000000
      vertex 34.841270 35.851064 0.000000
      vertex 37.380952 35.851064 0.000000
    endloop
  endfacet
  facet normal 0.000000 0.000000 1.000000
    outer loop
      vertex 34.841270 35.531915 0.400000
      vertex 37.380952 35.531915 0.400000
      vertex 37.380952 35.851064 0.400000
    endloop
  endfacet
  facet normal 0.000000 0.000000 1.000000
    outer loop
      vertex 34.841270 35.531915 0.400000
      vertex 37.380952 35.851064 0.400000
      vertex 34.841270 35.851064 0.400000
    endloop
  endfacet
  facet normal 0.000000 -1.000000 0.000000
    outer loop
      vertex 34.841270 35.531915 0.000000
      vertex 37.380952 35.531915 0.000000
      vertex 37.380952 35.531915 0.400000
    endloop
  endfacet
  facet normal 0.000000 -1.000000 0.000000
    outer loop
      vertex 34.841270 35.531915 0.000000
      vertex 37.380952 35.531915 0.400000
      vertex 34.841270 35.531915 0.400000
    endloop
  endfacet
  facet normal 0.000000 1.000000 0.000000
    outer loop
      vertex 34.841270 35.851064 0.000000
      vertex 37.380952 35.851064 0.400000
      vertex 37.380952 35.851064 0.000000
    endloop
  endfacet
  facet normal 0.000000 1.000000 0.000000
    outer loop
      vertex 34.841270 35.851064 0.000000
      vertex 34.841270 35.851064 0.400000
      vertex 37.380952 35.851064 0.400000
    endloop
  endfacet
  facet normal -1.000000 0.000000 0.000000
    outer loop
      vertex 34.841270 35.531915 0.000000
      vertex 34.841270 35.531915 0.400000
      vertex 34.841270 35.851064 0.400000
    endloop
  endfacet
  facet normal -1.000000 0.000000 0.000000
    outer loop
      vertex 34.841270 35.531915 0.000000
      vertex 34.841270 35.851064 0.400000
      vertex 34.841270 35.851064 0.000000
    endloop
  endfacet
  facet normal 1.000000 0.000000 0.000000
    outer loop
      vertex 37.380952 35.531915 0.000000
      vertex 37.380952 35.851064 0.000000
      vertex 37.380952 35.851064 0.400000
    endloop
  endfacet
  facet normal 1.000000 0.000000 0.000000
    outer loop
      vertex 37.380952 35.531915 0.000000
      vertex 37.380952 35.851064 0.400000
      vertex 37.380952 35.531915 0.400000
    endloop
  endfacet
  facet normal 0.000000 0.000000 -1.000000
    outer loop
      vertex 30.079365 35.212766 0.000000
      vertex 32.619048 35.531915 0.000000
      vertex 32.619048 35.212766 0.000000
    endloop
  endfacet
  facet normal 0.000000 0.000000 -1.000000
    outer loop
      vertex 30.079365 35.212766 0.000000
      vertex 30.079365 35.531915 0.000000
      vertex 32.619048 35.531915 0.000000
    endloop
  endfacet
  facet normal 0.000000 0.000000 1.000000
    outer loop
      vertex 30.079365 35.212766 0.400000
      vertex 32.619048 35.212766 0.400000
      vertex 32.619048 35.531915 0.400000
    endloop
  endfacet
  facet normal 0.000000 0.000000 1.000000
    outer loop
      vertex 30.079365 35.212766 0.400000
      vertex 32.619048 35.531915 0.400000
      vertex 30.079365 35.531915 0.400000
    endloop
  endfacet
  facet normal 0.000000 -1.000000 0.000000
    outer loop
      vertex 30.079365 35.212766 0.000000
      vertex 32.619048 35.212766 0.000000
      vertex 32.619048 35.212766 0.400000
    endloop
  endfacet
  facet normal 0.000000 -1.000000 0.000000
    outer loop
      vertex 30.079365 35.212766 0.000000
      vertex 32.619048 35.212766 0.400000
      vertex 30.079365 35.212766 0.400000
    endloop
  endfacet
  facet normal 0.000000 1.000000 0.000000
    outer loop
      vertex 30.079365 35.531915 0.000000
      vertex 32.619048 35.531915 0.400000
      vertex 32.619048 35.531915 0.000000
    endloop
  endfacet
  facet normal 0.000000 1.000000 0.000000
    outer loop
      vertex 30.079365 35.531915 0.000000
      vertex 30.079365 35.531915 0.400000
      vertex 32.619048 35.531915 0.400000
    endloop
  endfacet
  facet normal -1.000000 0.000000 0.000000
    outer loop
      vertex 30.079365 35.212766 0.000000
      vertex 30.079365 35.212766 0.400000
      vertex 30.079365 35.531915 0.400000
    endloop
  endfacet
  facet normal -1.000000 0.000000 0.000000
    outer loop
      vertex 30.079365 35.212766 0.000000
      vertex 30.079365 35.531915 0.400000
      vertex 30.079365 35.531915 0.000000
    endloop
  endfacet
  facet normal 1.000000 0.000000 0.000000
    outer loop
      vertex 32.619048 35.212766 0.000000
      vertex 32.619048 35.531915 0.000000
      vertex 32.619048 35.531915 0.400000
    endloop
  endfacet
  facet normal 1.000000 0.000000 0.000000
    outer loop
      vertex 32.619048 35.212766 0.000000
      vertex 32.619048 35.531915 0.400000
      vertex 32.619048 35.212766 0.400000
    endloop
  endfacet
  facet normal 0.000000 0.000000 -1.000000
    outer loop
      vertex 34.841270 30.425532 0.000000
      vertex 37.063492 35.531915 0.000000
      vertex 37.063492 30.425532 0.000000
    endloop
  endfacet
  facet normal 0.000000 0.000000 -1.000000
    outer loop
      vertex 34.841270 30.425532 0.000000
      vertex 34.841270 35.531915 0.000000
      vertex 37.063492 35.531915 0.000000
    endloop
  endfacet
  facet normal 0.000000 0.000000 1.000000
    outer loop
      vertex 34.841270 30.425532 0.400000
      vertex 37.063492 30.425532 0.400000
      vertex 37.063492 35.531915 0.400000
    endloop
  endfacet
  facet normal 0.000000 0.000000 1.000000
    outer loop
      vertex 34.841270 30.425532 0.400000
      vertex 37.063492 35.531915 0.400000
      vertex 34.841270 35.531915 0.400000
    endloop
  endfacet
  facet normal 0.000000 -1.000000 0.000000
    outer loop
      vertex 34.841270 30.425532 0.000000
      vertex 37.063492 30.425532 0.000000
      vertex 37.063492 30.425532 0.400000
    endloop
  endfacet
  facet normal 0.000000 -1.000000 0.000000
    outer loop
      vertex 34.841270 30.425532 0.000000
      vertex 37.063492 30.425532 0.400000
      vertex 34.841270 30.425532 0.400000
    endloop
  endfacet
  facet normal 0.000000 1.000000 0.000000
    outer loop
      vertex 34.841270 35.531915 0.000000
      vertex 37.063492 35.531915 0.400000
      vertex 37.063492 35.531915 0.000000
    endloop
  endfacet
  facet normal 0.000000 1.000000 0.000000
    outer loop
      vertex 34.841270 35.531915 0.000000
      vertex 34.841270 35.531915 0.400000
      vertex 37.063492 35.531915 0.400000
    endloop
  endfacet
  facet normal -1.000000 0.000000 0.000000
    outer loop
      vertex 34.841270 30.425532 0.000000
      vertex 34.841270 30.425532 0.400000
      vertex 34.841270 35.531915 0.400000
    endloop
  endfacet
  facet normal -1.000000 0.000000 0.000000
    outer loop
      vertex 34.841270 30.425532 0.000000
      vertex 34.841270 35.531915 0.400000
      vertex 34.841270 35.531915 0.000000
    endloop
  endfacet
  facet normal 1.000000 0.000000 0.000000
    outer loop
      vertex 37.063492 30.425532 0.000000
      vertex 37.063492 35.531915 0.000000
      vertex 37.063492 35.531915 0.400000
    endloop
  endfacet
  facet normal 1.000000 0.000000 0.000000
    outer loop
      vertex 37.063492 30.425532 0.000000
      vertex 37.063492 35.531915 0.400000
      vertex 37.063492 30.425532 0.400000
    endloop
  endfacet
  facet normal 0.000000 0.000000 -1.000000
    outer loop
      vertex 5.634921 10.000000 0.000000
      vertex 8.492063 35.212766 0.000000
      vertex 8.492063 10.000000 0.000000
    endloop
  endfacet
  facet normal 0.000000 0.000000 -1.000000
    outer loop
      vertex 5.634921 10.000000 0.000000
      vertex 5.634921 35.212766 0.000000
      vertex 8.492063 35.212766 0.000000
    endloop
  endfacet
  facet normal 0.000000 0.000000 1.000000
    outer loop
      vertex 5.634921 10.000000 0.400000
      vertex 8.492063 10.000000 0.400000
      vertex 8.492063 35.212766 0.400000
    endloop
  endfacet
  facet normal 0.000000 0.000000 1.000000
    outer loop
      vertex 5.634921 10.000000 0.400000
      vertex 8.492063 35.212766 0.400000
      vertex 5.634921 35.212766 0.400000
    endloop
  endfacet
  facet normal 0.000000 -1.000000 0.000000
    outer loop
      vertex 5.634921 10.000000 0.000000
      vertex 8.492063 10.000000 0.000000
      vertex 8.492063 10.000000 0.400000
    endloop
  endfacet
  facet normal 0.000000 -1.000000 0.000000
    outer loop
      vertex 5.634921 10.000000 0.000000
      vertex 8.492063 10.000000 0.400000
      vertex 5.634921 10.000000 0.400000
    endloop
  endfacet
  facet normal 0.000000 1.000000 0.000000
    outer loop
      vertex 5.634921 35.212766 0.000000
      vertex 8.492063 35.212766 0.400000
      vertex 8.492063 35.212766 0.000000
    endloop
  endfacet
  facet normal 0.000000 1.000000 0.000000
    outer loop
      vertex 5.634921 35.212766 0.000000
      vertex 5.634921 35.212766 0.400000
      vertex 8.492063 35.212766 0.400000
    endloop
  endfacet
  facet normal -1.000000 0.000000 0.000000
    outer loop
      vertex 5.634921 10.000000 0.000000
      vertex 5.634921 10.000000 0.400000
      vertex 5.634921 35.212766 0.400000
    endloop
  endfacet
  facet normal -1.000000 0.000000 0.000000
    outer loop
      vertex 5.634921 10.000000 0.000000
      vertex 5.634921 35.212766 0.400000
      vertex 5.634921 35.212766 0.000000
    endloop
  endfacet
  facet normal 1.000000 0.000000 0.000000
    outer loop
      vertex 8.492063 10.000000 0.000000
      vertex 8.492063 35.212766 0.000000
      vertex 8.492063 35.212766 0.400000
    endloop
  endfacet
  facet normal 1.000000 0.000000 0.000000
    outer loop
      vertex 8.492063 10.000000 0.000000
      vertex 8.492063 35.212766 0.400000
      vertex 8.492063 10.000000 0.400000
    endloop
  endfacet
  facet normal 0.000000 0.000000 -1.000000
    outer loop
      vertex 10.396825 20.531915 0.000000
      vertex 13.253968 35.212766 0.000000
      vertex 13.253968 20.531915 0.000000
    endloop
  endfacet
  facet normal 0.000000 0.000000 -1.000000
    outer loop
      vertex 10.396825 20.531915 0.000000
      vertex 10.396825 35.212766 0.000000
      vertex 13.253968 35.212766 0.000000
    endloop
  endfacet
  facet normal 0.000000 0.000000 1.000000
    outer loop
      vertex 10.396825 20.531915 0.400000
      vertex 13.253968 20.531915 0.400000
      vertex 13.253968 35.212766 0.400000
    endloop
  endfacet
  facet normal 0.000000 0.000000 1.000000
    outer loop
      vertex 10.396825 20.531915 0.400000
      vertex 13.253968 35.212766 0.400000
      vertex 10.396825 35.212766 0.400000
    endloop
  endfacet
  facet normal 0.000000 -1.000000 0.000000
    outer loop
      vertex 10.396825 20.531915 0.000000
      vertex 13.253968 20.531915 0.000000
      vertex 13.253968 20.531915 0.400000
    endloop
  endfacet
  facet normal 0.000000 -1.000000 0.000000
    outer loop
      vertex 10.396825 20.531915 0.000000
      vertex 13.253968 20.531915 0.400000
      vertex 10.396825 20.531915 0.400000
    endloop
  endfacet
  facet normal 0.000000 1.000000 0.000000
    outer loop
      vertex 10.396825 35.212766 0.000000
      vertex 13.253968 35.212766 0.400000
      vertex 13.253968 35.212766 0.000000
    endloop
  endfacet
  facet normal 0.000000 1.000000 0.000000
    outer loop
      vertex 10.396825 35.212766 0.000000
      vertex 10.396825 35.212766 0.400000
      vertex 13.253968 35.212766 0.400000
    endloop
  endfacet
  facet normal -1.000000 0.000000 0.000000
    outer loop
      vertex 10.396825 20.531915 0.000000
      vertex 10.396825 20.531915 0.400000
      vertex 10.396825 35.212766 0.400000
    endloop
  endfacet
  facet normal -1.000000 0.000000 0.000000
    outer loop
      vertex 10.396825 20.531915 0.000000
      vertex 10.396825 35.212766 0.400000
      vertex 10.396825 35.212766 0.000000
    endloop
  endfacet
  facet normal 1.000000 0.000000 0.000000
    outer loop
      vertex 13.253968 20.531915 0.000000
      vertex 13.253968 35.212766 0.000000
      vertex 13.253968 35.212766 0.400000
    endloop
  endfacet
  facet normal 1.000000 0.000000 0.000000
    outer loop
      vertex 13.253968 20.531915 0.000000
      vertex 13.253968 35.212766 0.400000
      vertex 13.253968 20.531915 0.400000
    endloop
  endfacet
  facet normal 0.000000 0.000000 -1.000000
    outer loop
      vertex 25.000000 32.978723 0.000000
      vertex 27.539683 35.212766 0.000000
      vertex 27.539683 32.978723 0.000000
    endloop
  endfacet
  facet normal 0.000000 0.000000 -1.000000
    outer loop
      vertex 25.000000 32.978723 0.000000
      vertex 25.000000 35.212766 0.000000
      vertex 27.539683 35.212766 0.000000
    endloop
  endfacet
  facet normal 0.000000 0.000000 1.000000
    outer loop
      vertex 25.000000 32.978723 0.400000
      vertex 27.539683 32.978723 0.400000
      vertex 27.539683 35.212766 0.400000
    endloop
  endfacet
  facet normal 0.000000 0.000000 1.000000
    outer loop
      vertex 25.000000 32.978723 0.400000
      vertex 27.539683 35.212766 0.400000
      vertex 25.000000 35.212766 0.400000
    endloop
  endfacet
  facet normal 0.000000 -1.000000 0.000000
    outer loop
      vertex 25.000000 32.978723 0.000000
      vertex 27.539683 32.978723 0.000000
      vertex 27.539683 32.978723 0.400000
    endloop
  endfacet
  facet normal 0.000000 -1.000000 0.000000
    outer loop
      vertex 25.000000 32.978723 0.000000
      vertex 27.539683 32.978723 0.400000
      vertex 25.000000 32.978723 0.400000
    endloop
  endfacet
  facet normal 0.000000 1.000000 0.000000
    outer loop
      vertex 25.000000 35.212766 0.000000
      vertex 27.539683 35.212766 0.400000
      vertex 27.539683 35.212766 0.000000
    endloop
  endfacet
  facet normal 0.000000 1.000000 0.000000
    outer loop
      vertex 25.000000 35.212766 0.000000
      vertex 25.000000 35.212766 0.400000
      vertex 27.539683 35.212766 0.400000
    endloop
  endfacet
  facet normal -1.000000 0.000000 0.000000
    outer loop
      vertex 25.000000 32.978723 0.000000
      vertex 25.000000 32.978723 0.400000
      vertex 25.000000 35.212766 0.400000
    endloop
  endfacet
  facet normal -1.000000 0.000000 0.000000
    outer loop
      vertex 25.000000 32.978723 0.000000
      vertex 25.000000 35.212766 0.400000
      vertex 25.000000 35.212766 0.000000
    endloop
  endfacet
  facet normal 1.000000 0.000000 0.000000
    outer loop
      vertex 27.539683 32.978723 0.000000
      vertex 27.539683 35.212766 0.000000
      vertex 27.539683 35.212766 0.400000
    endloop
  endfacet
  facet normal 1.000000 0.000000 0.000000
    outer loop
      vertex 27.539683 32.978723 0.000000
      vertex 27.539683 35.212766 0.400000
      vertex 27.539683 32.978723 0.400000
    endloop
  endfacet
  facet normal 0.000000 0.000000 -1.000000
    outer loop
      vertex 30.396825 34.893617 0.000000
      vertex 32.619048 35.212766 0.000000
      vertex 32.619048 34.893617 0.000000
    endloop
  endfacet
  facet normal 0.000000 0.000000 -1.000000
    outer loop
      vertex 30.396825 34.893617 0.000000
      vertex 30.396825 35.212766 0.000000
      vertex 32.619048 35.212766 0.000000
    endloop
  endfacet
  facet normal 0.000000 0.000000 1.000000
    outer loop
      vertex 30.396825 34.893617 0.400000
      vertex 32.619048 34.893617 0.400000
      vertex 32.619048 35.212766 0.400000
    endloop
  endfacet
  facet normal 0.000000 0.000000 1.000000
    outer loop
      vertex 30.396825 34.893617 0.400000
      vertex 32.619048 35.212766 0.400000
      vertex 30.396825 35.212766 0.400000
    endloop
  endfacet
  facet normal 0.000000 -1.000000 0.000000
    outer loop
      vertex 30.396825 34.893617 0.000000
      vertex 32.619048 34.893617 0.000000
      vertex 32.619048 34.893617 0.400000
    endloop
  endfacet
  facet normal 0.000000 -1.000000 0.000000
    outer loop
      vertex 30.396825 34.893617 0.000000
      vertex 32.619048 34.893617 0.400000
      vertex 30.396825 34.893617 0.400000
    endloop
  endfacet
  facet normal 0.000000 1.000000 0.000000
    outer loop
      vertex 30.396825 35.212766 0.000000
      vertex 32.619048 35.212766 0.400000
      vertex 32.619048 35.212766 0.000000
    endloop
  endfacet
  facet normal 0.000000 1.000000 0.000000
    outer loop
      vertex 30.396825 35.212766 0.000000
      vertex 30.396825 35.212766 0.400000
      vertex 32.619048 35.212766 0.400000
    endloop
  endfacet
  facet normal -1.000000 0.000000 0.000000
    outer loop
      vertex 30.396825 34.893617 0.000000
      vertex 30.396825 34.893617 0.400000
      vertex 30.396825 35.212766 0.400000
    endloop
  endfacet
  facet normal -1.000000 0.000000 0.000000
    outer loop
      vertex 30.396825 34.893617 0.000000
      vertex 30.396825 35.212766 0.400000
      vertex 30.396825 35.212766 0.000000
    endloop
  endfacet
  facet normal 1.000000 0.000000 0.000000
    outer loop
      vertex 32.619048 34.893617 0.000000
      vertex 32.619048 35.212766 0.000000
      vertex 32.619048 35.212766 0.400000
    endloop
  endfacet
  facet normal 1.000000 0.000000 0.000000
    outer loop
      vertex 32.619048 34.893617 0.000000
      vertex 32.619048 35.212766 0.400000
      vertex 32.619048 34.893617 0.400000
    endloop
  endfacet
  facet normal 0.000000 0.000000 -1.000000
    outer loop
      vertex 39.603175 33.297872 0.000000
      vertex 41.190476 35.212766 0.000000
      vertex 41.190476 33.297872 0.000000
    endloop
  endfacet
  facet normal 0.000000 0.000000 -1.000000
    outer loop
      vertex 39.603175 33.297872 0.000000
      vertex 39.603175 35.212766 0.000000
      vertex 41.190476 35.212766 0.000000
    endloop
  endfacet
  facet normal 0.000000 0.000000 1.000000
    outer loop
      vertex 39.603175 33.297872 0.400000
      vertex 41.190476 33.297872 0.400000
      vertex 41.190476 35.212766 0.400000
    endloop
  endfacet
  facet normal 0.000000 0.000000 1.000000
    outer loop
      vertex 39.603175 33.297872 0.400000
      vertex 41.190476 35.212766 0.400000
      vertex 39.603175 35.212766 0.400000
    endloop
  endfacet
  facet normal 0.000000 -1.000000 0.000000
    outer loop
      vertex 39.603175 33.297872 0.000000
      vertex 41.190476 33.297872 0.000000
      vertex 41.190476 33.297872 0.400000
    endloop
  endfacet
  facet normal 0.000000 -1.000000 0.000000
    outer loop
      vertex 39.603175 33.297872 0.000000
      vertex 41.190476 33.297872 0.400000
      vertex 39.603175 33.297872 0.400000
    endloop
  endfacet
  facet normal 0.000000 1.000000 0.000000
    outer loop
      vertex 39.603175 35.212766 0.000000
      vertex 41.190476 35.212766 0.400000
      vertex 41.190476 35.212766 0.000000
    endloop
  endfacet
  facet normal 0.000000 1.000000 0.000000
    outer loop
      vertex 39.603175 35.212766 0.000000
      vertex 39.603175 35.212766 0.400000
      vertex 41.190476 35.212766 0.400000
    endloop
  endfacet
  facet normal -1.000000 0.000000 0.000000
    outer loop
      vertex 39.603175 33.297872 0.000000
      vertex 39.603175 33.297872 0.400000
      vertex 39.603175 35.212766 0.400000
    endloop
  endfacet
  facet normal -1.000000 0.000000 0.000000
    outer loop
      vertex 39.603175 33.297872 0.000000
      vertex 39.603175 35.212766 0.400000
      vertex 39.603175 35.212766 0.000000
    endloop
  endfacet
  facet normal 1.000000 0.000000 0.000000
    outer loop
      vertex 41.190476 33.297872 0.000000
      vertex 41.190476 35.212766 0.000000
      vertex 41.190476 35.212766 0.400000
    endloop
  endfacet
  facet normal 1.000000 0.000000 0.000000
    outer loop
      vertex 41.190476 33.297872 0.000000
      vertex 41.190476 35.212766 0.400000
      vertex 41.190476 33.297872 0.400000
    endloop
  endfacet
  facet normal 0.000000 0.000000 -1.000000
    outer loop
      vertex 24.047619 32.978723 0.000000
      vertex 25.000000 34.893617 0.000000
      vertex 25.000000 32.978723 0.000000
    endloop
  endfacet
  facet normal 0.000000 0.000000 -1.000000
    outer loop
      vertex 24.047619 32.978723 0.000000
      vertex 24.047619 34.893617 0.000000
      vertex 25.000000 34.893617 0.000000
    endloop
  endfacet
  facet normal 0.000000 0.000000 1.000000
    outer loop
      vertex 24.047619 32.978723 0.400000
      vertex 25.000000 32.978723 0.400000
      vertex 25.000000 34.893617 0.400000
    endloop
  endfacet
  facet normal 0.000000 0.000000 1.000000
    outer loop
      vertex 24.047619 32.978723 0.400000
      vertex 25.000000 34.893617 0.400000
      vertex 24.047619 34.893617 0.400000
    endloop
  endfacet
  facet normal 0.000000 -1.000000 0.000000
    outer loop
      vertex 24.047619 32.978723 0.000000
      vertex 25.000000 32.978723 0.000000
      vertex 25.000000 32.978723 0.400000
    endloop
  endfacet
  facet normal 0.000000 -1.000000 0.000000
    outer loop
      vertex 24.047619 32.978723 0.000000
      vertex 25.000000 32.978723 0.400000
      vertex 24.047619 32.978723 0.400000
    endloop
  endfacet
  facet normal 0.000000 1.000000 0.000000
    outer loop
      vertex 24.047619 34.893617 0.000000
      vertex 25.000000 34.893617 0.400000
      vertex 25.000000 34.893617 0.000000
    endloop
  endfacet
  facet normal 0.000000 1.000000 0.000000
    outer loop
      vertex 24.047619 34.893617 0.000000
      vertex 24.047619 34.893617 0.400000
      vertex 25.000000 34.893617 0.400000
    endloop
  endfacet
  facet normal -1.000000 0.000000 0.000000
    outer loop
      vertex 24.047619 32.978723 0.000000
      vertex 24.047619 32.978723 0.400000
      vertex 24.047619 34.893617 0.400000
    endloop
  endfacet
  facet normal -1.000000 0.000000 0.000000
    outer loop
      vertex 24.047619 32.978723 0.000000
      vertex 24.047619 34.893617 0.400000
      vertex 24.047619 34.893617 0.000000
    endloop
  endfacet
  facet normal 1.000000 0.000000 0.000000
    outer loop
      vertex 25.000000 32.978723 0.000000
      vertex 25.000000 34.893617 0.000000
      vertex 25.000000 34.893617 0.400000
    endloop
  endfacet
  facet normal 1.000000 0.000000 0.000000
    outer loop
      vertex 25.000000 32.978723 0.000000
      vertex 25.000000 34.893617 0.400000
      vertex 25.000000 32.978723 0.400000
    endloop
  endfacet
  facet normal 0.000000 0.000000 -1.000000
    outer loop
      vertex 27.539683 30.425532 0.000000
      vertex 28.174603 34.893617 0.000000
      vertex 28.174603 30.425532 0.000000
    endloop
  endfacet
  facet normal 0.000000 0.000000 -1.000000
    outer loop
      vertex 27.539683 30.425532 0.000000
      vertex 27.539683 34.893617 0.000000
      vertex 28.174603 34.893617 0.000000
    endloop
  endfacet
  facet normal 0.000000 0.000000 1.000000
    outer loop
      vertex 27.539683 30.425532 0.400000
      vertex 28.174603 30.425532 0.400000
      vertex 28.174603 34.893617 0.400000
    endloop
  endfacet
  facet normal 0.000000 0.000000 1.000000
    outer loop
      vertex 27.539683 30.425532 0.400000
      vertex 28.174603 34.893617 0.400000
      vertex 27.539683 34.893617 0.400000
    endloop
  endfacet
  facet normal 0.000000 -1.000000 0.000000
    outer loop
      vertex 27.539683 30.425532 0.000000
      vertex 28.174603 30.425532 0.000000
      vertex 28.174603 30.425532 0.400000
    endloop
  endfacet
  facet normal 0.000000 -1.000000 0.000000
    outer loop
      vertex 27.539683 30.425532 0.000000
      vertex 28.174603 30.425532 0.400000
      vertex 27.539683 30.425532 0.400000
    endloop
  endfacet
  facet normal 0.000000 1.000000 0.000000
    outer loop
      vertex 27.539683 34.893617 0.000000
      vertex 28.174603 34.893617 0.400000
      vertex 28.174603 34.893617 0.000000
    endloop
  endfacet
  facet normal 0.000000 1.000000 0.000000
    outer loop
      vertex 27.539683 34.893617 0.000000
      vertex 27.539683 34.893617 0.400000
      vertex 28.174603 34.893617 0.400000
    endloop
  endfacet
  facet normal -1.000000 0.000000 0.000000
    outer loop
      vertex 27.539683 30.425532 0.000000
      vertex 27.539683 30.425532 0.400000
      vertex 27.539683 34.893617 0.400000
    endloop
  endfacet
  facet normal -1.000000 0.000000 0.000000
    outer loop
      vertex 27.539683 30.425532 0.000000
      vertex 27.539683 34.893617 0.400000
      vertex 27.539683 34.893617 0.000000
    endloop
  endfacet
  facet normal 1.000000 0.000000 0.000000
    outer loop
      vertex 28.174603 30.425532 0.000000
      vertex 28.174603 34.893617 0.000000
      vertex 28.174603 34.893617 0.400000
    endloop
  endfacet
  facet normal 1.000000 0.000000 0.000000
    outer loop
      vertex 28.174603 30.425532 0.000000
      vertex 28.174603 34.893617 0.400000
      vertex 28.174603 30.425532 0.400000
    endloop
  endfacet
  facet normal 0.000000 0.000000 -1.000000
    outer loop
      vertex 30.714286 34.255319 0.000000
      vertex 32.619048 34.893617 0.000000
      vertex 32.619048 34.255319 0.000000
    endloop
  endfacet
  facet normal 0.000000 0.000000 -1.000000
    outer loop
      vertex 30.714286 34.255319 0.000000
      vertex 30.714286 34.893617 0.000000
      vertex 32.619048 34.893617 0.000000
    endloop
  endfacet
  facet normal 0.000000 0.000000 1.000000
    outer loop
      vertex 30.714286 34.255319 0.400000
      vertex 32.619048 34.255319 0.400000
      vertex 32.619048 34.893617 0.400000
    endloop
  endfacet
  facet normal 0.000000 0.000000 1.000000
    outer loop
      vertex 30.714286 34.255319 0.400000
      vertex 32.619048 34.893617 0.400000
      vertex 30.714286 34.893617 0.400000
    endloop
  endfacet
  facet normal 0.000000 -1.000000 0.000000
    outer loop
      vertex 30.714286 34.255319 0.000000
      vertex 32.619048 34.255319 0.000000
      vertex 32.619048 34.255319 0.400000
    endloop
  endfacet
  facet normal 0.000000 -1.000000 0.000000
    outer loop
      vertex 30.714286 34.255319 0.000000
      vertex 32.619048 34.255319 0.400000
      vertex 30.714286 34.255319 0.400000
    endloop
  endfacet
  facet normal 0.000000 1.000000 0.000000
    outer loop
      vertex 30.714286 34.893617 0.000000
      vertex 32.619048 34.893617 0.400000
      vertex 32.619048 34.893617 0.000000
    endloop
  endfacet
  facet normal 0.000000 1.000000 0.000000
    outer loop
      vertex 30.714286 34.893617 0.000000
      vertex 30.714286 34.893617 0.400000
      vertex 32.619048 34.893617 0.400000
    endloop
  endfacet
  facet normal -1.000000 0.000000 0.000000
    outer loop
      vertex 30.714286 34.255319 0.000000
      vertex 30.714286 34.255319 0.400000
      vertex 30.714286 34.893617 0.400000
    endloop
  endfacet
  facet normal -1.000000 0.000000 0.000000
    outer loop
      vertex 30.714286 34.255319 0.000000
      vertex 30.714286 34.893617 0.400000
      vertex 30.714286 34.893617 0.000000
    endloop
  endfacet
  facet normal 1.000000 0.000000 0.000000
    outer loop
      vertex 32.619048 34.255319 0.000000
      vertex 32.619048 34.893617 0.000000
      vertex 32.619048 34.893617 0.400000
    endloop
  endfacet
  facet normal 1.000000 0.000000 0.000000
    outer loop
      vertex 32.619048 34.255319 0.000000
      vertex 32.619048 34.893617 0.400000
      vertex 32.619048 34.255319 0.400000
    endloop
  endfacet
  facet normal 0.000000 0.000000 -1.000000
    outer loop
      vertex 39.285714 33.617021 0.000000
      vertex 39.603175 34.893617 0.000000
      vertex 39.603175 33.617021 0.000000
    endloop
  endfacet
  facet normal 0.000000 0.000000 -1.000000
    outer loop
      vertex 39.285714 33.617021 0.000000
      vertex 39.285714 34.893617 0.000000
      vertex 39.603175 34.893617 0.000000
    endloop
  endfacet
  facet normal 0.000000 0.000000 1.000000
    outer loop
      vertex 39.285714 33.617021 0.400000
      vertex 39.603175 33.617021 0.400000
      vertex 39.603175 34.893617 0.400000
    endloop
  endfacet
  facet normal 0.000000 0.000000 1.000000
    outer loop
      vertex 39.285714 33.617021 0.400000
      vertex 39.603175 34.893617 0.400000
      vertex 39.285714 34.893617 0.400000
    endloop
  endfacet
  facet normal 0.000000 -1.000000 0.000000
    outer loop
      vertex 39.285714 33.617021 0.000000
      vertex 39.603175 33.617021 0.000000
      vertex 39.603175 33.617021 0.400000
    endloop
  endfacet
  facet normal 0.000000 -1.000000 0.000000
    outer loop
      vertex 39.285714 33.617021 0.000000
      vertex 39.603175 33.617021 0.400000
      vertex 39.285714 33.617021 0.400000
    endloop
  endfacet
  facet normal 0.000000 1.000000 0.000000
    outer loop
      vertex 39.285714 34.893617 0.000000
      vertex 39.603175 34.893617 0.400000
      vertex 39.603175 34.893617 0.000000
    endloop
  endfacet
  facet normal 0.000000 1.000000 0.000000
    outer loop
      vertex 39.285714 34.893617 0.000000
      vertex 39.285714 34.893617 0.400000
      vertex 39.603175 34.893617 0.400000
    endloop
  endfacet
  facet normal -1.000000 0.000000 0.000000
    outer loop
      vertex 39.285714 33.617021 0.000000
      vertex 39.285714 33.617021 0.400000
      vertex 39.285714 34.893617 0.400000
    endloop
  endfacet
  facet normal -1.000000 0.000000 0.000000
    outer loop
      vertex 39.285714 33.617021 0.000000
      vertex 39.285714 34.893617 0.400000
      vertex 39.285714 34.893617 0.000000
    endloop
  endfacet
  facet normal 1.000000 0.000000 0.000000
    outer loop
      vertex 39.603175 33.617021 0.000000
      vertex 39.603175 34.893617 0.000000
      vertex 39.603175 34.893617 0.400000
    endloop
  endfacet
  facet normal 1.000000 0.000000 0.000000
    outer loop
      vertex 39.603175 33.617021 0.000000
      vertex 39.603175 34.893617 0.400000
      vertex 39.603175 33.617021 0.400000
    endloop
  endfacet
  facet normal 0.000000 0.000000 -1.000000
    outer loop
      vertex 23.730159 32.978723 0.000000
      vertex 24.047619 34.574468 0.000000
      vertex 24.047619 32.978723 0.000000
    endloop
  endfacet
  facet normal 0.000000 0.000000 -1.000000
    outer loop
      vertex 23.730159 32.978723 0.000000
      vertex 23.730159 34.574468 0.000000
      vertex 24.047619 34.574468 0.000000
    endloop
  endfacet
  facet normal 0.000000 0.000000 1.000000
    outer loop
      vertex 23.730159 32.978723 0.400000
      vertex 24.047619 32.978723 0.400000
      vertex 24.047619 34.574468 0.400000
    endloop
  endfacet
  facet normal 0.000000 0.000000 1.000000
    outer loop
      vertex 23.730159 32.978723 0.400000
      vertex 24.047619 34.574468 0.400000
      vertex 23.730159 34.574468 0.400000
    endloop
  endfacet
  facet normal 0.000000 -1.000000 0.000000
    outer loop
      vertex 23.730159 32.978723 0.000000
      vertex 24.047619 32.978723 0.000000
      vertex 24.047619 32.978723 0.400000
    endloop
  endfacet
  facet normal 0.000000 -1.000000 0.000000
    outer loop
      vertex 23.730159 32.978723 0.000000
      vertex 24.047619 32.978723 0.400000
      vertex 23.730159 32.978723 0.400000
    endloop
  endfacet
  facet normal 0.000000 1.000000 0.000000
    outer loop
      vertex 23.730159 34.574468 0.000000
      vertex 24.047619 34.574468 0.400000
      vertex 24.047619 34.574468 0.000000
    endloop
  endfacet
  facet normal 0.000000 1.000000 0.000000
    outer loop
      vertex 23.730159 34.574468 0.000000
      vertex 23.730159 34.574468 0.400000
      vertex 24.047619 34.574468 0.400000
    endloop
  endfacet
  facet normal -1.000000 0.000000 0.000000
    outer loop
      vertex 23.730159 32.978723 0.000000
      vertex 23.730159 32.978723 0.400000
      vertex 23.730159 34.574468 0.400000
    endloop
  endfacet
  facet normal -1.000000 0.000000 0.000000
    outer loop
      vertex 23.730159 32.978723 0.000000
      vertex 23.730159 34.574468 0.400000
      vertex 23.730159 34.574468 0.000000
    endloop
  endfacet
  facet normal 1.000000 0.000000 0.000000
    outer loop
      vertex 24.047619 32.978723 0.000000
      vertex 24.047619 34.574468 0.000000
      vertex 24.047619 34.574468 0.400000
    endloop
  endfacet
  facet normal 1.000000 0.000000 0.000000
    outer loop
      vertex 24.047619 32.978723 0.000000
      vertex 24.047619 34.574468 0.400000
      vertex 24.047619 32.978723 0.400000
    endloop
  endfacet
  facet normal 0.000000 0.000000 -1.000000
    outer loop
      vertex 28.174603 30.744681 0.000000
      vertex 28.492063 34.574468 0.000000
      vertex 28.492063 30.744681 0.000000
    endloop
  endfacet
  facet normal 0.000000 0.000000 -1.000000
    outer loop
      vertex 28.174603 30.744681 0.000000
      vertex 28.174603 34.574468 0.000000
      vertex 28.492063 34.574468 0.000000
    endloop
  endfacet
  facet normal 0.000000 0.000000 1.000000
    outer loop
      vertex 28.174603 30.744681 0.400000
      vertex 28.492063 30.744681 0.400000
      vertex 28.492063 34.574468 0.400000
    endloop
  endfacet
  facet normal 0.000000 0.000000 1.000000
    outer loop
      vertex 28.174603 30.744681 0.400000
      vertex 28.492063 34.574468 0.400000
      vertex 28.174603 34.574468 0.400000
    endloop
  endfacet
  facet normal 0.000000 -1.000000 0.000000
    outer loop
      vertex 28.174603 30.744681 0.000000
      vertex 28.492063 30.744681 0.000000
      vertex 28.492063 30.744681 0.400000
    endloop
  endfacet
  facet normal 0.000000 -1.000000 0.000000
    outer loop
      vertex 28.174603 30.744681 0.000000
      vertex 28.492063 30.744681 0.400000
      vertex 28.174603 30.744681 0.400000
    endloop
  endfacet
  facet normal 0.000000 1.000000 0.000000
    outer loop
      vertex 28.174603 34.574468 0.000000
      vertex 28.492063 34.574468 0.400000
      vertex 28.492063 34.574468 0.000000
    endloop
  endfacet
  facet normal 0.000000 1.000000 0.000000
    outer loop
      vertex 28.174603 34.574468 0.000000
      vertex 28.174603 34.574468 0.400000
      vertex 28.492063 34.574468 0.400000
    endloop
  endfacet
  facet normal -1.000000 0.000000 0.000000
    outer loop
      vertex 28.174603 30.744681 0.000000
      vertex 28.174603 30.744681 0.400000
      vertex 28.174603 34.574468 0.400000
    endloop
  endfacet
  facet normal -1.000000 0.000000 0.000000
    outer loop
      vertex 28.174603 30.744681 0.000000
      vertex 28.174603 34.574468 0.400000
      vertex 28.174603 34.574468 0.000000
    endloop
  endfacet
  facet normal 1.000000 0.000000 0.000000
    outer loop
      vertex 28.492063 30.744681 0.000000
      vertex 28.492063 34.574468 0.000000
      vertex 28.492063 34.574468 0.400000
    endloop
  endfacet
  facet normal 1.000000 0.000000 0.000000
    outer loop
      vertex 28.492063 30.744681 0.000000
      vertex 28.492063 34.574468 0.400000
      vertex 28.492063 30.744681 0.400000
    endloop
  endfacet
  facet normal 0.000000 0.000000 -1.000000
    outer loop
      vertex 31.031746 22.765957 0.000000
      vertex 32.619048 34.255319 0.000000
      vertex 32.619048 22.765957 0.000000
    endloop
  endfacet
  facet normal 0.000000 0.000000 -1.000000
    outer loop
      vertex 31.031746 22.765957 0.000000
      vertex 31.031746 34.255319 0.000000
      vertex 32.619048 34.255319 0.000000
    endloop
  endfacet
  facet normal 0.000000 0.000000 1.000000
    outer loop
      vertex 31.031746 22.765957 0.400000
      vertex 32.619048 22.765957 0.400000
      vertex 32.619048 34.255319 0.400000
    endloop
  endfacet
  facet normal 0.000000 0.000000 1.000000
    outer loop
      vertex 31.031746 22.765957 0.400000
      vertex 32.619048 34.255319 0.400000
      vertex 31.031746 34.255319 0.400000
    endloop
  endfacet
  facet normal 0.000000 -1.000000 0.000000
    outer loop
      vertex 31.031746 22.765957 0.000000
      vertex 32.619048 22.765957 0.000000
      vertex 32.619048 22.765957 0.400000
    endloop
  endfacet
  facet normal 0.000000 -1.000000 0.000000
    outer loop
      vertex 31.031746 22.765957 0.000000
      vertex 32.619048 22.765957 0.400000
      vertex 31.031746 22.765957 0.400000
    endloop
  endfacet
  facet normal 0.000000 1.000000 0.000000
    outer loop
      vertex 31.031746 34.255319 0.000000
      vertex 32.619048 34.255319 0.400000
      vertex 32.619048 34.255319 0.000000
    endloop
  endfacet
  facet normal 0.000000 1.000000 0.000000
    outer loop
      vertex 31.031746 34.255319 0.000000
      vertex 31.031746 34.255319 0.400000
      vertex 32.619048 34.255319 0.400000
    endloop
  endfacet
  facet normal -1.000000 0.000000 0.000000
    outer loop
      vertex 31.031746 22.765957 0.000000
      vertex 31.031746 22.765957 0.400000
      vertex 31.031746 34.255319 0.400000
    endloop
  endfacet
  facet normal -1.000000 0.000000 0.000000
    outer loop
      vertex 31.031746 22.765957 0.000000
      vertex 31.031746 34.255319 0.400000
      vertex 31.031746 34.255319 0.000000
    endloop
  endfacet
  facet normal 1.000000 0.000000 0.000000
    outer loop
      vertex 32.619048 22.765957 0.000000
      vertex 32.619048 34.255319 0.000000
      vertex 32.619048 34.255319 0.400000
    endloop
  endfacet
  facet normal 1.000000 0.000000 0.000000
    outer loop
      vertex 32.619048 22.765957 0.000000
      vertex 32.619048 34.255319 0.400000
      vertex 32.619048 22.765957 0.400000
    endloop
  endfacet
  facet normal 0.000000 0.000000 -1.000000
    outer loop
      vertex 28.492063 31.382979 0.000000
      vertex 28.809524 33.936170 0.000000
      vertex 28.809524 31.382979 0.000000
    endloop
  endfacet
  facet normal 0.000000 0.000000 -1.000000
    outer loop
      vertex 28.492063 31.382979 0.000000
      vertex 28.492063 33.936170 0.000000
      vertex 28.809524 33.936170 0.000000
    endloop
  endfacet
  facet normal 0.000000 0.000000 1.000000
    outer loop
      vertex 28.492063 31.382979 0.400000
      vertex 28.809524 31.382979 0.400000
      vertex 28.809524 33.936170 0.400000
    endloop
  endfacet
  facet normal 0.000000 0.000000 1.000000
    outer loop
      vertex 28.492063 31.382979 0.400000
      vertex 28.809524 33.936170 0.400000
      vertex 28.492063 33.936170 0.400000
    endloop
  endfacet
  facet normal 0.000000 -1.000000 0.000000
    outer loop
      vertex 28.492063 31.382979 0.000000
      vertex 28.809524 31.382979 0.000000
      vertex 28.809524 31.382979 0.400000
    endloop
  endfacet
  facet normal 0.000000 -1.000000 0.000000
    outer loop
      vertex 28.492063 31.382979 0.000000
      vertex 28.809524 31.382979 0.400000
      vertex 28.492063 31.382979 0.400000
    endloop
  endfacet
  facet normal 0.000000 1.000000 0.000000
    outer loop
      vertex 28.492063 33.936170 0.000000
      vertex 28.809524 33.936170 0.400000
      vertex 28.809524 33.936170 0.000000
    endloop
  endfacet
  facet normal 0.000000 1.000000 0.000000
    outer loop
      vertex 28.492063 33.936170 0.000000
      vertex 28.492063 33.936170 0.400000
      vertex 28.809524 33.936170 0.400000
    endloop
  endfacet
  facet normal -1.000000 0.000000 0.000000
    outer loop
      vertex 28.492063 31.382979 0.000000
      vertex 28.492063 31.382979 0.400000
      vertex 28.492063 33.936170 0.400000
    endloop
  endfacet
  facet normal -1.000000 0.000000 0.000000
    outer loop
      vertex 28.492063 31.382979 0.000000
      vertex 28.492063 33.936170 0.400000
      vertex 28.492063 33.936170 0.000000
    endloop
  endfacet
  facet normal 1.000000 0.000000 0.000000
    outer loop
      vertex 28.809524 31.382979 0.000000
      vertex 28.809524 33.936170 0.000000
      vertex 28.809524 33.936170 0.400000
    endloop
  endfacet
  facet normal 1.000000 0.000000 0.000000
    outer loop
      vertex 28.809524 31.382979 0.000000
      vertex 28.809524 33.936170 0.400000
      vertex 28.809524 31.382979 0.400000
    endloop
  endfacet
  facet normal 0.000000 0.000000 -1.000000
    outer loop
      vertex 37.063492 31.063830 0.000000
      vertex 37.380952 33.617021 0.000000
      vertex 37.380952 31.063830 0.000000
    endloop
  endfacet
  facet normal 0.000000 0.000000 -1.000000
    outer loop
      vertex 37.063492 31.063830 0.000000
      vertex 37.063492 33.617021 0.000000
      vertex 37.380952 33.617021 0.000000
    endloop
  endfacet
  facet normal 0.000000 0.000000 1.000000
    outer loop
      vertex 37.063492 31.063830 0.400000
      vertex 37.380952 31.063830 0.400000
      vertex 37.380952 33.617021 0.400000
    endloop
  endfacet
  facet normal 0.000000 0.000000 1.000000
    outer loop
      vertex 37.063492 31.063830 0.400000
      vertex 37.380952 33.617021 0.400000
      vertex 37.063492 33.617021 0.400000
    endloop
  endfacet
  facet normal 0.000000 -1.000000 0.000000
    outer loop
      vertex 37.063492 31.063830 0.000000
      vertex 37.380952 31.063830 0.000000
      vertex 37.380952 31.063830 0.400000
    endloop
  endfacet
  facet normal 0.000000 -1.000000 0.000000
    outer loop
      vertex 37.063492 31.063830 0.000000
      vertex 37.380952 31.063830 0.400000
      vertex 37.063492 31.063830 0.400000
    endloop
  endfacet
  facet normal 0.000000 1.000000 0.000000
    outer loop
      vertex 37.063492 33.617021 0.000000
      vertex 37.380952 33.617021 0.400000
      vertex 37.380952 33.617021 0.000000
    endloop
  endfacet
  facet normal 0.000000 1.000000 0.000000
    outer loop
      vertex 37.063492 33.617021 0.000000
      vertex 37.063492 33.617021 0.400000
      vertex 37.380952 33.617021 0.400000
    endloop
  endfacet
  facet normal -1.000000 0.000000 0.000000
    outer loop
      vertex 37.063492 31.063830 0.000000
      vertex 37.063492 31.063830 0.400000
      vertex 37.063492 33.617021 0.400000
    endloop
  endfacet
  facet normal -1.000000 0.000000 0.000000
    outer loop
      vertex 37.063492 31.063830 0.000000
      vertex 37.063492 33.617021 0.400000
      vertex 37.063492 33.617021 0.000000
    endloop
  endfacet
  facet normal 1.000000 0.000000 0.000000
    outer loop
      vertex 37.380952 31.063830 0.000000
      vertex 37.380952 33.617021 0.000000
      vertex 37.380952 33.617021 0.400000
    endloop
  endfacet
  facet normal 1.000000 0.000000 0.000000
    outer loop
      vertex 37.380952 31.063830 0.000000
      vertex 37.380952 33.617021 0.400000
      vertex 37.380952 31.063830 0.400000
    endloop
  endfacet
  facet normal 0.000000 0.000000 -1.000000
    outer loop
      vertex 37.380952 31.702128 0.000000
      vertex 37.698413 33.297872 0.000000
      vertex 37.698413 31.702128 0.000000
    endloop
  endfacet
  facet normal 0.000000 0.000000 -1.000000
    outer loop
      vertex 37.380952 31.702128 0.000000
      vertex 37.380952 33.297872 0.000000
      vertex 37.698413 33.297872 0.000000
    endloop
  endfacet
  facet normal 0.000000 0.000000 1.000000
    outer loop
      vertex 37.380952 31.702128 0.400000
      vertex 37.698413 31.702128 0.400000
      vertex 37.698413 33.297872 0.400000
    endloop
  endfacet
  facet normal 0.000000 0.000000 1.000000
    outer loop
      vertex 37.380952 31.702128 0.400000
      vertex 37.698413 33.297872 0.400000
      vertex 37.380952 33.297872 0.400000
    endloop
  endfacet
  facet normal 0.000000 -1.000000 0.000000
    outer loop
      vertex 37.380952 31.702128 0.000000
      vertex 37.698413 31.702128 0.000000
      vertex 37.698413 31.702128 0.400000
    endloop
  endfacet
  facet normal 0.000000 -1.000000 0.000000
    outer loop
      vertex 37.380952 31.702128 0.000000
      vertex 37.698413 31.702128 0.400000
      vertex 37.380952 31.702128 0.400000
    endloop
  endfacet
  facet normal 0.000000 1.000000 0.000000
    outer loop
      vertex 37.380952 33.297872 0.000000
      vertex 37.698413 33.297872 0.400000
      vertex 37.698413 33.297872 0.000000
    endloop
  endfacet
  facet normal 0.000000 1.000000 0.000000
    outer loop
      vertex 37.380952 33.297872 0.000000
      vertex 37.380952 33.297872 0.400000
      vertex 37.698413 33.297872 0.400000
    endloop
  endfacet
  facet normal -1.000000 0.000000 0.000000
    outer loop
      vertex 37.380952 31.702128 0.000000
      vertex 37.380952 31.702128 0.400000
      vertex 37.380952 33.297872 0.400000
    endloop
  endfacet
  facet normal -1.000000 0.000000 0.000000
    outer loop
      vertex 37.380952 31.702128 0.000000
      vertex 37.380952 33.297872 0.400000
      vertex 37.380952 33.297872 0.000000
    endloop
  endfacet
  facet normal 1.000000 0.000000 0.000000
    outer loop
      vertex 37.698413 31.702128 0.000000
      vertex 37.698413 33.297872 0.000000
      vertex 37.698413 33.297872 0.400000
    endloop
  endfacet
  facet normal 1.000000 0.000000 0.000000
    outer loop
      vertex 37.698413 31.702128 0.000000
      vertex 37.698413 33.297872 0.400000
      vertex 37.698413 31.702128 0.400000
    endloop
  endfacet
  facet normal 0.000000 0.000000 -1.000000
    outer loop
      vertex 21.507937 22.446809 0.000000
      vertex 23.412698 32.978723 0.000000
      vertex 23.412698 22.446809 0.000000
    endloop
  endfacet
  facet normal 0.000000 0.000000 -1.000000
    outer loop
      vertex 21.507937 22.446809 0.000000
      vertex 21.507937 32.978723 0.000000
      vertex 23.412698 32.978723 0.000000
    endloop
  endfacet
  facet normal 0.000000 0.000000 1.000000
    outer loop
      vertex 21.507937 22.446809 0.400000
      vertex 23.412698 22.446809 0.400000
      vertex 23.412698 32.978723 0.400000
    endloop
  endfacet
  facet normal 0.000000 0.000000 1.000000
    outer loop
      vertex 21.507937 22.446809 0.400000
      vertex 23.412698 32.978723 0.400000
      vertex 21.507937 32.978723 0.400000
    endloop
  endfacet
  facet normal 0.000000 -1.000000 0.000000
    outer loop
      vertex 21.507937 22.446809 0.000000
      vertex 23.412698 22.446809 0.000000
      vertex 23.412698 22.446809 0.400000
    endloop
  endfacet
  facet normal 0.000000 -1.000000 0.000000
    outer loop
      vertex 21.507937 22.446809 0.000000
      vertex 23.412698 22.446809 0.400000
      vertex 21.507937 22.446809 0.400000
    endloop
  endfacet
  facet normal 0.000000 1.000000 0.000000
    outer loop
      vertex 21.507937 32.978723 0.000000
      vertex 23.412698 32.978723 0.400000
      vertex 23.412698 32.978723 0.000000
    endloop
  endfacet
  facet normal 0.000000 1.000000 0.000000
    outer loop
      vertex 21.507937 32.978723 0.000000
      vertex 21.507937 32.978723 0.400000
      vertex 23.412698 32.978723 0.400000
    endloop
  endfacet
  facet normal -1.000000 0.000000 0.000000
    outer loop
      vertex 21.507937 22.446809 0.000000
      vertex 21.507937 22.446809 0.400000
      vertex 21.507937 32.978723 0.400000
    endloop
  endfacet
  facet normal -1.000000 0.000000 0.000000
    outer loop
      vertex 21.507937 22.446809 0.000000
      vertex 21.507937 32.978723 0.400000
      vertex 21.507937 32.978723 0.000000
    endloop
  endfacet
  facet normal 1.000000 0.000000 0.000000
    outer loop
      vertex 23.412698 22.446809 0.000000
      vertex 23.412698 32.978723 0.000000
      vertex 23.412698 32.978723 0.400000
    endloop
  endfacet
  facet normal 1.000000 0.000000 0.000000
    outer loop
      vertex 23.412698 22.446809 0.000000
      vertex 23.412698 32.978723 0.400000
      vertex 23.412698 22.446809 0.400000
    endloop
  endfacet
  facet normal 0.000000 0.000000 -1.000000
    outer loop
      vertex 26.587302 30.106383 0.000000
      vertex 27.539683 32.978723 0.000000
      vertex 27.539683 30.106383 0.000000
    endloop
  endfacet
  facet normal 0.000000 0.000000 -1.000000
    outer loop
      vertex 26.587302 30.106383 0.000000
      vertex 26.587302 32.978723 0.000000
      vertex 27.539683 32.978723 0.000000
    endloop
  endfacet
  facet normal 0.000000 0.000000 1.000000
    outer loop
      vertex 26.587302 30.106383 0.400000
      vertex 27.539683 30.106383 0.400000
      vertex 27.539683 32.978723 0.400000
    endloop
  endfacet
  facet normal 0.000000 0.000000 1.000000
    outer loop
      vertex 26.587302 30.106383 0.400000
      vertex 27.539683 32.978723 0.400000
      vertex 26.587302 32.978723 0.400000
    endloop
  endfacet
  facet normal 0.000000 -1.000000 0.000000
    outer loop
      vertex 26.587302 30.106383 0.000000
      vertex 27.539683 30.106383 0.000000
      vertex 27.539683 30.106383 0.400000
    endloop
  endfacet
  facet normal 0.000000 -1.000000 0.000000
    outer loop
      vertex 26.587302 30.106383 0.000000
      vertex 27.539683 30.106383 0.400000
      vertex 26.587302 30.106383 0.400000
    endloop
  endfacet
  facet normal 0.000000 1.000000 0.000000
    outer loop
      vertex 26.587302 32.978723 0.000000
      vertex 27.539683 32.978723 0.400000
      vertex 27.539683 32.978723 0.000000
    endloop
  endfacet
  facet normal 0.000000 1.000000 0.000000
    outer loop
      vertex 26.587302 32.978723 0.000000
      vertex 26.587302 32.978723 0.400000
      vertex 27.539683 32.978723 0.400000
    endloop
  endfacet
  facet normal -1.000000 0.000000 0.000000
    outer loop
      vertex 26.587302 30.106383 0.000000
      vertex 26.587302 30.106383 0.400000
      vertex 26.587302 32.978723 0.400000
    endloop
  endfacet
  facet normal -1.000000 0.000000 0.000000
    outer loop
      vertex 26.587302 30.106383 0.000000
      vertex 26.587302 32.978723 0.400000
      vertex 26.587302 32.978723 0.000000
    endloop
  endfacet
  facet normal 1.000000 0.000000 0.000000
    outer loop
      vertex 27.539683 30.106383 0.000000
      vertex 27.539683 32.978723 0.000000
      vertex 27.539683 32.978723 0.400000
    endloop
  endfacet
  facet normal 1.000000 0.000000 0.000000
    outer loop
      vertex 27.539683 30.106383 0.000000
      vertex 27.539683 32.978723 0.400000
      vertex 27.539683 30.106383 0.400000
    endloop
  endfacet
  facet normal 0.000000 0.000000 -1.000000
    outer loop
      vertex 37.698413 32.021277 0.000000
      vertex 38.015873 32.978723 0.000000
      vertex 38.015873 32.021277 0.000000
    endloop
  endfacet
  facet normal 0.000000 0.000000 -1.000000
    outer loop
      vertex 37.698413 32.021277 0.000000
      vertex 37.698413 32.978723 0.000000
      vertex 38.015873 32.978723 0.000000
    endloop
  endfacet
  facet normal 0.000000 0.000000 1.000000
    outer loop
      vertex 37.698413 32.021277 0.400000
      vertex 38.015873 32.021277 0.400000
      vertex 38.015873 32.978723 0.400000
    endloop
  endfacet
  facet normal 0.000000 0.000000 1.000000
    outer loop
      vertex 37.698413 32.021277 0.400000
      vertex 38.015873 32.978723 0.400000
      vertex 37.698413 32.978723 0.400000
    endloop
  endfacet
  facet normal 0.000000 -1.000000 0.000000
    outer loop
      vertex 37.698413 32.021277 0.000000
      vertex 38.015873 32.021277 0.000000
      vertex 38.015873 32.021277 0.400000
    endloop
  endfacet
  facet normal 0.000000 -1.000000 0.000000
    outer loop
      vertex 37.698413 32.021277 0.000000
      vertex 38.015873 32.021277 0.400000
      vertex 37.698413 32.021277 0.400000
    endloop
  endfacet
  facet normal 0.000000 1.000000 0.000000
    outer loop
      vertex 37.698413 32.978723 0.000000
      vertex 38.015873 32.978723 0.400000
      vertex 38.015873 32.978723 0.000000
    endloop
  endfacet
  facet normal 0.000000 1.000000 0.000000
    outer loop
      vertex 37.698413 32.978723 0.000000
      vertex 37.698413 32.978723 0.400000
      vertex 38.015873 32.978723 0.400000
    endloop
  endfacet
  facet normal -1.000000 0.000000 0.000000
    outer loop
      vertex 37.698413 32.021277 0.000000
      vertex 37.698413 32.021277 0.400000
      vertex 37.698413 32.978723 0.400000
    endloop
  endfacet
  facet normal -1.000000 0.000000 0.000000
    outer loop
      vertex 37.698413 32.021277 0.000000
      vertex 37.698413 32.978723 0.400000
      vertex 37.698413 32.978723 0.000000
    endloop
  endfacet
  facet normal 1.000000 0.000000 0.000000
    outer loop
      vertex 38.015873 32.021277 0.000000
      vertex 38.015873 32.978723 0.000000
      vertex 38.015873 32.978723 0.400000
    endloop
  endfacet
  facet normal 1.000000 0.000000 0.000000
    outer loop
      vertex 38.015873 32.021277 0.000000
      vertex 38.015873 32.978723 0.400000
      vertex 38.015873 32.021277 0.400000
    endloop
  endfacet
  facet normal 0.000000 0.000000 -1.000000
    outer loop
      vertex 38.015873 32.340426 0.000000
      vertex 38.333333 32.659574 0.000000
      vertex 38.333333 32.340426 0.000000
    endloop
  endfacet
  facet normal 0.000000 0.000000 -1.000000
    outer loop
      vertex 38.015873 32.340426 0.000000
      vertex 38.015873 32.659574 0.000000
      vertex 38.333333 32.659574 0.000000
    endloop
  endfacet
  facet normal 0.000000 0.000000 1.000000
    outer loop
      vertex 38.015873 32.340426 0.400000
      vertex 38.333333 32.340426 0.400000
      vertex 38.333333 32.659574 0.400000
    endloop
  endfacet
  facet normal 0.000000 0.000000 1.000000
    outer loop
      vertex 38.015873 32.340426 0.400000
      vertex 38.333333 32.659574 0.400000
      vertex 38.015873 32.659574 0.400000
    endloop
  endfacet
  facet normal 0.000000 -1.000000 0.000000
    outer loop
      vertex 38.015873 32.340426 0.000000
      vertex 38.333333 32.340426 0.000000
      vertex 38.333333 32.340426 0.400000
    endloop
  endfacet
  facet normal 0.000000 -1.000000 0.000000
    outer loop
      vertex 38.015873 32.340426 0.000000
      vertex 38.333333 32.340426 0.400000
      vertex 38.015873 32.340426 0.400000
    endloop
  endfacet
  facet normal 0.000000 1.000000 0.000000
    outer loop
      vertex 38.015873 32.659574 0.000000
      vertex 38.333333 32.659574 0.400000
      vertex 38.333333 32.659574 0.000000
    endloop
  endfacet
  facet normal 0.000000 1.000000 0.000000
    outer loop
      vertex 38.015873 32.659574 0.000000
      vertex 38.015873 32.659574 0.400000
      vertex 38.333333 32.659574 0.400000
    endloop
  endfacet
  facet normal -1.000000 0.000000 0.000000
    outer loop
      vertex 38.015873 32.340426 0.000000
      vertex 38.015873 32.340426 0.400000
      vertex 38.015873 32.659574 0.400000
    endloop
  endfacet
  facet normal -1.000000 0.000000 0.000000
    outer loop
      vertex 38.015873 32.340426 0.000000
      vertex 38.015873 32.659574 0.400000
      vertex 38.015873 32.659574 0.000000
    endloop
  endfacet
  facet normal 1.000000 0.000000 0.000000
    outer loop
      vertex 38.333333 32.340426 0.000000
      vertex 38.333333 32.659574 0.000000
      vertex 38.333333 32.659574 0.400000
    endloop
  endfacet
  facet normal 1.000000 0.000000 0.000000
    outer loop
      vertex 38.333333 32.340426 0.000000
      vertex 38.333333 32.659574 0.400000
      vertex 38.333333 32.340426 0.400000
    endloop
  endfacet
  facet normal 0.000000 0.000000 -1.000000
    outer loop
      vertex 16.428571 23.085106 0.000000
      vertex 19.285714 32.021277 0.000000
      vertex 19.285714 23.085106 0.000000
    endloop
  endfacet
  facet normal 0.000000 0.000000 -1.000000
    outer loop
      vertex 16.428571 23.085106 0.000000
      vertex 16.428571 32.021277 0.000000
      vertex 19.285714 32.021277 0.000000
    endloop
  endfacet
  facet normal 0.000000 0.000000 1.000000
    outer loop
      vertex 16.428571 23.085106 0.400000
      vertex 19.285714 23.085106 0.400000
      vertex 19.285714 32.021277 0.400000
    endloop
  endfacet
  facet normal 0.000000 0.000000 1.000000
    outer loop
      vertex 16.428571 23.085106 0.400000
      vertex 19.285714 32.021277 0.400000
      vertex 16.428571 32.021277 0.400000
    endloop
  endfacet
  facet normal 0.000000 -1.000000 0.000000
    outer loop
      vertex 16.428571 23.085106 0.000000
      vertex 19.285714 23.085106 0.000000
      vertex 19.285714 23.085106 0.400000
    endloop
  endfacet
  facet normal 0.000000 -1.000000 0.000000
    outer loop
      vertex 16.428571 23.085106 0.000000
      vertex 19.285714 23.085106 0.400000
      vertex 16.428571 23.085106 0.400000
    endloop
  endfacet
  facet normal 0.000000 1.000000 0.000000
    outer loop
      vertex 16.428571 32.021277 0.000000
      vertex 19.285714 32.021277 0.400000
      vertex 19.285714 32.021277 0.000000
    endloop
  endfacet
  facet normal 0.000000 1.000000 0.000000
    outer loop
      vertex 16.428571 32.021277 0.000000
      vertex 16.428571 32.021277 0.400000
      vertex 19.285714 32.021277 0.400000
    endloop
  endfacet
  facet normal -1.000000 0.000000 0.000000
    outer loop
      vertex 16.428571 23.085106 0.000000
      vertex 16.428571 23.085106 0.400000
      vertex 16.428571 32.021277 0.400000
    endloop
  endfacet
  facet normal -1.000000 0.000000 0.000000
    outer loop
      vertex 16.428571 23.085106 0.000000
      vertex 16.428571 32.021277 0.400000
      vertex 16.428571 32.021277 0.000000
    endloop
  endfacet
  facet normal 1.000000 0.000000 0.000000
    outer loop
      vertex 19.285714 23.085106 0.000000
      vertex 19.285714 32.021277 0.000000
      vertex 19.285714 32.021277 0.400000
    endloop
  endfacet
  facet normal 1.000000 0.000000 0.000000
    outer loop
      vertex 19.285714 23.085106 0.000000
      vertex 19.285714 32.021277 0.400000
      vertex 19.285714 23.085106 0.400000
    endloop
  endfacet
  facet normal 0.000000 0.000000 -1.000000
    outer loop
      vertex 25.317460 30.106383 0.000000
      vertex 26.587302 31.702128 0.000000
      vertex 26.587302 30.106383 0.000000
    endloop
  endfacet
  facet normal 0.000000 0.000000 -1.000000
    outer loop
      vertex 25.317460 30.106383 0.000000
      vertex 25.317460 31.702128 0.000000
      vertex 26.587302 31.702128 0.000000
    endloop
  endfacet
  facet normal 0.000000 0.000000 1.000000
    outer loop
      vertex 25.317460 30.106383 0.400000
      vertex 26.587302 30.106383 0.400000
      vertex 26.587302 31.702128 0.400000
    endloop
  endfacet
  facet normal 0.000000 0.000000 1.000000
    outer loop
      vertex 25.317460 30.106383 0.400000
      vertex 26.587302 31.702128 0.400000
      vertex 25.317460 31.702128 0.400000
    endloop
  endfacet
  facet normal 0.000000 -1.000000 0.000000
    outer loop
      vertex 25.317460 30.106383 0.000000
      vertex 26.587302 30.106383 0.000000
      vertex 26.587302 30.106383 0.400000
    endloop
  endfacet
  facet normal 0.000000 -1.000000 0.000000
    outer loop
      vertex 25.317460 30.106383 0.000000
      vertex 26.587302 30.106383 0.400000
      vertex 25.317460 30.106383 0.400000
    endloop
  endfacet
  facet normal 0.000000 1.000000 0.000000
    outer loop
      vertex 25.317460 31.702128 0.000000
      vertex 26.587302 31.702128 0.400000
      vertex 26.587302 31.702128 0.000000
    endloop
  endfacet
  facet normal 0.000000 1.000000 0.000000
    outer loop
      vertex 25.317460 31.702128 0.000000
      vertex 25.317460 31.702128 0.400000
      vertex 26.587302 31.702128 0.400000
    endloop
  endfacet
  facet normal -1.000000 0.000000 0.000000
    outer loop
      vertex 25.317460 30.106383 0.000000
      vertex 25.317460 30.106383 0.400000
      vertex 25.317460 31.702128 0.400000
    endloop
  endfacet
  facet normal -1.000000 0.000000 0.000000
    outer loop
      vertex 25.317460 30.106383 0.000000
      vertex 25.317460 31.702128 0.400000
      vertex 25.317460 31.702128 0.000000
    endloop
  endfacet
  facet normal 1.000000 0.000000 0.000000
    outer loop
      vertex 26.587302 30.106383 0.000000
      vertex 26.587302 31.702128 0.000000
      vertex 26.587302 31.702128 0.400000
    endloop
  endfacet
  facet normal 1.000000 0.000000 0.000000
    outer loop
      vertex 26.587302 30.106383 0.000000
      vertex 26.587302 31.702128 0.400000
      vertex 26.587302 30.106383 0.400000
    endloop
  endfacet
  facet normal 0.000000 0.000000 -1.000000
    outer loop
      vertex 39.920635 10.000000 0.000000
      vertex 41.190476 31.702128 0.000000
      vertex 41.190476 10.000000 0.000000
    endloop
  endfacet
  facet normal 0.000000 0.000000 -1.000000
    outer loop
      vertex 39.920635 10.000000 0.000000
      vertex 39.920635 31.702128 0.000000
      vertex 41.190476 31.702128 0.000000
    endloop
  endfacet
  facet normal 0.000000 0.000000 1.000000
    outer loop
      vertex 39.920635 10.000000 0.400000
      vertex 41.190476 10.000000 0.400000
      vertex 41.190476 31.702128 0.400000
    endloop
  endfacet
  facet normal 0.000000 0.000000 1.000000
    outer loop
      vertex 39.920635 10.000000 0.400000
      vertex 41.190476 31.702128 0.400000
      vertex 39.920635 31.702128 0.400000
    endloop
  endfacet
  facet normal 0.000000 -1.000000 0.000000
    outer loop
      vertex 39.920635 10.000000 0.000000
      vertex 41.190476 10.000000 0.000000
      vertex 41.190476 10.000000 0.400000
    endloop
  endfacet
  facet normal 0.000000 -1.000000 0.000000
    outer loop
      vertex 39.920635 10.000000 0.000000
      vertex 41.190476 10.000000 0.400000
      vertex 39.920635 10.000000 0.400000
    endloop
  endfacet
  facet normal 0.000000 1.000000 0.000000
    outer loop
      vertex 39.920635 31.702128 0.000000
      vertex 41.190476 31.702128 0.400000
      vertex 41.190476 31.702128 0.000000
    endloop
  endfacet
  facet normal 0.000000 1.000000 0.000000
    outer loop
      vertex 39.920635 31.702128 0.000000
      vertex 39.920635 31.702128 0.400000
      vertex 41.190476 31.702128 0.400000
    endloop
  endfacet
  facet normal -1.000000 0.000000 0.000000
    outer loop
      vertex 39.920635 10.000000 0.000000
      vertex 39.920635 10.000000 0.400000
      vertex 39.920635 31.702128 0.400000
    endloop
  endfacet
  facet normal -1.000000 0.000000 0.000000
    outer loop
      vertex 39.920635 10.000000 0.000000
      vertex 39.920635 31.702128 0.400000
      vertex 39.920635 31.702128 0.000000
    endloop
  endfacet
  facet normal 1.000000 0.000000 0.000000
    outer loop
      vertex 41.190476 10.000000 0.000000
      vertex 41.190476 31.702128 0.000000
      vertex 41.190476 31.702128 0.400000
    endloop
  endfacet
  facet normal 1.000000 0.000000 0.000000
    outer loop
      vertex 41.190476 10.000000 0.000000
      vertex 41.190476 31.702128 0.400000
      vertex 41.190476 10.000000 0.400000
    endloop
  endfacet
  facet normal 0.000000 0.000000 -1.000000
    outer loop
      vertex 39.603175 10.000000 0.000000
      vertex 39.920635 31.382979 0.000000
      vertex 39.920635 10.000000 0.000000
    endloop
  endfacet
  facet normal 0.000000 0.000000 -1.000000
    outer loop
      vertex 39.603175 10.000000 0.000000
      vertex 39.603175 31.382979 0.000000
      vertex 39.920635 31.382979 0.000000
    endloop
  endfacet
  facet normal 0.000000 0.000000 1.000000
    outer loop
      vertex 39.603175 10.000000 0.400000
      vertex 39.920635 10.000000 0.400000
      vertex 39.920635 31.382979 0.400000
    endloop
  endfacet
  facet normal 0.000000 0.000000 1.000000
    outer loop
      vertex 39.603175 10.000000 0.400000
      vertex 39.920635 31.382979 0.400000
      vertex 39.603175 31.382979 0.400000
    endloop
  endfacet
  facet normal 0.000000 -1.000000 0.000000
    outer loop
      vertex 39.603175 10.000000 0.000000
      vertex 39.920635 10.000000 0.000000
      vertex 39.920635 10.000000 0.400000
    endloop
  endfacet
  facet normal 0.000000 -1.000000 0.000000
    outer loop
      vertex 39.603175 10.000000 0.000000
      vertex 39.920635 10.000000 0.400000
      vertex 39.603175 10.000000 0.400000
    endloop
  endfacet
  facet normal 0.000000 1.000000 0.000000
    outer loop
      vertex 39.603175 31.382979 0.000000
      vertex 39.920635 31.382979 0.400000
      vertex 39.920635 31.382979 0.000000
    endloop
  endfacet
  facet normal 0.000000 1.000000 0.000000
    outer loop
      vertex 39.603175 31.382979 0.000000
      vertex 39.603175 31.382979 0.400000
      vertex 39.920635 31.382979 0.400000
    endloop
  endfacet
  facet normal -1.000000 0.000000 0.000000
    outer loop
      vertex 39.603175 10.000000 0.000000
      vertex 39.603175 10.000000 0.400000
      vertex 39.603175 31.382979 0.400000
    endloop
  endfacet
  facet normal -1.000000 0.000000 0.000000
    outer loop
      vertex 39.603175 10.000000 0.000000
      vertex 39.603175 31.382979 0.400000
      vertex 39.603175 31.382979 0.000000
    endloop
  endfacet
  facet normal 1.000000 0.000000 0.000000
    outer loop
      vertex 39.920635 10.000000 0.000000
      vertex 39.920635 31.382979 0.000000
      vertex 39.920635 31.382979 0.400000
    endloop
  endfacet
  facet normal 1.000000 0.000000 0.000000
    outer loop
      vertex 39.920635 10.000000 0.000000
      vertex 39.920635 31.382979 0.400000
      vertex 39.920635 10.000000 0.400000
    endloop
  endfacet
  facet normal 0.000000 0.000000 -1.000000
    outer loop
      vertex 30.714286 10.000000 0.000000
      vertex 31.031746 31.063830 0.000000
      vertex 31.031746 10.000000 0.000000
    endloop
  endfacet
  facet normal 0.000000 0.000000 -1.000000
    outer loop
      vertex 30.714286 10.000000 0.000000
      vertex 30.714286 31.063830 0.000000
      vertex 31.031746 31.063830 0.000000
    endloop
  endfacet
  facet normal 0.000000 0.000000 1.000000
    outer loop
      vertex 30.714286 10.000000 0.400000
      vertex 31.031746 10.000000 0.400000
      vertex 31.031746 31.063830 0.400000
    endloop
  endfacet
  facet normal 0.000000 0.000000 1.000000
    outer loop
      vertex 30.714286 10.000000 0.400000
      vertex 31.031746 31.063830 0.400000
      vertex 30.714286 31.063830 0.400000
    endloop
  endfacet
  facet normal 0.000000 -1.000000 0.000000
    outer loop
      vertex 30.714286 10.000000 0.000000
      vertex 31.031746 10.000000 0.000000
      vertex 31.031746 10.000000 0.400000
    endloop
  endfacet
  facet normal 0.000000 -1.000000 0.000000
    outer loop
      vertex 30.714286 10.000000 0.000000
      vertex 31.031746 10.000000 0.400000
      vertex 30.714286 10.000000 0.400000
    endloop
  endfacet
  facet normal 0.000000 1.000000 0.000000
    outer loop
      vertex 30.714286 31.063830 0.000000
      vertex 31.031746 31.063830 0.400000
      vertex 31.031746 31.063830 0.000000
    endloop
  endfacet
  facet normal 0.000000 1.000000 0.000000
    outer loop
      vertex 30.714286 31.063830 0.000000
      vertex 30.714286 31.063830 0.400000
      vertex 31.031746 31.063830 0.400000
    endloop
  endfacet
  facet normal -1.000000 0.000000 0.000000
    outer loop
      vertex 30.714286 10.000000 0.000000
      vertex 30.714286 10.000000 0.400000
      vertex 30.714286 31.063830 0.400000
    endloop
  endfacet
  facet normal -1.000000 0.000000 0.000000
    outer loop
      vertex 30.714286 10.000000 0.000000
      vertex 30.714286 31.063830 0.400000
      vertex 30.714286 31.063830 0.000000
    endloop
  endfacet
  facet normal 1.000000 0.000000 0.000000
    outer loop
      vertex 31.031746 10.000000 0.000000
      vertex 31.031746 31.063830 0.000000
      vertex 31.031746 31.063830 0.400000
    endloop
  endfacet
  facet normal 1.000000 0.000000 0.000000
    outer loop
      vertex 31.031746 10.000000 0.000000
      vertex 31.031746 31.063830 0.400000
      vertex 31.031746 10.000000 0.400000
    endloop
  endfacet
  facet normal 0.000000 0.000000 -1.000000
    outer loop
      vertex 39.285714 10.000000 0.000000
      vertex 39.603175 31.063830 0.000000
      vertex 39.603175 10.000000 0.000000
    endloop
  endfacet
  facet normal 0.000000 0.000000 -1.000000
    outer loop
      vertex 39.285714 10.000000 0.000000
      vertex 39.285714 31.063830 0.000000
      vertex 39.603175 31.063830 0.000000
    endloop
  endfacet
  facet normal 0.000000 0.000000 1.000000
    outer loop
      vertex 39.285714 10.000000 0.400000
      vertex 39.603175 10.000000 0.400000
      vertex 39.603175 31.063830 0.400000
    endloop
  endfacet
  facet normal 0.000000 0.000000 1.000000
    outer loop
      vertex 39.285714 10.000000 0.400000
      vertex 39.603175 31.063830 0.400000
      vertex 39.285714 31.063830 0.400000
    endloop
  endfacet
  facet normal 0.000000 -1.000000 0.000000
    outer loop
      vertex 39.285714 10.000000 0.000000
      vertex 39.603175 10.000000 0.000000
      vertex 39.603175 10.000000 0.400000
    endloop
  endfacet
  facet normal 0.000000 -1.000000 0.000000
    outer loop
      vertex 39.285714 10.000000 0.000000
      vertex 39.603175 10.000000 0.400000
      vertex 39.285714 10.000000 0.400000
    endloop
  endfacet
  facet normal 0.000000 1.000000 0.000000
    outer loop
      vertex 39.285714 31.063830 0.000000
      vertex 39.603175 31.063830 0.400000
      vertex 39.603175 31.063830 0.000000
    endloop
  endfacet
  facet normal 0.000000 1.000000 0.000000
    outer loop
      vertex 39.285714 31.063830 0.000000
      vertex 39.285714 31.063830 0.400000
      vertex 39.603175 31.063830 0.400000
    endloop
  endfacet
  facet normal -1.000000 0.000000 0.000000
    outer loop
      vertex 39.285714 10.000000 0.000000
      vertex 39.285714 10.000000 0.400000
      vertex 39.285714 31.063830 0.400000
    endloop
  endfacet
  facet normal -1.000000 0.000000 0.000000
    outer loop
      vertex 39.285714 10.000000 0.000000
      vertex 39.285714 31.063830 0.400000
      vertex 39.285714 31.063830 0.000000
    endloop
  endfacet
  facet normal 1.000000 0.000000 0.000000
    outer loop
      vertex 39.603175 10.000000 0.000000
      vertex 39.603175 31.063830 0.000000
      vertex 39.603175 31.063830 0.400000
    endloop
  endfacet
  facet normal 1.000000 0.000000 0.000000
    outer loop
      vertex 39.603175 10.000000 0.000000
      vertex 39.603175 31.063830 0.400000
      vertex 39.603175 10.000000 0.400000
    endloop
  endfacet
  facet normal 0.000000 0.000000 -1.000000
    outer loop
      vertex 30.396825 10.000000 0.000000
      vertex 30.714286 30.425532 0.000000
      vertex 30.714286 10.000000 0.000000
    endloop
  endfacet
  facet normal 0.000000 0.000000 -1.000000
    outer loop
      vertex 30.396825 10.000000 0.000000
      vertex 30.396825 30.425532 0.000000
      vertex 30.714286 30.425532 0.000000
    endloop
  endfacet
  facet normal 0.000000 0.000000 1.000000
    outer loop
      vertex 30.396825 10.000000 0.400000
      vertex 30.714286 10.000000 0.400000
      vertex 30.714286 30.425532 0.400000
    endloop
  endfacet
  facet normal 0.000000 0.000000 1.000000
    outer loop
      vertex 30.396825 10.000000 0.400000
      vertex 30.714286 30.425532 0.400000
      vertex 30.396825 30.425532 0.400000
    endloop
  endfacet
  facet normal 0.000000 -1.000000 0.000000
    outer loop
      vertex 30.396825 10.000000 0.000000
      vertex 30.714286 10.000000 0.000000
      vertex 30.714286 10.000000 0.400000
    endloop
  endfacet
  facet normal 0.000000 -1.000000 0.000000
    outer loop
      vertex 30.396825 10.000000 0.000000
      vertex 30.714286 10.000000 0.400000
      vertex 30.396825 10.000000 0.400000
    endloop
  endfacet
  facet normal 0.000000 1.000000 0.000000
    outer loop
      vertex 30.396825 30.425532 0.000000
      vertex 30.714286 30.425532 0.400000
      vertex 30.714286 30.425532 0.000000
    endloop
  endfacet
  facet normal 0.000000 1.000000 0.000000
    outer loop
      vertex 30.396825 30.425532 0.000000
      vertex 30.396825 30.425532 0.400000
      vertex 30.714286 30.425532 0.400000
    endloop
  endfacet
  facet normal -1.000000 0.000000 0.000000
    outer loop
      vertex 30.396825 10.000000 0.000000
      vertex 30.396825 10.000000 0.400000
      vertex 30.396825 30.425532 0.400000
    endloop
  endfacet
  facet normal -1.000000 0.000000 0.000000
    outer loop
      vertex 30.396825 10.000000 0.000000
      vertex 30.396825 30.425532 0.400000
      vertex 30.396825 30.425532 0.000000
    endloop
  endfacet
  facet normal 1.000000 0.000000 0.000000
    outer loop
      vertex 30.714286 10.000000 0.000000
      vertex 30.714286 30.425532 0.000000
      vertex 30.714286 30.425532 0.400000
    endloop
  endfacet
  facet normal 1.000000 0.000000 0.000000
    outer loop
      vertex 30.714286 10.000000 0.000000
      vertex 30.714286 30.425532 0.400000
      vertex 30.714286 10.000000 0.400000
    endloop
  endfacet
  facet normal 0.000000 0.000000 -1.000000
    outer loop
      vertex 34.841270 29.787234 0.000000
      vertex 36.746032 30.425532 0.000000
      vertex 36.746032 29.787234 0.000000
    endloop
  endfacet
  facet normal 0.000000 0.000000 -1.000000
    outer loop
      vertex 34.841270 29.787234 0.000000
      vertex 34.841270 30.425532 0.000000
      vertex 36.746032 30.425532 0.000000
    endloop
  endfacet
  facet normal 0.000000 0.000000 1.000000
    outer loop
      vertex 34.841270 29.787234 0.400000
      vertex 36.746032 29.787234 0.400000
      vertex 36.746032 30.425532 0.400000
    endloop
  endfacet
  facet normal 0.000000 0.000000 1.000000
    outer loop
      vertex 34.841270 29.787234 0.400000
      vertex 36.746032 30.425532 0.400000
      vertex 34.841270 30.425532 0.400000
    endloop
  endfacet
  facet normal 0.000000 -1.000000 0.000000
    outer loop
      vertex 34.841270 29.787234 0.000000
      vertex 36.746032 29.787234 0.000000
      vertex 36.746032 29.787234 0.400000
    endloop
  endfacet
  facet normal 0.000000 -1.000000 0.000000
    outer loop
      vertex 34.841270 29.787234 0.000000
      vertex 36.746032 29.787234 0.400000
      vertex 34.841270 29.787234 0.400000
    endloop
  endfacet
  facet normal 0.000000 1.000000 0.000000
    outer loop
      vertex 34.841270 30.425532 0.000000
      vertex 36.746032 30.425532 0.400000
      vertex 36.746032 30.425532 0.000000
    endloop
  endfacet
  facet normal 0.000000 1.000000 0.000000
    outer loop
      vertex 34.841270 30.425532 0.000000
      vertex 34.841270 30.425532 0.400000
      vertex 36.746032 30.425532 0.400000
    endloop
  endfacet
  facet normal -1.000000 0.000000 0.000000
    outer loop
      vertex 34.841270 29.787234 0.000000
      vertex 34.841270 29.787234 0.400000
      vertex 34.841270 30.425532 0.400000
    endloop
  endfacet
  facet normal -1.000000 0.000000 0.000000
    outer loop
      vertex 34.841270 29.787234 0.000000
      vertex 34.841270 30.425532 0.400000
      vertex 34.841270 30.425532 0.000000
    endloop
  endfacet
  facet normal 1.000000 0.000000 0.000000
    outer loop
      vertex 36.746032 29.787234 0.000000
      vertex 36.746032 30.425532 0.000000
      vertex 36.746032 30.425532 0.400000
    endloop
  endfacet
  facet normal 1.000000 0.000000 0.000000
    outer loop
      vertex 36.746032 29.787234 0.000000
      vertex 36.746032 30.425532 0.400000
      vertex 36.746032 29.787234 0.400000
    endloop
  endfacet
  facet normal 0.000000 0.000000 -1.000000
    outer loop
      vertex 38.968254 19.574468 0.000000
      vertex 39.285714 30.425532 0.000000
      vertex 39.285714 19.574468 0.000000
    endloop
  endfacet
  facet normal 0.000000 0.000000 -1.000000
    outer loop
      vertex 38.968254 19.574468 0.000000
      vertex 38.968254 30.425532 0.000000
      vertex 39.285714 30.425532 0.000000
    endloop
  endfacet
  facet normal 0.000000 0.000000 1.000000
    outer loop
      vertex 38.968254 19.574468 0.400000
      vertex 39.285714 19.574468 0.400000
      vertex 39.285714 30.425532 0.400000
    endloop
  endfacet
  facet normal 0.000000 0.000000 1.000000
    outer loop
      vertex 38.968254 19.574468 0.400000
      vertex 39.285714 30.425532 0.400000
      vertex 38.968254 30.425532 0.400000
    endloop
  endfacet
  facet normal 0.000000 -1.000000 0.000000
    outer loop
      vertex 38.968254 19.574468 0.000000
      vertex 39.285714 19.574468 0.000000
      vertex 39.285714 19.574468 0.400000
    endloop
  endfacet
  facet normal 0.000000 -1.000000 0.000000
    outer loop
      vertex 38.968254 19.574468 0.000000
      vertex 39.285714 19.574468 0.400000
      vertex 38.968254 19.574468 0.400000
    endloop
  endfacet
  facet normal 0.000000 1.000000 0.000000
    outer loop
      vertex 38.968254 30.425532 0.000000
      vertex 39.285714 30.425532 0.400000
      vertex 39.285714 30.425532 0.000000
    endloop
  endfacet
  facet normal 0.000000 1.000000 0.000000
    outer loop
      vertex 38.968254 30.425532 0.000000
      vertex 38.968254 30.425532 0.400000
      vertex 39.285714 30.425532 0.400000
    endloop
  endfacet
  facet normal -1.000000 0.000000 0.000000
    outer loop
      vertex 38.968254 19.574468 0.000000
      vertex 38.968254 19.574468 0.400000
      vertex 38.968254 30.425532 0.400000
    endloop
  endfacet
  facet normal -1.000000 0.000000 0.000000
    outer loop
      vertex 38.968254 19.574468 0.000000
      vertex 38.968254 30.425532 0.400000
      vertex 38.968254 30.425532 0.000000
    endloop
  endfacet
  facet normal 1.000000 0.000000 0.000000
    outer loop
      vertex 39.285714 19.574468 0.000000
      vertex 39.285714 30.425532 0.000000
      vertex 39.285714 30.425532 0.400000
    endloop
  endfacet
  facet normal 1.000000 0.000000 0.000000
    outer loop
      vertex 39.285714 19.574468 0.000000
      vertex 39.285714 30.425532 0.400000
      vertex 39.285714 19.574468 0.400000
    endloop
  endfacet
  facet normal 0.000000 0.000000 -1.000000
    outer loop
      vertex 30.079365 10.000000 0.000000
      vertex 30.396825 30.106383 0.000000
      vertex 30.396825 10.000000 0.000000
    endloop
  endfacet
  facet normal 0.000000 0.000000 -1.000000
    outer loop
      vertex 30.079365 10.000000 0.000000
      vertex 30.079365 30.106383 0.000000
      vertex 30.396825 30.106383 0.000000
    endloop
  endfacet
  facet normal 0.000000 0.000000 1.000000
    outer loop
      vertex 30.079365 10.000000 0.400000
      vertex 30.396825 10.000000 0.400000
      vertex 30.396825 30.106383 0.400000
    endloop
  endfacet
  facet normal 0.000000 0.000000 1.000000
    outer loop
      vertex 30.079365 10.000000 0.400000
      vertex 30.396825 30.106383 0.400000
      vertex 30.079365 30.106383 0.400000
    endloop
  endfacet
  facet normal 0.000000 -1.000000 0.000000
    outer loop
      vertex 30.079365 10.000000 0.000000
      vertex 30.396825 10.000000 0.000000
      vertex 30.396825 10.000000 0.400000
    endloop
  endfacet
  facet normal 0.000000 -1.000000 0.000000
    outer loop
      vertex 30.079365 10.000000 0.000000
      vertex 30.396825 10.000000 0.400000
      vertex 30.079365 10.000000 0.400000
    endloop
  endfacet
  facet normal 0.000000 1.000000 0.000000
    outer loop
      vertex 30.079365 30.106383 0.000000
      vertex 30.396825 30.106383 0.400000
      vertex 30.396825 30.106383 0.000000
    endloop
  endfacet
  facet normal 0.000000 1.000000 0.000000
    outer loop
      vertex 30.079365 30.106383 0.000000
      vertex 30.079365 30.106383 0.400000
      vertex 30.396825 30.106383 0.400000
    endloop
  endfacet
  facet normal -1.000000 0.000000 0.000000
    outer loop
      vertex 30.079365 10.000000 0.000000
      vertex 30.079365 10.000000 0.400000
      vertex 30.079365 30.106383 0.400000
    endloop
  endfacet
  facet normal -1.000000 0.000000 0.000000
    outer loop
      vertex 30.079365 10.000000 0.000000
      vertex 30.079365 30.106383 0.400000
      vertex 30.079365 30.106383 0.000000
    endloop
  endfacet
  facet normal 1.000000 0.000000 0.000000
    outer loop
      vertex 30.396825 10.000000 0.000000
      vertex 30.396825 30.106383 0.000000
      vertex 30.396825 30.106383 0.400000
    endloop
  endfacet
  facet normal 1.000000 0.000000 0.000000
    outer loop
      vertex 30.396825 10.000000 0.000000
      vertex 30.396825 30.106383 0.400000
      vertex 30.396825 10.000000 0.400000
    endloop
  endfacet
  facet normal 0.000000 0.000000 -1.000000
    outer loop
      vertex 29.761905 10.000000 0.000000
      vertex 30.079365 29.787234 0.000000
      vertex 30.079365 10.000000 0.000000
    endloop
  endfacet
  facet normal 0.000000 0.000000 -1.000000
    outer loop
      vertex 29.761905 10.000000 0.000000
      vertex 29.761905 29.787234 0.000000
      vertex 30.079365 29.787234 0.000000
    endloop
  endfacet
  facet normal 0.000000 0.000000 1.000000
    outer loop
      vertex 29.761905 10.000000 0.400000
      vertex 30.079365 10.000000 0.400000
      vertex 30.079365 29.787234 0.400000
    endloop
  endfacet
  facet normal 0.000000 0.000000 1.000000
    outer loop
      vertex 29.761905 10.000000 0.400000
      vertex 30.079365 29.787234 0.400000
      vertex 29.761905 29.787234 0.400000
    endloop
  endfacet
  facet normal 0.000000 -1.000000 0.000000
    outer loop
      vertex 29.761905 10.000000 0.000000
      vertex 30.079365 10.000000 0.000000
      vertex 30.079365 10.000000 0.400000
    endloop
  endfacet
  facet normal 0.000000 -1.000000 0.000000
    outer loop
      vertex 29.761905 10.000000 0.000000
      vertex 30.079365 10.000000 0.400000
      vertex 29.761905 10.000000 0.400000
    endloop
  endfacet
  facet normal 0.000000 1.000000 0.000000
    outer loop
      vertex 29.761905 29.787234 0.000000
      vertex 30.079365 29.787234 0.400000
      vertex 30.079365 29.787234 0.000000
    endloop
  endfacet
  facet normal 0.000000 1.000000 0.000000
    outer loop
      vertex 29.761905 29.787234 0.000000
      vertex 29.761905 29.787234 0.400000
      vertex 30.079365 29.787234 0.400000
    endloop
  endfacet
  facet normal -1.000000 0.000000 0.000000
    outer loop
      vertex 29.761905 10.000000 0.000000
      vertex 29.761905 10.000000 0.400000
      vertex 29.761905 29.787234 0.400000
    endloop
  endfacet
  facet normal -1.000000 0.000000 0.000000
    outer loop
      vertex 29.761905 10.000000 0.000000
      vertex 29.761905 29.787234 0.400000
      vertex 29.761905 29.787234 0.000000
    endloop
  endfacet
  facet normal 1.000000 0.000000 0.000000
    outer loop
      vertex 30.079365 10.000000 0.000000
      vertex 30.079365 29.787234 0.000000
      vertex 30.079365 29.787234 0.400000
    endloop
  endfacet
  facet normal 1.000000 0.000000 0.000000
    outer loop
      vertex 30.079365 10.000000 0.000000
      vertex 30.079365 29.787234 0.400000
      vertex 30.079365 10.000000 0.400000
    endloop
  endfacet
  facet normal 0.000000 0.000000 -1.000000
    outer loop
      vertex 34.841270 29.148936 0.000000
      vertex 36.428571 29.787234 0.000000
      vertex 36.428571 29.148936 0.000000
    endloop
  endfacet
  facet normal 0.000000 0.000000 -1.000000
    outer loop
      vertex 34.841270 29.148936 0.000000
      vertex 34.841270 29.787234 0.000000
      vertex 36.428571 29.787234 0.000000
    endloop
  endfacet
  facet normal 0.000000 0.000000 1.000000
    outer loop
      vertex 34.841270 29.148936 0.400000
      vertex 36.428571 29.148936 0.400000
      vertex 36.428571 29.787234 0.400000
    endloop
  endfacet
  facet normal 0.000000 0.000000 1.000000
    outer loop
      vertex 34.841270 29.148936 0.400000
      vertex 36.428571 29.787234 0.400000
      vertex 34.841270 29.787234 0.400000
    endloop
  endfacet
  facet normal 0.000000 -1.000000 0.000000
    outer loop
      vertex 34.841270 29.148936 0.000000
      vertex 36.428571 29.148936 0.000000
      vertex 36.428571 29.148936 0.400000
    endloop
  endfacet
  facet normal 0.000000 -1.000000 0.000000
    outer loop
      vertex 34.841270 29.148936 0.000000
      vertex 36.428571 29.148936 0.400000
      vertex 34.841270 29.148936 0.400000
    endloop
  endfacet
  facet normal 0.000000 1.000000 0.000000
    outer loop
      vertex 34.841270 29.787234 0.000000
      vertex 36.428571 29.787234 0.400000
      vertex 36.428571 29.787234 0.000000
    endloop
  endfacet
  facet normal 0.000000 1.000000 0.000000
    outer loop
      vertex 34.841270 29.787234 0.000000
      vertex 34.841270 29.787234 0.400000
      vertex 36.428571 29.787234 0.400000
    endloop
  endfacet
  facet normal -1.000000 0.000000 0.000000
    outer loop
      vertex 34.841270 29.148936 0.000000
      vertex 34.841270 29.148936 0.400000
      vertex 34.841270 29.787234 0.400000
    endloop
  endfacet
  facet normal -1.000000 0.000000 0.000000
    outer loop
      vertex 34.841270 29.148936 0.000000
      vertex 34.841270 29.787234 0.400000
      vertex 34.841270 29.787234 0.000000
    endloop
  endfacet
  facet normal 1.000000 0.000000 0.000000
    outer loop
      vertex 36.428571 29.148936 0.000000
      vertex 36.428571 29.787234 0.000000
      vertex 36.428571 29.787234 0.400000
    endloop
  endfacet
  facet normal 1.000000 0.000000 0.000000
    outer loop
      vertex 36.428571 29.148936 0.000000
      vertex 36.428571 29.787234 0.400000
      vertex 36.428571 29.148936 0.400000
    endloop
  endfacet
  facet normal 0.000000 0.000000 -1.000000
    outer loop
      vertex 38.650794 20.531915 0.000000
      vertex 38.968254 29.787234 0.000000
      vertex 38.968254 20.531915 0.000000
    endloop
  endfacet
  facet normal 0.000000 0.000000 -1.000000
    outer loop
      vertex 38.650794 20.531915 0.000000
      vertex 38.650794 29.787234 0.000000
      vertex 38.968254 29.787234 0.000000
    endloop
  endfacet
  facet normal 0.000000 0.000000 1.000000
    outer loop
      vertex 38.650794 20.531915 0.400000
      vertex 38.968254 20.531915 0.400000
      vertex 38.968254 29.787234 0.400000
    endloop
  endfacet
  facet normal 0.000000 0.000000 1.000000
    outer loop
      vertex 38.650794 20.531915 0.400000
      vertex 38.968254 29.787234 0.400000
      vertex 38.650794 29.787234 0.400000
    endloop
  endfacet
  facet normal 0.000000 -1.000000 0.000000
    outer loop
      vertex 38.650794 20.531915 0.000000
      vertex 38.968254 20.531915 0.000000
      vertex 38.968254 20.531915 0.400000
    endloop
  endfacet
  facet normal 0.000000 -1.000000 0.000000
    outer loop
      vertex 38.650794 20.531915 0.000000
      vertex 38.968254 20.531915 0.400000
      vertex 38.650794 20.531915 0.400000
    endloop
  endfacet
  facet normal 0.000000 1.000000 0.000000
    outer loop
      vertex 38.650794 29.787234 0.000000
      vertex 38.968254 29.787234 0.400000
      vertex 38.968254 29.787234 0.000000
    endloop
  endfacet
  facet normal 0.000000 1.000000 0.000000
    outer loop
      vertex 38.650794 29.787234 0.000000
      vertex 38.650794 29.787234 0.400000
      vertex 38.968254 29.787234 0.400000
    endloop
  endfacet
  facet normal -1.000000 0.000000 0.000000
    outer loop
      vertex 38.650794 20.531915 0.000000
      vertex 38.650794 20.531915 0.400000
      vertex 38.650794 29.787234 0.400000
    endloop
  endfacet
  facet normal -1.000000 0.000000 0.000000
    outer loop
      vertex 38.650794 20.531915 0.000000
      vertex 38.650794 29.787234 0.400000
      vertex 38.650794 29.787234 0.000000
    endloop
  endfacet
  facet normal 1.000000 0.000000 0.000000
    outer loop
      vertex 38.968254 20.531915 0.000000
      vertex 38.968254 29.787234 0.000000
      vertex 38.968254 29.787234 0.400000
    endloop
  endfacet
  facet normal 1.000000 0.000000 0.000000
    outer loop
      vertex 38.968254 20.531915 0.000000
      vertex 38.968254 29.787234 0.400000
      vertex 38.968254 20.531915 0.400000
    endloop
  endfacet
  facet normal 0.000000 0.000000 -1.000000
    outer loop
      vertex 29.444444 18.936170 0.000000
      vertex 29.761905 29.468085 0.000000
      vertex 29.761905 18.936170 0.000000
    endloop
  endfacet
  facet normal 0.000000 0.000000 -1.000000
    outer loop
      vertex 29.444444 18.936170 0.000000
      vertex 29.444444 29.468085 0.000000
      vertex 29.761905 29.468085 0.000000
    endloop
  endfacet
  facet normal 0.000000 0.000000 1.000000
    outer loop
      vertex 29.444444 18.936170 0.400000
      vertex 29.761905 18.936170 0.400000
      vertex 29.761905 29.468085 0.400000
    endloop
  endfacet
  facet normal 0.000000 0.000000 1.000000
    outer loop
      vertex 29.444444 18.936170 0.400000
      vertex 29.761905 29.468085 0.400000
      vertex 29.444444 29.468085 0.400000
    endloop
  endfacet
  facet normal 0.000000 -1.000000 0.000000
    outer loop
      vertex 29.444444 18.936170 0.000000
      vertex 29.761905 18.936170 0.000000
      vertex 29.761905 18.936170 0.400000
    endloop
  endfacet
  facet normal 0.000000 -1.000000 0.000000
    outer loop
      vertex 29.444444 18.936170 0.000000
      vertex 29.761905 18.936170 0.400000
      vertex 29.444444 18.936170 0.400000
    endloop
  endfacet
  facet normal 0.000000 1.000000 0.000000
    outer loop
      vertex 29.444444 29.468085 0.000000
      vertex 29.761905 29.468085 0.400000
      vertex 29.761905 29.468085 0.000000
    endloop
  endfacet
  facet normal 0.000000 1.000000 0.000000
    outer loop
      vertex 29.444444 29.468085 0.000000
      vertex 29.444444 29.468085 0.400000
      vertex 29.761905 29.468085 0.400000
    endloop
  endfacet
  facet normal -1.000000 0.000000 0.000000
    outer loop
      vertex 29.444444 18.936170 0.000000
      vertex 29.444444 18.936170 0.400000
      vertex 29.444444 29.468085 0.400000
    endloop
  endfacet
  facet normal -1.000000 0.000000 0.000000
    outer loop
      vertex 29.444444 18.936170 0.000000
      vertex 29.444444 29.468085 0.400000
      vertex 29.444444 29.468085 0.000000
    endloop
  endfacet
  facet normal 1.000000 0.000000 0.000000
    outer loop
      vertex 29.761905 18.936170 0.000000
      vertex 29.761905 29.468085 0.000000
      vertex 29.761905 29.468085 0.400000
    endloop
  endfacet
  facet normal 1.000000 0.000000 0.000000
    outer loop
      vertex 29.761905 18.936170 0.000000
      vertex 29.761905 29.468085 0.400000
      vertex 29.761905 18.936170 0.400000
    endloop
  endfacet
  facet normal 0.000000 0.000000 -1.000000
    outer loop
      vertex 23.412698 22.765957 0.000000
      vertex 24.047619 29.148936 0.000000
      vertex 24.047619 22.765957 0.000000
    endloop
  endfacet
  facet normal 0.000000 0.000000 -1.000000
    outer loop
      vertex 23.412698 22.765957 0.000000
      vertex 23.412698 29.148936 0.000000
      vertex 24.047619 29.148936 0.000000
    endloop
  endfacet
  facet normal 0.000000 0.000000 1.000000
    outer loop
      vertex 23.412698 22.765957 0.400000
      vertex 24.047619 22.765957 0.400000
      vertex 24.047619 29.148936 0.400000
    endloop
  endfacet
  facet normal 0.000000 0.000000 1.000000
    outer loop
      vertex 23.412698 22.765957 0.400000
      vertex 24.047619 29.148936 0.400000
      vertex 23.412698 29.148936 0.400000
    endloop
  endfacet
  facet normal 0.000000 -1.000000 0.000000
    outer loop
      vertex 23.412698 22.765957 0.000000
      vertex 24.047619 22.765957 0.000000
      vertex 24.047619 22.765957 0.400000
    endloop
  endfacet
  facet normal 0.000000 -1.000000 0.000000
    outer loop
      vertex 23.412698 22.765957 0.000000
      vertex 24.047619 22.765957 0.400000
      vertex 23.412698 22.765957 0.400000
    endloop
  endfacet
  facet normal 0.000000 1.000000 0.000000
    outer loop
      vertex 23.412698 29.148936 0.000000
      vertex 24.047619 29.148936 0.400000
      vertex 24.047619 29.148936 0.000000
    endloop
  endfacet
  facet normal 0.000000 1.000000 0.000000
    outer loop
      vertex 23.412698 29.148936 0.000000
      vertex 23.412698 29.148936 0.400000
      vertex 24.047619 29.148936 0.400000
    endloop
  endfacet
  facet normal -1.000000 0.000000 0.000000
    outer loop
      vertex 23.412698 22.765957 0.000000
      vertex 23.412698 22.765957 0.400000
      vertex 23.412698 29.148936 0.400000
    endloop
  endfacet
  facet normal -1.000000 0.000000 0.000000
    outer loop
      vertex 23.412698 22.765957 0.000000
      vertex 23.412698 29.148936 0.400000
      vertex 23.412698 29.148936 0.000000
    endloop
  endfacet
  facet normal 1.000000 0.000000 0.000000
    outer loop
      vertex 24.047619 22.765957 0.000000
      vertex 24.047619 29.148936 0.000000
      vertex 24.047619 29.148936 0.400000
    endloop
  endfacet
  facet normal 1.000000 0.000000 0.000000
    outer loop
      vertex 24.047619 22.765957 0.000000
      vertex 24.047619 29.148936 0.400000
      vertex 24.047619 22.765957 0.400000
    endloop
  endfacet
  facet normal 0.000000 0.000000 -1.000000
    outer loop
      vertex 28.809524 21.170213 0.000000
      vertex 29.444444 29.148936 0.000000
      vertex 29.444444 21.170213 0.000000
    endloop
  endfacet
  facet normal 0.000000 0.000000 -1.000000
    outer loop
      vertex 28.809524 21.170213 0.000000
      vertex 28.809524 29.148936 0.000000
      vertex 29.444444 29.148936 0.000000
    endloop
  endfacet
  facet normal 0.000000 0.000000 1.000000
    outer loop
      vertex 28.809524 21.170213 0.400000
      vertex 29.444444 21.170213 0.400000
      vertex 29.444444 29.148936 0.400000
    endloop
  endfacet
  facet normal 0.000000 0.000000 1.000000
    outer loop
      vertex 28.809524 21.170213 0.400000
      vertex 29.444444 29.148936 0.400000
      vertex 28.809524 29.148936 0.400000
    endloop
  endfacet
  facet normal 0.000000 -1.000000 0.000000
    outer loop
      vertex 28.809524 21.170213 0.000000
      vertex 29.444444 21.170213 0.000000
      vertex 29.444444 21.170213 0.400000
    endloop
  endfacet
  facet normal 0.000000 -1.000000 0.000000
    outer loop
      vertex 28.809524 21.170213 0.000000
      vertex 29.444444 21.170213 0.400000
      vertex 28.809524 21.170213 0.400000
    endloop
  endfacet
  facet normal 0.000000 1.000000 0.000000
    outer loop
      vertex 28.809524 29.148936 0.000000
      vertex 29.444444 29.148936 0.400000
      vertex 29.444444 29.148936 0.000000
    endloop
  endfacet
  facet normal 0.000000 1.000000 0.000000
    outer loop
      vertex 28.809524 29.148936 0.000000
      vertex 28.809524 29.148936 0.400000
      vertex 29.444444 29.148936 0.400000
    endloop
  endfacet
  facet normal -1.000000 0.000000 0.000000
    outer loop
      vertex 28.809524 21.170213 0.000000
      vertex 28.809524 21.170213 0.400000
      vertex 28.809524 29.148936 0.400000
    endloop
  endfacet
  facet normal -1.000000 0.000000 0.000000
    outer loop
      vertex 28.809524 21.170213 0.000000
      vertex 28.809524 29.148936 0.400000
      vertex 28.809524 29.148936 0.000000
    endloop
  endfacet
  facet normal 1.000000 0.000000 0.000000
    outer loop
      vertex 29.444444 21.170213 0.000000
      vertex 29.444444 29.148936 0.000000
      vertex 29.444444 29.148936 0.400000
    endloop
  endfacet
  facet normal 1.000000 0.000000 0.000000
    outer loop
      vertex 29.444444 21.170213 0.000000
      vertex 29.444444 29.148936 0.400000
      vertex 29.444444 21.170213 0.400000
    endloop
  endfacet
  facet normal 0.000000 0.000000 -1.000000
    outer loop
      vertex 34.841270 23.085106 0.000000
      vertex 36.111111 29.148936 0.000000
      vertex 36.111111 23.085106 0.000000
    endloop
  endfacet
  facet normal 0.000000 0.000000 -1.000000
    outer loop
      vertex 34.841270 23.085106 0.000000
      vertex 34.841270 29.148936 0.000000
      vertex 36.111111 29.148936 0.000000
    endloop
  endfacet
  facet normal 0.000000 0.000000 1.000000
    outer loop
      vertex 34.841270 23.085106 0.400000
      vertex 36.111111 23.085106 0.400000
      vertex 36.111111 29.148936 0.400000
    endloop
  endfacet
  facet normal 0.000000 0.000000 1.000000
    outer loop
      vertex 34.841270 23.085106 0.400000
      vertex 36.111111 29.148936 0.400000
      vertex 34.841270 29.148936 0.400000
    endloop
  endfacet
  facet normal 0.000000 -1.000000 0.000000
    outer loop
      vertex 34.841270 23.085106 0.000000
      vertex 36.111111 23.085106 0.000000
      vertex 36.111111 23.085106 0.400000
    endloop
  endfacet
  facet normal 0.000000 -1.000000 0.000000
    outer loop
      vertex 34.841270 23.085106 0.000000
      vertex 36.111111 23.085106 0.400000
      vertex 34.841270 23.085106 0.400000
    endloop
  endfacet
  facet normal 0.000000 1.000000 0.000000
    outer loop
      vertex 34.841270 29.148936 0.000000
      vertex 36.111111 29.148936 0.400000
      vertex 36.111111 29.148936 0.000000
    endloop
  endfacet
  facet normal 0.000000 1.000000 0.000000
    outer loop
      vertex 34.841270 29.148936 0.000000
      vertex 34.841270 29.148936 0.400000
      vertex 36.111111 29.148936 0.400000
    endloop
  endfacet
  facet normal -1.000000 0.000000 0.000000
    outer loop
      vertex 34.841270 23.085106 0.000000
      vertex 34.841270 23.085106 0.400000
      vertex 34.841270 29.148936 0.400000
    endloop
  endfacet
  facet normal -1.000000 0.000000 0.000000
    outer loop
      vertex 34.841270 23.085106 0.000000
      vertex 34.841270 29.148936 0.400000
      vertex 34.841270 29.148936 0.000000
    endloop
  endfacet
  facet normal 1.000000 0.000000 0.000000
    outer loop
      vertex 36.111111 23.085106 0.000000
      vertex 36.111111 29.148936 0.000000
      vertex 36.111111 29.148936 0.400000
    endloop
  endfacet
  facet normal 1.000000 0.000000 0.000000
    outer loop
      vertex 36.111111 23.085106 0.000000
      vertex 36.111111 29.148936 0.400000
      vertex 36.111111 23.085106 0.400000
    endloop
  endfacet
  facet normal 0.000000 0.000000 -1.000000
    outer loop
      vertex 38.333333 20.851064 0.000000
      vertex 38.650794 29.148936 0.000000
      vertex 38.650794 20.851064 0.000000
    endloop
  endfacet
  facet normal 0.000000 0.000000 -1.000000
    outer loop
      vertex 38.333333 20.851064 0.000000
      vertex 38.333333 29.148936 0.000000
      vertex 38.650794 29.148936 0.000000
    endloop
  endfacet
  facet normal 0.000000 0.000000 1.000000
    outer loop
      vertex 38.333333 20.851064 0.400000
      vertex 38.650794 20.851064 0.400000
      vertex 38.650794 29.148936 0.400000
    endloop
  endfacet
  facet normal 0.000000 0.000000 1.000000
    outer loop
      vertex 38.333333 20.851064 0.400000
      vertex 38.650794 29.148936 0.400000
      vertex 38.333333 29.148936 0.400000
    endloop
  endfacet
  facet normal 0.000000 -1.000000 0.000000
    outer loop
      vertex 38.333333 20.851064 0.000000
      vertex 38.650794 20.851064 0.000000
      vertex 38.650794 20.851064 0.400000
    endloop
  endfacet
  facet normal 0.000000 -1.000000 0.000000
    outer loop
      vertex 38.333333 20.851064 0.000000
      vertex 38.650794 20.851064 0.400000
      vertex 38.333333 20.851064 0.400000
    endloop
  endfacet
  facet normal 0.000000 1.000000 0.000000
    outer loop
      vertex 38.333333 29.148936 0.000000
      vertex 38.650794 29.148936 0.400000
      vertex 38.650794 29.148936 0.000000
    endloop
  endfacet
  facet normal 0.000000 1.000000 0.000000
    outer loop
      vertex 38.333333 29.148936 0.000000
      vertex 38.333333 29.148936 0.400000
      vertex 38.650794 29.148936 0.400000
    endloop
  endfacet
  facet normal -1.000000 0.000000 0.000000
    outer loop
      vertex 38.333333 20.851064 0.000000
      vertex 38.333333 20.851064 0.400000
      vertex 38.333333 29.148936 0.400000
    endloop
  endfacet
  facet normal -1.000000 0.000000 0.000000
    outer loop
      vertex 38.333333 20.851064 0.000000
      vertex 38.333333 29.148936 0.400000
      vertex 38.333333 29.148936 0.000000
    endloop
  endfacet
  facet normal 1.000000 0.000000 0.000000
    outer loop
      vertex 38.650794 20.851064 0.000000
      vertex 38.650794 29.148936 0.000000
      vertex 38.650794 29.148936 0.400000
    endloop
  endfacet
  facet normal 1.000000 0.000000 0.000000
    outer loop
      vertex 38.650794 20.851064 0.000000
      vertex 38.650794 29.148936 0.400000
      vertex 38.650794 20.851064 0.400000
    endloop
  endfacet
  facet normal 0.000000 0.000000 -1.000000
    outer loop
      vertex 24.047619 23.085106 0.000000
      vertex 25.317460 28.829787 0.000000
      vertex 25.317460 23.085106 0.000000
    endloop
  endfacet
  facet normal 0.000000 0.000000 -1.000000
    outer loop
      vertex 24.047619 23.085106 0.000000
      vertex 24.047619 28.829787 0.000000
      vertex 25.317460 28.829787 0.000000
    endloop
  endfacet
  facet normal 0.000000 0.000000 1.000000
    outer loop
      vertex 24.047619 23.085106 0.400000
      vertex 25.317460 23.085106 0.400000
      vertex 25.317460 28.829787 0.400000
    endloop
  endfacet
  facet normal 0.000000 0.000000 1.000000
    outer loop
      vertex 24.047619 23.085106 0.400000
      vertex 25.317460 28.829787 0.400000
      vertex 24.047619 28.829787 0.400000
    endloop
  endfacet
  facet normal 0.000000 -1.000000 0.000000
    outer loop
      vertex 24.047619 23.085106 0.000000
      vertex 25.317460 23.085106 0.000000
      vertex 25.317460 23.085106 0.400000
    endloop
  endfacet
  facet normal 0.000000 -1.000000 0.000000
    outer loop
      vertex 24.047619 23.085106 0.000000
      vertex 25.317460 23.085106 0.400000
      vertex 24.047619 23.085106 0.400000
    endloop
  endfacet
  facet normal 0.000000 1.000000 0.000000
    outer loop
      vertex 24.047619 28.829787 0.000000
      vertex 25.317460 28.829787 0.400000
      vertex 25.317460 28.829787 0.000000
    endloop
  endfacet
  facet normal 0.000000 1.000000 0.000000
    outer loop
      vertex 24.047619 28.829787 0.000000
      vertex 24.047619 28.829787 0.400000
      vertex 25.317460 28.829787 0.400000
    endloop
  endfacet
  facet normal -1.000000 0.000000 0.000000
    outer loop
      vertex 24.047619 23.085106 0.000000
      vertex 24.047619 23.085106 0.400000
      vertex 24.047619 28.829787 0.400000
    endloop
  endfacet
  facet normal -1.000000 0.000000 0.000000
    outer loop
      vertex 24.047619 23.085106 0.000000
      vertex 24.047619 28.829787 0.400000
      vertex 24.047619 28.829787 0.000000
    endloop
  endfacet
  facet normal 1.000000 0.000000 0.000000
    outer loop
      vertex 25.317460 23.085106 0.000000
      vertex 25.317460 28.829787 0.000000
      vertex 25.317460 28.829787 0.400000
    endloop
  endfacet
  facet normal 1.000000 0.000000 0.000000
    outer loop
      vertex 25.317460 23.085106 0.000000
      vertex 25.317460 28.829787 0.400000
      vertex 25.317460 23.085106 0.400000
    endloop
  endfacet
  facet normal 0.000000 0.000000 -1.000000
    outer loop
      vertex 28.174603 21.808511 0.000000
      vertex 28.809524 28.829787 0.000000
      vertex 28.809524 21.808511 0.000000
    endloop
  endfacet
  facet normal 0.000000 0.000000 -1.000000
    outer loop
      vertex 28.174603 21.808511 0.000000
      vertex 28.174603 28.829787 0.000000
      vertex 28.809524 28.829787 0.000000
    endloop
  endfacet
  facet normal 0.000000 0.000000 1.000000
    outer loop
      vertex 28.174603 21.808511 0.400000
      vertex 28.809524 21.808511 0.400000
      vertex 28.809524 28.829787 0.400000
    endloop
  endfacet
  facet normal 0.000000 0.000000 1.000000
    outer loop
      vertex 28.174603 21.808511 0.400000
      vertex 28.809524 28.829787 0.400000
      vertex 28.174603 28.829787 0.400000
    endloop
  endfacet
  facet normal 0.000000 -1.000000 0.000000
    outer loop
      vertex 28.174603 21.808511 0.000000
      vertex 28.809524 21.808511 0.000000
      vertex 28.809524 21.808511 0.400000
    endloop
  endfacet
  facet normal 0.000000 -1.000000 0.000000
    outer loop
      vertex 28.174603 21.808511 0.000000
      vertex 28.809524 21.808511 0.400000
      vertex 28.174603 21.808511 0.400000
    endloop
  endfacet
  facet normal 0.000000 1.000000 0.000000
    outer loop
      vertex 28.174603 28.829787 0.000000
      vertex 28.809524 28.829787 0.400000
      vertex 28.809524 28.829787 0.000000
    endloop
  endfacet
  facet normal 0.000000 1.000000 0.000000
    outer loop
      vertex 28.174603 28.829787 0.000000
      vertex 28.174603 28.829787 0.400000
      vertex 28.809524 28.829787 0.400000
    endloop
  endfacet
  facet normal -1.000000 0.000000 0.000000
    outer loop
      vertex 28.174603 21.808511 0.000000
      vertex 28.174603 21.808511 0.400000
      vertex 28.174603 28.829787 0.400000
    endloop
  endfacet
  facet normal -1.000000 0.000000 0.000000
    outer loop
      vertex 28.174603 21.808511 0.000000
      vertex 28.174603 28.829787 0.400000
      vertex 28.174603 28.829787 0.000000
    endloop
  endfacet
  facet normal 1.000000 0.000000 0.000000
    outer loop
      vertex 28.809524 21.808511 0.000000
      vertex 28.809524 28.829787 0.000000
      vertex 28.809524 28.829787 0.400000
    endloop
  endfacet
  facet normal 1.000000 0.000000 0.000000
    outer loop
      vertex 28.809524 21.808511 0.000000
      vertex 28.809524 28.829787 0.400000
      vertex 28.809524 21.808511 0.400000
    endloop
  endfacet
  facet normal 0.000000 0.000000 -1.000000
    outer loop
      vertex 8.492063 10.000000 0.000000
      vertex 10.396825 28.510638 0.000000
      vertex 10.396825 10.000000 0.000000
    endloop
  endfacet
  facet normal 0.000000 0.000000 -1.000000
    outer loop
      vertex 8.492063 10.000000 0.000000
      vertex 8.492063 28.510638 0.000000
      vertex 10.396825 28.510638 0.000000
    endloop
  endfacet
  facet normal 0.000000 0.000000 1.000000
    outer loop
      vertex 8.492063 10.000000 0.400000
      vertex 10.396825 10.000000 0.400000
      vertex 10.396825 28.510638 0.400000
    endloop
  endfacet
  facet normal 0.000000 0.000000 1.000000
    outer loop
      vertex 8.492063 10.000000 0.400000
      vertex 10.396825 28.510638 0.400000
      vertex 8.492063 28.510638 0.400000
    endloop
  endfacet
  facet normal 0.000000 -1.000000 0.000000
    outer loop
      vertex 8.492063 10.000000 0.000000
      vertex 10.396825 10.000000 0.000000
      vertex 10.396825 10.000000 0.400000
    endloop
  endfacet
  facet normal 0.000000 -1.000000 0.000000
    outer loop
      vertex 8.492063 10.000000 0.000000
      vertex 10.396825 10.000000 0.400000
      vertex 8.492063 10.000000 0.400000
    endloop
  endfacet
  facet normal 0.000000 1.000000 0.000000
    outer loop
      vertex 8.492063 28.510638 0.000000
      vertex 10.396825 28.510638 0.400000
      vertex 10.396825 28.510638 0.000000
    endloop
  endfacet
  facet normal 0.000000 1.000000 0.000000
    outer loop
      vertex 8.492063 28.510638 0.000000
      vertex 8.492063 28.510638 0.400000
      vertex 10.396825 28.510638 0.400000
    endloop
  endfacet
  facet normal -1.000000 0.000000 0.000000
    outer loop
      vertex 8.492063 10.000000 0.000000
      vertex 8.492063 10.000000 0.400000
      vertex 8.492063 28.510638 0.400000
    endloop
  endfacet
  facet normal -1.000000 0.000000 0.000000
    outer loop
      vertex 8.492063 10.000000 0.000000
      vertex 8.492063 28.510638 0.400000
      vertex 8.492063 28.510638 0.000000
    endloop
  endfacet
  facet normal 1.000000 0.000000 0.000000
    outer loop
      vertex 10.396825 10.000000 0.000000
      vertex 10.396825 28.510638 0.000000
      vertex 10.396825 28.510638 0.400000
    endloop
  endfacet
  facet normal 1.000000 0.000000 0.000000
    outer loop
      vertex 10.396825 10.000000 0.000000
      vertex 10.396825 28.510638 0.400000
      vertex 10.396825 10.000000 0.400000
    endloop
  endfacet
  facet normal 0.000000 0.000000 -1.000000
    outer loop
      vertex 14.206349 20.531915 0.000000
      vertex 16.428571 28.510638 0.000000
      vertex 16.428571 20.531915 0.000000
    endloop
  endfacet
  facet normal 0.000000 0.000000 -1.000000
    outer loop
      vertex 14.206349 20.531915 0.000000
      vertex 14.206349 28.510638 0.000000
      vertex 16.428571 28.510638 0.000000
    endloop
  endfacet
  facet normal 0.000000 0.000000 1.000000
    outer loop
      vertex 14.206349 20.531915 0.400000
      vertex 16.428571 20.531915 0.400000
      vertex 16.428571 28.510638 0.400000
    endloop
  endfacet
  facet normal 0.000000 0.000000 1.000000
    outer loop
      vertex 14.206349 20.531915 0.400000
      vertex 16.428571 28.510638 0.400000
      vertex 14.206349 28.510638 0.400000
    endloop
  endfacet
  facet normal 0.000000 -1.000000 0.000000
    outer loop
      vertex 14.206349 20.531915 0.000000
      vertex 16.428571 20.531915 0.000000
      vertex 16.428571 20.531915 0.400000
    endloop
  endfacet
  facet normal 0.000000 -1.000000 0.000000
    outer loop
      vertex 14.206349 20.531915 0.000000
      vertex 16.428571 20.531915 0.400000
      vertex 14.206349 20.531915 0.400000
    endloop
  endfacet
  facet normal 0.000000 1.000000 0.000000
    outer loop
      vertex 14.206349 28.510638 0.000000
      vertex 16.428571 28.510638 0.400000
      vertex 16.428571 28.510638 0.000000
    endloop
  endfacet
  facet normal 0.000000 1.000000 0.000000
    outer loop
      vertex 14.206349 28.510638 0.000000
      vertex 14.206349 28.510638 0.400000
      vertex 16.428571 28.510638 0.400000
    endloop
  endfacet
  facet normal -1.000000 0.000000 0.000000
    outer loop
      vertex 14.206349 20.531915 0.000000
      vertex 14.206349 20.531915 0.400000
      vertex 14.206349 28.510638 0.400000
    endloop
  endfacet
  facet normal -1.000000 0.000000 0.000000
    outer loop
      vertex 14.206349 20.531915 0.000000
      vertex 14.206349 28.510638 0.400000
      vertex 14.206349 28.510638 0.000000
    endloop
  endfacet
  facet normal 1.000000 0.000000 0.000000
    outer loop
      vertex 16.428571 20.531915 0.000000
      vertex 16.428571 28.510638 0.000000
      vertex 16.428571 28.510638 0.400000
    endloop
  endfacet
  facet normal 1.000000 0.000000 0.000000
    outer loop
      vertex 16.428571 20.531915 0.000000
      vertex 16.428571 28.510638 0.400000
      vertex 16.428571 20.531915 0.400000
    endloop
  endfacet
  facet normal 0.000000 0.000000 -1.000000
    outer loop
      vertex 19.285714 19.574468 0.000000
      vertex 21.507937 28.510638 0.000000
      vertex 21.507937 19.574468 0.000000
    endloop
  endfacet
  facet normal 0.000000 0.000000 -1.000000
    outer loop
      vertex 19.285714 19.574468 0.000000
      vertex 19.285714 28.510638 0.000000
      vertex 21.507937 28.510638 0.000000
    endloop
  endfacet
  facet normal 0.000000 0.000000 1.000000
    outer loop
      vertex 19.285714 19.574468 0.400000
      vertex 21.507937 19.574468 0.400000
      vertex 21.507937 28.510638 0.400000
    endloop
  endfacet
  facet normal 0.000000 0.000000 1.000000
    outer loop
      vertex 19.285714 19.574468 0.400000
      vertex 21.507937 28.510638 0.400000
      vertex 19.285714 28.510638 0.400000
    endloop
  endfacet
  facet normal 0.000000 -1.000000 0.000000
    outer loop
      vertex 19.285714 19.574468 0.000000
      vertex 21.507937 19.574468 0.000000
      vertex 21.507937 19.574468 0.400000
    endloop
  endfacet
  facet normal 0.000000 -1.000000 0.000000
    outer loop
      vertex 19.285714 19.574468 0.000000
      vertex 21.507937 19.574468 0.400000
      vertex 19.285714 19.574468 0.400000
    endloop
  endfacet
  facet normal 0.000000 1.000000 0.000000
    outer loop
      vertex 19.285714 28.510638 0.000000
      vertex 21.507937 28.510638 0.400000
      vertex 21.507937 28.510638 0.000000
    endloop
  endfacet
  facet normal 0.000000 1.000000 0.000000
    outer loop
      vertex 19.285714 28.510638 0.000000
      vertex 19.285714 28.510638 0.400000
      vertex 21.507937 28.510638 0.400000
    endloop
  endfacet
  facet normal -1.000000 0.000000 0.000000
    outer loop
      vertex 19.285714 19.574468 0.000000
      vertex 19.285714 19.574468 0.400000
      vertex 19.285714 28.510638 0.400000
    endloop
  endfacet
  facet normal -1.000000 0.000000 0.000000
    outer loop
      vertex 19.285714 19.574468 0.000000
      vertex 19.285714 28.510638 0.400000
      vertex 19.285714 28.510638 0.000000
    endloop
  endfacet
  facet normal 1.000000 0.000000 0.000000
    outer loop
      vertex 21.507937 19.574468 0.000000
      vertex 21.507937 28.510638 0.000000
      vertex 21.507937 28.510638 0.400000
    endloop
  endfacet
  facet normal 1.000000 0.000000 0.000000
    outer loop
      vertex 21.507937 19.574468 0.000000
      vertex 21.507937 28.510638 0.400000
      vertex 21.507937 19.574468 0.400000
    endloop
  endfacet
  facet normal 0.000000 0.000000 -1.000000
    outer loop
      vertex 25.317460 23.085106 0.000000
      vertex 28.174603 28.510638 0.000000
      vertex 28.174603 23.085106 0.000000
    endloop
  endfacet
  facet normal 0.000000 0.000000 -1.000000
    outer loop
      vertex 25.317460 23.085106 0.000000
      vertex 25.317460 28.510638 0.000000
      vertex 28.174603 28.510638 0.000000
    endloop
  endfacet
  facet normal 0.000000 0.000000 1.000000
    outer loop
      vertex 25.317460 23.085106 0.400000
      vertex 28.174603 23.085106 0.400000
      vertex 28.174603 28.510638 0.400000
    endloop
  endfacet
  facet normal 0.000000 0.000000 1.000000
    outer loop
      vertex 25.317460 23.085106 0.400000
      vertex 28.174603 28.510638 0.400000
      vertex 25.317460 28.510638 0.400000
    endloop
  endfacet
  facet normal 0.000000 -1.000000 0.000000
    outer loop
      vertex 25.317460 23.085106 0.000000
      vertex 28.174603 23.085106 0.000000
      vertex 28.174603 23.085106 0.400000
    endloop
  endfacet
  facet normal 0.000000 -1.000000 0.000000
    outer loop
      vertex 25.317460 23.085106 0.000000
      vertex 28.174603 23.085106 0.400000
      vertex 25.317460 23.085106 0.400000
    endloop
  endfacet
  facet normal 0.000000 1.000000 0.000000
    outer loop
      vertex 25.317460 28.510638 0.000000
      vertex 28.174603 28.510638 0.400000
      vertex 28.174603 28.510638 0.000000
    endloop
  endfacet
  facet normal 0.000000 1.000000 0.000000
    outer loop
      vertex 25.317460 28.510638 0.000000
      vertex 25.317460 28.510638 0.400000
      vertex 28.174603 28.510638 0.400000
    endloop
  endfacet
  facet normal -1.000000 0.000000 0.000000
    outer loop
      vertex 25.317460 23.085106 0.000000
      vertex 25.317460 23.085106 0.400000
      vertex 25.317460 28.510638 0.400000
    endloop
  endfacet
  facet normal -1.000000 0.000000 0.000000
    outer loop
      vertex 25.317460 23.085106 0.000000
      vertex 25.317460 28.510638 0.400000
      vertex 25.317460 28.510638 0.000000
    endloop
  endfacet
  facet normal 1.000000 0.000000 0.000000
    outer loop
      vertex 28.174603 23.085106 0.000000
      vertex 28.174603 28.510638 0.000000
      vertex 28.174603 28.510638 0.400000
    endloop
  endfacet
  facet normal 1.000000 0.000000 0.000000
    outer loop
      vertex 28.174603 23.085106 0.000000
      vertex 28.174603 28.510638 0.400000
      vertex 28.174603 23.085106 0.400000
    endloop
  endfacet
  facet normal 0.000000 0.000000 -1.000000
    outer loop
      vertex 32.619048 23.085106 0.000000
      vertex 34.841270 28.510638 0.000000
      vertex 34.841270 23.085106 0.000000
    endloop
  endfacet
  facet normal 0.000000 0.000000 -1.000000
    outer loop
      vertex 32.619048 23.085106 0.000000
      vertex 32.619048 28.510638 0.000000
      vertex 34.841270 28.510638 0.000000
    endloop
  endfacet
  facet normal 0.000000 0.000000 1.000000
    outer loop
      vertex 32.619048 23.085106 0.400000
      vertex 34.841270 23.085106 0.400000
      vertex 34.841270 28.510638 0.400000
    endloop
  endfacet
  facet normal 0.000000 0.000000 1.000000
    outer loop
      vertex 32.619048 23.085106 0.400000
      vertex 34.841270 28.510638 0.400000
      vertex 32.619048 28.510638 0.400000
    endloop
  endfacet
  facet normal 0.000000 -1.000000 0.000000
    outer loop
      vertex 32.619048 23.085106 0.000000
      vertex 34.841270 23.085106 0.000000
      vertex 34.841270 23.085106 0.400000
    endloop
  endfacet
  facet normal 0.000000 -1.000000 0.000000
    outer loop
      vertex 32.619048 23.085106 0.000000
      vertex 34.841270 23.085106 0.400000
      vertex 32.619048 23.085106 0.400000
    endloop
  endfacet
  facet normal 0.000000 1.000000 0.000000
    outer loop
      vertex 32.619048 28.510638 0.000000
      vertex 34.841270 28.510638 0.400000
      vertex 34.841270 28.510638 0.000000
    endloop
  endfacet
  facet normal 0.000000 1.000000 0.000000
    outer loop
      vertex 32.619048 28.510638 0.000000
      vertex 32.619048 28.510638 0.400000
      vertex 34.841270 28.510638 0.400000
    endloop
  endfacet
  facet normal -1.000000 0.000000 0.000000
    outer loop
      vertex 32.619048 23.085106 0.000000
      vertex 32.619048 23.085106 0.400000
      vertex 32.619048 28.510638 0.400000
    endloop
  endfacet
  facet normal -1.000000 0.000000 0.000000
    outer loop
      vertex 32.619048 23.085106 0.000000
      vertex 32.619048 28.510638 0.400000
      vertex 32.619048 28.510638 0.000000
    endloop
  endfacet
  facet normal 1.000000 0.000000 0.000000
    outer loop
      vertex 34.841270 23.085106 0.000000
      vertex 34.841270 28.510638 0.000000
      vertex 34.841270 28.510638 0.400000
    endloop
  endfacet
  facet normal 1.000000 0.000000 0.000000
    outer loop
      vertex 34.841270 23.085106 0.000000
      vertex 34.841270 28.510638 0.400000
      vertex 34.841270 23.085106 0.400000
    endloop
  endfacet
  facet normal 0.000000 0.000000 -1.000000
    outer loop
      vertex 36.111111 22.765957 0.000000
      vertex 38.333333 28.510638 0.000000
      vertex 38.333333 22.765957 0.000000
    endloop
  endfacet
  facet normal 0.000000 0.000000 -1.000000
    outer loop
      vertex 36.111111 22.765957 0.000000
      vertex 36.111111 28.510638 0.000000
      vertex 38.333333 28.510638 0.000000
    endloop
  endfacet
  facet normal 0.000000 0.000000 1.000000
    outer loop
      vertex 36.111111 22.765957 0.400000
      vertex 38.333333 22.765957 0.400000
      vertex 38.333333 28.510638 0.400000
    endloop
  endfacet
  facet normal 0.000000 0.000000 1.000000
    outer loop
      vertex 36.111111 22.765957 0.400000
      vertex 38.333333 28.510638 0.400000
      vertex 36.111111 28.510638 0.400000
    endloop
  endfacet
  facet normal 0.000000 -1.000000 0.000000
    outer loop
      vertex 36.111111 22.765957 0.000000
      vertex 38.333333 22.765957 0.000000
      vertex 38.333333 22.765957 0.400000
    endloop
  endfacet
  facet normal 0.000000 -1.000000 0.000000
    outer loop
      vertex 36.111111 22.765957 0.000000
      vertex 38.333333 22.765957 0.400000
      vertex 36.111111 22.765957 0.400000
    endloop
  endfacet
  facet normal 0.000000 1.000000 0.000000
    outer loop
      vertex 36.111111 28.510638 0.000000
      vertex 38.333333 28.510638 0.400000
      vertex 38.333333 28.510638 0.000000
    endloop
  endfacet
  facet normal 0.000000 1.000000 0.000000
    outer loop
      vertex 36.111111 28.510638 0.000000
      vertex 36.111111 28.510638 0.400000
      vertex 38.333333 28.510638 0.400000
    endloop
  endfacet
  facet normal -1.000000 0.000000 0.000000
    outer loop
      vertex 36.111111 22.765957 0.000000
      vertex 36.111111 22.765957 0.400000
      vertex 36.111111 28.510638 0.400000
    endloop
  endfacet
  facet normal -1.000000 0.000000 0.000000
    outer loop
      vertex 36.111111 22.765957 0.000000
      vertex 36.111111 28.510638 0.400000
      vertex 36.111111 28.510638 0.000000
    endloop
  endfacet
  facet normal 1.000000 0.000000 0.000000
    outer loop
      vertex 38.333333 22.765957 0.000000
      vertex 38.333333 28.510638 0.000000
      vertex 38.333333 28.510638 0.400000
    endloop
  endfacet
  facet normal 1.000000 0.000000 0.000000
    outer loop
      vertex 38.333333 22.765957 0.000000
      vertex 38.333333 28.510638 0.400000
      vertex 38.333333 22.765957 0.400000
    endloop
  endfacet
  facet normal 0.000000 0.000000 -1.000000
    outer loop
      vertex 41.190476 10.000000 0.000000
      vertex 43.412698 28.510638 0.000000
      vertex 43.412698 10.000000 0.000000
    endloop
  endfacet
  facet normal 0.000000 0.000000 -1.000000
    outer loop
      vertex 41.190476 10.000000 0.000000
      vertex 41.190476 28.510638 0.000000
      vertex 43.412698 28.510638 0.000000
    endloop
  endfacet
  facet normal 0.000000 0.000000 1.000000
    outer loop
      vertex 41.190476 10.000000 0.400000
      vertex 43.412698 10.000000 0.400000
      vertex 43.412698 28.510638 0.400000
    endloop
  endfacet
  facet normal 0.000000 0.000000 1.000000
    outer loop
      vertex 41.190476 10.000000 0.400000
      vertex 43.412698 28.510638 0.400000
      vertex 41.190476 28.510638 0.400000
    endloop
  endfacet
  facet normal 0.000000 -1.000000 0.000000
    outer loop
      vertex 41.190476 10.000000 0.000000
      vertex 43.412698 10.000000 0.000000
      vertex 43.412698 10.000000 0.400000
    endloop
  endfacet
  facet normal 0.000000 -1.000000 0.000000
    outer loop
      vertex 41.190476 10.000000 0.000000
      vertex 43.412698 10.000000 0.400000
      vertex 41.190476 10.000000 0.400000
    endloop
  endfacet
  facet normal 0.000000 1.000000 0.000000
    outer loop
      vertex 41.190476 28.510638 0.000000
      vertex 43.412698 28.510638 0.400000
      vertex 43.412698 28.510638 0.000000
    endloop
  endfacet
  facet normal 0.000000 1.000000 0.000000
    outer loop
      vertex 41.190476 28.510638 0.000000
      vertex 41.190476 28.510638 0.400000
      vertex 43.412698 28.510638 0.400000
    endloop
  endfacet
  facet normal -1.000000 0.000000 0.000000
    outer loop
      vertex 41.190476 10.000000 0.000000
      vertex 41.190476 10.000000 0.400000
      vertex 41.190476 28.510638 0.400000
    endloop
  endfacet
  facet normal -1.000000 0.000000 0.000000
    outer loop
      vertex 41.190476 10.000000 0.000000
      vertex 41.190476 28.510638 0.400000
      vertex 41.190476 28.510638 0.000000
    endloop
  endfacet
  facet normal 1.000000 0.000000 0.000000
    outer loop
      vertex 43.412698 10.000000 0.000000
      vertex 43.412698 28.510638 0.000000
      vertex 43.412698 28.510638 0.400000
    endloop
  endfacet
  facet normal 1.000000 0.000000 0.000000
    outer loop
      vertex 43.412698 10.000000 0.000000
      vertex 43.412698 28.510638 0.400000
      vertex 43.412698 10.000000 0.400000
    endloop
  endfacet
  facet normal 0.000000 0.000000 -1.000000
    outer loop
      vertex 18.968254 10.000000 0.000000
      vertex 19.285714 23.085106 0.000000
      vertex 19.285714 10.000000 0.000000
    endloop
  endfacet
  facet normal 0.000000 0.000000 -1.000000
    outer loop
      vertex 18.968254 10.000000 0.000000
      vertex 18.968254 23.085106 0.000000
      vertex 19.285714 23.085106 0.000000
    endloop
  endfacet
  facet normal 0.000000 0.000000 1.000000
    outer loop
      vertex 18.968254 10.000000 0.400000
      vertex 19.285714 10.000000 0.400000
      vertex 19.285714 23.085106 0.400000
    endloop
  endfacet
  facet normal 0.000000 0.000000 1.000000
    outer loop
      vertex 18.968254 10.000000 0.400000
      vertex 19.285714 23.085106 0.400000
      vertex 18.968254 23.085106 0.400000
    endloop
  endfacet
  facet normal 0.000000 -1.000000 0.000000
    outer loop
      vertex 18.968254 10.000000 0.000000
      vertex 19.285714 10.000000 0.000000
      vertex 19.285714 10.000000 0.400000
    endloop
  endfacet
  facet normal 0.000000 -1.000000 0.000000
    outer loop
      vertex 18.968254 10.000000 0.000000
      vertex 19.285714 10.000000 0.400000
      vertex 18.968254 10.000000 0.400000
    endloop
  endfacet
  facet normal 0.000000 1.000000 0.000000
    outer loop
      vertex 18.968254 23.085106 0.000000
      vertex 19.285714 23.085106 0.400000
      vertex 19.285714 23.085106 0.000000
    endloop
  endfacet
  facet normal 0.000000 1.000000 0.000000
    outer loop
      vertex 18.968254 23.085106 0.000000
      vertex 18.968254 23.085106 0.400000
      vertex 19.285714 23.085106 0.400000
    endloop
  endfacet
  facet normal -1.000000 0.000000 0.000000
    outer loop
      vertex 18.968254 10.000000 0.000000
      vertex 18.968254 10.000000 0.400000
      vertex 18.968254 23.085106 0.400000
    endloop
  endfacet
  facet normal -1.000000 0.000000 0.000000
    outer loop
      vertex 18.968254 10.000000 0.000000
      vertex 18.968254 23.085106 0.400000
      vertex 18.968254 23.085106 0.000000
    endloop
  endfacet
  facet normal 1.000000 0.000000 0.000000
    outer loop
      vertex 19.285714 10.000000 0.000000
      vertex 19.285714 23.085106 0.000000
      vertex 19.285714 23.085106 0.400000
    endloop
  endfacet
  facet normal 1.000000 0.000000 0.000000
    outer loop
      vertex 19.285714 10.000000 0.000000
      vertex 19.285714 23.085106 0.400000
      vertex 19.285714 10.000000 0.400000
    endloop
  endfacet
  facet normal 0.000000 0.000000 -1.000000
    outer loop
      vertex 26.587302 22.765957 0.000000
      vertex 28.174603 23.085106 0.000000
      vertex 28.174603 22.765957 0.000000
    endloop
  endfacet
  facet normal 0.000000 0.000000 -1.000000
    outer loop
      vertex 26.587302 22.765957 0.000000
      vertex 26.587302 23.085106 0.000000
      vertex 28.174603 23.085106 0.000000
    endloop
  endfacet
  facet normal 0.000000 0.000000 1.000000
    outer loop
      vertex 26.587302 22.765957 0.400000
      vertex 28.174603 22.765957 0.400000
      vertex 28.174603 23.085106 0.400000
    endloop
  endfacet
  facet normal 0.000000 0.000000 1.000000
    outer loop
      vertex 26.587302 22.765957 0.400000
      vertex 28.174603 23.085106 0.400000
      vertex 26.587302 23.085106 0.400000
    endloop
  endfacet
  facet normal 0.000000 -1.000000 0.000000
    outer loop
      vertex 26.587302 22.765957 0.000000
      vertex 28.174603 22.765957 0.000000
      vertex 28.174603 22.765957 0.400000
    endloop
  endfacet
  facet normal 0.000000 -1.000000 0.000000
    outer loop
      vertex 26.587302 22.765957 0.000000
      vertex 28.174603 22.765957 0.400000
      vertex 26.587302 22.765957 0.400000
    endloop
  endfacet
  facet normal 0.000000 1.000000 0.000000
    outer loop
      vertex 26.587302 23.085106 0.000000
      vertex 28.174603 23.085106 0.400000
      vertex 28.174603 23.085106 0.000000
    endloop
  endfacet
  facet normal 0.000000 1.000000 0.000000
    outer loop
      vertex 26.587302 23.085106 0.000000
      vertex 26.587302 23.085106 0.400000
      vertex 28.174603 23.085106 0.400000
    endloop
  endfacet
  facet normal -1.000000 0.000000 0.000000
    outer loop
      vertex 26.587302 22.765957 0.000000
      vertex 26.587302 22.765957 0.400000
      vertex 26.587302 23.085106 0.400000
    endloop
  endfacet
  facet normal -1.000000 0.000000 0.000000
    outer loop
      vertex 26.587302 22.765957 0.000000
      vertex 26.587302 23.085106 0.400000
      vertex 26.587302 23.085106 0.000000
    endloop
  endfacet
  facet normal 1.000000 0.000000 0.000000
    outer loop
      vertex 28.174603 22.765957 0.000000
      vertex 28.174603 23.085106 0.000000
      vertex 28.174603 23.085106 0.400000
    endloop
  endfacet
  facet normal 1.000000 0.000000 0.000000
    outer loop
      vertex 28.174603 22.765957 0.000000
      vertex 28.174603 23.085106 0.400000
      vertex 28.174603 22.765957 0.400000
    endloop
  endfacet
  facet normal 0.000000 0.000000 -1.000000
    outer loop
      vertex 32.619048 22.765957 0.000000
      vertex 33.253968 23.085106 0.000000
      vertex 33.253968 22.765957 0.000000
    endloop
  endfacet
  facet normal 0.000000 0.000000 -1.000000
    outer loop
      vertex 32.619048 22.765957 0.000000
      vertex 32.619048 23.085106 0.000000
      vertex 33.253968 23.085106 0.000000
    endloop
  endfacet
  facet normal 0.000000 0.000000 1.000000
    outer loop
      vertex 32.619048 22.765957 0.400000
      vertex 33.253968 22.765957 0.400000
      vertex 33.253968 23.085106 0.400000
    endloop
  endfacet
  facet normal 0.000000 0.000000 1.000000
    outer loop
      vertex 32.619048 22.765957 0.400000
      vertex 33.253968 23.085106 0.400000
      vertex 32.619048 23.085106 0.400000
    endloop
  endfacet
  facet normal 0.000000 -1.000000 0.000000
    outer loop
      vertex 32.619048 22.765957 0.000000
      vertex 33.253968 22.765957 0.000000
      vertex 33.253968 22.765957 0.400000
    endloop
  endfacet
  facet normal 0.000000 -1.000000 0.000000
    outer loop
      vertex 32.619048 22.765957 0.000000
      vertex 33.253968 22.765957 0.400000
      vertex 32.619048 22.765957 0.400000
    endloop
  endfacet
  facet normal 0.000000 1.000000 0.000000
    outer loop
      vertex 32.619048 23.085106 0.000000
      vertex 33.253968 23.085106 0.400000
      vertex 33.253968 23.085106 0.000000
    endloop
  endfacet
  facet normal 0.000000 1.000000 0.000000
    outer loop
      vertex 32.619048 23.085106 0.000000
      vertex 32.619048 23.085106 0.400000
      vertex 33.253968 23.085106 0.400000
    endloop
  endfacet
  facet normal -1.000000 0.000000 0.000000
    outer loop
      vertex 32.619048 22.765957 0.000000
      vertex 32.619048 22.765957 0.400000
      vertex 32.619048 23.085106 0.400000
    endloop
  endfacet
  facet normal -1.000000 0.000000 0.000000
    outer loop
      vertex 32.619048 22.765957 0.000000
      vertex 32.619048 23.085106 0.400000
      vertex 32.619048 23.085106 0.000000
    endloop
  endfacet
  facet normal 1.000000 0.000000 0.000000
    outer loop
      vertex 33.253968 22.765957 0.000000
      vertex 33.253968 23.085106 0.000000
      vertex 33.253968 23.085106 0.400000
    endloop
  endfacet
  facet normal 1.000000 0.000000 0.000000
    outer loop
      vertex 33.253968 22.765957 0.000000
      vertex 33.253968 23.085106 0.400000
      vertex 33.253968 22.765957 0.400000
    endloop
  endfacet
  facet normal 0.000000 0.000000 -1.000000
    outer loop
      vertex 35.793651 22.765957 0.000000
      vertex 36.111111 23.085106 0.000000
      vertex 36.111111 22.765957 0.000000
    endloop
  endfacet
  facet normal 0.000000 0.000000 -1.000000
    outer loop
      vertex 35.793651 22.765957 0.000000
      vertex 35.793651 23.085106 0.000000
      vertex 36.111111 23.085106 0.000000
    endloop
  endfacet
  facet normal 0.000000 0.000000 1.000000
    outer loop
      vertex 35.793651 22.765957 0.400000
      vertex 36.111111 22.765957 0.400000
      vertex 36.111111 23.085106 0.400000
    endloop
  endfacet
  facet normal 0.000000 0.000000 1.000000
    outer loop
      vertex 35.793651 22.765957 0.400000
      vertex 36.111111 23.085106 0.400000
      vertex 35.793651 23.085106 0.400000
    endloop
  endfacet
  facet normal 0.000000 -1.000000 0.000000
    outer loop
      vertex 35.793651 22.765957 0.000000
      vertex 36.111111 22.765957 0.000000
      vertex 36.111111 22.765957 0.400000
    endloop
  endfacet
  facet normal 0.000000 -1.000000 0.000000
    outer loop
      vertex 35.793651 22.765957 0.000000
      vertex 36.111111 22.765957 0.400000
      vertex 35.793651 22.765957 0.400000
    endloop
  endfacet
  facet normal 0.000000 1.000000 0.000000
    outer loop
      vertex 35.793651 23.085106 0.000000
      vertex 36.111111 23.085106 0.400000
      vertex 36.111111 23.085106 0.000000
    endloop
  endfacet
  facet normal 0.000000 1.000000 0.000000
    outer loop
      vertex 35.793651 23.085106 0.000000
      vertex 35.793651 23.085106 0.400000
      vertex 36.111111 23.085106 0.400000
    endloop
  endfacet
  facet normal -1.000000 0.000000 0.000000
    outer loop
      vertex 35.793651 22.765957 0.000000
      vertex 35.793651 22.765957 0.400000
      vertex 35.793651 23.085106 0.400000
    endloop
  endfacet
  facet normal -1.000000 0.000000 0.000000
    outer loop
      vertex 35.793651 22.765957 0.000000
      vertex 35.793651 23.085106 0.400000
      vertex 35.793651 23.085106 0.000000
    endloop
  endfacet
  facet normal 1.000000 0.000000 0.000000
    outer loop
      vertex 36.111111 22.765957 0.000000
      vertex 36.111111 23.085106 0.000000
      vertex 36.111111 23.085106 0.400000
    endloop
  endfacet
  facet normal 1.000000 0.000000 0.000000
    outer loop
      vertex 36.111111 22.765957 0.000000
      vertex 36.111111 23.085106 0.400000
      vertex 36.111111 22.765957 0.400000
    endloop
  endfacet
  facet normal 0.000000 0.000000 -1.000000
    outer loop
      vertex 27.539683 22.446809 0.000000
      vertex 28.174603 22.765957 0.000000
      vertex 28.174603 22.446809 0.000000
    endloop
  endfacet
  facet normal 0.000000 0.000000 -1.000000
    outer loop
      vertex 27.539683 22.446809 0.000000
      vertex 27.539683 22.765957 0.000000
      vertex 28.174603 22.765957 0.000000
    endloop
  endfacet
  facet normal 0.000000 0.000000 1.000000
    outer loop
      vertex 27.539683 22.446809 0.400000
      vertex 28.174603 22.446809 0.400000
      vertex 28.174603 22.765957 0.400000
    endloop
  endfacet
  facet normal 0.000000 0.000000 1.000000
    outer loop
      vertex 27.539683 22.446809 0.400000
      vertex 28.174603 22.765957 0.400000
      vertex 27.539683 22.765957 0.400000
    endloop
  endfacet
  facet normal 0.000000 -1.000000 0.000000
    outer loop
      vertex 27.539683 22.446809 0.000000
      vertex 28.174603 22.446809 0.000000
      vertex 28.174603 22.446809 0.400000
    endloop
  endfacet
  facet normal 0.000000 -1.000000 0.000000
    outer loop
      vertex 27.539683 22.446809 0.000000
      vertex 28.174603 22.446809 0.400000
      vertex 27.539683 22.446809 0.400000
    endloop
  endfacet
  facet normal 0.000000 1.000000 0.000000
    outer loop
      vertex 27.539683 22.765957 0.000000
      vertex 28.174603 22.765957 0.400000
      vertex 28.174603 22.765957 0.000000
    endloop
  endfacet
  facet normal 0.000000 1.000000 0.000000
    outer loop
      vertex 27.539683 22.765957 0.000000
      vertex 27.539683 22.765957 0.400000
      vertex 28.174603 22.765957 0.400000
    endloop
  endfacet
  facet normal -1.000000 0.000000 0.000000
    outer loop
      vertex 27.539683 22.446809 0.000000
      vertex 27.539683 22.446809 0.400000
      vertex 27.539683 22.765957 0.400000
    endloop
  endfacet
  facet normal -1.000000 0.000000 0.000000
    outer loop
      vertex 27.539683 22.446809 0.000000
      vertex 27.539683 22.765957 0.400000
      vertex 27.539683 22.765957 0.000000
    endloop
  endfacet
  facet normal 1.000000 0.000000 0.000000
    outer loop
      vertex 28.174603 22.446809 0.000000
      vertex 28.174603 22.765957 0.000000
      vertex 28.174603 22.765957 0.400000
    endloop
  endfacet
  facet normal 1.000000 0.000000 0.000000
    outer loop
      vertex 28.174603 22.446809 0.000000
      vertex 28.174603 22.765957 0.400000
      vertex 28.174603 22.446809 0.400000
    endloop
  endfacet
  facet normal 0.000000 0.000000 -1.000000
    outer loop
      vertex 31.031746 22.446809 0.000000
      vertex 31.984127 22.765957 0.000000
      vertex 31.984127 22.446809 0.000000
    endloop
  endfacet
  facet normal 0.000000 0.000000 -1.000000
    outer loop
      vertex 31.031746 22.446809 0.000000
      vertex 31.031746 22.765957 0.000000
      vertex 31.984127 22.765957 0.000000
    endloop
  endfacet
  facet normal 0.000000 0.000000 1.000000
    outer loop
      vertex 31.031746 22.446809 0.400000
      vertex 31.984127 22.446809 0.400000
      vertex 31.984127 22.765957 0.400000
    endloop
  endfacet
  facet normal 0.000000 0.000000 1.000000
    outer loop
      vertex 31.031746 22.446809 0.400000
      vertex 31.984127 22.765957 0.400000
      vertex 31.031746 22.765957 0.400000
    endloop
  endfacet
  facet normal 0.000000 -1.000000 0.000000
    outer loop
      vertex 31.031746 22.446809 0.000000
      vertex 31.984127 22.446809 0.000000
      vertex 31.984127 22.446809 0.400000
    endloop
  endfacet
  facet normal 0.000000 -1.000000 0.000000
    outer loop
      vertex 31.031746 22.446809 0.000000
      vertex 31.984127 22.446809 0.400000
      vertex 31.031746 22.446809 0.400000
    endloop
  endfacet
  facet normal 0.000000 1.000000 0.000000
    outer loop
      vertex 31.031746 22.765957 0.000000
      vertex 31.984127 22.765957 0.400000
      vertex 31.984127 22.765957 0.000000
    endloop
  endfacet
  facet normal 0.000000 1.000000 0.000000
    outer loop
      vertex 31.031746 22.765957 0.000000
      vertex 31.031746 22.765957 0.400000
      vertex 31.984127 22.765957 0.400000
    endloop
  endfacet
  facet normal -1.000000 0.000000 0.000000
    outer loop
      vertex 31.031746 22.446809 0.000000
      vertex 31.031746 22.446809 0.400000
      vertex 31.031746 22.765957 0.400000
    endloop
  endfacet
  facet normal -1.000000 0.000000 0.000000
    outer loop
      vertex 31.031746 22.446809 0.000000
      vertex 31.031746 22.765957 0.400000
      vertex 31.031746 22.765957 0.000000
    endloop
  endfacet
  facet normal 1.000000 0.000000 0.000000
    outer loop
      vertex 31.984127 22.446809 0.000000
      vertex 31.984127 22.765957 0.000000
      vertex 31.984127 22.765957 0.400000
    endloop
  endfacet
  facet normal 1.000000 0.000000 0.000000
    outer loop
      vertex 31.984127 22.446809 0.000000
      vertex 31.984127 22.765957 0.400000
      vertex 31.984127 22.446809 0.400000
    endloop
  endfacet
  facet normal 0.000000 0.000000 -1.000000
    outer loop
      vertex 36.746032 22.446809 0.000000
      vertex 38.333333 22.765957 0.000000
      vertex 38.333333 22.446809 0.000000
    endloop
  endfacet
  facet normal 0.000000 0.000000 -1.000000
    outer loop
      vertex 36.746032 22.446809 0.000000
      vertex 36.746032 22.765957 0.000000
      vertex 38.333333 22.765957 0.000000
    endloop
  endfacet
  facet normal 0.000000 0.000000 1.000000
    outer loop
      vertex 36.746032 22.446809 0.400000
      vertex 38.333333 22.446809 0.400000
      vertex 38.333333 22.765957 0.400000
    endloop
  endfacet
  facet normal 0.000000 0.000000 1.000000
    outer loop
      vertex 36.746032 22.446809 0.400000
      vertex 38.333333 22.765957 0.400000
      vertex 36.746032 22.765957 0.400000
    endloop
  endfacet
  facet normal 0.000000 -1.000000 0.000000
    outer loop
      vertex 36.746032 22.446809 0.000000
      vertex 38.333333 22.446809 0.000000
      vertex 38.333333 22.446809 0.400000
    endloop
  endfacet
  facet normal 0.000000 -1.000000 0.000000
    outer loop
      vertex 36.746032 22.446809 0.000000
      vertex 38.333333 22.446809 0.400000
      vertex 36.746032 22.446809 0.400000
    endloop
  endfacet
  facet normal 0.000000 1.000000 0.000000
    outer loop
      vertex 36.746032 22.765957 0.000000
      vertex 38.333333 22.765957 0.400000
      vertex 38.333333 22.765957 0.000000
    endloop
  endfacet
  facet normal 0.000000 1.000000 0.000000
    outer loop
      vertex 36.746032 22.765957 0.000000
      vertex 36.746032 22.765957 0.400000
      vertex 38.333333 22.765957 0.400000
    endloop
  endfacet
  facet normal -1.000000 0.000000 0.000000
    outer loop
      vertex 36.746032 22.446809 0.000000
      vertex 36.746032 22.446809 0.400000
      vertex 36.746032 22.765957 0.400000
    endloop
  endfacet
  facet normal -1.000000 0.000000 0.000000
    outer loop
      vertex 36.746032 22.446809 0.000000
      vertex 36.746032 22.765957 0.400000
      vertex 36.746032 22.765957 0.000000
    endloop
  endfacet
  facet normal 1.000000 0.000000 0.000000
    outer loop
      vertex 38.333333 22.446809 0.000000
      vertex 38.333333 22.765957 0.000000
      vertex 38.333333 22.765957 0.400000
    endloop
  endfacet
  facet normal 1.000000 0.000000 0.000000
    outer loop
      vertex 38.333333 22.446809 0.000000
      vertex 38.333333 22.765957 0.400000
      vertex 38.333333 22.446809 0.400000
    endloop
  endfacet
  facet normal 0.000000 0.000000 -1.000000
    outer loop
      vertex 21.507937 22.127660 0.000000
      vertex 22.777778 22.446809 0.000000
      vertex 22.777778 22.127660 0.000000
    endloop
  endfacet
  facet normal 0.000000 0.000000 -1.000000
    outer loop
      vertex 21.507937 22.127660 0.000000
      vertex 21.507937 22.446809 0.000000
      vertex 22.777778 22.446809 0.000000
    endloop
  endfacet
  facet normal 0.000000 0.000000 1.000000
    outer loop
      vertex 21.507937 22.127660 0.400000
      vertex 22.777778 22.127660 0.400000
      vertex 22.777778 22.446809 0.400000
    endloop
  endfacet
  facet normal 0.000000 0.000000 1.000000
    outer loop
      vertex 21.507937 22.127660 0.400000
      vertex 22.777778 22.446809 0.400000
      vertex 21.507937 22.446809 0.400000
    endloop
  endfacet
  facet normal 0.000000 -1.000000 0.000000
    outer loop
      vertex 21.507937 22.127660 0.000000
      vertex 22.777778 22.127660 0.000000
      vertex 22.777778 22.127660 0.400000
    endloop
  endfacet
  facet normal 0.000000 -1.000000 0.000000
    outer loop
      vertex 21.507937 22.127660 0.000000
      vertex 22.777778 22.127660 0.400000
      vertex 21.507937 22.127660 0.400000
    endloop
  endfacet
  facet normal 0.000000 1.000000 0.000000
    outer loop
      vertex 21.507937 22.446809 0.000000
      vertex 22.777778 22.446809 0.400000
      vertex 22.777778 22.446809 0.000000
    endloop
  endfacet
  facet normal 0.000000 1.000000 0.000000
    outer loop
      vertex 21.507937 22.446809 0.000000
      vertex 21.507937 22.446809 0.400000
      vertex 22.777778 22.446809 0.400000
    endloop
  endfacet
  facet normal -1.000000 0.000000 0.000000
    outer loop
      vertex 21.507937 22.127660 0.000000
      vertex 21.507937 22.127660 0.400000
      vertex 21.507937 22.446809 0.400000
    endloop
  endfacet
  facet normal -1.000000 0.000000 0.000000
    outer loop
      vertex 21.507937 22.127660 0.000000
      vertex 21.507937 22.446809 0.400000
      vertex 21.507937 22.446809 0.000000
    endloop
  endfacet
  facet normal 1.000000 0.000000 0.000000
    outer loop
      vertex 22.777778 22.127660 0.000000
      vertex 22.777778 22.446809 0.000000
      vertex 22.777778 22.446809 0.400000
    endloop
  endfacet
  facet normal 1.000000 0.000000 0.000000
    outer loop
      vertex 22.777778 22.127660 0.000000
      vertex 22.777778 22.446809 0.400000
      vertex 22.777778 22.127660 0.400000
    endloop
  endfacet
  facet normal 0.000000 0.000000 -1.000000
    outer loop
      vertex 27.857143 22.127660 0.000000
      vertex 28.174603 22.446809 0.000000
      vertex 28.174603 22.127660 0.000000
    endloop
  endfacet
  facet normal 0.000000 0.000000 -1.000000
    outer loop
      vertex 27.857143 22.127660 0.000000
      vertex 27.857143 22.446809 0.000000
      vertex 28.174603 22.446809 0.000000
    endloop
  endfacet
  facet normal 0.000000 0.000000 1.000000
    outer loop
      vertex 27.857143 22.127660 0.400000
      vertex 28.174603 22.127660 0.400000
      vertex 28.174603 22.446809 0.400000
    endloop
  endfacet
  facet normal 0.000000 0.000000 1.000000
    outer loop
      vertex 27.857143 22.127660 0.400000
      vertex 28.174603 22.446809 0.400000
      vertex 27.857143 22.446809 0.400000
    endloop
  endfacet
  facet normal 0.000000 -1.000000 0.000000
    outer loop
      vertex 27.857143 22.127660 0.000000
      vertex 28.174603 22.127660 0.000000
      vertex 28.174603 22.127660 0.400000
    endloop
  endfacet
  facet normal 0.000000 -1.000000 0.000000
    outer loop
      vertex 27.857143 22.127660 0.000000
      vertex 28.174603 22.127660 0.400000
      vertex 27.857143 22.127660 0.400000
    endloop
  endfacet
  facet normal 0.000000 1.000000 0.000000
    outer loop
      vertex 27.857143 22.446809 0.000000
      vertex 28.174603 22.446809 0.400000
      vertex 28.174603 22.446809 0.000000
    endloop
  endfacet
  facet normal 0.000000 1.000000 0.000000
    outer loop
      vertex 27.857143 22.446809 0.000000
      vertex 27.857143 22.446809 0.400000
      vertex 28.174603 22.446809 0.400000
    endloop
  endfacet
  facet normal -1.000000 0.000000 0.000000
    outer loop
      vertex 27.857143 22.127660 0.000000
      vertex 27.857143 22.127660 0.400000
      vertex 27.857143 22.446809 0.400000
    endloop
  endfacet
  facet normal -1.000000 0.000000 0.000000
    outer loop
      vertex 27.857143 22.127660 0.000000
      vertex 27.857143 22.446809 0.400000
      vertex 27.857143 22.446809 0.000000
    endloop
  endfacet
  facet normal 1.000000 0.000000 0.000000
    outer loop
      vertex 28.174603 22.127660 0.000000
      vertex 28.174603 22.446809 0.000000
      vertex 28.174603 22.446809 0.400000
    endloop
  endfacet
  facet normal 1.000000 0.000000 0.000000
    outer loop
      vertex 28.174603 22.127660 0.000000
      vertex 28.174603 22.446809 0.400000
      vertex 28.174603 22.127660 0.400000
    endloop
  endfacet
  facet normal 0.000000 0.000000 -1.000000
    outer loop
      vertex 31.031746 17.659574 0.000000
      vertex 31.666667 22.446809 0.000000
      vertex 31.666667 17.659574 0.000000
    endloop
  endfacet
  facet normal 0.000000 0.000000 -1.000000
    outer loop
      vertex 31.031746 17.659574 0.000000
      vertex 31.031746 22.446809 0.000000
      vertex 31.666667 22.446809 0.000000
    endloop
  endfacet
  facet normal 0.000000 0.000000 1.000000
    outer loop
      vertex 31.031746 17.659574 0.400000
      vertex 31.666667 17.659574 0.400000
      vertex 31.666667 22.446809 0.400000
    endloop
  endfacet
  facet normal 0.000000 0.000000 1.000000
    outer loop
      vertex 31.031746 17.659574 0.400000
      vertex 31.666667 22.446809 0.400000
      vertex 31.031746 22.446809 0.400000
    endloop
  endfacet
  facet normal 0.000000 -1.000000 0.000000
    outer loop
      vertex 31.031746 17.659574 0.000000
      vertex 31.666667 17.659574 0.000000
      vertex 31.666667 17.659574 0.400000
    endloop
  endfacet
  facet normal 0.000000 -1.000000 0.000000
    outer loop
      vertex 31.031746 17.659574 0.000000
      vertex 31.666667 17.659574 0.400000
      vertex 31.031746 17.659574 0.400000
    endloop
  endfacet
  facet normal 0.000000 1.000000 0.000000
    outer loop
      vertex 31.031746 22.446809 0.000000
      vertex 31.666667 22.446809 0.400000
      vertex 31.666667 22.446809 0.000000
    endloop
  endfacet
  facet normal 0.000000 1.000000 0.000000
    outer loop
      vertex 31.031746 22.446809 0.000000
      vertex 31.031746 22.446809 0.400000
      vertex 31.666667 22.446809 0.400000
    endloop
  endfacet
  facet normal -1.000000 0.000000 0.000000
    outer loop
      vertex 31.031746 17.659574 0.000000
      vertex 31.031746 17.659574 0.400000
      vertex 31.031746 22.446809 0.400000
    endloop
  endfacet
  facet normal -1.000000 0.000000 0.000000
    outer loop
      vertex 31.031746 17.659574 0.000000
      vertex 31.031746 22.446809 0.400000
      vertex 31.031746 22.446809 0.000000
    endloop
  endfacet
  facet normal 1.000000 0.000000 0.000000
    outer loop
      vertex 31.666667 17.659574 0.000000
      vertex 31.666667 22.446809 0.000000
      vertex 31.666667 22.446809 0.400000
    endloop
  endfacet
  facet normal 1.000000 0.000000 0.000000
    outer loop
      vertex 31.666667 17.659574 0.000000
      vertex 31.666667 22.446809 0.400000
      vertex 31.666667 17.659574 0.400000
    endloop
  endfacet
  facet normal 0.000000 0.000000 -1.000000
    outer loop
      vertex 37.380952 22.127660 0.000000
      vertex 38.333333 22.446809 0.000000
      vertex 38.333333 22.127660 0.000000
    endloop
  endfacet
  facet normal 0.000000 0.000000 -1.000000
    outer loop
      vertex 37.380952 22.127660 0.000000
      vertex 37.380952 22.446809 0.000000
      vertex 38.333333 22.446809 0.000000
    endloop
  endfacet
  facet normal 0.000000 0.000000 1.000000
    outer loop
      vertex 37.380952 22.127660 0.400000
      vertex 38.333333 22.127660 0.400000
      vertex 38.333333 22.446809 0.400000
    endloop
  endfacet
  facet normal 0.000000 0.000000 1.000000
    outer loop
      vertex 37.380952 22.127660 0.400000
      vertex 38.333333 22.446809 0.400000
      vertex 37.380952 22.446809 0.400000
    endloop
  endfacet
  facet normal 0.000000 -1.000000 0.000000
    outer loop
      vertex 37.380952 22.127660 0.000000
      vertex 38.333333 22.127660 0.000000
      vertex 38.333333 22.127660 0.400000
    endloop
  endfacet
  facet normal 0.000000 -1.000000 0.000000
    outer loop
      vertex 37.380952 22.127660 0.000000
      vertex 38.333333 22.127660 0.400000
      vertex 37.380952 22.127660 0.400000
    endloop
  endfacet
  facet normal 0.000000 1.000000 0.000000
    outer loop
      vertex 37.380952 22.446809 0.000000
      vertex 38.333333 22.446809 0.400000
      vertex 38.333333 22.446809 0.000000
    endloop
  endfacet
  facet normal 0.000000 1.000000 0.000000
    outer loop
      vertex 37.380952 22.446809 0.000000
      vertex 37.380952 22.446809 0.400000
      vertex 38.333333 22.446809 0.400000
    endloop
  endfacet
  facet normal -1.000000 0.000000 0.000000
    outer loop
      vertex 37.380952 22.127660 0.000000
      vertex 37.380952 22.127660 0.400000
      vertex 37.380952 22.446809 0.400000
    endloop
  endfacet
  facet normal -1.000000 0.000000 0.000000
    outer loop
      vertex 37.380952 22.127660 0.000000
      vertex 37.380952 22.446809 0.400000
      vertex 37.380952 22.446809 0.000000
    endloop
  endfacet
  facet normal 1.000000 0.000000 0.000000
    outer loop
      vertex 38.333333 22.127660 0.000000
      vertex 38.333333 22.446809 0.000000
      vertex 38.333333 22.446809 0.400000
    endloop
  endfacet
  facet normal 1.000000 0.000000 0.000000
    outer loop
      vertex 38.333333 22.127660 0.000000
      vertex 38.333333 22.446809 0.400000
      vertex 38.333333 22.127660 0.400000
    endloop
  endfacet
  facet normal 0.000000 0.000000 -1.000000
    outer loop
      vertex 21.507937 21.808511 0.000000
      vertex 22.460317 22.127660 0.000000
      vertex 22.460317 21.808511 0.000000
    endloop
  endfacet
  facet normal 0.000000 0.000000 -1.000000
    outer loop
      vertex 21.507937 21.808511 0.000000
      vertex 21.507937 22.127660 0.000000
      vertex 22.460317 22.127660 0.000000
    endloop
  endfacet
  facet normal 0.000000 0.000000 1.000000
    outer loop
      vertex 21.507937 21.808511 0.400000
      vertex 22.460317 21.808511 0.400000
      vertex 22.460317 22.127660 0.400000
    endloop
  endfacet
  facet normal 0.000000 0.000000 1.000000
    outer loop
      vertex 21.507937 21.808511 0.400000
      vertex 22.460317 22.127660 0.400000
      vertex 21.507937 22.127660 0.400000
    endloop
  endfacet
  facet normal 0.000000 -1.000000 0.000000
    outer loop
      vertex 21.507937 21.808511 0.000000
      vertex 22.460317 21.808511 0.000000
      vertex 22.460317 21.808511 0.400000
    endloop
  endfacet
  facet normal 0.000000 -1.000000 0.000000
    outer loop
      vertex 21.507937 21.808511 0.000000
      vertex 22.460317 21.808511 0.400000
      vertex 21.507937 21.808511 0.400000
    endloop
  endfacet
  facet normal 0.000000 1.000000 0.000000
    outer loop
      vertex 21.507937 22.127660 0.000000
      vertex 22.460317 22.127660 0.400000
      vertex 22.460317 22.127660 0.000000
    endloop
  endfacet
  facet normal 0.000000 1.000000 0.000000
    outer loop
      vertex 21.507937 22.127660 0.000000
      vertex 21.507937 22.127660 0.400000
      vertex 22.460317 22.127660 0.400000
    endloop
  endfacet
  facet normal -1.000000 0.000000 0.000000
    outer loop
      vertex 21.507937 21.808511 0.000000
      vertex 21.507937 21.808511 0.400000
      vertex 21.507937 22.127660 0.400000
    endloop
  endfacet
  facet normal -1.000000 0.000000 0.000000
    outer loop
      vertex 21.507937 21.808511 0.000000
      vertex 21.507937 22.127660 0.400000
      vertex 21.507937 22.127660 0.000000
    endloop
  endfacet
  facet normal 1.000000 0.000000 0.000000
    outer loop
      vertex 22.460317 21.808511 0.000000
      vertex 22.460317 22.127660 0.000000
      vertex 22.460317 22.127660 0.400000
    endloop
  endfacet
  facet normal 1.000000 0.000000 0.000000
    outer loop
      vertex 22.460317 21.808511 0.000000
      vertex 22.460317 22.127660 0.400000
      vertex 22.460317 21.808511 0.400000
    endloop
  endfacet
  facet normal 0.000000 0.000000 -1.000000
    outer loop
      vertex 37.698413 21.808511 0.000000
      vertex 38.333333 22.127660 0.000000
      vertex 38.333333 21.808511 0.000000
    endloop
  endfacet
  facet normal 0.000000 0.000000 -1.000000
    outer loop
      vertex 37.698413 21.808511 0.000000
      vertex 37.698413 22.127660 0.000000
      vertex 38.333333 22.127660 0.000000
    endloop
  endfacet
  facet normal 0.000000 0.000000 1.000000
    outer loop
      vertex 37.698413 21.808511 0.400000
      vertex 38.333333 21.808511 0.400000
      vertex 38.333333 22.127660 0.400000
    endloop
  endfacet
  facet normal 0.000000 0.000000 1.000000
    outer loop
      vertex 37.698413 21.808511 0.400000
      vertex 38.333333 22.127660 0.400000
      vertex 37.698413 22.127660 0.400000
    endloop
  endfacet
  facet normal 0.000000 -1.000000 0.000000
    outer loop
      vertex 37.698413 21.808511 0.000000
      vertex 38.333333 21.808511 0.000000
      vertex 38.333333 21.808511 0.400000
    endloop
  endfacet
  facet normal 0.000000 -1.000000 0.000000
    outer loop
      vertex 37.698413 21.808511 0.000000
      vertex 38.333333 21.808511 0.400000
      vertex 37.698413 21.808511 0.400000
    endloop
  endfacet
  facet normal 0.000000 1.000000 0.000000
    outer loop
      vertex 37.698413 22.127660 0.000000
      vertex 38.333333 22.127660 0.400000
      vertex 38.333333 22.127660 0.000000
    endloop
  endfacet
  facet normal 0.000000 1.000000 0.000000
    outer loop
      vertex 37.698413 22.127660 0.000000
      vertex 37.698413 22.127660 0.400000
      vertex 38.333333 22.127660 0.400000
    endloop
  endfacet
  facet normal -1.000000 0.000000 0.000000
    outer loop
      vertex 37.698413 21.808511 0.000000
      vertex 37.698413 21.808511 0.400000
      vertex 37.698413 22.127660 0.400000
    endloop
  endfacet
  facet normal -1.000000 0.000000 0.000000
    outer loop
      vertex 37.698413 21.808511 0.000000
      vertex 37.698413 22.127660 0.400000
      vertex 37.698413 22.127660 0.000000
    endloop
  endfacet
  facet normal 1.000000 0.000000 0.000000
    outer loop
      vertex 38.333333 21.808511 0.000000
      vertex 38.333333 22.127660 0.000000
      vertex 38.333333 22.127660 0.400000
    endloop
  endfacet
  facet normal 1.000000 0.000000 0.000000
    outer loop
      vertex 38.333333 21.808511 0.000000
      vertex 38.333333 22.127660 0.400000
      vertex 38.333333 21.808511 0.400000
    endloop
  endfacet
  facet normal 0.000000 0.000000 -1.000000
    outer loop
      vertex 21.507937 21.170213 0.000000
      vertex 22.142857 21.808511 0.000000
      vertex 22.142857 21.170213 0.000000
    endloop
  endfacet
  facet normal 0.000000 0.000000 -1.000000
    outer loop
      vertex 21.507937 21.170213 0.000000
      vertex 21.507937 21.808511 0.000000
      vertex 22.142857 21.808511 0.000000
    endloop
  endfacet
  facet normal 0.000000 0.000000 1.000000
    outer loop
      vertex 21.507937 21.170213 0.400000
      vertex 22.142857 21.170213 0.400000
      vertex 22.142857 21.808511 0.400000
    endloop
  endfacet
  facet normal 0.000000 0.000000 1.000000
    outer loop
      vertex 21.507937 21.170213 0.400000
      vertex 22.142857 21.808511 0.400000
      vertex 21.507937 21.808511 0.400000
    endloop
  endfacet
  facet normal 0.000000 -1.000000 0.000000
    outer loop
      vertex 21.507937 21.170213 0.000000
      vertex 22.142857 21.170213 0.000000
      vertex 22.142857 21.170213 0.400000
    endloop
  endfacet
  facet normal 0.000000 -1.000000 0.000000
    outer loop
      vertex 21.507937 21.170213 0.000000
      vertex 22.142857 21.170213 0.400000
      vertex 21.507937 21.170213 0.400000
    endloop
  endfacet
  facet normal 0.000000 1.000000 0.000000
    outer loop
      vertex 21.507937 21.808511 0.000000
      vertex 22.142857 21.808511 0.400000
      vertex 22.142857 21.808511 0.000000
    endloop
  endfacet
  facet normal 0.000000 1.000000 0.000000
    outer loop
      vertex 21.507937 21.808511 0.000000
      vertex 21.507937 21.808511 0.400000
      vertex 22.142857 21.808511 0.400000
    endloop
  endfacet
  facet normal -1.000000 0.000000 0.000000
    outer loop
      vertex 21.507937 21.170213 0.000000
      vertex 21.507937 21.170213 0.400000
      vertex 21.507937 21.808511 0.400000
    endloop
  endfacet
  facet normal -1.000000 0.000000 0.000000
    outer loop
      vertex 21.507937 21.170213 0.000000
      vertex 21.507937 21.808511 0.400000
      vertex 21.507937 21.808511 0.000000
    endloop
  endfacet
  facet normal 1.000000 0.000000 0.000000
    outer loop
      vertex 22.142857 21.170213 0.000000
      vertex 22.142857 21.808511 0.000000
      vertex 22.142857 21.808511 0.400000
    endloop
  endfacet
  facet normal 1.000000 0.000000 0.000000
    outer loop
      vertex 22.142857 21.170213 0.000000
      vertex 22.142857 21.808511 0.400000
      vertex 22.142857 21.170213 0.400000
    endloop
  endfacet
  facet normal 0.000000 0.000000 -1.000000
    outer loop
      vertex 28.492063 21.489362 0.000000
      vertex 28.809524 21.808511 0.000000
      vertex 28.809524 21.489362 0.000000
    endloop
  endfacet
  facet normal 0.000000 0.000000 -1.000000
    outer loop
      vertex 28.492063 21.489362 0.000000
      vertex 28.492063 21.808511 0.000000
      vertex 28.809524 21.808511 0.000000
    endloop
  endfacet
  facet normal 0.000000 0.000000 1.000000
    outer loop
      vertex 28.492063 21.489362 0.400000
      vertex 28.809524 21.489362 0.400000
      vertex 28.809524 21.808511 0.400000
    endloop
  endfacet
  facet normal 0.000000 0.000000 1.000000
    outer loop
      vertex 28.492063 21.489362 0.400000
      vertex 28.809524 21.808511 0.400000
      vertex 28.492063 21.808511 0.400000
    endloop
  endfacet
  facet normal 0.000000 -1.000000 0.000000
    outer loop
      vertex 28.492063 21.489362 0.000000
      vertex 28.809524 21.489362 0.000000
      vertex 28.809524 21.489362 0.400000
    endloop
  endfacet
  facet normal 0.000000 -1.000000 0.000000
    outer loop
      vertex 28.492063 21.489362 0.000000
      vertex 28.809524 21.489362 0.400000
      vertex 28.492063 21.489362 0.400000
    endloop
  endfacet
  facet normal 0.000000 1.000000 0.000000
    outer loop
      vertex 28.492063 21.808511 0.000000
      vertex 28.809524 21.808511 0.400000
      vertex 28.809524 21.808511 0.000000
    endloop
  endfacet
  facet normal 0.000000 1.000000 0.000000
    outer loop
      vertex 28.492063 21.808511 0.000000
      vertex 28.492063 21.808511 0.400000
      vertex 28.809524 21.808511 0.400000
    endloop
  endfacet
  facet normal -1.000000 0.000000 0.000000
    outer loop
      vertex 28.492063 21.489362 0.000000
      vertex 28.492063 21.489362 0.400000
      vertex 28.492063 21.808511 0.400000
    endloop
  endfacet
  facet normal -1.000000 0.000000 0.000000
    outer loop
      vertex 28.492063 21.489362 0.000000
      vertex 28.492063 21.808511 0.400000
      vertex 28.492063 21.808511 0.000000
    endloop
  endfacet
  facet normal 1.000000 0.000000 0.000000
    outer loop
      vertex 28.809524 21.489362 0.000000
      vertex 28.809524 21.808511 0.000000
      vertex 28.809524 21.808511 0.400000
    endloop
  endfacet
  facet normal 1.000000 0.000000 0.000000
    outer loop
      vertex 28.809524 21.489362 0.000000
      vertex 28.809524 21.808511 0.400000
      vertex 28.809524 21.489362 0.400000
    endloop
  endfacet
  facet normal 0.000000 0.000000 -1.000000
    outer loop
      vertex 38.015873 21.489362 0.000000
      vertex 38.333333 21.808511 0.000000
      vertex 38.333333 21.489362 0.000000
    endloop
  endfacet
  facet normal 0.000000 0.000000 -1.000000
    outer loop
      vertex 38.015873 21.489362 0.000000
      vertex 38.015873 21.808511 0.000000
      vertex 38.333333 21.808511 0.000000
    endloop
  endfacet
  facet normal 0.000000 0.000000 1.000000
    outer loop
      vertex 38.015873 21.489362 0.400000
      vertex 38.333333 21.489362 0.400000
      vertex 38.333333 21.808511 0.400000
    endloop
  endfacet
  facet normal 0.000000 0.000000 1.000000
    outer loop
      vertex 38.015873 21.489362 0.400000
      vertex 38.333333 21.808511 0.400000
      vertex 38.015873 21.808511 0.400000
    endloop
  endfacet
  facet normal 0.000000 -1.000000 0.000000
    outer loop
      vertex 38.015873 21.489362 0.000000
      vertex 38.333333 21.489362 0.000000
      vertex 38.333333 21.489362 0.400000
    endloop
  endfacet
  facet normal 0.000000 -1.000000 0.000000
    outer loop
      vertex 38.015873 21.489362 0.000000
      vertex 38.333333 21.489362 0.400000
      vertex 38.015873 21.489362 0.400000
    endloop
  endfacet
  facet normal 0.000000 1.000000 0.000000
    outer loop
      vertex 38.015873 21.808511 0.000000
      vertex 38.333333 21.808511 0.400000
      vertex 38.333333 21.808511 0.000000
    endloop
  endfacet
  facet normal 0.000000 1.000000 0.000000
    outer loop
      vertex 38.015873 21.808511 0.000000
      vertex 38.015873 21.808511 0.400000
      vertex 38.333333 21.808511 0.400000
    endloop
  endfacet
  facet normal -1.000000 0.000000 0.000000
    outer loop
      vertex 38.015873 21.489362 0.000000
      vertex 38.015873 21.489362 0.400000
      vertex 38.015873 21.808511 0.400000
    endloop
  endfacet
  facet normal -1.000000 0.000000 0.000000
    outer loop
      vertex 38.015873 21.489362 0.000000
      vertex 38.015873 21.808511 0.400000
      vertex 38.015873 21.808511 0.000000
    endloop
  endfacet
  facet normal 1.000000 0.000000 0.000000
    outer loop
      vertex 38.333333 21.489362 0.000000
      vertex 38.333333 21.808511 0.000000
      vertex 38.333333 21.808511 0.400000
    endloop
  endfacet
  facet normal 1.000000 0.000000 0.000000
    outer loop
      vertex 38.333333 21.489362 0.000000
      vertex 38.333333 21.808511 0.400000
      vertex 38.333333 21.489362 0.400000
    endloop
  endfacet
  facet normal 0.000000 0.000000 -1.000000
    outer loop
      vertex 21.507937 20.531915 0.000000
      vertex 21.825397 21.170213 0.000000
      vertex 21.825397 20.531915 0.000000
    endloop
  endfacet
  facet normal 0.000000 0.000000 -1.000000
    outer loop
      vertex 21.507937 20.531915 0.000000
      vertex 21.507937 21.170213 0.000000
      vertex 21.825397 21.170213 0.000000
    endloop
  endfacet
  facet normal 0.000000 0.000000 1.000000
    outer loop
      vertex 21.507937 20.531915 0.400000
      vertex 21.825397 20.531915 0.400000
      vertex 21.825397 21.170213 0.400000
    endloop
  endfacet
  facet normal 0.000000 0.000000 1.000000
    outer loop
      vertex 21.507937 20.531915 0.400000
      vertex 21.825397 21.170213 0.400000
      vertex 21.507937 21.170213 0.400000
    endloop
  endfacet
  facet normal 0.000000 -1.000000 0.000000
    outer loop
      vertex 21.507937 20.531915 0.000000
      vertex 21.825397 20.531915 0.000000
      vertex 21.825397 20.531915 0.400000
    endloop
  endfacet
  facet normal 0.000000 -1.000000 0.000000
    outer loop
      vertex 21.507937 20.531915 0.000000
      vertex 21.825397 20.531915 0.400000
      vertex 21.507937 20.531915 0.400000
    endloop
  endfacet
  facet normal 0.000000 1.000000 0.000000
    outer loop
      vertex 21.507937 21.170213 0.000000
      vertex 21.825397 21.170213 0.400000
      vertex 21.825397 21.170213 0.000000
    endloop
  endfacet
  facet normal 0.000000 1.000000 0.000000
    outer loop
      vertex 21.507937 21.170213 0.000000
      vertex 21.507937 21.170213 0.400000
      vertex 21.825397 21.170213 0.400000
    endloop
  endfacet
  facet normal -1.000000 0.000000 0.000000
    outer loop
      vertex 21.507937 20.531915 0.000000
      vertex 21.507937 20.531915 0.400000
      vertex 21.507937 21.170213 0.400000
    endloop
  endfacet
  facet normal -1.000000 0.000000 0.000000
    outer loop
      vertex 21.507937 20.531915 0.000000
      vertex 21.507937 21.170213 0.400000
      vertex 21.507937 21.170213 0.000000
    endloop
  endfacet
  facet normal 1.000000 0.000000 0.000000
    outer loop
      vertex 21.825397 20.531915 0.000000
      vertex 21.825397 21.170213 0.000000
      vertex 21.825397 21.170213 0.400000
    endloop
  endfacet
  facet normal 1.000000 0.000000 0.000000
    outer loop
      vertex 21.825397 20.531915 0.000000
      vertex 21.825397 21.170213 0.400000
      vertex 21.825397 20.531915 0.400000
    endloop
  endfacet
  facet normal 0.000000 0.000000 -1.000000
    outer loop
      vertex 24.682540 14.148936 0.000000
      vertex 25.952381 21.170213 0.000000
      vertex 25.952381 14.148936 0.000000
    endloop
  endfacet
  facet normal 0.000000 0.000000 -1.000000
    outer loop
      vertex 24.682540 14.148936 0.000000
      vertex 24.682540 21.170213 0.000000
      vertex 25.952381 21.170213 0.000000
    endloop
  endfacet
  facet normal 0.000000 0.000000 1.000000
    outer loop
      vertex 24.682540 14.148936 0.400000
      vertex 25.952381 14.148936 0.400000
      vertex 25.952381 21.170213 0.400000
    endloop
  endfacet
  facet normal 0.000000 0.000000 1.000000
    outer loop
      vertex 24.682540 14.148936 0.400000
      vertex 25.952381 21.170213 0.400000
      vertex 24.682540 21.170213 0.400000
    endloop
  endfacet
  facet normal 0.000000 -1.000000 0.000000
    outer loop
      vertex 24.682540 14.148936 0.000000
      vertex 25.952381 14.148936 0.000000
      vertex 25.952381 14.148936 0.400000
    endloop
  endfacet
  facet normal 0.000000 -1.000000 0.000000
    outer loop
      vertex 24.682540 14.148936 0.000000
      vertex 25.952381 14.148936 0.400000
      vertex 24.682540 14.148936 0.400000
    endloop
  endfacet
  facet normal 0.000000 1.000000 0.000000
    outer loop
      vertex 24.682540 21.170213 0.000000
      vertex 25.952381 21.170213 0.400000
      vertex 25.952381 21.170213 0.000000
    endloop
  endfacet
  facet normal 0.000000 1.000000 0.000000
    outer loop
      vertex 24.682540 21.170213 0.000000
      vertex 24.682540 21.170213 0.400000
      vertex 25.952381 21.170213 0.400000
    endloop
  endfacet
  facet normal -1.000000 0.000000 0.000000
    outer loop
      vertex 24.682540 14.148936 0.000000
      vertex 24.682540 14.148936 0.400000
      vertex 24.682540 21.170213 0.400000
    endloop
  endfacet
  facet normal -1.000000 0.000000 0.000000
    outer loop
      vertex 24.682540 14.148936 0.000000
      vertex 24.682540 21.170213 0.400000
      vertex 24.682540 21.170213 0.000000
    endloop
  endfacet
  facet normal 1.000000 0.000000 0.000000
    outer loop
      vertex 25.952381 14.148936 0.000000
      vertex 25.952381 21.170213 0.000000
      vertex 25.952381 21.170213 0.400000
    endloop
  endfacet
  facet normal 1.000000 0.000000 0.000000
    outer loop
      vertex 25.952381 14.148936 0.000000
      vertex 25.952381 21.170213 0.400000
      vertex 25.952381 14.148936 0.400000
    endloop
  endfacet
  facet normal 0.000000 0.000000 -1.000000
    outer loop
      vertex 29.126984 20.212766 0.000000
      vertex 29.444444 21.170213 0.000000
      vertex 29.444444 20.212766 0.000000
    endloop
  endfacet
  facet normal 0.000000 0.000000 -1.000000
    outer loop
      vertex 29.126984 20.212766 0.000000
      vertex 29.126984 21.170213 0.000000
      vertex 29.444444 21.170213 0.000000
    endloop
  endfacet
  facet normal 0.000000 0.000000 1.000000
    outer loop
      vertex 29.126984 20.212766 0.400000
      vertex 29.444444 20.212766 0.400000
      vertex 29.444444 21.170213 0.400000
    endloop
  endfacet
  facet normal 0.000000 0.000000 1.000000
    outer loop
      vertex 29.126984 20.212766 0.400000
      vertex 29.444444 21.170213 0.400000
      vertex 29.126984 21.170213 0.400000
    endloop
  endfacet
  facet normal 0.000000 -1.000000 0.000000
    outer loop
      vertex 29.126984 20.212766 0.000000
      vertex 29.444444 20.212766 0.000000
      vertex 29.444444 20.212766 0.400000
    endloop
  endfacet
  facet normal 0.000000 -1.000000 0.000000
    outer loop
      vertex 29.126984 20.212766 0.000000
      vertex 29.444444 20.212766 0.400000
      vertex 29.126984 20.212766 0.400000
    endloop
  endfacet
  facet normal 0.000000 1.000000 0.000000
    outer loop
      vertex 29.126984 21.170213 0.000000
      vertex 29.444444 21.170213 0.400000
      vertex 29.444444 21.170213 0.000000
    endloop
  endfacet
  facet normal 0.000000 1.000000 0.000000
    outer loop
      vertex 29.126984 21.170213 0.000000
      vertex 29.126984 21.170213 0.400000
      vertex 29.444444 21.170213 0.400000
    endloop
  endfacet
  facet normal -1.000000 0.000000 0.000000
    outer loop
      vertex 29.126984 20.212766 0.000000
      vertex 29.126984 20.212766 0.400000
      vertex 29.126984 21.170213 0.400000
    endloop
  endfacet
  facet normal -1.000000 0.000000 0.000000
    outer loop
      vertex 29.126984 20.212766 0.000000
      vertex 29.126984 21.170213 0.400000
      vertex 29.126984 21.170213 0.000000
    endloop
  endfacet
  facet normal 1.000000 0.000000 0.000000
    outer loop
      vertex 29.444444 20.212766 0.000000
      vertex 29.444444 21.170213 0.000000
      vertex 29.444444 21.170213 0.400000
    endloop
  endfacet
  facet normal 1.000000 0.000000 0.000000
    outer loop
      vertex 29.444444 20.212766 0.000000
      vertex 29.444444 21.170213 0.400000
      vertex 29.444444 20.212766 0.400000
    endloop
  endfacet
  facet normal 0.000000 0.000000 -1.000000
    outer loop
      vertex 32.936508 19.255319 0.000000
      vertex 35.158730 21.170213 0.000000
      vertex 35.158730 19.255319 0.000000
    endloop
  endfacet
  facet normal 0.000000 0.000000 -1.000000
    outer loop
      vertex 32.936508 19.255319 0.000000
      vertex 32.936508 21.170213 0.000000
      vertex 35.158730 21.170213 0.000000
    endloop
  endfacet
  facet normal 0.000000 0.000000 1.000000
    outer loop
      vertex 32.936508 19.255319 0.400000
      vertex 35.158730 19.255319 0.400000
      vertex 35.158730 21.170213 0.400000
    endloop
  endfacet
  facet normal 0.000000 0.000000 1.000000
    outer loop
      vertex 32.936508 19.255319 0.400000
      vertex 35.158730 21.170213 0.400000
      vertex 32.936508 21.170213 0.400000
    endloop
  endfacet
  facet normal 0.000000 -1.000000 0.000000
    outer loop
      vertex 32.936508 19.255319 0.000000
      vertex 35.158730 19.255319 0.000000
      vertex 35.158730 19.255319 0.400000
    endloop
  endfacet
  facet normal 0.000000 -1.000000 0.000000
    outer loop
      vertex 32.936508 19.255319 0.000000
      vertex 35.158730 19.255319 0.400000
      vertex 32.936508 19.255319 0.400000
    endloop
  endfacet
  facet normal 0.000000 1.000000 0.000000
    outer loop
      vertex 32.936508 21.170213 0.000000
      vertex 35.158730 21.170213 0.400000
      vertex 35.158730 21.170213 0.000000
    endloop
  endfacet
  facet normal 0.000000 1.000000 0.000000
    outer loop
      vertex 32.936508 21.170213 0.000000
      vertex 32.936508 21.170213 0.400000
      vertex 35.158730 21.170213 0.400000
    endloop
  endfacet
  facet normal -1.000000 0.000000 0.000000
    outer loop
      vertex 32.936508 19.255319 0.000000
      vertex 32.936508 19.255319 0.400000
      vertex 32.936508 21.170213 0.400000
    endloop
  endfacet
  facet normal -1.000000 0.000000 0.000000
    outer loop
      vertex 32.936508 19.255319 0.000000
      vertex 32.936508 21.170213 0.400000
      vertex 32.936508 21.170213 0.000000
    endloop
  endfacet
  facet normal 1.000000 0.000000 0.000000
    outer loop
      vertex 35.158730 19.255319 0.000000
      vertex 35.158730 21.170213 0.000000
      vertex 35.158730 21.170213 0.400000
    endloop
  endfacet
  facet normal 1.000000 0.000000 0.000000
    outer loop
      vertex 35.158730 19.255319 0.000000
      vertex 35.158730 21.170213 0.400000
      vertex 35.158730 19.255319 0.400000
    endloop
  endfacet
  facet normal 0.000000 0.000000 -1.000000
    outer loop
      vertex 24.365079 14.468085 0.000000
      vertex 24.682540 20.851064 0.000000
      vertex 24.682540 14.468085 0.000000
    endloop
  endfacet
  facet normal 0.000000 0.000000 -1.000000
    outer loop
      vertex 24.365079 14.468085 0.000000
      vertex 24.365079 20.851064 0.000000
      vertex 24.682540 20.851064 0.000000
    endloop
  endfacet
  facet normal 0.000000 0.000000 1.000000
    outer loop
      vertex 24.365079 14.468085 0.400000
      vertex 24.682540 14.468085 0.400000
      vertex 24.682540 20.851064 0.400000
    endloop
  endfacet
  facet normal 0.000000 0.000000 1.000000
    outer loop
      vertex 24.365079 14.468085 0.400000
      vertex 24.682540 20.851064 0.400000
      vertex 24.365079 20.851064 0.400000
    endloop
  endfacet
  facet normal 0.000000 -1.000000 0.000000
    outer loop
      vertex 24.365079 14.468085 0.000000
      vertex 24.682540 14.468085 0.000000
      vertex 24.682540 14.468085 0.400000
    endloop
  endfacet
  facet normal 0.000000 -1.000000 0.000000
    outer loop
      vertex 24.365079 14.468085 0.000000
      vertex 24.682540 14.468085 0.400000
      vertex 24.365079 14.468085 0.400000
    endloop
  endfacet
  facet normal 0.000000 1.000000 0.000000
    outer loop
      vertex 24.365079 20.851064 0.000000
      vertex 24.682540 20.851064 0.400000
      vertex 24.682540 20.851064 0.000000
    endloop
  endfacet
  facet normal 0.000000 1.000000 0.000000
    outer loop
      vertex 24.365079 20.851064 0.000000
      vertex 24.365079 20.851064 0.400000
      vertex 24.682540 20.851064 0.400000
    endloop
  endfacet
  facet normal -1.000000 0.000000 0.000000
    outer loop
      vertex 24.365079 14.468085 0.000000
      vertex 24.365079 14.468085 0.400000
      vertex 24.365079 20.851064 0.400000
    endloop
  endfacet
  facet normal -1.000000 0.000000 0.000000
    outer loop
      vertex 24.365079 14.468085 0.000000
      vertex 24.365079 20.851064 0.400000
      vertex 24.365079 20.851064 0.000000
    endloop
  endfacet
  facet normal 1.000000 0.000000 0.000000
    outer loop
      vertex 24.682540 14.468085 0.000000
      vertex 24.682540 20.851064 0.000000
      vertex 24.682540 20.851064 0.400000
    endloop
  endfacet
  facet normal 1.000000 0.000000 0.000000
    outer loop
      vertex 24.682540 14.468085 0.000000
      vertex 24.682540 20.851064 0.400000
      vertex 24.682540 14.468085 0.400000
    endloop
  endfacet
  facet normal 0.000000 0.000000 -1.000000
    outer loop
      vertex 25.952381 14.468085 0.000000
      vertex 26.587302 20.851064 0.000000
      vertex 26.587302 14.468085 0.000000
    endloop
  endfacet
  facet normal 0.000000 0.000000 -1.000000
    outer loop
      vertex 25.952381 14.468085 0.000000
      vertex 25.952381 20.851064 0.000000
      vertex 26.587302 20.851064 0.000000
    endloop
  endfacet
  facet normal 0.000000 0.000000 1.000000
    outer loop
      vertex 25.952381 14.468085 0.400000
      vertex 26.587302 14.468085 0.400000
      vertex 26.587302 20.851064 0.400000
    endloop
  endfacet
  facet normal 0.000000 0.000000 1.000000
    outer loop
      vertex 25.952381 14.468085 0.400000
      vertex 26.587302 20.851064 0.400000
      vertex 25.952381 20.851064 0.400000
    endloop
  endfacet
  facet normal 0.000000 -1.000000 0.000000
    outer loop
      vertex 25.952381 14.468085 0.000000
      vertex 26.587302 14.468085 0.000000
      vertex 26.587302 14.468085 0.400000
    endloop
  endfacet
  facet normal 0.000000 -1.000000 0.000000
    outer loop
      vertex 25.952381 14.468085 0.000000
      vertex 26.587302 14.468085 0.400000
      vertex 25.952381 14.468085 0.400000
    endloop
  endfacet
  facet normal 0.000000 1.000000 0.000000
    outer loop
      vertex 25.952381 20.851064 0.000000
      vertex 26.587302 20.851064 0.400000
      vertex 26.587302 20.851064 0.000000
    endloop
  endfacet
  facet normal 0.000000 1.000000 0.000000
    outer loop
      vertex 25.952381 20.851064 0.000000
      vertex 25.952381 20.851064 0.400000
      vertex 26.587302 20.851064 0.400000
    endloop
  endfacet
  facet normal -1.000000 0.000000 0.000000
    outer loop
      vertex 25.952381 14.468085 0.000000
      vertex 25.952381 14.468085 0.400000
      vertex 25.952381 20.851064 0.400000
    endloop
  endfacet
  facet normal -1.000000 0.000000 0.000000
    outer loop
      vertex 25.952381 14.468085 0.000000
      vertex 25.952381 20.851064 0.400000
      vertex 25.952381 20.851064 0.000000
    endloop
  endfacet
  facet normal 1.000000 0.000000 0.000000
    outer loop
      vertex 26.587302 14.468085 0.000000
      vertex 26.587302 20.851064 0.000000
      vertex 26.587302 20.851064 0.400000
    endloop
  endfacet
  facet normal 1.000000 0.000000 0.000000
    outer loop
      vertex 26.587302 14.468085 0.000000
      vertex 26.587302 20.851064 0.400000
      vertex 26.587302 14.468085 0.400000
    endloop
  endfacet
  facet normal 0.000000 0.000000 -1.000000
    outer loop
      vertex 31.984127 18.936170 0.000000
      vertex 32.936508 20.851064 0.000000
      vertex 32.936508 18.936170 0.000000
    endloop
  endfacet
  facet normal 0.000000 0.000000 -1.000000
    outer loop
      vertex 31.984127 18.936170 0.000000
      vertex 31.984127 20.851064 0.000000
      vertex 32.936508 20.851064 0.000000
    endloop
  endfacet
  facet normal 0.000000 0.000000 1.000000
    outer loop
      vertex 31.984127 18.936170 0.400000
      vertex 32.936508 18.936170 0.400000
      vertex 32.936508 20.851064 0.400000
    endloop
  endfacet
  facet normal 0.000000 0.000000 1.000000
    outer loop
      vertex 31.984127 18.936170 0.400000
      vertex 32.936508 20.851064 0.400000
      vertex 31.984127 20.851064 0.400000
    endloop
  endfacet
  facet normal 0.000000 -1.000000 0.000000
    outer loop
      vertex 31.984127 18.936170 0.000000
      vertex 32.936508 18.936170 0.000000
      vertex 32.936508 18.936170 0.400000
    endloop
  endfacet
  facet normal 0.000000 -1.000000 0.000000
    outer loop
      vertex 31.984127 18.936170 0.000000
      vertex 32.936508 18.936170 0.400000
      vertex 31.984127 18.936170 0.400000
    endloop
  endfacet
  facet normal 0.000000 1.000000 0.000000
    outer loop
      vertex 31.984127 20.851064 0.000000
      vertex 32.936508 20.851064 0.400000
      vertex 32.936508 20.851064 0.000000
    endloop
  endfacet
  facet normal 0.000000 1.000000 0.000000
    outer loop
      vertex 31.984127 20.851064 0.000000
      vertex 31.984127 20.851064 0.400000
      vertex 32.936508 20.851064 0.400000
    endloop
  endfacet
  facet normal -1.000000 0.000000 0.000000
    outer loop
      vertex 31.984127 18.936170 0.000000
      vertex 31.984127 18.936170 0.400000
      vertex 31.984127 20.851064 0.400000
    endloop
  endfacet
  facet normal -1.000000 0.000000 0.000000
    outer loop
      vertex 31.984127 18.936170 0.000000
      vertex 31.984127 20.851064 0.400000
      vertex 31.984127 20.851064 0.000000
    endloop
  endfacet
  facet normal 1.000000 0.000000 0.000000
    outer loop
      vertex 32.936508 18.936170 0.000000
      vertex 32.936508 20.851064 0.000000
      vertex 32.936508 20.851064 0.400000
    endloop
  endfacet
  facet normal 1.000000 0.000000 0.000000
    outer loop
      vertex 32.936508 18.936170 0.000000
      vertex 32.936508 20.851064 0.400000
      vertex 32.936508 18.936170 0.400000
    endloop
  endfacet
  facet normal 0.000000 0.000000 -1.000000
    outer loop
      vertex 35.158730 19.255319 0.000000
      vertex 35.793651 20.851064 0.000000
      vertex 35.793651 19.255319 0.000000
    endloop
  endfacet
  facet normal 0.000000 0.000000 -1.000000
    outer loop
      vertex 35.158730 19.255319 0.000000
      vertex 35.158730 20.851064 0.000000
      vertex 35.793651 20.851064 0.000000
    endloop
  endfacet
  facet normal 0.000000 0.000000 1.000000
    outer loop
      vertex 35.158730 19.255319 0.400000
      vertex 35.793651 19.255319 0.400000
      vertex 35.793651 20.851064 0.400000
    endloop
  endfacet
  facet normal 0.000000 0.000000 1.000000
    outer loop
      vertex 35.158730 19.255319 0.400000
      vertex 35.793651 20.851064 0.400000
      vertex 35.158730 20.851064 0.400000
    endloop
  endfacet
  facet normal 0.000000 -1.000000 0.000000
    outer loop
      vertex 35.158730 19.255319 0.000000
      vertex 35.793651 19.255319 0.000000
      vertex 35.793651 19.255319 0.400000
    endloop
  endfacet
  facet normal 0.000000 -1.000000 0.000000
    outer loop
      vertex 35.158730 19.255319 0.000000
      vertex 35.793651 19.255319 0.400000
      vertex 35.158730 19.255319 0.400000
    endloop
  endfacet
  facet normal 0.000000 1.000000 0.000000
    outer loop
      vertex 35.158730 20.851064 0.000000
      vertex 35.793651 20.851064 0.400000
      vertex 35.793651 20.851064 0.000000
    endloop
  endfacet
  facet normal 0.000000 1.000000 0.000000
    outer loop
      vertex 35.158730 20.851064 0.000000
      vertex 35.158730 20.851064 0.400000
      vertex 35.793651 20.851064 0.400000
    endloop
  endfacet
  facet normal -1.000000 0.000000 0.000000
    outer loop
      vertex 35.158730 19.255319 0.000000
      vertex 35.158730 19.255319 0.400000
      vertex 35.158730 20.851064 0.400000
    endloop
  endfacet
  facet normal -1.000000 0.000000 0.000000
    outer loop
      vertex 35.158730 19.255319 0.000000
      vertex 35.158730 20.851064 0.400000
      vertex 35.158730 20.851064 0.000000
    endloop
  endfacet
  facet normal 1.000000 0.000000 0.000000
    outer loop
      vertex 35.793651 19.255319 0.000000
      vertex 35.793651 20.851064 0.000000
      vertex 35.793651 20.851064 0.400000
    endloop
  endfacet
  facet normal 1.000000 0.000000 0.000000
    outer loop
      vertex 35.793651 19.255319 0.000000
      vertex 35.793651 20.851064 0.400000
      vertex 35.793651 19.255319 0.400000
    endloop
  endfacet
  facet normal 0.000000 0.000000 -1.000000
    outer loop
      vertex 10.396825 20.212766 0.000000
      vertex 12.936508 20.531915 0.000000
      vertex 12.936508 20.212766 0.000000
    endloop
  endfacet
  facet normal 0.000000 0.000000 -1.000000
    outer loop
      vertex 10.396825 20.212766 0.000000
      vertex 10.396825 20.531915 0.000000
      vertex 12.936508 20.531915 0.000000
    endloop
  endfacet
  facet normal 0.000000 0.000000 1.000000
    outer loop
      vertex 10.396825 20.212766 0.400000
      vertex 12.936508 20.212766 0.400000
      vertex 12.936508 20.531915 0.400000
    endloop
  endfacet
  facet normal 0.000000 0.000000 1.000000
    outer loop
      vertex 10.396825 20.212766 0.400000
      vertex 12.936508 20.531915 0.400000
      vertex 10.396825 20.531915 0.400000
    endloop
  endfacet
  facet normal 0.000000 -1.000000 0.000000
    outer loop
      vertex 10.396825 20.212766 0.000000
      vertex 12.936508 20.212766 0.000000
      vertex 12.936508 20.212766 0.400000
    endloop
  endfacet
  facet normal 0.000000 -1.000000 0.000000
    outer loop
      vertex 10.396825 20.212766 0.000000
      vertex 12.936508 20.212766 0.400000
      vertex 10.396825 20.212766 0.400000
    endloop
  endfacet
  facet normal 0.000000 1.000000 0.000000
    outer loop
      vertex 10.396825 20.531915 0.000000
      vertex 12.936508 20.531915 0.400000
      vertex 12.936508 20.531915 0.000000
    endloop
  endfacet
  facet normal 0.000000 1.000000 0.000000
    outer loop
      vertex 10.396825 20.531915 0.000000
      vertex 10.396825 20.531915 0.400000
      vertex 12.936508 20.531915 0.400000
    endloop
  endfacet
  facet normal -1.000000 0.000000 0.000000
    outer loop
      vertex 10.396825 20.212766 0.000000
      vertex 10.396825 20.212766 0.400000
      vertex 10.396825 20.531915 0.400000
    endloop
  endfacet
  facet normal -1.000000 0.000000 0.000000
    outer loop
      vertex 10.396825 20.212766 0.000000
      vertex 10.396825 20.531915 0.400000
      vertex 10.396825 20.531915 0.000000
    endloop
  endfacet
  facet normal 1.000000 0.000000 0.000000
    outer loop
      vertex 12.936508 20.212766 0.000000
      vertex 12.936508 20.531915 0.000000
      vertex 12.936508 20.531915 0.400000
    endloop
  endfacet
  facet normal 1.000000 0.000000 0.000000
    outer loop
      vertex 12.936508 20.212766 0.000000
      vertex 12.936508 20.531915 0.400000
      vertex 12.936508 20.212766 0.400000
    endloop
  endfacet
  facet normal 0.000000 0.000000 -1.000000
    outer loop
      vertex 14.841270 20.212766 0.000000
      vertex 16.428571 20.531915 0.000000
      vertex 16.428571 20.212766 0.000000
    endloop
  endfacet
  facet normal 0.000000 0.000000 -1.000000
    outer loop
      vertex 14.841270 20.212766 0.000000
      vertex 14.841270 20.531915 0.000000
      vertex 16.428571 20.531915 0.000000
    endloop
  endfacet
  facet normal 0.000000 0.000000 1.000000
    outer loop
      vertex 14.841270 20.212766 0.400000
      vertex 16.428571 20.212766 0.400000
      vertex 16.428571 20.531915 0.400000
    endloop
  endfacet
  facet normal 0.000000 0.000000 1.000000
    outer loop
      vertex 14.841270 20.212766 0.400000
      vertex 16.428571 20.531915 0.400000
      vertex 14.841270 20.531915 0.400000
    endloop
  endfacet
  facet normal 0.000000 -1.000000 0.000000
    outer loop
      vertex 14.841270 20.212766 0.000000
      vertex 16.428571 20.212766 0.000000
      vertex 16.428571 20.212766 0.400000
    endloop
  endfacet
  facet normal 0.000000 -1.000000 0.000000
    outer loop
      vertex 14.841270 20.212766 0.000000
      vertex 16.428571 20.212766 0.400000
      vertex 14.841270 20.212766 0.400000
    endloop
  endfacet
  facet normal 0.000000 1.000000 0.000000
    outer loop
      vertex 14.841270 20.531915 0.000000
      vertex 16.428571 20.531915 0.400000
      vertex 16.428571 20.531915 0.000000
    endloop
  endfacet
  facet normal 0.000000 1.000000 0.000000
    outer loop
      vertex 14.841270 20.531915 0.000000
      vertex 14.841270 20.531915 0.400000
      vertex 16.428571 20.531915 0.400000
    endloop
  endfacet
  facet normal -1.000000 0.000000 0.000000
    outer loop
      vertex 14.841270 20.212766 0.000000
      vertex 14.841270 20.212766 0.400000
      vertex 14.841270 20.531915 0.400000
    endloop
  endfacet
  facet normal -1.000000 0.000000 0.000000
    outer loop
      vertex 14.841270 20.212766 0.000000
      vertex 14.841270 20.531915 0.400000
      vertex 14.841270 20.531915 0.000000
    endloop
  endfacet
  facet normal 1.000000 0.000000 0.000000
    outer loop
      vertex 16.428571 20.212766 0.000000
      vertex 16.428571 20.531915 0.000000
      vertex 16.428571 20.531915 0.400000
    endloop
  endfacet
  facet normal 1.000000 0.000000 0.000000
    outer loop
      vertex 16.428571 20.212766 0.000000
      vertex 16.428571 20.531915 0.400000
      vertex 16.428571 20.212766 0.400000
    endloop
  endfacet
  facet normal 0.000000 0.000000 -1.000000
    outer loop
      vertex 24.047619 14.787234 0.000000
      vertex 24.365079 20.531915 0.000000
      vertex 24.365079 14.787234 0.000000
    endloop
  endfacet
  facet normal 0.000000 0.000000 -1.000000
    outer loop
      vertex 24.047619 14.787234 0.000000
      vertex 24.047619 20.531915 0.000000
      vertex 24.365079 20.531915 0.000000
    endloop
  endfacet
  facet normal 0.000000 0.000000 1.000000
    outer loop
      vertex 24.047619 14.787234 0.400000
      vertex 24.365079 14.787234 0.400000
      vertex 24.365079 20.531915 0.400000
    endloop
  endfacet
  facet normal 0.000000 0.000000 1.000000
    outer loop
      vertex 24.047619 14.787234 0.400000
      vertex 24.365079 20.531915 0.400000
      vertex 24.047619 20.531915 0.400000
    endloop
  endfacet
  facet normal 0.000000 -1.000000 0.000000
    outer loop
      vertex 24.047619 14.787234 0.000000
      vertex 24.365079 14.787234 0.000000
      vertex 24.365079 14.787234 0.400000
    endloop
  endfacet
  facet normal 0.000000 -1.000000 0.000000
    outer loop
      vertex 24.047619 14.787234 0.000000
      vertex 24.365079 14.787234 0.400000
      vertex 24.047619 14.787234 0.400000
    endloop
  endfacet
  facet normal 0.000000 1.000000 0.000000
    outer loop
      vertex 24.047619 20.531915 0.000000
      vertex 24.365079 20.531915 0.400000
      vertex 24.365079 20.531915 0.000000
    endloop
  endfacet
  facet normal 0.000000 1.000000 0.000000
    outer loop
      vertex 24.047619 20.531915 0.000000
      vertex 24.047619 20.531915 0.400000
      vertex 24.365079 20.531915 0.400000
    endloop
  endfacet
  facet normal -1.000000 0.000000 0.000000
    outer loop
      vertex 24.047619 14.787234 0.000000
      vertex 24.047619 14.787234 0.400000
      vertex 24.047619 20.531915 0.400000
    endloop
  endfacet
  facet normal -1.000000 0.000000 0.000000
    outer loop
      vertex 24.047619 14.787234 0.000000
      vertex 24.047619 20.531915 0.400000
      vertex 24.047619 20.531915 0.000000
    endloop
  endfacet
  facet normal 1.000000 0.000000 0.000000
    outer loop
      vertex 24.365079 14.787234 0.000000
      vertex 24.365079 20.531915 0.000000
      vertex 24.365079 20.531915 0.400000
    endloop
  endfacet
  facet normal 1.000000 0.000000 0.000000
    outer loop
      vertex 24.365079 14.787234 0.000000
      vertex 24.365079 20.531915 0.400000
      vertex 24.365079 14.787234 0.400000
    endloop
  endfacet
  facet normal 0.000000 0.000000 -1.000000
    outer loop
      vertex 31.666667 17.978723 0.000000
      vertex 31.984127 20.531915 0.000000
      vertex 31.984127 17.978723 0.000000
    endloop
  endfacet
  facet normal 0.000000 0.000000 -1.000000
    outer loop
      vertex 31.666667 17.978723 0.000000
      vertex 31.666667 20.531915 0.000000
      vertex 31.984127 20.531915 0.000000
    endloop
  endfacet
  facet normal 0.000000 0.000000 1.000000
    outer loop
      vertex 31.666667 17.978723 0.400000
      vertex 31.984127 17.978723 0.400000
      vertex 31.984127 20.531915 0.400000
    endloop
  endfacet
  facet normal 0.000000 0.000000 1.000000
    outer loop
      vertex 31.666667 17.978723 0.400000
      vertex 31.984127 20.531915 0.400000
      vertex 31.666667 20.531915 0.400000
    endloop
  endfacet
  facet normal 0.000000 -1.000000 0.000000
    outer loop
      vertex 31.666667 17.978723 0.000000
      vertex 31.984127 17.978723 0.000000
      vertex 31.984127 17.978723 0.400000
    endloop
  endfacet
  facet normal 0.000000 -1.000000 0.000000
    outer loop
      vertex 31.666667 17.978723 0.000000
      vertex 31.984127 17.978723 0.400000
      vertex 31.666667 17.978723 0.400000
    endloop
  endfacet
  facet normal 0.000000 1.000000 0.000000
    outer loop
      vertex 31.666667 20.531915 0.000000
      vertex 31.984127 20.531915 0.400000
      vertex 31.984127 20.531915 0.000000
    endloop
  endfacet
  facet normal 0.000000 1.000000 0.000000
    outer loop
      vertex 31.666667 20.531915 0.000000
      vertex 31.666667 20.531915 0.400000
      vertex 31.984127 20.531915 0.400000
    endloop
  endfacet
  facet normal -1.000000 0.000000 0.000000
    outer loop
      vertex 31.666667 17.978723 0.000000
      vertex 31.666667 17.978723 0.400000
      vertex 31.666667 20.531915 0.400000
    endloop
  endfacet
  facet normal -1.000000 0.000000 0.000000
    outer loop
      vertex 31.666667 17.978723 0.000000
      vertex 31.666667 20.531915 0.400000
      vertex 31.666667 20.531915 0.000000
    endloop
  endfacet
  facet normal 1.000000 0.000000 0.000000
    outer loop
      vertex 31.984127 17.978723 0.000000
      vertex 31.984127 20.531915 0.000000
      vertex 31.984127 20.531915 0.400000
    endloop
  endfacet
  facet normal 1.000000 0.000000 0.000000
    outer loop
      vertex 31.984127 17.978723 0.000000
      vertex 31.984127 20.531915 0.400000
      vertex 31.984127 17.978723 0.400000
    endloop
  endfacet
  facet normal 0.000000 0.000000 -1.000000
    outer loop
      vertex 35.793651 18.936170 0.000000
      vertex 36.111111 20.531915 0.000000
      vertex 36.111111 18.936170 0.000000
    endloop
  endfacet
  facet normal 0.000000 0.000000 -1.000000
    outer loop
      vertex 35.793651 18.936170 0.000000
      vertex 35.793651 20.531915 0.000000
      vertex 36.111111 20.531915 0.000000
    endloop
  endfacet
  facet normal 0.000000 0.000000 1.000000
    outer loop
      vertex 35.793651 18.936170 0.400000
      vertex 36.111111 18.936170 0.400000
      vertex 36.111111 20.531915 0.400000
    endloop
  endfacet
  facet normal 0.000000 0.000000 1.000000
    outer loop
      vertex 35.793651 18.936170 0.400000
      vertex 36.111111 20.531915 0.400000
      vertex 35.793651 20.531915 0.400000
    endloop
  endfacet
  facet normal 0.000000 -1.000000 0.000000
    outer loop
      vertex 35.793651 18.936170 0.000000
      vertex 36.111111 18.936170 0.000000
      vertex 36.111111 18.936170 0.400000
    endloop
  endfacet
  facet normal 0.000000 -1.000000 0.000000
    outer loop
      vertex 35.793651 18.936170 0.000000
      vertex 36.111111 18.936170 0.400000
      vertex 35.793651 18.936170 0.400000
    endloop
  endfacet
  facet normal 0.000000 1.000000 0.000000
    outer loop
      vertex 35.793651 20.531915 0.000000
      vertex 36.111111 20.531915 0.400000
      vertex 36.111111 20.531915 0.000000
    endloop
  endfacet
  facet normal 0.000000 1.000000 0.000000
    outer loop
      vertex 35.793651 20.531915 0.000000
      vertex 35.793651 20.531915 0.400000
      vertex 36.111111 20.531915 0.400000
    endloop
  endfacet
  facet normal -1.000000 0.000000 0.000000
    outer loop
      vertex 35.793651 18.936170 0.000000
      vertex 35.793651 18.936170 0.400000
      vertex 35.793651 20.531915 0.400000
    endloop
  endfacet
  facet normal -1.000000 0.000000 0.000000
    outer loop
      vertex 35.793651 18.936170 0.000000
      vertex 35.793651 20.531915 0.400000
      vertex 35.793651 20.531915 0.000000
    endloop
  endfacet
  facet normal 1.000000 0.000000 0.000000
    outer loop
      vertex 36.111111 18.936170 0.000000
      vertex 36.111111 20.531915 0.000000
      vertex 36.111111 20.531915 0.400000
    endloop
  endfacet
  facet normal 1.000000 0.000000 0.000000
    outer loop
      vertex 36.111111 18.936170 0.000000
      vertex 36.111111 20.531915 0.400000
      vertex 36.111111 18.936170 0.400000
    endloop
  endfacet
  facet normal 0.000000 0.000000 -1.000000
    outer loop
      vertex 10.396825 19.893617 0.000000
      vertex 12.301587 20.212766 0.000000
      vertex 12.301587 19.893617 0.000000
    endloop
  endfacet
  facet normal 0.000000 0.000000 -1.000000
    outer loop
      vertex 10.396825 19.893617 0.000000
      vertex 10.396825 20.212766 0.000000
      vertex 12.301587 20.212766 0.000000
    endloop
  endfacet
  facet normal 0.000000 0.000000 1.000000
    outer loop
      vertex 10.396825 19.893617 0.400000
      vertex 12.301587 19.893617 0.400000
      vertex 12.301587 20.212766 0.400000
    endloop
  endfacet
  facet normal 0.000000 0.000000 1.000000
    outer loop
      vertex 10.396825 19.893617 0.400000
      vertex 12.301587 20.212766 0.400000
      vertex 10.396825 20.212766 0.400000
    endloop
  endfacet
  facet normal 0.000000 -1.000000 0.000000
    outer loop
      vertex 10.396825 19.893617 0.000000
      vertex 12.301587 19.893617 0.000000
      vertex 12.301587 19.893617 0.400000
    endloop
  endfacet
  facet normal 0.000000 -1.000000 0.000000
    outer loop
      vertex 10.396825 19.893617 0.000000
      vertex 12.301587 19.893617 0.400000
      vertex 10.396825 19.893617 0.400000
    endloop
  endfacet
  facet normal 0.000000 1.000000 0.000000
    outer loop
      vertex 10.396825 20.212766 0.000000
      vertex 12.301587 20.212766 0.400000
      vertex 12.301587 20.212766 0.000000
    endloop
  endfacet
  facet normal 0.000000 1.000000 0.000000
    outer loop
      vertex 10.396825 20.212766 0.000000
      vertex 10.396825 20.212766 0.400000
      vertex 12.301587 20.212766 0.400000
    endloop
  endfacet
  facet normal -1.000000 0.000000 0.000000
    outer loop
      vertex 10.396825 19.893617 0.000000
      vertex 10.396825 19.893617 0.400000
      vertex 10.396825 20.212766 0.400000
    endloop
  endfacet
  facet normal -1.000000 0.000000 0.000000
    outer loop
      vertex 10.396825 19.893617 0.000000
      vertex 10.396825 20.212766 0.400000
      vertex 10.396825 20.212766 0.000000
    endloop
  endfacet
  facet normal 1.000000 0.000000 0.000000
    outer loop
      vertex 12.301587 19.893617 0.000000
      vertex 12.301587 20.212766 0.000000
      vertex 12.301587 20.212766 0.400000
    endloop
  endfacet
  facet normal 1.000000 0.000000 0.000000
    outer loop
      vertex 12.301587 19.893617 0.000000
      vertex 12.301587 20.212766 0.400000
      vertex 12.301587 19.893617 0.400000
    endloop
  endfacet
  facet normal 0.000000 0.000000 -1.000000
    outer loop
      vertex 15.793651 19.893617 0.000000
      vertex 16.428571 20.212766 0.000000
      vertex 16.428571 19.893617 0.000000
    endloop
  endfacet
  facet normal 0.000000 0.000000 -1.000000
    outer loop
      vertex 15.793651 19.893617 0.000000
      vertex 15.793651 20.212766 0.000000
      vertex 16.428571 20.212766 0.000000
    endloop
  endfacet
  facet normal 0.000000 0.000000 1.000000
    outer loop
      vertex 15.793651 19.893617 0.400000
      vertex 16.428571 19.893617 0.400000
      vertex 16.428571 20.212766 0.400000
    endloop
  endfacet
  facet normal 0.000000 0.000000 1.000000
    outer loop
      vertex 15.793651 19.893617 0.400000
      vertex 16.428571 20.212766 0.400000
      vertex 15.793651 20.212766 0.400000
    endloop
  endfacet
  facet normal 0.000000 -1.000000 0.000000
    outer loop
      vertex 15.793651 19.893617 0.000000
      vertex 16.428571 19.893617 0.000000
      vertex 16.428571 19.893617 0.400000
    endloop
  endfacet
  facet normal 0.000000 -1.000000 0.000000
    outer loop
      vertex 15.793651 19.893617 0.000000
      vertex 16.428571 19.893617 0.400000
      vertex 15.793651 19.893617 0.400000
    endloop
  endfacet
  facet normal 0.000000 1.000000 0.000000
    outer loop
      vertex 15.793651 20.212766 0.000000
      vertex 16.428571 20.212766 0.400000
      vertex 16.428571 20.212766 0.000000
    endloop
  endfacet
  facet normal 0.000000 1.000000 0.000000
    outer loop
      vertex 15.793651 20.212766 0.000000
      vertex 15.793651 20.212766 0.400000
      vertex 16.428571 20.212766 0.400000
    endloop
  endfacet
  facet normal -1.000000 0.000000 0.000000
    outer loop
      vertex 15.793651 19.893617 0.000000
      vertex 15.793651 19.893617 0.400000
      vertex 15.793651 20.212766 0.400000
    endloop
  endfacet
  facet normal -1.000000 0.000000 0.000000
    outer loop
      vertex 15.793651 19.893617 0.000000
      vertex 15.793651 20.212766 0.400000
      vertex 15.793651 20.212766 0.000000
    endloop
  endfacet
  facet normal 1.000000 0.000000 0.000000
    outer loop
      vertex 16.428571 19.893617 0.000000
      vertex 16.428571 20.212766 0.000000
      vertex 16.428571 20.212766 0.400000
    endloop
  endfacet
  facet normal 1.000000 0.000000 0.000000
    outer loop
      vertex 16.428571 19.893617 0.000000
      vertex 16.428571 20.212766 0.400000
      vertex 16.428571 19.893617 0.400000
    endloop
  endfacet
  facet normal 0.000000 0.000000 -1.000000
    outer loop
      vertex 26.587302 15.106383 0.000000
      vertex 26.904762 20.212766 0.000000
      vertex 26.904762 15.106383 0.000000
    endloop
  endfacet
  facet normal 0.000000 0.000000 -1.000000
    outer loop
      vertex 26.587302 15.106383 0.000000
      vertex 26.587302 20.212766 0.000000
      vertex 26.904762 20.212766 0.000000
    endloop
  endfacet
  facet normal 0.000000 0.000000 1.000000
    outer loop
      vertex 26.587302 15.106383 0.400000
      vertex 26.904762 15.106383 0.400000
      vertex 26.904762 20.212766 0.400000
    endloop
  endfacet
  facet normal 0.000000 0.000000 1.000000
    outer loop
      vertex 26.587302 15.106383 0.400000
      vertex 26.904762 20.212766 0.400000
      vertex 26.587302 20.212766 0.400000
    endloop
  endfacet
  facet normal 0.000000 -1.000000 0.000000
    outer loop
      vertex 26.587302 15.106383 0.000000
      vertex 26.904762 15.106383 0.000000
      vertex 26.904762 15.106383 0.400000
    endloop
  endfacet
  facet normal 0.000000 -1.000000 0.000000
    outer loop
      vertex 26.587302 15.106383 0.000000
      vertex 26.904762 15.106383 0.400000
      vertex 26.587302 15.106383 0.400000
    endloop
  endfacet
  facet normal 0.000000 1.000000 0.000000
    outer loop
      vertex 26.587302 20.212766 0.000000
      vertex 26.904762 20.212766 0.400000
      vertex 26.904762 20.212766 0.000000
    endloop
  endfacet
  facet normal 0.000000 1.000000 0.000000
    outer loop
      vertex 26.587302 20.212766 0.000000
      vertex 26.587302 20.212766 0.400000
      vertex 26.904762 20.212766 0.400000
    endloop
  endfacet
  facet normal -1.000000 0.000000 0.000000
    outer loop
      vertex 26.587302 15.106383 0.000000
      vertex 26.587302 15.106383 0.400000
      vertex 26.587302 20.212766 0.400000
    endloop
  endfacet
  facet normal -1.000000 0.000000 0.000000
    outer loop
      vertex 26.587302 15.106383 0.000000
      vertex 26.587302 20.212766 0.400000
      vertex 26.587302 20.212766 0.000000
    endloop
  endfacet
  facet normal 1.000000 0.000000 0.000000
    outer loop
      vertex 26.904762 15.106383 0.000000
      vertex 26.904762 20.212766 0.000000
      vertex 26.904762 20.212766 0.400000
    endloop
  endfacet
  facet normal 1.000000 0.000000 0.000000
    outer loop
      vertex 26.904762 15.106383 0.000000
      vertex 26.904762 20.212766 0.400000
      vertex 26.904762 15.106383 0.400000
    endloop
  endfacet
  facet normal 0.000000 0.000000 -1.000000
    outer loop
      vertex 36.111111 18.936170 0.000000
      vertex 36.428571 20.212766 0.000000
      vertex 36.428571 18.936170 0.000000
    endloop
  endfacet
  facet normal 0.000000 0.000000 -1.000000
    outer loop
      vertex 36.111111 18.936170 0.000000
      vertex 36.111111 20.212766 0.000000
      vertex 36.428571 20.212766 0.000000
    endloop
  endfacet
  facet normal 0.000000 0.000000 1.000000
    outer loop
      vertex 36.111111 18.936170 0.400000
      vertex 36.428571 18.936170 0.400000
      vertex 36.428571 20.212766 0.400000
    endloop
  endfacet
  facet normal 0.000000 0.000000 1.000000
    outer loop
      vertex 36.111111 18.936170 0.400000
      vertex 36.428571 20.212766 0.400000
      vertex 36.111111 20.212766 0.400000
    endloop
  endfacet
  facet normal 0.000000 -1.000000 0.000000
    outer loop
      vertex 36.111111 18.936170 0.000000
      vertex 36.428571 18.936170 0.000000
      vertex 36.428571 18.936170 0.400000
    endloop
  endfacet
  facet normal 0.000000 -1.000000 0.000000
    outer loop
      vertex 36.111111 18.936170 0.000000
      vertex 36.428571 18.936170 0.400000
      vertex 36.111111 18.936170 0.400000
    endloop
  endfacet
  facet normal 0.000000 1.000000 0.000000
    outer loop
      vertex 36.111111 20.212766 0.000000
      vertex 36.428571 20.212766 0.400000
      vertex 36.428571 20.212766 0.000000
    endloop
  endfacet
  facet normal 0.000000 1.000000 0.000000
    outer loop
      vertex 36.111111 20.212766 0.000000
      vertex 36.111111 20.212766 0.400000
      vertex 36.428571 20.212766 0.400000
    endloop
  endfacet
  facet normal -1.000000 0.000000 0.000000
    outer loop
      vertex 36.111111 18.936170 0.000000
      vertex 36.111111 18.936170 0.400000
      vertex 36.111111 20.212766 0.400000
    endloop
  endfacet
  facet normal -1.000000 0.000000 0.000000
    outer loop
      vertex 36.111111 18.936170 0.000000
      vertex 36.111111 20.212766 0.400000
      vertex 36.111111 20.212766 0.000000
    endloop
  endfacet
  facet normal 1.000000 0.000000 0.000000
    outer loop
      vertex 36.428571 18.936170 0.000000
      vertex 36.428571 20.212766 0.000000
      vertex 36.428571 20.212766 0.400000
    endloop
  endfacet
  facet normal 1.000000 0.000000 0.000000
    outer loop
      vertex 36.428571 18.936170 0.000000
      vertex 36.428571 20.212766 0.400000
      vertex 36.428571 18.936170 0.400000
    endloop
  endfacet
  facet normal 0.000000 0.000000 -1.000000
    outer loop
      vertex 10.396825 19.574468 0.000000
      vertex 11.984127 19.893617 0.000000
      vertex 11.984127 19.574468 0.000000
    endloop
  endfacet
  facet normal 0.000000 0.000000 -1.000000
    outer loop
      vertex 10.396825 19.574468 0.000000
      vertex 10.396825 19.893617 0.000000
      vertex 11.984127 19.893617 0.000000
    endloop
  endfacet
  facet normal 0.000000 0.000000 1.000000
    outer loop
      vertex 10.396825 19.574468 0.400000
      vertex 11.984127 19.574468 0.400000
      vertex 11.984127 19.893617 0.400000
    endloop
  endfacet
  facet normal 0.000000 0.000000 1.000000
    outer loop
      vertex 10.396825 19.574468 0.400000
      vertex 11.984127 19.893617 0.400000
      vertex 10.396825 19.893617 0.400000
    endloop
  endfacet
  facet normal 0.000000 -1.000000 0.000000
    outer loop
      vertex 10.396825 19.574468 0.000000
      vertex 11.984127 19.574468 0.000000
      vertex 11.984127 19.574468 0.400000
    endloop
  endfacet
  facet normal 0.000000 -1.000000 0.000000
    outer loop
      vertex 10.396825 19.574468 0.000000
      vertex 11.984127 19.574468 0.400000
      vertex 10.396825 19.574468 0.400000
    endloop
  endfacet
  facet normal 0.000000 1.000000 0.000000
    outer loop
      vertex 10.396825 19.893617 0.000000
      vertex 11.984127 19.893617 0.400000
      vertex 11.984127 19.893617 0.000000
    endloop
  endfacet
  facet normal 0.000000 1.000000 0.000000
    outer loop
      vertex 10.396825 19.893617 0.000000
      vertex 10.396825 19.893617 0.400000
      vertex 11.984127 19.893617 0.400000
    endloop
  endfacet
  facet normal -1.000000 0.000000 0.000000
    outer loop
      vertex 10.396825 19.574468 0.000000
      vertex 10.396825 19.574468 0.400000
      vertex 10.396825 19.893617 0.400000
    endloop
  endfacet
  facet normal -1.000000 0.000000 0.000000
    outer loop
      vertex 10.396825 19.574468 0.000000
      vertex 10.396825 19.893617 0.400000
      vertex 10.396825 19.893617 0.000000
    endloop
  endfacet
  facet normal 1.000000 0.000000 0.000000
    outer loop
      vertex 11.984127 19.574468 0.000000
      vertex 11.984127 19.893617 0.000000
      vertex 11.984127 19.893617 0.400000
    endloop
  endfacet
  facet normal 1.000000 0.000000 0.000000
    outer loop
      vertex 11.984127 19.574468 0.000000
      vertex 11.984127 19.893617 0.400000
      vertex 11.984127 19.574468 0.400000
    endloop
  endfacet
  facet normal 0.000000 0.000000 -1.000000
    outer loop
      vertex 16.111111 19.574468 0.000000
      vertex 16.428571 19.893617 0.000000
      vertex 16.428571 19.574468 0.000000
    endloop
  endfacet
  facet normal 0.000000 0.000000 -1.000000
    outer loop
      vertex 16.111111 19.574468 0.000000
      vertex 16.111111 19.893617 0.000000
      vertex 16.428571 19.893617 0.000000
    endloop
  endfacet
  facet normal 0.000000 0.000000 1.000000
    outer loop
      vertex 16.111111 19.574468 0.400000
      vertex 16.428571 19.574468 0.400000
      vertex 16.428571 19.893617 0.400000
    endloop
  endfacet
  facet normal 0.000000 0.000000 1.000000
    outer loop
      vertex 16.111111 19.574468 0.400000
      vertex 16.428571 19.893617 0.400000
      vertex 16.111111 19.893617 0.400000
    endloop
  endfacet
  facet normal 0.000000 -1.000000 0.000000
    outer loop
      vertex 16.111111 19.574468 0.000000
      vertex 16.428571 19.574468 0.000000
      vertex 16.428571 19.574468 0.400000
    endloop
  endfacet
  facet normal 0.000000 -1.000000 0.000000
    outer loop
      vertex 16.111111 19.574468 0.000000
      vertex 16.428571 19.574468 0.400000
      vertex 16.111111 19.574468 0.400000
    endloop
  endfacet
  facet normal 0.000000 1.000000 0.000000
    outer loop
      vertex 16.111111 19.893617 0.000000
      vertex 16.428571 19.893617 0.400000
      vertex 16.428571 19.893617 0.000000
    endloop
  endfacet
  facet normal 0.000000 1.000000 0.000000
    outer loop
      vertex 16.111111 19.893617 0.000000
      vertex 16.111111 19.893617 0.400000
      vertex 16.428571 19.893617 0.400000
    endloop
  endfacet
  facet normal -1.000000 0.000000 0.000000
    outer loop
      vertex 16.111111 19.574468 0.000000
      vertex 16.111111 19.574468 0.400000
      vertex 16.111111 19.893617 0.400000
    endloop
  endfacet
  facet normal -1.000000 0.000000 0.000000
    outer loop
      vertex 16.111111 19.574468 0.000000
      vertex 16.111111 19.893617 0.400000
      vertex 16.111111 19.893617 0.000000
    endloop
  endfacet
  facet normal 1.000000 0.000000 0.000000
    outer loop
      vertex 16.428571 19.574468 0.000000
      vertex 16.428571 19.893617 0.000000
      vertex 16.428571 19.893617 0.400000
    endloop
  endfacet
  facet normal 1.000000 0.000000 0.000000
    outer loop
      vertex 16.428571 19.574468 0.000000
      vertex 16.428571 19.893617 0.400000
      vertex 16.428571 19.574468 0.400000
    endloop
  endfacet
  facet normal 0.000000 0.000000 -1.000000
    outer loop
      vertex 10.396825 19.255319 0.000000
      vertex 11.666667 19.574468 0.000000
      vertex 11.666667 19.255319 0.000000
    endloop
  endfacet
  facet normal 0.000000 0.000000 -1.000000
    outer loop
      vertex 10.396825 19.255319 0.000000
      vertex 10.396825 19.574468 0.000000
      vertex 11.666667 19.574468 0.000000
    endloop
  endfacet
  facet normal 0.000000 0.000000 1.000000
    outer loop
      vertex 10.396825 19.255319 0.400000
      vertex 11.666667 19.255319 0.400000
      vertex 11.666667 19.574468 0.400000
    endloop
  endfacet
  facet normal 0.000000 0.000000 1.000000
    outer loop
      vertex 10.396825 19.255319 0.400000
      vertex 11.666667 19.574468 0.400000
      vertex 10.396825 19.574468 0.400000
    endloop
  endfacet
  facet normal 0.000000 -1.000000 0.000000
    outer loop
      vertex 10.396825 19.255319 0.000000
      vertex 11.666667 19.255319 0.000000
      vertex 11.666667 19.255319 0.400000
    endloop
  endfacet
  facet normal 0.000000 -1.000000 0.000000
    outer loop
      vertex 10.396825 19.255319 0.000000
      vertex 11.666667 19.255319 0.400000
      vertex 10.396825 19.255319 0.400000
    endloop
  endfacet
  facet normal 0.000000 1.000000 0.000000
    outer loop
      vertex 10.396825 19.574468 0.000000
      vertex 11.666667 19.574468 0.400000
      vertex 11.666667 19.574468 0.000000
    endloop
  endfacet
  facet normal 0.000000 1.000000 0.000000
    outer loop
      vertex 10.396825 19.574468 0.000000
      vertex 10.396825 19.574468 0.400000
      vertex 11.666667 19.574468 0.400000
    endloop
  endfacet
  facet normal -1.000000 0.000000 0.000000
    outer loop
      vertex 10.396825 19.255319 0.000000
      vertex 10.396825 19.255319 0.400000
      vertex 10.396825 19.574468 0.400000
    endloop
  endfacet
  facet normal -1.000000 0.000000 0.000000
    outer loop
      vertex 10.396825 19.255319 0.000000
      vertex 10.396825 19.574468 0.400000
      vertex 10.396825 19.574468 0.000000
    endloop
  endfacet
  facet normal 1.000000 0.000000 0.000000
    outer loop
      vertex 11.666667 19.255319 0.000000
      vertex 11.666667 19.574468 0.000000
      vertex 11.666667 19.574468 0.400000
    endloop
  endfacet
  facet normal 1.000000 0.000000 0.000000
    outer loop
      vertex 11.666667 19.255319 0.000000
      vertex 11.666667 19.574468 0.400000
      vertex 11.666667 19.255319 0.400000
    endloop
  endfacet
  facet normal 0.000000 0.000000 -1.000000
    outer loop
      vertex 19.285714 10.000000 0.000000
      vertex 21.190476 19.574468 0.000000
      vertex 21.190476 10.000000 0.000000
    endloop
  endfacet
  facet normal 0.000000 0.000000 -1.000000
    outer loop
      vertex 19.285714 10.000000 0.000000
      vertex 19.285714 19.574468 0.000000
      vertex 21.190476 19.574468 0.000000
    endloop
  endfacet
  facet normal 0.000000 0.000000 1.000000
    outer loop
      vertex 19.285714 10.000000 0.400000
      vertex 21.190476 10.000000 0.400000
      vertex 21.190476 19.574468 0.400000
    endloop
  endfacet
  facet normal 0.000000 0.000000 1.000000
    outer loop
      vertex 19.285714 10.000000 0.400000
      vertex 21.190476 19.574468 0.400000
      vertex 19.285714 19.574468 0.400000
    endloop
  endfacet
  facet normal 0.000000 -1.000000 0.000000
    outer loop
      vertex 19.285714 10.000000 0.000000
      vertex 21.190476 10.000000 0.000000
      vertex 21.190476 10.000000 0.400000
    endloop
  endfacet
  facet normal 0.000000 -1.000000 0.000000
    outer loop
      vertex 19.285714 10.000000 0.000000
      vertex 21.190476 10.000000 0.400000
      vertex 19.285714 10.000000 0.400000
    endloop
  endfacet
  facet normal 0.000000 1.000000 0.000000
    outer loop
      vertex 19.285714 19.574468 0.000000
      vertex 21.190476 19.574468 0.400000
      vertex 21.190476 19.574468 0.000000
    endloop
  endfacet
  facet normal 0.000000 1.000000 0.000000
    outer loop
      vertex 19.285714 19.574468 0.000000
      vertex 19.285714 19.574468 0.400000
      vertex 21.190476 19.574468 0.400000
    endloop
  endfacet
  facet normal -1.000000 0.000000 0.000000
    outer loop
      vertex 19.285714 10.000000 0.000000
      vertex 19.285714 10.000000 0.400000
      vertex 19.285714 19.574468 0.400000
    endloop
  endfacet
  facet normal -1.000000 0.000000 0.000000
    outer loop
      vertex 19.285714 10.000000 0.000000
      vertex 19.285714 19.574468 0.400000
      vertex 19.285714 19.574468 0.000000
    endloop
  endfacet
  facet normal 1.000000 0.000000 0.000000
    outer loop
      vertex 21.190476 10.000000 0.000000
      vertex 21.190476 19.574468 0.000000
      vertex 21.190476 19.574468 0.400000
    endloop
  endfacet
  facet normal 1.000000 0.000000 0.000000
    outer loop
      vertex 21.190476 10.000000 0.000000
      vertex 21.190476 19.574468 0.400000
      vertex 21.190476 10.000000 0.400000
    endloop
  endfacet
  facet normal 0.000000 0.000000 -1.000000
    outer loop
      vertex 36.428571 18.617021 0.000000
      vertex 36.746032 19.574468 0.000000
      vertex 36.746032 18.617021 0.000000
    endloop
  endfacet
  facet normal 0.000000 0.000000 -1.000000
    outer loop
      vertex 36.428571 18.617021 0.000000
      vertex 36.428571 19.574468 0.000000
      vertex 36.746032 19.574468 0.000000
    endloop
  endfacet
  facet normal 0.000000 0.000000 1.000000
    outer loop
      vertex 36.428571 18.617021 0.400000
      vertex 36.746032 18.617021 0.400000
      vertex 36.746032 19.574468 0.400000
    endloop
  endfacet
  facet normal 0.000000 0.000000 1.000000
    outer loop
      vertex 36.428571 18.617021 0.400000
      vertex 36.746032 19.574468 0.400000
      vertex 36.428571 19.574468 0.400000
    endloop
  endfacet
  facet normal 0.000000 -1.000000 0.000000
    outer loop
      vertex 36.428571 18.617021 0.000000
      vertex 36.746032 18.617021 0.000000
      vertex 36.746032 18.617021 0.400000
    endloop
  endfacet
  facet normal 0.000000 -1.000000 0.000000
    outer loop
      vertex 36.428571 18.617021 0.000000
      vertex 36.746032 18.617021 0.400000
      vertex 36.428571 18.617021 0.400000
    endloop
  endfacet
  facet normal 0.000000 1.000000 0.000000
    outer loop
      vertex 36.428571 19.574468 0.000000
      vertex 36.746032 19.574468 0.400000
      vertex 36.746032 19.574468 0.000000
    endloop
  endfacet
  facet normal 0.000000 1.000000 0.000000
    outer loop
      vertex 36.428571 19.574468 0.000000
      vertex 36.428571 19.574468 0.400000
      vertex 36.746032 19.574468 0.400000
    endloop
  endfacet
  facet normal -1.000000 0.000000 0.000000
    outer loop
      vertex 36.428571 18.617021 0.000000
      vertex 36.428571 18.617021 0.400000
      vertex 36.428571 19.574468 0.400000
    endloop
  endfacet
  facet normal -1.000000 0.000000 0.000000
    outer loop
      vertex 36.428571 18.617021 0.000000
      vertex 36.428571 19.574468 0.400000
      vertex 36.428571 19.574468 0.000000
    endloop
  endfacet
  facet normal 1.000000 0.000000 0.000000
    outer loop
      vertex 36.746032 18.617021 0.000000
      vertex 36.746032 19.574468 0.000000
      vertex 36.746032 19.574468 0.400000
    endloop
  endfacet
  facet normal 1.000000 0.000000 0.000000
    outer loop
      vertex 36.746032 18.617021 0.000000
      vertex 36.746032 19.574468 0.400000
      vertex 36.746032 18.617021 0.400000
    endloop
  endfacet
  facet normal 0.000000 0.000000 -1.000000
    outer loop
      vertex 10.396825 18.617021 0.000000
      vertex 11.349206 19.255319 0.000000
      vertex 11.349206 18.617021 0.000000
    endloop
  endfacet
  facet normal 0.000000 0.000000 -1.000000
    outer loop
      vertex 10.396825 18.617021 0.000000
      vertex 10.396825 19.255319 0.000000
      vertex 11.349206 19.255319 0.000000
    endloop
  endfacet
  facet normal 0.000000 0.000000 1.000000
    outer loop
      vertex 10.396825 18.617021 0.400000
      vertex 11.349206 18.617021 0.400000
      vertex 11.349206 19.255319 0.400000
    endloop
  endfacet
  facet normal 0.000000 0.000000 1.000000
    outer loop
      vertex 10.396825 18.617021 0.400000
      vertex 11.349206 19.255319 0.400000
      vertex 10.396825 19.255319 0.400000
    endloop
  endfacet
  facet normal 0.000000 -1.000000 0.000000
    outer loop
      vertex 10.396825 18.617021 0.000000
      vertex 11.349206 18.617021 0.000000
      vertex 11.349206 18.617021 0.400000
    endloop
  endfacet
  facet normal 0.000000 -1.000000 0.000000
    outer loop
      vertex 10.396825 18.617021 0.000000
      vertex 11.349206 18.617021 0.400000
      vertex 10.396825 18.617021 0.400000
    endloop
  endfacet
  facet normal 0.000000 1.000000 0.000000
    outer loop
      vertex 10.396825 19.255319 0.000000
      vertex 11.349206 19.255319 0.400000
      vertex 11.349206 19.255319 0.000000
    endloop
  endfacet
  facet normal 0.000000 1.000000 0.000000
    outer loop
      vertex 10.396825 19.255319 0.000000
      vertex 10.396825 19.255319 0.400000
      vertex 11.349206 19.255319 0.400000
    endloop
  endfacet
  facet normal -1.000000 0.000000 0.000000
    outer loop
      vertex 10.396825 18.617021 0.000000
      vertex 10.396825 18.617021 0.400000
      vertex 10.396825 19.255319 0.400000
    endloop
  endfacet
  facet normal -1.000000 0.000000 0.000000
    outer loop
      vertex 10.396825 18.617021 0.000000
      vertex 10.396825 19.255319 0.400000
      vertex 10.396825 19.255319 0.000000
    endloop
  endfacet
  facet normal 1.000000 0.000000 0.000000
    outer loop
      vertex 11.349206 18.617021 0.000000
      vertex 11.349206 19.255319 0.000000
      vertex 11.349206 19.255319 0.400000
    endloop
  endfacet
  facet normal 1.000000 0.000000 0.000000
    outer loop
      vertex 11.349206 18.617021 0.000000
      vertex 11.349206 19.255319 0.400000
      vertex 11.349206 18.617021 0.400000
    endloop
  endfacet
  facet normal 0.000000 0.000000 -1.000000
    outer loop
      vertex 32.936508 18.936170 0.000000
      vertex 33.571429 19.255319 0.000000
      vertex 33.571429 18.936170 0.000000
    endloop
  endfacet
  facet normal 0.000000 0.000000 -1.000000
    outer loop
      vertex 32.936508 18.936170 0.000000
      vertex 32.936508 19.255319 0.000000
      vertex 33.571429 19.255319 0.000000
    endloop
  endfacet
  facet normal 0.000000 0.000000 1.000000
    outer loop
      vertex 32.936508 18.936170 0.400000
      vertex 33.571429 18.936170 0.400000
      vertex 33.571429 19.255319 0.400000
    endloop
  endfacet
  facet normal 0.000000 0.000000 1.000000
    outer loop
      vertex 32.936508 18.936170 0.400000
      vertex 33.571429 19.255319 0.400000
      vertex 32.936508 19.255319 0.400000
    endloop
  endfacet
  facet normal 0.000000 -1.000000 0.000000
    outer loop
      vertex 32.936508 18.936170 0.000000
      vertex 33.571429 18.936170 0.000000
      vertex 33.571429 18.936170 0.400000
    endloop
  endfacet
  facet normal 0.000000 -1.000000 0.000000
    outer loop
      vertex 32.936508 18.936170 0.000000
      vertex 33.571429 18.936170 0.400000
      vertex 32.936508 18.936170 0.400000
    endloop
  endfacet
  facet normal 0.000000 1.000000 0.000000
    outer loop
      vertex 32.936508 19.255319 0.000000
      vertex 33.571429 19.255319 0.400000
      vertex 33.571429 19.255319 0.000000
    endloop
  endfacet
  facet normal 0.000000 1.000000 0.000000
    outer loop
      vertex 32.936508 19.255319 0.000000
      vertex 32.936508 19.255319 0.400000
      vertex 33.571429 19.255319 0.400000
    endloop
  endfacet
  facet normal -1.000000 0.000000 0.000000
    outer loop
      vertex 32.936508 18.936170 0.000000
      vertex 32.936508 18.936170 0.400000
      vertex 32.936508 19.255319 0.400000
    endloop
  endfacet
  facet normal -1.000000 0.000000 0.000000
    outer loop
      vertex 32.936508 18.936170 0.000000
      vertex 32.936508 19.255319 0.400000
      vertex 32.936508 19.255319 0.000000
    endloop
  endfacet
  facet normal 1.000000 0.000000 0.000000
    outer loop
      vertex 33.571429 18.936170 0.000000
      vertex 33.571429 19.255319 0.000000
      vertex 33.571429 19.255319 0.400000
    endloop
  endfacet
  facet normal 1.000000 0.000000 0.000000
    outer loop
      vertex 33.571429 18.936170 0.000000
      vertex 33.571429 19.255319 0.400000
      vertex 33.571429 18.936170 0.400000
    endloop
  endfacet
  facet normal 0.000000 0.000000 -1.000000
    outer loop
      vertex 23.730159 16.382979 0.000000
      vertex 24.047619 18.936170 0.000000
      vertex 24.047619 16.382979 0.000000
    endloop
  endfacet
  facet normal 0.000000 0.000000 -1.000000
    outer loop
      vertex 23.730159 16.382979 0.000000
      vertex 23.730159 18.936170 0.000000
      vertex 24.047619 18.936170 0.000000
    endloop
  endfacet
  facet normal 0.000000 0.000000 1.000000
    outer loop
      vertex 23.730159 16.382979 0.400000
      vertex 24.047619 16.382979 0.400000
      vertex 24.047619 18.936170 0.400000
    endloop
  endfacet
  facet normal 0.000000 0.000000 1.000000
    outer loop
      vertex 23.730159 16.382979 0.400000
      vertex 24.047619 18.936170 0.400000
      vertex 23.730159 18.936170 0.400000
    endloop
  endfacet
  facet normal 0.000000 -1.000000 0.000000
    outer loop
      vertex 23.730159 16.382979 0.000000
      vertex 24.047619 16.382979 0.000000
      vertex 24.047619 16.382979 0.400000
    endloop
  endfacet
  facet normal 0.000000 -1.000000 0.000000
    outer loop
      vertex 23.730159 16.382979 0.000000
      vertex 24.047619 16.382979 0.400000
      vertex 23.730159 16.382979 0.400000
    endloop
  endfacet
  facet normal 0.000000 1.000000 0.000000
    outer loop
      vertex 23.730159 18.936170 0.000000
      vertex 24.047619 18.936170 0.400000
      vertex 24.047619 18.936170 0.000000
    endloop
  endfacet
  facet normal 0.000000 1.000000 0.000000
    outer loop
      vertex 23.730159 18.936170 0.000000
      vertex 23.730159 18.936170 0.400000
      vertex 24.047619 18.936170 0.400000
    endloop
  endfacet
  facet normal -1.000000 0.000000 0.000000
    outer loop
      vertex 23.730159 16.382979 0.000000
      vertex 23.730159 16.382979 0.400000
      vertex 23.730159 18.936170 0.400000
    endloop
  endfacet
  facet normal -1.000000 0.000000 0.000000
    outer loop
      vertex 23.730159 16.382979 0.000000
      vertex 23.730159 18.936170 0.400000
      vertex 23.730159 18.936170 0.000000
    endloop
  endfacet
  facet normal 1.000000 0.000000 0.000000
    outer loop
      vertex 24.047619 16.382979 0.000000
      vertex 24.047619 18.936170 0.000000
      vertex 24.047619 18.936170 0.400000
    endloop
  endfacet
  facet normal 1.000000 0.000000 0.000000
    outer loop
      vertex 24.047619 16.382979 0.000000
      vertex 24.047619 18.936170 0.400000
      vertex 24.047619 16.382979 0.400000
    endloop
  endfacet
  facet normal 0.000000 0.000000 -1.000000
    outer loop
      vertex 31.984127 18.617021 0.000000
      vertex 32.619048 18.936170 0.000000
      vertex 32.619048 18.617021 0.000000
    endloop
  endfacet
  facet normal 0.000000 0.000000 -1.000000
    outer loop
      vertex 31.984127 18.617021 0.000000
      vertex 31.984127 18.936170 0.000000
      vertex 32.619048 18.936170 0.000000
    endloop
  endfacet
  facet normal 0.000000 0.000000 1.000000
    outer loop
      vertex 31.984127 18.617021 0.400000
      vertex 32.619048 18.617021 0.400000
      vertex 32.619048 18.936170 0.400000
    endloop
  endfacet
  facet normal 0.000000 0.000000 1.000000
    outer loop
      vertex 31.984127 18.617021 0.400000
      vertex 32.619048 18.936170 0.400000
      vertex 31.984127 18.936170 0.400000
    endloop
  endfacet
  facet normal 0.000000 -1.000000 0.000000
    outer loop
      vertex 31.984127 18.617021 0.000000
      vertex 32.619048 18.617021 0.000000
      vertex 32.619048 18.617021 0.400000
    endloop
  endfacet
  facet normal 0.000000 -1.000000 0.000000
    outer loop
      vertex 31.984127 18.617021 0.000000
      vertex 32.619048 18.617021 0.400000
      vertex 31.984127 18.617021 0.400000
    endloop
  endfacet
  facet normal 0.000000 1.000000 0.000000
    outer loop
      vertex 31.984127 18.936170 0.000000
      vertex 32.619048 18.936170 0.400000
      vertex 32.619048 18.936170 0.000000
    endloop
  endfacet
  facet normal 0.000000 1.000000 0.000000
    outer loop
      vertex 31.984127 18.936170 0.000000
      vertex 31.984127 18.936170 0.400000
      vertex 32.619048 18.936170 0.400000
    endloop
  endfacet
  facet normal -1.000000 0.000000 0.000000
    outer loop
      vertex 31.984127 18.617021 0.000000
      vertex 31.984127 18.617021 0.400000
      vertex 31.984127 18.936170 0.400000
    endloop
  endfacet
  facet normal -1.000000 0.000000 0.000000
    outer loop
      vertex 31.984127 18.617021 0.000000
      vertex 31.984127 18.936170 0.400000
      vertex 31.984127 18.936170 0.000000
    endloop
  endfacet
  facet normal 1.000000 0.000000 0.000000
    outer loop
      vertex 32.619048 18.617021 0.000000
      vertex 32.619048 18.936170 0.000000
      vertex 32.619048 18.936170 0.400000
    endloop
  endfacet
  facet normal 1.000000 0.000000 0.000000
    outer loop
      vertex 32.619048 18.617021 0.000000
      vertex 32.619048 18.936170 0.400000
      vertex 32.619048 18.617021 0.400000
    endloop
  endfacet
  facet normal 0.000000 0.000000 -1.000000
    outer loop
      vertex 10.396825 17.978723 0.000000
      vertex 11.031746 18.617021 0.000000
      vertex 11.031746 17.978723 0.000000
    endloop
  endfacet
  facet normal 0.000000 0.000000 -1.000000
    outer loop
      vertex 10.396825 17.978723 0.000000
      vertex 10.396825 18.617021 0.000000
      vertex 11.031746 18.617021 0.000000
    endloop
  endfacet
  facet normal 0.000000 0.000000 1.000000
    outer loop
      vertex 10.396825 17.978723 0.400000
      vertex 11.031746 17.978723 0.400000
      vertex 11.031746 18.617021 0.400000
    endloop
  endfacet
  facet normal 0.000000 0.000000 1.000000
    outer loop
      vertex 10.396825 17.978723 0.400000
      vertex 11.031746 18.617021 0.400000
      vertex 10.396825 18.617021 0.400000
    endloop
  endfacet
  facet normal 0.000000 -1.000000 0.000000
    outer loop
      vertex 10.396825 17.978723 0.000000
      vertex 11.031746 17.978723 0.000000
      vertex 11.031746 17.978723 0.400000
    endloop
  endfacet
  facet normal 0.000000 -1.000000 0.000000
    outer loop
      vertex 10.396825 17.978723 0.000000
      vertex 11.031746 17.978723 0.400000
      vertex 10.396825 17.978723 0.400000
    endloop
  endfacet
  facet normal 0.000000 1.000000 0.000000
    outer loop
      vertex 10.396825 18.617021 0.000000
      vertex 11.031746 18.617021 0.400000
      vertex 11.031746 18.617021 0.000000
    endloop
  endfacet
  facet normal 0.000000 1.000000 0.000000
    outer loop
      vertex 10.396825 18.617021 0.000000
      vertex 10.396825 18.617021 0.400000
      vertex 11.031746 18.617021 0.400000
    endloop
  endfacet
  facet normal -1.000000 0.000000 0.000000
    outer loop
      vertex 10.396825 17.978723 0.000000
      vertex 10.396825 17.978723 0.400000
      vertex 10.396825 18.617021 0.400000
    endloop
  endfacet
  facet normal -1.000000 0.000000 0.000000
    outer loop
      vertex 10.396825 17.978723 0.000000
      vertex 10.396825 18.617021 0.400000
      vertex 10.396825 18.617021 0.000000
    endloop
  endfacet
  facet normal 1.000000 0.000000 0.000000
    outer loop
      vertex 11.031746 17.978723 0.000000
      vertex 11.031746 18.617021 0.000000
      vertex 11.031746 18.617021 0.400000
    endloop
  endfacet
  facet normal 1.000000 0.000000 0.000000
    outer loop
      vertex 11.031746 17.978723 0.000000
      vertex 11.031746 18.617021 0.400000
      vertex 11.031746 17.978723 0.400000
    endloop
  endfacet
  facet normal 0.000000 0.000000 -1.000000
    outer loop
      vertex 14.206349 14.148936 0.000000
      vertex 15.476190 18.617021 0.000000
      vertex 15.476190 14.148936 0.000000
    endloop
  endfacet
  facet normal 0.000000 0.000000 -1.000000
    outer loop
      vertex 14.206349 14.148936 0.000000
      vertex 14.206349 18.617021 0.000000
      vertex 15.476190 18.617021 0.000000
    endloop
  endfacet
  facet normal 0.000000 0.000000 1.000000
    outer loop
      vertex 14.206349 14.148936 0.400000
      vertex 15.476190 14.148936 0.400000
      vertex 15.476190 18.617021 0.400000
    endloop
  endfacet
  facet normal 0.000000 0.000000 1.000000
    outer loop
      vertex 14.206349 14.148936 0.400000
      vertex 15.476190 18.617021 0.400000
      vertex 14.206349 18.617021 0.400000
    endloop
  endfacet
  facet normal 0.000000 -1.000000 0.000000
    outer loop
      vertex 14.206349 14.148936 0.000000
      vertex 15.476190 14.148936 0.000000
      vertex 15.476190 14.148936 0.400000
    endloop
  endfacet
  facet normal 0.000000 -1.000000 0.000000
    outer loop
      vertex 14.206349 14.148936 0.000000
      vertex 15.476190 14.148936 0.400000
      vertex 14.206349 14.148936 0.400000
    endloop
  endfacet
  facet normal 0.000000 1.000000 0.000000
    outer loop
      vertex 14.206349 18.617021 0.000000
      vertex 15.476190 18.617021 0.400000
      vertex 15.476190 18.617021 0.000000
    endloop
  endfacet
  facet normal 0.000000 1.000000 0.000000
    outer loop
      vertex 14.206349 18.617021 0.000000
      vertex 14.206349 18.617021 0.400000
      vertex 15.476190 18.617021 0.400000
    endloop
  endfacet
  facet normal -1.000000 0.000000 0.000000
    outer loop
      vertex 14.206349 14.148936 0.000000
      vertex 14.206349 14.148936 0.400000
      vertex 14.206349 18.617021 0.400000
    endloop
  endfacet
  facet normal -1.000000 0.000000 0.000000
    outer loop
      vertex 14.206349 14.148936 0.000000
      vertex 14.206349 18.617021 0.400000
      vertex 14.206349 18.617021 0.000000
    endloop
  endfacet
  facet normal 1.000000 0.000000 0.000000
    outer loop
      vertex 15.476190 14.148936 0.000000
      vertex 15.476190 18.617021 0.000000
      vertex 15.476190 18.617021 0.400000
    endloop
  endfacet
  facet normal 1.000000 0.000000 0.000000
    outer loop
      vertex 15.476190 14.148936 0.000000
      vertex 15.476190 18.617021 0.400000
      vertex 15.476190 14.148936 0.400000
    endloop
  endfacet
  facet normal 0.000000 0.000000 -1.000000
    outer loop
      vertex 31.984127 18.297872 0.000000
      vertex 32.301587 18.617021 0.000000
      vertex 32.301587 18.297872 0.000000
    endloop
  endfacet
  facet normal 0.000000 0.000000 -1.000000
    outer loop
      vertex 31.984127 18.297872 0.000000
      vertex 31.984127 18.617021 0.000000
      vertex 32.301587 18.617021 0.000000
    endloop
  endfacet
  facet normal 0.000000 0.000000 1.000000
    outer loop
      vertex 31.984127 18.297872 0.400000
      vertex 32.301587 18.297872 0.400000
      vertex 32.301587 18.617021 0.400000
    endloop
  endfacet
  facet normal 0.000000 0.000000 1.000000
    outer loop
      vertex 31.984127 18.297872 0.400000
      vertex 32.301587 18.617021 0.400000
      vertex 31.984127 18.617021 0.400000
    endloop
  endfacet
  facet normal 0.000000 -1.000000 0.000000
    outer loop
      vertex 31.984127 18.297872 0.000000
      vertex 32.301587 18.297872 0.000000
      vertex 32.301587 18.297872 0.400000
    endloop
  endfacet
  facet normal 0.000000 -1.000000 0.000000
    outer loop
      vertex 31.984127 18.297872 0.000000
      vertex 32.301587 18.297872 0.400000
      vertex 31.984127 18.297872 0.400000
    endloop
  endfacet
  facet normal 0.000000 1.000000 0.000000
    outer loop
      vertex 31.984127 18.617021 0.000000
      vertex 32.301587 18.617021 0.400000
      vertex 32.301587 18.617021 0.000000
    endloop
  endfacet
  facet normal 0.000000 1.000000 0.000000
    outer loop
      vertex 31.984127 18.617021 0.000000
      vertex 31.984127 18.617021 0.400000
      vertex 32.301587 18.617021 0.400000
    endloop
  endfacet
  facet normal -1.000000 0.000000 0.000000
    outer loop
      vertex 31.984127 18.297872 0.000000
      vertex 31.984127 18.297872 0.400000
      vertex 31.984127 18.617021 0.400000
    endloop
  endfacet
  facet normal -1.000000 0.000000 0.000000
    outer loop
      vertex 31.984127 18.297872 0.000000
      vertex 31.984127 18.617021 0.400000
      vertex 31.984127 18.617021 0.000000
    endloop
  endfacet
  facet normal 1.000000 0.000000 0.000000
    outer loop
      vertex 32.301587 18.297872 0.000000
      vertex 32.301587 18.617021 0.000000
      vertex 32.301587 18.617021 0.400000
    endloop
  endfacet
  facet normal 1.000000 0.000000 0.000000
    outer loop
      vertex 32.301587 18.297872 0.000000
      vertex 32.301587 18.617021 0.400000
      vertex 32.301587 18.297872 0.400000
    endloop
  endfacet
  facet normal 0.000000 0.000000 -1.000000
    outer loop
      vertex 13.888889 14.468085 0.000000
      vertex 14.206349 18.297872 0.000000
      vertex 14.206349 14.468085 0.000000
    endloop
  endfacet
  facet normal 0.000000 0.000000 -1.000000
    outer loop
      vertex 13.888889 14.468085 0.000000
      vertex 13.888889 18.297872 0.000000
      vertex 14.206349 18.297872 0.000000
    endloop
  endfacet
  facet normal 0.000000 0.000000 1.000000
    outer loop
      vertex 13.888889 14.468085 0.400000
      vertex 14.206349 14.468085 0.400000
      vertex 14.206349 18.297872 0.400000
    endloop
  endfacet
  facet normal 0.000000 0.000000 1.000000
    outer loop
      vertex 13.888889 14.468085 0.400000
      vertex 14.206349 18.297872 0.400000
      vertex 13.888889 18.297872 0.400000
    endloop
  endfacet
  facet normal 0.000000 -1.000000 0.000000
    outer loop
      vertex 13.888889 14.468085 0.000000
      vertex 14.206349 14.468085 0.000000
      vertex 14.206349 14.468085 0.400000
    endloop
  endfacet
  facet normal 0.000000 -1.000000 0.000000
    outer loop
      vertex 13.888889 14.468085 0.000000
      vertex 14.206349 14.468085 0.400000
      vertex 13.888889 14.468085 0.400000
    endloop
  endfacet
  facet normal 0.000000 1.000000 0.000000
    outer loop
      vertex 13.888889 18.297872 0.000000
      vertex 14.206349 18.297872 0.400000
      vertex 14.206349 18.297872 0.000000
    endloop
  endfacet
  facet normal 0.000000 1.000000 0.000000
    outer loop
      vertex 13.888889 18.297872 0.000000
      vertex 13.888889 18.297872 0.400000
      vertex 14.206349 18.297872 0.400000
    endloop
  endfacet
  facet normal -1.000000 0.000000 0.000000
    outer loop
      vertex 13.888889 14.468085 0.000000
      vertex 13.888889 14.468085 0.400000
      vertex 13.888889 18.297872 0.400000
    endloop
  endfacet
  facet normal -1.000000 0.000000 0.000000
    outer loop
      vertex 13.888889 14.468085 0.000000
      vertex 13.888889 18.297872 0.400000
      vertex 13.888889 18.297872 0.000000
    endloop
  endfacet
  facet normal 1.000000 0.000000 0.000000
    outer loop
      vertex 14.206349 14.468085 0.000000
      vertex 14.206349 18.297872 0.000000
      vertex 14.206349 18.297872 0.400000
    endloop
  endfacet
  facet normal 1.000000 0.000000 0.000000
    outer loop
      vertex 14.206349 14.468085 0.000000
      vertex 14.206349 18.297872 0.400000
      vertex 14.206349 14.468085 0.400000
    endloop
  endfacet
  facet normal 0.000000 0.000000 -1.000000
    outer loop
      vertex 15.476190 14.468085 0.000000
      vertex 16.111111 18.297872 0.000000
      vertex 16.111111 14.468085 0.000000
    endloop
  endfacet
  facet normal 0.000000 0.000000 -1.000000
    outer loop
      vertex 15.476190 14.468085 0.000000
      vertex 15.476190 18.297872 0.000000
      vertex 16.111111 18.297872 0.000000
    endloop
  endfacet
  facet normal 0.000000 0.000000 1.000000
    outer loop
      vertex 15.476190 14.468085 0.400000
      vertex 16.111111 14.468085 0.400000
      vertex 16.111111 18.297872 0.400000
    endloop
  endfacet
  facet normal 0.000000 0.000000 1.000000
    outer loop
      vertex 15.476190 14.468085 0.400000
      vertex 16.111111 18.297872 0.400000
      vertex 15.476190 18.297872 0.400000
    endloop
  endfacet
  facet normal 0.000000 -1.000000 0.000000
    outer loop
      vertex 15.476190 14.468085 0.000000
      vertex 16.111111 14.468085 0.000000
      vertex 16.111111 14.468085 0.400000
    endloop
  endfacet
  facet normal 0.000000 -1.000000 0.000000
    outer loop
      vertex 15.476190 14.468085 0.000000
      vertex 16.111111 14.468085 0.400000
      vertex 15.476190 14.468085 0.400000
    endloop
  endfacet
  facet normal 0.000000 1.000000 0.000000
    outer loop
      vertex 15.476190 18.297872 0.000000
      vertex 16.111111 18.297872 0.400000
      vertex 16.111111 18.297872 0.000000
    endloop
  endfacet
  facet normal 0.000000 1.000000 0.000000
    outer loop
      vertex 15.476190 18.297872 0.000000
      vertex 15.476190 18.297872 0.400000
      vertex 16.111111 18.297872 0.400000
    endloop
  endfacet
  facet normal -1.000000 0.000000 0.000000
    outer loop
      vertex 15.476190 14.468085 0.000000
      vertex 15.476190 14.468085 0.400000
      vertex 15.476190 18.297872 0.400000
    endloop
  endfacet
  facet normal -1.000000 0.000000 0.000000
    outer loop
      vertex 15.476190 14.468085 0.000000
      vertex 15.476190 18.297872 0.400000
      vertex 15.476190 18.297872 0.000000
    endloop
  endfacet
  facet normal 1.000000 0.000000 0.000000
    outer loop
      vertex 16.111111 14.468085 0.000000
      vertex 16.111111 18.297872 0.000000
      vertex 16.111111 18.297872 0.400000
    endloop
  endfacet
  facet normal 1.000000 0.000000 0.000000
    outer loop
      vertex 16.111111 14.468085 0.000000
      vertex 16.111111 18.297872 0.400000
      vertex 16.111111 14.468085 0.400000
    endloop
  endfacet
  facet normal 0.000000 0.000000 -1.000000
    outer loop
      vertex 10.396825 10.000000 0.000000
      vertex 10.714286 17.978723 0.000000
      vertex 10.714286 10.000000 0.000000
    endloop
  endfacet
  facet normal 0.000000 0.000000 -1.000000
    outer loop
      vertex 10.396825 10.000000 0.000000
      vertex 10.396825 17.978723 0.000000
      vertex 10.714286 17.978723 0.000000
    endloop
  endfacet
  facet normal 0.000000 0.000000 1.000000
    outer loop
      vertex 10.396825 10.000000 0.400000
      vertex 10.714286 10.000000 0.400000
      vertex 10.714286 17.978723 0.400000
    endloop
  endfacet
  facet normal 0.000000 0.000000 1.000000
    outer loop
      vertex 10.396825 10.000000 0.400000
      vertex 10.714286 17.978723 0.400000
      vertex 10.396825 17.978723 0.400000
    endloop
  endfacet
  facet normal 0.000000 -1.000000 0.000000
    outer loop
      vertex 10.396825 10.000000 0.000000
      vertex 10.714286 10.000000 0.000000
      vertex 10.714286 10.000000 0.400000
    endloop
  endfacet
  facet normal 0.000000 -1.000000 0.000000
    outer loop
      vertex 10.396825 10.000000 0.000000
      vertex 10.714286 10.000000 0.400000
      vertex 10.396825 10.000000 0.400000
    endloop
  endfacet
  facet normal 0.000000 1.000000 0.000000
    outer loop
      vertex 10.396825 17.978723 0.000000
      vertex 10.714286 17.978723 0.400000
      vertex 10.714286 17.978723 0.000000
    endloop
  endfacet
  facet normal 0.000000 1.000000 0.000000
    outer loop
      vertex 10.396825 17.978723 0.000000
      vertex 10.396825 17.978723 0.400000
      vertex 10.714286 17.978723 0.400000
    endloop
  endfacet
  facet normal -1.000000 0.000000 0.000000
    outer loop
      vertex 10.396825 10.000000 0.000000
      vertex 10.396825 10.000000 0.400000
      vertex 10.396825 17.978723 0.400000
    endloop
  endfacet
  facet normal -1.000000 0.000000 0.000000
    outer loop
      vertex 10.396825 10.000000 0.000000
      vertex 10.396825 17.978723 0.400000
      vertex 10.396825 17.978723 0.000000
    endloop
  endfacet
  facet normal 1.000000 0.000000 0.000000
    outer loop
      vertex 10.714286 10.000000 0.000000
      vertex 10.714286 17.978723 0.000000
      vertex 10.714286 17.978723 0.400000
    endloop
  endfacet
  facet normal 1.000000 0.000000 0.000000
    outer loop
      vertex 10.714286 10.000000 0.000000
      vertex 10.714286 17.978723 0.400000
      vertex 10.714286 10.000000 0.400000
    endloop
  endfacet
  facet normal 0.000000 0.000000 -1.000000
    outer loop
      vertex 13.571429 14.787234 0.000000
      vertex 13.888889 17.978723 0.000000
      vertex 13.888889 14.787234 0.000000
    endloop
  endfacet
  facet normal 0.000000 0.000000 -1.000000
    outer loop
      vertex 13.571429 14.787234 0.000000
      vertex 13.571429 17.978723 0.000000
      vertex 13.888889 17.978723 0.000000
    endloop
  endfacet
  facet normal 0.000000 0.000000 1.000000
    outer loop
      vertex 13.571429 14.787234 0.400000
      vertex 13.888889 14.787234 0.400000
      vertex 13.888889 17.978723 0.400000
    endloop
  endfacet
  facet normal 0.000000 0.000000 1.000000
    outer loop
      vertex 13.571429 14.787234 0.400000
      vertex 13.888889 17.978723 0.400000
      vertex 13.571429 17.978723 0.400000
    endloop
  endfacet
  facet normal 0.000000 -1.000000 0.000000
    outer loop
      vertex 13.571429 14.787234 0.000000
      vertex 13.888889 14.787234 0.000000
      vertex 13.888889 14.787234 0.400000
    endloop
  endfacet
  facet normal 0.000000 -1.000000 0.000000
    outer loop
      vertex 13.571429 14.787234 0.000000
      vertex 13.888889 14.787234 0.400000
      vertex 13.571429 14.787234 0.400000
    endloop
  endfacet
  facet normal 0.000000 1.000000 0.000000
    outer loop
      vertex 13.571429 17.978723 0.000000
      vertex 13.888889 17.978723 0.400000
      vertex 13.888889 17.978723 0.000000
    endloop
  endfacet
  facet normal 0.000000 1.000000 0.000000
    outer loop
      vertex 13.571429 17.978723 0.000000
      vertex 13.571429 17.978723 0.400000
      vertex 13.888889 17.978723 0.400000
    endloop
  endfacet
  facet normal -1.000000 0.000000 0.000000
    outer loop
      vertex 13.571429 14.787234 0.000000
      vertex 13.571429 14.787234 0.400000
      vertex 13.571429 17.978723 0.400000
    endloop
  endfacet
  facet normal -1.000000 0.000000 0.000000
    outer loop
      vertex 13.571429 14.787234 0.000000
      vertex 13.571429 17.978723 0.400000
      vertex 13.571429 17.978723 0.000000
    endloop
  endfacet
  facet normal 1.000000 0.000000 0.000000
    outer loop
      vertex 13.888889 14.787234 0.000000
      vertex 13.888889 17.978723 0.000000
      vertex 13.888889 17.978723 0.400000
    endloop
  endfacet
  facet normal 1.000000 0.000000 0.000000
    outer loop
      vertex 13.888889 14.787234 0.000000
      vertex 13.888889 17.978723 0.400000
      vertex 13.888889 14.787234 0.400000
    endloop
  endfacet
  facet normal 0.000000 0.000000 -1.000000
    outer loop
      vertex 13.253968 15.106383 0.000000
      vertex 13.571429 17.659574 0.000000
      vertex 13.571429 15.106383 0.000000
    endloop
  endfacet
  facet normal 0.000000 0.000000 -1.000000
    outer loop
      vertex 13.253968 15.106383 0.000000
      vertex 13.253968 17.659574 0.000000
      vertex 13.571429 17.659574 0.000000
    endloop
  endfacet
  facet normal 0.000000 0.000000 1.000000
    outer loop
      vertex 13.253968 15.106383 0.400000
      vertex 13.571429 15.106383 0.400000
      vertex 13.571429 17.659574 0.400000
    endloop
  endfacet
  facet normal 0.000000 0.000000 1.000000
    outer loop
      vertex 13.253968 15.106383 0.400000
      vertex 13.571429 17.659574 0.400000
      vertex 13.253968 17.659574 0.400000
    endloop
  endfacet
  facet normal 0.000000 -1.000000 0.000000
    outer loop
      vertex 13.253968 15.106383 0.000000
      vertex 13.571429 15.106383 0.000000
      vertex 13.571429 15.106383 0.400000
    endloop
  endfacet
  facet normal 0.000000 -1.000000 0.000000
    outer loop
      vertex 13.253968 15.106383 0.000000
      vertex 13.571429 15.106383 0.400000
      vertex 13.253968 15.106383 0.400000
    endloop
  endfacet
  facet normal 0.000000 1.000000 0.000000
    outer loop
      vertex 13.253968 17.659574 0.000000
      vertex 13.571429 17.659574 0.400000
      vertex 13.571429 17.659574 0.000000
    endloop
  endfacet
  facet normal 0.000000 1.000000 0.000000
    outer loop
      vertex 13.253968 17.659574 0.000000
      vertex 13.253968 17.659574 0.400000
      vertex 13.571429 17.659574 0.400000
    endloop
  endfacet
  facet normal -1.000000 0.000000 0.000000
    outer loop
      vertex 13.253968 15.106383 0.000000
      vertex 13.253968 15.106383 0.400000
      vertex 13.253968 17.659574 0.400000
    endloop
  endfacet
  facet normal -1.000000 0.000000 0.000000
    outer loop
      vertex 13.253968 15.106383 0.000000
      vertex 13.253968 17.659574 0.400000
      vertex 13.253968 17.659574 0.000000
    endloop
  endfacet
  facet normal 1.000000 0.000000 0.000000
    outer loop
      vertex 13.571429 15.106383 0.000000
      vertex 13.571429 17.659574 0.000000
      vertex 13.571429 17.659574 0.400000
    endloop
  endfacet
  facet normal 1.000000 0.000000 0.000000
    outer loop
      vertex 13.571429 15.106383 0.000000
      vertex 13.571429 17.659574 0.400000
      vertex 13.571429 15.106383 0.400000
    endloop
  endfacet
  facet normal 0.000000 0.000000 -1.000000
    outer loop
      vertex 16.111111 15.106383 0.000000
      vertex 16.428571 17.659574 0.000000
      vertex 16.428571 15.106383 0.000000
    endloop
  endfacet
  facet normal 0.000000 0.000000 -1.000000
    outer loop
      vertex 16.111111 15.106383 0.000000
      vertex 16.111111 17.659574 0.000000
      vertex 16.428571 17.659574 0.000000
    endloop
  endfacet
  facet normal 0.000000 0.000000 1.000000
    outer loop
      vertex 16.111111 15.106383 0.400000
      vertex 16.428571 15.106383 0.400000
      vertex 16.428571 17.659574 0.400000
    endloop
  endfacet
  facet normal 0.000000 0.000000 1.000000
    outer loop
      vertex 16.111111 15.106383 0.400000
      vertex 16.428571 17.659574 0.400000
      vertex 16.111111 17.659574 0.400000
    endloop
  endfacet
  facet normal 0.000000 -1.000000 0.000000
    outer loop
      vertex 16.111111 15.106383 0.000000
      vertex 16.428571 15.106383 0.000000
      vertex 16.428571 15.106383 0.400000
    endloop
  endfacet
  facet normal 0.000000 -1.000000 0.000000
    outer loop
      vertex 16.111111 15.106383 0.000000
      vertex 16.428571 15.106383 0.400000
      vertex 16.111111 15.106383 0.400000
    endloop
  endfacet
  facet normal 0.000000 1.000000 0.000000
    outer loop
      vertex 16.111111 17.659574 0.000000
      vertex 16.428571 17.659574 0.400000
      vertex 16.428571 17.659574 0.000000
    endloop
  endfacet
  facet normal 0.000000 1.000000 0.000000
    outer loop
      vertex 16.111111 17.659574 0.000000
      vertex 16.111111 17.659574 0.400000
      vertex 16.428571 17.659574 0.400000
    endloop
  endfacet
  facet normal -1.000000 0.000000 0.000000
    outer loop
      vertex 16.111111 15.106383 0.000000
      vertex 16.111111 15.106383 0.400000
      vertex 16.111111 17.659574 0.400000
    endloop
  endfacet
  facet normal -1.000000 0.000000 0.000000
    outer loop
      vertex 16.111111 15.106383 0.000000
      vertex 16.111111 17.659574 0.400000
      vertex 16.111111 17.659574 0.000000
    endloop
  endfacet
  facet normal 1.000000 0.000000 0.000000
    outer loop
      vertex 16.428571 15.106383 0.000000
      vertex 16.428571 17.659574 0.000000
      vertex 16.428571 17.659574 0.400000
    endloop
  endfacet
  facet normal 1.000000 0.000000 0.000000
    outer loop
      vertex 16.428571 15.106383 0.000000
      vertex 16.428571 17.659574 0.400000
      vertex 16.428571 15.106383 0.400000
    endloop
  endfacet
  facet normal 0.000000 0.000000 -1.000000
    outer loop
      vertex 31.031746 16.702128 0.000000
      vertex 31.349206 17.659574 0.000000
      vertex 31.349206 16.702128 0.000000
    endloop
  endfacet
  facet normal 0.000000 0.000000 -1.000000
    outer loop
      vertex 31.031746 16.702128 0.000000
      vertex 31.031746 17.659574 0.000000
      vertex 31.349206 17.659574 0.000000
    endloop
  endfacet
  facet normal 0.000000 0.000000 1.000000
    outer loop
      vertex 31.031746 16.702128 0.400000
      vertex 31.349206 16.702128 0.400000
      vertex 31.349206 17.659574 0.400000
    endloop
  endfacet
  facet normal 0.000000 0.000000 1.000000
    outer loop
      vertex 31.031746 16.702128 0.400000
      vertex 31.349206 17.659574 0.400000
      vertex 31.031746 17.659574 0.400000
    endloop
  endfacet
  facet normal 0.000000 -1.000000 0.000000
    outer loop
      vertex 31.031746 16.702128 0.000000
      vertex 31.349206 16.702128 0.000000
      vertex 31.349206 16.702128 0.400000
    endloop
  endfacet
  facet normal 0.000000 -1.000000 0.000000
    outer loop
      vertex 31.031746 16.702128 0.000000
      vertex 31.349206 16.702128 0.400000
      vertex 31.031746 16.702128 0.400000
    endloop
  endfacet
  facet normal 0.000000 1.000000 0.000000
    outer loop
      vertex 31.031746 17.659574 0.000000
      vertex 31.349206 17.659574 0.400000
      vertex 31.349206 17.659574 0.000000
    endloop
  endfacet
  facet normal 0.000000 1.000000 0.000000
    outer loop
      vertex 31.031746 17.659574 0.000000
      vertex 31.031746 17.659574 0.400000
      vertex 31.349206 17.659574 0.400000
    endloop
  endfacet
  facet normal -1.000000 0.000000 0.000000
    outer loop
      vertex 31.031746 16.702128 0.000000
      vertex 31.031746 16.702128 0.400000
      vertex 31.031746 17.659574 0.400000
    endloop
  endfacet
  facet normal -1.000000 0.000000 0.000000
    outer loop
      vertex 31.031746 16.702128 0.000000
      vertex 31.031746 17.659574 0.400000
      vertex 31.031746 17.659574 0.000000
    endloop
  endfacet
  facet normal 1.000000 0.000000 0.000000
    outer loop
      vertex 31.349206 16.702128 0.000000
      vertex 31.349206 17.659574 0.000000
      vertex 31.349206 17.659574 0.400000
    endloop
  endfacet
  facet normal 1.000000 0.000000 0.000000
    outer loop
      vertex 31.349206 16.702128 0.000000
      vertex 31.349206 17.659574 0.400000
      vertex 31.349206 16.702128 0.400000
    endloop
  endfacet
  facet normal 0.000000 0.000000 -1.000000
    outer loop
      vertex 34.206349 14.148936 0.000000
      vertex 35.793651 17.340426 0.000000
      vertex 35.793651 14.148936 0.000000
    endloop
  endfacet
  facet normal 0.000000 0.000000 -1.000000
    outer loop
      vertex 34.206349 14.148936 0.000000
      vertex 34.206349 17.340426 0.000000
      vertex 35.793651 17.340426 0.000000
    endloop
  endfacet
  facet normal 0.000000 0.000000 1.000000
    outer loop
      vertex 34.206349 14.148936 0.400000
      vertex 35.793651 14.148936 0.400000
      vertex 35.793651 17.340426 0.400000
    endloop
  endfacet
  facet normal 0.000000 0.000000 1.000000
    outer loop
      vertex 34.206349 14.148936 0.400000
      vertex 35.793651 17.340426 0.400000
      vertex 34.206349 17.340426 0.400000
    endloop
  endfacet
  facet normal 0.000000 -1.000000 0.000000
    outer loop
      vertex 34.206349 14.148936 0.000000
      vertex 35.793651 14.148936 0.000000
      vertex 35.793651 14.148936 0.400000
    endloop
  endfacet
  facet normal 0.000000 -1.000000 0.000000
    outer loop
      vertex 34.206349 14.148936 0.000000
      vertex 35.793651 14.148936 0.400000
      vertex 34.206349 14.148936 0.400000
    endloop
  endfacet
  facet normal 0.000000 1.000000 0.000000
    outer loop
      vertex 34.206349 17.340426 0.000000
      vertex 35.793651 17.340426 0.400000
      vertex 35.793651 17.340426 0.000000
    endloop
  endfacet
  facet normal 0.000000 1.000000 0.000000
    outer loop
      vertex 34.206349 17.340426 0.000000
      vertex 34.206349 17.340426 0.400000
      vertex 35.793651 17.340426 0.400000
    endloop
  endfacet
  facet normal -1.000000 0.000000 0.000000
    outer loop
      vertex 34.206349 14.148936 0.000000
      vertex 34.206349 14.148936 0.400000
      vertex 34.206349 17.340426 0.400000
    endloop
  endfacet
  facet normal -1.000000 0.000000 0.000000
    outer loop
      vertex 34.206349 14.148936 0.000000
      vertex 34.206349 17.340426 0.400000
      vertex 34.206349 17.340426 0.000000
    endloop
  endfacet
  facet normal 1.000000 0.000000 0.000000
    outer loop
      vertex 35.793651 14.148936 0.000000
      vertex 35.793651 17.340426 0.000000
      vertex 35.793651 17.340426 0.400000
    endloop
  endfacet
  facet normal 1.000000 0.000000 0.000000
    outer loop
      vertex 35.793651 14.148936 0.000000
      vertex 35.793651 17.340426 0.400000
      vertex 35.793651 14.148936 0.400000
    endloop
  endfacet
  facet normal 0.000000 0.000000 -1.000000
    outer loop
      vertex 33.888889 14.468085 0.000000
      vertex 34.206349 17.021277 0.000000
      vertex 34.206349 14.468085 0.000000
    endloop
  endfacet
  facet normal 0.000000 0.000000 -1.000000
    outer loop
      vertex 33.888889 14.468085 0.000000
      vertex 33.888889 17.021277 0.000000
      vertex 34.206349 17.021277 0.000000
    endloop
  endfacet
  facet normal 0.000000 0.000000 1.000000
    outer loop
      vertex 33.888889 14.468085 0.400000
      vertex 34.206349 14.468085 0.400000
      vertex 34.206349 17.021277 0.400000
    endloop
  endfacet
  facet normal 0.000000 0.000000 1.000000
    outer loop
      vertex 33.888889 14.468085 0.400000
      vertex 34.206349 17.021277 0.400000
      vertex 33.888889 17.021277 0.400000
    endloop
  endfacet
  facet normal 0.000000 -1.000000 0.000000
    outer loop
      vertex 33.888889 14.468085 0.000000
      vertex 34.206349 14.468085 0.000000
      vertex 34.206349 14.468085 0.400000
    endloop
  endfacet
  facet normal 0.000000 -1.000000 0.000000
    outer loop
      vertex 33.888889 14.468085 0.000000
      vertex 34.206349 14.468085 0.400000
      vertex 33.888889 14.468085 0.400000
    endloop
  endfacet
  facet normal 0.000000 1.000000 0.000000
    outer loop
      vertex 33.888889 17.021277 0.000000
      vertex 34.206349 17.021277 0.400000
      vertex 34.206349 17.021277 0.000000
    endloop
  endfacet
  facet normal 0.000000 1.000000 0.000000
    outer loop
      vertex 33.888889 17.021277 0.000000
      vertex 33.888889 17.021277 0.400000
      vertex 34.206349 17.021277 0.400000
    endloop
  endfacet
  facet normal -1.000000 0.000000 0.000000
    outer loop
      vertex 33.888889 14.468085 0.000000
      vertex 33.888889 14.468085 0.400000
      vertex 33.888889 17.021277 0.400000
    endloop
  endfacet
  facet normal -1.000000 0.000000 0.000000
    outer loop
      vertex 33.888889 14.468085 0.000000
      vertex 33.888889 17.021277 0.400000
      vertex 33.888889 17.021277 0.000000
    endloop
  endfacet
  facet normal 1.000000 0.000000 0.000000
    outer loop
      vertex 34.206349 14.468085 0.000000
      vertex 34.206349 17.021277 0.000000
      vertex 34.206349 17.021277 0.400000
    endloop
  endfacet
  facet normal 1.000000 0.000000 0.000000
    outer loop
      vertex 34.206349 14.468085 0.000000
      vertex 34.206349 17.021277 0.400000
      vertex 34.206349 14.468085 0.400000
    endloop
  endfacet
  facet normal 0.000000 0.000000 -1.000000
    outer loop
      vertex 35.793651 14.468085 0.000000
      vertex 36.111111 17.021277 0.000000
      vertex 36.111111 14.468085 0.000000
    endloop
  endfacet
  facet normal 0.000000 0.000000 -1.000000
    outer loop
      vertex 35.793651 14.468085 0.000000
      vertex 35.793651 17.021277 0.000000
      vertex 36.111111 17.021277 0.000000
    endloop
  endfacet
  facet normal 0.000000 0.000000 1.000000
    outer loop
      vertex 35.793651 14.468085 0.400000
      vertex 36.111111 14.468085 0.400000
      vertex 36.111111 17.021277 0.400000
    endloop
  endfacet
  facet normal 0.000000 0.000000 1.000000
    outer loop
      vertex 35.793651 14.468085 0.400000
      vertex 36.111111 17.021277 0.400000
      vertex 35.793651 17.021277 0.400000
    endloop
  endfacet
  facet normal 0.000000 -1.000000 0.000000
    outer loop
      vertex 35.793651 14.468085 0.000000
      vertex 36.111111 14.468085 0.000000
      vertex 36.111111 14.468085 0.400000
    endloop
  endfacet
  facet normal 0.000000 -1.000000 0.000000
    outer loop
      vertex 35.793651 14.468085 0.000000
      vertex 36.111111 14.468085 0.400000
      vertex 35.793651 14.468085 0.400000
    endloop
  endfacet
  facet normal 0.000000 1.000000 0.000000
    outer loop
      vertex 35.793651 17.021277 0.000000
      vertex 36.111111 17.021277 0.400000
      vertex 36.111111 17.021277 0.000000
    endloop
  endfacet
  facet normal 0.000000 1.000000 0.000000
    outer loop
      vertex 35.793651 17.021277 0.000000
      vertex 35.793651 17.021277 0.400000
      vertex 36.111111 17.021277 0.400000
    endloop
  endfacet
  facet normal -1.000000 0.000000 0.000000
    outer loop
      vertex 35.793651 14.468085 0.000000
      vertex 35.793651 14.468085 0.400000
      vertex 35.793651 17.021277 0.400000
    endloop
  endfacet
  facet normal -1.000000 0.000000 0.000000
    outer loop
      vertex 35.793651 14.468085 0.000000
      vertex 35.793651 17.021277 0.400000
      vertex 35.793651 17.021277 0.000000
    endloop
  endfacet
  facet normal 1.000000 0.000000 0.000000
    outer loop
      vertex 36.111111 14.468085 0.000000
      vertex 36.111111 17.021277 0.000000
      vertex 36.111111 17.021277 0.400000
    endloop
  endfacet
  facet normal 1.000000 0.000000 0.000000
    outer loop
      vertex 36.111111 14.468085 0.000000
      vertex 36.111111 17.021277 0.400000
      vertex 36.111111 14.468085 0.400000
    endloop
  endfacet
  facet normal 0.000000 0.000000 -1.000000
    outer loop
      vertex 36.111111 14.787234 0.000000
      vertex 36.428571 16.702128 0.000000
      vertex 36.428571 14.787234 0.000000
    endloop
  endfacet
  facet normal 0.000000 0.000000 -1.000000
    outer loop
      vertex 36.111111 14.787234 0.000000
      vertex 36.111111 16.702128 0.000000
      vertex 36.428571 16.702128 0.000000
    endloop
  endfacet
  facet normal 0.000000 0.000000 1.000000
    outer loop
      vertex 36.111111 14.787234 0.400000
      vertex 36.428571 14.787234 0.400000
      vertex 36.428571 16.702128 0.400000
    endloop
  endfacet
  facet normal 0.000000 0.000000 1.000000
    outer loop
      vertex 36.111111 14.787234 0.400000
      vertex 36.428571 16.702128 0.400000
      vertex 36.111111 16.702128 0.400000
    endloop
  endfacet
  facet normal 0.000000 -1.000000 0.000000
    outer loop
      vertex 36.111111 14.787234 0.000000
      vertex 36.428571 14.787234 0.000000
      vertex 36.428571 14.787234 0.400000
    endloop
  endfacet
  facet normal 0.000000 -1.000000 0.000000
    outer loop
      vertex 36.111111 14.787234 0.000000
      vertex 36.428571 14.787234 0.400000
      vertex 36.111111 14.787234 0.400000
    endloop
  endfacet
  facet normal 0.000000 1.000000 0.000000
    outer loop
      vertex 36.111111 16.702128 0.000000
      vertex 36.428571 16.702128 0.400000
      vertex 36.428571 16.702128 0.000000
    endloop
  endfacet
  facet normal 0.000000 1.000000 0.000000
    outer loop
      vertex 36.111111 16.702128 0.000000
      vertex 36.111111 16.702128 0.400000
      vertex 36.428571 16.702128 0.400000
    endloop
  endfacet
  facet normal -1.000000 0.000000 0.000000
    outer loop
      vertex 36.111111 14.787234 0.000000
      vertex 36.111111 14.787234 0.400000
      vertex 36.111111 16.702128 0.400000
    endloop
  endfacet
  facet normal -1.000000 0.000000 0.000000
    outer loop
      vertex 36.111111 14.787234 0.000000
      vertex 36.111111 16.702128 0.400000
      vertex 36.111111 16.702128 0.000000
    endloop
  endfacet
  facet normal 1.000000 0.000000 0.000000
    outer loop
      vertex 36.428571 14.787234 0.000000
      vertex 36.428571 16.702128 0.000000
      vertex 36.428571 16.702128 0.400000
    endloop
  endfacet
  facet normal 1.000000 0.000000 0.000000
    outer loop
      vertex 36.428571 14.787234 0.000000
      vertex 36.428571 16.702128 0.400000
      vertex 36.428571 14.787234 0.400000
    endloop
  endfacet
  facet normal 0.000000 0.000000 -1.000000
    outer loop
      vertex 33.571429 15.106383 0.000000
      vertex 33.888889 16.382979 0.000000
      vertex 33.888889 15.106383 0.000000
    endloop
  endfacet
  facet normal 0.000000 0.000000 -1.000000
    outer loop
      vertex 33.571429 15.106383 0.000000
      vertex 33.571429 16.382979 0.000000
      vertex 33.888889 16.382979 0.000000
    endloop
  endfacet
  facet normal 0.000000 0.000000 1.000000
    outer loop
      vertex 33.571429 15.106383 0.400000
      vertex 33.888889 15.106383 0.400000
      vertex 33.888889 16.382979 0.400000
    endloop
  endfacet
  facet normal 0.000000 0.000000 1.000000
    outer loop
      vertex 33.571429 15.106383 0.400000
      vertex 33.888889 16.382979 0.400000
      vertex 33.571429 16.382979 0.400000
    endloop
  endfacet
  facet normal 0.000000 -1.000000 0.000000
    outer loop
      vertex 33.571429 15.106383 0.000000
      vertex 33.888889 15.106383 0.000000
      vertex 33.888889 15.106383 0.400000
    endloop
  endfacet
  facet normal 0.000000 -1.000000 0.000000
    outer loop
      vertex 33.571429 15.106383 0.000000
      vertex 33.888889 15.106383 0.400000
      vertex 33.571429 15.106383 0.400000
    endloop
  endfacet
  facet normal 0.000000 1.000000 0.000000
    outer loop
      vertex 33.571429 16.382979 0.000000
      vertex 33.888889 16.382979 0.400000
      vertex 33.888889 16.382979 0.000000
    endloop
  endfacet
  facet normal 0.000000 1.000000 0.000000
    outer loop
      vertex 33.571429 16.382979 0.000000
      vertex 33.571429 16.382979 0.400000
      vertex 33.888889 16.382979 0.400000
    endloop
  endfacet
  facet normal -1.000000 0.000000 0.000000
    outer loop
      vertex 33.571429 15.106383 0.000000
      vertex 33.571429 15.106383 0.400000
      vertex 33.571429 16.382979 0.400000
    endloop
  endfacet
  facet normal -1.000000 0.000000 0.000000
    outer loop
      vertex 33.571429 15.106383 0.000000
      vertex 33.571429 16.382979 0.400000
      vertex 33.571429 16.382979 0.000000
    endloop
  endfacet
  facet normal 1.000000 0.000000 0.000000
    outer loop
      vertex 33.888889 15.106383 0.000000
      vertex 33.888889 16.382979 0.000000
      vertex 33.888889 16.382979 0.400000
    endloop
  endfacet
  facet normal 1.000000 0.000000 0.000000
    outer loop
      vertex 33.888889 15.106383 0.000000
      vertex 33.888889 16.382979 0.400000
      vertex 33.888889 15.106383 0.400000
    endloop
  endfacet
  facet normal 0.000000 0.000000 -1.000000
    outer loop
      vertex 29.444444 10.000000 0.000000
      vertex 29.761905 16.063830 0.000000
      vertex 29.761905 10.000000 0.000000
    endloop
  endfacet
  facet normal 0.000000 0.000000 -1.000000
    outer loop
      vertex 29.444444 10.000000 0.000000
      vertex 29.444444 16.063830 0.000000
      vertex 29.761905 16.063830 0.000000
    endloop
  endfacet
  facet normal 0.000000 0.000000 1.000000
    outer loop
      vertex 29.444444 10.000000 0.400000
      vertex 29.761905 10.000000 0.400000
      vertex 29.761905 16.063830 0.400000
    endloop
  endfacet
  facet normal 0.000000 0.000000 1.000000
    outer loop
      vertex 29.444444 10.000000 0.400000
      vertex 29.761905 16.063830 0.400000
      vertex 29.444444 16.063830 0.400000
    endloop
  endfacet
  facet normal 0.000000 -1.000000 0.000000
    outer loop
      vertex 29.444444 10.000000 0.000000
      vertex 29.761905 10.000000 0.000000
      vertex 29.761905 10.000000 0.400000
    endloop
  endfacet
  facet normal 0.000000 -1.000000 0.000000
    outer loop
      vertex 29.444444 10.000000 0.000000
      vertex 29.761905 10.000000 0.400000
      vertex 29.444444 10.000000 0.400000
    endloop
  endfacet
  facet normal 0.000000 1.000000 0.000000
    outer loop
      vertex 29.444444 16.063830 0.000000
      vertex 29.761905 16.063830 0.400000
      vertex 29.761905 16.063830 0.000000
    endloop
  endfacet
  facet normal 0.000000 1.000000 0.000000
    outer loop
      vertex 29.444444 16.063830 0.000000
      vertex 29.444444 16.063830 0.400000
      vertex 29.761905 16.063830 0.400000
    endloop
  endfacet
  facet normal -1.000000 0.000000 0.000000
    outer loop
      vertex 29.444444 10.000000 0.000000
      vertex 29.444444 10.000000 0.400000
      vertex 29.444444 16.063830 0.400000
    endloop
  endfacet
  facet normal -1.000000 0.000000 0.000000
    outer loop
      vertex 29.444444 10.000000 0.000000
      vertex 29.444444 16.063830 0.400000
      vertex 29.444444 16.063830 0.000000
    endloop
  endfacet
  facet normal 1.000000 0.000000 0.000000
    outer loop
      vertex 29.761905 10.000000 0.000000
      vertex 29.761905 16.063830 0.000000
      vertex 29.761905 16.063830 0.400000
    endloop
  endfacet
  facet normal 1.000000 0.000000 0.000000
    outer loop
      vertex 29.761905 10.000000 0.000000
      vertex 29.761905 16.063830 0.400000
      vertex 29.761905 10.000000 0.400000
    endloop
  endfacet
  facet normal 0.000000 0.000000 -1.000000
    outer loop
      vertex 21.190476 10.000000 0.000000
      vertex 21.507937 15.744681 0.000000
      vertex 21.507937 10.000000 0.000000
    endloop
  endfacet
  facet normal 0.000000 0.000000 -1.000000
    outer loop
      vertex 21.190476 10.000000 0.000000
      vertex 21.190476 15.744681 0.000000
      vertex 21.507937 15.744681 0.000000
    endloop
  endfacet
  facet normal 0.000000 0.000000 1.000000
    outer loop
      vertex 21.190476 10.000000 0.400000
      vertex 21.507937 10.000000 0.400000
      vertex 21.507937 15.744681 0.400000
    endloop
  endfacet
  facet normal 0.000000 0.000000 1.000000
    outer loop
      vertex 21.190476 10.000000 0.400000
      vertex 21.507937 15.744681 0.400000
      vertex 21.190476 15.744681 0.400000
    endloop
  endfacet
  facet normal 0.000000 -1.000000 0.000000
    outer loop
      vertex 21.190476 10.000000 0.000000
      vertex 21.507937 10.000000 0.000000
      vertex 21.507937 10.000000 0.400000
    endloop
  endfacet
  facet normal 0.000000 -1.000000 0.000000
    outer loop
      vertex 21.190476 10.000000 0.000000
      vertex 21.507937 10.000000 0.400000
      vertex 21.190476 10.000000 0.400000
    endloop
  endfacet
  facet normal 0.000000 1.000000 0.000000
    outer loop
      vertex 21.190476 15.744681 0.000000
      vertex 21.507937 15.744681 0.400000
      vertex 21.507937 15.744681 0.000000
    endloop
  endfacet
  facet normal 0.000000 1.000000 0.000000
    outer loop
      vertex 21.190476 15.744681 0.000000
      vertex 21.190476 15.744681 0.400000
      vertex 21.507937 15.744681 0.400000
    endloop
  endfacet
  facet normal -1.000000 0.000000 0.000000
    outer loop
      vertex 21.190476 10.000000 0.000000
      vertex 21.190476 10.000000 0.400000
      vertex 21.190476 15.744681 0.400000
    endloop
  endfacet
  facet normal -1.000000 0.000000 0.000000
    outer loop
      vertex 21.190476 10.000000 0.000000
      vertex 21.190476 15.744681 0.400000
      vertex 21.190476 15.744681 0.000000
    endloop
  endfacet
  facet normal 1.000000 0.000000 0.000000
    outer loop
      vertex 21.507937 10.000000 0.000000
      vertex 21.507937 15.744681 0.000000
      vertex 21.507937 15.744681 0.400000
    endloop
  endfacet
  facet normal 1.000000 0.000000 0.000000
    outer loop
      vertex 21.507937 10.000000 0.000000
      vertex 21.507937 15.744681 0.400000
      vertex 21.507937 10.000000 0.400000
    endloop
  endfacet
  facet normal 0.000000 0.000000 -1.000000
    outer loop
      vertex 38.968254 10.000000 0.000000
      vertex 39.285714 15.425532 0.000000
      vertex 39.285714 10.000000 0.000000
    endloop
  endfacet
  facet normal 0.000000 0.000000 -1.000000
    outer loop
      vertex 38.968254 10.000000 0.000000
      vertex 38.968254 15.425532 0.000000
      vertex 39.285714 15.425532 0.000000
    endloop
  endfacet
  facet normal 0.000000 0.000000 1.000000
    outer loop
      vertex 38.968254 10.000000 0.400000
      vertex 39.285714 10.000000 0.400000
      vertex 39.285714 15.425532 0.400000
    endloop
  endfacet
  facet normal 0.000000 0.000000 1.000000
    outer loop
      vertex 38.968254 10.000000 0.400000
      vertex 39.285714 15.425532 0.400000
      vertex 38.968254 15.425532 0.400000
    endloop
  endfacet
  facet normal 0.000000 -1.000000 0.000000
    outer loop
      vertex 38.968254 10.000000 0.000000
      vertex 39.285714 10.000000 0.000000
      vertex 39.285714 10.000000 0.400000
    endloop
  endfacet
  facet normal 0.000000 -1.000000 0.000000
    outer loop
      vertex 38.968254 10.000000 0.000000
      vertex 39.285714 10.000000 0.400000
      vertex 38.968254 10.000000 0.400000
    endloop
  endfacet
  facet normal 0.000000 1.000000 0.000000
    outer loop
      vertex 38.968254 15.425532 0.000000
      vertex 39.285714 15.425532 0.400000
      vertex 39.285714 15.425532 0.000000
    endloop
  endfacet
  facet normal 0.000000 1.000000 0.000000
    outer loop
      vertex 38.968254 15.425532 0.000000
      vertex 38.968254 15.425532 0.400000
      vertex 39.285714 15.425532 0.400000
    endloop
  endfacet
  facet normal -1.000000 0.000000 0.000000
    outer loop
      vertex 38.968254 10.000000 0.000000
      vertex 38.968254 10.000000 0.400000
      vertex 38.968254 15.425532 0.400000
    endloop
  endfacet
  facet normal -1.000000 0.000000 0.000000
    outer loop
      vertex 38.968254 10.000000 0.000000
      vertex 38.968254 15.425532 0.400000
      vertex 38.968254 15.425532 0.000000
    endloop
  endfacet
  facet normal 1.000000 0.000000 0.000000
    outer loop
      vertex 39.285714 10.000000 0.000000
      vertex 39.285714 15.425532 0.000000
      vertex 39.285714 15.425532 0.400000
    endloop
  endfacet
  facet normal 1.000000 0.000000 0.000000
    outer loop
      vertex 39.285714 10.000000 0.000000
      vertex 39.285714 15.425532 0.400000
      vertex 39.285714 10.000000 0.400000
    endloop
  endfacet
  facet normal 0.000000 0.000000 -1.000000
    outer loop
      vertex 29.126984 10.000000 0.000000
      vertex 29.444444 15.106383 0.000000
      vertex 29.444444 10.000000 0.000000
    endloop
  endfacet
  facet normal 0.000000 0.000000 -1.000000
    outer loop
      vertex 29.126984 10.000000 0.000000
      vertex 29.126984 15.106383 0.000000
      vertex 29.444444 15.106383 0.000000
    endloop
  endfacet
  facet normal 0.000000 0.000000 1.000000
    outer loop
      vertex 29.126984 10.000000 0.400000
      vertex 29.444444 10.000000 0.400000
      vertex 29.444444 15.106383 0.400000
    endloop
  endfacet
  facet normal 0.000000 0.000000 1.000000
    outer loop
      vertex 29.126984 10.000000 0.400000
      vertex 29.444444 15.106383 0.400000
      vertex 29.126984 15.106383 0.400000
    endloop
  endfacet
  facet normal 0.000000 -1.000000 0.000000
    outer loop
      vertex 29.126984 10.000000 0.000000
      vertex 29.444444 10.000000 0.000000
      vertex 29.444444 10.000000 0.400000
    endloop
  endfacet
  facet normal 0.000000 -1.000000 0.000000
    outer loop
      vertex 29.126984 10.000000 0.000000
      vertex 29.444444 10.000000 0.400000
      vertex 29.126984 10.000000 0.400000
    endloop
  endfacet
  facet normal 0.000000 1.000000 0.000000
    outer loop
      vertex 29.126984 15.106383 0.000000
      vertex 29.444444 15.106383 0.400000
      vertex 29.444444 15.106383 0.000000
    endloop
  endfacet
  facet normal 0.000000 1.000000 0.000000
    outer loop
      vertex 29.126984 15.106383 0.000000
      vertex 29.126984 15.106383 0.400000
      vertex 29.444444 15.106383 0.400000
    endloop
  endfacet
  facet normal -1.000000 0.000000 0.000000
    outer loop
      vertex 29.126984 10.000000 0.000000
      vertex 29.126984 10.000000 0.400000
      vertex 29.126984 15.106383 0.400000
    endloop
  endfacet
  facet normal -1.000000 0.000000 0.000000
    outer loop
      vertex 29.126984 10.000000 0.000000
      vertex 29.126984 15.106383 0.400000
      vertex 29.126984 15.106383 0.000000
    endloop
  endfacet
  facet normal 1.000000 0.000000 0.000000
    outer loop
      vertex 29.444444 10.000000 0.000000
      vertex 29.444444 15.106383 0.000000
      vertex 29.444444 15.106383 0.400000
    endloop
  endfacet
  facet normal 1.000000 0.000000 0.000000
    outer loop
      vertex 29.444444 10.000000 0.000000
      vertex 29.444444 15.106383 0.400000
      vertex 29.444444 10.000000 0.400000
    endloop
  endfacet
  facet normal 0.000000 0.000000 -1.000000
    outer loop
      vertex 10.714286 10.000000 0.000000
      vertex 11.031746 14.787234 0.000000
      vertex 11.031746 10.000000 0.000000
    endloop
  endfacet
  facet normal 0.000000 0.000000 -1.000000
    outer loop
      vertex 10.714286 10.000000 0.000000
      vertex 10.714286 14.787234 0.000000
      vertex 11.031746 14.787234 0.000000
    endloop
  endfacet
  facet normal 0.000000 0.000000 1.000000
    outer loop
      vertex 10.714286 10.000000 0.400000
      vertex 11.031746 10.000000 0.400000
      vertex 11.031746 14.787234 0.400000
    endloop
  endfacet
  facet normal 0.000000 0.000000 1.000000
    outer loop
      vertex 10.714286 10.000000 0.400000
      vertex 11.031746 14.787234 0.400000
      vertex 10.714286 14.787234 0.400000
    endloop
  endfacet
  facet normal 0.000000 -1.000000 0.000000
    outer loop
      vertex 10.714286 10.000000 0.000000
      vertex 11.031746 10.000000 0.000000
      vertex 11.031746 10.000000 0.400000
    endloop
  endfacet
  facet normal 0.000000 -1.000000 0.000000
    outer loop
      vertex 10.714286 10.000000 0.000000
      vertex 11.031746 10.000000 0.400000
      vertex 10.714286 10.000000 0.400000
    endloop
  endfacet
  facet normal 0.000000 1.000000 0.000000
    outer loop
      vertex 10.714286 14.787234 0.000000
      vertex 11.031746 14.787234 0.400000
      vertex 11.031746 14.787234 0.000000
    endloop
  endfacet
  facet normal 0.000000 1.000000 0.000000
    outer loop
      vertex 10.714286 14.787234 0.000000
      vertex 10.714286 14.787234 0.400000
      vertex 11.031746 14.787234 0.400000
    endloop
  endfacet
  facet normal -1.000000 0.000000 0.000000
    outer loop
      vertex 10.714286 10.000000 0.000000
      vertex 10.714286 10.000000 0.400000
      vertex 10.714286 14.787234 0.400000
    endloop
  endfacet
  facet normal -1.000000 0.000000 0.000000
    outer loop
      vertex 10.714286 10.000000 0.000000
      vertex 10.714286 14.787234 0.400000
      vertex 10.714286 14.787234 0.000000
    endloop
  endfacet
  facet normal 1.000000 0.000000 0.000000
    outer loop
      vertex 11.031746 10.000000 0.000000
      vertex 11.031746 14.787234 0.000000
      vertex 11.031746 14.787234 0.400000
    endloop
  endfacet
  facet normal 1.000000 0.000000 0.000000
    outer loop
      vertex 11.031746 10.000000 0.000000
      vertex 11.031746 14.787234 0.400000
      vertex 11.031746 10.000000 0.400000
    endloop
  endfacet
  facet normal 0.000000 0.000000 -1.000000
    outer loop
      vertex 21.507937 10.000000 0.000000
      vertex 21.825397 14.787234 0.000000
      vertex 21.825397 10.000000 0.000000
    endloop
  endfacet
  facet normal 0.000000 0.000000 -1.000000
    outer loop
      vertex 21.507937 10.000000 0.000000
      vertex 21.507937 14.787234 0.000000
      vertex 21.825397 14.787234 0.000000
    endloop
  endfacet
  facet normal 0.000000 0.000000 1.000000
    outer loop
      vertex 21.507937 10.000000 0.400000
      vertex 21.825397 10.000000 0.400000
      vertex 21.825397 14.787234 0.400000
    endloop
  endfacet
  facet normal 0.000000 0.000000 1.000000
    outer loop
      vertex 21.507937 10.000000 0.400000
      vertex 21.825397 14.787234 0.400000
      vertex 21.507937 14.787234 0.400000
    endloop
  endfacet
  facet normal 0.000000 -1.000000 0.000000
    outer loop
      vertex 21.507937 10.000000 0.000000
      vertex 21.825397 10.000000 0.000000
      vertex 21.825397 10.000000 0.400000
    endloop
  endfacet
  facet normal 0.000000 -1.000000 0.000000
    outer loop
      vertex 21.507937 10.000000 0.000000
      vertex 21.825397 10.000000 0.400000
      vertex 21.507937 10.000000 0.400000
    endloop
  endfacet
  facet normal 0.000000 1.000000 0.000000
    outer loop
      vertex 21.507937 14.787234 0.000000
      vertex 21.825397 14.787234 0.400000
      vertex 21.825397 14.787234 0.000000
    endloop
  endfacet
  facet normal 0.000000 1.000000 0.000000
    outer loop
      vertex 21.507937 14.787234 0.000000
      vertex 21.507937 14.787234 0.400000
      vertex 21.825397 14.787234 0.400000
    endloop
  endfacet
  facet normal -1.000000 0.000000 0.000000
    outer loop
      vertex 21.507937 10.000000 0.000000
      vertex 21.507937 10.000000 0.400000
      vertex 21.507937 14.787234 0.400000
    endloop
  endfacet
  facet normal -1.000000 0.000000 0.000000
    outer loop
      vertex 21.507937 10.000000 0.000000
      vertex 21.507937 14.787234 0.400000
      vertex 21.507937 14.787234 0.000000
    endloop
  endfacet
  facet normal 1.000000 0.000000 0.000000
    outer loop
      vertex 21.825397 10.000000 0.000000
      vertex 21.825397 14.787234 0.000000
      vertex 21.825397 14.787234 0.400000
    endloop
  endfacet
  facet normal 1.000000 0.000000 0.000000
    outer loop
      vertex 21.825397 10.000000 0.000000
      vertex 21.825397 14.787234 0.400000
      vertex 21.825397 10.000000 0.400000
    endloop
  endfacet
  facet normal 0.000000 0.000000 -1.000000
    outer loop
      vertex 31.031746 10.000000 0.000000
      vertex 31.349206 14.787234 0.000000
      vertex 31.349206 10.000000 0.000000
    endloop
  endfacet
  facet normal 0.000000 0.000000 -1.000000
    outer loop
      vertex 31.031746 10.000000 0.000000
      vertex 31.031746 14.787234 0.000000
      vertex 31.349206 14.787234 0.000000
    endloop
  endfacet
  facet normal 0.000000 0.000000 1.000000
    outer loop
      vertex 31.031746 10.000000 0.400000
      vertex 31.349206 10.000000 0.400000
      vertex 31.349206 14.787234 0.400000
    endloop
  endfacet
  facet normal 0.000000 0.000000 1.000000
    outer loop
      vertex 31.031746 10.000000 0.400000
      vertex 31.349206 14.787234 0.400000
      vertex 31.031746 14.787234 0.400000
    endloop
  endfacet
  facet normal 0.000000 -1.000000 0.000000
    outer loop
      vertex 31.031746 10.000000 0.000000
      vertex 31.349206 10.000000 0.000000
      vertex 31.349206 10.000000 0.400000
    endloop
  endfacet
  facet normal 0.000000 -1.000000 0.000000
    outer loop
      vertex 31.031746 10.000000 0.000000
      vertex 31.349206 10.000000 0.400000
      vertex 31.031746 10.000000 0.400000
    endloop
  endfacet
  facet normal 0.000000 1.000000 0.000000
    outer loop
      vertex 31.031746 14.787234 0.000000
      vertex 31.349206 14.787234 0.400000
      vertex 31.349206 14.787234 0.000000
    endloop
  endfacet
  facet normal 0.000000 1.000000 0.000000
    outer loop
      vertex 31.031746 14.787234 0.000000
      vertex 31.031746 14.787234 0.400000
      vertex 31.349206 14.787234 0.400000
    endloop
  endfacet
  facet normal -1.000000 0.000000 0.000000
    outer loop
      vertex 31.031746 10.000000 0.000000
      vertex 31.031746 10.000000 0.400000
      vertex 31.031746 14.787234 0.400000
    endloop
  endfacet
  facet normal -1.000000 0.000000 0.000000
    outer loop
      vertex 31.031746 10.000000 0.000000
      vertex 31.031746 14.787234 0.400000
      vertex 31.031746 14.787234 0.000000
    endloop
  endfacet
  facet normal 1.000000 0.000000 0.000000
    outer loop
      vertex 31.349206 10.000000 0.000000
      vertex 31.349206 14.787234 0.000000
      vertex 31.349206 14.787234 0.400000
    endloop
  endfacet
  facet normal 1.000000 0.000000 0.000000
    outer loop
      vertex 31.349206 10.000000 0.000000
      vertex 31.349206 14.787234 0.400000
      vertex 31.349206 10.000000 0.400000
    endloop
  endfacet
  facet normal 0.000000 0.000000 -1.000000
    outer loop
      vertex 38.650794 10.000000 0.000000
      vertex 38.968254 14.468085 0.000000
      vertex 38.968254 10.000000 0.000000
    endloop
  endfacet
  facet normal 0.000000 0.000000 -1.000000
    outer loop
      vertex 38.650794 10.000000 0.000000
      vertex 38.650794 14.468085 0.000000
      vertex 38.968254 14.468085 0.000000
    endloop
  endfacet
  facet normal 0.000000 0.000000 1.000000
    outer loop
      vertex 38.650794 10.000000 0.400000
      vertex 38.968254 10.000000 0.400000
      vertex 38.968254 14.468085 0.400000
    endloop
  endfacet
  facet normal 0.000000 0.000000 1.000000
    outer loop
      vertex 38.650794 10.000000 0.400000
      vertex 38.968254 14.468085 0.400000
      vertex 38.650794 14.468085 0.400000
    endloop
  endfacet
  facet normal 0.000000 -1.000000 0.000000
    outer loop
      vertex 38.650794 10.000000 0.000000
      vertex 38.968254 10.000000 0.000000
      vertex 38.968254 10.000000 0.400000
    endloop
  endfacet
  facet normal 0.000000 -1.000000 0.000000
    outer loop
      vertex 38.650794 10.000000 0.000000
      vertex 38.968254 10.000000 0.400000
      vertex 38.650794 10.000000 0.400000
    endloop
  endfacet
  facet normal 0.000000 1.000000 0.000000
    outer loop
      vertex 38.650794 14.468085 0.000000
      vertex 38.968254 14.468085 0.400000
      vertex 38.968254 14.468085 0.000000
    endloop
  endfacet
  facet normal 0.000000 1.000000 0.000000
    outer loop
      vertex 38.650794 14.468085 0.000000
      vertex 38.650794 14.468085 0.400000
      vertex 38.968254 14.468085 0.400000
    endloop
  endfacet
  facet normal -1.000000 0.000000 0.000000
    outer loop
      vertex 38.650794 10.000000 0.000000
      vertex 38.650794 10.000000 0.400000
      vertex 38.650794 14.468085 0.400000
    endloop
  endfacet
  facet normal -1.000000 0.000000 0.000000
    outer loop
      vertex 38.650794 10.000000 0.000000
      vertex 38.650794 14.468085 0.400000
      vertex 38.650794 14.468085 0.000000
    endloop
  endfacet
  facet normal 1.000000 0.000000 0.000000
    outer loop
      vertex 38.968254 10.000000 0.000000
      vertex 38.968254 14.468085 0.000000
      vertex 38.968254 14.468085 0.400000
    endloop
  endfacet
  facet normal 1.000000 0.000000 0.000000
    outer loop
      vertex 38.968254 10.000000 0.000000
      vertex 38.968254 14.468085 0.400000
      vertex 38.968254 10.000000 0.400000
    endloop
  endfacet
  facet normal 0.000000 0.000000 -1.000000
    outer loop
      vertex 11.031746 10.000000 0.000000
      vertex 11.349206 14.148936 0.000000
      vertex 11.349206 10.000000 0.000000
    endloop
  endfacet
  facet normal 0.000000 0.000000 -1.000000
    outer loop
      vertex 11.031746 10.000000 0.000000
      vertex 11.031746 14.148936 0.000000
      vertex 11.349206 14.148936 0.000000
    endloop
  endfacet
  facet normal 0.000000 0.000000 1.000000
    outer loop
      vertex 11.031746 10.000000 0.400000
      vertex 11.349206 10.000000 0.400000
      vertex 11.349206 14.148936 0.400000
    endloop
  endfacet
  facet normal 0.000000 0.000000 1.000000
    outer loop
      vertex 11.031746 10.000000 0.400000
      vertex 11.349206 14.148936 0.400000
      vertex 11.031746 14.148936 0.400000
    endloop
  endfacet
  facet normal 0.000000 -1.000000 0.000000
    outer loop
      vertex 11.031746 10.000000 0.000000
      vertex 11.349206 10.000000 0.000000
      vertex 11.349206 10.000000 0.400000
    endloop
  endfacet
  facet normal 0.000000 -1.000000 0.000000
    outer loop
      vertex 11.031746 10.000000 0.000000
      vertex 11.349206 10.000000 0.400000
      vertex 11.031746 10.000000 0.400000
    endloop
  endfacet
  facet normal 0.000000 1.000000 0.000000
    outer loop
      vertex 11.031746 14.148936 0.000000
      vertex 11.349206 14.148936 0.400000
      vertex 11.349206 14.148936 0.000000
    endloop
  endfacet
  facet normal 0.000000 1.000000 0.000000
    outer loop
      vertex 11.031746 14.148936 0.000000
      vertex 11.031746 14.148936 0.400000
      vertex 11.349206 14.148936 0.400000
    endloop
  endfacet
  facet normal -1.000000 0.000000 0.000000
    outer loop
      vertex 11.031746 10.000000 0.000000
      vertex 11.031746 10.000000 0.400000
      vertex 11.031746 14.148936 0.400000
    endloop
  endfacet
  facet normal -1.000000 0.000000 0.000000
    outer loop
      vertex 11.031746 10.000000 0.000000
      vertex 11.031746 14.148936 0.400000
      vertex 11.031746 14.148936 0.000000
    endloop
  endfacet
  facet normal 1.000000 0.000000 0.000000
    outer loop
      vertex 11.349206 10.000000 0.000000
      vertex 11.349206 14.148936 0.000000
      vertex 11.349206 14.148936 0.400000
    endloop
  endfacet
  facet normal 1.000000 0.000000 0.000000
    outer loop
      vertex 11.349206 10.000000 0.000000
      vertex 11.349206 14.148936 0.400000
      vertex 11.349206 10.000000 0.400000
    endloop
  endfacet
  facet normal 0.000000 0.000000 -1.000000
    outer loop
      vertex 21.825397 10.000000 0.000000
      vertex 22.142857 14.148936 0.000000
      vertex 22.142857 10.000000 0.000000
    endloop
  endfacet
  facet normal 0.000000 0.000000 -1.000000
    outer loop
      vertex 21.825397 10.000000 0.000000
      vertex 21.825397 14.148936 0.000000
      vertex 22.142857 14.148936 0.000000
    endloop
  endfacet
  facet normal 0.000000 0.000000 1.000000
    outer loop
      vertex 21.825397 10.000000 0.400000
      vertex 22.142857 10.000000 0.400000
      vertex 22.142857 14.148936 0.400000
    endloop
  endfacet
  facet normal 0.000000 0.000000 1.000000
    outer loop
      vertex 21.825397 10.000000 0.400000
      vertex 22.142857 14.148936 0.400000
      vertex 21.825397 14.148936 0.400000
    endloop
  endfacet
  facet normal 0.000000 -1.000000 0.000000
    outer loop
      vertex 21.825397 10.000000 0.000000
      vertex 22.142857 10.000000 0.000000
      vertex 22.142857 10.000000 0.400000
    endloop
  endfacet
  facet normal 0.000000 -1.000000 0.000000
    outer loop
      vertex 21.825397 10.000000 0.000000
      vertex 22.142857 10.000000 0.400000
      vertex 21.825397 10.000000 0.400000
    endloop
  endfacet
  facet normal 0.000000 1.000000 0.000000
    outer loop
      vertex 21.825397 14.148936 0.000000
      vertex 22.142857 14.148936 0.400000
      vertex 22.142857 14.148936 0.000000
    endloop
  endfacet
  facet normal 0.000000 1.000000 0.000000
    outer loop
      vertex 21.825397 14.148936 0.000000
      vertex 21.825397 14.148936 0.400000
      vertex 22.142857 14.148936 0.400000
    endloop
  endfacet
  facet normal -1.000000 0.000000 0.000000
    outer loop
      vertex 21.825397 10.000000 0.000000
      vertex 21.825397 10.000000 0.400000
      vertex 21.825397 14.148936 0.400000
    endloop
  endfacet
  facet normal -1.000000 0.000000 0.000000
    outer loop
      vertex 21.825397 10.000000 0.000000
      vertex 21.825397 14.148936 0.400000
      vertex 21.825397 14.148936 0.000000
    endloop
  endfacet
  facet normal 1.000000 0.000000 0.000000
    outer loop
      vertex 22.142857 10.000000 0.000000
      vertex 22.142857 14.148936 0.000000
      vertex 22.142857 14.148936 0.400000
    endloop
  endfacet
  facet normal 1.000000 0.000000 0.000000
    outer loop
      vertex 22.142857 10.000000 0.000000
      vertex 22.142857 14.148936 0.400000
      vertex 22.142857 10.000000 0.400000
    endloop
  endfacet
  facet normal 0.000000 0.000000 -1.000000
    outer loop
      vertex 28.809524 10.000000 0.000000
      vertex 29.126984 14.148936 0.000000
      vertex 29.126984 10.000000 0.000000
    endloop
  endfacet
  facet normal 0.000000 0.000000 -1.000000
    outer loop
      vertex 28.809524 10.000000 0.000000
      vertex 28.809524 14.148936 0.000000
      vertex 29.126984 14.148936 0.000000
    endloop
  endfacet
  facet normal 0.000000 0.000000 1.000000
    outer loop
      vertex 28.809524 10.000000 0.400000
      vertex 29.126984 10.000000 0.400000
      vertex 29.126984 14.148936 0.400000
    endloop
  endfacet
  facet normal 0.000000 0.000000 1.000000
    outer loop
      vertex 28.809524 10.000000 0.400000
      vertex 29.126984 14.148936 0.400000
      vertex 28.809524 14.148936 0.400000
    endloop
  endfacet
  facet normal 0.000000 -1.000000 0.000000
    outer loop
      vertex 28.809524 10.000000 0.000000
      vertex 29.126984 10.000000 0.000000
      vertex 29.126984 10.000000 0.400000
    endloop
  endfacet
  facet normal 0.000000 -1.000000 0.000000
    outer loop
      vertex 28.809524 10.000000 0.000000
      vertex 29.126984 10.000000 0.400000
      vertex 28.809524 10.000000 0.400000
    endloop
  endfacet
  facet normal 0.000000 1.000000 0.000000
    outer loop
      vertex 28.809524 14.148936 0.000000
      vertex 29.126984 14.148936 0.400000
      vertex 29.126984 14.148936 0.000000
    endloop
  endfacet
  facet normal 0.000000 1.000000 0.000000
    outer loop
      vertex 28.809524 14.148936 0.000000
      vertex 28.809524 14.148936 0.400000
      vertex 29.126984 14.148936 0.400000
    endloop
  endfacet
  facet normal -1.000000 0.000000 0.000000
    outer loop
      vertex 28.809524 10.000000 0.000000
      vertex 28.809524 10.000000 0.400000
      vertex 28.809524 14.148936 0.400000
    endloop
  endfacet
  facet normal -1.000000 0.000000 0.000000
    outer loop
      vertex 28.809524 10.000000 0.000000
      vertex 28.809524 14.148936 0.400000
      vertex 28.809524 14.148936 0.000000
    endloop
  endfacet
  facet normal 1.000000 0.000000 0.000000
    outer loop
      vertex 29.126984 10.000000 0.000000
      vertex 29.126984 14.148936 0.000000
      vertex 29.126984 14.148936 0.400000
    endloop
  endfacet
  facet normal 1.000000 0.000000 0.000000
    outer loop
      vertex 29.126984 10.000000 0.000000
      vertex 29.126984 14.148936 0.400000
      vertex 29.126984 10.000000 0.400000
    endloop
  endfacet
  facet normal 0.000000 0.000000 -1.000000
    outer loop
      vertex 31.349206 10.000000 0.000000
      vertex 31.666667 14.148936 0.000000
      vertex 31.666667 10.000000 0.000000
    endloop
  endfacet
  facet normal 0.000000 0.000000 -1.000000
    outer loop
      vertex 31.349206 10.000000 0.000000
      vertex 31.349206 14.148936 0.000000
      vertex 31.666667 14.148936 0.000000
    endloop
  endfacet
  facet normal 0.000000 0.000000 1.000000
    outer loop
      vertex 31.349206 10.000000 0.400000
      vertex 31.666667 10.000000 0.400000
      vertex 31.666667 14.148936 0.400000
    endloop
  endfacet
  facet normal 0.000000 0.000000 1.000000
    outer loop
      vertex 31.349206 10.000000 0.400000
      vertex 31.666667 14.148936 0.400000
      vertex 31.349206 14.148936 0.400000
    endloop
  endfacet
  facet normal 0.000000 -1.000000 0.000000
    outer loop
      vertex 31.349206 10.000000 0.000000
      vertex 31.666667 10.000000 0.000000
      vertex 31.666667 10.000000 0.400000
    endloop
  endfacet
  facet normal 0.000000 -1.000000 0.000000
    outer loop
      vertex 31.349206 10.000000 0.000000
      vertex 31.666667 10.000000 0.400000
      vertex 31.349206 10.000000 0.400000
    endloop
  endfacet
  facet normal 0.000000 1.000000 0.000000
    outer loop
      vertex 31.349206 14.148936 0.000000
      vertex 31.666667 14.148936 0.400000
      vertex 31.666667 14.148936 0.000000
    endloop
  endfacet
  facet normal 0.000000 1.000000 0.000000
    outer loop
      vertex 31.349206 14.148936 0.000000
      vertex 31.349206 14.148936 0.400000
      vertex 31.666667 14.148936 0.400000
    endloop
  endfacet
  facet normal -1.000000 0.000000 0.000000
    outer loop
      vertex 31.349206 10.000000 0.000000
      vertex 31.349206 10.000000 0.400000
      vertex 31.349206 14.148936 0.400000
    endloop
  endfacet
  facet normal -1.000000 0.000000 0.000000
    outer loop
      vertex 31.349206 10.000000 0.000000
      vertex 31.349206 14.148936 0.400000
      vertex 31.349206 14.148936 0.000000
    endloop
  endfacet
  facet normal 1.000000 0.000000 0.000000
    outer loop
      vertex 31.666667 10.000000 0.000000
      vertex 31.666667 14.148936 0.000000
      vertex 31.666667 14.148936 0.400000
    endloop
  endfacet
  facet normal 1.000000 0.000000 0.000000
    outer loop
      vertex 31.666667 10.000000 0.000000
      vertex 31.666667 14.148936 0.400000
      vertex 31.666667 10.000000 0.400000
    endloop
  endfacet
  facet normal 0.000000 0.000000 -1.000000
    outer loop
      vertex 38.333333 10.000000 0.000000
      vertex 38.650794 14.148936 0.000000
      vertex 38.650794 10.000000 0.000000
    endloop
  endfacet
  facet normal 0.000000 0.000000 -1.000000
    outer loop
      vertex 38.333333 10.000000 0.000000
      vertex 38.333333 14.148936 0.000000
      vertex 38.650794 14.148936 0.000000
    endloop
  endfacet
  facet normal 0.000000 0.000000 1.000000
    outer loop
      vertex 38.333333 10.000000 0.400000
      vertex 38.650794 10.000000 0.400000
      vertex 38.650794 14.148936 0.400000
    endloop
  endfacet
  facet normal 0.000000 0.000000 1.000000
    outer loop
      vertex 38.333333 10.000000 0.400000
      vertex 38.650794 14.148936 0.400000
      vertex 38.333333 14.148936 0.400000
    endloop
  endfacet
  facet normal 0.000000 -1.000000 0.000000
    outer loop
      vertex 38.333333 10.000000 0.000000
      vertex 38.650794 10.000000 0.000000
      vertex 38.650794 10.000000 0.400000
    endloop
  endfacet
  facet normal 0.000000 -1.000000 0.000000
    outer loop
      vertex 38.333333 10.000000 0.000000
      vertex 38.650794 10.000000 0.400000
      vertex 38.333333 10.000000 0.400000
    endloop
  endfacet
  facet normal 0.000000 1.000000 0.000000
    outer loop
      vertex 38.333333 14.148936 0.000000
      vertex 38.650794 14.148936 0.400000
      vertex 38.650794 14.148936 0.000000
    endloop
  endfacet
  facet normal 0.000000 1.000000 0.000000
    outer loop
      vertex 38.333333 14.148936 0.000000
      vertex 38.333333 14.148936 0.400000
      vertex 38.650794 14.148936 0.400000
    endloop
  endfacet
  facet normal -1.000000 0.000000 0.000000
    outer loop
      vertex 38.333333 10.000000 0.000000
      vertex 38.333333 10.000000 0.400000
      vertex 38.333333 14.148936 0.400000
    endloop
  endfacet
  facet normal -1.000000 0.000000 0.000000
    outer loop
      vertex 38.333333 10.000000 0.000000
      vertex 38.333333 14.148936 0.400000
      vertex 38.333333 14.148936 0.000000
    endloop
  endfacet
  facet normal 1.000000 0.000000 0.000000
    outer loop
      vertex 38.650794 10.000000 0.000000
      vertex 38.650794 14.148936 0.000000
      vertex 38.650794 14.148936 0.400000
    endloop
  endfacet
  facet normal 1.000000 0.000000 0.000000
    outer loop
      vertex 38.650794 10.000000 0.000000
      vertex 38.650794 14.148936 0.400000
      vertex 38.650794 10.000000 0.400000
    endloop
  endfacet
  facet normal 0.000000 0.000000 -1.000000
    outer loop
      vertex 28.492063 10.000000 0.000000
      vertex 28.809524 13.829787 0.000000
      vertex 28.809524 10.000000 0.000000
    endloop
  endfacet
  facet normal 0.000000 0.000000 -1.000000
    outer loop
      vertex 28.492063 10.000000 0.000000
      vertex 28.492063 13.829787 0.000000
      vertex 28.809524 13.829787 0.000000
    endloop
  endfacet
  facet normal 0.000000 0.000000 1.000000
    outer loop
      vertex 28.492063 10.000000 0.400000
      vertex 28.809524 10.000000 0.400000
      vertex 28.809524 13.829787 0.400000
    endloop
  endfacet
  facet normal 0.000000 0.000000 1.000000
    outer loop
      vertex 28.492063 10.000000 0.400000
      vertex 28.809524 13.829787 0.400000
      vertex 28.492063 13.829787 0.400000
    endloop
  endfacet
  facet normal 0.000000 -1.000000 0.000000
    outer loop
      vertex 28.492063 10.000000 0.000000
      vertex 28.809524 10.000000 0.000000
      vertex 28.809524 10.000000 0.400000
    endloop
  endfacet
  facet normal 0.000000 -1.000000 0.000000
    outer loop
      vertex 28.492063 10.000000 0.000000
      vertex 28.809524 10.000000 0.400000
      vertex 28.492063 10.000000 0.400000
    endloop
  endfacet
  facet normal 0.000000 1.000000 0.000000
    outer loop
      vertex 28.492063 13.829787 0.000000
      vertex 28.809524 13.829787 0.400000
      vertex 28.809524 13.829787 0.000000
    endloop
  endfacet
  facet normal 0.000000 1.000000 0.000000
    outer loop
      vertex 28.492063 13.829787 0.000000
      vertex 28.492063 13.829787 0.400000
      vertex 28.809524 13.829787 0.400000
    endloop
  endfacet
  facet normal -1.000000 0.000000 0.000000
    outer loop
      vertex 28.492063 10.000000 0.000000
      vertex 28.492063 10.000000 0.400000
      vertex 28.492063 13.829787 0.400000
    endloop
  endfacet
  facet normal -1.000000 0.000000 0.000000
    outer loop
      vertex 28.492063 10.000000 0.000000
      vertex 28.492063 13.829787 0.400000
      vertex 28.492063 13.829787 0.000000
    endloop
  endfacet
  facet normal 1.000000 0.000000 0.000000
    outer loop
      vertex 28.809524 10.000000 0.000000
      vertex 28.809524 13.829787 0.000000
      vertex 28.809524 13.829787 0.400000
    endloop
  endfacet
  facet normal 1.000000 0.000000 0.000000
    outer loop
      vertex 28.809524 10.000000 0.000000
      vertex 28.809524 13.829787 0.400000
      vertex 28.809524 10.000000 0.400000
    endloop
  endfacet
  facet normal 0.000000 0.000000 -1.000000
    outer loop
      vertex 11.349206 10.000000 0.000000
      vertex 11.666667 13.510638 0.000000
      vertex 11.666667 10.000000 0.000000
    endloop
  endfacet
  facet normal 0.000000 0.000000 -1.000000
    outer loop
      vertex 11.349206 10.000000 0.000000
      vertex 11.349206 13.510638 0.000000
      vertex 11.666667 13.510638 0.000000
    endloop
  endfacet
  facet normal 0.000000 0.000000 1.000000
    outer loop
      vertex 11.349206 10.000000 0.400000
      vertex 11.666667 10.000000 0.400000
      vertex 11.666667 13.510638 0.400000
    endloop
  endfacet
  facet normal 0.000000 0.000000 1.000000
    outer loop
      vertex 11.349206 10.000000 0.400000
      vertex 11.666667 13.510638 0.400000
      vertex 11.349206 13.510638 0.400000
    endloop
  endfacet
  facet normal 0.000000 -1.000000 0.000000
    outer loop
      vertex 11.349206 10.000000 0.000000
      vertex 11.666667 10.000000 0.000000
      vertex 11.666667 10.000000 0.400000
    endloop
  endfacet
  facet normal 0.000000 -1.000000 0.000000
    outer loop
      vertex 11.349206 10.000000 0.000000
      vertex 11.666667 10.000000 0.400000
      vertex 11.349206 10.000000 0.400000
    endloop
  endfacet
  facet normal 0.000000 1.000000 0.000000
    outer loop
      vertex 11.349206 13.510638 0.000000
      vertex 11.666667 13.510638 0.400000
      vertex 11.666667 13.510638 0.000000
    endloop
  endfacet
  facet normal 0.000000 1.000000 0.000000
    outer loop
      vertex 11.349206 13.510638 0.000000
      vertex 11.349206 13.510638 0.400000
      vertex 11.666667 13.510638 0.400000
    endloop
  endfacet
  facet normal -1.000000 0.000000 0.000000
    outer loop
      vertex 11.349206 10.000000 0.000000
      vertex 11.349206 10.000000 0.400000
      vertex 11.349206 13.510638 0.400000
    endloop
  endfacet
  facet normal -1.000000 0.000000 0.000000
    outer loop
      vertex 11.349206 10.000000 0.000000
      vertex 11.349206 13.510638 0.400000
      vertex 11.349206 13.510638 0.000000
    endloop
  endfacet
  facet normal 1.000000 0.000000 0.000000
    outer loop
      vertex 11.666667 10.000000 0.000000
      vertex 11.666667 13.510638 0.000000
      vertex 11.666667 13.510638 0.400000
    endloop
  endfacet
  facet normal 1.000000 0.000000 0.000000
    outer loop
      vertex 11.666667 10.000000 0.000000
      vertex 11.666667 13.510638 0.400000
      vertex 11.666667 10.000000 0.400000
    endloop
  endfacet
  facet normal 0.000000 0.000000 -1.000000
    outer loop
      vertex 22.142857 10.000000 0.000000
      vertex 22.460317 13.510638 0.000000
      vertex 22.460317 10.000000 0.000000
    endloop
  endfacet
  facet normal 0.000000 0.000000 -1.000000
    outer loop
      vertex 22.142857 10.000000 0.000000
      vertex 22.142857 13.510638 0.000000
      vertex 22.460317 13.510638 0.000000
    endloop
  endfacet
  facet normal 0.000000 0.000000 1.000000
    outer loop
      vertex 22.142857 10.000000 0.400000
      vertex 22.460317 10.000000 0.400000
      vertex 22.460317 13.510638 0.400000
    endloop
  endfacet
  facet normal 0.000000 0.000000 1.000000
    outer loop
      vertex 22.142857 10.000000 0.400000
      vertex 22.460317 13.510638 0.400000
      vertex 22.142857 13.510638 0.400000
    endloop
  endfacet
  facet normal 0.000000 -1.000000 0.000000
    outer loop
      vertex 22.142857 10.000000 0.000000
      vertex 22.460317 10.000000 0.000000
      vertex 22.460317 10.000000 0.400000
    endloop
  endfacet
  facet normal 0.000000 -1.000000 0.000000
    outer loop
      vertex 22.142857 10.000000 0.000000
      vertex 22.460317 10.000000 0.400000
      vertex 22.142857 10.000000 0.400000
    endloop
  endfacet
  facet normal 0.000000 1.000000 0.000000
    outer loop
      vertex 22.142857 13.510638 0.000000
      vertex 22.460317 13.510638 0.400000
      vertex 22.460317 13.510638 0.000000
    endloop
  endfacet
  facet normal 0.000000 1.000000 0.000000
    outer loop
      vertex 22.142857 13.510638 0.000000
      vertex 22.142857 13.510638 0.400000
      vertex 22.460317 13.510638 0.400000
    endloop
  endfacet
  facet normal -1.000000 0.000000 0.000000
    outer loop
      vertex 22.142857 10.000000 0.000000
      vertex 22.142857 10.000000 0.400000
      vertex 22.142857 13.510638 0.400000
    endloop
  endfacet
  facet normal -1.000000 0.000000 0.000000
    outer loop
      vertex 22.142857 10.000000 0.000000
      vertex 22.142857 13.510638 0.400000
      vertex 22.142857 13.510638 0.000000
    endloop
  endfacet
  facet normal 1.000000 0.000000 0.000000
    outer loop
      vertex 22.460317 10.000000 0.000000
      vertex 22.460317 13.510638 0.000000
      vertex 22.460317 13.510638 0.400000
    endloop
  endfacet
  facet normal 1.000000 0.000000 0.000000
    outer loop
      vertex 22.460317 10.000000 0.000000
      vertex 22.460317 13.510638 0.400000
      vertex 22.460317 10.000000 0.400000
    endloop
  endfacet
  facet normal 0.000000 0.000000 -1.000000
    outer loop
      vertex 28.174603 10.000000 0.000000
      vertex 28.492063 13.510638 0.000000
      vertex 28.492063 10.000000 0.000000
    endloop
  endfacet
  facet normal 0.000000 0.000000 -1.000000
    outer loop
      vertex 28.174603 10.000000 0.000000
      vertex 28.174603 13.510638 0.000000
      vertex 28.492063 13.510638 0.000000
    endloop
  endfacet
  facet normal 0.000000 0.000000 1.000000
    outer loop
      vertex 28.174603 10.000000 0.400000
      vertex 28.492063 10.000000 0.400000
      vertex 28.492063 13.510638 0.400000
    endloop
  endfacet
  facet normal 0.000000 0.000000 1.000000
    outer loop
      vertex 28.174603 10.000000 0.400000
      vertex 28.492063 13.510638 0.400000
      vertex 28.174603 13.510638 0.400000
    endloop
  endfacet
  facet normal 0.000000 -1.000000 0.000000
    outer loop
      vertex 28.174603 10.000000 0.000000
      vertex 28.492063 10.000000 0.000000
      vertex 28.492063 10.000000 0.400000
    endloop
  endfacet
  facet normal 0.000000 -1.000000 0.000000
    outer loop
      vertex 28.174603 10.000000 0.000000
      vertex 28.492063 10.000000 0.400000
      vertex 28.174603 10.000000 0.400000
    endloop
  endfacet
  facet normal 0.000000 1.000000 0.000000
    outer loop
      vertex 28.174603 13.510638 0.000000
      vertex 28.492063 13.510638 0.400000
      vertex 28.492063 13.510638 0.000000
    endloop
  endfacet
  facet normal 0.000000 1.000000 0.000000
    outer loop
      vertex 28.174603 13.510638 0.000000
      vertex 28.174603 13.510638 0.400000
      vertex 28.492063 13.510638 0.400000
    endloop
  endfacet
  facet normal -1.000000 0.000000 0.000000
    outer loop
      vertex 28.174603 10.000000 0.000000
      vertex 28.174603 10.000000 0.400000
      vertex 28.174603 13.510638 0.400000
    endloop
  endfacet
  facet normal -1.000000 0.000000 0.000000
    outer loop
      vertex 28.174603 10.000000 0.000000
      vertex 28.174603 13.510638 0.400000
      vertex 28.174603 13.510638 0.000000
    endloop
  endfacet
  facet normal 1.000000 0.000000 0.000000
    outer loop
      vertex 28.492063 10.000000 0.000000
      vertex 28.492063 13.510638 0.000000
      vertex 28.492063 13.510638 0.400000
    endloop
  endfacet
  facet normal 1.000000 0.000000 0.000000
    outer loop
      vertex 28.492063 10.000000 0.000000
      vertex 28.492063 13.510638 0.400000
      vertex 28.492063 10.000000 0.400000
    endloop
  endfacet
  facet normal 0.000000 0.000000 -1.000000
    outer loop
      vertex 31.666667 10.000000 0.000000
      vertex 31.984127 13.510638 0.000000
      vertex 31.984127 10.000000 0.000000
    endloop
  endfacet
  facet normal 0.000000 0.000000 -1.000000
    outer loop
      vertex 31.666667 10.000000 0.000000
      vertex 31.666667 13.510638 0.000000
      vertex 31.984127 13.510638 0.000000
    endloop
  endfacet
  facet normal 0.000000 0.000000 1.000000
    outer loop
      vertex 31.666667 10.000000 0.400000
      vertex 31.984127 10.000000 0.400000
      vertex 31.984127 13.510638 0.400000
    endloop
  endfacet
  facet normal 0.000000 0.000000 1.000000
    outer loop
      vertex 31.666667 10.000000 0.400000
      vertex 31.984127 13.510638 0.400000
      vertex 31.666667 13.510638 0.400000
    endloop
  endfacet
  facet normal 0.000000 -1.000000 0.000000
    outer loop
      vertex 31.666667 10.000000 0.000000
      vertex 31.984127 10.000000 0.000000
      vertex 31.984127 10.000000 0.400000
    endloop
  endfacet
  facet normal 0.000000 -1.000000 0.000000
    outer loop
      vertex 31.666667 10.000000 0.000000
      vertex 31.984127 10.000000 0.400000
      vertex 31.666667 10.000000 0.400000
    endloop
  endfacet
  facet normal 0.000000 1.000000 0.000000
    outer loop
      vertex 31.666667 13.510638 0.000000
      vertex 31.984127 13.510638 0.400000
      vertex 31.984127 13.510638 0.000000
    endloop
  endfacet
  facet normal 0.000000 1.000000 0.000000
    outer loop
      vertex 31.666667 13.510638 0.000000
      vertex 31.666667 13.510638 0.400000
      vertex 31.984127 13.510638 0.400000
    endloop
  endfacet
  facet normal -1.000000 0.000000 0.000000
    outer loop
      vertex 31.666667 10.000000 0.000000
      vertex 31.666667 10.000000 0.400000
      vertex 31.666667 13.510638 0.400000
    endloop
  endfacet
  facet normal -1.000000 0.000000 0.000000
    outer loop
      vertex 31.666667 10.000000 0.000000
      vertex 31.666667 13.510638 0.400000
      vertex 31.666667 13.510638 0.000000
    endloop
  endfacet
  facet normal 1.000000 0.000000 0.000000
    outer loop
      vertex 31.984127 10.000000 0.000000
      vertex 31.984127 13.510638 0.000000
      vertex 31.984127 13.510638 0.400000
    endloop
  endfacet
  facet normal 1.000000 0.000000 0.000000
    outer loop
      vertex 31.984127 10.000000 0.000000
      vertex 31.984127 13.510638 0.400000
      vertex 31.984127 10.000000 0.400000
    endloop
  endfacet
  facet normal 0.000000 0.000000 -1.000000
    outer loop
      vertex 38.015873 10.000000 0.000000
      vertex 38.333333 13.510638 0.000000
      vertex 38.333333 10.000000 0.000000
    endloop
  endfacet
  facet normal 0.000000 0.000000 -1.000000
    outer loop
      vertex 38.015873 10.000000 0.000000
      vertex 38.015873 13.510638 0.000000
      vertex 38.333333 13.510638 0.000000
    endloop
  endfacet
  facet normal 0.000000 0.000000 1.000000
    outer loop
      vertex 38.015873 10.000000 0.400000
      vertex 38.333333 10.000000 0.400000
      vertex 38.333333 13.510638 0.400000
    endloop
  endfacet
  facet normal 0.000000 0.000000 1.000000
    outer loop
      vertex 38.015873 10.000000 0.400000
      vertex 38.333333 13.510638 0.400000
      vertex 38.015873 13.510638 0.400000
    endloop
  endfacet
  facet normal 0.000000 -1.000000 0.000000
    outer loop
      vertex 38.015873 10.000000 0.000000
      vertex 38.333333 10.000000 0.000000
      vertex 38.333333 10.000000 0.400000
    endloop
  endfacet
  facet normal 0.000000 -1.000000 0.000000
    outer loop
      vertex 38.015873 10.000000 0.000000
      vertex 38.333333 10.000000 0.400000
      vertex 38.015873 10.000000 0.400000
    endloop
  endfacet
  facet normal 0.000000 1.000000 0.000000
    outer loop
      vertex 38.015873 13.510638 0.000000
      vertex 38.333333 13.510638 0.400000
      vertex 38.333333 13.510638 0.000000
    endloop
  endfacet
  facet normal 0.000000 1.000000 0.000000
    outer loop
      vertex 38.015873 13.510638 0.000000
      vertex 38.015873 13.510638 0.400000
      vertex 38.333333 13.510638 0.400000
    endloop
  endfacet
  facet normal -1.000000 0.000000 0.000000
    outer loop
      vertex 38.015873 10.000000 0.000000
      vertex 38.015873 10.000000 0.400000
      vertex 38.015873 13.510638 0.400000
    endloop
  endfacet
  facet normal -1.000000 0.000000 0.000000
    outer loop
      vertex 38.015873 10.000000 0.000000
      vertex 38.015873 13.510638 0.400000
      vertex 38.015873 13.510638 0.000000
    endloop
  endfacet
  facet normal 1.000000 0.000000 0.000000
    outer loop
      vertex 38.333333 10.000000 0.000000
      vertex 38.333333 13.510638 0.000000
      vertex 38.333333 13.510638 0.400000
    endloop
  endfacet
  facet normal 1.000000 0.000000 0.000000
    outer loop
      vertex 38.333333 10.000000 0.000000
      vertex 38.333333 13.510638 0.400000
      vertex 38.333333 10.000000 0.400000
    endloop
  endfacet
  facet normal 0.000000 0.000000 -1.000000
    outer loop
      vertex 11.666667 10.000000 0.000000
      vertex 11.984127 13.191489 0.000000
      vertex 11.984127 10.000000 0.000000
    endloop
  endfacet
  facet normal 0.000000 0.000000 -1.000000
    outer loop
      vertex 11.666667 10.000000 0.000000
      vertex 11.666667 13.191489 0.000000
      vertex 11.984127 13.191489 0.000000
    endloop
  endfacet
  facet normal 0.000000 0.000000 1.000000
    outer loop
      vertex 11.666667 10.000000 0.400000
      vertex 11.984127 10.000000 0.400000
      vertex 11.984127 13.191489 0.400000
    endloop
  endfacet
  facet normal 0.000000 0.000000 1.000000
    outer loop
      vertex 11.666667 10.000000 0.400000
      vertex 11.984127 13.191489 0.400000
      vertex 11.666667 13.191489 0.400000
    endloop
  endfacet
  facet normal 0.000000 -1.000000 0.000000
    outer loop
      vertex 11.666667 10.000000 0.000000
      vertex 11.984127 10.000000 0.000000
      vertex 11.984127 10.000000 0.400000
    endloop
  endfacet
  facet normal 0.000000 -1.000000 0.000000
    outer loop
      vertex 11.666667 10.000000 0.000000
      vertex 11.984127 10.000000 0.400000
      vertex 11.666667 10.000000 0.400000
    endloop
  endfacet
  facet normal 0.000000 1.000000 0.000000
    outer loop
      vertex 11.666667 13.191489 0.000000
      vertex 11.984127 13.191489 0.400000
      vertex 11.984127 13.191489 0.000000
    endloop
  endfacet
  facet normal 0.000000 1.000000 0.000000
    outer loop
      vertex 11.666667 13.191489 0.000000
      vertex 11.666667 13.191489 0.400000
      vertex 11.984127 13.191489 0.400000
    endloop
  endfacet
  facet normal -1.000000 0.000000 0.000000
    outer loop
      vertex 11.666667 10.000000 0.000000
      vertex 11.666667 10.000000 0.400000
      vertex 11.666667 13.191489 0.400000
    endloop
  endfacet
  facet normal -1.000000 0.000000 0.000000
    outer loop
      vertex 11.666667 10.000000 0.000000
      vertex 11.666667 13.191489 0.400000
      vertex 11.666667 13.191489 0.000000
    endloop
  endfacet
  facet normal 1.000000 0.000000 0.000000
    outer loop
      vertex 11.984127 10.000000 0.000000
      vertex 11.984127 13.191489 0.000000
      vertex 11.984127 13.191489 0.400000
    endloop
  endfacet
  facet normal 1.000000 0.000000 0.000000
    outer loop
      vertex 11.984127 10.000000 0.000000
      vertex 11.984127 13.191489 0.400000
      vertex 11.984127 10.000000 0.400000
    endloop
  endfacet
  facet normal 0.000000 0.000000 -1.000000
    outer loop
      vertex 16.111111 10.000000 0.000000
      vertex 16.428571 13.191489 0.000000
      vertex 16.428571 10.000000 0.000000
    endloop
  endfacet
  facet normal 0.000000 0.000000 -1.000000
    outer loop
      vertex 16.111111 10.000000 0.000000
      vertex 16.111111 13.191489 0.000000
      vertex 16.428571 13.191489 0.000000
    endloop
  endfacet
  facet normal 0.000000 0.000000 1.000000
    outer loop
      vertex 16.111111 10.000000 0.400000
      vertex 16.428571 10.000000 0.400000
      vertex 16.428571 13.191489 0.400000
    endloop
  endfacet
  facet normal 0.000000 0.000000 1.000000
    outer loop
      vertex 16.111111 10.000000 0.400000
      vertex 16.428571 13.191489 0.400000
      vertex 16.111111 13.191489 0.400000
    endloop
  endfacet
  facet normal 0.000000 -1.000000 0.000000
    outer loop
      vertex 16.111111 10.000000 0.000000
      vertex 16.428571 10.000000 0.000000
      vertex 16.428571 10.000000 0.400000
    endloop
  endfacet
  facet normal 0.000000 -1.000000 0.000000
    outer loop
      vertex 16.111111 10.000000 0.000000
      vertex 16.428571 10.000000 0.400000
      vertex 16.111111 10.000000 0.400000
    endloop
  endfacet
  facet normal 0.000000 1.000000 0.000000
    outer loop
      vertex 16.111111 13.191489 0.000000
      vertex 16.428571 13.191489 0.400000
      vertex 16.428571 13.191489 0.000000
    endloop
  endfacet
  facet normal 0.000000 1.000000 0.000000
    outer loop
      vertex 16.111111 13.191489 0.000000
      vertex 16.111111 13.191489 0.400000
      vertex 16.428571 13.191489 0.400000
    endloop
  endfacet
  facet normal -1.000000 0.000000 0.000000
    outer loop
      vertex 16.111111 10.000000 0.000000
      vertex 16.111111 10.000000 0.400000
      vertex 16.111111 13.191489 0.400000
    endloop
  endfacet
  facet normal -1.000000 0.000000 0.000000
    outer loop
      vertex 16.111111 10.000000 0.000000
      vertex 16.111111 13.191489 0.400000
      vertex 16.111111 13.191489 0.000000
    endloop
  endfacet
  facet normal 1.000000 0.000000 0.000000
    outer loop
      vertex 16.428571 10.000000 0.000000
      vertex 16.428571 13.191489 0.000000
      vertex 16.428571 13.191489 0.400000
    endloop
  endfacet
  facet normal 1.000000 0.000000 0.000000
    outer loop
      vertex 16.428571 10.000000 0.000000
      vertex 16.428571 13.191489 0.400000
      vertex 16.428571 10.000000 0.400000
    endloop
  endfacet
  facet normal 0.000000 0.000000 -1.000000
    outer loop
      vertex 22.460317 10.000000 0.000000
      vertex 22.777778 13.191489 0.000000
      vertex 22.777778 10.000000 0.000000
    endloop
  endfacet
  facet normal 0.000000 0.000000 -1.000000
    outer loop
      vertex 22.460317 10.000000 0.000000
      vertex 22.460317 13.191489 0.000000
      vertex 22.777778 13.191489 0.000000
    endloop
  endfacet
  facet normal 0.000000 0.000000 1.000000
    outer loop
      vertex 22.460317 10.000000 0.400000
      vertex 22.777778 10.000000 0.400000
      vertex 22.777778 13.191489 0.400000
    endloop
  endfacet
  facet normal 0.000000 0.000000 1.000000
    outer loop
      vertex 22.460317 10.000000 0.400000
      vertex 22.777778 13.191489 0.400000
      vertex 22.460317 13.191489 0.400000
    endloop
  endfacet
  facet normal 0.000000 -1.000000 0.000000
    outer loop
      vertex 22.460317 10.000000 0.000000
      vertex 22.777778 10.000000 0.000000
      vertex 22.777778 10.000000 0.400000
    endloop
  endfacet
  facet normal 0.000000 -1.000000 0.000000
    outer loop
      vertex 22.460317 10.000000 0.000000
      vertex 22.777778 10.000000 0.400000
      vertex 22.460317 10.000000 0.400000
    endloop
  endfacet
  facet normal 0.000000 1.000000 0.000000
    outer loop
      vertex 22.460317 13.191489 0.000000
      vertex 22.777778 13.191489 0.400000
      vertex 22.777778 13.191489 0.000000
    endloop
  endfacet
  facet normal 0.000000 1.000000 0.000000
    outer loop
      vertex 22.460317 13.191489 0.000000
      vertex 22.460317 13.191489 0.400000
      vertex 22.777778 13.191489 0.400000
    endloop
  endfacet
  facet normal -1.000000 0.000000 0.000000
    outer loop
      vertex 22.460317 10.000000 0.000000
      vertex 22.460317 10.000000 0.400000
      vertex 22.460317 13.191489 0.400000
    endloop
  endfacet
  facet normal -1.000000 0.000000 0.000000
    outer loop
      vertex 22.460317 10.000000 0.000000
      vertex 22.460317 13.191489 0.400000
      vertex 22.460317 13.191489 0.000000
    endloop
  endfacet
  facet normal 1.000000 0.000000 0.000000
    outer loop
      vertex 22.777778 10.000000 0.000000
      vertex 22.777778 13.191489 0.000000
      vertex 22.777778 13.191489 0.400000
    endloop
  endfacet
  facet normal 1.000000 0.000000 0.000000
    outer loop
      vertex 22.777778 10.000000 0.000000
      vertex 22.777778 13.191489 0.400000
      vertex 22.777778 10.000000 0.400000
    endloop
  endfacet
  facet normal 0.000000 0.000000 -1.000000
    outer loop
      vertex 27.857143 10.000000 0.000000
      vertex 28.174603 13.191489 0.000000
      vertex 28.174603 10.000000 0.000000
    endloop
  endfacet
  facet normal 0.000000 0.000000 -1.000000
    outer loop
      vertex 27.857143 10.000000 0.000000
      vertex 27.857143 13.191489 0.000000
      vertex 28.174603 13.191489 0.000000
    endloop
  endfacet
  facet normal 0.000000 0.000000 1.000000
    outer loop
      vertex 27.857143 10.000000 0.400000
      vertex 28.174603 10.000000 0.400000
      vertex 28.174603 13.191489 0.400000
    endloop
  endfacet
  facet normal 0.000000 0.000000 1.000000
    outer loop
      vertex 27.857143 10.000000 0.400000
      vertex 28.174603 13.191489 0.400000
      vertex 27.857143 13.191489 0.400000
    endloop
  endfacet
  facet normal 0.000000 -1.000000 0.000000
    outer loop
      vertex 27.857143 10.000000 0.000000
      vertex 28.174603 10.000000 0.000000
      vertex 28.174603 10.000000 0.400000
    endloop
  endfacet
  facet normal 0.000000 -1.000000 0.000000
    outer loop
      vertex 27.857143 10.000000 0.000000
      vertex 28.174603 10.000000 0.400000
      vertex 27.857143 10.000000 0.400000
    endloop
  endfacet
  facet normal 0.000000 1.000000 0.000000
    outer loop
      vertex 27.857143 13.191489 0.000000
      vertex 28.174603 13.191489 0.400000
      vertex 28.174603 13.191489 0.000000
    endloop
  endfacet
  facet normal 0.000000 1.000000 0.000000
    outer loop
      vertex 27.857143 13.191489 0.000000
      vertex 27.857143 13.191489 0.400000
      vertex 28.174603 13.191489 0.400000
    endloop
  endfacet
  facet normal -1.000000 0.000000 0.000000
    outer loop
      vertex 27.857143 10.000000 0.000000
      vertex 27.857143 10.000000 0.400000
      vertex 27.857143 13.191489 0.400000
    endloop
  endfacet
  facet normal -1.000000 0.000000 0.000000
    outer loop
      vertex 27.857143 10.000000 0.000000
      vertex 27.857143 13.191489 0.400000
      vertex 27.857143 13.191489 0.000000
    endloop
  endfacet
  facet normal 1.000000 0.000000 0.000000
    outer loop
      vertex 28.174603 10.000000 0.000000
      vertex 28.174603 13.191489 0.000000
      vertex 28.174603 13.191489 0.400000
    endloop
  endfacet
  facet normal 1.000000 0.000000 0.000000
    outer loop
      vertex 28.174603 10.000000 0.000000
      vertex 28.174603 13.191489 0.400000
      vertex 28.174603 10.000000 0.400000
    endloop
  endfacet
  facet normal 0.000000 0.000000 -1.000000
    outer loop
      vertex 31.984127 10.000000 0.000000
      vertex 32.301587 13.191489 0.000000
      vertex 32.301587 10.000000 0.000000
    endloop
  endfacet
  facet normal 0.000000 0.000000 -1.000000
    outer loop
      vertex 31.984127 10.000000 0.000000
      vertex 31.984127 13.191489 0.000000
      vertex 32.301587 13.191489 0.000000
    endloop
  endfacet
  facet normal 0.000000 0.000000 1.000000
    outer loop
      vertex 31.984127 10.000000 0.400000
      vertex 32.301587 10.000000 0.400000
      vertex 32.301587 13.191489 0.400000
    endloop
  endfacet
  facet normal 0.000000 0.000000 1.000000
    outer loop
      vertex 31.984127 10.000000 0.400000
      vertex 32.301587 13.191489 0.400000
      vertex 31.984127 13.191489 0.400000
    endloop
  endfacet
  facet normal 0.000000 -1.000000 0.000000
    outer loop
      vertex 31.984127 10.000000 0.000000
      vertex 32.301587 10.000000 0.000000
      vertex 32.301587 10.000000 0.400000
    endloop
  endfacet
  facet normal 0.000000 -1.000000 0.000000
    outer loop
      vertex 31.984127 10.000000 0.000000
      vertex 32.301587 10.000000 0.400000
      vertex 31.984127 10.000000 0.400000
    endloop
  endfacet
  facet normal 0.000000 1.000000 0.000000
    outer loop
      vertex 31.984127 13.191489 0.000000
      vertex 32.301587 13.191489 0.400000
      vertex 32.301587 13.191489 0.000000
    endloop
  endfacet
  facet normal 0.000000 1.000000 0.000000
    outer loop
      vertex 31.984127 13.191489 0.000000
      vertex 31.984127 13.191489 0.400000
      vertex 32.301587 13.191489 0.400000
    endloop
  endfacet
  facet normal -1.000000 0.000000 0.000000
    outer loop
      vertex 31.984127 10.000000 0.000000
      vertex 31.984127 10.000000 0.400000
      vertex 31.984127 13.191489 0.400000
    endloop
  endfacet
  facet normal -1.000000 0.000000 0.000000
    outer loop
      vertex 31.984127 10.000000 0.000000
      vertex 31.984127 13.191489 0.400000
      vertex 31.984127 13.191489 0.000000
    endloop
  endfacet
  facet normal 1.000000 0.000000 0.000000
    outer loop
      vertex 32.301587 10.000000 0.000000
      vertex 32.301587 13.191489 0.000000
      vertex 32.301587 13.191489 0.400000
    endloop
  endfacet
  facet normal 1.000000 0.000000 0.000000
    outer loop
      vertex 32.301587 10.000000 0.000000
      vertex 32.301587 13.191489 0.400000
      vertex 32.301587 10.000000 0.400000
    endloop
  endfacet
  facet normal 0.000000 0.000000 -1.000000
    outer loop
      vertex 37.698413 10.000000 0.000000
      vertex 38.015873 13.191489 0.000000
      vertex 38.015873 10.000000 0.000000
    endloop
  endfacet
  facet normal 0.000000 0.000000 -1.000000
    outer loop
      vertex 37.698413 10.000000 0.000000
      vertex 37.698413 13.191489 0.000000
      vertex 38.015873 13.191489 0.000000
    endloop
  endfacet
  facet normal 0.000000 0.000000 1.000000
    outer loop
      vertex 37.698413 10.000000 0.400000
      vertex 38.015873 10.000000 0.400000
      vertex 38.015873 13.191489 0.400000
    endloop
  endfacet
  facet normal 0.000000 0.000000 1.000000
    outer loop
      vertex 37.698413 10.000000 0.400000
      vertex 38.015873 13.191489 0.400000
      vertex 37.698413 13.191489 0.400000
    endloop
  endfacet
  facet normal 0.000000 -1.000000 0.000000
    outer loop
      vertex 37.698413 10.000000 0.000000
      vertex 38.015873 10.000000 0.000000
      vertex 38.015873 10.000000 0.400000
    endloop
  endfacet
  facet normal 0.000000 -1.000000 0.000000
    outer loop
      vertex 37.698413 10.000000 0.000000
      vertex 38.015873 10.000000 0.400000
      vertex 37.698413 10.000000 0.400000
    endloop
  endfacet
  facet normal 0.000000 1.000000 0.000000
    outer loop
      vertex 37.698413 13.191489 0.000000
      vertex 38.015873 13.191489 0.400000
      vertex 38.015873 13.191489 0.000000
    endloop
  endfacet
  facet normal 0.000000 1.000000 0.000000
    outer loop
      vertex 37.698413 13.191489 0.000000
      vertex 37.698413 13.191489 0.400000
      vertex 38.015873 13.191489 0.400000
    endloop
  endfacet
  facet normal -1.000000 0.000000 0.000000
    outer loop
      vertex 37.698413 10.000000 0.000000
      vertex 37.698413 10.000000 0.400000
      vertex 37.698413 13.191489 0.400000
    endloop
  endfacet
  facet normal -1.000000 0.000000 0.000000
    outer loop
      vertex 37.698413 10.000000 0.000000
      vertex 37.698413 13.191489 0.400000
      vertex 37.698413 13.191489 0.000000
    endloop
  endfacet
  facet normal 1.000000 0.000000 0.000000
    outer loop
      vertex 38.015873 10.000000 0.000000
      vertex 38.015873 13.191489 0.000000
      vertex 38.015873 13.191489 0.400000
    endloop
  endfacet
  facet normal 1.000000 0.000000 0.000000
    outer loop
      vertex 38.015873 10.000000 0.000000
      vertex 38.015873 13.191489 0.400000
      vertex 38.015873 10.000000 0.400000
    endloop
  endfacet
  facet normal 0.000000 0.000000 -1.000000
    outer loop
      vertex 11.984127 10.000000 0.000000
      vertex 12.301587 12.872340 0.000000
      vertex 12.301587 10.000000 0.000000
    endloop
  endfacet
  facet normal 0.000000 0.000000 -1.000000
    outer loop
      vertex 11.984127 10.000000 0.000000
      vertex 11.984127 12.872340 0.000000
      vertex 12.301587 12.872340 0.000000
    endloop
  endfacet
  facet normal 0.000000 0.000000 1.000000
    outer loop
      vertex 11.984127 10.000000 0.400000
      vertex 12.301587 10.000000 0.400000
      vertex 12.301587 12.872340 0.400000
    endloop
  endfacet
  facet normal 0.000000 0.000000 1.000000
    outer loop
      vertex 11.984127 10.000000 0.400000
      vertex 12.301587 12.872340 0.400000
      vertex 11.984127 12.872340 0.400000
    endloop
  endfacet
  facet normal 0.000000 -1.000000 0.000000
    outer loop
      vertex 11.984127 10.000000 0.000000
      vertex 12.301587 10.000000 0.000000
      vertex 12.301587 10.000000 0.400000
    endloop
  endfacet
  facet normal 0.000000 -1.000000 0.000000
    outer loop
      vertex 11.984127 10.000000 0.000000
      vertex 12.301587 10.000000 0.400000
      vertex 11.984127 10.000000 0.400000
    endloop
  endfacet
  facet normal 0.000000 1.000000 0.000000
    outer loop
      vertex 11.984127 12.872340 0.000000
      vertex 12.301587 12.872340 0.400000
      vertex 12.301587 12.872340 0.000000
    endloop
  endfacet
  facet normal 0.000000 1.000000 0.000000
    outer loop
      vertex 11.984127 12.872340 0.000000
      vertex 11.984127 12.872340 0.400000
      vertex 12.301587 12.872340 0.400000
    endloop
  endfacet
  facet normal -1.000000 0.000000 0.000000
    outer loop
      vertex 11.984127 10.000000 0.000000
      vertex 11.984127 10.000000 0.400000
      vertex 11.984127 12.872340 0.400000
    endloop
  endfacet
  facet normal -1.000000 0.000000 0.000000
    outer loop
      vertex 11.984127 10.000000 0.000000
      vertex 11.984127 12.872340 0.400000
      vertex 11.984127 12.872340 0.000000
    endloop
  endfacet
  facet normal 1.000000 0.000000 0.000000
    outer loop
      vertex 12.301587 10.000000 0.000000
      vertex 12.301587 12.872340 0.000000
      vertex 12.301587 12.872340 0.400000
    endloop
  endfacet
  facet normal 1.000000 0.000000 0.000000
    outer loop
      vertex 12.301587 10.000000 0.000000
      vertex 12.301587 12.872340 0.400000
      vertex 12.301587 10.000000 0.400000
    endloop
  endfacet
  facet normal 0.000000 0.000000 -1.000000
    outer loop
      vertex 15.793651 10.000000 0.000000
      vertex 16.111111 12.872340 0.000000
      vertex 16.111111 10.000000 0.000000
    endloop
  endfacet
  facet normal 0.000000 0.000000 -1.000000
    outer loop
      vertex 15.793651 10.000000 0.000000
      vertex 15.793651 12.872340 0.000000
      vertex 16.111111 12.872340 0.000000
    endloop
  endfacet
  facet normal 0.000000 0.000000 1.000000
    outer loop
      vertex 15.793651 10.000000 0.400000
      vertex 16.111111 10.000000 0.400000
      vertex 16.111111 12.872340 0.400000
    endloop
  endfacet
  facet normal 0.000000 0.000000 1.000000
    outer loop
      vertex 15.793651 10.000000 0.400000
      vertex 16.111111 12.872340 0.400000
      vertex 15.793651 12.872340 0.400000
    endloop
  endfacet
  facet normal 0.000000 -1.000000 0.000000
    outer loop
      vertex 15.793651 10.000000 0.000000
      vertex 16.111111 10.000000 0.000000
      vertex 16.111111 10.000000 0.400000
    endloop
  endfacet
  facet normal 0.000000 -1.000000 0.000000
    outer loop
      vertex 15.793651 10.000000 0.000000
      vertex 16.111111 10.000000 0.400000
      vertex 15.793651 10.000000 0.400000
    endloop
  endfacet
  facet normal 0.000000 1.000000 0.000000
    outer loop
      vertex 15.793651 12.872340 0.000000
      vertex 16.111111 12.872340 0.400000
      vertex 16.111111 12.872340 0.000000
    endloop
  endfacet
  facet normal 0.000000 1.000000 0.000000
    outer loop
      vertex 15.793651 12.872340 0.000000
      vertex 15.793651 12.872340 0.400000
      vertex 16.111111 12.872340 0.400000
    endloop
  endfacet
  facet normal -1.000000 0.000000 0.000000
    outer loop
      vertex 15.793651 10.000000 0.000000
      vertex 15.793651 10.000000 0.400000
      vertex 15.793651 12.872340 0.400000
    endloop
  endfacet
  facet normal -1.000000 0.000000 0.000000
    outer loop
      vertex 15.793651 10.000000 0.000000
      vertex 15.793651 12.872340 0.400000
      vertex 15.793651 12.872340 0.000000
    endloop
  endfacet
  facet normal 1.000000 0.000000 0.000000
    outer loop
      vertex 16.111111 10.000000 0.000000
      vertex 16.111111 12.872340 0.000000
      vertex 16.111111 12.872340 0.400000
    endloop
  endfacet
  facet normal 1.000000 0.000000 0.000000
    outer loop
      vertex 16.111111 10.000000 0.000000
      vertex 16.111111 12.872340 0.400000
      vertex 16.111111 10.000000 0.400000
    endloop
  endfacet
  facet normal 0.000000 0.000000 -1.000000
    outer loop
      vertex 22.777778 10.000000 0.000000
      vertex 23.412698 12.872340 0.000000
      vertex 23.412698 10.000000 0.000000
    endloop
  endfacet
  facet normal 0.000000 0.000000 -1.000000
    outer loop
      vertex 22.777778 10.000000 0.000000
      vertex 22.777778 12.872340 0.000000
      vertex 23.412698 12.872340 0.000000
    endloop
  endfacet
  facet normal 0.000000 0.000000 1.000000
    outer loop
      vertex 22.777778 10.000000 0.400000
      vertex 23.412698 10.000000 0.400000
      vertex 23.412698 12.872340 0.400000
    endloop
  endfacet
  facet normal 0.000000 0.000000 1.000000
    outer loop
      vertex 22.777778 10.000000 0.400000
      vertex 23.412698 12.872340 0.400000
      vertex 22.777778 12.872340 0.400000
    endloop
  endfacet
  facet normal 0.000000 -1.000000 0.000000
    outer loop
      vertex 22.777778 10.000000 0.000000
      vertex 23.412698 10.000000 0.000000
      vertex 23.412698 10.000000 0.400000
    endloop
  endfacet
  facet normal 0.000000 -1.000000 0.000000
    outer loop
      vertex 22.777778 10.000000 0.000000
      vertex 23.412698 10.000000 0.400000
      vertex 22.777778 10.000000 0.400000
    endloop
  endfacet
  facet normal 0.000000 1.000000 0.000000
    outer loop
      vertex 22.777778 12.872340 0.000000
      vertex 23.412698 12.872340 0.400000
      vertex 23.412698 12.872340 0.000000
    endloop
  endfacet
  facet normal 0.000000 1.000000 0.000000
    outer loop
      vertex 22.777778 12.872340 0.000000
      vertex 22.777778 12.872340 0.400000
      vertex 23.412698 12.872340 0.400000
    endloop
  endfacet
  facet normal -1.000000 0.000000 0.000000
    outer loop
      vertex 22.777778 10.000000 0.000000
      vertex 22.777778 10.000000 0.400000
      vertex 22.777778 12.872340 0.400000
    endloop
  endfacet
  facet normal -1.000000 0.000000 0.000000
    outer loop
      vertex 22.777778 10.000000 0.000000
      vertex 22.777778 12.872340 0.400000
      vertex 22.777778 12.872340 0.000000
    endloop
  endfacet
  facet normal 1.000000 0.000000 0.000000
    outer loop
      vertex 23.412698 10.000000 0.000000
      vertex 23.412698 12.872340 0.000000
      vertex 23.412698 12.872340 0.400000
    endloop
  endfacet
  facet normal 1.000000 0.000000 0.000000
    outer loop
      vertex 23.412698 10.000000 0.000000
      vertex 23.412698 12.872340 0.400000
      vertex 23.412698 10.000000 0.400000
    endloop
  endfacet
  facet normal 0.000000 0.000000 -1.000000
    outer loop
      vertex 27.539683 10.000000 0.000000
      vertex 27.857143 12.872340 0.000000
      vertex 27.857143 10.000000 0.000000
    endloop
  endfacet
  facet normal 0.000000 0.000000 -1.000000
    outer loop
      vertex 27.539683 10.000000 0.000000
      vertex 27.539683 12.872340 0.000000
      vertex 27.857143 12.872340 0.000000
    endloop
  endfacet
  facet normal 0.000000 0.000000 1.000000
    outer loop
      vertex 27.539683 10.000000 0.400000
      vertex 27.857143 10.000000 0.400000
      vertex 27.857143 12.872340 0.400000
    endloop
  endfacet
  facet normal 0.000000 0.000000 1.000000
    outer loop
      vertex 27.539683 10.000000 0.400000
      vertex 27.857143 12.872340 0.400000
      vertex 27.539683 12.872340 0.400000
    endloop
  endfacet
  facet normal 0.000000 -1.000000 0.000000
    outer loop
      vertex 27.539683 10.000000 0.000000
      vertex 27.857143 10.000000 0.000000
      vertex 27.857143 10.000000 0.400000
    endloop
  endfacet
  facet normal 0.000000 -1.000000 0.000000
    outer loop
      vertex 27.539683 10.000000 0.000000
      vertex 27.857143 10.000000 0.400000
      vertex 27.539683 10.000000 0.400000
    endloop
  endfacet
  facet normal 0.000000 1.000000 0.000000
    outer loop
      vertex 27.539683 12.872340 0.000000
      vertex 27.857143 12.872340 0.400000
      vertex 27.857143 12.872340 0.000000
    endloop
  endfacet
  facet normal 0.000000 1.000000 0.000000
    outer loop
      vertex 27.539683 12.872340 0.000000
      vertex 27.539683 12.872340 0.400000
      vertex 27.857143 12.872340 0.400000
    endloop
  endfacet
  facet normal -1.000000 0.000000 0.000000
    outer loop
      vertex 27.539683 10.000000 0.000000
      vertex 27.539683 10.000000 0.400000
      vertex 27.539683 12.872340 0.400000
    endloop
  endfacet
  facet normal -1.000000 0.000000 0.000000
    outer loop
      vertex 27.539683 10.000000 0.000000
      vertex 27.539683 12.872340 0.400000
      vertex 27.539683 12.872340 0.000000
    endloop
  endfacet
  facet normal 1.000000 0.000000 0.000000
    outer loop
      vertex 27.857143 10.000000 0.000000
      vertex 27.857143 12.872340 0.000000
      vertex 27.857143 12.872340 0.400000
    endloop
  endfacet
  facet normal 1.000000 0.000000 0.000000
    outer loop
      vertex 27.857143 10.000000 0.000000
      vertex 27.857143 12.872340 0.400000
      vertex 27.857143 10.000000 0.400000
    endloop
  endfacet
  facet normal 0.000000 0.000000 -1.000000
    outer loop
      vertex 32.301587 10.000000 0.000000
      vertex 32.936508 12.872340 0.000000
      vertex 32.936508 10.000000 0.000000
    endloop
  endfacet
  facet normal 0.000000 0.000000 -1.000000
    outer loop
      vertex 32.301587 10.000000 0.000000
      vertex 32.301587 12.872340 0.000000
      vertex 32.936508 12.872340 0.000000
    endloop
  endfacet
  facet normal 0.000000 0.000000 1.000000
    outer loop
      vertex 32.301587 10.000000 0.400000
      vertex 32.936508 10.000000 0.400000
      vertex 32.936508 12.872340 0.400000
    endloop
  endfacet
  facet normal 0.000000 0.000000 1.000000
    outer loop
      vertex 32.301587 10.000000 0.400000
      vertex 32.936508 12.872340 0.400000
      vertex 32.301587 12.872340 0.400000
    endloop
  endfacet
  facet normal 0.000000 -1.000000 0.000000
    outer loop
      vertex 32.301587 10.000000 0.000000
      vertex 32.936508 10.000000 0.000000
      vertex 32.936508 10.000000 0.400000
    endloop
  endfacet
  facet normal 0.000000 -1.000000 0.000000
    outer loop
      vertex 32.301587 10.000000 0.000000
      vertex 32.936508 10.000000 0.400000
      vertex 32.301587 10.000000 0.400000
    endloop
  endfacet
  facet normal 0.000000 1.000000 0.000000
    outer loop
      vertex 32.301587 12.872340 0.000000
      vertex 32.936508 12.872340 0.400000
      vertex 32.936508 12.872340 0.000000
    endloop
  endfacet
  facet normal 0.000000 1.000000 0.000000
    outer loop
      vertex 32.301587 12.872340 0.000000
      vertex 32.301587 12.872340 0.400000
      vertex 32.936508 12.872340 0.400000
    endloop
  endfacet
  facet normal -1.000000 0.000000 0.000000
    outer loop
      vertex 32.301587 10.000000 0.000000
      vertex 32.301587 10.000000 0.400000
      vertex 32.301587 12.872340 0.400000
    endloop
  endfacet
  facet normal -1.000000 0.000000 0.000000
    outer loop
      vertex 32.301587 10.000000 0.000000
      vertex 32.301587 12.872340 0.400000
      vertex 32.301587 12.872340 0.000000
    endloop
  endfacet
  facet normal 1.000000 0.000000 0.000000
    outer loop
      vertex 32.936508 10.000000 0.000000
      vertex 32.936508 12.872340 0.000000
      vertex 32.936508 12.872340 0.400000
    endloop
  endfacet
  facet normal 1.000000 0.000000 0.000000
    outer loop
      vertex 32.936508 10.000000 0.000000
      vertex 32.936508 12.872340 0.400000
      vertex 32.936508 10.000000 0.400000
    endloop
  endfacet
  facet normal 0.000000 0.000000 -1.000000
    outer loop
      vertex 37.063492 10.000000 0.000000
      vertex 37.698413 12.872340 0.000000
      vertex 37.698413 10.000000 0.000000
    endloop
  endfacet
  facet normal 0.000000 0.000000 -1.000000
    outer loop
      vertex 37.063492 10.000000 0.000000
      vertex 37.063492 12.872340 0.000000
      vertex 37.698413 12.872340 0.000000
    endloop
  endfacet
  facet normal 0.000000 0.000000 1.000000
    outer loop
      vertex 37.063492 10.000000 0.400000
      vertex 37.698413 10.000000 0.400000
      vertex 37.698413 12.872340 0.400000
    endloop
  endfacet
  facet normal 0.000000 0.000000 1.000000
    outer loop
      vertex 37.063492 10.000000 0.400000
      vertex 37.698413 12.872340 0.400000
      vertex 37.063492 12.872340 0.400000
    endloop
  endfacet
  facet normal 0.000000 -1.000000 0.000000
    outer loop
      vertex 37.063492 10.000000 0.000000
      vertex 37.698413 10.000000 0.000000
      vertex 37.698413 10.000000 0.400000
    endloop
  endfacet
  facet normal 0.000000 -1.000000 0.000000
    outer loop
      vertex 37.063492 10.000000 0.000000
      vertex 37.698413 10.000000 0.400000
      vertex 37.063492 10.000000 0.400000
    endloop
  endfacet
  facet normal 0.000000 1.000000 0.000000
    outer loop
      vertex 37.063492 12.872340 0.000000
      vertex 37.698413 12.872340 0.400000
      vertex 37.698413 12.872340 0.000000
    endloop
  endfacet
  facet normal 0.000000 1.000000 0.000000
    outer loop
      vertex 37.063492 12.872340 0.000000
      vertex 37.063492 12.872340 0.400000
      vertex 37.698413 12.872340 0.400000
    endloop
  endfacet
  facet normal -1.000000 0.000000 0.000000
    outer loop
      vertex 37.063492 10.000000 0.000000
      vertex 37.063492 10.000000 0.400000
      vertex 37.063492 12.872340 0.400000
    endloop
  endfacet
  facet normal -1.000000 0.000000 0.000000
    outer loop
      vertex 37.063492 10.000000 0.000000
      vertex 37.063492 12.872340 0.400000
      vertex 37.063492 12.872340 0.000000
    endloop
  endfacet
  facet normal 1.000000 0.000000 0.000000
    outer loop
      vertex 37.698413 10.000000 0.000000
      vertex 37.698413 12.872340 0.000000
      vertex 37.698413 12.872340 0.400000
    endloop
  endfacet
  facet normal 1.000000 0.000000 0.000000
    outer loop
      vertex 37.698413 10.000000 0.000000
      vertex 37.698413 12.872340 0.400000
      vertex 37.698413 10.000000 0.400000
    endloop
  endfacet
  facet normal 0.000000 0.000000 -1.000000
    outer loop
      vertex 12.301587 10.000000 0.000000
      vertex 12.936508 12.553191 0.000000
      vertex 12.936508 10.000000 0.000000
    endloop
  endfacet
  facet normal 0.000000 0.000000 -1.000000
    outer loop
      vertex 12.301587 10.000000 0.000000
      vertex 12.301587 12.553191 0.000000
      vertex 12.936508 12.553191 0.000000
    endloop
  endfacet
  facet normal 0.000000 0.000000 1.000000
    outer loop
      vertex 12.301587 10.000000 0.400000
      vertex 12.936508 10.000000 0.400000
      vertex 12.936508 12.553191 0.400000
    endloop
  endfacet
  facet normal 0.000000 0.000000 1.000000
    outer loop
      vertex 12.301587 10.000000 0.400000
      vertex 12.936508 12.553191 0.400000
      vertex 12.301587 12.553191 0.400000
    endloop
  endfacet
  facet normal 0.000000 -1.000000 0.000000
    outer loop
      vertex 12.301587 10.000000 0.000000
      vertex 12.936508 10.000000 0.000000
      vertex 12.936508 10.000000 0.400000
    endloop
  endfacet
  facet normal 0.000000 -1.000000 0.000000
    outer loop
      vertex 12.301587 10.000000 0.000000
      vertex 12.936508 10.000000 0.400000
      vertex 12.301587 10.000000 0.400000
    endloop
  endfacet
  facet normal 0.000000 1.000000 0.000000
    outer loop
      vertex 12.301587 12.553191 0.000000
      vertex 12.936508 12.553191 0.400000
      vertex 12.936508 12.553191 0.000000
    endloop
  endfacet
  facet normal 0.000000 1.000000 0.000000
    outer loop
      vertex 12.301587 12.553191 0.000000
      vertex 12.301587 12.553191 0.400000
      vertex 12.936508 12.553191 0.400000
    endloop
  endfacet
  facet normal -1.000000 0.000000 0.000000
    outer loop
      vertex 12.301587 10.000000 0.000000
      vertex 12.301587 10.000000 0.400000
      vertex 12.301587 12.553191 0.400000
    endloop
  endfacet
  facet normal -1.000000 0.000000 0.000000
    outer loop
      vertex 12.301587 10.000000 0.000000
      vertex 12.301587 12.553191 0.400000
      vertex 12.301587 12.553191 0.000000
    endloop
  endfacet
  facet normal 1.000000 0.000000 0.000000
    outer loop
      vertex 12.936508 10.000000 0.000000
      vertex 12.936508 12.553191 0.000000
      vertex 12.936508 12.553191 0.400000
    endloop
  endfacet
  facet normal 1.000000 0.000000 0.000000
    outer loop
      vertex 12.936508 10.000000 0.000000
      vertex 12.936508 12.553191 0.400000
      vertex 12.936508 10.000000 0.400000
    endloop
  endfacet
  facet normal 0.000000 0.000000 -1.000000
    outer loop
      vertex 14.841270 10.000000 0.000000
      vertex 15.793651 12.553191 0.000000
      vertex 15.793651 10.000000 0.000000
    endloop
  endfacet
  facet normal 0.000000 0.000000 -1.000000
    outer loop
      vertex 14.841270 10.000000 0.000000
      vertex 14.841270 12.553191 0.000000
      vertex 15.793651 12.553191 0.000000
    endloop
  endfacet
  facet normal 0.000000 0.000000 1.000000
    outer loop
      vertex 14.841270 10.000000 0.400000
      vertex 15.793651 10.000000 0.400000
      vertex 15.793651 12.553191 0.400000
    endloop
  endfacet
  facet normal 0.000000 0.000000 1.000000
    outer loop
      vertex 14.841270 10.000000 0.400000
      vertex 15.793651 12.553191 0.400000
      vertex 14.841270 12.553191 0.400000
    endloop
  endfacet
  facet normal 0.000000 -1.000000 0.000000
    outer loop
      vertex 14.841270 10.000000 0.000000
      vertex 15.793651 10.000000 0.000000
      vertex 15.793651 10.000000 0.400000
    endloop
  endfacet
  facet normal 0.000000 -1.000000 0.000000
    outer loop
      vertex 14.841270 10.000000 0.000000
      vertex 15.793651 10.000000 0.400000
      vertex 14.841270 10.000000 0.400000
    endloop
  endfacet
  facet normal 0.000000 1.000000 0.000000
    outer loop
      vertex 14.841270 12.553191 0.000000
      vertex 15.793651 12.553191 0.400000
      vertex 15.793651 12.553191 0.000000
    endloop
  endfacet
  facet normal 0.000000 1.000000 0.000000
    outer loop
      vertex 14.841270 12.553191 0.000000
      vertex 14.841270 12.553191 0.400000
      vertex 15.793651 12.553191 0.400000
    endloop
  endfacet
  facet normal -1.000000 0.000000 0.000000
    outer loop
      vertex 14.841270 10.000000 0.000000
      vertex 14.841270 10.000000 0.400000
      vertex 14.841270 12.553191 0.400000
    endloop
  endfacet
  facet normal -1.000000 0.000000 0.000000
    outer loop
      vertex 14.841270 10.000000 0.000000
      vertex 14.841270 12.553191 0.400000
      vertex 14.841270 12.553191 0.000000
    endloop
  endfacet
  facet normal 1.000000 0.000000 0.000000
    outer loop
      vertex 15.793651 10.000000 0.000000
      vertex 15.793651 12.553191 0.000000
      vertex 15.793651 12.553191 0.400000
    endloop
  endfacet
  facet normal 1.000000 0.000000 0.000000
    outer loop
      vertex 15.793651 10.000000 0.000000
      vertex 15.793651 12.553191 0.400000
      vertex 15.793651 10.000000 0.400000
    endloop
  endfacet
  facet normal 0.000000 0.000000 -1.000000
    outer loop
      vertex 23.412698 10.000000 0.000000
      vertex 24.047619 12.553191 0.000000
      vertex 24.047619 10.000000 0.000000
    endloop
  endfacet
  facet normal 0.000000 0.000000 -1.000000
    outer loop
      vertex 23.412698 10.000000 0.000000
      vertex 23.412698 12.553191 0.000000
      vertex 24.047619 12.553191 0.000000
    endloop
  endfacet
  facet normal 0.000000 0.000000 1.000000
    outer loop
      vertex 23.412698 10.000000 0.400000
      vertex 24.047619 10.000000 0.400000
      vertex 24.047619 12.553191 0.400000
    endloop
  endfacet
  facet normal 0.000000 0.000000 1.000000
    outer loop
      vertex 23.412698 10.000000 0.400000
      vertex 24.047619 12.553191 0.400000
      vertex 23.412698 12.553191 0.400000
    endloop
  endfacet
  facet normal 0.000000 -1.000000 0.000000
    outer loop
      vertex 23.412698 10.000000 0.000000
      vertex 24.047619 10.000000 0.000000
      vertex 24.047619 10.000000 0.400000
    endloop
  endfacet
  facet normal 0.000000 -1.000000 0.000000
    outer loop
      vertex 23.412698 10.000000 0.000000
      vertex 24.047619 10.000000 0.400000
      vertex 23.412698 10.000000 0.400000
    endloop
  endfacet
  facet normal 0.000000 1.000000 0.000000
    outer loop
      vertex 23.412698 12.553191 0.000000
      vertex 24.047619 12.553191 0.400000
      vertex 24.047619 12.553191 0.000000
    endloop
  endfacet
  facet normal 0.000000 1.000000 0.000000
    outer loop
      vertex 23.412698 12.553191 0.000000
      vertex 23.412698 12.553191 0.400000
      vertex 24.047619 12.553191 0.400000
    endloop
  endfacet
  facet normal -1.000000 0.000000 0.000000
    outer loop
      vertex 23.412698 10.000000 0.000000
      vertex 23.412698 10.000000 0.400000
      vertex 23.412698 12.553191 0.400000
    endloop
  endfacet
  facet normal -1.000000 0.000000 0.000000
    outer loop
      vertex 23.412698 10.000000 0.000000
      vertex 23.412698 12.553191 0.400000
      vertex 23.412698 12.553191 0.000000
    endloop
  endfacet
  facet normal 1.000000 0.000000 0.000000
    outer loop
      vertex 24.047619 10.000000 0.000000
      vertex 24.047619 12.553191 0.000000
      vertex 24.047619 12.553191 0.400000
    endloop
  endfacet
  facet normal 1.000000 0.000000 0.000000
    outer loop
      vertex 24.047619 10.000000 0.000000
      vertex 24.047619 12.553191 0.400000
      vertex 24.047619 10.000000 0.400000
    endloop
  endfacet
  facet normal 0.000000 0.000000 -1.000000
    outer loop
      vertex 26.587302 10.000000 0.000000
      vertex 27.539683 12.553191 0.000000
      vertex 27.539683 10.000000 0.000000
    endloop
  endfacet
  facet normal 0.000000 0.000000 -1.000000
    outer loop
      vertex 26.587302 10.000000 0.000000
      vertex 26.587302 12.553191 0.000000
      vertex 27.539683 12.553191 0.000000
    endloop
  endfacet
  facet normal 0.000000 0.000000 1.000000
    outer loop
      vertex 26.587302 10.000000 0.400000
      vertex 27.539683 10.000000 0.400000
      vertex 27.539683 12.553191 0.400000
    endloop
  endfacet
  facet normal 0.000000 0.000000 1.000000
    outer loop
      vertex 26.587302 10.000000 0.400000
      vertex 27.539683 12.553191 0.400000
      vertex 26.587302 12.553191 0.400000
    endloop
  endfacet
  facet normal 0.000000 -1.000000 0.000000
    outer loop
      vertex 26.587302 10.000000 0.000000
      vertex 27.539683 10.000000 0.000000
      vertex 27.539683 10.000000 0.400000
    endloop
  endfacet
  facet normal 0.000000 -1.000000 0.000000
    outer loop
      vertex 26.587302 10.000000 0.000000
      vertex 27.539683 10.000000 0.400000
      vertex 26.587302 10.000000 0.400000
    endloop
  endfacet
  facet normal 0.000000 1.000000 0.000000
    outer loop
      vertex 26.587302 12.553191 0.000000
      vertex 27.539683 12.553191 0.400000
      vertex 27.539683 12.553191 0.000000
    endloop
  endfacet
  facet normal 0.000000 1.000000 0.000000
    outer loop
      vertex 26.587302 12.553191 0.000000
      vertex 26.587302 12.553191 0.400000
      vertex 27.539683 12.553191 0.400000
    endloop
  endfacet
  facet normal -1.000000 0.000000 0.000000
    outer loop
      vertex 26.587302 10.000000 0.000000
      vertex 26.587302 10.000000 0.400000
      vertex 26.587302 12.553191 0.400000
    endloop
  endfacet
  facet normal -1.000000 0.000000 0.000000
    outer loop
      vertex 26.587302 10.000000 0.000000
      vertex 26.587302 12.553191 0.400000
      vertex 26.587302 12.553191 0.000000
    endloop
  endfacet
  facet normal 1.000000 0.000000 0.000000
    outer loop
      vertex 27.539683 10.000000 0.000000
      vertex 27.539683 12.553191 0.000000
      vertex 27.539683 12.553191 0.400000
    endloop
  endfacet
  facet normal 1.000000 0.000000 0.000000
    outer loop
      vertex 27.539683 10.000000 0.000000
      vertex 27.539683 12.553191 0.400000
      vertex 27.539683 10.000000 0.400000
    endloop
  endfacet
  facet normal 0.000000 0.000000 -1.000000
    outer loop
      vertex 32.936508 10.000000 0.000000
      vertex 33.888889 12.553191 0.000000
      vertex 33.888889 10.000000 0.000000
    endloop
  endfacet
  facet normal 0.000000 0.000000 -1.000000
    outer loop
      vertex 32.936508 10.000000 0.000000
      vertex 32.936508 12.553191 0.000000
      vertex 33.888889 12.553191 0.000000
    endloop
  endfacet
  facet normal 0.000000 0.000000 1.000000
    outer loop
      vertex 32.936508 10.000000 0.400000
      vertex 33.888889 10.000000 0.400000
      vertex 33.888889 12.553191 0.400000
    endloop
  endfacet
  facet normal 0.000000 0.000000 1.000000
    outer loop
      vertex 32.936508 10.000000 0.400000
      vertex 33.888889 12.553191 0.400000
      vertex 32.936508 12.553191 0.400000
    endloop
  endfacet
  facet normal 0.000000 -1.000000 0.000000
    outer loop
      vertex 32.936508 10.000000 0.000000
      vertex 33.888889 10.000000 0.000000
      vertex 33.888889 10.000000 0.400000
    endloop
  endfacet
  facet normal 0.000000 -1.000000 0.000000
    outer loop
      vertex 32.936508 10.000000 0.000000
      vertex 33.888889 10.000000 0.400000
      vertex 32.936508 10.000000 0.400000
    endloop
  endfacet
  facet normal 0.000000 1.000000 0.000000
    outer loop
      vertex 32.936508 12.553191 0.000000
      vertex 33.888889 12.553191 0.400000
      vertex 33.888889 12.553191 0.000000
    endloop
  endfacet
  facet normal 0.000000 1.000000 0.000000
    outer loop
      vertex 32.936508 12.553191 0.000000
      vertex 32.936508 12.553191 0.400000
      vertex 33.888889 12.553191 0.400000
    endloop
  endfacet
  facet normal -1.000000 0.000000 0.000000
    outer loop
      vertex 32.936508 10.000000 0.000000
      vertex 32.936508 10.000000 0.400000
      vertex 32.936508 12.553191 0.400000
    endloop
  endfacet
  facet normal -1.000000 0.000000 0.000000
    outer loop
      vertex 32.936508 10.000000 0.000000
      vertex 32.936508 12.553191 0.400000
      vertex 32.936508 12.553191 0.000000
    endloop
  endfacet
  facet normal 1.000000 0.000000 0.000000
    outer loop
      vertex 33.888889 10.000000 0.000000
      vertex 33.888889 12.553191 0.000000
      vertex 33.888889 12.553191 0.400000
    endloop
  endfacet
  facet normal 1.000000 0.000000 0.000000
    outer loop
      vertex 33.888889 10.000000 0.000000
      vertex 33.888889 12.553191 0.400000
      vertex 33.888889 10.000000 0.400000
    endloop
  endfacet
  facet normal 0.000000 0.000000 -1.000000
    outer loop
      vertex 36.428571 10.000000 0.000000
      vertex 37.063492 12.553191 0.000000
      vertex 37.063492 10.000000 0.000000
    endloop
  endfacet
  facet normal 0.000000 0.000000 -1.000000
    outer loop
      vertex 36.428571 10.000000 0.000000
      vertex 36.428571 12.553191 0.000000
      vertex 37.063492 12.553191 0.000000
    endloop
  endfacet
  facet normal 0.000000 0.000000 1.000000
    outer loop
      vertex 36.428571 10.000000 0.400000
      vertex 37.063492 10.000000 0.400000
      vertex 37.063492 12.553191 0.400000
    endloop
  endfacet
  facet normal 0.000000 0.000000 1.000000
    outer loop
      vertex 36.428571 10.000000 0.400000
      vertex 37.063492 12.553191 0.400000
      vertex 36.428571 12.553191 0.400000
    endloop
  endfacet
  facet normal 0.000000 -1.000000 0.000000
    outer loop
      vertex 36.428571 10.000000 0.000000
      vertex 37.063492 10.000000 0.000000
      vertex 37.063492 10.000000 0.400000
    endloop
  endfacet
  facet normal 0.000000 -1.000000 0.000000
    outer loop
      vertex 36.428571 10.000000 0.000000
      vertex 37.063492 10.000000 0.400000
      vertex 36.428571 10.000000 0.400000
    endloop
  endfacet
  facet normal 0.000000 1.000000 0.000000
    outer loop
      vertex 36.428571 12.553191 0.000000
      vertex 37.063492 12.553191 0.400000
      vertex 37.063492 12.553191 0.000000
    endloop
  endfacet
  facet normal 0.000000 1.000000 0.000000
    outer loop
      vertex 36.428571 12.553191 0.000000
      vertex 36.428571 12.553191 0.400000
      vertex 37.063492 12.553191 0.400000
    endloop
  endfacet
  facet normal -1.000000 0.000000 0.000000
    outer loop
      vertex 36.428571 10.000000 0.000000
      vertex 36.428571 10.000000 0.400000
      vertex 36.428571 12.553191 0.400000
    endloop
  endfacet
  facet normal -1.000000 0.000000 0.000000
    outer loop
      vertex 36.428571 10.000000 0.000000
      vertex 36.428571 12.553191 0.400000
      vertex 36.428571 12.553191 0.000000
    endloop
  endfacet
  facet normal 1.000000 0.000000 0.000000
    outer loop
      vertex 37.063492 10.000000 0.000000
      vertex 37.063492 12.553191 0.000000
      vertex 37.063492 12.553191 0.400000
    endloop
  endfacet
  facet normal 1.000000 0.000000 0.000000
    outer loop
      vertex 37.063492 10.000000 0.000000
      vertex 37.063492 12.553191 0.400000
      vertex 37.063492 10.000000 0.400000
    endloop
  endfacet
  facet normal 0.000000 0.000000 -1.000000
    outer loop
      vertex 12.936508 10.000000 0.000000
      vertex 14.841270 12.234043 0.000000
      vertex 14.841270 10.000000 0.000000
    endloop
  endfacet
  facet normal 0.000000 0.000000 -1.000000
    outer loop
      vertex 12.936508 10.000000 0.000000
      vertex 12.936508 12.234043 0.000000
      vertex 14.841270 12.234043 0.000000
    endloop
  endfacet
  facet normal 0.000000 0.000000 1.000000
    outer loop
      vertex 12.936508 10.000000 0.400000
      vertex 14.841270 10.000000 0.400000
      vertex 14.841270 12.234043 0.400000
    endloop
  endfacet
  facet normal 0.000000 0.000000 1.000000
    outer loop
      vertex 12.936508 10.000000 0.400000
      vertex 14.841270 12.234043 0.400000
      vertex 12.936508 12.234043 0.400000
    endloop
  endfacet
  facet normal 0.000000 -1.000000 0.000000
    outer loop
      vertex 12.936508 10.000000 0.000000
      vertex 14.841270 10.000000 0.000000
      vertex 14.841270 10.000000 0.400000
    endloop
  endfacet
  facet normal 0.000000 -1.000000 0.000000
    outer loop
      vertex 12.936508 10.000000 0.000000
      vertex 14.841270 10.000000 0.400000
      vertex 12.936508 10.000000 0.400000
    endloop
  endfacet
  facet normal 0.000000 1.000000 0.000000
    outer loop
      vertex 12.936508 12.234043 0.000000
      vertex 14.841270 12.234043 0.400000
      vertex 14.841270 12.234043 0.000000
    endloop
  endfacet
  facet normal 0.000000 1.000000 0.000000
    outer loop
      vertex 12.936508 12.234043 0.000000
      vertex 12.936508 12.234043 0.400000
      vertex 14.841270 12.234043 0.400000
    endloop
  endfacet
  facet normal -1.000000 0.000000 0.000000
    outer loop
      vertex 12.936508 10.000000 0.000000
      vertex 12.936508 10.000000 0.400000
      vertex 12.936508 12.234043 0.400000
    endloop
  endfacet
  facet normal -1.000000 0.000000 0.000000
    outer loop
      vertex 12.936508 10.000000 0.000000
      vertex 12.936508 12.234043 0.400000
      vertex 12.936508 12.234043 0.000000
    endloop
  endfacet
  facet normal 1.000000 0.000000 0.000000
    outer loop
      vertex 14.841270 10.000000 0.000000
      vertex 14.841270 12.234043 0.000000
      vertex 14.841270 12.234043 0.400000
    endloop
  endfacet
  facet normal 1.000000 0.000000 0.000000
    outer loop
      vertex 14.841270 10.000000 0.000000
      vertex 14.841270 12.234043 0.400000
      vertex 14.841270 10.000000 0.400000
    endloop
  endfacet
  facet normal 0.000000 0.000000 -1.000000
    outer loop
      vertex 16.428571 10.000000 0.000000
      vertex 18.968254 12.234043 0.000000
      vertex 18.968254 10.000000 0.000000
    endloop
  endfacet
  facet normal 0.000000 0.000000 -1.000000
    outer loop
      vertex 16.428571 10.000000 0.000000
      vertex 16.428571 12.234043 0.000000
      vertex 18.968254 12.234043 0.000000
    endloop
  endfacet
  facet normal 0.000000 0.000000 1.000000
    outer loop
      vertex 16.428571 10.000000 0.400000
      vertex 18.968254 10.000000 0.400000
      vertex 18.968254 12.234043 0.400000
    endloop
  endfacet
  facet normal 0.000000 0.000000 1.000000
    outer loop
      vertex 16.428571 10.000000 0.400000
      vertex 18.968254 12.234043 0.400000
      vertex 16.428571 12.234043 0.400000
    endloop
  endfacet
  facet normal 0.000000 -1.000000 0.000000
    outer loop
      vertex 16.428571 10.000000 0.000000
      vertex 18.968254 10.000000 0.000000
      vertex 18.968254 10.000000 0.400000
    endloop
  endfacet
  facet normal 0.000000 -1.000000 0.000000
    outer loop
      vertex 16.428571 10.000000 0.000000
      vertex 18.968254 10.000000 0.400000
      vertex 16.428571 10.000000 0.400000
    endloop
  endfacet
  facet normal 0.000000 1.000000 0.000000
    outer loop
      vertex 16.428571 12.234043 0.000000
      vertex 18.968254 12.234043 0.400000
      vertex 18.968254 12.234043 0.000000
    endloop
  endfacet
  facet normal 0.000000 1.000000 0.000000
    outer loop
      vertex 16.428571 12.234043 0.000000
      vertex 16.428571 12.234043 0.400000
      vertex 18.968254 12.234043 0.400000
    endloop
  endfacet
  facet normal -1.000000 0.000000 0.000000
    outer loop
      vertex 16.428571 10.000000 0.000000
      vertex 16.428571 10.000000 0.400000
      vertex 16.428571 12.234043 0.400000
    endloop
  endfacet
  facet normal -1.000000 0.000000 0.000000
    outer loop
      vertex 16.428571 10.000000 0.000000
      vertex 16.428571 12.234043 0.400000
      vertex 16.428571 12.234043 0.000000
    endloop
  endfacet
  facet normal 1.000000 0.000000 0.000000
    outer loop
      vertex 18.968254 10.000000 0.000000
      vertex 18.968254 12.234043 0.000000
      vertex 18.968254 12.234043 0.400000
    endloop
  endfacet
  facet normal 1.000000 0.000000 0.000000
    outer loop
      vertex 18.968254 10.000000 0.000000
      vertex 18.968254 12.234043 0.400000
      vertex 18.968254 10.000000 0.400000
    endloop
  endfacet
  facet normal 0.000000 0.000000 -1.000000
    outer loop
      vertex 24.047619 10.000000 0.000000
      vertex 26.587302 12.234043 0.000000
      vertex 26.587302 10.000000 0.000000
    endloop
  endfacet
  facet normal 0.000000 0.000000 -1.000000
    outer loop
      vertex 24.047619 10.000000 0.000000
      vertex 24.047619 12.234043 0.000000
      vertex 26.587302 12.234043 0.000000
    endloop
  endfacet
  facet normal 0.000000 0.000000 1.000000
    outer loop
      vertex 24.047619 10.000000 0.400000
      vertex 26.587302 10.000000 0.400000
      vertex 26.587302 12.234043 0.400000
    endloop
  endfacet
  facet normal 0.000000 0.000000 1.000000
    outer loop
      vertex 24.047619 10.000000 0.400000
      vertex 26.587302 12.234043 0.400000
      vertex 24.047619 12.234043 0.400000
    endloop
  endfacet
  facet normal 0.000000 -1.000000 0.000000
    outer loop
      vertex 24.047619 10.000000 0.000000
      vertex 26.587302 10.000000 0.000000
      vertex 26.587302 10.000000 0.400000
    endloop
  endfacet
  facet normal 0.000000 -1.000000 0.000000
    outer loop
      vertex 24.047619 10.000000 0.000000
      vertex 26.587302 10.000000 0.400000
      vertex 24.047619 10.000000 0.400000
    endloop
  endfacet
  facet normal 0.000000 1.000000 0.000000
    outer loop
      vertex 24.047619 12.234043 0.000000
      vertex 26.587302 12.234043 0.400000
      vertex 26.587302 12.234043 0.000000
    endloop
  endfacet
  facet normal 0.000000 1.000000 0.000000
    outer loop
      vertex 24.047619 12.234043 0.000000
      vertex 24.047619 12.234043 0.400000
      vertex 26.587302 12.234043 0.400000
    endloop
  endfacet
  facet normal -1.000000 0.000000 0.000000
    outer loop
      vertex 24.047619 10.000000 0.000000
      vertex 24.047619 10.000000 0.400000
      vertex 24.047619 12.234043 0.400000
    endloop
  endfacet
  facet normal -1.000000 0.000000 0.000000
    outer loop
      vertex 24.047619 10.000000 0.000000
      vertex 24.047619 12.234043 0.400000
      vertex 24.047619 12.234043 0.000000
    endloop
  endfacet
  facet normal 1.000000 0.000000 0.000000
    outer loop
      vertex 26.587302 10.000000 0.000000
      vertex 26.587302 12.234043 0.000000
      vertex 26.587302 12.234043 0.400000
    endloop
  endfacet
  facet normal 1.000000 0.000000 0.000000
    outer loop
      vertex 26.587302 10.000000 0.000000
      vertex 26.587302 12.234043 0.400000
      vertex 26.587302 10.000000 0.400000
    endloop
  endfacet
  facet normal 0.000000 0.000000 -1.000000
    outer loop
      vertex 33.888889 10.000000 0.000000
      vertex 36.428571 12.234043 0.000000
      vertex 36.428571 10.000000 0.000000
    endloop
  endfacet
  facet normal 0.000000 0.000000 -1.000000
    outer loop
      vertex 33.888889 10.000000 0.000000
      vertex 33.888889 12.234043 0.000000
      vertex 36.428571 12.234043 0.000000
    endloop
  endfacet
  facet normal 0.000000 0.000000 1.000000
    outer loop
      vertex 33.888889 10.000000 0.400000
      vertex 36.428571 10.000000 0.400000
      vertex 36.428571 12.234043 0.400000
    endloop
  endfacet
  facet normal 0.000000 0.000000 1.000000
    outer loop
      vertex 33.888889 10.000000 0.400000
      vertex 36.428571 12.234043 0.400000
      vertex 33.888889 12.234043 0.400000
    endloop
  endfacet
  facet normal 0.000000 -1.000000 0.000000
    outer loop
      vertex 33.888889 10.000000 0.000000
      vertex 36.428571 10.000000 0.000000
      vertex 36.428571 10.000000 0.400000
    endloop
  endfacet
  facet normal 0.000000 -1.000000 0.000000
    outer loop
      vertex 33.888889 10.000000 0.000000
      vertex 36.428571 10.000000 0.400000
      vertex 33.888889 10.000000 0.400000
    endloop
  endfacet
  facet normal 0.000000 1.000000 0.000000
    outer loop
      vertex 33.888889 12.234043 0.000000
      vertex 36.428571 12.234043 0.400000
      vertex 36.428571 12.234043 0.000000
    endloop
  endfacet
  facet normal 0.000000 1.000000 0.000000
    outer loop
      vertex 33.888889 12.234043 0.000000
      vertex 33.888889 12.234043 0.400000
      vertex 36.428571 12.234043 0.400000
    endloop
  endfacet
  facet normal -1.000000 0.000000 0.000000
    outer loop
      vertex 33.888889 10.000000 0.000000
      vertex 33.888889 10.000000 0.400000
      vertex 33.888889 12.234043 0.400000
    endloop
  endfacet
  facet normal -1.000000 0.000000 0.000000
    outer loop
      vertex 33.888889 10.000000 0.000000
      vertex 33.888889 12.234043 0.400000
      vertex 33.888889 12.234043 0.000000
    endloop
  endfacet
  facet normal 1.000000 0.000000 0.000000
    outer loop
      vertex 36.428571 10.000000 0.000000
      vertex 36.428571 12.234043 0.000000
      vertex 36.428571 12.234043 0.400000
    endloop
  endfacet
  facet normal 1.000000 0.000000 0.000000
    outer loop
      vertex 36.428571 10.000000 0.000000
      vertex 36.428571 12.234043 0.400000
      vertex 36.428571 10.000000 0.400000
    endloop
  endfacet
endsolid fv_apriltag_plate_id308_base
