solid fv_apriltag_plate_id310_base
  facet normal 0.000000 0.000000 -1.000000
    outer loop
      vertex 0.000000 0.000000 0.400000
      vertex 50.000000 50.000000 0.400000
      vertex 50.000000 0.000000 0.400000
    endloop
  endfacet
  facet normal 0.000000 0.000000 -1.000000
    outer loop
      vertex 0.000000 0.000000 0.400000
      vertex 0.000000 50.000000 0.400000
      vertex 50.000000 50.000000 0.400000
    endloop
  endfacet
  facet normal 0.000000 0.000000 1.000000
    outer loop
      vertex 0.000000 0.000000 2.000000
      vertex 50.000000 0.000000 2.000000
      vertex 50.000000 50.000000 2.000000
    endloop
  endfacet
  facet normal 0.000000 0.000000 1.000000
    outer loop
      vertex 0.000000 0.000000 2.000000
      vertex 50.000000 50.000000 2.000000
      vertex 0.000000 50.000000 2.000000
    endloop
  endfacet
  facet normal 0.000000 -1.000000 0.000000
    outer loop
      vertex 0.000000 0.000000 0.400000
      vertex 50.000000 0.000000 0.400000
      vertex 50.000000 0.000000 2.000000
    endloop
  endfacet
  facet normal 0.000000 -1.000000 0.000000
    outer loop
      vertex 0.000000 0.000000 0.400000
      vertex 50.000000 0.000000 2.000000
      vertex 0.000000 0.000000 2.000000
    endloop
  endfacet
  facet normal 0.000000 1.000000 0.000000
    outer loop
      vertex 0.000000 50.000000 0.400000
      vertex 50.000000 50.000000 2.000000
      vertex 50.000000 50.000000 0.400000
    endloop
  endfacet
  facet normal 0.000000 1.000000 0.000000
    outer loop
      vertex 0.000000 50.000000 0.400000
      vertex 0.000000 50.000000 2.000000
      vertex 50.000000 50.000000 2.000000
    endloop
  endfacet
  facet normal -1.000000 0.000000 0.000000
    outer loop
      vertex 0.000000 0.000000 0.400000
      vertex 0.000000 0.000000 2.000000
      vertex 0.000000 50.000000 2.000000
    endloop
  endfacet
  facet normal -1.000000 0.000000 0.000000
    outer loop
      vertex 0.000000 0.000000 0.400000
      vertex 0.000000 50.000000 2.000000
      vertex 0.000000 50.000000 0.400000
    endloop
  endfacet
  facet normal 1.000000 0.000000 0.000000
    outer loop
      vertex 50.000000 0.000000 0.400000
      vertex 50.000000 50.000000 0.400000
      vertex 50.000000 50.000000 2.000000
    endloop
  endfacet
  facet normal 1.000000 0.000000 0.000000
    outer loop
      vertex 50.000000 0.000000 0.400000
      vertex 50.000000 50.000000 2.000000
      vertex 50.000000 0.000000 2.000000
    endloop
  endfacet
  facet normal 0.000000 0.000000 -1.000000
    outer loop
      vertex 0.000000 0.000000 0.000000
      vertex 50.000000 10.000000 0.000000
      vertex 50.000000 0.000000 0.000000
    endloop
  endfacet
  facet normal 0.000000 0.000000 -1.000000
    outer loop
      vertex 0.000000 0.000000 0.000000
      vertex 0.000000 10.000000 0.000000
      vertex 50.000000 10.000000 0.000000
    endloop
  endfacet
  facet normal 0.000000 0.000000 1.000000
    outer loop
      vertex 0.000000 0.000000 0.400000
      vertex 50.000000 0.000000 0.400000
      vertex 50.000000 10.000000 0.400000
    endloop
  endfacet
  facet normal 0.000000 0.000000 1.000000
    outer loop
      vertex 0.000000 0.000000 0.400000
      vertex 50.000000 10.000000 0.400000
      vertex 0.000000 10.000000 0.400000
    endloop
  endfacet
  facet normal 0.000000 -1.000000 0.000000
    outer loop
      vertex 0.000000 0.000000 0.000000
      vertex 50.000000 0.000000 0.000000
      vertex 50.000000 0.000000 0.400000
    endloop
  endfacet
  facet normal 0.000000 -1.000000 0.000000
    outer loop
      vertex 0.000000 0.000000 0.000000
      vertex 50.000000 0.000000 0.400000
      vertex 0.000000 0.000000 0.400000
    endloop
  endfacet
  facet normal 0.000000 1.000000 0.000000
    outer loop
      vertex 0.000000 10.000000 0.000000
      vertex 50.000000 10.000000 0.400000
      vertex 50.000000 10.000000 0.000000
    endloop
  endfacet
  facet normal 0.000000 1.000000 0.000000
    outer loop
      vertex 0.000000 10.000000 0.000000
      vertex 0.000000 10.000000 0.400000
      vertex 50.000000 10.000000 0.400000
    endloop
  endfacet
  facet normal -1.000000 0.000000 0.000000
    outer loop
      vertex 0.000000 0.000000 0.000000
      vertex 0.000000 0.000000 0.400000
      vertex 0.000000 10.000000 0.400000
    endloop
  endfacet
  facet normal -1.000000 0.000000 0.000000
    outer loop
      vertex 0.000000 0.000000 0.000000
      vertex 0.000000 10.000000 0.400000
      vertex 0.000000 10.000000 0.000000
    endloop
  endfacet
  facet normal 1.000000 0.000000 0.000000
    outer loop
      vertex 50.000000 0.000000 0.000000
      vertex 50.000000 10.000000 0.000000
      vertex 50.000000 10.000000 0.400000
    endloop
  endfacet
  facet normal 1.000000 0.000000 0.000000
    outer loop
      vertex 50.000000 0.000000 0.000000
      vertex 50.000000 10.000000 0.400000
      vertex 50.000000 0.000000 0.400000
    endloop
  endfacet
  facet normal 0.000000 0.000000 -1.000000
    outer loop
      vertex 0.000000 40.000000 0.000000
      vertex 50.000000 50.000000 0.000000
      vertex 50.000000 40.000000 0.000000
    endloop
  endfacet
  facet normal 0.000000 0.000000 -1.000000
    outer loop
      vertex 0.000000 40.000000 0.000000
      vertex 0.000000 50.000000 0.000000
      vertex 50.000000 50.000000 0.000000
    endloop
  endfacet
  facet normal 0.000000 0.000000 1.000000
    outer loop
      vertex 0.000000 40.000000 0.400000
      vertex 50.000000 40.000000 0.400000
      vertex 50.000000 50.000000 0.400000
    endloop
  endfacet
  facet normal 0.000000 0.000000 1.000000
    outer loop
      vertex 0.000000 40.000000 0.400000
      vertex 50.000000 50.000000 0.400000
      vertex 0.000000 50.000000 0.400000
    endloop
  endfacet
  facet normal 0.000000 -1.000000 0.000000
    outer loop
      vertex 0.000000 40.000000 0.000000
      vertex 50.000000 40.000000 0.000000
      vertex 50.000000 40.000000 0.400000
    endloop
  endfacet
  facet normal 0.000000 -1.000000 0.000000
    outer loop
      vertex 0.000000 40.000000 0.000000
      vertex 50.000000 40.000000 0.400000
      vertex 0.000000 40.000000 0.400000
    endloop
  endfacet
  facet normal 0.000000 1.000000 0.000000
    outer loop
      vertex 0.000000 50.000000 0.000000
      vertex 50.000000 50.000000 0.400000
      vertex 50.000000 50.000000 0.000000
    endloop
  endfacet
  facet normal 0.000000 1.000000 0.000000
    outer loop
      vertex 0.000000 50.000000 0.000000
      vertex 0.000000 50.000000 0.400000
      vertex 50.000000 50.000000 0.400000
    endloop
  endfacet
  facet normal -1.000000 0.000000 0.000000
    outer loop
      vertex 0.000000 40.000000 0.000000
      vertex 0.000000 40.000000 0.400000
      vertex 0.000000 50.000000 0.400000
    endloop
  endfacet
  facet normal -1.000000 0.000000 0.000000
    outer loop
      vertex 0.000000 40.000000 0.000000
      vertex 0.000000 50.000000 0.400000
      vertex 0.000000 50.000000 0.000000
    endloop
  endfacet
  facet normal 1.000000 0.000000 0.000000
    outer loop
      vertex 50.000000 40.000000 0.000000
      vertex 50.000000 50.000000 0.000000
      vertex 50.000000 50.000000 0.400000
    endloop
  endfacet
  facet normal 1.000000 0.000000 0.000000
    outer loop
      vertex 50.000000 40.000000 0.000000
      vertex 50.000000 50.000000 0.400000
      vertex 50.000000 40.000000 0.400000
    endloop
  endfacet
  facet normal 0.000000 0.000000 -1.000000
    outer loop
      vertex 0.000000 10.000000 0.000000
      vertex 5.000000 40.000000 0.000000
      vertex 5.000000 10.000000 0.000000
    endloop
  endfacet
  facet normal 0.000000 0.000000 -1.000000
    outer loop
      vertex 0.000000 10.000000 0.000000
      vertex 0.000000 40.000000 0.000000
      vertex 5.000000 40.000000 0.000000
    endloop
  endfacet
  facet normal 0.000000 0.000000 1.000000
    outer loop
      vertex 0.000000 10.000000 0.400000
      vertex 5.000000 10.000000 0.400000
      vertex 5.000000 40.000000 0.400000
    endloop
  endfacet
  facet normal 0.000000 0.000000 1.000000
    outer loop
      vertex 0.000000 10.000000 0.400000
      vertex 5.000000 40.000000 0.400000
      vertex 0.000000 40.000000 0.400000
    endloop
  endfacet
  facet normal 0.000000 -1.000000 0.000000
    outer loop
      vertex 0.000000 10.000000 0.000000
      vertex 5.000000 10.000000 0.000000
      vertex 5.000000 10.000000 0.400000
    endloop
  endfacet
  facet normal 0.000000 -1.000000 0.000000
    outer loop
      vertex 0.000000 10.000000 0.000000
      vertex 5.000000 10.000000 0.400000
      vertex 0.000000 10.000000 0.400000
    endloop
  endfacet
  facet normal 0.000000 1.000000 0.000000
    outer loop
      vertex 0.000000 40.000000 0.000000
      vertex 5.000000 40.000000 0.400000
      vertex 5.000000 40.000000 0.000000
    endloop
  endfacet
  facet normal 0.000000 1.000000 0.000000
    outer loop
      vertex 0.000000 40.000000 0.000000
      vertex 0.000000 40.000000 0.400000
      vertex 5.000000 40.000000 0.400000
    endloop
  endfacet
  facet normal -1.000000 0.000000 0.000000
    outer loop
      vertex 0.000000 10.000000 0.000000
      vertex 0.000000 10.000000 0.400000
      vertex 0.000000 40.000000 0.400000
    endloop
  endfacet
  facet normal -1.000000 0.000000 0.000000
    outer loop
      vertex 0.000000 10.000000 0.000000
      vertex 0.000000 40.000000 0.400000
      vertex 0.000000 40.000000 0.000000
    endloop
  endfacet
  facet normal 1.000000 0.000000 0.000000
    outer loop
      vertex 5.000000 10.000000 0.000000
      vertex 5.000000 40.000000 0.000000
      vertex 5.000000 40.000000 0.400000
    endloop
  endfacet
  facet normal 1.000000 0.000000 0.000000
    outer loop
      vertex 5.000000 10.000000 0.000000
      vertex 5.000000 40.000000 0.400000
      vertex 5.000000 10.000000 0.400000
    endloop
  endfacet
  facet normal 0.000000 0.000000 -1.000000
    outer loop
      vertex 45.000000 10.000000 0.000000
      vertex 50.000000 40.000000 0.000000
      vertex 50.000000 10.000000 0.000000
    endloop
  endfacet
  facet normal 0.000000 0.000000 -1.000000
    outer loop
      vertex 45.000000 10.000000 0.000000
      vertex 45.000000 40.000000 0.000000
      vertex 50.000000 40.000000 0.000000
    endloop
  endfacet
  facet normal 0.000000 0.000000 1.000000
    outer loop
      vertex 45.000000 10.000000 0.400000
      vertex 50.000000 10.000000 0.400000
      vertex 50.000000 40.000000 0.400000
    endloop
  endfacet
  facet normal 0.000000 0.000000 1.000000
    outer loop
      vertex 45.000000 10.000000 0.400000
      vertex 50.000000 40.000000 0.400000
      vertex 45.000000 40.000000 0.400000
    endloop
  endfacet
  facet normal 0.000000 -1.000000 0.000000
    outer loop
      vertex 45.000000 10.000000 0.000000
      vertex 50.000000 10.000000 0.000000
      vertex 50.000000 10.000000 0.400000
    endloop
  endfacet
  facet normal 0.000000 -1.000000 0.000000
    outer loop
      vertex 45.000000 10.000000 0.000000
      vertex 50.000000 10.000000 0.400000
      vertex 45.000000 10.000000 0.400000
    endloop
  endfacet
  facet normal 0.000000 1.000000 0.000000
    outer loop
      vertex 45.000000 40.000000 0.000000
      vertex 50.000000 40.000000 0.400000
      vertex 50.000000 40.000000 0.000000
    endloop
  endfacet
  facet normal 0.000000 1.000000 0.000000
    outer loop
      vertex 45.000000 40.000000 0.000000
      vertex 45.000000 40.000000 0.400000
      vertex 50.000000 40.000000 0.400000
    endloop
  endfacet
  facet normal -1.000000 0.000000 0.000000
    outer loop
      vertex 45.000000 10.000000 0.000000
      vertex 45.000000 10.000000 0.400000
      vertex 45.000000 40.000000 0.400000
    endloop
  endfacet
  facet normal -1.000000 0.000000 0.000000
    outer loop
      vertex 45.000000 10.000000 0.000000
      vertex 45.000000 40.000000 0.400000
      vertex 45.000000 40.000000 0.000000
    endloop
  endfacet
  facet normal 1.000000 0.000000 0.000000
    outer loop
      vertex 50.000000 10.000000 0.000000
      vertex 50.000000 40.000000 0.000000
      vertex 50.000000 40.000000 0.400000
    endloop
  endfacet
  facet normal 1.000000 0.000000 0.000000
    outer loop
      vertex 50.000000 10.000000 0.000000
      vertex 50.000000 40.000000 0.400000
      vertex 50.000000 10.000000 0.400000
    endloop
  endfacet
  facet normal 0.000000 0.000000 -1.000000
    outer loop
      vertex 5.000000 37.765957 0.000000
      vertex 45.000000 40.000000 0.000000
      vertex 45.000000 37.765957 0.000000
    endloop
  endfacet
  facet normal 0.000000 0.000000 -1.000000
    outer loop
      vertex 5.000000 37.765957 0.000000
      vertex 5.000000 40.000000 0.000000
      vertex 45.000000 40.000000 0.000000
    endloop
  endfacet
  facet normal 0.000000 0.000000 1.000000
    outer loop
      vertex 5.000000 37.765957 0.400000
      vertex 45.000000 37.765957 0.400000
      vertex 45.000000 40.000000 0.400000
    endloop
  endfacet
  facet normal 0.000000 0.000000 1.000000
    outer loop
      vertex 5.000000 37.765957 0.400000
      vertex 45.000000 40.000000 0.400000
      vertex 5.000000 40.000000 0.400000
    endloop
  endfacet
  facet normal 0.000000 -1.000000 0.000000
    outer loop
      vertex 5.000000 37.765957 0.000000
      vertex 45.000000 37.765957 0.000000
      vertex 45.000000 37.765957 0.400000
    endloop
  endfacet
  facet normal 0.000000 -1.000000 0.000000
    outer loop
      vertex 5.000000 37.765957 0.000000
      vertex 45.000000 37.765957 0.400000
      vertex 5.000000 37.765957 0.400000
    endloop
  endfacet
  facet normal 0.000000 1.000000 0.000000
    outer loop
      vertex 5.000000 40.000000 0.000000
      vertex 45.000000 40.000000 0.400000
      vertex 45.000000 40.000000 0.000000
    endloop
  endfacet
  facet normal 0.000000 1.000000 0.000000
    outer loop
      vertex 5.000000 40.000000 0.000000
      vertex 5.000000 40.000000 0.400000
      vertex 45.000000 40.000000 0.400000
    endloop
  endfacet
  facet normal -1.000000 0.000000 0.000000
    outer loop
      vertex 5.000000 37.765957 0.000000
      vertex 5.000000 37.765957 0.400000
      vertex 5.000000 40.000000 0.400000
    endloop
  endfacet
  facet normal -1.000000 0.000000 0.000000
    outer loop
      vertex 5.000000 37.765957 0.000000
      vertex 5.000000 40.000000 0.400000
      vertex 5.000000 40.000000 0.000000
    endloop
  endfacet
  facet normal 1.000000 0.000000 0.000000
    outer loop
      vertex 45.000000 37.765957 0.000000
      vertex 45.000000 40.000000 0.000000
      vertex 45.000000 40.000000 0.400000
    endloop
  endfacet
  facet normal 1.000000 0.000000 0.000000
    outer loop
      vertex 45.000000 37.765957 0.000000
      vertex 45.000000 40.000000 0.400000
      vertex 45.000000 37.765957 0.400000
    endloop
  endfacet
  facet normal 0.000000 0.000000 -1.000000
    outer loop
      vertex 5.000000 10.000000 0.000000
      vertex 6.269841 37.765957 0.000000
      vertex 6.269841 10.000000 0.000000
    endloop
  endfacet
  facet normal 0.000000 0.000000 -1.000000
    outer loop
      vertex 5.000000 10.000000 0.000000
      vertex 5.000000 37.765957 0.000000
      vertex 6.269841 37.765957 0.000000
    endloop
  endfacet
  facet normal 0.000000 0.000000 1.000000
    outer loop
      vertex 5.000000 10.000000 0.400000
      vertex 6.269841 10.000000 0.400000
      vertex 6.269841 37.765957 0.400000
    endloop
  endfacet
  facet normal 0.000000 0.000000 1.000000
    outer loop
      vertex 5.000000 10.000000 0.400000
      vertex 6.269841 37.765957 0.400000
      vertex 5.000000 37.765957 0.400000
    endloop
  endfacet
  facet normal 0.000000 -1.000000 0.000000
    outer loop
      vertex 5.000000 10.000000 0.000000
      vertex 6.269841 10.000000 0.000000
      vertex 6.269841 10.000000 0.400000
    endloop
  endfacet
  facet normal 0.000000 -1.000000 0.000000
    outer loop
      vertex 5.000000 10.000000 0.000000
      vertex 6.269841 10.000000 0.400000
      vertex 5.000000 10.000000 0.400000
    endloop
  endfacet
  facet normal 0.000000 1.000000 0.000000
    outer loop
      vertex 5.000000 37.765957 0.000000
      vertex 6.269841 37.765957 0.400000
      vertex 6.269841 37.765957 0.000000
    endloop
  endfacet
  facet normal 0.000000 1.000000 0.000000
    outer loop
      vertex 5.000000 37.765957 0.000000
      vertex 5.000000 37.765957 0.400000
      vertex 6.269841 37.765957 0.400000
    endloop
  endfacet
  facet normal -1.000000 0.000000 0.000000
    outer loop
      vertex 5.000000 10.000000 0.000000
      vertex 5.000000 10.000000 0.400000
      vertex 5.000000 37.765957 0.400000
    endloop
  endfacet
  facet normal -1.000000 0.000000 0.000000
    outer loop
      vertex 5.000000 10.000000 0.000000
      vertex 5.000000 37.765957 0.400000
      vertex 5.000000 37.765957 0.000000
    endloop
  endfacet
  facet normal 1.000000 0.000000 0.000000
    outer loop
      vertex 6.269841 10.000000 0.000000
      vertex 6.269841 37.765957 0.000000
      vertex 6.269841 37.765957 0.400000
    endloop
  endfacet
  facet normal 1.000000 0.000000 0.000000
    outer loop
      vertex 6.269841 10.000000 0.000000
      vertex 6.269841 37.765957 0.400000
      vertex 6.269841 10.000000 0.400000
    endloop
  endfacet
  facet normal 0.000000 0.000000 -1.000000
    outer loop
      vertex 15.793651 23.085106 0.000000
      vertex 17.063492 37.765957 0.000000
      vertex 17.063492 23.085106 0.000000
    endloop
  endfacet
  facet normal 0.000000 0.000000 -1.000000
    outer loop
      vertex 15.793651 23.085106 0.000000
      vertex 15.793651 37.765957 0.000000
      vertex 17.063492 37.765957 0.000000
    endloop
  endfacet
  facet normal 0.000000 0.000000 1.000000
    outer loop
      vertex 15.793651 23.085106 0.400000
      vertex 17.063492 23.085106 0.400000
      vertex 17.063492 37.765957 0.400000
    endloop
  endfacet
  facet normal 0.000000 0.000000 1.000000
    outer loop
      vertex 15.793651 23.085106 0.400000
      vertex 17.063492 37.765957 0.400000
      vertex 15.793651 37.765957 0.400000
    endloop
  endfacet
  facet normal 0.000000 -1.000000 0.000000
    outer loop
      vertex 15.793651 23.085106 0.000000
      vertex 17.063492 23.085106 0.000000
      vertex 17.063492 23.085106 0.400000
    endloop
  endfacet
  facet normal 0.000000 -1.000000 0.000000
    outer loop
      vertex 15.793651 23.085106 0.000000
      vertex 17.063492 23.085106 0.400000
      vertex 15.793651 23.085106 0.400000
    endloop
  endfacet
  facet normal 0.000000 1.000000 0.000000
    outer loop
      vertex 15.793651 37.765957 0.000000
      vertex 17.063492 37.765957 0.400000
      vertex 17.063492 37.765957 0.000000
    endloop
  endfacet
  facet normal 0.000000 1.000000 0.000000
    outer loop
      vertex 15.793651 37.765957 0.000000
      vertex 15.793651 37.765957 0.400000
      vertex 17.063492 37.765957 0.400000
    endloop
  endfacet
  facet normal -1.000000 0.000000 0.000000
    outer loop
      vertex 15.793651 23.085106 0.000000
      vertex 15.793651 23.085106 0.400000
      vertex 15.793651 37.765957 0.400000
    endloop
  endfacet
  facet normal -1.000000 0.000000 0.000000
    outer loop
      vertex 15.793651 23.085106 0.000000
      vertex 15.793651 37.765957 0.400000
      vertex 15.793651 37.765957 0.000000
    endloop
  endfacet
  facet normal 1.000000 0.000000 0.000000
    outer loop
      vertex 17.063492 23.085106 0.000000
      vertex 17.063492 37.765957 0.000000
      vertex 17.063492 37.765957 0.400000
    endloop
  endfacet
  facet normal 1.000000 0.000000 0.000000
    outer loop
      vertex 17.063492 23.085106 0.000000
      vertex 17.063492 37.765957 0.400000
      vertex 17.063492 23.085106 0.400000
    endloop
  endfacet
  facet normal 0.000000 0.000000 -1.000000
    outer loop
      vertex 24.365079 23.085106 0.000000
      vertex 26.587302 37.765957 0.000000
      vertex 26.587302 23.085106 0.000000
    endloop
  endfacet
  facet normal 0.000000 0.000000 -1.000000
    outer loop
      vertex 24.365079 23.085106 0.000000
      vertex 24.365079 37.765957 0.000000
      vertex 26.587302 37.765957 0.000000
    endloop
  endfacet
  facet normal 0.000000 0.000000 1.000000
    outer loop
      vertex 24.365079 23.085106 0.400000
      vertex 26.587302 23.085106 0.400000
      vertex 26.587302 37.765957 0.400000
    endloop
  endfacet
  facet normal 0.000000 0.000000 1.000000
    outer loop
      vertex 24.365079 23.085106 0.400000
      vertex 26.587302 37.765957 0.400000
      vertex 24.365079 37.765957 0.400000
    endloop
  endfacet
  facet normal 0.000000 -1.000000 0.000000
    outer loop
      vertex 24.365079 23.085106 0.000000
      vertex 26.587302 23.085106 0.000000
      vertex 26.587302 23.085106 0.400000
    endloop
  endfacet
  facet normal 0.000000 -1.000000 0.000000
    outer loop
      vertex 24.365079 23.085106 0.000000
      vertex 26.587302 23.085106 0.400000
      vertex 24.365079 23.085106 0.400000
    endloop
  endfacet
  facet normal 0.000000 1.000000 0.000000
    outer loop
      vertex 24.365079 37.765957 0.000000
      vertex 26.587302 37.765957 0.400000
      vertex 26.587302 37.765957 0.000000
    endloop
  endfacet
  facet normal 0.000000 1.000000 0.000000
    outer loop
      vertex 24.365079 37.765957 0.000000
      vertex 24.365079 37.765957 0.400000
      vertex 26.587302 37.765957 0.400000
    endloop
  endfacet
  facet normal -1.000000 0.000000 0.000000
    outer loop
      vertex 24.365079 23.085106 0.000000
      vertex 24.365079 23.085106 0.400000
      vertex 24.365079 37.765957 0.400000
    endloop
  endfacet
  facet normal -1.000000 0.000000 0.000000
    outer loop
      vertex 24.365079 23.085106 0.000000
      vertex 24.365079 37.765957 0.400000
      vertex 24.365079 37.765957 0.000000
    endloop
  endfacet
  facet normal 1.000000 0.000000 0.000000
    outer loop
      vertex 26.587302 23.085106 0.000000
      vertex 26.587302 37.765957 0.000000
      vertex 26.587302 37.765957 0.400000
    endloop
  endfacet
  facet normal 1.000000 0.000000 0.000000
    outer loop
      vertex 26.587302 23.085106 0.000000
      vertex 26.587302 37.765957 0.400000
      vertex 26.587302 23.085106 0.400000
    endloop
  endfacet
  facet normal 0.000000 0.000000 -1.000000
    outer loop
      vertex 33.888889 29.148936 0.000000
      vertex 40.238095 37.765957 0.000000
      vertex 40.238095 29.148936 0.000000
    endloop
  endfacet
  facet normal 0.000000 0.000000 -1.000000
    outer loop
      vertex 33.888889 29.148936 0.000000
      vertex 33.888889 37.765957 0.000000
      vertex 40.238095 37.765957 0.000000
    endloop
  endfacet
  facet normal 0.000000 0.000000 1.000000
    outer loop
      vertex 33.888889 29.148936 0.400000
      vertex 40.238095 29.148936 0.400000
      vertex 40.238095 37.765957 0.400000
    endloop
  endfacet
  facet normal 0.000000 0.000000 1.000000
    outer loop
      vertex 33.888889 29.148936 0.400000
      vertex 40.238095 37.765957 0.400000
      vertex 33.888889 37.765957 0.400000
    endloop
  endfacet
  facet normal 0.000000 -1.000000 0.000000
    outer loop
      vertex 33.888889 29.148936 0.000000
      vertex 40.238095 29.148936 0.000000
      vertex 40.238095 29.148936 0.400000
    endloop
  endfacet
  facet normal 0.000000 -1.000000 0.000000
    outer loop
      vertex 33.888889 29.148936 0.000000
      vertex 40.238095 29.148936 0.400000
      vertex 33.888889 29.148936 0.400000
    endloop
  endfacet
  facet normal 0.000000 1.000000 0.000000
    outer loop
      vertex 33.888889 37.765957 0.000000
      vertex 40.238095 37.765957 0.400000
      vertex 40.238095 37.765957 0.000000
    endloop
  endfacet
  facet normal 0.000000 1.000000 0.000000
    outer loop
      vertex 33.888889 37.765957 0.000000
      vertex 33.888889 37.765957 0.400000
      vertex 40.238095 37.765957 0.400000
    endloop
  endfacet
  facet normal -1.000000 0.000000 0.000000
    outer loop
      vertex 33.888889 29.148936 0.000000
      vertex 33.888889 29.148936 0.400000
      vertex 33.888889 37.765957 0.400000
    endloop
  endfacet
  facet normal -1.000000 0.000000 0.000000
    outer loop
      vertex 33.888889 29.148936 0.000000
      vertex 33.888889 37.765957 0.400000
      vertex 33.888889 37.765957 0.000000
    endloop
  endfacet
  facet normal 1.000000 0.000000 0.000000
    outer loop
      vertex 40.238095 29.148936 0.000000
      vertex 40.238095 37.765957 0.000000
      vertex 40.238095 37.765957 0.400000
    endloop
  endfacet
  facet normal 1.000000 0.000000 0.000000
    outer loop
      vertex 40.238095 29.148936 0.000000
      vertex 40.238095 37.765957 0.400000
      vertex 40.238095 29.148936 0.400000
    endloop
  endfacet
  facet normal 0.000000 0.000000 -1.000000
    outer loop
      vertex 43.095238 10.000000 0.000000
      vertex 45.000000 37.765957 0.000000
      vertex 45.000000 10.000000 0.000000
    endloop
  endfacet
  facet normal 0.000000 0.000000 -1.000000
    outer loop
      vertex 43.095238 10.000000 0.000000
      vertex 43.095238 37.765957 0.000000
      vertex 45.000000 37.765957 0.000000
    endloop
  endfacet
  facet normal 0.000000 0.000000 1.000000
    outer loop
      vertex 43.095238 10.000000 0.400000
      vertex 45.000000 10.000000 0.400000
      vertex 45.000000 37.765957 0.400000
    endloop
  endfacet
  facet normal 0.000000 0.000000 1.000000
    outer loop
      vertex 43.095238 10.000000 0.400000
      vertex 45.000000 37.765957 0.400000
      vertex 43.095238 37.765957 0.400000
    endloop
  endfacet
  facet normal 0.000000 -1.000000 0.000000
    outer loop
      vertex 43.095238 10.000000 0.000000
      vertex 45.000000 10.000000 0.000000
      vertex 45.000000 10.000000 0.400000
    endloop
  endfacet
  facet normal 0.000000 -1.000000 0.000000
    outer loop
      vertex 43.095238 10.000000 0.000000
      vertex 45.000000 10.000000 0.400000
      vertex 43.095238 10.000000 0.400000
    endloop
  endfacet
  facet normal 0.000000 1.000000 0.000000
    outer loop
      vertex 43.095238 37.765957 0.000000
      vertex 45.000000 37.765957 0.400000
      vertex 45.000000 37.765957 0.000000
    endloop
  endfacet
  facet normal 0.000000 1.000000 0.000000
    outer loop
      vertex 43.095238 37.765957 0.000000
      vertex 43.095238 37.765957 0.400000
      vertex 45.000000 37.765957 0.400000
    endloop
  endfacet
  facet normal -1.000000 0.000000 0.000000
    outer loop
      vertex 43.095238 10.000000 0.000000
      vertex 43.095238 10.000000 0.400000
      vertex 43.095238 37.765957 0.400000
    endloop
  endfacet
  facet normal -1.000000 0.000000 0.000000
    outer loop
      vertex 43.095238 10.000000 0.000000
      vertex 43.095238 37.765957 0.400000
      vertex 43.095238 37.765957 0.000000
    endloop
  endfacet
  facet normal 1.000000 0.000000 0.000000
    outer loop
      vertex 45.000000 10.000000 0.000000
      vertex 45.000000 37.765957 0.000000
      vertex 45.000000 37.765957 0.400000
    endloop
  endfacet
  facet normal 1.000000 0.000000 0.000000
    outer loop
      vertex 45.000000 10.000000 0.000000
      vertex 45.000000 37.765957 0.400000
      vertex 45.000000 10.000000 0.400000
    endloop
  endfacet
  facet normal 0.000000 0.000000 -1.000000
    outer loop
      vertex 6.269841 10.000000 0.000000
      vertex 9.444444 35.851064 0.000000
      vertex 9.444444 10.000000 0.000000
    endloop
  endfacet
  facet normal 0.000000 0.000000 -1.000000
    outer loop
      vertex 6.269841 10.000000 0.000000
      vertex 6.269841 35.851064 0.000000
      vertex 9.444444 35.851064 0.000000
    endloop
  endfacet
  facet normal 0.000000 0.000000 1.000000
    outer loop
      vertex 6.269841 10.000000 0.400000
      vertex 9.444444 10.000000 0.400000
      vertex 9.444444 35.851064 0.400000
    endloop
  endfacet
  facet normal 0.000000 0.000000 1.000000
    outer loop
      vertex 6.269841 10.000000 0.400000
      vertex 9.444444 35.851064 0.400000
      vertex 6.269841 35.851064 0.400000
    endloop
  endfacet
  facet normal 0.000000 -1.000000 0.000000
    outer loop
      vertex 6.269841 10.000000 0.000000
      vertex 9.444444 10.000000 0.000000
      vertex 9.444444 10.000000 0.400000
    endloop
  endfacet
  facet normal 0.000000 -1.000000 0.000000
    outer loop
      vertex 6.269841 10.000000 0.000000
      vertex 9.444444 10.000000 0.400000
      vertex 6.269841 10.000000 0.400000
    endloop
  endfacet
  facet normal 0.000000 1.000000 0.000000
    outer loop
      vertex 6.269841 35.851064 0.000000
      vertex 9.444444 35.851064 0.400000
      vertex 9.444444 35.851064 0.000000
    endloop
  endfacet
  facet normal 0.000000 1.000000 0.000000
    outer loop
      vertex 6.269841 35.851064 0.000000
      vertex 6.269841 35.851064 0.400000
      vertex 9.444444 35.851064 0.400000
    endloop
  endfacet
  facet normal -1.000000 0.000000 0.000000
    outer loop
      vertex 6.269841 10.000000 0.000000
      vertex 6.269841 10.000000 0.400000
      vertex 6.269841 35.851064 0.400000
    endloop
  endfacet
  facet normal -1.000000 0.000000 0.000000
    outer loop
      vertex 6.269841 10.000000 0.000000
      vertex 6.269841 35.851064 0.400000
      vertex 6.269841 35.851064 0.000000
    endloop
  endfacet
  facet normal 1.000000 0.000000 0.000000
    outer loop
      vertex 9.444444 10.000000 0.000000
      vertex 9.444444 35.851064 0.000000
      vertex 9.444444 35.851064 0.400000
    endloop
  endfacet
  facet normal 1.000000 0.000000 0.000000
    outer loop
      vertex 9.444444 10.000000 0.000000
      vertex 9.444444 35.851064 0.400000
      vertex 9.444444 10.000000 0.400000
    endloop
  endfacet
  facet normal 0.000000 0.000000 -1.000000
    outer loop
      vertex 12.301587 20.531915 0.000000
      vertex 15.793651 35.851064 0.000000
      vertex 15.793651 20.531915 0.000000
    endloop
  endfacet
  facet normal 0.000000 0.000000 -1.000000
    outer loop
      vertex 12.301587 20.531915 0.000000
      vertex 12.301587 35.851064 0.000000
      vertex 15.793651 35.851064 0.000000
    endloop
  endfacet
  facet normal 0.000000 0.000000 1.000000
    outer loop
      vertex 12.301587 20.531915 0.400000
      vertex 15.793651 20.531915 0.400000
      vertex 15.793651 35.851064 0.400000
    endloop
  endfacet
  facet normal 0.000000 0.000000 1.000000
    outer loop
      vertex 12.301587 20.531915 0.400000
      vertex 15.793651 35.851064 0.400000
      vertex 12.301587 35.851064 0.400000
    endloop
  endfacet
  facet normal 0.000000 -1.000000 0.000000
    outer loop
      vertex 12.301587 20.531915 0.000000
      vertex 15.793651 20.531915 0.000000
      vertex 15.793651 20.531915 0.400000
    endloop
  endfacet
  facet normal 0.000000 -1.000000 0.000000
    outer loop
      vertex 12.301587 20.531915 0.000000
      vertex 15.793651 20.531915 0.400000
      vertex 12.301587 20.531915 0.400000
    endloop
  endfacet
  facet normal 0.000000 1.000000 0.000000
    outer loop
      vertex 12.301587 35.851064 0.000000
      vertex 15.793651 35.851064 0.400000
      vertex 15.793651 35.851064 0.000000
    endloop
  endfacet
  facet normal 0.000000 1.000000 0.000000
    outer loop
      vertex 12.301587 35.851064 0.000000
      vertex 12.301587 35.851064 0.400000
      vertex 15.793651 35.851064 0.400000
    endloop
  endfacet
  facet normal -1.000000 0.000000 0.000000
    outer loop
      vertex 12.301587 20.531915 0.000000
      vertex 12.301587 20.531915 0.400000
      vertex 12.301587 35.851064 0.400000
    endloop
  endfacet
  facet normal -1.000000 0.000000 0.000000
    outer loop
      vertex 12.301587 20.531915 0.000000
      vertex 12.301587 35.851064 0.400000
      vertex 12.301587 35.851064 0.000000
    endloop
  endfacet
  facet normal 1.000000 0.000000 0.000000
    outer loop
      vertex 15.793651 20.531915 0.000000
      vertex 15.793651 35.851064 0.000000
      vertex 15.793651 35.851064 0.400000
    endloop
  endfacet
  facet normal 1.000000 0.000000 0.000000
    outer loop
      vertex 15.793651 20.531915 0.000000
      vertex 15.793651 35.851064 0.400000
      vertex 15.793651 20.531915 0.400000
    endloop
  endfacet
  facet normal 0.000000 0.000000 -1.000000
    outer loop
      vertex 17.063492 33.617021 0.000000
      vertex 21.507937 35.851064 0.000000
      vertex 21.507937 33.617021 0.000000
    endloop
  endfacet
  facet normal 0.000000 0.000000 -1.000000
    outer loop
      vertex 17.063492 33.617021 0.000000
      vertex 17.063492 35.851064 0.000000
      vertex 21.507937 35.851064 0.000000
    endloop
  endfacet
  facet normal 0.000000 0.000000 1.000000
    outer loop
      vertex 17.063492 33.617021 0.400000
      vertex 21.507937 33.617021 0.400000
      vertex 21.507937 35.851064 0.400000
    endloop
  endfacet
  facet normal 0.000000 0.000000 1.000000
    outer loop
      vertex 17.063492 33.617021 0.400000
      vertex 21.507937 35.851064 0.400000
      vertex 17.063492 35.851064 0.400000
    endloop
  endfacet
  facet normal 0.000000 -1.000000 0.000000
    outer loop
      vertex 17.063492 33.617021 0.000000
      vertex 21.507937 33.617021 0.000000
      vertex 21.507937 33.617021 0.400000
    endloop
  endfacet
  facet normal 0.000000 -1.000000 0.000000
    outer loop
      vertex 17.063492 33.617021 0.000000
      vertex 21.507937 33.617021 0.400000
      vertex 17.063492 33.617021 0.400000
    endloop
  endfacet
  facet normal 0.000000 1.000000 0.000000
    outer loop
      vertex 17.063492 35.851064 0.000000
      vertex 21.507937 35.851064 0.400000
      vertex 21.507937 35.851064 0.000000
    endloop
  endfacet
  facet normal 0.000000 1.000000 0.000000
    outer loop
      vertex 17.063492 35.851064 0.000000
      vertex 17.063492 35.851064 0.400000
      vertex 21.507937 35.851064 0.400000
    endloop
  endfacet
  facet normal -1.000000 0.000000 0.000000
    outer loop
      vertex 17.063492 33.617021 0.000000
      vertex 17.063492 33.617021 0.400000
      vertex 17.063492 35.851064 0.400000
    endloop
  endfacet
  facet normal -1.000000 0.000000 0.000000
    outer loop
      vertex 17.063492 33.617021 0.000000
      vertex 17.063492 35.851064 0.400000
      vertex 17.063492 35.851064 0.000000
    endloop
  endfacet
  facet normal 1.000000 0.000000 0.000000
    outer loop
      vertex 21.507937 33.617021 0.000000
      vertex 21.507937 35.851064 0.000000
      vertex 21.507937 35.851064 0.400000
    endloop
  endfacet
  facet normal 1.000000 0.000000 0.000000
    outer loop
      vertex 21.507937 33.617021 0.000000
      vertex 21.507937 35.851064 0.400000
      vertex 21.507937 33.617021 0.400000
    endloop
  endfacet
  facet normal 0.000000 0.000000 -1.000000
    outer loop
      vertex 26.587302 33.617021 0.000000
      vertex 31.031746 35.851064 0.000000
      vertex 31.031746 33.617021 0.000000
    endloop
  endfacet
  facet normal 0.000000 0.000000 -1.000000
    outer loop
      vertex 26.587302 33.617021 0.000000
      vertex 26.587302 35.851064 0.000000
      vertex 31.031746 35.851064 0.000000
    endloop
  endfacet
  facet normal 0.000000 0.000000 1.000000
    outer loop
      vertex 26.587302 33.617021 0.400000
      vertex 31.031746 33.617021 0.400000
      vertex 31.031746 35.851064 0.400000
    endloop
  endfacet
  facet normal 0.000000 0.000000 1.000000
    outer loop
      vertex 26.587302 33.617021 0.400000
      vertex 31.031746 35.851064 0.400000
      vertex 26.587302 35.851064 0.400000
    endloop
  endfacet
  facet normal 0.000000 -1.000000 0.000000
    outer loop
      vertex 26.587302 33.617021 0.000000
      vertex 31.031746 33.617021 0.000000
      vertex 31.031746 33.617021 0.400000
    endloop
  endfacet
  facet normal 0.000000 -1.000000 0.000000
    outer loop
      vertex 26.587302 33.617021 0.000000
      vertex 31.031746 33.617021 0.400000
      vertex 26.587302 33.617021 0.400000
    endloop
  endfacet
  facet normal 0.000000 1.000000 0.000000
    outer loop
      vertex 26.587302 35.851064 0.000000
      vertex 31.031746 35.851064 0.400000
      vertex 31.031746 35.851064 0.000000
    endloop
  endfacet
  facet normal 0.000000 1.000000 0.000000
    outer loop
      vertex 26.587302 35.851064 0.000000
      vertex 26.587302 35.851064 0.400000
      vertex 31.031746 35.851064 0.400000
    endloop
  endfacet
  facet normal -1.000000 0.000000 0.000000
    outer loop
      vertex 26.587302 33.617021 0.000000
      vertex 26.587302 33.617021 0.400000
      vertex 26.587302 35.851064 0.400000
    endloop
  endfacet
  facet normal -1.000000 0.000000 0.000000
    outer loop
      vertex 26.587302 33.617021 0.000000
      vertex 26.587302 35.851064 0.400000
      vertex 26.587302 35.851064 0.000000
    endloop
  endfacet
  facet normal 1.000000 0.000000 0.000000
    outer loop
      vertex 31.031746 33.617021 0.000000
      vertex 31.031746 35.851064 0.000000
      vertex 31.031746 35.851064 0.400000
    endloop
  endfacet
  facet normal 1.000000 0.000000 0.000000
    outer loop
      vertex 31.031746 33.617021 0.000000
      vertex 31.031746 35.851064 0.400000
      vertex 31.031746 33.617021 0.400000
    endloop
  endfacet
  facet normal 0.000000 0.000000 -1.000000
    outer loop
      vertex 17.063492 23.085106 0.000000
      vertex 17.380952 33.617021 0.000000
      vertex 17.380952 23.085106 0.000000
    endloop
  endfacet
  facet normal 0.000000 0.000000 -1.000000
    outer loop
      vertex 17.063492 23.085106 0.000000
      vertex 17.063492 33.617021 0.000000
      vertex 17.380952 33.617021 0.000000
    endloop
  endfacet
  facet normal 0.000000 0.000000 1.000000
    outer loop
      vertex 17.063492 23.085106 0.400000
      vertex 17.380952 23.085106 0.400000
      vertex 17.380952 33.617021 0.400000
    endloop
  endfacet
  facet normal 0.000000 0.000000 1.000000
    outer loop
      vertex 17.063492 23.085106 0.400000
      vertex 17.380952 33.617021 0.400000
      vertex 17.063492 33.617021 0.400000
    endloop
  endfacet
  facet normal 0.000000 -1.000000 0.000000
    outer loop
      vertex 17.063492 23.085106 0.000000
      vertex 17.380952 23.085106 0.000000
      vertex 17.380952 23.085106 0.400000
    endloop
  endfacet
  facet normal 0.000000 -1.000000 0.000000
    outer loop
      vertex 17.063492 23.085106 0.000000
      vertex 17.380952 23.085106 0.400000
      vertex 17.063492 23.085106 0.400000
    endloop
  endfacet
  facet normal 0.000000 1.000000 0.000000
    outer loop
      vertex 17.063492 33.617021 0.000000
      vertex 17.380952 33.617021 0.400000
      vertex 17.380952 33.617021 0.000000
    endloop
  endfacet
  facet normal 0.000000 1.000000 0.000000
    outer loop
      vertex 17.063492 33.617021 0.000000
      vertex 17.063492 33.617021 0.400000
      vertex 17.380952 33.617021 0.400000
    endloop
  endfacet
  facet normal -1.000000 0.000000 0.000000
    outer loop
      vertex 17.063492 23.085106 0.000000
      vertex 17.063492 23.085106 0.400000
      vertex 17.063492 33.617021 0.400000
    endloop
  endfacet
  facet normal -1.000000 0.000000 0.000000
    outer loop
      vertex 17.063492 23.085106 0.000000
      vertex 17.063492 33.617021 0.400000
      vertex 17.063492 33.617021 0.000000
    endloop
  endfacet
  facet normal 1.000000 0.000000 0.000000
    outer loop
      vertex 17.380952 23.085106 0.000000
      vertex 17.380952 33.617021 0.000000
      vertex 17.380952 33.617021 0.400000
    endloop
  endfacet
  facet normal 1.000000 0.000000 0.000000
    outer loop
      vertex 17.380952 23.085106 0.000000
      vertex 17.380952 33.617021 0.400000
      vertex 17.380952 23.085106 0.400000
    endloop
  endfacet
  facet normal 0.000000 0.000000 -1.000000
    outer loop
      vertex 26.587302 29.148936 0.000000
      vertex 26.904762 33.617021 0.000000
      vertex 26.904762 29.148936 0.000000
    endloop
  endfacet
  facet normal 0.000000 0.000000 -1.000000
    outer loop
      vertex 26.587302 29.148936 0.000000
      vertex 26.587302 33.617021 0.000000
      vertex 26.904762 33.617021 0.000000
    endloop
  endfacet
  facet normal 0.000000 0.000000 1.000000
    outer loop
      vertex 26.587302 29.148936 0.400000
      vertex 26.904762 29.148936 0.400000
      vertex 26.904762 33.617021 0.400000
    endloop
  endfacet
  facet normal 0.000000 0.000000 1.000000
    outer loop
      vertex 26.587302 29.148936 0.400000
      vertex 26.904762 33.617021 0.400000
      vertex 26.587302 33.617021 0.400000
    endloop
  endfacet
  facet normal 0.000000 -1.000000 0.000000
    outer loop
      vertex 26.587302 29.148936 0.000000
      vertex 26.904762 29.148936 0.000000
      vertex 26.904762 29.148936 0.400000
    endloop
  endfacet
  facet normal 0.000000 -1.000000 0.000000
    outer loop
      vertex 26.587302 29.148936 0.000000
      vertex 26.904762 29.148936 0.400000
      vertex 26.587302 29.148936 0.400000
    endloop
  endfacet
  facet normal 0.000000 1.000000 0.000000
    outer loop
      vertex 26.587302 33.617021 0.000000
      vertex 26.904762 33.617021 0.400000
      vertex 26.904762 33.617021 0.000000
    endloop
  endfacet
  facet normal 0.000000 1.000000 0.000000
    outer loop
      vertex 26.587302 33.617021 0.000000
      vertex 26.587302 33.617021 0.400000
      vertex 26.904762 33.617021 0.400000
    endloop
  endfacet
  facet normal -1.000000 0.000000 0.000000
    outer loop
      vertex 26.587302 29.148936 0.000000
      vertex 26.587302 29.148936 0.400000
      vertex 26.587302 33.617021 0.400000
    endloop
  endfacet
  facet normal -1.000000 0.000000 0.000000
    outer loop
      vertex 26.587302 29.148936 0.000000
      vertex 26.587302 33.617021 0.400000
      vertex 26.587302 33.617021 0.000000
    endloop
  endfacet
  facet normal 1.000000 0.000000 0.000000
    outer loop
      vertex 26.904762 29.148936 0.000000
      vertex 26.904762 33.617021 0.000000
      vertex 26.904762 33.617021 0.400000
    endloop
  endfacet
  facet normal 1.000000 0.000000 0.000000
    outer loop
      vertex 26.904762 29.148936 0.000000
      vertex 26.904762 33.617021 0.400000
      vertex 26.904762 29.148936 0.400000
    endloop
  endfacet
  facet normal 0.000000 0.000000 -1.000000
    outer loop
      vertex 17.380952 23.085106 0.000000
      vertex 21.507937 31.702128 0.000000
      vertex 21.507937 23.085106 0.000000
    endloop
  endfacet
  facet normal 0.000000 0.000000 -1.000000
    outer loop
      vertex 17.380952 23.085106 0.000000
      vertex 17.380952 31.702128 0.000000
      vertex 21.507937 31.702128 0.000000
    endloop
  endfacet
  facet normal 0.000000 0.000000 1.000000
    outer loop
      vertex 17.380952 23.085106 0.400000
      vertex 21.507937 23.085106 0.400000
      vertex 21.507937 31.702128 0.400000
    endloop
  endfacet
  facet normal 0.000000 0.000000 1.000000
    outer loop
      vertex 17.380952 23.085106 0.400000
      vertex 21.507937 31.702128 0.400000
      vertex 17.380952 31.702128 0.400000
    endloop
  endfacet
  facet normal 0.000000 -1.000000 0.000000
    outer loop
      vertex 17.380952 23.085106 0.000000
      vertex 21.507937 23.085106 0.000000
      vertex 21.507937 23.085106 0.400000
    endloop
  endfacet
  facet normal 0.000000 -1.000000 0.000000
    outer loop
      vertex 17.380952 23.085106 0.000000
      vertex 21.507937 23.085106 0.400000
      vertex 17.380952 23.085106 0.400000
    endloop
  endfacet
  facet normal 0.000000 1.000000 0.000000
    outer loop
      vertex 17.380952 31.702128 0.000000
      vertex 21.507937 31.702128 0.400000
      vertex 21.507937 31.702128 0.000000
    endloop
  endfacet
  facet normal 0.000000 1.000000 0.000000
    outer loop
      vertex 17.380952 31.702128 0.000000
      vertex 17.380952 31.702128 0.400000
      vertex 21.507937 31.702128 0.400000
    endloop
  endfacet
  facet normal -1.000000 0.000000 0.000000
    outer loop
      vertex 17.380952 23.085106 0.000000
      vertex 17.380952 23.085106 0.400000
      vertex 17.380952 31.702128 0.400000
    endloop
  endfacet
  facet normal -1.000000 0.000000 0.000000
    outer loop
      vertex 17.380952 23.085106 0.000000
      vertex 17.380952 31.702128 0.400000
      vertex 17.380952 31.702128 0.000000
    endloop
  endfacet
  facet normal 1.000000 0.000000 0.000000
    outer loop
      vertex 21.507937 23.085106 0.000000
      vertex 21.507937 31.702128 0.000000
      vertex 21.507937 31.702128 0.400000
    endloop
  endfacet
  facet normal 1.000000 0.000000 0.000000
    outer loop
      vertex 21.507937 23.085106 0.000000
      vertex 21.507937 31.702128 0.400000
      vertex 21.507937 23.085106 0.400000
    endloop
  endfacet
  facet normal 0.000000 0.000000 -1.000000
    outer loop
      vertex 26.904762 29.148936 0.000000
      vertex 31.031746 31.702128 0.000000
      vertex 31.031746 29.148936 0.000000
    endloop
  endfacet
  facet normal 0.000000 0.000000 -1.000000
    outer loop
      vertex 26.904762 29.148936 0.000000
      vertex 26.904762 31.702128 0.000000
      vertex 31.031746 31.702128 0.000000
    endloop
  endfacet
  facet normal 0.000000 0.000000 1.000000
    outer loop
      vertex 26.904762 29.148936 0.400000
      vertex 31.031746 29.148936 0.400000
      vertex 31.031746 31.702128 0.400000
    endloop
  endfacet
  facet normal 0.000000 0.000000 1.000000
    outer loop
      vertex 26.904762 29.148936 0.400000
      vertex 31.031746 31.702128 0.400000
      vertex 26.904762 31.702128 0.400000
    endloop
  endfacet
  facet normal 0.000000 -1.000000 0.000000
    outer loop
      vertex 26.904762 29.148936 0.000000
      vertex 31.031746 29.148936 0.000000
      vertex 31.031746 29.148936 0.400000
    endloop
  endfacet
  facet normal 0.000000 -1.000000 0.000000
    outer loop
      vertex 26.904762 29.148936 0.000000
      vertex 31.031746 29.148936 0.400000
      vertex 26.904762 29.148936 0.400000
    endloop
  endfacet
  facet normal 0.000000 1.000000 0.000000
    outer loop
      vertex 26.904762 31.702128 0.000000
      vertex 31.031746 31.702128 0.400000
      vertex 31.031746 31.702128 0.000000
    endloop
  endfacet
  facet normal 0.000000 1.000000 0.000000
    outer loop
      vertex 26.904762 31.702128 0.000000
      vertex 26.904762 31.702128 0.400000
      vertex 31.031746 31.702128 0.400000
    endloop
  endfacet
  facet normal -1.000000 0.000000 0.000000
    outer loop
      vertex 26.904762 29.148936 0.000000
      vertex 26.904762 29.148936 0.400000
      vertex 26.904762 31.702128 0.400000
    endloop
  endfacet
  facet normal -1.000000 0.000000 0.000000
    outer loop
      vertex 26.904762 29.148936 0.000000
      vertex 26.904762 31.702128 0.400000
      vertex 26.904762 31.702128 0.000000
    endloop
  endfacet
  facet normal 1.000000 0.000000 0.000000
    outer loop
      vertex 31.031746 29.148936 0.000000
      vertex 31.031746 31.702128 0.000000
      vertex 31.031746 31.702128 0.400000
    endloop
  endfacet
  facet normal 1.000000 0.000000 0.000000
    outer loop
      vertex 31.031746 29.148936 0.000000
      vertex 31.031746 31.702128 0.400000
      vertex 31.031746 29.148936 0.400000
    endloop
  endfacet
  facet normal 0.000000 0.000000 -1.000000
    outer loop
      vertex 33.888889 23.085106 0.000000
      vertex 35.793651 29.148936 0.000000
      vertex 35.793651 23.085106 0.000000
    endloop
  endfacet
  facet normal 0.000000 0.000000 -1.000000
    outer loop
      vertex 33.888889 23.085106 0.000000
      vertex 33.888889 29.148936 0.000000
      vertex 35.793651 29.148936 0.000000
    endloop
  endfacet
  facet normal 0.000000 0.000000 1.000000
    outer loop
      vertex 33.888889 23.085106 0.400000
      vertex 35.793651 23.085106 0.400000
      vertex 35.793651 29.148936 0.400000
    endloop
  endfacet
  facet normal 0.000000 0.000000 1.000000
    outer loop
      vertex 33.888889 23.085106 0.400000
      vertex 35.793651 29.148936 0.400000
      vertex 33.888889 29.148936 0.400000
    endloop
  endfacet
  facet normal 0.000000 -1.000000 0.000000
    outer loop
      vertex 33.888889 23.085106 0.000000
      vertex 35.793651 23.085106 0.000000
      vertex 35.793651 23.085106 0.400000
    endloop
  endfacet
  facet normal 0.000000 -1.000000 0.000000
    outer loop
      vertex 33.888889 23.085106 0.000000
      vertex 35.793651 23.085106 0.400000
      vertex 33.888889 23.085106 0.400000
    endloop
  endfacet
  facet normal 0.000000 1.000000 0.000000
    outer loop
      vertex 33.888889 29.148936 0.000000
      vertex 35.793651 29.148936 0.400000
      vertex 35.793651 29.148936 0.000000
    endloop
  endfacet
  facet normal 0.000000 1.000000 0.000000
    outer loop
      vertex 33.888889 29.148936 0.000000
      vertex 33.888889 29.148936 0.400000
      vertex 35.793651 29.148936 0.400000
    endloop
  endfacet
  facet normal -1.000000 0.000000 0.000000
    outer loop
      vertex 33.888889 23.085106 0.000000
      vertex 33.888889 23.085106 0.400000
      vertex 33.888889 29.148936 0.400000
    endloop
  endfacet
  facet normal -1.000000 0.000000 0.000000
    outer loop
      vertex 33.888889 23.085106 0.000000
      vertex 33.888889 29.148936 0.400000
      vertex 33.888889 29.148936 0.000000
    endloop
  endfacet
  facet normal 1.000000 0.000000 0.000000
    outer loop
      vertex 35.793651 23.085106 0.000000
      vertex 35.793651 29.148936 0.000000
      vertex 35.793651 29.148936 0.400000
    endloop
  endfacet
  facet normal 1.000000 0.000000 0.000000
    outer loop
      vertex 35.793651 23.085106 0.000000
      vertex 35.793651 29.148936 0.400000
      vertex 35.793651 23.085106 0.400000
    endloop
  endfacet
  facet normal 0.000000 0.000000 -1.000000
    outer loop
      vertex 9.444444 19.893617 0.000000
      vertex 12.301587 27.234043 0.000000
      vertex 12.301587 19.893617 0.000000
    endloop
  endfacet
  facet normal 0.000000 0.000000 -1.000000
    outer loop
      vertex 9.444444 19.893617 0.000000
      vertex 9.444444 27.234043 0.000000
      vertex 12.301587 27.234043 0.000000
    endloop
  endfacet
  facet normal 0.000000 0.000000 1.000000
    outer loop
      vertex 9.444444 19.893617 0.400000
      vertex 12.301587 19.893617 0.400000
      vertex 12.301587 27.234043 0.400000
    endloop
  endfacet
  facet normal 0.000000 0.000000 1.000000
    outer loop
      vertex 9.444444 19.893617 0.400000
      vertex 12.301587 27.234043 0.400000
      vertex 9.444444 27.234043 0.400000
    endloop
  endfacet
  facet normal 0.000000 -1.000000 0.000000
    outer loop
      vertex 9.444444 19.893617 0.000000
      vertex 12.301587 19.893617 0.000000
      vertex 12.301587 19.893617 0.400000
    endloop
  endfacet
  facet normal 0.000000 -1.000000 0.000000
    outer loop
      vertex 9.444444 19.893617 0.000000
      vertex 12.301587 19.893617 0.400000
      vertex 9.444444 19.893617 0.400000
    endloop
  endfacet
  facet normal 0.000000 1.000000 0.000000
    outer loop
      vertex 9.444444 27.234043 0.000000
      vertex 12.301587 27.234043 0.400000
      vertex 12.301587 27.234043 0.000000
    endloop
  endfacet
  facet normal 0.000000 1.000000 0.000000
    outer loop
      vertex 9.444444 27.234043 0.000000
      vertex 9.444444 27.234043 0.400000
      vertex 12.301587 27.234043 0.400000
    endloop
  endfacet
  facet normal -1.000000 0.000000 0.000000
    outer loop
      vertex 9.444444 19.893617 0.000000
      vertex 9.444444 19.893617 0.400000
      vertex 9.444444 27.234043 0.400000
    endloop
  endfacet
  facet normal -1.000000 0.000000 0.000000
    outer loop
      vertex 9.444444 19.893617 0.000000
      vertex 9.444444 27.234043 0.400000
      vertex 9.444444 27.234043 0.000000
    endloop
  endfacet
  facet normal 1.000000 0.000000 0.000000
    outer loop
      vertex 12.301587 19.893617 0.000000
      vertex 12.301587 27.234043 0.000000
      vertex 12.301587 27.234043 0.400000
    endloop
  endfacet
  facet normal 1.000000 0.000000 0.000000
    outer loop
      vertex 12.301587 19.893617 0.000000
      vertex 12.301587 27.234043 0.400000
      vertex 12.301587 19.893617 0.400000
    endloop
  endfacet
  facet normal 0.000000 0.000000 -1.000000
    outer loop
      vertex 21.507937 23.085106 0.000000
      vertex 24.365079 27.234043 0.000000
      vertex 24.365079 23.085106 0.000000
    endloop
  endfacet
  facet normal 0.000000 0.000000 -1.000000
    outer loop
      vertex 21.507937 23.085106 0.000000
      vertex 21.507937 27.234043 0.000000
      vertex 24.365079 27.234043 0.000000
    endloop
  endfacet
  facet normal 0.000000 0.000000 1.000000
    outer loop
      vertex 21.507937 23.085106 0.400000
      vertex 24.365079 23.085106 0.400000
      vertex 24.365079 27.234043 0.400000
    endloop
  endfacet
  facet normal 0.000000 0.000000 1.000000
    outer loop
      vertex 21.507937 23.085106 0.400000
      vertex 24.365079 27.234043 0.400000
      vertex 21.507937 27.234043 0.400000
    endloop
  endfacet
  facet normal 0.000000 -1.000000 0.000000
    outer loop
      vertex 21.507937 23.085106 0.000000
      vertex 24.365079 23.085106 0.000000
      vertex 24.365079 23.085106 0.400000
    endloop
  endfacet
  facet normal 0.000000 -1.000000 0.000000
    outer loop
      vertex 21.507937 23.085106 0.000000
      vertex 24.365079 23.085106 0.400000
      vertex 21.507937 23.085106 0.400000
    endloop
  endfacet
  facet normal 0.000000 1.000000 0.000000
    outer loop
      vertex 21.507937 27.234043 0.000000
      vertex 24.365079 27.234043 0.400000
      vertex 24.365079 27.234043 0.000000
    endloop
  endfacet
  facet normal 0.000000 1.000000 0.000000
    outer loop
      vertex 21.507937 27.234043 0.000000
      vertex 21.507937 27.234043 0.400000
      vertex 24.365079 27.234043 0.400000
    endloop
  endfacet
  facet normal -1.000000 0.000000 0.000000
    outer loop
      vertex 21.507937 23.085106 0.000000
      vertex 21.507937 23.085106 0.400000
      vertex 21.507937 27.234043 0.400000
    endloop
  endfacet
  facet normal -1.000000 0.000000 0.000000
    outer loop
      vertex 21.507937 23.085106 0.000000
      vertex 21.507937 27.234043 0.400000
      vertex 21.507937 27.234043 0.000000
    endloop
  endfacet
  facet normal 1.000000 0.000000 0.000000
    outer loop
      vertex 24.365079 23.085106 0.000000
      vertex 24.365079 27.234043 0.000000
      vertex 24.365079 27.234043 0.400000
    endloop
  endfacet
  facet normal 1.000000 0.000000 0.000000
    outer loop
      vertex 24.365079 23.085106 0.000000
      vertex 24.365079 27.234043 0.400000
      vertex 24.365079 23.085106 0.400000
    endloop
  endfacet
  facet normal 0.000000 0.000000 -1.000000
    outer loop
      vertex 26.587302 23.085106 0.000000
      vertex 33.888889 27.234043 0.000000
      vertex 33.888889 23.085106 0.000000
    endloop
  endfacet
  facet normal 0.000000 0.000000 -1.000000
    outer loop
      vertex 26.587302 23.085106 0.000000
      vertex 26.587302 27.234043 0.000000
      vertex 33.888889 27.234043 0.000000
    endloop
  endfacet
  facet normal 0.000000 0.000000 1.000000
    outer loop
      vertex 26.587302 23.085106 0.400000
      vertex 33.888889 23.085106 0.400000
      vertex 33.888889 27.234043 0.400000
    endloop
  endfacet
  facet normal 0.000000 0.000000 1.000000
    outer loop
      vertex 26.587302 23.085106 0.400000
      vertex 33.888889 27.234043 0.400000
      vertex 26.587302 27.234043 0.400000
    endloop
  endfacet
  facet normal 0.000000 -1.000000 0.000000
    outer loop
      vertex 26.587302 23.085106 0.000000
      vertex 33.888889 23.085106 0.000000
      vertex 33.888889 23.085106 0.400000
    endloop
  endfacet
  facet normal 0.000000 -1.000000 0.000000
    outer loop
      vertex 26.587302 23.085106 0.000000
      vertex 33.888889 23.085106 0.400000
      vertex 26.587302 23.085106 0.400000
    endloop
  endfacet
  facet normal 0.000000 1.000000 0.000000
    outer loop
      vertex 26.587302 27.234043 0.000000
      vertex 33.888889 27.234043 0.400000
      vertex 33.888889 27.234043 0.000000
    endloop
  endfacet
  facet normal 0.000000 1.000000 0.000000
    outer loop
      vertex 26.587302 27.234043 0.000000
      vertex 26.587302 27.234043 0.400000
      vertex 33.888889 27.234043 0.400000
    endloop
  endfacet
  facet normal -1.000000 0.000000 0.000000
    outer loop
      vertex 26.587302 23.085106 0.000000
      vertex 26.587302 23.085106 0.400000
      vertex 26.587302 27.234043 0.400000
    endloop
  endfacet
  facet normal -1.000000 0.000000 0.000000
    outer loop
      vertex 26.587302 23.085106 0.000000
      vertex 26.587302 27.234043 0.400000
      vertex 26.587302 27.234043 0.000000
    endloop
  endfacet
  facet normal 1.000000 0.000000 0.000000
    outer loop
      vertex 33.888889 23.085106 0.000000
      vertex 33.888889 27.234043 0.000000
      vertex 33.888889 27.234043 0.400000
    endloop
  endfacet
  facet normal 1.000000 0.000000 0.000000
    outer loop
      vertex 33.888889 23.085106 0.000000
      vertex 33.888889 27.234043 0.400000
      vertex 33.888889 23.085106 0.400000
    endloop
  endfacet
  facet normal 0.000000 0.000000 -1.000000
    outer loop
      vertex 35.793651 22.765957 0.000000
      vertex 43.095238 27.234043 0.000000
      vertex 43.095238 22.765957 0.000000
    endloop
  endfacet
  facet normal 0.000000 0.000000 -1.000000
    outer loop
      vertex 35.793651 22.765957 0.000000
      vertex 35.793651 27.234043 0.000000
      vertex 43.095238 27.234043 0.000000
    endloop
  endfacet
  facet normal 0.000000 0.000000 1.000000
    outer loop
      vertex 35.793651 22.765957 0.400000
      vertex 43.095238 22.765957 0.400000
      vertex 43.095238 27.234043 0.400000
    endloop
  endfacet
  facet normal 0.000000 0.000000 1.000000
    outer loop
      vertex 35.793651 22.765957 0.400000
      vertex 43.095238 27.234043 0.400000
      vertex 35.793651 27.234043 0.400000
    endloop
  endfacet
  facet normal 0.000000 -1.000000 0.000000
    outer loop
      vertex 35.793651 22.765957 0.000000
      vertex 43.095238 22.765957 0.000000
      vertex 43.095238 22.765957 0.400000
    endloop
  endfacet
  facet normal 0.000000 -1.000000 0.000000
    outer loop
      vertex 35.793651 22.765957 0.000000
      vertex 43.095238 22.765957 0.400000
      vertex 35.793651 22.765957 0.400000
    endloop
  endfacet
  facet normal 0.000000 1.000000 0.000000
    outer loop
      vertex 35.793651 27.234043 0.000000
      vertex 43.095238 27.234043 0.400000
      vertex 43.095238 27.234043 0.000000
    endloop
  endfacet
  facet normal 0.000000 1.000000 0.000000
    outer loop
      vertex 35.793651 27.234043 0.000000
      vertex 35.793651 27.234043 0.400000
      vertex 43.095238 27.234043 0.400000
    endloop
  endfacet
  facet normal -1.000000 0.000000 0.000000
    outer loop
      vertex 35.793651 22.765957 0.000000
      vertex 35.793651 22.765957 0.400000
      vertex 35.793651 27.234043 0.400000
    endloop
  endfacet
  facet normal -1.000000 0.000000 0.000000
    outer loop
      vertex 35.793651 22.765957 0.000000
      vertex 35.793651 27.234043 0.400000
      vertex 35.793651 27.234043 0.000000
    endloop
  endfacet
  facet normal 1.000000 0.000000 0.000000
    outer loop
      vertex 43.095238 22.765957 0.000000
      vertex 43.095238 27.234043 0.000000
      vertex 43.095238 27.234043 0.400000
    endloop
  endfacet
  facet normal 1.000000 0.000000 0.000000
    outer loop
      vertex 43.095238 22.765957 0.000000
      vertex 43.095238 27.234043 0.400000
      vertex 43.095238 22.765957 0.400000
    endloop
  endfacet
  facet normal 0.000000 0.000000 -1.000000
    outer loop
      vertex 15.793651 19.893617 0.000000
      vertex 16.428571 23.085106 0.000000
      vertex 16.428571 19.893617 0.000000
    endloop
  endfacet
  facet normal 0.000000 0.000000 -1.000000
    outer loop
      vertex 15.793651 19.893617 0.000000
      vertex 15.793651 23.085106 0.000000
      vertex 16.428571 23.085106 0.000000
    endloop
  endfacet
  facet normal 0.000000 0.000000 1.000000
    outer loop
      vertex 15.793651 19.893617 0.400000
      vertex 16.428571 19.893617 0.400000
      vertex 16.428571 23.085106 0.400000
    endloop
  endfacet
  facet normal 0.000000 0.000000 1.000000
    outer loop
      vertex 15.793651 19.893617 0.400000
      vertex 16.428571 23.085106 0.400000
      vertex 15.793651 23.085106 0.400000
    endloop
  endfacet
  facet normal 0.000000 -1.000000 0.000000
    outer loop
      vertex 15.793651 19.893617 0.000000
      vertex 16.428571 19.893617 0.000000
      vertex 16.428571 19.893617 0.400000
    endloop
  endfacet
  facet normal 0.000000 -1.000000 0.000000
    outer loop
      vertex 15.793651 19.893617 0.000000
      vertex 16.428571 19.893617 0.400000
      vertex 15.793651 19.893617 0.400000
    endloop
  endfacet
  facet normal 0.000000 1.000000 0.000000
    outer loop
      vertex 15.793651 23.085106 0.000000
      vertex 16.428571 23.085106 0.400000
      vertex 16.428571 23.085106 0.000000
    endloop
  endfacet
  facet normal 0.000000 1.000000 0.000000
    outer loop
      vertex 15.793651 23.085106 0.000000
      vertex 15.793651 23.085106 0.400000
      vertex 16.428571 23.085106 0.400000
    endloop
  endfacet
  facet normal -1.000000 0.000000 0.000000
    outer loop
      vertex 15.793651 19.893617 0.000000
      vertex 15.793651 19.893617 0.400000
      vertex 15.793651 23.085106 0.400000
    endloop
  endfacet
  facet normal -1.000000 0.000000 0.000000
    outer loop
      vertex 15.793651 19.893617 0.000000
      vertex 15.793651 23.085106 0.400000
      vertex 15.793651 23.085106 0.000000
    endloop
  endfacet
  facet normal 1.000000 0.000000 0.000000
    outer loop
      vertex 16.428571 19.893617 0.000000
      vertex 16.428571 23.085106 0.000000
      vertex 16.428571 23.085106 0.400000
    endloop
  endfacet
  facet normal 1.000000 0.000000 0.000000
    outer loop
      vertex 16.428571 19.893617 0.000000
      vertex 16.428571 23.085106 0.400000
      vertex 16.428571 19.893617 0.400000
    endloop
  endfacet
  facet normal 0.000000 0.000000 -1.000000
    outer loop
      vertex 18.968254 22.765957 0.000000
      vertex 24.047619 23.085106 0.000000
      vertex 24.047619 22.765957 0.000000
    endloop
  endfacet
  facet normal 0.000000 0.000000 -1.000000
    outer loop
      vertex 18.968254 22.765957 0.000000
      vertex 18.968254 23.085106 0.000000
      vertex 24.047619 23.085106 0.000000
    endloop
  endfacet
  facet normal 0.000000 0.000000 1.000000
    outer loop
      vertex 18.968254 22.765957 0.400000
      vertex 24.047619 22.765957 0.400000
      vertex 24.047619 23.085106 0.400000
    endloop
  endfacet
  facet normal 0.000000 0.000000 1.000000
    outer loop
      vertex 18.968254 22.765957 0.400000
      vertex 24.047619 23.085106 0.400000
      vertex 18.968254 23.085106 0.400000
    endloop
  endfacet
  facet normal 0.000000 -1.000000 0.000000
    outer loop
      vertex 18.968254 22.765957 0.000000
      vertex 24.047619 22.765957 0.000000
      vertex 24.047619 22.765957 0.400000
    endloop
  endfacet
  facet normal 0.000000 -1.000000 0.000000
    outer loop
      vertex 18.968254 22.765957 0.000000
      vertex 24.047619 22.765957 0.400000
      vertex 18.968254 22.765957 0.400000
    endloop
  endfacet
  facet normal 0.000000 1.000000 0.000000
    outer loop
      vertex 18.968254 23.085106 0.000000
      vertex 24.047619 23.085106 0.400000
      vertex 24.047619 23.085106 0.000000
    endloop
  endfacet
  facet normal 0.000000 1.000000 0.000000
    outer loop
      vertex 18.968254 23.085106 0.000000
      vertex 18.968254 23.085106 0.400000
      vertex 24.047619 23.085106 0.400000
    endloop
  endfacet
  facet normal -1.000000 0.000000 0.000000
    outer loop
      vertex 18.968254 22.765957 0.000000
      vertex 18.968254 22.765957 0.400000
      vertex 18.968254 23.085106 0.400000
    endloop
  endfacet
  facet normal -1.000000 0.000000 0.000000
    outer loop
      vertex 18.968254 22.765957 0.000000
      vertex 18.968254 23.085106 0.400000
      vertex 18.968254 23.085106 0.000000
    endloop
  endfacet
  facet normal 1.000000 0.000000 0.000000
    outer loop
      vertex 24.047619 22.765957 0.000000
      vertex 24.047619 23.085106 0.000000
      vertex 24.047619 23.085106 0.400000
    endloop
  endfacet
  facet normal 1.000000 0.000000 0.000000
    outer loop
      vertex 24.047619 22.765957 0.000000
      vertex 24.047619 23.085106 0.400000
      vertex 24.047619 22.765957 0.400000
    endloop
  endfacet
  facet normal 0.000000 0.000000 -1.000000
    outer loop
      vertex 26.587302 22.765957 0.000000
      vertex 33.253968 23.085106 0.000000
      vertex 33.253968 22.765957 0.000000
    endloop
  endfacet
  facet normal 0.000000 0.000000 -1.000000
    outer loop
      vertex 26.587302 22.765957 0.000000
      vertex 26.587302 23.085106 0.000000
      vertex 33.253968 23.085106 0.000000
    endloop
  endfacet
  facet normal 0.000000 0.000000 1.000000
    outer loop
      vertex 26.587302 22.765957 0.400000
      vertex 33.253968 22.765957 0.400000
      vertex 33.253968 23.085106 0.400000
    endloop
  endfacet
  facet normal 0.000000 0.000000 1.000000
    outer loop
      vertex 26.587302 22.765957 0.400000
      vertex 33.253968 23.085106 0.400000
      vertex 26.587302 23.085106 0.400000
    endloop
  endfacet
  facet normal 0.000000 -1.000000 0.000000
    outer loop
      vertex 26.587302 22.765957 0.000000
      vertex 33.253968 22.765957 0.000000
      vertex 33.253968 22.765957 0.400000
    endloop
  endfacet
  facet normal 0.000000 -1.000000 0.000000
    outer loop
      vertex 26.587302 22.765957 0.000000
      vertex 33.253968 22.765957 0.400000
      vertex 26.587302 22.765957 0.400000
    endloop
  endfacet
  facet normal 0.000000 1.000000 0.000000
    outer loop
      vertex 26.587302 23.085106 0.000000
      vertex 33.253968 23.085106 0.400000
      vertex 33.253968 23.085106 0.000000
    endloop
  endfacet
  facet normal 0.000000 1.000000 0.000000
    outer loop
      vertex 26.587302 23.085106 0.000000
      vertex 26.587302 23.085106 0.400000
      vertex 33.253968 23.085106 0.400000
    endloop
  endfacet
  facet normal -1.000000 0.000000 0.000000
    outer loop
      vertex 26.587302 22.765957 0.000000
      vertex 26.587302 22.765957 0.400000
      vertex 26.587302 23.085106 0.400000
    endloop
  endfacet
  facet normal -1.000000 0.000000 0.000000
    outer loop
      vertex 26.587302 22.765957 0.000000
      vertex 26.587302 23.085106 0.400000
      vertex 26.587302 23.085106 0.000000
    endloop
  endfacet
  facet normal 1.000000 0.000000 0.000000
    outer loop
      vertex 33.253968 22.765957 0.000000
      vertex 33.253968 23.085106 0.000000
      vertex 33.253968 23.085106 0.400000
    endloop
  endfacet
  facet normal 1.000000 0.000000 0.000000
    outer loop
      vertex 33.253968 22.765957 0.000000
      vertex 33.253968 23.085106 0.400000
      vertex 33.253968 22.765957 0.400000
    endloop
  endfacet
  facet normal 0.000000 0.000000 -1.000000
    outer loop
      vertex 18.968254 22.446809 0.000000
      vertex 23.412698 22.765957 0.000000
      vertex 23.412698 22.446809 0.000000
    endloop
  endfacet
  facet normal 0.000000 0.000000 -1.000000
    outer loop
      vertex 18.968254 22.446809 0.000000
      vertex 18.968254 22.765957 0.000000
      vertex 23.412698 22.765957 0.000000
    endloop
  endfacet
  facet normal 0.000000 0.000000 1.000000
    outer loop
      vertex 18.968254 22.446809 0.400000
      vertex 23.412698 22.446809 0.400000
      vertex 23.412698 22.765957 0.400000
    endloop
  endfacet
  facet normal 0.000000 0.000000 1.000000
    outer loop
      vertex 18.968254 22.446809 0.400000
      vertex 23.412698 22.765957 0.400000
      vertex 18.968254 22.765957 0.400000
    endloop
  endfacet
  facet normal 0.000000 -1.000000 0.000000
    outer loop
      vertex 18.968254 22.446809 0.000000
      vertex 23.412698 22.446809 0.000000
      vertex 23.412698 22.446809 0.400000
    endloop
  endfacet
  facet normal 0.000000 -1.000000 0.000000
    outer loop
      vertex 18.968254 22.446809 0.000000
      vertex 23.412698 22.446809 0.400000
      vertex 18.968254 22.446809 0.400000
    endloop
  endfacet
  facet normal 0.000000 1.000000 0.000000
    outer loop
      vertex 18.968254 22.765957 0.000000
      vertex 23.412698 22.765957 0.400000
      vertex 23.412698 22.765957 0.000000
    endloop
  endfacet
  facet normal 0.000000 1.000000 0.000000
    outer loop
      vertex 18.968254 22.765957 0.000000
      vertex 18.968254 22.765957 0.400000
      vertex 23.412698 22.765957 0.400000
    endloop
  endfacet
  facet normal -1.000000 0.000000 0.000000
    outer loop
      vertex 18.968254 22.446809 0.000000
      vertex 18.968254 22.446809 0.400000
      vertex 18.968254 22.765957 0.400000
    endloop
  endfacet
  facet normal -1.000000 0.000000 0.000000
    outer loop
      vertex 18.968254 22.446809 0.000000
      vertex 18.968254 22.765957 0.400000
      vertex 18.968254 22.765957 0.000000
    endloop
  endfacet
  facet normal 1.000000 0.000000 0.000000
    outer loop
      vertex 23.412698 22.446809 0.000000
      vertex 23.412698 22.765957 0.000000
      vertex 23.412698 22.765957 0.400000
    endloop
  endfacet
  facet normal 1.000000 0.000000 0.000000
    outer loop
      vertex 23.412698 22.446809 0.000000
      vertex 23.412698 22.765957 0.400000
      vertex 23.412698 22.446809 0.400000
    endloop
  endfacet
  facet normal 0.000000 0.000000 -1.000000
    outer loop
      vertex 27.539683 22.446809 0.000000
      vertex 31.984127 22.765957 0.000000
      vertex 31.984127 22.446809 0.000000
    endloop
  endfacet
  facet normal 0.000000 0.000000 -1.000000
    outer loop
      vertex 27.539683 22.446809 0.000000
      vertex 27.539683 22.765957 0.000000
      vertex 31.984127 22.765957 0.000000
    endloop
  endfacet
  facet normal 0.000000 0.000000 1.000000
    outer loop
      vertex 27.539683 22.446809 0.400000
      vertex 31.984127 22.446809 0.400000
      vertex 31.984127 22.765957 0.400000
    endloop
  endfacet
  facet normal 0.000000 0.000000 1.000000
    outer loop
      vertex 27.539683 22.446809 0.400000
      vertex 31.984127 22.765957 0.400000
      vertex 27.539683 22.765957 0.400000
    endloop
  endfacet
  facet normal 0.000000 -1.000000 0.000000
    outer loop
      vertex 27.539683 22.446809 0.000000
      vertex 31.984127 22.446809 0.000000
      vertex 31.984127 22.446809 0.400000
    endloop
  endfacet
  facet normal 0.000000 -1.000000 0.000000
    outer loop
      vertex 27.539683 22.446809 0.000000
      vertex 31.984127 22.446809 0.400000
      vertex 27.539683 22.446809 0.400000
    endloop
  endfacet
  facet normal 0.000000 1.000000 0.000000
    outer loop
      vertex 27.539683 22.765957 0.000000
      vertex 31.984127 22.765957 0.400000
      vertex 31.984127 22.765957 0.000000
    endloop
  endfacet
  facet normal 0.000000 1.000000 0.000000
    outer loop
      vertex 27.539683 22.765957 0.000000
      vertex 27.539683 22.765957 0.400000
      vertex 31.984127 22.765957 0.400000
    endloop
  endfacet
  facet normal -1.000000 0.000000 0.000000
    outer loop
      vertex 27.539683 22.446809 0.000000
      vertex 27.539683 22.446809 0.400000
      vertex 27.539683 22.765957 0.400000
    endloop
  endfacet
  facet normal -1.000000 0.000000 0.000000
    outer loop
      vertex 27.539683 22.446809 0.000000
      vertex 27.539683 22.765957 0.400000
      vertex 27.539683 22.765957 0.000000
    endloop
  endfacet
  facet normal 1.000000 0.000000 0.000000
    outer loop
      vertex 31.984127 22.446809 0.000000
      vertex 31.984127 22.765957 0.000000
      vertex 31.984127 22.765957 0.400000
    endloop
  endfacet
  facet normal 1.000000 0.000000 0.000000
    outer loop
      vertex 31.984127 22.446809 0.000000
      vertex 31.984127 22.765957 0.400000
      vertex 31.984127 22.446809 0.400000
    endloop
  endfacet
  facet normal 0.000000 0.000000 -1.000000
    outer loop
      vertex 36.746032 22.446809 0.000000
      vertex 43.095238 22.765957 0.000000
      vertex 43.095238 22.446809 0.000000
    endloop
  endfacet
  facet normal 0.000000 0.000000 -1.000000
    outer loop
      vertex 36.746032 22.446809 0.000000
      vertex 36.746032 22.765957 0.000000
      vertex 43.095238 22.765957 0.000000
    endloop
  endfacet
  facet normal 0.000000 0.000000 1.000000
    outer loop
      vertex 36.746032 22.446809 0.400000
      vertex 43.095238 22.446809 0.400000
      vertex 43.095238 22.765957 0.400000
    endloop
  endfacet
  facet normal 0.000000 0.000000 1.000000
    outer loop
      vertex 36.746032 22.446809 0.400000
      vertex 43.095238 22.765957 0.400000
      vertex 36.746032 22.765957 0.400000
    endloop
  endfacet
  facet normal 0.000000 -1.000000 0.000000
    outer loop
      vertex 36.746032 22.446809 0.000000
      vertex 43.095238 22.446809 0.000000
      vertex 43.095238 22.446809 0.400000
    endloop
  endfacet
  facet normal 0.000000 -1.000000 0.000000
    outer loop
      vertex 36.746032 22.446809 0.000000
      vertex 43.095238 22.446809 0.400000
      vertex 36.746032 22.446809 0.400000
    endloop
  endfacet
  facet normal 0.000000 1.000000 0.000000
    outer loop
      vertex 36.746032 22.765957 0.000000
      vertex 43.095238 22.765957 0.400000
      vertex 43.095238 22.765957 0.000000
    endloop
  endfacet
  facet normal 0.000000 1.000000 0.000000
    outer loop
      vertex 36.746032 22.765957 0.000000
      vertex 36.746032 22.765957 0.400000
      vertex 43.095238 22.765957 0.400000
    endloop
  endfacet
  facet normal -1.000000 0.000000 0.000000
    outer loop
      vertex 36.746032 22.446809 0.000000
      vertex 36.746032 22.446809 0.400000
      vertex 36.746032 22.765957 0.400000
    endloop
  endfacet
  facet normal -1.000000 0.000000 0.000000
    outer loop
      vertex 36.746032 22.446809 0.000000
      vertex 36.746032 22.765957 0.400000
      vertex 36.746032 22.765957 0.000000
    endloop
  endfacet
  facet normal 1.000000 0.000000 0.000000
    outer loop
      vertex 43.095238 22.446809 0.000000
      vertex 43.095238 22.765957 0.000000
      vertex 43.095238 22.765957 0.400000
    endloop
  endfacet
  facet normal 1.000000 0.000000 0.000000
    outer loop
      vertex 43.095238 22.446809 0.000000
      vertex 43.095238 22.765957 0.400000
      vertex 43.095238 22.446809 0.400000
    endloop
  endfacet
  facet normal 0.000000 0.000000 -1.000000
    outer loop
      vertex 18.968254 22.127660 0.000000
      vertex 22.777778 22.446809 0.000000
      vertex 22.777778 22.127660 0.000000
    endloop
  endfacet
  facet normal 0.000000 0.000000 -1.000000
    outer loop
      vertex 18.968254 22.127660 0.000000
      vertex 18.968254 22.446809 0.000000
      vertex 22.777778 22.446809 0.000000
    endloop
  endfacet
  facet normal 0.000000 0.000000 1.000000
    outer loop
      vertex 18.968254 22.127660 0.400000
      vertex 22.777778 22.127660 0.400000
      vertex 22.777778 22.446809 0.400000
    endloop
  endfacet
  facet normal 0.000000 0.000000 1.000000
    outer loop
      vertex 18.968254 22.127660 0.400000
      vertex 22.777778 22.446809 0.400000
      vertex 18.968254 22.446809 0.400000
    endloop
  endfacet
  facet normal 0.000000 -1.000000 0.000000
    outer loop
      vertex 18.968254 22.127660 0.000000
      vertex 22.777778 22.127660 0.000000
      vertex 22.777778 22.127660 0.400000
    endloop
  endfacet
  facet normal 0.000000 -1.000000 0.000000
    outer loop
      vertex 18.968254 22.127660 0.000000
      vertex 22.777778 22.127660 0.400000
      vertex 18.968254 22.127660 0.400000
    endloop
  endfacet
  facet normal 0.000000 1.000000 0.000000
    outer loop
      vertex 18.968254 22.446809 0.000000
      vertex 22.777778 22.446809 0.400000
      vertex 22.777778 22.446809 0.000000
    endloop
  endfacet
  facet normal 0.000000 1.000000 0.000000
    outer loop
      vertex 18.968254 22.446809 0.000000
      vertex 18.968254 22.446809 0.400000
      vertex 22.777778 22.446809 0.400000
    endloop
  endfacet
  facet normal -1.000000 0.000000 0.000000
    outer loop
      vertex 18.968254 22.127660 0.000000
      vertex 18.968254 22.127660 0.400000
      vertex 18.968254 22.446809 0.400000
    endloop
  endfacet
  facet normal -1.000000 0.000000 0.000000
    outer loop
      vertex 18.968254 22.127660 0.000000
      vertex 18.968254 22.446809 0.400000
      vertex 18.968254 22.446809 0.000000
    endloop
  endfacet
  facet normal 1.000000 0.000000 0.000000
    outer loop
      vertex 22.777778 22.127660 0.000000
      vertex 22.777778 22.446809 0.000000
      vertex 22.777778 22.446809 0.400000
    endloop
  endfacet
  facet normal 1.000000 0.000000 0.000000
    outer loop
      vertex 22.777778 22.127660 0.000000
      vertex 22.777778 22.446809 0.400000
      vertex 22.777778 22.127660 0.400000
    endloop
  endfacet
  facet normal 0.000000 0.000000 -1.000000
    outer loop
      vertex 27.857143 22.127660 0.000000
      vertex 31.666667 22.446809 0.000000
      vertex 31.666667 22.127660 0.000000
    endloop
  endfacet
  facet normal 0.000000 0.000000 -1.000000
    outer loop
      vertex 27.857143 22.127660 0.000000
      vertex 27.857143 22.446809 0.000000
      vertex 31.666667 22.446809 0.000000
    endloop
  endfacet
  facet normal 0.000000 0.000000 1.000000
    outer loop
      vertex 27.857143 22.127660 0.400000
      vertex 31.666667 22.127660 0.400000
      vertex 31.666667 22.446809 0.400000
    endloop
  endfacet
  facet normal 0.000000 0.000000 1.000000
    outer loop
      vertex 27.857143 22.127660 0.400000
      vertex 31.666667 22.446809 0.400000
      vertex 27.857143 22.446809 0.400000
    endloop
  endfacet
  facet normal 0.000000 -1.000000 0.000000
    outer loop
      vertex 27.857143 22.127660 0.000000
      vertex 31.666667 22.127660 0.000000
      vertex 31.666667 22.127660 0.400000
    endloop
  endfacet
  facet normal 0.000000 -1.000000 0.000000
    outer loop
      vertex 27.857143 22.127660 0.000000
      vertex 31.666667 22.127660 0.400000
      vertex 27.857143 22.127660 0.400000
    endloop
  endfacet
  facet normal 0.000000 1.000000 0.000000
    outer loop
      vertex 27.857143 22.446809 0.000000
      vertex 31.666667 22.446809 0.400000
      vertex 31.666667 22.446809 0.000000
    endloop
  endfacet
  facet normal 0.000000 1.000000 0.000000
    outer loop
      vertex 27.857143 22.446809 0.000000
      vertex 27.857143 22.446809 0.400000
      vertex 31.666667 22.446809 0.400000
    endloop
  endfacet
  facet normal -1.000000 0.000000 0.000000
    outer loop
      vertex 27.857143 22.127660 0.000000
      vertex 27.857143 22.127660 0.400000
      vertex 27.857143 22.446809 0.400000
    endloop
  endfacet
  facet normal -1.000000 0.000000 0.000000
    outer loop
      vertex 27.857143 22.127660 0.000000
      vertex 27.857143 22.446809 0.400000
      vertex 27.857143 22.446809 0.000000
    endloop
  endfacet
  facet normal 1.000000 0.000000 0.000000
    outer loop
      vertex 31.666667 22.127660 0.000000
      vertex 31.666667 22.446809 0.000000
      vertex 31.666667 22.446809 0.400000
    endloop
  endfacet
  facet normal 1.000000 0.000000 0.000000
    outer loop
      vertex 31.666667 22.127660 0.000000
      vertex 31.666667 22.446809 0.400000
      vertex 31.666667 22.127660 0.400000
    endloop
  endfacet
  facet normal 0.000000 0.000000 -1.000000
    outer loop
      vertex 37.380952 22.127660 0.000000
      vertex 43.095238 22.446809 0.000000
      vertex 43.095238 22.127660 0.000000
    endloop
  endfacet
  facet normal 0.000000 0.000000 -1.000000
    outer loop
      vertex 37.380952 22.127660 0.000000
      vertex 37.380952 22.446809 0.000000
      vertex 43.095238 22.446809 0.000000
    endloop
  endfacet
  facet normal 0.000000 0.000000 1.000000
    outer loop
      vertex 37.380952 22.127660 0.400000
      vertex 43.095238 22.127660 0.400000
      vertex 43.095238 22.446809 0.400000
    endloop
  endfacet
  facet normal 0.000000 0.000000 1.000000
    outer loop
      vertex 37.380952 22.127660 0.400000
      vertex 43.095238 22.446809 0.400000
      vertex 37.380952 22.446809 0.400000
    endloop
  endfacet
  facet normal 0.000000 -1.000000 0.000000
    outer loop
      vertex 37.380952 22.127660 0.000000
      vertex 43.095238 22.127660 0.000000
      vertex 43.095238 22.127660 0.400000
    endloop
  endfacet
  facet normal 0.000000 -1.000000 0.000000
    outer loop
      vertex 37.380952 22.127660 0.000000
      vertex 43.095238 22.127660 0.400000
      vertex 37.380952 22.127660 0.400000
    endloop
  endfacet
  facet normal 0.000000 1.000000 0.000000
    outer loop
      vertex 37.380952 22.446809 0.000000
      vertex 43.095238 22.446809 0.400000
      vertex 43.095238 22.446809 0.000000
    endloop
  endfacet
  facet normal 0.000000 1.000000 0.000000
    outer loop
      vertex 37.380952 22.446809 0.000000
      vertex 37.380952 22.446809 0.400000
      vertex 43.095238 22.446809 0.400000
    endloop
  endfacet
  facet normal -1.000000 0.000000 0.000000
    outer loop
      vertex 37.380952 22.127660 0.000000
      vertex 37.380952 22.127660 0.400000
      vertex 37.380952 22.446809 0.400000
    endloop
  endfacet
  facet normal -1.000000 0.000000 0.000000
    outer loop
      vertex 37.380952 22.127660 0.000000
      vertex 37.380952 22.446809 0.400000
      vertex 37.380952 22.446809 0.000000
    endloop
  endfacet
  facet normal 1.000000 0.000000 0.000000
    outer loop
      vertex 43.095238 22.127660 0.000000
      vertex 43.095238 22.446809 0.000000
      vertex 43.095238 22.446809 0.400000
    endloop
  endfacet
  facet normal 1.000000 0.000000 0.000000
    outer loop
      vertex 43.095238 22.127660 0.000000
      vertex 43.095238 22.446809 0.400000
      vertex 43.095238 22.127660 0.400000
    endloop
  endfacet
  facet normal 0.000000 0.000000 -1.000000
    outer loop
      vertex 18.968254 21.808511 0.000000
      vertex 22.460317 22.127660 0.000000
      vertex 22.460317 21.808511 0.000000
    endloop
  endfacet
  facet normal 0.000000 0.000000 -1.000000
    outer loop
      vertex 18.968254 21.808511 0.000000
      vertex 18.968254 22.127660 0.000000
      vertex 22.460317 22.127660 0.000000
    endloop
  endfacet
  facet normal 0.000000 0.000000 1.000000
    outer loop
      vertex 18.968254 21.808511 0.400000
      vertex 22.460317 21.808511 0.400000
      vertex 22.460317 22.127660 0.400000
    endloop
  endfacet
  facet normal 0.000000 0.000000 1.000000
    outer loop
      vertex 18.968254 21.808511 0.400000
      vertex 22.460317 22.127660 0.400000
      vertex 18.968254 22.127660 0.400000
    endloop
  endfacet
  facet normal 0.000000 -1.000000 0.000000
    outer loop
      vertex 18.968254 21.808511 0.000000
      vertex 22.460317 21.808511 0.000000
      vertex 22.460317 21.808511 0.400000
    endloop
  endfacet
  facet normal 0.000000 -1.000000 0.000000
    outer loop
      vertex 18.968254 21.808511 0.000000
      vertex 22.460317 21.808511 0.400000
      vertex 18.968254 21.808511 0.400000
    endloop
  endfacet
  facet normal 0.000000 1.000000 0.000000
    outer loop
      vertex 18.968254 22.127660 0.000000
      vertex 22.460317 22.127660 0.400000
      vertex 22.460317 22.127660 0.000000
    endloop
  endfacet
  facet normal 0.000000 1.000000 0.000000
    outer loop
      vertex 18.968254 22.127660 0.000000
      vertex 18.968254 22.127660 0.400000
      vertex 22.460317 22.127660 0.400000
    endloop
  endfacet
  facet normal -1.000000 0.000000 0.000000
    outer loop
      vertex 18.968254 21.808511 0.000000
      vertex 18.968254 21.808511 0.400000
      vertex 18.968254 22.127660 0.400000
    endloop
  endfacet
  facet normal -1.000000 0.000000 0.000000
    outer loop
      vertex 18.968254 21.808511 0.000000
      vertex 18.968254 22.127660 0.400000
      vertex 18.968254 22.127660 0.000000
    endloop
  endfacet
  facet normal 1.000000 0.000000 0.000000
    outer loop
      vertex 22.460317 21.808511 0.000000
      vertex 22.460317 22.127660 0.000000
      vertex 22.460317 22.127660 0.400000
    endloop
  endfacet
  facet normal 1.000000 0.000000 0.000000
    outer loop
      vertex 22.460317 21.808511 0.000000
      vertex 22.460317 22.127660 0.400000
      vertex 22.460317 21.808511 0.400000
    endloop
  endfacet
  facet normal 0.000000 0.000000 -1.000000
    outer loop
      vertex 28.174603 21.808511 0.000000
      vertex 31.666667 22.127660 0.000000
      vertex 31.666667 21.808511 0.000000
    endloop
  endfacet
  facet normal 0.000000 0.000000 -1.000000
    outer loop
      vertex 28.174603 21.808511 0.000000
      vertex 28.174603 22.127660 0.000000
      vertex 31.666667 22.127660 0.000000
    endloop
  endfacet
  facet normal 0.000000 0.000000 1.000000
    outer loop
      vertex 28.174603 21.808511 0.400000
      vertex 31.666667 21.808511 0.400000
      vertex 31.666667 22.127660 0.400000
    endloop
  endfacet
  facet normal 0.000000 0.000000 1.000000
    outer loop
      vertex 28.174603 21.808511 0.400000
      vertex 31.666667 22.127660 0.400000
      vertex 28.174603 22.127660 0.400000
    endloop
  endfacet
  facet normal 0.000000 -1.000000 0.000000
    outer loop
      vertex 28.174603 21.808511 0.000000
      vertex 31.666667 21.808511 0.000000
      vertex 31.666667 21.808511 0.400000
    endloop
  endfacet
  facet normal 0.000000 -1.000000 0.000000
    outer loop
      vertex 28.174603 21.808511 0.000000
      vertex 31.666667 21.808511 0.400000
      vertex 28.174603 21.808511 0.400000
    endloop
  endfacet
  facet normal 0.000000 1.000000 0.000000
    outer loop
      vertex 28.174603 22.127660 0.000000
      vertex 31.666667 22.127660 0.400000
      vertex 31.666667 22.127660 0.000000
    endloop
  endfacet
  facet normal 0.000000 1.000000 0.000000
    outer loop
      vertex 28.174603 22.127660 0.000000
      vertex 28.174603 22.127660 0.400000
      vertex 31.666667 22.127660 0.400000
    endloop
  endfacet
  facet normal -1.000000 0.000000 0.000000
    outer loop
      vertex 28.174603 21.808511 0.000000
      vertex 28.174603 21.808511 0.400000
      vertex 28.174603 22.127660 0.400000
    endloop
  endfacet
  facet normal -1.000000 0.000000 0.000000
    outer loop
      vertex 28.174603 21.808511 0.000000
      vertex 28.174603 22.127660 0.400000
      vertex 28.174603 22.127660 0.000000
    endloop
  endfacet
  facet normal 1.000000 0.000000 0.000000
    outer loop
      vertex 31.666667 21.808511 0.000000
      vertex 31.666667 22.127660 0.000000
      vertex 31.666667 22.127660 0.400000
    endloop
  endfacet
  facet normal 1.000000 0.000000 0.000000
    outer loop
      vertex 31.666667 21.808511 0.000000
      vertex 31.666667 22.127660 0.400000
      vertex 31.666667 21.808511 0.400000
    endloop
  endfacet
  facet normal 0.000000 0.000000 -1.000000
    outer loop
      vertex 37.698413 21.808511 0.000000
      vertex 43.095238 22.127660 0.000000
      vertex 43.095238 21.808511 0.000000
    endloop
  endfacet
  facet normal 0.000000 0.000000 -1.000000
    outer loop
      vertex 37.698413 21.808511 0.000000
      vertex 37.698413 22.127660 0.000000
      vertex 43.095238 22.127660 0.000000
    endloop
  endfacet
  facet normal 0.000000 0.000000 1.000000
    outer loop
      vertex 37.698413 21.808511 0.400000
      vertex 43.095238 21.808511 0.400000
      vertex 43.095238 22.127660 0.400000
    endloop
  endfacet
  facet normal 0.000000 0.000000 1.000000
    outer loop
      vertex 37.698413 21.808511 0.400000
      vertex 43.095238 22.127660 0.400000
      vertex 37.698413 22.127660 0.400000
    endloop
  endfacet
  facet normal 0.000000 -1.000000 0.000000
    outer loop
      vertex 37.698413 21.808511 0.000000
      vertex 43.095238 21.808511 0.000000
      vertex 43.095238 21.808511 0.400000
    endloop
  endfacet
  facet normal 0.000000 -1.000000 0.000000
    outer loop
      vertex 37.698413 21.808511 0.000000
      vertex 43.095238 21.808511 0.400000
      vertex 37.698413 21.808511 0.400000
    endloop
  endfacet
  facet normal 0.000000 1.000000 0.000000
    outer loop
      vertex 37.698413 22.127660 0.000000
      vertex 43.095238 22.127660 0.400000
      vertex 43.095238 22.127660 0.000000
    endloop
  endfacet
  facet normal 0.000000 1.000000 0.000000
    outer loop
      vertex 37.698413 22.127660 0.000000
      vertex 37.698413 22.127660 0.400000
      vertex 43.095238 22.127660 0.400000
    endloop
  endfacet
  facet normal -1.000000 0.000000 0.000000
    outer loop
      vertex 37.698413 21.808511 0.000000
      vertex 37.698413 21.808511 0.400000
      vertex 37.698413 22.127660 0.400000
    endloop
  endfacet
  facet normal -1.000000 0.000000 0.000000
    outer loop
      vertex 37.698413 21.808511 0.000000
      vertex 37.698413 22.127660 0.400000
      vertex 37.698413 22.127660 0.000000
    endloop
  endfacet
  facet normal 1.000000 0.000000 0.000000
    outer loop
      vertex 43.095238 21.808511 0.000000
      vertex 43.095238 22.127660 0.000000
      vertex 43.095238 22.127660 0.400000
    endloop
  endfacet
  facet normal 1.000000 0.000000 0.000000
    outer loop
      vertex 43.095238 21.808511 0.000000
      vertex 43.095238 22.127660 0.400000
      vertex 43.095238 21.808511 0.400000
    endloop
  endfacet
  facet normal 0.000000 0.000000 -1.000000
    outer loop
      vertex 18.968254 21.170213 0.000000
      vertex 22.142857 21.808511 0.000000
      vertex 22.142857 21.170213 0.000000
    endloop
  endfacet
  facet normal 0.000000 0.000000 -1.000000
    outer loop
      vertex 18.968254 21.170213 0.000000
      vertex 18.968254 21.808511 0.000000
      vertex 22.142857 21.808511 0.000000
    endloop
  endfacet
  facet normal 0.000000 0.000000 1.000000
    outer loop
      vertex 18.968254 21.170213 0.400000
      vertex 22.142857 21.170213 0.400000
      vertex 22.142857 21.808511 0.400000
    endloop
  endfacet
  facet normal 0.000000 0.000000 1.000000
    outer loop
      vertex 18.968254 21.170213 0.400000
      vertex 22.142857 21.808511 0.400000
      vertex 18.968254 21.808511 0.400000
    endloop
  endfacet
  facet normal 0.000000 -1.000000 0.000000
    outer loop
      vertex 18.968254 21.170213 0.000000
      vertex 22.142857 21.170213 0.000000
      vertex 22.142857 21.170213 0.400000
    endloop
  endfacet
  facet normal 0.000000 -1.000000 0.000000
    outer loop
      vertex 18.968254 21.170213 0.000000
      vertex 22.142857 21.170213 0.400000
      vertex 18.968254 21.170213 0.400000
    endloop
  endfacet
  facet normal 0.000000 1.000000 0.000000
    outer loop
      vertex 18.968254 21.808511 0.000000
      vertex 22.142857 21.808511 0.400000
      vertex 22.142857 21.808511 0.000000
    endloop
  endfacet
  facet normal 0.000000 1.000000 0.000000
    outer loop
      vertex 18.968254 21.808511 0.000000
      vertex 18.968254 21.808511 0.400000
      vertex 22.142857 21.808511 0.400000
    endloop
  endfacet
  facet normal -1.000000 0.000000 0.000000
    outer loop
      vertex 18.968254 21.170213 0.000000
      vertex 18.968254 21.170213 0.400000
      vertex 18.968254 21.808511 0.400000
    endloop
  endfacet
  facet normal -1.000000 0.000000 0.000000
    outer loop
      vertex 18.968254 21.170213 0.000000
      vertex 18.968254 21.808511 0.400000
      vertex 18.968254 21.808511 0.000000
    endloop
  endfacet
  facet normal 1.000000 0.000000 0.000000
    outer loop
      vertex 22.142857 21.170213 0.000000
      vertex 22.142857 21.808511 0.000000
      vertex 22.142857 21.808511 0.400000
    endloop
  endfacet
  facet normal 1.000000 0.000000 0.000000
    outer loop
      vertex 22.142857 21.170213 0.000000
      vertex 22.142857 21.808511 0.400000
      vertex 22.142857 21.170213 0.400000
    endloop
  endfacet
  facet normal 0.000000 0.000000 -1.000000
    outer loop
      vertex 28.492063 21.489362 0.000000
      vertex 31.666667 21.808511 0.000000
      vertex 31.666667 21.489362 0.000000
    endloop
  endfacet
  facet normal 0.000000 0.000000 -1.000000
    outer loop
      vertex 28.492063 21.489362 0.000000
      vertex 28.492063 21.808511 0.000000
      vertex 31.666667 21.808511 0.000000
    endloop
  endfacet
  facet normal 0.000000 0.000000 1.000000
    outer loop
      vertex 28.492063 21.489362 0.400000
      vertex 31.666667 21.489362 0.400000
      vertex 31.666667 21.808511 0.400000
    endloop
  endfacet
  facet normal 0.000000 0.000000 1.000000
    outer loop
      vertex 28.492063 21.489362 0.400000
      vertex 31.666667 21.808511 0.400000
      vertex 28.492063 21.808511 0.400000
    endloop
  endfacet
  facet normal 0.000000 -1.000000 0.000000
    outer loop
      vertex 28.492063 21.489362 0.000000
      vertex 31.666667 21.489362 0.000000
      vertex 31.666667 21.489362 0.400000
    endloop
  endfacet
  facet normal 0.000000 -1.000000 0.000000
    outer loop
      vertex 28.492063 21.489362 0.000000
      vertex 31.666667 21.489362 0.400000
      vertex 28.492063 21.489362 0.400000
    endloop
  endfacet
  facet normal 0.000000 1.000000 0.000000
    outer loop
      vertex 28.492063 21.808511 0.000000
      vertex 31.666667 21.808511 0.400000
      vertex 31.666667 21.808511 0.000000
    endloop
  endfacet
  facet normal 0.000000 1.000000 0.000000
    outer loop
      vertex 28.492063 21.808511 0.000000
      vertex 28.492063 21.808511 0.400000
      vertex 31.666667 21.808511 0.400000
    endloop
  endfacet
  facet normal -1.000000 0.000000 0.000000
    outer loop
      vertex 28.492063 21.489362 0.000000
      vertex 28.492063 21.489362 0.400000
      vertex 28.492063 21.808511 0.400000
    endloop
  endfacet
  facet normal -1.000000 0.000000 0.000000
    outer loop
      vertex 28.492063 21.489362 0.000000
      vertex 28.492063 21.808511 0.400000
      vertex 28.492063 21.808511 0.000000
    endloop
  endfacet
  facet normal 1.000000 0.000000 0.000000
    outer loop
      vertex 31.666667 21.489362 0.000000
      vertex 31.666667 21.808511 0.000000
      vertex 31.666667 21.808511 0.400000
    endloop
  endfacet
  facet normal 1.000000 0.000000 0.000000
    outer loop
      vertex 31.666667 21.489362 0.000000
      vertex 31.666667 21.808511 0.400000
      vertex 31.666667 21.489362 0.400000
    endloop
  endfacet
  facet normal 0.000000 0.000000 -1.000000
    outer loop
      vertex 38.015873 21.489362 0.000000
      vertex 43.095238 21.808511 0.000000
      vertex 43.095238 21.489362 0.000000
    endloop
  endfacet
  facet normal 0.000000 0.000000 -1.000000
    outer loop
      vertex 38.015873 21.489362 0.000000
      vertex 38.015873 21.808511 0.000000
      vertex 43.095238 21.808511 0.000000
    endloop
  endfacet
  facet normal 0.000000 0.000000 1.000000
    outer loop
      vertex 38.015873 21.489362 0.400000
      vertex 43.095238 21.489362 0.400000
      vertex 43.095238 21.808511 0.400000
    endloop
  endfacet
  facet normal 0.000000 0.000000 1.000000
    outer loop
      vertex 38.015873 21.489362 0.400000
      vertex 43.095238 21.808511 0.400000
      vertex 38.015873 21.808511 0.400000
    endloop
  endfacet
  facet normal 0.000000 -1.000000 0.000000
    outer loop
      vertex 38.015873 21.489362 0.000000
      vertex 43.095238 21.489362 0.000000
      vertex 43.095238 21.489362 0.400000
    endloop
  endfacet
  facet normal 0.000000 -1.000000 0.000000
    outer loop
      vertex 38.015873 21.489362 0.000000
      vertex 43.095238 21.489362 0.400000
      vertex 38.015873 21.489362 0.400000
    endloop
  endfacet
  facet normal 0.000000 1.000000 0.000000
    outer loop
      vertex 38.015873 21.808511 0.000000
      vertex 43.095238 21.808511 0.400000
      vertex 43.095238 21.808511 0.000000
    endloop
  endfacet
  facet normal 0.000000 1.000000 0.000000
    outer loop
      vertex 38.015873 21.808511 0.000000
      vertex 38.015873 21.808511 0.400000
      vertex 43.095238 21.808511 0.400000
    endloop
  endfacet
  facet normal -1.000000 0.000000 0.000000
    outer loop
      vertex 38.015873 21.489362 0.000000
      vertex 38.015873 21.489362 0.400000
      vertex 38.015873 21.808511 0.400000
    endloop
  endfacet
  facet normal -1.000000 0.000000 0.000000
    outer loop
      vertex 38.015873 21.489362 0.000000
      vertex 38.015873 21.808511 0.400000
      vertex 38.015873 21.808511 0.000000
    endloop
  endfacet
  facet normal 1.000000 0.000000 0.000000
    outer loop
      vertex 43.095238 21.489362 0.000000
      vertex 43.095238 21.808511 0.000000
      vertex 43.095238 21.808511 0.400000
    endloop
  endfacet
  facet normal 1.000000 0.000000 0.000000
    outer loop
      vertex 43.095238 21.489362 0.000000
      vertex 43.095238 21.808511 0.400000
      vertex 43.095238 21.489362 0.400000
    endloop
  endfacet
  facet normal 0.000000 0.000000 -1.000000
    outer loop
      vertex 28.809524 21.170213 0.000000
      vertex 31.666667 21.489362 0.000000
      vertex 31.666667 21.170213 0.000000
    endloop
  endfacet
  facet normal 0.000000 0.000000 -1.000000
    outer loop
      vertex 28.809524 21.170213 0.000000
      vertex 28.809524 21.489362 0.000000
      vertex 31.666667 21.489362 0.000000
    endloop
  endfacet
  facet normal 0.000000 0.000000 1.000000
    outer loop
      vertex 28.809524 21.170213 0.400000
      vertex 31.666667 21.170213 0.400000
      vertex 31.666667 21.489362 0.400000
    endloop
  endfacet
  facet normal 0.000000 0.000000 1.000000
    outer loop
      vertex 28.809524 21.170213 0.400000
      vertex 31.666667 21.489362 0.400000
      vertex 28.809524 21.489362 0.400000
    endloop
  endfacet
  facet normal 0.000000 -1.000000 0.000000
    outer loop
      vertex 28.809524 21.170213 0.000000
      vertex 31.666667 21.170213 0.000000
      vertex 31.666667 21.170213 0.400000
    endloop
  endfacet
  facet normal 0.000000 -1.000000 0.000000
    outer loop
      vertex 28.809524 21.170213 0.000000
      vertex 31.666667 21.170213 0.400000
      vertex 28.809524 21.170213 0.400000
    endloop
  endfacet
  facet normal 0.000000 1.000000 0.000000
    outer loop
      vertex 28.809524 21.489362 0.000000
      vertex 31.666667 21.489362 0.400000
      vertex 31.666667 21.489362 0.000000
    endloop
  endfacet
  facet normal 0.000000 1.000000 0.000000
    outer loop
      vertex 28.809524 21.489362 0.000000
      vertex 28.809524 21.489362 0.400000
      vertex 31.666667 21.489362 0.400000
    endloop
  endfacet
  facet normal -1.000000 0.000000 0.000000
    outer loop
      vertex 28.809524 21.170213 0.000000
      vertex 28.809524 21.170213 0.400000
      vertex 28.809524 21.489362 0.400000
    endloop
  endfacet
  facet normal -1.000000 0.000000 0.000000
    outer loop
      vertex 28.809524 21.170213 0.000000
      vertex 28.809524 21.489362 0.400000
      vertex 28.809524 21.489362 0.000000
    endloop
  endfacet
  facet normal 1.000000 0.000000 0.000000
    outer loop
      vertex 31.666667 21.170213 0.000000
      vertex 31.666667 21.489362 0.000000
      vertex 31.666667 21.489362 0.400000
    endloop
  endfacet
  facet normal 1.000000 0.000000 0.000000
    outer loop
      vertex 31.666667 21.170213 0.000000
      vertex 31.666667 21.489362 0.400000
      vertex 31.666667 21.170213 0.400000
    endloop
  endfacet
  facet normal 0.000000 0.000000 -1.000000
    outer loop
      vertex 38.333333 20.851064 0.000000
      vertex 43.095238 21.489362 0.000000
      vertex 43.095238 20.851064 0.000000
    endloop
  endfacet
  facet normal 0.000000 0.000000 -1.000000
    outer loop
      vertex 38.333333 20.851064 0.000000
      vertex 38.333333 21.489362 0.000000
      vertex 43.095238 21.489362 0.000000
    endloop
  endfacet
  facet normal 0.000000 0.000000 1.000000
    outer loop
      vertex 38.333333 20.851064 0.400000
      vertex 43.095238 20.851064 0.400000
      vertex 43.095238 21.489362 0.400000
    endloop
  endfacet
  facet normal 0.000000 0.000000 1.000000
    outer loop
      vertex 38.333333 20.851064 0.400000
      vertex 43.095238 21.489362 0.400000
      vertex 38.333333 21.489362 0.400000
    endloop
  endfacet
  facet normal 0.000000 -1.000000 0.000000
    outer loop
      vertex 38.333333 20.851064 0.000000
      vertex 43.095238 20.851064 0.000000
      vertex 43.095238 20.851064 0.400000
    endloop
  endfacet
  facet normal 0.000000 -1.000000 0.000000
    outer loop
      vertex 38.333333 20.851064 0.000000
      vertex 43.095238 20.851064 0.400000
      vertex 38.333333 20.851064 0.400000
    endloop
  endfacet
  facet normal 0.000000 1.000000 0.000000
    outer loop
      vertex 38.333333 21.489362 0.000000
      vertex 43.095238 21.489362 0.400000
      vertex 43.095238 21.489362 0.000000
    endloop
  endfacet
  facet normal 0.000000 1.000000 0.000000
    outer loop
      vertex 38.333333 21.489362 0.000000
      vertex 38.333333 21.489362 0.400000
      vertex 43.095238 21.489362 0.400000
    endloop
  endfacet
  facet normal -1.000000 0.000000 0.000000
    outer loop
      vertex 38.333333 20.851064 0.000000
      vertex 38.333333 20.851064 0.400000
      vertex 38.333333 21.489362 0.400000
    endloop
  endfacet
  facet normal -1.000000 0.000000 0.000000
    outer loop
      vertex 38.333333 20.851064 0.000000
      vertex 38.333333 21.489362 0.400000
      vertex 38.333333 21.489362 0.000000
    endloop
  endfacet
  facet normal 1.000000 0.000000 0.000000
    outer loop
      vertex 43.095238 20.851064 0.000000
      vertex 43.095238 21.489362 0.000000
      vertex 43.095238 21.489362 0.400000
    endloop
  endfacet
  facet normal 1.000000 0.000000 0.000000
    outer loop
      vertex 43.095238 20.851064 0.000000
      vertex 43.095238 21.489362 0.400000
      vertex 43.095238 20.851064 0.400000
    endloop
  endfacet
  facet normal 0.000000 0.000000 -1.000000
    outer loop
      vertex 18.968254 20.531915 0.000000
      vertex 21.825397 21.170213 0.000000
      vertex 21.825397 20.531915 0.000000
    endloop
  endfacet
  facet normal 0.000000 0.000000 -1.000000
    outer loop
      vertex 18.968254 20.531915 0.000000
      vertex 18.968254 21.170213 0.000000
      vertex 21.825397 21.170213 0.000000
    endloop
  endfacet
  facet normal 0.000000 0.000000 1.000000
    outer loop
      vertex 18.968254 20.531915 0.400000
      vertex 21.825397 20.531915 0.400000
      vertex 21.825397 21.170213 0.400000
    endloop
  endfacet
  facet normal 0.000000 0.000000 1.000000
    outer loop
      vertex 18.968254 20.531915 0.400000
      vertex 21.825397 21.170213 0.400000
      vertex 18.968254 21.170213 0.400000
    endloop
  endfacet
  facet normal 0.000000 -1.000000 0.000000
    outer loop
      vertex 18.968254 20.531915 0.000000
      vertex 21.825397 20.531915 0.000000
      vertex 21.825397 20.531915 0.400000
    endloop
  endfacet
  facet normal 0.000000 -1.000000 0.000000
    outer loop
      vertex 18.968254 20.531915 0.000000
      vertex 21.825397 20.531915 0.400000
      vertex 18.968254 20.531915 0.400000
    endloop
  endfacet
  facet normal 0.000000 1.000000 0.000000
    outer loop
      vertex 18.968254 21.170213 0.000000
      vertex 21.825397 21.170213 0.400000
      vertex 21.825397 21.170213 0.000000
    endloop
  endfacet
  facet normal 0.000000 1.000000 0.000000
    outer loop
      vertex 18.968254 21.170213 0.000000
      vertex 18.968254 21.170213 0.400000
      vertex 21.825397 21.170213 0.400000
    endloop
  endfacet
  facet normal -1.000000 0.000000 0.000000
    outer loop
      vertex 18.968254 20.531915 0.000000
      vertex 18.968254 20.531915 0.400000
      vertex 18.968254 21.170213 0.400000
    endloop
  endfacet
  facet normal -1.000000 0.000000 0.000000
    outer loop
      vertex 18.968254 20.531915 0.000000
      vertex 18.968254 21.170213 0.400000
      vertex 18.968254 21.170213 0.000000
    endloop
  endfacet
  facet normal 1.000000 0.000000 0.000000
    outer loop
      vertex 21.825397 20.531915 0.000000
      vertex 21.825397 21.170213 0.000000
      vertex 21.825397 21.170213 0.400000
    endloop
  endfacet
  facet normal 1.000000 0.000000 0.000000
    outer loop
      vertex 21.825397 20.531915 0.000000
      vertex 21.825397 21.170213 0.400000
      vertex 21.825397 20.531915 0.400000
    endloop
  endfacet
  facet normal 0.000000 0.000000 -1.000000
    outer loop
      vertex 24.682540 14.148936 0.000000
      vertex 25.952381 21.170213 0.000000
      vertex 25.952381 14.148936 0.000000
    endloop
  endfacet
  facet normal 0.000000 0.000000 -1.000000
    outer loop
      vertex 24.682540 14.148936 0.000000
      vertex 24.682540 21.170213 0.000000
      vertex 25.952381 21.170213 0.000000
    endloop
  endfacet
  facet normal 0.000000 0.000000 1.000000
    outer loop
      vertex 24.682540 14.148936 0.400000
      vertex 25.952381 14.148936 0.400000
      vertex 25.952381 21.170213 0.400000
    endloop
  endfacet
  facet normal 0.000000 0.000000 1.000000
    outer loop
      vertex 24.682540 14.148936 0.400000
      vertex 25.952381 21.170213 0.400000
      vertex 24.682540 21.170213 0.400000
    endloop
  endfacet
  facet normal 0.000000 -1.000000 0.000000
    outer loop
      vertex 24.682540 14.148936 0.000000
      vertex 25.952381 14.148936 0.000000
      vertex 25.952381 14.148936 0.400000
    endloop
  endfacet
  facet normal 0.000000 -1.000000 0.000000
    outer loop
      vertex 24.682540 14.148936 0.000000
      vertex 25.952381 14.148936 0.400000
      vertex 24.682540 14.148936 0.400000
    endloop
  endfacet
  facet normal 0.000000 1.000000 0.000000
    outer loop
      vertex 24.682540 21.170213 0.000000
      vertex 25.952381 21.170213 0.400000
      vertex 25.952381 21.170213 0.000000
    endloop
  endfacet
  facet normal 0.000000 1.000000 0.000000
    outer loop
      vertex 24.682540 21.170213 0.000000
      vertex 24.682540 21.170213 0.400000
      vertex 25.952381 21.170213 0.400000
    endloop
  endfacet
  facet normal -1.000000 0.000000 0.000000
    outer loop
      vertex 24.682540 14.148936 0.000000
      vertex 24.682540 14.148936 0.400000
      vertex 24.682540 21.170213 0.400000
    endloop
  endfacet
  facet normal -1.000000 0.000000 0.000000
    outer loop
      vertex 24.682540 14.148936 0.000000
      vertex 24.682540 21.170213 0.400000
      vertex 24.682540 21.170213 0.000000
    endloop
  endfacet
  facet normal 1.000000 0.000000 0.000000
    outer loop
      vertex 25.952381 14.148936 0.000000
      vertex 25.952381 21.170213 0.000000
      vertex 25.952381 21.170213 0.400000
    endloop
  endfacet
  facet normal 1.000000 0.000000 0.000000
    outer loop
      vertex 25.952381 14.148936 0.000000
      vertex 25.952381 21.170213 0.400000
      vertex 25.952381 14.148936 0.400000
    endloop
  endfacet
  facet normal 0.000000 0.000000 -1.000000
    outer loop
      vertex 29.126984 20.212766 0.000000
      vertex 31.666667 21.170213 0.000000
      vertex 31.666667 20.212766 0.000000
    endloop
  endfacet
  facet normal 0.000000 0.000000 -1.000000
    outer loop
      vertex 29.126984 20.212766 0.000000
      vertex 29.126984 21.170213 0.000000
      vertex 31.666667 21.170213 0.000000
    endloop
  endfacet
  facet normal 0.000000 0.000000 1.000000
    outer loop
      vertex 29.126984 20.212766 0.400000
      vertex 31.666667 20.212766 0.400000
      vertex 31.666667 21.170213 0.400000
    endloop
  endfacet
  facet normal 0.000000 0.000000 1.000000
    outer loop
      vertex 29.126984 20.212766 0.400000
      vertex 31.666667 21.170213 0.400000
      vertex 29.126984 21.170213 0.400000
    endloop
  endfacet
  facet normal 0.000000 -1.000000 0.000000
    outer loop
      vertex 29.126984 20.212766 0.000000
      vertex 31.666667 20.212766 0.000000
      vertex 31.666667 20.212766 0.400000
    endloop
  endfacet
  facet normal 0.000000 -1.000000 0.000000
    outer loop
      vertex 29.126984 20.212766 0.000000
      vertex 31.666667 20.212766 0.400000
      vertex 29.126984 20.212766 0.400000
    endloop
  endfacet
  facet normal 0.000000 1.000000 0.000000
    outer loop
      vertex 29.126984 21.170213 0.000000
      vertex 31.666667 21.170213 0.400000
      vertex 31.666667 21.170213 0.000000
    endloop
  endfacet
  facet normal 0.000000 1.000000 0.000000
    outer loop
      vertex 29.126984 21.170213 0.000000
      vertex 29.126984 21.170213 0.400000
      vertex 31.666667 21.170213 0.400000
    endloop
  endfacet
  facet normal -1.000000 0.000000 0.000000
    outer loop
      vertex 29.126984 20.212766 0.000000
      vertex 29.126984 20.212766 0.400000
      vertex 29.126984 21.170213 0.400000
    endloop
  endfacet
  facet normal -1.000000 0.000000 0.000000
    outer loop
      vertex 29.126984 20.212766 0.000000
      vertex 29.126984 21.170213 0.400000
      vertex 29.126984 21.170213 0.000000
    endloop
  endfacet
  facet normal 1.000000 0.000000 0.000000
    outer loop
      vertex 31.666667 20.212766 0.000000
      vertex 31.666667 21.170213 0.000000
      vertex 31.666667 21.170213 0.400000
    endloop
  endfacet
  facet normal 1.000000 0.000000 0.000000
    outer loop
      vertex 31.666667 20.212766 0.000000
      vertex 31.666667 21.170213 0.400000
      vertex 31.666667 20.212766 0.400000
    endloop
  endfacet
  facet normal 0.000000 0.000000 -1.000000
    outer loop
      vertex 32.936508 19.255319 0.000000
      vertex 35.158730 21.170213 0.000000
      vertex 35.158730 19.255319 0.000000
    endloop
  endfacet
  facet normal 0.000000 0.000000 -1.000000
    outer loop
      vertex 32.936508 19.255319 0.000000
      vertex 32.936508 21.170213 0.000000
      vertex 35.158730 21.170213 0.000000
    endloop
  endfacet
  facet normal 0.000000 0.000000 1.000000
    outer loop
      vertex 32.936508 19.255319 0.400000
      vertex 35.158730 19.255319 0.400000
      vertex 35.158730 21.170213 0.400000
    endloop
  endfacet
  facet normal 0.000000 0.000000 1.000000
    outer loop
      vertex 32.936508 19.255319 0.400000
      vertex 35.158730 21.170213 0.400000
      vertex 32.936508 21.170213 0.400000
    endloop
  endfacet
  facet normal 0.000000 -1.000000 0.000000
    outer loop
      vertex 32.936508 19.255319 0.000000
      vertex 35.158730 19.255319 0.000000
      vertex 35.158730 19.255319 0.400000
    endloop
  endfacet
  facet normal 0.000000 -1.000000 0.000000
    outer loop
      vertex 32.936508 19.255319 0.000000
      vertex 35.158730 19.255319 0.400000
      vertex 32.936508 19.255319 0.400000
    endloop
  endfacet
  facet normal 0.000000 1.000000 0.000000
    outer loop
      vertex 32.936508 21.170213 0.000000
      vertex 35.158730 21.170213 0.400000
      vertex 35.158730 21.170213 0.000000
    endloop
  endfacet
  facet normal 0.000000 1.000000 0.000000
    outer loop
      vertex 32.936508 21.170213 0.000000
      vertex 32.936508 21.170213 0.400000
      vertex 35.158730 21.170213 0.400000
    endloop
  endfacet
  facet normal -1.000000 0.000000 0.000000
    outer loop
      vertex 32.936508 19.255319 0.000000
      vertex 32.936508 19.255319 0.400000
      vertex 32.936508 21.170213 0.400000
    endloop
  endfacet
  facet normal -1.000000 0.000000 0.000000
    outer loop
      vertex 32.936508 19.255319 0.000000
      vertex 32.936508 21.170213 0.400000
      vertex 32.936508 21.170213 0.000000
    endloop
  endfacet
  facet normal 1.000000 0.000000 0.000000
    outer loop
      vertex 35.158730 19.255319 0.000000
      vertex 35.158730 21.170213 0.000000
      vertex 35.158730 21.170213 0.400000
    endloop
  endfacet
  facet normal 1.000000 0.000000 0.000000
    outer loop
      vertex 35.158730 19.255319 0.000000
      vertex 35.158730 21.170213 0.400000
      vertex 35.158730 19.255319 0.400000
    endloop
  endfacet
  facet normal 0.000000 0.000000 -1.000000
    outer loop
      vertex 24.365079 14.468085 0.000000
      vertex 24.682540 20.851064 0.000000
      vertex 24.682540 14.468085 0.000000
    endloop
  endfacet
  facet normal 0.000000 0.000000 -1.000000
    outer loop
      vertex 24.365079 14.468085 0.000000
      vertex 24.365079 20.851064 0.000000
      vertex 24.682540 20.851064 0.000000
    endloop
  endfacet
  facet normal 0.000000 0.000000 1.000000
    outer loop
      vertex 24.365079 14.468085 0.400000
      vertex 24.682540 14.468085 0.400000
      vertex 24.682540 20.851064 0.400000
    endloop
  endfacet
  facet normal 0.000000 0.000000 1.000000
    outer loop
      vertex 24.365079 14.468085 0.400000
      vertex 24.682540 20.851064 0.400000
      vertex 24.365079 20.851064 0.400000
    endloop
  endfacet
  facet normal 0.000000 -1.000000 0.000000
    outer loop
      vertex 24.365079 14.468085 0.000000
      vertex 24.682540 14.468085 0.000000
      vertex 24.682540 14.468085 0.400000
    endloop
  endfacet
  facet normal 0.000000 -1.000000 0.000000
    outer loop
      vertex 24.365079 14.468085 0.000000
      vertex 24.682540 14.468085 0.400000
      vertex 24.365079 14.468085 0.400000
    endloop
  endfacet
  facet normal 0.000000 1.000000 0.000000
    outer loop
      vertex 24.365079 20.851064 0.000000
      vertex 24.682540 20.851064 0.400000
      vertex 24.682540 20.851064 0.000000
    endloop
  endfacet
  facet normal 0.000000 1.000000 0.000000
    outer loop
      vertex 24.365079 20.851064 0.000000
      vertex 24.365079 20.851064 0.400000
      vertex 24.682540 20.851064 0.400000
    endloop
  endfacet
  facet normal -1.000000 0.000000 0.000000
    outer loop
      vertex 24.365079 14.468085 0.000000
      vertex 24.365079 14.468085 0.400000
      vertex 24.365079 20.851064 0.400000
    endloop
  endfacet
  facet normal -1.000000 0.000000 0.000000
    outer loop
      vertex 24.365079 14.468085 0.000000
      vertex 24.365079 20.851064 0.400000
      vertex 24.365079 20.851064 0.000000
    endloop
  endfacet
  facet normal 1.000000 0.000000 0.000000
    outer loop
      vertex 24.682540 14.468085 0.000000
      vertex 24.682540 20.851064 0.000000
      vertex 24.682540 20.851064 0.400000
    endloop
  endfacet
  facet normal 1.000000 0.000000 0.000000
    outer loop
      vertex 24.682540 14.468085 0.000000
      vertex 24.682540 20.851064 0.400000
      vertex 24.682540 14.468085 0.400000
    endloop
  endfacet
  facet normal 0.000000 0.000000 -1.000000
    outer loop
      vertex 25.952381 14.468085 0.000000
      vertex 26.587302 20.851064 0.000000
      vertex 26.587302 14.468085 0.000000
    endloop
  endfacet
  facet normal 0.000000 0.000000 -1.000000
    outer loop
      vertex 25.952381 14.468085 0.000000
      vertex 25.952381 20.851064 0.000000
      vertex 26.587302 20.851064 0.000000
    endloop
  endfacet
  facet normal 0.000000 0.000000 1.000000
    outer loop
      vertex 25.952381 14.468085 0.400000
      vertex 26.587302 14.468085 0.400000
      vertex 26.587302 20.851064 0.400000
    endloop
  endfacet
  facet normal 0.000000 0.000000 1.000000
    outer loop
      vertex 25.952381 14.468085 0.400000
      vertex 26.587302 20.851064 0.400000
      vertex 25.952381 20.851064 0.400000
    endloop
  endfacet
  facet normal 0.000000 -1.000000 0.000000
    outer loop
      vertex 25.952381 14.468085 0.000000
      vertex 26.587302 14.468085 0.000000
      vertex 26.587302 14.468085 0.400000
    endloop
  endfacet
  facet normal 0.000000 -1.000000 0.000000
    outer loop
      vertex 25.952381 14.468085 0.000000
      vertex 26.587302 14.468085 0.400000
      vertex 25.952381 14.468085 0.400000
    endloop
  endfacet
  facet normal 0.000000 1.000000 0.000000
    outer loop
      vertex 25.952381 20.851064 0.000000
      vertex 26.587302 20.851064 0.400000
      vertex 26.587302 20.851064 0.000000
    endloop
  endfacet
  facet normal 0.000000 1.000000 0.000000
    outer loop
      vertex 25.952381 20.851064 0.000000
      vertex 25.952381 20.851064 0.400000
      vertex 26.587302 20.851064 0.400000
    endloop
  endfacet
  facet normal -1.000000 0.000000 0.000000
    outer loop
      vertex 25.952381 14.468085 0.000000
      vertex 25.952381 14.468085 0.400000
      vertex 25.952381 20.851064 0.400000
    endloop
  endfacet
  facet normal -1.000000 0.000000 0.000000
    outer loop
      vertex 25.952381 14.468085 0.000000
      vertex 25.952381 20.851064 0.400000
      vertex 25.952381 20.851064 0.000000
    endloop
  endfacet
  facet normal 1.000000 0.000000 0.000000
    outer loop
      vertex 26.587302 14.468085 0.000000
      vertex 26.587302 20.851064 0.000000
      vertex 26.587302 20.851064 0.400000
    endloop
  endfacet
  facet normal 1.000000 0.000000 0.000000
    outer loop
      vertex 26.587302 14.468085 0.000000
      vertex 26.587302 20.851064 0.400000
      vertex 26.587302 14.468085 0.400000
    endloop
  endfacet
  facet normal 0.000000 0.000000 -1.000000
    outer loop
      vertex 31.984127 18.936170 0.000000
      vertex 32.936508 20.851064 0.000000
      vertex 32.936508 18.936170 0.000000
    endloop
  endfacet
  facet normal 0.000000 0.000000 -1.000000
    outer loop
      vertex 31.984127 18.936170 0.000000
      vertex 31.984127 20.851064 0.000000
      vertex 32.936508 20.851064 0.000000
    endloop
  endfacet
  facet normal 0.000000 0.000000 1.000000
    outer loop
      vertex 31.984127 18.936170 0.400000
      vertex 32.936508 18.936170 0.400000
      vertex 32.936508 20.851064 0.400000
    endloop
  endfacet
  facet normal 0.000000 0.000000 1.000000
    outer loop
      vertex 31.984127 18.936170 0.400000
      vertex 32.936508 20.851064 0.400000
      vertex 31.984127 20.851064 0.400000
    endloop
  endfacet
  facet normal 0.000000 -1.000000 0.000000
    outer loop
      vertex 31.984127 18.936170 0.000000
      vertex 32.936508 18.936170 0.000000
      vertex 32.936508 18.936170 0.400000
    endloop
  endfacet
  facet normal 0.000000 -1.000000 0.000000
    outer loop
      vertex 31.984127 18.936170 0.000000
      vertex 32.936508 18.936170 0.400000
      vertex 31.984127 18.936170 0.400000
    endloop
  endfacet
  facet normal 0.000000 1.000000 0.000000
    outer loop
      vertex 31.984127 20.851064 0.000000
      vertex 32.936508 20.851064 0.400000
      vertex 32.936508 20.851064 0.000000
    endloop
  endfacet
  facet normal 0.000000 1.000000 0.000000
    outer loop
      vertex 31.984127 20.851064 0.000000
      vertex 31.984127 20.851064 0.400000
      vertex 32.936508 20.851064 0.400000
    endloop
  endfacet
  facet normal -1.000000 0.000000 0.000000
    outer loop
      vertex 31.984127 18.936170 0.000000
      vertex 31.984127 18.936170 0.400000
      vertex 31.984127 20.851064 0.400000
    endloop
  endfacet
  facet normal -1.000000 0.000000 0.000000
    outer loop
      vertex 31.984127 18.936170 0.000000
      vertex 31.984127 20.851064 0.400000
      vertex 31.984127 20.851064 0.000000
    endloop
  endfacet
  facet normal 1.000000 0.000000 0.000000
    outer loop
      vertex 32.936508 18.936170 0.000000
      vertex 32.936508 20.851064 0.000000
      vertex 32.936508 20.851064 0.400000
    endloop
  endfacet
  facet normal 1.000000 0.000000 0.000000
    outer loop
      vertex 32.936508 18.936170 0.000000
      vertex 32.936508 20.851064 0.400000
      vertex 32.936508 18.936170 0.400000
    endloop
  endfacet
  facet normal 0.000000 0.000000 -1.000000
    outer loop
      vertex 35.158730 19.255319 0.000000
      vertex 35.793651 20.851064 0.000000
      vertex 35.793651 19.255319 0.000000
    endloop
  endfacet
  facet normal 0.000000 0.000000 -1.000000
    outer loop
      vertex 35.158730 19.255319 0.000000
      vertex 35.158730 20.851064 0.000000
      vertex 35.793651 20.851064 0.000000
    endloop
  endfacet
  facet normal 0.000000 0.000000 1.000000
    outer loop
      vertex 35.158730 19.255319 0.400000
      vertex 35.793651 19.255319 0.400000
      vertex 35.793651 20.851064 0.400000
    endloop
  endfacet
  facet normal 0.000000 0.000000 1.000000
    outer loop
      vertex 35.158730 19.255319 0.400000
      vertex 35.793651 20.851064 0.400000
      vertex 35.158730 20.851064 0.400000
    endloop
  endfacet
  facet normal 0.000000 -1.000000 0.000000
    outer loop
      vertex 35.158730 19.255319 0.000000
      vertex 35.793651 19.255319 0.000000
      vertex 35.793651 19.255319 0.400000
    endloop
  endfacet
  facet normal 0.000000 -1.000000 0.000000
    outer loop
      vertex 35.158730 19.255319 0.000000
      vertex 35.793651 19.255319 0.400000
      vertex 35.158730 19.255319 0.400000
    endloop
  endfacet
  facet normal 0.000000 1.000000 0.000000
    outer loop
      vertex 35.158730 20.851064 0.000000
      vertex 35.793651 20.851064 0.400000
      vertex 35.793651 20.851064 0.000000
    endloop
  endfacet
  facet normal 0.000000 1.000000 0.000000
    outer loop
      vertex 35.158730 20.851064 0.000000
      vertex 35.158730 20.851064 0.400000
      vertex 35.793651 20.851064 0.400000
    endloop
  endfacet
  facet normal -1.000000 0.000000 0.000000
    outer loop
      vertex 35.158730 19.255319 0.000000
      vertex 35.158730 19.255319 0.400000
      vertex 35.158730 20.851064 0.400000
    endloop
  endfacet
  facet normal -1.000000 0.000000 0.000000
    outer loop
      vertex 35.158730 19.255319 0.000000
      vertex 35.158730 20.851064 0.400000
      vertex 35.158730 20.851064 0.000000
    endloop
  endfacet
  facet normal 1.000000 0.000000 0.000000
    outer loop
      vertex 35.793651 19.255319 0.000000
      vertex 35.793651 20.851064 0.000000
      vertex 35.793651 20.851064 0.400000
    endloop
  endfacet
  facet normal 1.000000 0.000000 0.000000
    outer loop
      vertex 35.793651 19.255319 0.000000
      vertex 35.793651 20.851064 0.400000
      vertex 35.793651 19.255319 0.400000
    endloop
  endfacet
  facet normal 0.000000 0.000000 -1.000000
    outer loop
      vertex 38.650794 20.531915 0.000000
      vertex 43.095238 20.851064 0.000000
      vertex 43.095238 20.531915 0.000000
    endloop
  endfacet
  facet normal 0.000000 0.000000 -1.000000
    outer loop
      vertex 38.650794 20.531915 0.000000
      vertex 38.650794 20.851064 0.000000
      vertex 43.095238 20.851064 0.000000
    endloop
  endfacet
  facet normal 0.000000 0.000000 1.000000
    outer loop
      vertex 38.650794 20.531915 0.400000
      vertex 43.095238 20.531915 0.400000
      vertex 43.095238 20.851064 0.400000
    endloop
  endfacet
  facet normal 0.000000 0.000000 1.000000
    outer loop
      vertex 38.650794 20.531915 0.400000
      vertex 43.095238 20.851064 0.400000
      vertex 38.650794 20.851064 0.400000
    endloop
  endfacet
  facet normal 0.000000 -1.000000 0.000000
    outer loop
      vertex 38.650794 20.531915 0.000000
      vertex 43.095238 20.531915 0.000000
      vertex 43.095238 20.531915 0.400000
    endloop
  endfacet
  facet normal 0.000000 -1.000000 0.000000
    outer loop
      vertex 38.650794 20.531915 0.000000
      vertex 43.095238 20.531915 0.400000
      vertex 38.650794 20.531915 0.400000
    endloop
  endfacet
  facet normal 0.000000 1.000000 0.000000
    outer loop
      vertex 38.650794 20.851064 0.000000
      vertex 43.095238 20.851064 0.400000
      vertex 43.095238 20.851064 0.000000
    endloop
  endfacet
  facet normal 0.000000 1.000000 0.000000
    outer loop
      vertex 38.650794 20.851064 0.000000
      vertex 38.650794 20.851064 0.400000
      vertex 43.095238 20.851064 0.400000
    endloop
  endfacet
  facet normal -1.000000 0.000000 0.000000
    outer loop
      vertex 38.650794 20.531915 0.000000
      vertex 38.650794 20.531915 0.400000
      vertex 38.650794 20.851064 0.400000
    endloop
  endfacet
  facet normal -1.000000 0.000000 0.000000
    outer loop
      vertex 38.650794 20.531915 0.000000
      vertex 38.650794 20.851064 0.400000
      vertex 38.650794 20.851064 0.000000
    endloop
  endfacet
  facet normal 1.000000 0.000000 0.000000
    outer loop
      vertex 43.095238 20.531915 0.000000
      vertex 43.095238 20.851064 0.000000
      vertex 43.095238 20.851064 0.400000
    endloop
  endfacet
  facet normal 1.000000 0.000000 0.000000
    outer loop
      vertex 43.095238 20.531915 0.000000
      vertex 43.095238 20.851064 0.400000
      vertex 43.095238 20.531915 0.400000
    endloop
  endfacet
  facet normal 0.000000 0.000000 -1.000000
    outer loop
      vertex 12.301587 20.212766 0.000000
      vertex 12.936508 20.531915 0.000000
      vertex 12.936508 20.212766 0.000000
    endloop
  endfacet
  facet normal 0.000000 0.000000 -1.000000
    outer loop
      vertex 12.301587 20.212766 0.000000
      vertex 12.301587 20.531915 0.000000
      vertex 12.936508 20.531915 0.000000
    endloop
  endfacet
  facet normal 0.000000 0.000000 1.000000
    outer loop
      vertex 12.301587 20.212766 0.400000
      vertex 12.936508 20.212766 0.400000
      vertex 12.936508 20.531915 0.400000
    endloop
  endfacet
  facet normal 0.000000 0.000000 1.000000
    outer loop
      vertex 12.301587 20.212766 0.400000
      vertex 12.936508 20.531915 0.400000
      vertex 12.301587 20.531915 0.400000
    endloop
  endfacet
  facet normal 0.000000 -1.000000 0.000000
    outer loop
      vertex 12.301587 20.212766 0.000000
      vertex 12.936508 20.212766 0.000000
      vertex 12.936508 20.212766 0.400000
    endloop
  endfacet
  facet normal 0.000000 -1.000000 0.000000
    outer loop
      vertex 12.301587 20.212766 0.000000
      vertex 12.936508 20.212766 0.400000
      vertex 12.301587 20.212766 0.400000
    endloop
  endfacet
  facet normal 0.000000 1.000000 0.000000
    outer loop
      vertex 12.301587 20.531915 0.000000
      vertex 12.936508 20.531915 0.400000
      vertex 12.936508 20.531915 0.000000
    endloop
  endfacet
  facet normal 0.000000 1.000000 0.000000
    outer loop
      vertex 12.301587 20.531915 0.000000
      vertex 12.301587 20.531915 0.400000
      vertex 12.936508 20.531915 0.400000
    endloop
  endfacet
  facet normal -1.000000 0.000000 0.000000
    outer loop
      vertex 12.301587 20.212766 0.000000
      vertex 12.301587 20.212766 0.400000
      vertex 12.301587 20.531915 0.400000
    endloop
  endfacet
  facet normal -1.000000 0.000000 0.000000
    outer loop
      vertex 12.301587 20.212766 0.000000
      vertex 12.301587 20.531915 0.400000
      vertex 12.301587 20.531915 0.000000
    endloop
  endfacet
  facet normal 1.000000 0.000000 0.000000
    outer loop
      vertex 12.936508 20.212766 0.000000
      vertex 12.936508 20.531915 0.000000
      vertex 12.936508 20.531915 0.400000
    endloop
  endfacet
  facet normal 1.000000 0.000000 0.000000
    outer loop
      vertex 12.936508 20.212766 0.000000
      vertex 12.936508 20.531915 0.400000
      vertex 12.936508 20.212766 0.400000
    endloop
  endfacet
  facet normal 0.000000 0.000000 -1.000000
    outer loop
      vertex 14.841270 20.212766 0.000000
      vertex 15.793651 20.531915 0.000000
      vertex 15.793651 20.212766 0.000000
    endloop
  endfacet
  facet normal 0.000000 0.000000 -1.000000
    outer loop
      vertex 14.841270 20.212766 0.000000
      vertex 14.841270 20.531915 0.000000
      vertex 15.793651 20.531915 0.000000
    endloop
  endfacet
  facet normal 0.000000 0.000000 1.000000
    outer loop
      vertex 14.841270 20.212766 0.400000
      vertex 15.793651 20.212766 0.400000
      vertex 15.793651 20.531915 0.400000
    endloop
  endfacet
  facet normal 0.000000 0.000000 1.000000
    outer loop
      vertex 14.841270 20.212766 0.400000
      vertex 15.793651 20.531915 0.400000
      vertex 14.841270 20.531915 0.400000
    endloop
  endfacet
  facet normal 0.000000 -1.000000 0.000000
    outer loop
      vertex 14.841270 20.212766 0.000000
      vertex 15.793651 20.212766 0.000000
      vertex 15.793651 20.212766 0.400000
    endloop
  endfacet
  facet normal 0.000000 -1.000000 0.000000
    outer loop
      vertex 14.841270 20.212766 0.000000
      vertex 15.793651 20.212766 0.400000
      vertex 14.841270 20.212766 0.400000
    endloop
  endfacet
  facet normal 0.000000 1.000000 0.000000
    outer loop
      vertex 14.841270 20.531915 0.000000
      vertex 15.793651 20.531915 0.400000
      vertex 15.793651 20.531915 0.000000
    endloop
  endfacet
  facet normal 0.000000 1.000000 0.000000
    outer loop
      vertex 14.841270 20.531915 0.000000
      vertex 14.841270 20.531915 0.400000
      vertex 15.793651 20.531915 0.400000
    endloop
  endfacet
  facet normal -1.000000 0.000000 0.000000
    outer loop
      vertex 14.841270 20.212766 0.000000
      vertex 14.841270 20.212766 0.400000
      vertex 14.841270 20.531915 0.400000
    endloop
  endfacet
  facet normal -1.000000 0.000000 0.000000
    outer loop
      vertex 14.841270 20.212766 0.000000
      vertex 14.841270 20.531915 0.400000
      vertex 14.841270 20.531915 0.000000
    endloop
  endfacet
  facet normal 1.000000 0.000000 0.000000
    outer loop
      vertex 15.793651 20.212766 0.000000
      vertex 15.793651 20.531915 0.000000
      vertex 15.793651 20.531915 0.400000
    endloop
  endfacet
  facet normal 1.000000 0.000000 0.000000
    outer loop
      vertex 15.793651 20.212766 0.000000
      vertex 15.793651 20.531915 0.400000
      vertex 15.793651 20.212766 0.400000
    endloop
  endfacet
  facet normal 0.000000 0.000000 -1.000000
    outer loop
      vertex 18.968254 19.574468 0.000000
      vertex 21.507937 20.531915 0.000000
      vertex 21.507937 19.574468 0.000000
    endloop
  endfacet
  facet normal 0.000000 0.000000 -1.000000
    outer loop
      vertex 18.968254 19.574468 0.000000
      vertex 18.968254 20.531915 0.000000
      vertex 21.507937 20.531915 0.000000
    endloop
  endfacet
  facet normal 0.000000 0.000000 1.000000
    outer loop
      vertex 18.968254 19.574468 0.400000
      vertex 21.507937 19.574468 0.400000
      vertex 21.507937 20.531915 0.400000
    endloop
  endfacet
  facet normal 0.000000 0.000000 1.000000
    outer loop
      vertex 18.968254 19.574468 0.400000
      vertex 21.507937 20.531915 0.400000
      vertex 18.968254 20.531915 0.400000
    endloop
  endfacet
  facet normal 0.000000 -1.000000 0.000000
    outer loop
      vertex 18.968254 19.574468 0.000000
      vertex 21.507937 19.574468 0.000000
      vertex 21.507937 19.574468 0.400000
    endloop
  endfacet
  facet normal 0.000000 -1.000000 0.000000
    outer loop
      vertex 18.968254 19.574468 0.000000
      vertex 21.507937 19.574468 0.400000
      vertex 18.968254 19.574468 0.400000
    endloop
  endfacet
  facet normal 0.000000 1.000000 0.000000
    outer loop
      vertex 18.968254 20.531915 0.000000
      vertex 21.507937 20.531915 0.400000
      vertex 21.507937 20.531915 0.000000
    endloop
  endfacet
  facet normal 0.000000 1.000000 0.000000
    outer loop
      vertex 18.968254 20.531915 0.000000
      vertex 18.968254 20.531915 0.400000
      vertex 21.507937 20.531915 0.400000
    endloop
  endfacet
  facet normal -1.000000 0.000000 0.000000
    outer loop
      vertex 18.968254 19.574468 0.000000
      vertex 18.968254 19.574468 0.400000
      vertex 18.968254 20.531915 0.400000
    endloop
  endfacet
  facet normal -1.000000 0.000000 0.000000
    outer loop
      vertex 18.968254 19.574468 0.000000
      vertex 18.968254 20.531915 0.400000
      vertex 18.968254 20.531915 0.000000
    endloop
  endfacet
  facet normal 1.000000 0.000000 0.000000
    outer loop
      vertex 21.507937 19.574468 0.000000
      vertex 21.507937 20.531915 0.000000
      vertex 21.507937 20.531915 0.400000
    endloop
  endfacet
  facet normal 1.000000 0.000000 0.000000
    outer loop
      vertex 21.507937 19.574468 0.000000
      vertex 21.507937 20.531915 0.400000
      vertex 21.507937 19.574468 0.400000
    endloop
  endfacet
  facet normal 0.000000 0.000000 -1.000000
    outer loop
      vertex 24.047619 14.787234 0.000000
      vertex 24.365079 20.531915 0.000000
      vertex 24.365079 14.787234 0.000000
    endloop
  endfacet
  facet normal 0.000000 0.000000 -1.000000
    outer loop
      vertex 24.047619 14.787234 0.000000
      vertex 24.047619 20.531915 0.000000
      vertex 24.365079 20.531915 0.000000
    endloop
  endfacet
  facet normal 0.000000 0.000000 1.000000
    outer loop
      vertex 24.047619 14.787234 0.400000
      vertex 24.365079 14.787234 0.400000
      vertex 24.365079 20.531915 0.400000
    endloop
  endfacet
  facet normal 0.000000 0.000000 1.000000
    outer loop
      vertex 24.047619 14.787234 0.400000
      vertex 24.365079 20.531915 0.400000
      vertex 24.047619 20.531915 0.400000
    endloop
  endfacet
  facet normal 0.000000 -1.000000 0.000000
    outer loop
      vertex 24.047619 14.787234 0.000000
      vertex 24.365079 14.787234 0.000000
      vertex 24.365079 14.787234 0.400000
    endloop
  endfacet
  facet normal 0.000000 -1.000000 0.000000
    outer loop
      vertex 24.047619 14.787234 0.000000
      vertex 24.365079 14.787234 0.400000
      vertex 24.047619 14.787234 0.400000
    endloop
  endfacet
  facet normal 0.000000 1.000000 0.000000
    outer loop
      vertex 24.047619 20.531915 0.000000
      vertex 24.365079 20.531915 0.400000
      vertex 24.365079 20.531915 0.000000
    endloop
  endfacet
  facet normal 0.000000 1.000000 0.000000
    outer loop
      vertex 24.047619 20.531915 0.000000
      vertex 24.047619 20.531915 0.400000
      vertex 24.365079 20.531915 0.400000
    endloop
  endfacet
  facet normal -1.000000 0.000000 0.000000
    outer loop
      vertex 24.047619 14.787234 0.000000
      vertex 24.047619 14.787234 0.400000
      vertex 24.047619 20.531915 0.400000
    endloop
  endfacet
  facet normal -1.000000 0.000000 0.000000
    outer loop
      vertex 24.047619 14.787234 0.000000
      vertex 24.047619 20.531915 0.400000
      vertex 24.047619 20.531915 0.000000
    endloop
  endfacet
  facet normal 1.000000 0.000000 0.000000
    outer loop
      vertex 24.365079 14.787234 0.000000
      vertex 24.365079 20.531915 0.000000
      vertex 24.365079 20.531915 0.400000
    endloop
  endfacet
  facet normal 1.000000 0.000000 0.000000
    outer loop
      vertex 24.365079 14.787234 0.000000
      vertex 24.365079 20.531915 0.400000
      vertex 24.365079 14.787234 0.400000
    endloop
  endfacet
  facet normal 0.000000 0.000000 -1.000000
    outer loop
      vertex 31.666667 17.978723 0.000000
      vertex 31.984127 20.531915 0.000000
      vertex 31.984127 17.978723 0.000000
    endloop
  endfacet
  facet normal 0.000000 0.000000 -1.000000
    outer loop
      vertex 31.666667 17.978723 0.000000
      vertex 31.666667 20.531915 0.000000
      vertex 31.984127 20.531915 0.000000
    endloop
  endfacet
  facet normal 0.000000 0.000000 1.000000
    outer loop
      vertex 31.666667 17.978723 0.400000
      vertex 31.984127 17.978723 0.400000
      vertex 31.984127 20.531915 0.400000
    endloop
  endfacet
  facet normal 0.000000 0.000000 1.000000
    outer loop
      vertex 31.666667 17.978723 0.400000
      vertex 31.984127 20.531915 0.400000
      vertex 31.666667 20.531915 0.400000
    endloop
  endfacet
  facet normal 0.000000 -1.000000 0.000000
    outer loop
      vertex 31.666667 17.978723 0.000000
      vertex 31.984127 17.978723 0.000000
      vertex 31.984127 17.978723 0.400000
    endloop
  endfacet
  facet normal 0.000000 -1.000000 0.000000
    outer loop
      vertex 31.666667 17.978723 0.000000
      vertex 31.984127 17.978723 0.400000
      vertex 31.666667 17.978723 0.400000
    endloop
  endfacet
  facet normal 0.000000 1.000000 0.000000
    outer loop
      vertex 31.666667 20.531915 0.000000
      vertex 31.984127 20.531915 0.400000
      vertex 31.984127 20.531915 0.000000
    endloop
  endfacet
  facet normal 0.000000 1.000000 0.000000
    outer loop
      vertex 31.666667 20.531915 0.000000
      vertex 31.666667 20.531915 0.400000
      vertex 31.984127 20.531915 0.400000
    endloop
  endfacet
  facet normal -1.000000 0.000000 0.000000
    outer loop
      vertex 31.666667 17.978723 0.000000
      vertex 31.666667 17.978723 0.400000
      vertex 31.666667 20.531915 0.400000
    endloop
  endfacet
  facet normal -1.000000 0.000000 0.000000
    outer loop
      vertex 31.666667 17.978723 0.000000
      vertex 31.666667 20.531915 0.400000
      vertex 31.666667 20.531915 0.000000
    endloop
  endfacet
  facet normal 1.000000 0.000000 0.000000
    outer loop
      vertex 31.984127 17.978723 0.000000
      vertex 31.984127 20.531915 0.000000
      vertex 31.984127 20.531915 0.400000
    endloop
  endfacet
  facet normal 1.000000 0.000000 0.000000
    outer loop
      vertex 31.984127 17.978723 0.000000
      vertex 31.984127 20.531915 0.400000
      vertex 31.984127 17.978723 0.400000
    endloop
  endfacet
  facet normal 0.000000 0.000000 -1.000000
    outer loop
      vertex 35.793651 18.936170 0.000000
      vertex 36.111111 20.531915 0.000000
      vertex 36.111111 18.936170 0.000000
    endloop
  endfacet
  facet normal 0.000000 0.000000 -1.000000
    outer loop
      vertex 35.793651 18.936170 0.000000
      vertex 35.793651 20.531915 0.000000
      vertex 36.111111 20.531915 0.000000
    endloop
  endfacet
  facet normal 0.000000 0.000000 1.000000
    outer loop
      vertex 35.793651 18.936170 0.400000
      vertex 36.111111 18.936170 0.400000
      vertex 36.111111 20.531915 0.400000
    endloop
  endfacet
  facet normal 0.000000 0.000000 1.000000
    outer loop
      vertex 35.793651 18.936170 0.400000
      vertex 36.111111 20.531915 0.400000
      vertex 35.793651 20.531915 0.400000
    endloop
  endfacet
  facet normal 0.000000 -1.000000 0.000000
    outer loop
      vertex 35.793651 18.936170 0.000000
      vertex 36.111111 18.936170 0.000000
      vertex 36.111111 18.936170 0.400000
    endloop
  endfacet
  facet normal 0.000000 -1.000000 0.000000
    outer loop
      vertex 35.793651 18.936170 0.000000
      vertex 36.111111 18.936170 0.400000
      vertex 35.793651 18.936170 0.400000
    endloop
  endfacet
  facet normal 0.000000 1.000000 0.000000
    outer loop
      vertex 35.793651 20.531915 0.000000
      vertex 36.111111 20.531915 0.400000
      vertex 36.111111 20.531915 0.000000
    endloop
  endfacet
  facet normal 0.000000 1.000000 0.000000
    outer loop
      vertex 35.793651 20.531915 0.000000
      vertex 35.793651 20.531915 0.400000
      vertex 36.111111 20.531915 0.400000
    endloop
  endfacet
  facet normal -1.000000 0.000000 0.000000
    outer loop
      vertex 35.793651 18.936170 0.000000
      vertex 35.793651 18.936170 0.400000
      vertex 35.793651 20.531915 0.400000
    endloop
  endfacet
  facet normal -1.000000 0.000000 0.000000
    outer loop
      vertex 35.793651 18.936170 0.000000
      vertex 35.793651 20.531915 0.400000
      vertex 35.793651 20.531915 0.000000
    endloop
  endfacet
  facet normal 1.000000 0.000000 0.000000
    outer loop
      vertex 36.111111 18.936170 0.000000
      vertex 36.111111 20.531915 0.000000
      vertex 36.111111 20.531915 0.400000
    endloop
  endfacet
  facet normal 1.000000 0.000000 0.000000
    outer loop
      vertex 36.111111 18.936170 0.000000
      vertex 36.111111 20.531915 0.400000
      vertex 36.111111 18.936170 0.400000
    endloop
  endfacet
  facet normal 0.000000 0.000000 -1.000000
    outer loop
      vertex 38.968254 19.574468 0.000000
      vertex 43.095238 20.531915 0.000000
      vertex 43.095238 19.574468 0.000000
    endloop
  endfacet
  facet normal 0.000000 0.000000 -1.000000
    outer loop
      vertex 38.968254 19.574468 0.000000
      vertex 38.968254 20.531915 0.000000
      vertex 43.095238 20.531915 0.000000
    endloop
  endfacet
  facet normal 0.000000 0.000000 1.000000
    outer loop
      vertex 38.968254 19.574468 0.400000
      vertex 43.095238 19.574468 0.400000
      vertex 43.095238 20.531915 0.400000
    endloop
  endfacet
  facet normal 0.000000 0.000000 1.000000
    outer loop
      vertex 38.968254 19.574468 0.400000
      vertex 43.095238 20.531915 0.400000
      vertex 38.968254 20.531915 0.400000
    endloop
  endfacet
  facet normal 0.000000 -1.000000 0.000000
    outer loop
      vertex 38.968254 19.574468 0.000000
      vertex 43.095238 19.574468 0.000000
      vertex 43.095238 19.574468 0.400000
    endloop
  endfacet
  facet normal 0.000000 -1.000000 0.000000
    outer loop
      vertex 38.968254 19.574468 0.000000
      vertex 43.095238 19.574468 0.400000
      vertex 38.968254 19.574468 0.400000
    endloop
  endfacet
  facet normal 0.000000 1.000000 0.000000
    outer loop
      vertex 38.968254 20.531915 0.000000
      vertex 43.095238 20.531915 0.400000
      vertex 43.095238 20.531915 0.000000
    endloop
  endfacet
  facet normal 0.000000 1.000000 0.000000
    outer loop
      vertex 38.968254 20.531915 0.000000
      vertex 38.968254 20.531915 0.400000
      vertex 43.095238 20.531915 0.400000
    endloop
  endfacet
  facet normal -1.000000 0.000000 0.000000
    outer loop
      vertex 38.968254 19.574468 0.000000
      vertex 38.968254 19.574468 0.400000
      vertex 38.968254 20.531915 0.400000
    endloop
  endfacet
  facet normal -1.000000 0.000000 0.000000
    outer loop
      vertex 38.968254 19.574468 0.000000
      vertex 38.968254 20.531915 0.400000
      vertex 38.968254 20.531915 0.000000
    endloop
  endfacet
  facet normal 1.000000 0.000000 0.000000
    outer loop
      vertex 43.095238 19.574468 0.000000
      vertex 43.095238 20.531915 0.000000
      vertex 43.095238 20.531915 0.400000
    endloop
  endfacet
  facet normal 1.000000 0.000000 0.000000
    outer loop
      vertex 43.095238 19.574468 0.000000
      vertex 43.095238 20.531915 0.400000
      vertex 43.095238 19.574468 0.400000
    endloop
  endfacet
  facet normal 0.000000 0.000000 -1.000000
    outer loop
      vertex 26.587302 15.106383 0.000000
      vertex 26.904762 20.212766 0.000000
      vertex 26.904762 15.106383 0.000000
    endloop
  endfacet
  facet normal 0.000000 0.000000 -1.000000
    outer loop
      vertex 26.587302 15.106383 0.000000
      vertex 26.587302 20.212766 0.000000
      vertex 26.904762 20.212766 0.000000
    endloop
  endfacet
  facet normal 0.000000 0.000000 1.000000
    outer loop
      vertex 26.587302 15.106383 0.400000
      vertex 26.904762 15.106383 0.400000
      vertex 26.904762 20.212766 0.400000
    endloop
  endfacet
  facet normal 0.000000 0.000000 1.000000
    outer loop
      vertex 26.587302 15.106383 0.400000
      vertex 26.904762 20.212766 0.400000
      vertex 26.587302 20.212766 0.400000
    endloop
  endfacet
  facet normal 0.000000 -1.000000 0.000000
    outer loop
      vertex 26.587302 15.106383 0.000000
      vertex 26.904762 15.106383 0.000000
      vertex 26.904762 15.106383 0.400000
    endloop
  endfacet
  facet normal 0.000000 -1.000000 0.000000
    outer loop
      vertex 26.587302 15.106383 0.000000
      vertex 26.904762 15.106383 0.400000
      vertex 26.587302 15.106383 0.400000
    endloop
  endfacet
  facet normal 0.000000 1.000000 0.000000
    outer loop
      vertex 26.587302 20.212766 0.000000
      vertex 26.904762 20.212766 0.400000
      vertex 26.904762 20.212766 0.000000
    endloop
  endfacet
  facet normal 0.000000 1.000000 0.000000
    outer loop
      vertex 26.587302 20.212766 0.000000
      vertex 26.587302 20.212766 0.400000
      vertex 26.904762 20.212766 0.400000
    endloop
  endfacet
  facet normal -1.000000 0.000000 0.000000
    outer loop
      vertex 26.587302 15.106383 0.000000
      vertex 26.587302 15.106383 0.400000
      vertex 26.587302 20.212766 0.400000
    endloop
  endfacet
  facet normal -1.000000 0.000000 0.000000
    outer loop
      vertex 26.587302 15.106383 0.000000
      vertex 26.587302 20.212766 0.400000
      vertex 26.587302 20.212766 0.000000
    endloop
  endfacet
  facet normal 1.000000 0.000000 0.000000
    outer loop
      vertex 26.904762 15.106383 0.000000
      vertex 26.904762 20.212766 0.000000
      vertex 26.904762 20.212766 0.400000
    endloop
  endfacet
  facet normal 1.000000 0.000000 0.000000
    outer loop
      vertex 26.904762 15.106383 0.000000
      vertex 26.904762 20.212766 0.400000
      vertex 26.904762 15.106383 0.400000
    endloop
  endfacet
  facet normal 0.000000 0.000000 -1.000000
    outer loop
      vertex 29.444444 18.936170 0.000000
      vertex 31.666667 20.212766 0.000000
      vertex 31.666667 18.936170 0.000000
    endloop
  endfacet
  facet normal 0.000000 0.000000 -1.000000
    outer loop
      vertex 29.444444 18.936170 0.000000
      vertex 29.444444 20.212766 0.000000
      vertex 31.666667 20.212766 0.000000
    endloop
  endfacet
  facet normal 0.000000 0.000000 1.000000
    outer loop
      vertex 29.444444 18.936170 0.400000
      vertex 31.666667 18.936170 0.400000
      vertex 31.666667 20.212766 0.400000
    endloop
  endfacet
  facet normal 0.000000 0.000000 1.000000
    outer loop
      vertex 29.444444 18.936170 0.400000
      vertex 31.666667 20.212766 0.400000
      vertex 29.444444 20.212766 0.400000
    endloop
  endfacet
  facet normal 0.000000 -1.000000 0.000000
    outer loop
      vertex 29.444444 18.936170 0.000000
      vertex 31.666667 18.936170 0.000000
      vertex 31.666667 18.936170 0.400000
    endloop
  endfacet
  facet normal 0.000000 -1.000000 0.000000
    outer loop
      vertex 29.444444 18.936170 0.000000
      vertex 31.666667 18.936170 0.400000
      vertex 29.444444 18.936170 0.400000
    endloop
  endfacet
  facet normal 0.000000 1.000000 0.000000
    outer loop
      vertex 29.444444 20.212766 0.000000
      vertex 31.666667 20.212766 0.400000
      vertex 31.666667 20.212766 0.000000
    endloop
  endfacet
  facet normal 0.000000 1.000000 0.000000
    outer loop
      vertex 29.444444 20.212766 0.000000
      vertex 29.444444 20.212766 0.400000
      vertex 31.666667 20.212766 0.400000
    endloop
  endfacet
  facet normal -1.000000 0.000000 0.000000
    outer loop
      vertex 29.444444 18.936170 0.000000
      vertex 29.444444 18.936170 0.400000
      vertex 29.444444 20.212766 0.400000
    endloop
  endfacet
  facet normal -1.000000 0.000000 0.000000
    outer loop
      vertex 29.444444 18.936170 0.000000
      vertex 29.444444 20.212766 0.400000
      vertex 29.444444 20.212766 0.000000
    endloop
  endfacet
  facet normal 1.000000 0.000000 0.000000
    outer loop
      vertex 31.666667 18.936170 0.000000
      vertex 31.666667 20.212766 0.000000
      vertex 31.666667 20.212766 0.400000
    endloop
  endfacet
  facet normal 1.000000 0.000000 0.000000
    outer loop
      vertex 31.666667 18.936170 0.000000
      vertex 31.666667 20.212766 0.400000
      vertex 31.666667 18.936170 0.400000
    endloop
  endfacet
  facet normal 0.000000 0.000000 -1.000000
    outer loop
      vertex 36.111111 18.936170 0.000000
      vertex 36.428571 20.212766 0.000000
      vertex 36.428571 18.936170 0.000000
    endloop
  endfacet
  facet normal 0.000000 0.000000 -1.000000
    outer loop
      vertex 36.111111 18.936170 0.000000
      vertex 36.111111 20.212766 0.000000
      vertex 36.428571 20.212766 0.000000
    endloop
  endfacet
  facet normal 0.000000 0.000000 1.000000
    outer loop
      vertex 36.111111 18.936170 0.400000
      vertex 36.428571 18.936170 0.400000
      vertex 36.428571 20.212766 0.400000
    endloop
  endfacet
  facet normal 0.000000 0.000000 1.000000
    outer loop
      vertex 36.111111 18.936170 0.400000
      vertex 36.428571 20.212766 0.400000
      vertex 36.111111 20.212766 0.400000
    endloop
  endfacet
  facet normal 0.000000 -1.000000 0.000000
    outer loop
      vertex 36.111111 18.936170 0.000000
      vertex 36.428571 18.936170 0.000000
      vertex 36.428571 18.936170 0.400000
    endloop
  endfacet
  facet normal 0.000000 -1.000000 0.000000
    outer loop
      vertex 36.111111 18.936170 0.000000
      vertex 36.428571 18.936170 0.400000
      vertex 36.111111 18.936170 0.400000
    endloop
  endfacet
  facet normal 0.000000 1.000000 0.000000
    outer loop
      vertex 36.111111 20.212766 0.000000
      vertex 36.428571 20.212766 0.400000
      vertex 36.428571 20.212766 0.000000
    endloop
  endfacet
  facet normal 0.000000 1.000000 0.000000
    outer loop
      vertex 36.111111 20.212766 0.000000
      vertex 36.111111 20.212766 0.400000
      vertex 36.428571 20.212766 0.400000
    endloop
  endfacet
  facet normal -1.000000 0.000000 0.000000
    outer loop
      vertex 36.111111 18.936170 0.000000
      vertex 36.111111 18.936170 0.400000
      vertex 36.111111 20.212766 0.400000
    endloop
  endfacet
  facet normal -1.000000 0.000000 0.000000
    outer loop
      vertex 36.111111 18.936170 0.000000
      vertex 36.111111 20.212766 0.400000
      vertex 36.111111 20.212766 0.000000
    endloop
  endfacet
  facet normal 1.000000 0.000000 0.000000
    outer loop
      vertex 36.428571 18.936170 0.000000
      vertex 36.428571 20.212766 0.000000
      vertex 36.428571 20.212766 0.400000
    endloop
  endfacet
  facet normal 1.000000 0.000000 0.000000
    outer loop
      vertex 36.428571 18.936170 0.000000
      vertex 36.428571 20.212766 0.400000
      vertex 36.428571 18.936170 0.400000
    endloop
  endfacet
  facet normal 0.000000 0.000000 -1.000000
    outer loop
      vertex 9.444444 19.574468 0.000000
      vertex 11.984127 19.893617 0.000000
      vertex 11.984127 19.574468 0.000000
    endloop
  endfacet
  facet normal 0.000000 0.000000 -1.000000
    outer loop
      vertex 9.444444 19.574468 0.000000
      vertex 9.444444 19.893617 0.000000
      vertex 11.984127 19.893617 0.000000
    endloop
  endfacet
  facet normal 0.000000 0.000000 1.000000
    outer loop
      vertex 9.444444 19.574468 0.400000
      vertex 11.984127 19.574468 0.400000
      vertex 11.984127 19.893617 0.400000
    endloop
  endfacet
  facet normal 0.000000 0.000000 1.000000
    outer loop
      vertex 9.444444 19.574468 0.400000
      vertex 11.984127 19.893617 0.400000
      vertex 9.444444 19.893617 0.400000
    endloop
  endfacet
  facet normal 0.000000 -1.000000 0.000000
    outer loop
      vertex 9.444444 19.574468 0.000000
      vertex 11.984127 19.574468 0.000000
      vertex 11.984127 19.574468 0.400000
    endloop
  endfacet
  facet normal 0.000000 -1.000000 0.000000
    outer loop
      vertex 9.444444 19.574468 0.000000
      vertex 11.984127 19.574468 0.400000
      vertex 9.444444 19.574468 0.400000
    endloop
  endfacet
  facet normal 0.000000 1.000000 0.000000
    outer loop
      vertex 9.444444 19.893617 0.000000
      vertex 11.984127 19.893617 0.400000
      vertex 11.984127 19.893617 0.000000
    endloop
  endfacet
  facet normal 0.000000 1.000000 0.000000
    outer loop
      vertex 9.444444 19.893617 0.000000
      vertex 9.444444 19.893617 0.400000
      vertex 11.984127 19.893617 0.400000
    endloop
  endfacet
  facet normal -1.000000 0.000000 0.000000
    outer loop
      vertex 9.444444 19.574468 0.000000
      vertex 9.444444 19.574468 0.400000
      vertex 9.444444 19.893617 0.400000
    endloop
  endfacet
  facet normal -1.000000 0.000000 0.000000
    outer loop
      vertex 9.444444 19.574468 0.000000
      vertex 9.444444 19.893617 0.400000
      vertex 9.444444 19.893617 0.000000
    endloop
  endfacet
  facet normal 1.000000 0.000000 0.000000
    outer loop
      vertex 11.984127 19.574468 0.000000
      vertex 11.984127 19.893617 0.000000
      vertex 11.984127 19.893617 0.400000
    endloop
  endfacet
  facet normal 1.000000 0.000000 0.000000
    outer loop
      vertex 11.984127 19.574468 0.000000
      vertex 11.984127 19.893617 0.400000
      vertex 11.984127 19.574468 0.400000
    endloop
  endfacet
  facet normal 0.000000 0.000000 -1.000000
    outer loop
      vertex 16.111111 19.574468 0.000000
      vertex 16.428571 19.893617 0.000000
      vertex 16.428571 19.574468 0.000000
    endloop
  endfacet
  facet normal 0.000000 0.000000 -1.000000
    outer loop
      vertex 16.111111 19.574468 0.000000
      vertex 16.111111 19.893617 0.000000
      vertex 16.428571 19.893617 0.000000
    endloop
  endfacet
  facet normal 0.000000 0.000000 1.000000
    outer loop
      vertex 16.111111 19.574468 0.400000
      vertex 16.428571 19.574468 0.400000
      vertex 16.428571 19.893617 0.400000
    endloop
  endfacet
  facet normal 0.000000 0.000000 1.000000
    outer loop
      vertex 16.111111 19.574468 0.400000
      vertex 16.428571 19.893617 0.400000
      vertex 16.111111 19.893617 0.400000
    endloop
  endfacet
  facet normal 0.000000 -1.000000 0.000000
    outer loop
      vertex 16.111111 19.574468 0.000000
      vertex 16.428571 19.574468 0.000000
      vertex 16.428571 19.574468 0.400000
    endloop
  endfacet
  facet normal 0.000000 -1.000000 0.000000
    outer loop
      vertex 16.111111 19.574468 0.000000
      vertex 16.428571 19.574468 0.400000
      vertex 16.111111 19.574468 0.400000
    endloop
  endfacet
  facet normal 0.000000 1.000000 0.000000
    outer loop
      vertex 16.111111 19.893617 0.000000
      vertex 16.428571 19.893617 0.400000
      vertex 16.428571 19.893617 0.000000
    endloop
  endfacet
  facet normal 0.000000 1.000000 0.000000
    outer loop
      vertex 16.111111 19.893617 0.000000
      vertex 16.111111 19.893617 0.400000
      vertex 16.428571 19.893617 0.400000
    endloop
  endfacet
  facet normal -1.000000 0.000000 0.000000
    outer loop
      vertex 16.111111 19.574468 0.000000
      vertex 16.111111 19.574468 0.400000
      vertex 16.111111 19.893617 0.400000
    endloop
  endfacet
  facet normal -1.000000 0.000000 0.000000
    outer loop
      vertex 16.111111 19.574468 0.000000
      vertex 16.111111 19.893617 0.400000
      vertex 16.111111 19.893617 0.000000
    endloop
  endfacet
  facet normal 1.000000 0.000000 0.000000
    outer loop
      vertex 16.428571 19.574468 0.000000
      vertex 16.428571 19.893617 0.000000
      vertex 16.428571 19.893617 0.400000
    endloop
  endfacet
  facet normal 1.000000 0.000000 0.000000
    outer loop
      vertex 16.428571 19.574468 0.000000
      vertex 16.428571 19.893617 0.400000
      vertex 16.428571 19.574468 0.400000
    endloop
  endfacet
  facet normal 0.000000 0.000000 -1.000000
    outer loop
      vertex 9.444444 19.255319 0.000000
      vertex 11.666667 19.574468 0.000000
      vertex 11.666667 19.255319 0.000000
    endloop
  endfacet
  facet normal 0.000000 0.000000 -1.000000
    outer loop
      vertex 9.444444 19.255319 0.000000
      vertex 9.444444 19.574468 0.000000
      vertex 11.666667 19.574468 0.000000
    endloop
  endfacet
  facet normal 0.000000 0.000000 1.000000
    outer loop
      vertex 9.444444 19.255319 0.400000
      vertex 11.666667 19.255319 0.400000
      vertex 11.666667 19.574468 0.400000
    endloop
  endfacet
  facet normal 0.000000 0.000000 1.000000
    outer loop
      vertex 9.444444 19.255319 0.400000
      vertex 11.666667 19.574468 0.400000
      vertex 9.444444 19.574468 0.400000
    endloop
  endfacet
  facet normal 0.000000 -1.000000 0.000000
    outer loop
      vertex 9.444444 19.255319 0.000000
      vertex 11.666667 19.255319 0.000000
      vertex 11.666667 19.255319 0.400000
    endloop
  endfacet
  facet normal 0.000000 -1.000000 0.000000
    outer loop
      vertex 9.444444 19.255319 0.000000
      vertex 11.666667 19.255319 0.400000
      vertex 9.444444 19.255319 0.400000
    endloop
  endfacet
  facet normal 0.000000 1.000000 0.000000
    outer loop
      vertex 9.444444 19.574468 0.000000
      vertex 11.666667 19.574468 0.400000
      vertex 11.666667 19.574468 0.000000
    endloop
  endfacet
  facet normal 0.000000 1.000000 0.000000
    outer loop
      vertex 9.444444 19.574468 0.000000
      vertex 9.444444 19.574468 0.400000
      vertex 11.666667 19.574468 0.400000
    endloop
  endfacet
  facet normal -1.000000 0.000000 0.000000
    outer loop
      vertex 9.444444 19.255319 0.000000
      vertex 9.444444 19.255319 0.400000
      vertex 9.444444 19.574468 0.400000
    endloop
  endfacet
  facet normal -1.000000 0.000000 0.000000
    outer loop
      vertex 9.444444 19.255319 0.000000
      vertex 9.444444 19.574468 0.400000
      vertex 9.444444 19.574468 0.000000
    endloop
  endfacet
  facet normal 1.000000 0.000000 0.000000
    outer loop
      vertex 11.666667 19.255319 0.000000
      vertex 11.666667 19.574468 0.000000
      vertex 11.666667 19.574468 0.400000
    endloop
  endfacet
  facet normal 1.000000 0.000000 0.000000
    outer loop
      vertex 11.666667 19.255319 0.000000
      vertex 11.666667 19.574468 0.400000
      vertex 11.666667 19.255319 0.400000
    endloop
  endfacet
  facet normal 0.000000 0.000000 -1.000000
    outer loop
      vertex 18.968254 10.000000 0.000000
      vertex 21.190476 19.574468 0.000000
      vertex 21.190476 10.000000 0.000000
    endloop
  endfacet
  facet normal 0.000000 0.000000 -1.000000
    outer loop
      vertex 18.968254 10.000000 0.000000
      vertex 18.968254 19.574468 0.000000
      vertex 21.190476 19.574468 0.000000
    endloop
  endfacet
  facet normal 0.000000 0.000000 1.000000
    outer loop
      vertex 18.968254 10.000000 0.400000
      vertex 21.190476 10.000000 0.400000
      vertex 21.190476 19.574468 0.400000
    endloop
  endfacet
  facet normal 0.000000 0.000000 1.000000
    outer loop
      vertex 18.968254 10.000000 0.400000
      vertex 21.190476 19.574468 0.400000
      vertex 18.968254 19.574468 0.400000
    endloop
  endfacet
  facet normal 0.000000 -1.000000 0.000000
    outer loop
      vertex 18.968254 10.000000 0.000000
      vertex 21.190476 10.000000 0.000000
      vertex 21.190476 10.000000 0.400000
    endloop
  endfacet
  facet normal 0.000000 -1.000000 0.000000
    outer loop
      vertex 18.968254 10.000000 0.000000
      vertex 21.190476 10.000000 0.400000
      vertex 18.968254 10.000000 0.400000
    endloop
  endfacet
  facet normal 0.000000 1.000000 0.000000
    outer loop
      vertex 18.968254 19.574468 0.000000
      vertex 21.190476 19.574468 0.400000
      vertex 21.190476 19.574468 0.000000
    endloop
  endfacet
  facet normal 0.000000 1.000000 0.000000
    outer loop
      vertex 18.968254 19.574468 0.000000
      vertex 18.968254 19.574468 0.400000
      vertex 21.190476 19.574468 0.400000
    endloop
  endfacet
  facet normal -1.000000 0.000000 0.000000
    outer loop
      vertex 18.968254 10.000000 0.000000
      vertex 18.968254 10.000000 0.400000
      vertex 18.968254 19.574468 0.400000
    endloop
  endfacet
  facet normal -1.000000 0.000000 0.000000
    outer loop
      vertex 18.968254 10.000000 0.000000
      vertex 18.968254 19.574468 0.400000
      vertex 18.968254 19.574468 0.000000
    endloop
  endfacet
  facet normal 1.000000 0.000000 0.000000
    outer loop
      vertex 21.190476 10.000000 0.000000
      vertex 21.190476 19.574468 0.000000
      vertex 21.190476 19.574468 0.400000
    endloop
  endfacet
  facet normal 1.000000 0.000000 0.000000
    outer loop
      vertex 21.190476 10.000000 0.000000
      vertex 21.190476 19.574468 0.400000
      vertex 21.190476 10.000000 0.400000
    endloop
  endfacet
  facet normal 0.000000 0.000000 -1.000000
    outer loop
      vertex 36.428571 18.617021 0.000000
      vertex 36.746032 19.574468 0.000000
      vertex 36.746032 18.617021 0.000000
    endloop
  endfacet
  facet normal 0.000000 0.000000 -1.000000
    outer loop
      vertex 36.428571 18.617021 0.000000
      vertex 36.428571 19.574468 0.000000
      vertex 36.746032 19.574468 0.000000
    endloop
  endfacet
  facet normal 0.000000 0.000000 1.000000
    outer loop
      vertex 36.428571 18.617021 0.400000
      vertex 36.746032 18.617021 0.400000
      vertex 36.746032 19.574468 0.400000
    endloop
  endfacet
  facet normal 0.000000 0.000000 1.000000
    outer loop
      vertex 36.428571 18.617021 0.400000
      vertex 36.746032 19.574468 0.400000
      vertex 36.428571 19.574468 0.400000
    endloop
  endfacet
  facet normal 0.000000 -1.000000 0.000000
    outer loop
      vertex 36.428571 18.617021 0.000000
      vertex 36.746032 18.617021 0.000000
      vertex 36.746032 18.617021 0.400000
    endloop
  endfacet
  facet normal 0.000000 -1.000000 0.000000
    outer loop
      vertex 36.428571 18.617021 0.000000
      vertex 36.746032 18.617021 0.400000
      vertex 36.428571 18.617021 0.400000
    endloop
  endfacet
  facet normal 0.000000 1.000000 0.000000
    outer loop
      vertex 36.428571 19.574468 0.000000
      vertex 36.746032 19.574468 0.400000
      vertex 36.746032 19.574468 0.000000
    endloop
  endfacet
  facet normal 0.000000 1.000000 0.000000
    outer loop
      vertex 36.428571 19.574468 0.000000
      vertex 36.428571 19.574468 0.400000
      vertex 36.746032 19.574468 0.400000
    endloop
  endfacet
  facet normal -1.000000 0.000000 0.000000
    outer loop
      vertex 36.428571 18.617021 0.000000
      vertex 36.428571 18.617021 0.400000
      vertex 36.428571 19.574468 0.400000
    endloop
  endfacet
  facet normal -1.000000 0.000000 0.000000
    outer loop
      vertex 36.428571 18.617021 0.000000
      vertex 36.428571 19.574468 0.400000
      vertex 36.428571 19.574468 0.000000
    endloop
  endfacet
  facet normal 1.000000 0.000000 0.000000
    outer loop
      vertex 36.746032 18.617021 0.000000
      vertex 36.746032 19.574468 0.000000
      vertex 36.746032 19.574468 0.400000
    endloop
  endfacet
  facet normal 1.000000 0.000000 0.000000
    outer loop
      vertex 36.746032 18.617021 0.000000
      vertex 36.746032 19.574468 0.400000
      vertex 36.746032 18.617021 0.400000
    endloop
  endfacet
  facet normal 0.000000 0.000000 -1.000000
    outer loop
      vertex 39.285714 10.000000 0.000000
      vertex 43.095238 19.574468 0.000000
      vertex 43.095238 10.000000 0.000000
    endloop
  endfacet
  facet normal 0.000000 0.000000 -1.000000
    outer loop
      vertex 39.285714 10.000000 0.000000
      vertex 39.285714 19.574468 0.000000
      vertex 43.095238 19.574468 0.000000
    endloop
  endfacet
  facet normal 0.000000 0.000000 1.000000
    outer loop
      vertex 39.285714 10.000000 0.400000
      vertex 43.095238 10.000000 0.400000
      vertex 43.095238 19.574468 0.400000
    endloop
  endfacet
  facet normal 0.000000 0.000000 1.000000
    outer loop
      vertex 39.285714 10.000000 0.400000
      vertex 43.095238 19.574468 0.400000
      vertex 39.285714 19.574468 0.400000
    endloop
  endfacet
  facet normal 0.000000 -1.000000 0.000000
    outer loop
      vertex 39.285714 10.000000 0.000000
      vertex 43.095238 10.000000 0.000000
      vertex 43.095238 10.000000 0.400000
    endloop
  endfacet
  facet normal 0.000000 -1.000000 0.000000
    outer loop
      vertex 39.285714 10.000000 0.000000
      vertex 43.095238 10.000000 0.400000
      vertex 39.285714 10.000000 0.400000
    endloop
  endfacet
  facet normal 0.000000 1.000000 0.000000
    outer loop
      vertex 39.285714 19.574468 0.000000
      vertex 43.095238 19.574468 0.400000
      vertex 43.095238 19.574468 0.000000
    endloop
  endfacet
  facet normal 0.000000 1.000000 0.000000
    outer loop
      vertex 39.285714 19.574468 0.000000
      vertex 39.285714 19.574468 0.400000
      vertex 43.095238 19.574468 0.400000
    endloop
  endfacet
  facet normal -1.000000 0.000000 0.000000
    outer loop
      vertex 39.285714 10.000000 0.000000
      vertex 39.285714 10.000000 0.400000
      vertex 39.285714 19.574468 0.400000
    endloop
  endfacet
  facet normal -1.000000 0.000000 0.000000
    outer loop
      vertex 39.285714 10.000000 0.000000
      vertex 39.285714 19.574468 0.400000
      vertex 39.285714 19.574468 0.000000
    endloop
  endfacet
  facet normal 1.000000 0.000000 0.000000
    outer loop
      vertex 43.095238 10.000000 0.000000
      vertex 43.095238 19.574468 0.000000
      vertex 43.095238 19.574468 0.400000
    endloop
  endfacet
  facet normal 1.000000 0.000000 0.000000
    outer loop
      vertex 43.095238 10.000000 0.000000
      vertex 43.095238 19.574468 0.400000
      vertex 43.095238 10.000000 0.400000
    endloop
  endfacet
  facet normal 0.000000 0.000000 -1.000000
    outer loop
      vertex 9.444444 18.617021 0.000000
      vertex 11.349206 19.255319 0.000000
      vertex 11.349206 18.617021 0.000000
    endloop
  endfacet
  facet normal 0.000000 0.000000 -1.000000
    outer loop
      vertex 9.444444 18.617021 0.000000
      vertex 9.444444 19.255319 0.000000
      vertex 11.349206 19.255319 0.000000
    endloop
  endfacet
  facet normal 0.000000 0.000000 1.000000
    outer loop
      vertex 9.444444 18.617021 0.400000
      vertex 11.349206 18.617021 0.400000
      vertex 11.349206 19.255319 0.400000
    endloop
  endfacet
  facet normal 0.000000 0.000000 1.000000
    outer loop
      vertex 9.444444 18.617021 0.400000
      vertex 11.349206 19.255319 0.400000
      vertex 9.444444 19.255319 0.400000
    endloop
  endfacet
  facet normal 0.000000 -1.000000 0.000000
    outer loop
      vertex 9.444444 18.617021 0.000000
      vertex 11.349206 18.617021 0.000000
      vertex 11.349206 18.617021 0.400000
    endloop
  endfacet
  facet normal 0.000000 -1.000000 0.000000
    outer loop
      vertex 9.444444 18.617021 0.000000
      vertex 11.349206 18.617021 0.400000
      vertex 9.444444 18.617021 0.400000
    endloop
  endfacet
  facet normal 0.000000 1.000000 0.000000
    outer loop
      vertex 9.444444 19.255319 0.000000
      vertex 11.349206 19.255319 0.400000
      vertex 11.349206 19.255319 0.000000
    endloop
  endfacet
  facet normal 0.000000 1.000000 0.000000
    outer loop
      vertex 9.444444 19.255319 0.000000
      vertex 9.444444 19.255319 0.400000
      vertex 11.349206 19.255319 0.400000
    endloop
  endfacet
  facet normal -1.000000 0.000000 0.000000
    outer loop
      vertex 9.444444 18.617021 0.000000
      vertex 9.444444 18.617021 0.400000
      vertex 9.444444 19.255319 0.400000
    endloop
  endfacet
  facet normal -1.000000 0.000000 0.000000
    outer loop
      vertex 9.444444 18.617021 0.000000
      vertex 9.444444 19.255319 0.400000
      vertex 9.444444 19.255319 0.000000
    endloop
  endfacet
  facet normal 1.000000 0.000000 0.000000
    outer loop
      vertex 11.349206 18.617021 0.000000
      vertex 11.349206 19.255319 0.000000
      vertex 11.349206 19.255319 0.400000
    endloop
  endfacet
  facet normal 1.000000 0.000000 0.000000
    outer loop
      vertex 11.349206 18.617021 0.000000
      vertex 11.349206 19.255319 0.400000
      vertex 11.349206 18.617021 0.400000
    endloop
  endfacet
  facet normal 0.000000 0.000000 -1.000000
    outer loop
      vertex 32.936508 18.936170 0.000000
      vertex 33.571429 19.255319 0.000000
      vertex 33.571429 18.936170 0.000000
    endloop
  endfacet
  facet normal 0.000000 0.000000 -1.000000
    outer loop
      vertex 32.936508 18.936170 0.000000
      vertex 32.936508 19.255319 0.000000
      vertex 33.571429 19.255319 0.000000
    endloop
  endfacet
  facet normal 0.000000 0.000000 1.000000
    outer loop
      vertex 32.936508 18.936170 0.400000
      vertex 33.571429 18.936170 0.400000
      vertex 33.571429 19.255319 0.400000
    endloop
  endfacet
  facet normal 0.000000 0.000000 1.000000
    outer loop
      vertex 32.936508 18.936170 0.400000
      vertex 33.571429 19.255319 0.400000
      vertex 32.936508 19.255319 0.400000
    endloop
  endfacet
  facet normal 0.000000 -1.000000 0.000000
    outer loop
      vertex 32.936508 18.936170 0.000000
      vertex 33.571429 18.936170 0.000000
      vertex 33.571429 18.936170 0.400000
    endloop
  endfacet
  facet normal 0.000000 -1.000000 0.000000
    outer loop
      vertex 32.936508 18.936170 0.000000
      vertex 33.571429 18.936170 0.400000
      vertex 32.936508 18.936170 0.400000
    endloop
  endfacet
  facet normal 0.000000 1.000000 0.000000
    outer loop
      vertex 32.936508 19.255319 0.000000
      vertex 33.571429 19.255319 0.400000
      vertex 33.571429 19.255319 0.000000
    endloop
  endfacet
  facet normal 0.000000 1.000000 0.000000
    outer loop
      vertex 32.936508 19.255319 0.000000
      vertex 32.936508 19.255319 0.400000
      vertex 33.571429 19.255319 0.400000
    endloop
  endfacet
  facet normal -1.000000 0.000000 0.000000
    outer loop
      vertex 32.936508 18.936170 0.000000
      vertex 32.936508 18.936170 0.400000
      vertex 32.936508 19.255319 0.400000
    endloop
  endfacet
  facet normal -1.000000 0.000000 0.000000
    outer loop
      vertex 32.936508 18.936170 0.000000
      vertex 32.936508 19.255319 0.400000
      vertex 32.936508 19.255319 0.000000
    endloop
  endfacet
  facet normal 1.000000 0.000000 0.000000
    outer loop
      vertex 33.571429 18.936170 0.000000
      vertex 33.571429 19.255319 0.000000
      vertex 33.571429 19.255319 0.400000
    endloop
  endfacet
  facet normal 1.000000 0.000000 0.000000
    outer loop
      vertex 33.571429 18.936170 0.000000
      vertex 33.571429 19.255319 0.400000
      vertex 33.571429 18.936170 0.400000
    endloop
  endfacet
  facet normal 0.000000 0.000000 -1.000000
    outer loop
      vertex 23.730159 16.382979 0.000000
      vertex 24.047619 18.936170 0.000000
      vertex 24.047619 16.382979 0.000000
    endloop
  endfacet
  facet normal 0.000000 0.000000 -1.000000
    outer loop
      vertex 23.730159 16.382979 0.000000
      vertex 23.730159 18.936170 0.000000
      vertex 24.047619 18.936170 0.000000
    endloop
  endfacet
  facet normal 0.000000 0.000000 1.000000
    outer loop
      vertex 23.730159 16.382979 0.400000
      vertex 24.047619 16.382979 0.400000
      vertex 24.047619 18.936170 0.400000
    endloop
  endfacet
  facet normal 0.000000 0.000000 1.000000
    outer loop
      vertex 23.730159 16.382979 0.400000
      vertex 24.047619 18.936170 0.400000
      vertex 23.730159 18.936170 0.400000
    endloop
  endfacet
  facet normal 0.000000 -1.000000 0.000000
    outer loop
      vertex 23.730159 16.382979 0.000000
      vertex 24.047619 16.382979 0.000000
      vertex 24.047619 16.382979 0.400000
    endloop
  endfacet
  facet normal 0.000000 -1.000000 0.000000
    outer loop
      vertex 23.730159 16.382979 0.000000
      vertex 24.047619 16.382979 0.400000
      vertex 23.730159 16.382979 0.400000
    endloop
  endfacet
  facet normal 0.000000 1.000000 0.000000
    outer loop
      vertex 23.730159 18.936170 0.000000
      vertex 24.047619 18.936170 0.400000
      vertex 24.047619 18.936170 0.000000
    endloop
  endfacet
  facet normal 0.000000 1.000000 0.000000
    outer loop
      vertex 23.730159 18.936170 0.000000
      vertex 23.730159 18.936170 0.400000
      vertex 24.047619 18.936170 0.400000
    endloop
  endfacet
  facet normal -1.000000 0.000000 0.000000
    outer loop
      vertex 23.730159 16.382979 0.000000
      vertex 23.730159 16.382979 0.400000
      vertex 23.730159 18.936170 0.400000
    endloop
  endfacet
  facet normal -1.000000 0.000000 0.000000
    outer loop
      vertex 23.730159 16.382979 0.000000
      vertex 23.730159 18.936170 0.400000
      vertex 23.730159 18.936170 0.000000
    endloop
  endfacet
  facet normal 1.000000 0.000000 0.000000
    outer loop
      vertex 24.047619 16.382979 0.000000
      vertex 24.047619 18.936170 0.000000
      vertex 24.047619 18.936170 0.400000
    endloop
  endfacet
  facet normal 1.000000 0.000000 0.000000
    outer loop
      vertex 24.047619 16.382979 0.000000
      vertex 24.047619 18.936170 0.400000
      vertex 24.047619 16.382979 0.400000
    endloop
  endfacet
  facet normal 0.000000 0.000000 -1.000000
    outer loop
      vertex 29.761905 17.659574 0.000000
      vertex 31.666667 18.936170 0.000000
      vertex 31.666667 17.659574 0.000000
    endloop
  endfacet
  facet normal 0.000000 0.000000 -1.000000
    outer loop
      vertex 29.761905 17.659574 0.000000
      vertex 29.761905 18.936170 0.000000
      vertex 31.666667 18.936170 0.000000
    endloop
  endfacet
  facet normal 0.000000 0.000000 1.000000
    outer loop
      vertex 29.761905 17.659574 0.400000
      vertex 31.666667 17.659574 0.400000
      vertex 31.666667 18.936170 0.400000
    endloop
  endfacet
  facet normal 0.000000 0.000000 1.000000
    outer loop
      vertex 29.761905 17.659574 0.400000
      vertex 31.666667 18.936170 0.400000
      vertex 29.761905 18.936170 0.400000
    endloop
  endfacet
  facet normal 0.000000 -1.000000 0.000000
    outer loop
      vertex 29.761905 17.659574 0.000000
      vertex 31.666667 17.659574 0.000000
      vertex 31.666667 17.659574 0.400000
    endloop
  endfacet
  facet normal 0.000000 -1.000000 0.000000
    outer loop
      vertex 29.761905 17.659574 0.000000
      vertex 31.666667 17.659574 0.400000
      vertex 29.761905 17.659574 0.400000
    endloop
  endfacet
  facet normal 0.000000 1.000000 0.000000
    outer loop
      vertex 29.761905 18.936170 0.000000
      vertex 31.666667 18.936170 0.400000
      vertex 31.666667 18.936170 0.000000
    endloop
  endfacet
  facet normal 0.000000 1.000000 0.000000
    outer loop
      vertex 29.761905 18.936170 0.000000
      vertex 29.761905 18.936170 0.400000
      vertex 31.666667 18.936170 0.400000
    endloop
  endfacet
  facet normal -1.000000 0.000000 0.000000
    outer loop
      vertex 29.761905 17.659574 0.000000
      vertex 29.761905 17.659574 0.400000
      vertex 29.761905 18.936170 0.400000
    endloop
  endfacet
  facet normal -1.000000 0.000000 0.000000
    outer loop
      vertex 29.761905 17.659574 0.000000
      vertex 29.761905 18.936170 0.400000
      vertex 29.761905 18.936170 0.000000
    endloop
  endfacet
  facet normal 1.000000 0.000000 0.000000
    outer loop
      vertex 31.666667 17.659574 0.000000
      vertex 31.666667 18.936170 0.000000
      vertex 31.666667 18.936170 0.400000
    endloop
  endfacet
  facet normal 1.000000 0.000000 0.000000
    outer loop
      vertex 31.666667 17.659574 0.000000
      vertex 31.666667 18.936170 0.400000
      vertex 31.666667 17.659574 0.400000
    endloop
  endfacet
  facet normal 0.000000 0.000000 -1.000000
    outer loop
      vertex 31.984127 18.617021 0.000000
      vertex 32.619048 18.936170 0.000000
      vertex 32.619048 18.617021 0.000000
    endloop
  endfacet
  facet normal 0.000000 0.000000 -1.000000
    outer loop
      vertex 31.984127 18.617021 0.000000
      vertex 31.984127 18.936170 0.000000
      vertex 32.619048 18.936170 0.000000
    endloop
  endfacet
  facet normal 0.000000 0.000000 1.000000
    outer loop
      vertex 31.984127 18.617021 0.400000
      vertex 32.619048 18.617021 0.400000
      vertex 32.619048 18.936170 0.400000
    endloop
  endfacet
  facet normal 0.000000 0.000000 1.000000
    outer loop
      vertex 31.984127 18.617021 0.400000
      vertex 32.619048 18.936170 0.400000
      vertex 31.984127 18.936170 0.400000
    endloop
  endfacet
  facet normal 0.000000 -1.000000 0.000000
    outer loop
      vertex 31.984127 18.617021 0.000000
      vertex 32.619048 18.617021 0.000000
      vertex 32.619048 18.617021 0.400000
    endloop
  endfacet
  facet normal 0.000000 -1.000000 0.000000
    outer loop
      vertex 31.984127 18.617021 0.000000
      vertex 32.619048 18.617021 0.400000
      vertex 31.984127 18.617021 0.400000
    endloop
  endfacet
  facet normal 0.000000 1.000000 0.000000
    outer loop
      vertex 31.984127 18.936170 0.000000
      vertex 32.619048 18.936170 0.400000
      vertex 32.619048 18.936170 0.000000
    endloop
  endfacet
  facet normal 0.000000 1.000000 0.000000
    outer loop
      vertex 31.984127 18.936170 0.000000
      vertex 31.984127 18.936170 0.400000
      vertex 32.619048 18.936170 0.400000
    endloop
  endfacet
  facet normal -1.000000 0.000000 0.000000
    outer loop
      vertex 31.984127 18.617021 0.000000
      vertex 31.984127 18.617021 0.400000
      vertex 31.984127 18.936170 0.400000
    endloop
  endfacet
  facet normal -1.000000 0.000000 0.000000
    outer loop
      vertex 31.984127 18.617021 0.000000
      vertex 31.984127 18.936170 0.400000
      vertex 31.984127 18.936170 0.000000
    endloop
  endfacet
  facet normal 1.000000 0.000000 0.000000
    outer loop
      vertex 32.619048 18.617021 0.000000
      vertex 32.619048 18.936170 0.000000
      vertex 32.619048 18.936170 0.400000
    endloop
  endfacet
  facet normal 1.000000 0.000000 0.000000
    outer loop
      vertex 32.619048 18.617021 0.000000
      vertex 32.619048 18.936170 0.400000
      vertex 32.619048 18.617021 0.400000
    endloop
  endfacet
  facet normal 0.000000 0.000000 -1.000000
    outer loop
      vertex 9.444444 17.978723 0.000000
      vertex 11.031746 18.617021 0.000000
      vertex 11.031746 17.978723 0.000000
    endloop
  endfacet
  facet normal 0.000000 0.000000 -1.000000
    outer loop
      vertex 9.444444 17.978723 0.000000
      vertex 9.444444 18.617021 0.000000
      vertex 11.031746 18.617021 0.000000
    endloop
  endfacet
  facet normal 0.000000 0.000000 1.000000
    outer loop
      vertex 9.444444 17.978723 0.400000
      vertex 11.031746 17.978723 0.400000
      vertex 11.031746 18.617021 0.400000
    endloop
  endfacet
  facet normal 0.000000 0.000000 1.000000
    outer loop
      vertex 9.444444 17.978723 0.400000
      vertex 11.031746 18.617021 0.400000
      vertex 9.444444 18.617021 0.400000
    endloop
  endfacet
  facet normal 0.000000 -1.000000 0.000000
    outer loop
      vertex 9.444444 17.978723 0.000000
      vertex 11.031746 17.978723 0.000000
      vertex 11.031746 17.978723 0.400000
    endloop
  endfacet
  facet normal 0.000000 -1.000000 0.000000
    outer loop
      vertex 9.444444 17.978723 0.000000
      vertex 11.031746 17.978723 0.400000
      vertex 9.444444 17.978723 0.400000
    endloop
  endfacet
  facet normal 0.000000 1.000000 0.000000
    outer loop
      vertex 9.444444 18.617021 0.000000
      vertex 11.031746 18.617021 0.400000
      vertex 11.031746 18.617021 0.000000
    endloop
  endfacet
  facet normal 0.000000 1.000000 0.000000
    outer loop
      vertex 9.444444 18.617021 0.000000
      vertex 9.444444 18.617021 0.400000
      vertex 11.031746 18.617021 0.400000
    endloop
  endfacet
  facet normal -1.000000 0.000000 0.000000
    outer loop
      vertex 9.444444 17.978723 0.000000
      vertex 9.444444 17.978723 0.400000
      vertex 9.444444 18.617021 0.400000
    endloop
  endfacet
  facet normal -1.000000 0.000000 0.000000
    outer loop
      vertex 9.444444 17.978723 0.000000
      vertex 9.444444 18.617021 0.400000
      vertex 9.444444 18.617021 0.000000
    endloop
  endfacet
  facet normal 1.000000 0.000000 0.000000
    outer loop
      vertex 11.031746 17.978723 0.000000
      vertex 11.031746 18.617021 0.000000
      vertex 11.031746 18.617021 0.400000
    endloop
  endfacet
  facet normal 1.000000 0.000000 0.000000
    outer loop
      vertex 11.031746 17.978723 0.000000
      vertex 11.031746 18.617021 0.400000
      vertex 11.031746 17.978723 0.400000
    endloop
  endfacet
  facet normal 0.000000 0.000000 -1.000000
    outer loop
      vertex 14.206349 14.148936 0.000000
      vertex 15.476190 18.617021 0.000000
      vertex 15.476190 14.148936 0.000000
    endloop
  endfacet
  facet normal 0.000000 0.000000 -1.000000
    outer loop
      vertex 14.206349 14.148936 0.000000
      vertex 14.206349 18.617021 0.000000
      vertex 15.476190 18.617021 0.000000
    endloop
  endfacet
  facet normal 0.000000 0.000000 1.000000
    outer loop
      vertex 14.206349 14.148936 0.400000
      vertex 15.476190 14.148936 0.400000
      vertex 15.476190 18.617021 0.400000
    endloop
  endfacet
  facet normal 0.000000 0.000000 1.000000
    outer loop
      vertex 14.206349 14.148936 0.400000
      vertex 15.476190 18.617021 0.400000
      vertex 14.206349 18.617021 0.400000
    endloop
  endfacet
  facet normal 0.000000 -1.000000 0.000000
    outer loop
      vertex 14.206349 14.148936 0.000000
      vertex 15.476190 14.148936 0.000000
      vertex 15.476190 14.148936 0.400000
    endloop
  endfacet
  facet normal 0.000000 -1.000000 0.000000
    outer loop
      vertex 14.206349 14.148936 0.000000
      vertex 15.476190 14.148936 0.400000
      vertex 14.206349 14.148936 0.400000
    endloop
  endfacet
  facet normal 0.000000 1.000000 0.000000
    outer loop
      vertex 14.206349 18.617021 0.000000
      vertex 15.476190 18.617021 0.400000
      vertex 15.476190 18.617021 0.000000
    endloop
  endfacet
  facet normal 0.000000 1.000000 0.000000
    outer loop
      vertex 14.206349 18.617021 0.000000
      vertex 14.206349 18.617021 0.400000
      vertex 15.476190 18.617021 0.400000
    endloop
  endfacet
  facet normal -1.000000 0.000000 0.000000
    outer loop
      vertex 14.206349 14.148936 0.000000
      vertex 14.206349 14.148936 0.400000
      vertex 14.206349 18.617021 0.400000
    endloop
  endfacet
  facet normal -1.000000 0.000000 0.000000
    outer loop
      vertex 14.206349 14.148936 0.000000
      vertex 14.206349 18.617021 0.400000
      vertex 14.206349 18.617021 0.000000
    endloop
  endfacet
  facet normal 1.000000 0.000000 0.000000
    outer loop
      vertex 15.476190 14.148936 0.000000
      vertex 15.476190 18.617021 0.000000
      vertex 15.476190 18.617021 0.400000
    endloop
  endfacet
  facet normal 1.000000 0.000000 0.000000
    outer loop
      vertex 15.476190 14.148936 0.000000
      vertex 15.476190 18.617021 0.400000
      vertex 15.476190 14.148936 0.400000
    endloop
  endfacet
  facet normal 0.000000 0.000000 -1.000000
    outer loop
      vertex 31.984127 18.297872 0.000000
      vertex 32.301587 18.617021 0.000000
      vertex 32.301587 18.297872 0.000000
    endloop
  endfacet
  facet normal 0.000000 0.000000 -1.000000
    outer loop
      vertex 31.984127 18.297872 0.000000
      vertex 31.984127 18.617021 0.000000
      vertex 32.301587 18.617021 0.000000
    endloop
  endfacet
  facet normal 0.000000 0.000000 1.000000
    outer loop
      vertex 31.984127 18.297872 0.400000
      vertex 32.301587 18.297872 0.400000
      vertex 32.301587 18.617021 0.400000
    endloop
  endfacet
  facet normal 0.000000 0.000000 1.000000
    outer loop
      vertex 31.984127 18.297872 0.400000
      vertex 32.301587 18.617021 0.400000
      vertex 31.984127 18.617021 0.400000
    endloop
  endfacet
  facet normal 0.000000 -1.000000 0.000000
    outer loop
      vertex 31.984127 18.297872 0.000000
      vertex 32.301587 18.297872 0.000000
      vertex 32.301587 18.297872 0.400000
    endloop
  endfacet
  facet normal 0.000000 -1.000000 0.000000
    outer loop
      vertex 31.984127 18.297872 0.000000
      vertex 32.301587 18.297872 0.400000
      vertex 31.984127 18.297872 0.400000
    endloop
  endfacet
  facet normal 0.000000 1.000000 0.000000
    outer loop
      vertex 31.984127 18.617021 0.000000
      vertex 32.301587 18.617021 0.400000
      vertex 32.301587 18.617021 0.000000
    endloop
  endfacet
  facet normal 0.000000 1.000000 0.000000
    outer loop
      vertex 31.984127 18.617021 0.000000
      vertex 31.984127 18.617021 0.400000
      vertex 32.301587 18.617021 0.400000
    endloop
  endfacet
  facet normal -1.000000 0.000000 0.000000
    outer loop
      vertex 31.984127 18.297872 0.000000
      vertex 31.984127 18.297872 0.400000
      vertex 31.984127 18.617021 0.400000
    endloop
  endfacet
  facet normal -1.000000 0.000000 0.000000
    outer loop
      vertex 31.984127 18.297872 0.000000
      vertex 31.984127 18.617021 0.400000
      vertex 31.984127 18.617021 0.000000
    endloop
  endfacet
  facet normal 1.000000 0.000000 0.000000
    outer loop
      vertex 32.301587 18.297872 0.000000
      vertex 32.301587 18.617021 0.000000
      vertex 32.301587 18.617021 0.400000
    endloop
  endfacet
  facet normal 1.000000 0.000000 0.000000
    outer loop
      vertex 32.301587 18.297872 0.000000
      vertex 32.301587 18.617021 0.400000
      vertex 32.301587 18.297872 0.400000
    endloop
  endfacet
  facet normal 0.000000 0.000000 -1.000000
    outer loop
      vertex 13.888889 14.468085 0.000000
      vertex 14.206349 18.297872 0.000000
      vertex 14.206349 14.468085 0.000000
    endloop
  endfacet
  facet normal 0.000000 0.000000 -1.000000
    outer loop
      vertex 13.888889 14.468085 0.000000
      vertex 13.888889 18.297872 0.000000
      vertex 14.206349 18.297872 0.000000
    endloop
  endfacet
  facet normal 0.000000 0.000000 1.000000
    outer loop
      vertex 13.888889 14.468085 0.400000
      vertex 14.206349 14.468085 0.400000
      vertex 14.206349 18.297872 0.400000
    endloop
  endfacet
  facet normal 0.000000 0.000000 1.000000
    outer loop
      vertex 13.888889 14.468085 0.400000
      vertex 14.206349 18.297872 0.400000
      vertex 13.888889 18.297872 0.400000
    endloop
  endfacet
  facet normal 0.000000 -1.000000 0.000000
    outer loop
      vertex 13.888889 14.468085 0.000000
      vertex 14.206349 14.468085 0.000000
      vertex 14.206349 14.468085 0.400000
    endloop
  endfacet
  facet normal 0.000000 -1.000000 0.000000
    outer loop
      vertex 13.888889 14.468085 0.000000
      vertex 14.206349 14.468085 0.400000
      vertex 13.888889 14.468085 0.400000
    endloop
  endfacet
  facet normal 0.000000 1.000000 0.000000
    outer loop
      vertex 13.888889 18.297872 0.000000
      vertex 14.206349 18.297872 0.400000
      vertex 14.206349 18.297872 0.000000
    endloop
  endfacet
  facet normal 0.000000 1.000000 0.000000
    outer loop
      vertex 13.888889 18.297872 0.000000
      vertex 13.888889 18.297872 0.400000
      vertex 14.206349 18.297872 0.400000
    endloop
  endfacet
  facet normal -1.000000 0.000000 0.000000
    outer loop
      vertex 13.888889 14.468085 0.000000
      vertex 13.888889 14.468085 0.400000
      vertex 13.888889 18.297872 0.400000
    endloop
  endfacet
  facet normal -1.000000 0.000000 0.000000
    outer loop
      vertex 13.888889 14.468085 0.000000
      vertex 13.888889 18.297872 0.400000
      vertex 13.888889 18.297872 0.000000
    endloop
  endfacet
  facet normal 1.000000 0.000000 0.000000
    outer loop
      vertex 14.206349 14.468085 0.000000
      vertex 14.206349 18.297872 0.000000
      vertex 14.206349 18.297872 0.400000
    endloop
  endfacet
  facet normal 1.000000 0.000000 0.000000
    outer loop
      vertex 14.206349 14.468085 0.000000
      vertex 14.206349 18.297872 0.400000
      vertex 14.206349 14.468085 0.400000
    endloop
  endfacet
  facet normal 0.000000 0.000000 -1.000000
    outer loop
      vertex 15.476190 14.468085 0.000000
      vertex 16.111111 18.297872 0.000000
      vertex 16.111111 14.468085 0.000000
    endloop
  endfacet
  facet normal 0.000000 0.000000 -1.000000
    outer loop
      vertex 15.476190 14.468085 0.000000
      vertex 15.476190 18.297872 0.000000
      vertex 16.111111 18.297872 0.000000
    endloop
  endfacet
  facet normal 0.000000 0.000000 1.000000
    outer loop
      vertex 15.476190 14.468085 0.400000
      vertex 16.111111 14.468085 0.400000
      vertex 16.111111 18.297872 0.400000
    endloop
  endfacet
  facet normal 0.000000 0.000000 1.000000
    outer loop
      vertex 15.476190 14.468085 0.400000
      vertex 16.111111 18.297872 0.400000
      vertex 15.476190 18.297872 0.400000
    endloop
  endfacet
  facet normal 0.000000 -1.000000 0.000000
    outer loop
      vertex 15.476190 14.468085 0.000000
      vertex 16.111111 14.468085 0.000000
      vertex 16.111111 14.468085 0.400000
    endloop
  endfacet
  facet normal 0.000000 -1.000000 0.000000
    outer loop
      vertex 15.476190 14.468085 0.000000
      vertex 16.111111 14.468085 0.400000
      vertex 15.476190 14.468085 0.400000
    endloop
  endfacet
  facet normal 0.000000 1.000000 0.000000
    outer loop
      vertex 15.476190 18.297872 0.000000
      vertex 16.111111 18.297872 0.400000
      vertex 16.111111 18.297872 0.000000
    endloop
  endfacet
  facet normal 0.000000 1.000000 0.000000
    outer loop
      vertex 15.476190 18.297872 0.000000
      vertex 15.476190 18.297872 0.400000
      vertex 16.111111 18.297872 0.400000
    endloop
  endfacet
  facet normal -1.000000 0.000000 0.000000
    outer loop
      vertex 15.476190 14.468085 0.000000
      vertex 15.476190 14.468085 0.400000
      vertex 15.476190 18.297872 0.400000
    endloop
  endfacet
  facet normal -1.000000 0.000000 0.000000
    outer loop
      vertex 15.476190 14.468085 0.000000
      vertex 15.476190 18.297872 0.400000
      vertex 15.476190 18.297872 0.000000
    endloop
  endfacet
  facet normal 1.000000 0.000000 0.000000
    outer loop
      vertex 16.111111 14.468085 0.000000
      vertex 16.111111 18.297872 0.000000
      vertex 16.111111 18.297872 0.400000
    endloop
  endfacet
  facet normal 1.000000 0.000000 0.000000
    outer loop
      vertex 16.111111 14.468085 0.000000
      vertex 16.111111 18.297872 0.400000
      vertex 16.111111 14.468085 0.400000
    endloop
  endfacet
  facet normal 0.000000 0.000000 -1.000000
    outer loop
      vertex 9.444444 10.000000 0.000000
      vertex 10.714286 17.978723 0.000000
      vertex 10.714286 10.000000 0.000000
    endloop
  endfacet
  facet normal 0.000000 0.000000 -1.000000
    outer loop
      vertex 9.444444 10.000000 0.000000
      vertex 9.444444 17.978723 0.000000
      vertex 10.714286 17.978723 0.000000
    endloop
  endfacet
  facet normal 0.000000 0.000000 1.000000
    outer loop
      vertex 9.444444 10.000000 0.400000
      vertex 10.714286 10.000000 0.400000
      vertex 10.714286 17.978723 0.400000
    endloop
  endfacet
  facet normal 0.000000 0.000000 1.000000
    outer loop
      vertex 9.444444 10.000000 0.400000
      vertex 10.714286 17.978723 0.400000
      vertex 9.444444 17.978723 0.400000
    endloop
  endfacet
  facet normal 0.000000 -1.000000 0.000000
    outer loop
      vertex 9.444444 10.000000 0.000000
      vertex 10.714286 10.000000 0.000000
      vertex 10.714286 10.000000 0.400000
    endloop
  endfacet
  facet normal 0.000000 -1.000000 0.000000
    outer loop
      vertex 9.444444 10.000000 0.000000
      vertex 10.714286 10.000000 0.400000
      vertex 9.444444 10.000000 0.400000
    endloop
  endfacet
  facet normal 0.000000 1.000000 0.000000
    outer loop
      vertex 9.444444 17.978723 0.000000
      vertex 10.714286 17.978723 0.400000
      vertex 10.714286 17.978723 0.000000
    endloop
  endfacet
  facet normal 0.000000 1.000000 0.000000
    outer loop
      vertex 9.444444 17.978723 0.000000
      vertex 9.444444 17.978723 0.400000
      vertex 10.714286 17.978723 0.400000
    endloop
  endfacet
  facet normal -1.000000 0.000000 0.000000
    outer loop
      vertex 9.444444 10.000000 0.000000
      vertex 9.444444 10.000000 0.400000
      vertex 9.444444 17.978723 0.400000
    endloop
  endfacet
  facet normal -1.000000 0.000000 0.000000
    outer loop
      vertex 9.444444 10.000000 0.000000
      vertex 9.444444 17.978723 0.400000
      vertex 9.444444 17.978723 0.000000
    endloop
  endfacet
  facet normal 1.000000 0.000000 0.000000
    outer loop
      vertex 10.714286 10.000000 0.000000
      vertex 10.714286 17.978723 0.000000
      vertex 10.714286 17.978723 0.400000
    endloop
  endfacet
  facet normal 1.000000 0.000000 0.000000
    outer loop
      vertex 10.714286 10.000000 0.000000
      vertex 10.714286 17.978723 0.400000
      vertex 10.714286 10.000000 0.400000
    endloop
  endfacet
  facet normal 0.000000 0.000000 -1.000000
    outer loop
      vertex 13.571429 14.787234 0.000000
      vertex 13.888889 17.978723 0.000000
      vertex 13.888889 14.787234 0.000000
    endloop
  endfacet
  facet normal 0.000000 0.000000 -1.000000
    outer loop
      vertex 13.571429 14.787234 0.000000
      vertex 13.571429 17.978723 0.000000
      vertex 13.888889 17.978723 0.000000
    endloop
  endfacet
  facet normal 0.000000 0.000000 1.000000
    outer loop
      vertex 13.571429 14.787234 0.400000
      vertex 13.888889 14.787234 0.400000
      vertex 13.888889 17.978723 0.400000
    endloop
  endfacet
  facet normal 0.000000 0.000000 1.000000
    outer loop
      vertex 13.571429 14.787234 0.400000
      vertex 13.888889 17.978723 0.400000
      vertex 13.571429 17.978723 0.400000
    endloop
  endfacet
  facet normal 0.000000 -1.000000 0.000000
    outer loop
      vertex 13.571429 14.787234 0.000000
      vertex 13.888889 14.787234 0.000000
      vertex 13.888889 14.787234 0.400000
    endloop
  endfacet
  facet normal 0.000000 -1.000000 0.000000
    outer loop
      vertex 13.571429 14.787234 0.000000
      vertex 13.888889 14.787234 0.400000
      vertex 13.571429 14.787234 0.400000
    endloop
  endfacet
  facet normal 0.000000 1.000000 0.000000
    outer loop
      vertex 13.571429 17.978723 0.000000
      vertex 13.888889 17.978723 0.400000
      vertex 13.888889 17.978723 0.000000
    endloop
  endfacet
  facet normal 0.000000 1.000000 0.000000
    outer loop
      vertex 13.571429 17.978723 0.000000
      vertex 13.571429 17.978723 0.400000
      vertex 13.888889 17.978723 0.400000
    endloop
  endfacet
  facet normal -1.000000 0.000000 0.000000
    outer loop
      vertex 13.571429 14.787234 0.000000
      vertex 13.571429 14.787234 0.400000
      vertex 13.571429 17.978723 0.400000
    endloop
  endfacet
  facet normal -1.000000 0.000000 0.000000
    outer loop
      vertex 13.571429 14.787234 0.000000
      vertex 13.571429 17.978723 0.400000
      vertex 13.571429 17.978723 0.000000
    endloop
  endfacet
  facet normal 1.000000 0.000000 0.000000
    outer loop
      vertex 13.888889 14.787234 0.000000
      vertex 13.888889 17.978723 0.000000
      vertex 13.888889 17.978723 0.400000
    endloop
  endfacet
  facet normal 1.000000 0.000000 0.000000
    outer loop
      vertex 13.888889 14.787234 0.000000
      vertex 13.888889 17.978723 0.400000
      vertex 13.888889 14.787234 0.400000
    endloop
  endfacet
  facet normal 0.000000 0.000000 -1.000000
    outer loop
      vertex 13.253968 15.106383 0.000000
      vertex 13.571429 17.659574 0.000000
      vertex 13.571429 15.106383 0.000000
    endloop
  endfacet
  facet normal 0.000000 0.000000 -1.000000
    outer loop
      vertex 13.253968 15.106383 0.000000
      vertex 13.253968 17.659574 0.000000
      vertex 13.571429 17.659574 0.000000
    endloop
  endfacet
  facet normal 0.000000 0.000000 1.000000
    outer loop
      vertex 13.253968 15.106383 0.400000
      vertex 13.571429 15.106383 0.400000
      vertex 13.571429 17.659574 0.400000
    endloop
  endfacet
  facet normal 0.000000 0.000000 1.000000
    outer loop
      vertex 13.253968 15.106383 0.400000
      vertex 13.571429 17.659574 0.400000
      vertex 13.253968 17.659574 0.400000
    endloop
  endfacet
  facet normal 0.000000 -1.000000 0.000000
    outer loop
      vertex 13.253968 15.106383 0.000000
      vertex 13.571429 15.106383 0.000000
      vertex 13.571429 15.106383 0.400000
    endloop
  endfacet
  facet normal 0.000000 -1.000000 0.000000
    outer loop
      vertex 13.253968 15.106383 0.000000
      vertex 13.571429 15.106383 0.400000
      vertex 13.253968 15.106383 0.400000
    endloop
  endfacet
  facet normal 0.000000 1.000000 0.000000
    outer loop
      vertex 13.253968 17.659574 0.000000
      vertex 13.571429 17.659574 0.400000
      vertex 13.571429 17.659574 0.000000
    endloop
  endfacet
  facet normal 0.000000 1.000000 0.000000
    outer loop
      vertex 13.253968 17.659574 0.000000
      vertex 13.253968 17.659574 0.400000
      vertex 13.571429 17.659574 0.400000
    endloop
  endfacet
  facet normal -1.000000 0.000000 0.000000
    outer loop
      vertex 13.253968 15.106383 0.000000
      vertex 13.253968 15.106383 0.400000
      vertex 13.253968 17.659574 0.400000
    endloop
  endfacet
  facet normal -1.000000 0.000000 0.000000
    outer loop
      vertex 13.253968 15.106383 0.000000
      vertex 13.253968 17.659574 0.400000
      vertex 13.253968 17.659574 0.000000
    endloop
  endfacet
  facet normal 1.000000 0.000000 0.000000
    outer loop
      vertex 13.571429 15.106383 0.000000
      vertex 13.571429 17.659574 0.000000
      vertex 13.571429 17.659574 0.400000
    endloop
  endfacet
  facet normal 1.000000 0.000000 0.000000
    outer loop
      vertex 13.571429 15.106383 0.000000
      vertex 13.571429 17.659574 0.400000
      vertex 13.571429 15.106383 0.400000
    endloop
  endfacet
  facet normal 0.000000 0.000000 -1.000000
    outer loop
      vertex 16.111111 15.106383 0.000000
      vertex 16.428571 17.659574 0.000000
      vertex 16.428571 15.106383 0.000000
    endloop
  endfacet
  facet normal 0.000000 0.000000 -1.000000
    outer loop
      vertex 16.111111 15.106383 0.000000
      vertex 16.111111 17.659574 0.000000
      vertex 16.428571 17.659574 0.000000
    endloop
  endfacet
  facet normal 0.000000 0.000000 1.000000
    outer loop
      vertex 16.111111 15.106383 0.400000
      vertex 16.428571 15.106383 0.400000
      vertex 16.428571 17.659574 0.400000
    endloop
  endfacet
  facet normal 0.000000 0.000000 1.000000
    outer loop
      vertex 16.111111 15.106383 0.400000
      vertex 16.428571 17.659574 0.400000
      vertex 16.111111 17.659574 0.400000
    endloop
  endfacet
  facet normal 0.000000 -1.000000 0.000000
    outer loop
      vertex 16.111111 15.106383 0.000000
      vertex 16.428571 15.106383 0.000000
      vertex 16.428571 15.106383 0.400000
    endloop
  endfacet
  facet normal 0.000000 -1.000000 0.000000
    outer loop
      vertex 16.111111 15.106383 0.000000
      vertex 16.428571 15.106383 0.400000
      vertex 16.111111 15.106383 0.400000
    endloop
  endfacet
  facet normal 0.000000 1.000000 0.000000
    outer loop
      vertex 16.111111 17.659574 0.000000
      vertex 16.428571 17.659574 0.400000
      vertex 16.428571 17.659574 0.000000
    endloop
  endfacet
  facet normal 0.000000 1.000000 0.000000
    outer loop
      vertex 16.111111 17.659574 0.000000
      vertex 16.111111 17.659574 0.400000
      vertex 16.428571 17.659574 0.400000
    endloop
  endfacet
  facet normal -1.000000 0.000000 0.000000
    outer loop
      vertex 16.111111 15.106383 0.000000
      vertex 16.111111 15.106383 0.400000
      vertex 16.111111 17.659574 0.400000
    endloop
  endfacet
  facet normal -1.000000 0.000000 0.000000
    outer loop
      vertex 16.111111 15.106383 0.000000
      vertex 16.111111 17.659574 0.400000
      vertex 16.111111 17.659574 0.000000
    endloop
  endfacet
  facet normal 1.000000 0.000000 0.000000
    outer loop
      vertex 16.428571 15.106383 0.000000
      vertex 16.428571 17.659574 0.000000
      vertex 16.428571 17.659574 0.400000
    endloop
  endfacet
  facet normal 1.000000 0.000000 0.000000
    outer loop
      vertex 16.428571 15.106383 0.000000
      vertex 16.428571 17.659574 0.400000
      vertex 16.428571 15.106383 0.400000
    endloop
  endfacet
  facet normal 0.000000 0.000000 -1.000000
    outer loop
      vertex 29.761905 16.702128 0.000000
      vertex 31.349206 17.659574 0.000000
      vertex 31.349206 16.702128 0.000000
    endloop
  endfacet
  facet normal 0.000000 0.000000 -1.000000
    outer loop
      vertex 29.761905 16.702128 0.000000
      vertex 29.761905 17.659574 0.000000
      vertex 31.349206 17.659574 0.000000
    endloop
  endfacet
  facet normal 0.000000 0.000000 1.000000
    outer loop
      vertex 29.761905 16.702128 0.400000
      vertex 31.349206 16.702128 0.400000
      vertex 31.349206 17.659574 0.400000
    endloop
  endfacet
  facet normal 0.000000 0.000000 1.000000
    outer loop
      vertex 29.761905 16.702128 0.400000
      vertex 31.349206 17.659574 0.400000
      vertex 29.761905 17.659574 0.400000
    endloop
  endfacet
  facet normal 0.000000 -1.000000 0.000000
    outer loop
      vertex 29.761905 16.702128 0.000000
      vertex 31.349206 16.702128 0.000000
      vertex 31.349206 16.702128 0.400000
    endloop
  endfacet
  facet normal 0.000000 -1.000000 0.000000
    outer loop
      vertex 29.761905 16.702128 0.000000
      vertex 31.349206 16.702128 0.400000
      vertex 29.761905 16.702128 0.400000
    endloop
  endfacet
  facet normal 0.000000 1.000000 0.000000
    outer loop
      vertex 29.761905 17.659574 0.000000
      vertex 31.349206 17.659574 0.400000
      vertex 31.349206 17.659574 0.000000
    endloop
  endfacet
  facet normal 0.000000 1.000000 0.000000
    outer loop
      vertex 29.761905 17.659574 0.000000
      vertex 29.761905 17.659574 0.400000
      vertex 31.349206 17.659574 0.400000
    endloop
  endfacet
  facet normal -1.000000 0.000000 0.000000
    outer loop
      vertex 29.761905 16.702128 0.000000
      vertex 29.761905 16.702128 0.400000
      vertex 29.761905 17.659574 0.400000
    endloop
  endfacet
  facet normal -1.000000 0.000000 0.000000
    outer loop
      vertex 29.761905 16.702128 0.000000
      vertex 29.761905 17.659574 0.400000
      vertex 29.761905 17.659574 0.000000
    endloop
  endfacet
  facet normal 1.000000 0.000000 0.000000
    outer loop
      vertex 31.349206 16.702128 0.000000
      vertex 31.349206 17.659574 0.000000
      vertex 31.349206 17.659574 0.400000
    endloop
  endfacet
  facet normal 1.000000 0.000000 0.000000
    outer loop
      vertex 31.349206 16.702128 0.000000
      vertex 31.349206 17.659574 0.400000
      vertex 31.349206 16.702128 0.400000
    endloop
  endfacet
  facet normal 0.000000 0.000000 -1.000000
    outer loop
      vertex 34.206349 14.148936 0.000000
      vertex 35.793651 17.340426 0.000000
      vertex 35.793651 14.148936 0.000000
    endloop
  endfacet
  facet normal 0.000000 0.000000 -1.000000
    outer loop
      vertex 34.206349 14.148936 0.000000
      vertex 34.206349 17.340426 0.000000
      vertex 35.793651 17.340426 0.000000
    endloop
  endfacet
  facet normal 0.000000 0.000000 1.000000
    outer loop
      vertex 34.206349 14.148936 0.400000
      vertex 35.793651 14.148936 0.400000
      vertex 35.793651 17.340426 0.400000
    endloop
  endfacet
  facet normal 0.000000 0.000000 1.000000
    outer loop
      vertex 34.206349 14.148936 0.400000
      vertex 35.793651 17.340426 0.400000
      vertex 34.206349 17.340426 0.400000
    endloop
  endfacet
  facet normal 0.000000 -1.000000 0.000000
    outer loop
      vertex 34.206349 14.148936 0.000000
      vertex 35.793651 14.148936 0.000000
      vertex 35.793651 14.148936 0.400000
    endloop
  endfacet
  facet normal 0.000000 -1.000000 0.000000
    outer loop
      vertex 34.206349 14.148936 0.000000
      vertex 35.793651 14.148936 0.400000
      vertex 34.206349 14.148936 0.400000
    endloop
  endfacet
  facet normal 0.000000 1.000000 0.000000
    outer loop
      vertex 34.206349 17.340426 0.000000
      vertex 35.793651 17.340426 0.400000
      vertex 35.793651 17.340426 0.000000
    endloop
  endfacet
  facet normal 0.000000 1.000000 0.000000
    outer loop
      vertex 34.206349 17.340426 0.000000
      vertex 34.206349 17.340426 0.400000
      vertex 35.793651 17.340426 0.400000
    endloop
  endfacet
  facet normal -1.000000 0.000000 0.000000
    outer loop
      vertex 34.206349 14.148936 0.000000
      vertex 34.206349 14.148936 0.400000
      vertex 34.206349 17.340426 0.400000
    endloop
  endfacet
  facet normal -1.000000 0.000000 0.000000
    outer loop
      vertex 34.206349 14.148936 0.000000
      vertex 34.206349 17.340426 0.400000
      vertex 34.206349 17.340426 0.000000
    endloop
  endfacet
  facet normal 1.000000 0.000000 0.000000
    outer loop
      vertex 35.793651 14.148936 0.000000
      vertex 35.793651 17.340426 0.000000
      vertex 35.793651 17.340426 0.400000
    endloop
  endfacet
  facet normal 1.000000 0.000000 0.000000
    outer loop
      vertex 35.793651 14.148936 0.000000
      vertex 35.793651 17.340426 0.400000
      vertex 35.793651 14.148936 0.400000
    endloop
  endfacet
  facet normal 0.000000 0.000000 -1.000000
    outer loop
      vertex 33.888889 14.468085 0.000000
      vertex 34.206349 17.021277 0.000000
      vertex 34.206349 14.468085 0.000000
    endloop
  endfacet
  facet normal 0.000000 0.000000 -1.000000
    outer loop
      vertex 33.888889 14.468085 0.000000
      vertex 33.888889 17.021277 0.000000
      vertex 34.206349 17.021277 0.000000
    endloop
  endfacet
  facet normal 0.000000 0.000000 1.000000
    outer loop
      vertex 33.888889 14.468085 0.400000
      vertex 34.206349 14.468085 0.400000
      vertex 34.206349 17.021277 0.400000
    endloop
  endfacet
  facet normal 0.000000 0.000000 1.000000
    outer loop
      vertex 33.888889 14.468085 0.400000
      vertex 34.206349 17.021277 0.400000
      vertex 33.888889 17.021277 0.400000
    endloop
  endfacet
  facet normal 0.000000 -1.000000 0.000000
    outer loop
      vertex 33.888889 14.468085 0.000000
      vertex 34.206349 14.468085 0.000000
      vertex 34.206349 14.468085 0.400000
    endloop
  endfacet
  facet normal 0.000000 -1.000000 0.000000
    outer loop
      vertex 33.888889 14.468085 0.000000
      vertex 34.206349 14.468085 0.400000
      vertex 33.888889 14.468085 0.400000
    endloop
  endfacet
  facet normal 0.000000 1.000000 0.000000
    outer loop
      vertex 33.888889 17.021277 0.000000
      vertex 34.206349 17.021277 0.400000
      vertex 34.206349 17.021277 0.000000
    endloop
  endfacet
  facet normal 0.000000 1.000000 0.000000
    outer loop
      vertex 33.888889 17.021277 0.000000
      vertex 33.888889 17.021277 0.400000
      vertex 34.206349 17.021277 0.400000
    endloop
  endfacet
  facet normal -1.000000 0.000000 0.000000
    outer loop
      vertex 33.888889 14.468085 0.000000
      vertex 33.888889 14.468085 0.400000
      vertex 33.888889 17.021277 0.400000
    endloop
  endfacet
  facet normal -1.000000 0.000000 0.000000
    outer loop
      vertex 33.888889 14.468085 0.000000
      vertex 33.888889 17.021277 0.400000
      vertex 33.888889 17.021277 0.000000
    endloop
  endfacet
  facet normal 1.000000 0.000000 0.000000
    outer loop
      vertex 34.206349 14.468085 0.000000
      vertex 34.206349 17.021277 0.000000
      vertex 34.206349 17.021277 0.400000
    endloop
  endfacet
  facet normal 1.000000 0.000000 0.000000
    outer loop
      vertex 34.206349 14.468085 0.000000
      vertex 34.206349 17.021277 0.400000
      vertex 34.206349 14.468085 0.400000
    endloop
  endfacet
  facet normal 0.000000 0.000000 -1.000000
    outer loop
      vertex 35.793651 14.468085 0.000000
      vertex 36.111111 17.021277 0.000000
      vertex 36.111111 14.468085 0.000000
    endloop
  endfacet
  facet normal 0.000000 0.000000 -1.000000
    outer loop
      vertex 35.793651 14.468085 0.000000
      vertex 35.793651 17.021277 0.000000
      vertex 36.111111 17.021277 0.000000
    endloop
  endfacet
  facet normal 0.000000 0.000000 1.000000
    outer loop
      vertex 35.793651 14.468085 0.400000
      vertex 36.111111 14.468085 0.400000
      vertex 36.111111 17.021277 0.400000
    endloop
  endfacet
  facet normal 0.000000 0.000000 1.000000
    outer loop
      vertex 35.793651 14.468085 0.400000
      vertex 36.111111 17.021277 0.400000
      vertex 35.793651 17.021277 0.400000
    endloop
  endfacet
  facet normal 0.000000 -1.000000 0.000000
    outer loop
      vertex 35.793651 14.468085 0.000000
      vertex 36.111111 14.468085 0.000000
      vertex 36.111111 14.468085 0.400000
    endloop
  endfacet
  facet normal 0.000000 -1.000000 0.000000
    outer loop
      vertex 35.793651 14.468085 0.000000
      vertex 36.111111 14.468085 0.400000
      vertex 35.793651 14.468085 0.400000
    endloop
  endfacet
  facet normal 0.000000 1.000000 0.000000
    outer loop
      vertex 35.793651 17.021277 0.000000
      vertex 36.111111 17.021277 0.400000
      vertex 36.111111 17.021277 0.000000
    endloop
  endfacet
  facet normal 0.000000 1.000000 0.000000
    outer loop
      vertex 35.793651 17.021277 0.000000
      vertex 35.793651 17.021277 0.400000
      vertex 36.111111 17.021277 0.400000
    endloop
  endfacet
  facet normal -1.000000 0.000000 0.000000
    outer loop
      vertex 35.793651 14.468085 0.000000
      vertex 35.793651 14.468085 0.400000
      vertex 35.793651 17.021277 0.400000
    endloop
  endfacet
  facet normal -1.000000 0.000000 0.000000
    outer loop
      vertex 35.793651 14.468085 0.000000
      vertex 35.793651 17.021277 0.400000
      vertex 35.793651 17.021277 0.000000
    endloop
  endfacet
  facet normal 1.000000 0.000000 0.000000
    outer loop
      vertex 36.111111 14.468085 0.000000
      vertex 36.111111 17.021277 0.000000
      vertex 36.111111 17.021277 0.400000
    endloop
  endfacet
  facet normal 1.000000 0.000000 0.000000
    outer loop
      vertex 36.111111 14.468085 0.000000
      vertex 36.111111 17.021277 0.400000
      vertex 36.111111 14.468085 0.400000
    endloop
  endfacet
  facet normal 0.000000 0.000000 -1.000000
    outer loop
      vertex 29.761905 10.000000 0.000000
      vertex 31.031746 16.702128 0.000000
      vertex 31.031746 10.000000 0.000000
    endloop
  endfacet
  facet normal 0.000000 0.000000 -1.000000
    outer loop
      vertex 29.761905 10.000000 0.000000
      vertex 29.761905 16.702128 0.000000
      vertex 31.031746 16.702128 0.000000
    endloop
  endfacet
  facet normal 0.000000 0.000000 1.000000
    outer loop
      vertex 29.761905 10.000000 0.400000
      vertex 31.031746 10.000000 0.400000
      vertex 31.031746 16.702128 0.400000
    endloop
  endfacet
  facet normal 0.000000 0.000000 1.000000
    outer loop
      vertex 29.761905 10.000000 0.400000
      vertex 31.031746 16.702128 0.400000
      vertex 29.761905 16.702128 0.400000
    endloop
  endfacet
  facet normal 0.000000 -1.000000 0.000000
    outer loop
      vertex 29.761905 10.000000 0.000000
      vertex 31.031746 10.000000 0.000000
      vertex 31.031746 10.000000 0.400000
    endloop
  endfacet
  facet normal 0.000000 -1.000000 0.000000
    outer loop
      vertex 29.761905 10.000000 0.000000
      vertex 31.031746 10.000000 0.400000
      vertex 29.761905 10.000000 0.400000
    endloop
  endfacet
  facet normal 0.000000 1.000000 0.000000
    outer loop
      vertex 29.761905 16.702128 0.000000
      vertex 31.031746 16.702128 0.400000
      vertex 31.031746 16.702128 0.000000
    endloop
  endfacet
  facet normal 0.000000 1.000000 0.000000
    outer loop
      vertex 29.761905 16.702128 0.000000
      vertex 29.761905 16.702128 0.400000
      vertex 31.031746 16.702128 0.400000
    endloop
  endfacet
  facet normal -1.000000 0.000000 0.000000
    outer loop
      vertex 29.761905 10.000000 0.000000
      vertex 29.761905 10.000000 0.400000
      vertex 29.761905 16.702128 0.400000
    endloop
  endfacet
  facet normal -1.000000 0.000000 0.000000
    outer loop
      vertex 29.761905 10.000000 0.000000
      vertex 29.761905 16.702128 0.400000
      vertex 29.761905 16.702128 0.000000
    endloop
  endfacet
  facet normal 1.000000 0.000000 0.000000
    outer loop
      vertex 31.031746 10.000000 0.000000
      vertex 31.031746 16.702128 0.000000
      vertex 31.031746 16.702128 0.400000
    endloop
  endfacet
  facet normal 1.000000 0.000000 0.000000
    outer loop
      vertex 31.031746 10.000000 0.000000
      vertex 31.031746 16.702128 0.400000
      vertex 31.031746 10.000000 0.400000
    endloop
  endfacet
  facet normal 0.000000 0.000000 -1.000000
    outer loop
      vertex 36.111111 14.787234 0.000000
      vertex 36.428571 16.702128 0.000000
      vertex 36.428571 14.787234 0.000000
    endloop
  endfacet
  facet normal 0.000000 0.000000 -1.000000
    outer loop
      vertex 36.111111 14.787234 0.000000
      vertex 36.111111 16.702128 0.000000
      vertex 36.428571 16.702128 0.000000
    endloop
  endfacet
  facet normal 0.000000 0.000000 1.000000
    outer loop
      vertex 36.111111 14.787234 0.400000
      vertex 36.428571 14.787234 0.400000
      vertex 36.428571 16.702128 0.400000
    endloop
  endfacet
  facet normal 0.000000 0.000000 1.000000
    outer loop
      vertex 36.111111 14.787234 0.400000
      vertex 36.428571 16.702128 0.400000
      vertex 36.111111 16.702128 0.400000
    endloop
  endfacet
  facet normal 0.000000 -1.000000 0.000000
    outer loop
      vertex 36.111111 14.787234 0.000000
      vertex 36.428571 14.787234 0.000000
      vertex 36.428571 14.787234 0.400000
    endloop
  endfacet
  facet normal 0.000000 -1.000000 0.000000
    outer loop
      vertex 36.111111 14.787234 0.000000
      vertex 36.428571 14.787234 0.400000
      vertex 36.111111 14.787234 0.400000
    endloop
  endfacet
  facet normal 0.000000 1.000000 0.000000
    outer loop
      vertex 36.111111 16.702128 0.000000
      vertex 36.428571 16.702128 0.400000
      vertex 36.428571 16.702128 0.000000
    endloop
  endfacet
  facet normal 0.000000 1.000000 0.000000
    outer loop
      vertex 36.111111 16.702128 0.000000
      vertex 36.111111 16.702128 0.400000
      vertex 36.428571 16.702128 0.400000
    endloop
  endfacet
  facet normal -1.000000 0.000000 0.000000
    outer loop
      vertex 36.111111 14.787234 0.000000
      vertex 36.111111 14.787234 0.400000
      vertex 36.111111 16.702128 0.400000
    endloop
  endfacet
  facet normal -1.000000 0.000000 0.000000
    outer loop
      vertex 36.111111 14.787234 0.000000
      vertex 36.111111 16.702128 0.400000
      vertex 36.111111 16.702128 0.000000
    endloop
  endfacet
  facet normal 1.000000 0.000000 0.000000
    outer loop
      vertex 36.428571 14.787234 0.000000
      vertex 36.428571 16.702128 0.000000
      vertex 36.428571 16.702128 0.400000
    endloop
  endfacet
  facet normal 1.000000 0.000000 0.000000
    outer loop
      vertex 36.428571 14.787234 0.000000
      vertex 36.428571 16.702128 0.400000
      vertex 36.428571 14.787234 0.400000
    endloop
  endfacet
  facet normal 0.000000 0.000000 -1.000000
    outer loop
      vertex 33.571429 15.106383 0.000000
      vertex 33.888889 16.382979 0.000000
      vertex 33.888889 15.106383 0.000000
    endloop
  endfacet
  facet normal 0.000000 0.000000 -1.000000
    outer loop
      vertex 33.571429 15.106383 0.000000
      vertex 33.571429 16.382979 0.000000
      vertex 33.888889 16.382979 0.000000
    endloop
  endfacet
  facet normal 0.000000 0.000000 1.000000
    outer loop
      vertex 33.571429 15.106383 0.400000
      vertex 33.888889 15.106383 0.400000
      vertex 33.888889 16.382979 0.400000
    endloop
  endfacet
  facet normal 0.000000 0.000000 1.000000
    outer loop
      vertex 33.571429 15.106383 0.400000
      vertex 33.888889 16.382979 0.400000
      vertex 33.571429 16.382979 0.400000
    endloop
  endfacet
  facet normal 0.000000 -1.000000 0.000000
    outer loop
      vertex 33.571429 15.106383 0.000000
      vertex 33.888889 15.106383 0.000000
      vertex 33.888889 15.106383 0.400000
    endloop
  endfacet
  facet normal 0.000000 -1.000000 0.000000
    outer loop
      vertex 33.571429 15.106383 0.000000
      vertex 33.888889 15.106383 0.400000
      vertex 33.571429 15.106383 0.400000
    endloop
  endfacet
  facet normal 0.000000 1.000000 0.000000
    outer loop
      vertex 33.571429 16.382979 0.000000
      vertex 33.888889 16.382979 0.400000
      vertex 33.888889 16.382979 0.000000
    endloop
  endfacet
  facet normal 0.000000 1.000000 0.000000
    outer loop
      vertex 33.571429 16.382979 0.000000
      vertex 33.571429 16.382979 0.400000
      vertex 33.888889 16.382979 0.400000
    endloop
  endfacet
  facet normal -1.000000 0.000000 0.000000
    outer loop
      vertex 33.571429 15.106383 0.000000
      vertex 33.571429 15.106383 0.400000
      vertex 33.571429 16.382979 0.400000
    endloop
  endfacet
  facet normal -1.000000 0.000000 0.000000
    outer loop
      vertex 33.571429 15.106383 0.000000
      vertex 33.571429 16.382979 0.400000
      vertex 33.571429 16.382979 0.000000
    endloop
  endfacet
  facet normal 1.000000 0.000000 0.000000
    outer loop
      vertex 33.888889 15.106383 0.000000
      vertex 33.888889 16.382979 0.000000
      vertex 33.888889 16.382979 0.400000
    endloop
  endfacet
  facet normal 1.000000 0.000000 0.000000
    outer loop
      vertex 33.888889 15.106383 0.000000
      vertex 33.888889 16.382979 0.400000
      vertex 33.888889 15.106383 0.400000
    endloop
  endfacet
  facet normal 0.000000 0.000000 -1.000000
    outer loop
      vertex 29.444444 10.000000 0.000000
      vertex 29.761905 16.063830 0.000000
      vertex 29.761905 10.000000 0.000000
    endloop
  endfacet
  facet normal 0.000000 0.000000 -1.000000
    outer loop
      vertex 29.444444 10.000000 0.000000
      vertex 29.444444 16.063830 0.000000
      vertex 29.761905 16.063830 0.000000
    endloop
  endfacet
  facet normal 0.000000 0.000000 1.000000
    outer loop
      vertex 29.444444 10.000000 0.400000
      vertex 29.761905 10.000000 0.400000
      vertex 29.761905 16.063830 0.400000
    endloop
  endfacet
  facet normal 0.000000 0.000000 1.000000
    outer loop
      vertex 29.444444 10.000000 0.400000
      vertex 29.761905 16.063830 0.400000
      vertex 29.444444 16.063830 0.400000
    endloop
  endfacet
  facet normal 0.000000 -1.000000 0.000000
    outer loop
      vertex 29.444444 10.000000 0.000000
      vertex 29.761905 10.000000 0.000000
      vertex 29.761905 10.000000 0.400000
    endloop
  endfacet
  facet normal 0.000000 -1.000000 0.000000
    outer loop
      vertex 29.444444 10.000000 0.000000
      vertex 29.761905 10.000000 0.400000
      vertex 29.444444 10.000000 0.400000
    endloop
  endfacet
  facet normal 0.000000 1.000000 0.000000
    outer loop
      vertex 29.444444 16.063830 0.000000
      vertex 29.761905 16.063830 0.400000
      vertex 29.761905 16.063830 0.000000
    endloop
  endfacet
  facet normal 0.000000 1.000000 0.000000
    outer loop
      vertex 29.444444 16.063830 0.000000
      vertex 29.444444 16.063830 0.400000
      vertex 29.761905 16.063830 0.400000
    endloop
  endfacet
  facet normal -1.000000 0.000000 0.000000
    outer loop
      vertex 29.444444 10.000000 0.000000
      vertex 29.444444 10.000000 0.400000
      vertex 29.444444 16.063830 0.400000
    endloop
  endfacet
  facet normal -1.000000 0.000000 0.000000
    outer loop
      vertex 29.444444 10.000000 0.000000
      vertex 29.444444 16.063830 0.400000
      vertex 29.444444 16.063830 0.000000
    endloop
  endfacet
  facet normal 1.000000 0.000000 0.000000
    outer loop
      vertex 29.761905 10.000000 0.000000
      vertex 29.761905 16.063830 0.000000
      vertex 29.761905 16.063830 0.400000
    endloop
  endfacet
  facet normal 1.000000 0.000000 0.000000
    outer loop
      vertex 29.761905 10.000000 0.000000
      vertex 29.761905 16.063830 0.400000
      vertex 29.761905 10.000000 0.400000
    endloop
  endfacet
  facet normal 0.000000 0.000000 -1.000000
    outer loop
      vertex 21.190476 10.000000 0.000000
      vertex 21.507937 15.744681 0.000000
      vertex 21.507937 10.000000 0.000000
    endloop
  endfacet
  facet normal 0.000000 0.000000 -1.000000
    outer loop
      vertex 21.190476 10.000000 0.000000
      vertex 21.190476 15.744681 0.000000
      vertex 21.507937 15.744681 0.000000
    endloop
  endfacet
  facet normal 0.000000 0.000000 1.000000
    outer loop
      vertex 21.190476 10.000000 0.400000
      vertex 21.507937 10.000000 0.400000
      vertex 21.507937 15.744681 0.400000
    endloop
  endfacet
  facet normal 0.000000 0.000000 1.000000
    outer loop
      vertex 21.190476 10.000000 0.400000
      vertex 21.507937 15.744681 0.400000
      vertex 21.190476 15.744681 0.400000
    endloop
  endfacet
  facet normal 0.000000 -1.000000 0.000000
    outer loop
      vertex 21.190476 10.000000 0.000000
      vertex 21.507937 10.000000 0.000000
      vertex 21.507937 10.000000 0.400000
    endloop
  endfacet
  facet normal 0.000000 -1.000000 0.000000
    outer loop
      vertex 21.190476 10.000000 0.000000
      vertex 21.507937 10.000000 0.400000
      vertex 21.190476 10.000000 0.400000
    endloop
  endfacet
  facet normal 0.000000 1.000000 0.000000
    outer loop
      vertex 21.190476 15.744681 0.000000
      vertex 21.507937 15.744681 0.400000
      vertex 21.507937 15.744681 0.000000
    endloop
  endfacet
  facet normal 0.000000 1.000000 0.000000
    outer loop
      vertex 21.190476 15.744681 0.000000
      vertex 21.190476 15.744681 0.400000
      vertex 21.507937 15.744681 0.400000
    endloop
  endfacet
  facet normal -1.000000 0.000000 0.000000
    outer loop
      vertex 21.190476 10.000000 0.000000
      vertex 21.190476 10.000000 0.400000
      vertex 21.190476 15.744681 0.400000
    endloop
  endfacet
  facet normal -1.000000 0.000000 0.000000
    outer loop
      vertex 21.190476 10.000000 0.000000
      vertex 21.190476 15.744681 0.400000
      vertex 21.190476 15.744681 0.000000
    endloop
  endfacet
  facet normal 1.000000 0.000000 0.000000
    outer loop
      vertex 21.507937 10.000000 0.000000
      vertex 21.507937 15.744681 0.000000
      vertex 21.507937 15.744681 0.400000
    endloop
  endfacet
  facet normal 1.000000 0.000000 0.000000
    outer loop
      vertex 21.507937 10.000000 0.000000
      vertex 21.507937 15.744681 0.400000
      vertex 21.507937 10.000000 0.400000
    endloop
  endfacet
  facet normal 0.000000 0.000000 -1.000000
    outer loop
      vertex 38.968254 10.000000 0.000000
      vertex 39.285714 15.425532 0.000000
      vertex 39.285714 10.000000 0.000000
    endloop
  endfacet
  facet normal 0.000000 0.000000 -1.000000
    outer loop
      vertex 38.968254 10.000000 0.000000
      vertex 38.968254 15.425532 0.000000
      vertex 39.285714 15.425532 0.000000
    endloop
  endfacet
  facet normal 0.000000 0.000000 1.000000
    outer loop
      vertex 38.968254 10.000000 0.400000
      vertex 39.285714 10.000000 0.400000
      vertex 39.285714 15.425532 0.400000
    endloop
  endfacet
  facet normal 0.000000 0.000000 1.000000
    outer loop
      vertex 38.968254 10.000000 0.400000
      vertex 39.285714 15.425532 0.400000
      vertex 38.968254 15.425532 0.400000
    endloop
  endfacet
  facet normal 0.000000 -1.000000 0.000000
    outer loop
      vertex 38.968254 10.000000 0.000000
      vertex 39.285714 10.000000 0.000000
      vertex 39.285714 10.000000 0.400000
    endloop
  endfacet
  facet normal 0.000000 -1.000000 0.000000
    outer loop
      vertex 38.968254 10.000000 0.000000
      vertex 39.285714 10.000000 0.400000
      vertex 38.968254 10.000000 0.400000
    endloop
  endfacet
  facet normal 0.000000 1.000000 0.000000
    outer loop
      vertex 38.968254 15.425532 0.000000
      vertex 39.285714 15.425532 0.400000
      vertex 39.285714 15.425532 0.000000
    endloop
  endfacet
  facet normal 0.000000 1.000000 0.000000
    outer loop
      vertex 38.968254 15.425532 0.000000
      vertex 38.968254 15.425532 0.400000
      vertex 39.285714 15.425532 0.400000
    endloop
  endfacet
  facet normal -1.000000 0.000000 0.000000
    outer loop
      vertex 38.968254 10.000000 0.000000
      vertex 38.968254 10.000000 0.400000
      vertex 38.968254 15.425532 0.400000
    endloop
  endfacet
  facet normal -1.000000 0.000000 0.000000
    outer loop
      vertex 38.968254 10.000000 0.000000
      vertex 38.968254 15.425532 0.400000
      vertex 38.968254 15.425532 0.000000
    endloop
  endfacet
  facet normal 1.000000 0.000000 0.000000
    outer loop
      vertex 39.285714 10.000000 0.000000
      vertex 39.285714 15.425532 0.000000
      vertex 39.285714 15.425532 0.400000
    endloop
  endfacet
  facet normal 1.000000 0.000000 0.000000
    outer loop
      vertex 39.285714 10.000000 0.000000
      vertex 39.285714 15.425532 0.400000
      vertex 39.285714 10.000000 0.400000
    endloop
  endfacet
  facet normal 0.000000 0.000000 -1.000000
    outer loop
      vertex 29.126984 10.000000 0.000000
      vertex 29.444444 15.106383 0.000000
      vertex 29.444444 10.000000 0.000000
    endloop
  endfacet
  facet normal 0.000000 0.000000 -1.000000
    outer loop
      vertex 29.126984 10.000000 0.000000
      vertex 29.126984 15.106383 0.000000
      vertex 29.444444 15.106383 0.000000
    endloop
  endfacet
  facet normal 0.000000 0.000000 1.000000
    outer loop
      vertex 29.126984 10.000000 0.400000
      vertex 29.444444 10.000000 0.400000
      vertex 29.444444 15.106383 0.400000
    endloop
  endfacet
  facet normal 0.000000 0.000000 1.000000
    outer loop
      vertex 29.126984 10.000000 0.400000
      vertex 29.444444 15.106383 0.400000
      vertex 29.126984 15.106383 0.400000
    endloop
  endfacet
  facet normal 0.000000 -1.000000 0.000000
    outer loop
      vertex 29.126984 10.000000 0.000000
      vertex 29.444444 10.000000 0.000000
      vertex 29.444444 10.000000 0.400000
    endloop
  endfacet
  facet normal 0.000000 -1.000000 0.000000
    outer loop
      vertex 29.126984 10.000000 0.000000
      vertex 29.444444 10.000000 0.400000
      vertex 29.126984 10.000000 0.400000
    endloop
  endfacet
  facet normal 0.000000 1.000000 0.000000
    outer loop
      vertex 29.126984 15.106383 0.000000
      vertex 29.444444 15.106383 0.400000
      vertex 29.444444 15.106383 0.000000
    endloop
  endfacet
  facet normal 0.000000 1.000000 0.000000
    outer loop
      vertex 29.126984 15.106383 0.000000
      vertex 29.126984 15.106383 0.400000
      vertex 29.444444 15.106383 0.400000
    endloop
  endfacet
  facet normal -1.000000 0.000000 0.000000
    outer loop
      vertex 29.126984 10.000000 0.000000
      vertex 29.126984 10.000000 0.400000
      vertex 29.126984 15.106383 0.400000
    endloop
  endfacet
  facet normal -1.000000 0.000000 0.000000
    outer loop
      vertex 29.126984 10.000000 0.000000
      vertex 29.126984 15.106383 0.400000
      vertex 29.126984 15.106383 0.000000
    endloop
  endfacet
  facet normal 1.000000 0.000000 0.000000
    outer loop
      vertex 29.444444 10.000000 0.000000
      vertex 29.444444 15.106383 0.000000
      vertex 29.444444 15.106383 0.400000
    endloop
  endfacet
  facet normal 1.000000 0.000000 0.000000
    outer loop
      vertex 29.444444 10.000000 0.000000
      vertex 29.444444 15.106383 0.400000
      vertex 29.444444 10.000000 0.400000
    endloop
  endfacet
  facet normal 0.000000 0.000000 -1.000000
    outer loop
      vertex 10.714286 10.000000 0.000000
      vertex 11.031746 14.787234 0.000000
      vertex 11.031746 10.000000 0.000000
    endloop
  endfacet
  facet normal 0.000000 0.000000 -1.000000
    outer loop
      vertex 10.714286 10.000000 0.000000
      vertex 10.714286 14.787234 0.000000
      vertex 11.031746 14.787234 0.000000
    endloop
  endfacet
  facet normal 0.000000 0.000000 1.000000
    outer loop
      vertex 10.714286 10.000000 0.400000
      vertex 11.031746 10.000000 0.400000
      vertex 11.031746 14.787234 0.400000
    endloop
  endfacet
  facet normal 0.000000 0.000000 1.000000
    outer loop
      vertex 10.714286 10.000000 0.400000
      vertex 11.031746 14.787234 0.400000
      vertex 10.714286 14.787234 0.400000
    endloop
  endfacet
  facet normal 0.000000 -1.000000 0.000000
    outer loop
      vertex 10.714286 10.000000 0.000000
      vertex 11.031746 10.000000 0.000000
      vertex 11.031746 10.000000 0.400000
    endloop
  endfacet
  facet normal 0.000000 -1.000000 0.000000
    outer loop
      vertex 10.714286 10.000000 0.000000
      vertex 11.031746 10.000000 0.400000
      vertex 10.714286 10.000000 0.400000
    endloop
  endfacet
  facet normal 0.000000 1.000000 0.000000
    outer loop
      vertex 10.714286 14.787234 0.000000
      vertex 11.031746 14.787234 0.400000
      vertex 11.031746 14.787234 0.000000
    endloop
  endfacet
  facet normal 0.000000 1.000000 0.000000
    outer loop
      vertex 10.714286 14.787234 0.000000
      vertex 10.714286 14.787234 0.400000
      vertex 11.031746 14.787234 0.400000
    endloop
  endfacet
  facet normal -1.000000 0.000000 0.000000
    outer loop
      vertex 10.714286 10.000000 0.000000
      vertex 10.714286 10.000000 0.400000
      vertex 10.714286 14.787234 0.400000
    endloop
  endfacet
  facet normal -1.000000 0.000000 0.000000
    outer loop
      vertex 10.714286 10.000000 0.000000
      vertex 10.714286 14.787234 0.400000
      vertex 10.714286 14.787234 0.000000
    endloop
  endfacet
  facet normal 1.000000 0.000000 0.000000
    outer loop
      vertex 11.031746 10.000000 0.000000
      vertex 11.031746 14.787234 0.000000
      vertex 11.031746 14.787234 0.400000
    endloop
  endfacet
  facet normal 1.000000 0.000000 0.000000
    outer loop
      vertex 11.031746 10.000000 0.000000
      vertex 11.031746 14.787234 0.400000
      vertex 11.031746 10.000000 0.400000
    endloop
  endfacet
  facet normal 0.000000 0.000000 -1.000000
    outer loop
      vertex 21.507937 10.000000 0.000000
      vertex 21.825397 14.787234 0.000000
      vertex 21.825397 10.000000 0.000000
    endloop
  endfacet
  facet normal 0.000000 0.000000 -1.000000
    outer loop
      vertex 21.507937 10.000000 0.000000
      vertex 21.507937 14.787234 0.000000
      vertex 21.825397 14.787234 0.000000
    endloop
  endfacet
  facet normal 0.000000 0.000000 1.000000
    outer loop
      vertex 21.507937 10.000000 0.400000
      vertex 21.825397 10.000000 0.400000
      vertex 21.825397 14.787234 0.400000
    endloop
  endfacet
  facet normal 0.000000 0.000000 1.000000
    outer loop
      vertex 21.507937 10.000000 0.400000
      vertex 21.825397 14.787234 0.400000
      vertex 21.507937 14.787234 0.400000
    endloop
  endfacet
  facet normal 0.000000 -1.000000 0.000000
    outer loop
      vertex 21.507937 10.000000 0.000000
      vertex 21.825397 10.000000 0.000000
      vertex 21.825397 10.000000 0.400000
    endloop
  endfacet
  facet normal 0.000000 -1.000000 0.000000
    outer loop
      vertex 21.507937 10.000000 0.000000
      vertex 21.825397 10.000000 0.400000
      vertex 21.507937 10.000000 0.400000
    endloop
  endfacet
  facet normal 0.000000 1.000000 0.000000
    outer loop
      vertex 21.507937 14.787234 0.000000
      vertex 21.825397 14.787234 0.400000
      vertex 21.825397 14.787234 0.000000
    endloop
  endfacet
  facet normal 0.000000 1.000000 0.000000
    outer loop
      vertex 21.507937 14.787234 0.000000
      vertex 21.507937 14.787234 0.400000
      vertex 21.825397 14.787234 0.400000
    endloop
  endfacet
  facet normal -1.000000 0.000000 0.000000
    outer loop
      vertex 21.507937 10.000000 0.000000
      vertex 21.507937 10.000000 0.400000
      vertex 21.507937 14.787234 0.400000
    endloop
  endfacet
  facet normal -1.000000 0.000000 0.000000
    outer loop
      vertex 21.507937 10.000000 0.000000
      vertex 21.507937 14.787234 0.400000
      vertex 21.507937 14.787234 0.000000
    endloop
  endfacet
  facet normal 1.000000 0.000000 0.000000
    outer loop
      vertex 21.825397 10.000000 0.000000
      vertex 21.825397 14.787234 0.000000
      vertex 21.825397 14.787234 0.400000
    endloop
  endfacet
  facet normal 1.000000 0.000000 0.000000
    outer loop
      vertex 21.825397 10.000000 0.000000
      vertex 21.825397 14.787234 0.400000
      vertex 21.825397 10.000000 0.400000
    endloop
  endfacet
  facet normal 0.000000 0.000000 -1.000000
    outer loop
      vertex 31.031746 10.000000 0.000000
      vertex 31.349206 14.787234 0.000000
      vertex 31.349206 10.000000 0.000000
    endloop
  endfacet
  facet normal 0.000000 0.000000 -1.000000
    outer loop
      vertex 31.031746 10.000000 0.000000
      vertex 31.031746 14.787234 0.000000
      vertex 31.349206 14.787234 0.000000
    endloop
  endfacet
  facet normal 0.000000 0.000000 1.000000
    outer loop
      vertex 31.031746 10.000000 0.400000
      vertex 31.349206 10.000000 0.400000
      vertex 31.349206 14.787234 0.400000
    endloop
  endfacet
  facet normal 0.000000 0.000000 1.000000
    outer loop
      vertex 31.031746 10.000000 0.400000
      vertex 31.349206 14.787234 0.400000
      vertex 31.031746 14.787234 0.400000
    endloop
  endfacet
  facet normal 0.000000 -1.000000 0.000000
    outer loop
      vertex 31.031746 10.000000 0.000000
      vertex 31.349206 10.000000 0.000000
      vertex 31.349206 10.000000 0.400000
    endloop
  endfacet
  facet normal 0.000000 -1.000000 0.000000
    outer loop
      vertex 31.031746 10.000000 0.000000
      vertex 31.349206 10.000000 0.400000
      vertex 31.031746 10.000000 0.400000
    endloop
  endfacet
  facet normal 0.000000 1.000000 0.000000
    outer loop
      vertex 31.031746 14.787234 0.000000
      vertex 31.349206 14.787234 0.400000
      vertex 31.349206 14.787234 0.000000
    endloop
  endfacet
  facet normal 0.000000 1.000000 0.000000
    outer loop
      vertex 31.031746 14.787234 0.000000
      vertex 31.031746 14.787234 0.400000
      vertex 31.349206 14.787234 0.400000
    endloop
  endfacet
  facet normal -1.000000 0.000000 0.000000
    outer loop
      vertex 31.031746 10.000000 0.000000
      vertex 31.031746 10.000000 0.400000
      vertex 31.031746 14.787234 0.400000
    endloop
  endfacet
  facet normal -1.000000 0.000000 0.000000
    outer loop
      vertex 31.031746 10.000000 0.000000
      vertex 31.031746 14.787234 0.400000
      vertex 31.031746 14.787234 0.000000
    endloop
  endfacet
  facet normal 1.000000 0.000000 0.000000
    outer loop
      vertex 31.349206 10.000000 0.000000
      vertex 31.349206 14.787234 0.000000
      vertex 31.349206 14.787234 0.400000
    endloop
  endfacet
  facet normal 1.000000 0.000000 0.000000
    outer loop
      vertex 31.349206 10.000000 0.000000
      vertex 31.349206 14.787234 0.400000
      vertex 31.349206 10.000000 0.400000
    endloop
  endfacet
  facet normal 0.000000 0.000000 -1.000000
    outer loop
      vertex 38.650794 10.000000 0.000000
      vertex 38.968254 14.468085 0.000000
      vertex 38.968254 10.000000 0.000000
    endloop
  endfacet
  facet normal 0.000000 0.000000 -1.000000
    outer loop
      vertex 38.650794 10.000000 0.000000
      vertex 38.650794 14.468085 0.000000
      vertex 38.968254 14.468085 0.000000
    endloop
  endfacet
  facet normal 0.000000 0.000000 1.000000
    outer loop
      vertex 38.650794 10.000000 0.400000
      vertex 38.968254 10.000000 0.400000
      vertex 38.968254 14.468085 0.400000
    endloop
  endfacet
  facet normal 0.000000 0.000000 1.000000
    outer loop
      vertex 38.650794 10.000000 0.400000
      vertex 38.968254 14.468085 0.400000
      vertex 38.650794 14.468085 0.400000
    endloop
  endfacet
  facet normal 0.000000 -1.000000 0.000000
    outer loop
      vertex 38.650794 10.000000 0.000000
      vertex 38.968254 10.000000 0.000000
      vertex 38.968254 10.000000 0.400000
    endloop
  endfacet
  facet normal 0.000000 -1.000000 0.000000
    outer loop
      vertex 38.650794 10.000000 0.000000
      vertex 38.968254 10.000000 0.400000
      vertex 38.650794 10.000000 0.400000
    endloop
  endfacet
  facet normal 0.000000 1.000000 0.000000
    outer loop
      vertex 38.650794 14.468085 0.000000
      vertex 38.968254 14.468085 0.400000
      vertex 38.968254 14.468085 0.000000
    endloop
  endfacet
  facet normal 0.000000 1.000000 0.000000
    outer loop
      vertex 38.650794 14.468085 0.000000
      vertex 38.650794 14.468085 0.400000
      vertex 38.968254 14.468085 0.400000
    endloop
  endfacet
  facet normal -1.000000 0.000000 0.000000
    outer loop
      vertex 38.650794 10.000000 0.000000
      vertex 38.650794 10.000000 0.400000
      vertex 38.650794 14.468085 0.400000
    endloop
  endfacet
  facet normal -1.000000 0.000000 0.000000
    outer loop
      vertex 38.650794 10.000000 0.000000
      vertex 38.650794 14.468085 0.400000
      vertex 38.650794 14.468085 0.000000
    endloop
  endfacet
  facet normal 1.000000 0.000000 0.000000
    outer loop
      vertex 38.968254 10.000000 0.000000
      vertex 38.968254 14.468085 0.000000
      vertex 38.968254 14.468085 0.400000
    endloop
  endfacet
  facet normal 1.000000 0.000000 0.000000
    outer loop
      vertex 38.968254 10.000000 0.000000
      vertex 38.968254 14.468085 0.400000
      vertex 38.968254 10.000000 0.400000
    endloop
  endfacet
  facet normal 0.000000 0.000000 -1.000000
    outer loop
      vertex 11.031746 10.000000 0.000000
      vertex 11.349206 14.148936 0.000000
      vertex 11.349206 10.000000 0.000000
    endloop
  endfacet
  facet normal 0.000000 0.000000 -1.000000
    outer loop
      vertex 11.031746 10.000000 0.000000
      vertex 11.031746 14.148936 0.000000
      vertex 11.349206 14.148936 0.000000
    endloop
  endfacet
  facet normal 0.000000 0.000000 1.000000
    outer loop
      vertex 11.031746 10.000000 0.400000
      vertex 11.349206 10.000000 0.400000
      vertex 11.349206 14.148936 0.400000
    endloop
  endfacet
  facet normal 0.000000 0.000000 1.000000
    outer loop
      vertex 11.031746 10.000000 0.400000
      vertex 11.349206 14.148936 0.400000
      vertex 11.031746 14.148936 0.400000
    endloop
  endfacet
  facet normal 0.000000 -1.000000 0.000000
    outer loop
      vertex 11.031746 10.000000 0.000000
      vertex 11.349206 10.000000 0.000000
      vertex 11.349206 10.000000 0.400000
    endloop
  endfacet
  facet normal 0.000000 -1.000000 0.000000
    outer loop
      vertex 11.031746 10.000000 0.000000
      vertex 11.349206 10.000000 0.400000
      vertex 11.031746 10.000000 0.400000
    endloop
  endfacet
  facet normal 0.000000 1.000000 0.000000
    outer loop
      vertex 11.031746 14.148936 0.000000
      vertex 11.349206 14.148936 0.400000
      vertex 11.349206 14.148936 0.000000
    endloop
  endfacet
  facet normal 0.000000 1.000000 0.000000
    outer loop
      vertex 11.031746 14.148936 0.000000
      vertex 11.031746 14.148936 0.400000
      vertex 11.349206 14.148936 0.400000
    endloop
  endfacet
  facet normal -1.000000 0.000000 0.000000
    outer loop
      vertex 11.031746 10.000000 0.000000
      vertex 11.031746 10.000000 0.400000
      vertex 11.031746 14.148936 0.400000
    endloop
  endfacet
  facet normal -1.000000 0.000000 0.000000
    outer loop
      vertex 11.031746 10.000000 0.000000
      vertex 11.031746 14.148936 0.400000
      vertex 11.031746 14.148936 0.000000
    endloop
  endfacet
  facet normal 1.000000 0.000000 0.000000
    outer loop
      vertex 11.349206 10.000000 0.000000
      vertex 11.349206 14.148936 0.000000
      vertex 11.349206 14.148936 0.400000
    endloop
  endfacet
  facet normal 1.000000 0.000000 0.000000
    outer loop
      vertex 11.349206 10.000000 0.000000
      vertex 11.349206 14.148936 0.400000
      vertex 11.349206 10.000000 0.400000
    endloop
  endfacet
  facet normal 0.000000 0.000000 -1.000000
    outer loop
      vertex 21.825397 10.000000 0.000000
      vertex 22.142857 14.148936 0.000000
      vertex 22.142857 10.000000 0.000000
    endloop
  endfacet
  facet normal 0.000000 0.000000 -1.000000
    outer loop
      vertex 21.825397 10.000000 0.000000
      vertex 21.825397 14.148936 0.000000
      vertex 22.142857 14.148936 0.000000
    endloop
  endfacet
  facet normal 0.000000 0.000000 1.000000
    outer loop
      vertex 21.825397 10.000000 0.400000
      vertex 22.142857 10.000000 0.400000
      vertex 22.142857 14.148936 0.400000
    endloop
  endfacet
  facet normal 0.000000 0.000000 1.000000
    outer loop
      vertex 21.825397 10.000000 0.400000
      vertex 22.142857 14.148936 0.400000
      vertex 21.825397 14.148936 0.400000
    endloop
  endfacet
  facet normal 0.000000 -1.000000 0.000000
    outer loop
      vertex 21.825397 10.000000 0.000000
      vertex 22.142857 10.000000 0.000000
      vertex 22.142857 10.000000 0.400000
    endloop
  endfacet
  facet normal 0.000000 -1.000000 0.000000
    outer loop
      vertex 21.825397 10.000000 0.000000
      vertex 22.142857 10.000000 0.400000
      vertex 21.825397 10.000000 0.400000
    endloop
  endfacet
  facet normal 0.000000 1.000000 0.000000
    outer loop
      vertex 21.825397 14.148936 0.000000
      vertex 22.142857 14.148936 0.400000
      vertex 22.142857 14.148936 0.000000
    endloop
  endfacet
  facet normal 0.000000 1.000000 0.000000
    outer loop
      vertex 21.825397 14.148936 0.000000
      vertex 21.825397 14.148936 0.400000
      vertex 22.142857 14.148936 0.400000
    endloop
  endfacet
  facet normal -1.000000 0.000000 0.000000
    outer loop
      vertex 21.825397 10.000000 0.000000
      vertex 21.825397 10.000000 0.400000
      vertex 21.825397 14.148936 0.400000
    endloop
  endfacet
  facet normal -1.000000 0.000000 0.000000
    outer loop
      vertex 21.825397 10.000000 0.000000
      vertex 21.825397 14.148936 0.400000
      vertex 21.825397 14.148936 0.000000
    endloop
  endfacet
  facet normal 1.000000 0.000000 0.000000
    outer loop
      vertex 22.142857 10.000000 0.000000
      vertex 22.142857 14.148936 0.000000
      vertex 22.142857 14.148936 0.400000
    endloop
  endfacet
  facet normal 1.000000 0.000000 0.000000
    outer loop
      vertex 22.142857 10.000000 0.000000
      vertex 22.142857 14.148936 0.400000
      vertex 22.142857 10.000000 0.400000
    endloop
  endfacet
  facet normal 0.000000 0.000000 -1.000000
    outer loop
      vertex 28.809524 10.000000 0.000000
      vertex 29.126984 14.148936 0.000000
      vertex 29.126984 10.000000 0.000000
    endloop
  endfacet
  facet normal 0.000000 0.000000 -1.000000
    outer loop
      vertex 28.809524 10.000000 0.000000
      vertex 28.809524 14.148936 0.000000
      vertex 29.126984 14.148936 0.000000
    endloop
  endfacet
  facet normal 0.000000 0.000000 1.000000
    outer loop
      vertex 28.809524 10.000000 0.400000
      vertex 29.126984 10.000000 0.400000
      vertex 29.126984 14.148936 0.400000
    endloop
  endfacet
  facet normal 0.000000 0.000000 1.000000
    outer loop
      vertex 28.809524 10.000000 0.400000
      vertex 29.126984 14.148936 0.400000
      vertex 28.809524 14.148936 0.400000
    endloop
  endfacet
  facet normal 0.000000 -1.000000 0.000000
    outer loop
      vertex 28.809524 10.000000 0.000000
      vertex 29.126984 10.000000 0.000000
      vertex 29.126984 10.000000 0.400000
    endloop
  endfacet
  facet normal 0.000000 -1.000000 0.000000
    outer loop
      vertex 28.809524 10.000000 0.000000
      vertex 29.126984 10.000000 0.400000
      vertex 28.809524 10.000000 0.400000
    endloop
  endfacet
  facet normal 0.000000 1.000000 0.000000
    outer loop
      vertex 28.809524 14.148936 0.000000
      vertex 29.126984 14.148936 0.400000
      vertex 29.126984 14.148936 0.000000
    endloop
  endfacet
  facet normal 0.000000 1.000000 0.000000
    outer loop
      vertex 28.809524 14.148936 0.000000
      vertex 28.809524 14.148936 0.400000
      vertex 29.126984 14.148936 0.400000
    endloop
  endfacet
  facet normal -1.000000 0.000000 0.000000
    outer loop
      vertex 28.809524 10.000000 0.000000
      vertex 28.809524 10.000000 0.400000
      vertex 28.809524 14.148936 0.400000
    endloop
  endfacet
  facet normal -1.000000 0.000000 0.000000
    outer loop
      vertex 28.809524 10.000000 0.000000
      vertex 28.809524 14.148936 0.400000
      vertex 28.809524 14.148936 0.000000
    endloop
  endfacet
  facet normal 1.000000 0.000000 0.000000
    outer loop
      vertex 29.126984 10.000000 0.000000
      vertex 29.126984 14.148936 0.000000
      vertex 29.126984 14.148936 0.400000
    endloop
  endfacet
  facet normal 1.000000 0.000000 0.000000
    outer loop
      vertex 29.126984 10.000000 0.000000
      vertex 29.126984 14.148936 0.400000
      vertex 29.126984 10.000000 0.400000
    endloop
  endfacet
  facet normal 0.000000 0.000000 -1.000000
    outer loop
      vertex 31.349206 10.000000 0.000000
      vertex 31.666667 14.148936 0.000000
      vertex 31.666667 10.000000 0.000000
    endloop
  endfacet
  facet normal 0.000000 0.000000 -1.000000
    outer loop
      vertex 31.349206 10.000000 0.000000
      vertex 31.349206 14.148936 0.000000
      vertex 31.666667 14.148936 0.000000
    endloop
  endfacet
  facet normal 0.000000 0.000000 1.000000
    outer loop
      vertex 31.349206 10.000000 0.400000
      vertex 31.666667 10.000000 0.400000
      vertex 31.666667 14.148936 0.400000
    endloop
  endfacet
  facet normal 0.000000 0.000000 1.000000
    outer loop
      vertex 31.349206 10.000000 0.400000
      vertex 31.666667 14.148936 0.400000
      vertex 31.349206 14.148936 0.400000
    endloop
  endfacet
  facet normal 0.000000 -1.000000 0.000000
    outer loop
      vertex 31.349206 10.000000 0.000000
      vertex 31.666667 10.000000 0.000000
      vertex 31.666667 10.000000 0.400000
    endloop
  endfacet
  facet normal 0.000000 -1.000000 0.000000
    outer loop
      vertex 31.349206 10.000000 0.000000
      vertex 31.666667 10.000000 0.400000
      vertex 31.349206 10.000000 0.400000
    endloop
  endfacet
  facet normal 0.000000 1.000000 0.000000
    outer loop
      vertex 31.349206 14.148936 0.000000
      vertex 31.666667 14.148936 0.400000
      vertex 31.666667 14.148936 0.000000
    endloop
  endfacet
  facet normal 0.000000 1.000000 0.000000
    outer loop
      vertex 31.349206 14.148936 0.000000
      vertex 31.349206 14.148936 0.400000
      vertex 31.666667 14.148936 0.400000
    endloop
  endfacet
  facet normal -1.000000 0.000000 0.000000
    outer loop
      vertex 31.349206 10.000000 0.000000
      vertex 31.349206 10.000000 0.400000
      vertex 31.349206 14.148936 0.400000
    endloop
  endfacet
  facet normal -1.000000 0.000000 0.000000
    outer loop
      vertex 31.349206 10.000000 0.000000
      vertex 31.349206 14.148936 0.400000
      vertex 31.349206 14.148936 0.000000
    endloop
  endfacet
  facet normal 1.000000 0.000000 0.000000
    outer loop
      vertex 31.666667 10.000000 0.000000
      vertex 31.666667 14.148936 0.000000
      vertex 31.666667 14.148936 0.400000
    endloop
  endfacet
  facet normal 1.000000 0.000000 0.000000
    outer loop
      vertex 31.666667 10.000000 0.000000
      vertex 31.666667 14.148936 0.400000
      vertex 31.666667 10.000000 0.400000
    endloop
  endfacet
  facet normal 0.000000 0.000000 -1.000000
    outer loop
      vertex 38.333333 10.000000 0.000000
      vertex 38.650794 14.148936 0.000000
      vertex 38.650794 10.000000 0.000000
    endloop
  endfacet
  facet normal 0.000000 0.000000 -1.000000
    outer loop
      vertex 38.333333 10.000000 0.000000
      vertex 38.333333 14.148936 0.000000
      vertex 38.650794 14.148936 0.000000
    endloop
  endfacet
  facet normal 0.000000 0.000000 1.000000
    outer loop
      vertex 38.333333 10.000000 0.400000
      vertex 38.650794 10.000000 0.400000
      vertex 38.650794 14.148936 0.400000
    endloop
  endfacet
  facet normal 0.000000 0.000000 1.000000
    outer loop
      vertex 38.333333 10.000000 0.400000
      vertex 38.650794 14.148936 0.400000
      vertex 38.333333 14.148936 0.400000
    endloop
  endfacet
  facet normal 0.000000 -1.000000 0.000000
    outer loop
      vertex 38.333333 10.000000 0.000000
      vertex 38.650794 10.000000 0.000000
      vertex 38.650794 10.000000 0.400000
    endloop
  endfacet
  facet normal 0.000000 -1.000000 0.000000
    outer loop
      vertex 38.333333 10.000000 0.000000
      vertex 38.650794 10.000000 0.400000
      vertex 38.333333 10.000000 0.400000
    endloop
  endfacet
  facet normal 0.000000 1.000000 0.000000
    outer loop
      vertex 38.333333 14.148936 0.000000
      vertex 38.650794 14.148936 0.400000
      vertex 38.650794 14.148936 0.000000
    endloop
  endfacet
  facet normal 0.000000 1.000000 0.000000
    outer loop
      vertex 38.333333 14.148936 0.000000
      vertex 38.333333 14.148936 0.400000
      vertex 38.650794 14.148936 0.400000
    endloop
  endfacet
  facet normal -1.000000 0.000000 0.000000
    outer loop
      vertex 38.333333 10.000000 0.000000
      vertex 38.333333 10.000000 0.400000
      vertex 38.333333 14.148936 0.400000
    endloop
  endfacet
  facet normal -1.000000 0.000000 0.000000
    outer loop
      vertex 38.333333 10.000000 0.000000
      vertex 38.333333 14.148936 0.400000
      vertex 38.333333 14.148936 0.000000
    endloop
  endfacet
  facet normal 1.000000 0.000000 0.000000
    outer loop
      vertex 38.650794 10.000000 0.000000
      vertex 38.650794 14.148936 0.000000
      vertex 38.650794 14.148936 0.400000
    endloop
  endfacet
  facet normal 1.000000 0.000000 0.000000
    outer loop
      vertex 38.650794 10.000000 0.000000
      vertex 38.650794 14.148936 0.400000
      vertex 38.650794 10.000000 0.400000
    endloop
  endfacet
  facet normal 0.000000 0.000000 -1.000000
    outer loop
      vertex 28.492063 10.000000 0.000000
      vertex 28.809524 13.829787 0.000000
      vertex 28.809524 10.000000 0.000000
    endloop
  endfacet
  facet normal 0.000000 0.000000 -1.000000
    outer loop
      vertex 28.492063 10.000000 0.000000
      vertex 28.492063 13.829787 0.000000
      vertex 28.809524 13.829787 0.000000
    endloop
  endfacet
  facet normal 0.000000 0.000000 1.000000
    outer loop
      vertex 28.492063 10.000000 0.400000
      vertex 28.809524 10.000000 0.400000
      vertex 28.809524 13.829787 0.400000
    endloop
  endfacet
  facet normal 0.000000 0.000000 1.000000
    outer loop
      vertex 28.492063 10.000000 0.400000
      vertex 28.809524 13.829787 0.400000
      vertex 28.492063 13.829787 0.400000
    endloop
  endfacet
  facet normal 0.000000 -1.000000 0.000000
    outer loop
      vertex 28.492063 10.000000 0.000000
      vertex 28.809524 10.000000 0.000000
      vertex 28.809524 10.000000 0.400000
    endloop
  endfacet
  facet normal 0.000000 -1.000000 0.000000
    outer loop
      vertex 28.492063 10.000000 0.000000
      vertex 28.809524 10.000000 0.400000
      vertex 28.492063 10.000000 0.400000
    endloop
  endfacet
  facet normal 0.000000 1.000000 0.000000
    outer loop
      vertex 28.492063 13.829787 0.000000
      vertex 28.809524 13.829787 0.400000
      vertex 28.809524 13.829787 0.000000
    endloop
  endfacet
  facet normal 0.000000 1.000000 0.000000
    outer loop
      vertex 28.492063 13.829787 0.000000
      vertex 28.492063 13.829787 0.400000
      vertex 28.809524 13.829787 0.400000
    endloop
  endfacet
  facet normal -1.000000 0.000000 0.000000
    outer loop
      vertex 28.492063 10.000000 0.000000
      vertex 28.492063 10.000000 0.400000
      vertex 28.492063 13.829787 0.400000
    endloop
  endfacet
  facet normal -1.000000 0.000000 0.000000
    outer loop
      vertex 28.492063 10.000000 0.000000
      vertex 28.492063 13.829787 0.400000
      vertex 28.492063 13.829787 0.000000
    endloop
  endfacet
  facet normal 1.000000 0.000000 0.000000
    outer loop
      vertex 28.809524 10.000000 0.000000
      vertex 28.809524 13.829787 0.000000
      vertex 28.809524 13.829787 0.400000
    endloop
  endfacet
  facet normal 1.000000 0.000000 0.000000
    outer loop
      vertex 28.809524 10.000000 0.000000
      vertex 28.809524 13.829787 0.400000
      vertex 28.809524 10.000000 0.400000
    endloop
  endfacet
  facet normal 0.000000 0.000000 -1.000000
    outer loop
      vertex 11.349206 10.000000 0.000000
      vertex 11.666667 13.510638 0.000000
      vertex 11.666667 10.000000 0.000000
    endloop
  endfacet
  facet normal 0.000000 0.000000 -1.000000
    outer loop
      vertex 11.349206 10.000000 0.000000
      vertex 11.349206 13.510638 0.000000
      vertex 11.666667 13.510638 0.000000
    endloop
  endfacet
  facet normal 0.000000 0.000000 1.000000
    outer loop
      vertex 11.349206 10.000000 0.400000
      vertex 11.666667 10.000000 0.400000
      vertex 11.666667 13.510638 0.400000
    endloop
  endfacet
  facet normal 0.000000 0.000000 1.000000
    outer loop
      vertex 11.349206 10.000000 0.400000
      vertex 11.666667 13.510638 0.400000
      vertex 11.349206 13.510638 0.400000
    endloop
  endfacet
  facet normal 0.000000 -1.000000 0.000000
    outer loop
      vertex 11.349206 10.000000 0.000000
      vertex 11.666667 10.000000 0.000000
      vertex 11.666667 10.000000 0.400000
    endloop
  endfacet
  facet normal 0.000000 -1.000000 0.000000
    outer loop
      vertex 11.349206 10.000000 0.000000
      vertex 11.666667 10.000000 0.400000
      vertex 11.349206 10.000000 0.400000
    endloop
  endfacet
  facet normal 0.000000 1.000000 0.000000
    outer loop
      vertex 11.349206 13.510638 0.000000
      vertex 11.666667 13.510638 0.400000
      vertex 11.666667 13.510638 0.000000
    endloop
  endfacet
  facet normal 0.000000 1.000000 0.000000
    outer loop
      vertex 11.349206 13.510638 0.000000
      vertex 11.349206 13.510638 0.400000
      vertex 11.666667 13.510638 0.400000
    endloop
  endfacet
  facet normal -1.000000 0.000000 0.000000
    outer loop
      vertex 11.349206 10.000000 0.000000
      vertex 11.349206 10.000000 0.400000
      vertex 11.349206 13.510638 0.400000
    endloop
  endfacet
  facet normal -1.000000 0.000000 0.000000
    outer loop
      vertex 11.349206 10.000000 0.000000
      vertex 11.349206 13.510638 0.400000
      vertex 11.349206 13.510638 0.000000
    endloop
  endfacet
  facet normal 1.000000 0.000000 0.000000
    outer loop
      vertex 11.666667 10.000000 0.000000
      vertex 11.666667 13.510638 0.000000
      vertex 11.666667 13.510638 0.400000
    endloop
  endfacet
  facet normal 1.000000 0.000000 0.000000
    outer loop
      vertex 11.666667 10.000000 0.000000
      vertex 11.666667 13.510638 0.400000
      vertex 11.666667 10.000000 0.400000
    endloop
  endfacet
  facet normal 0.000000 0.000000 -1.000000
    outer loop
      vertex 22.142857 10.000000 0.000000
      vertex 22.460317 13.510638 0.000000
      vertex 22.460317 10.000000 0.000000
    endloop
  endfacet
  facet normal 0.000000 0.000000 -1.000000
    outer loop
      vertex 22.142857 10.000000 0.000000
      vertex 22.142857 13.510638 0.000000
      vertex 22.460317 13.510638 0.000000
    endloop
  endfacet
  facet normal 0.000000 0.000000 1.000000
    outer loop
      vertex 22.142857 10.000000 0.400000
      vertex 22.460317 10.000000 0.400000
      vertex 22.460317 13.510638 0.400000
    endloop
  endfacet
  facet normal 0.000000 0.000000 1.000000
    outer loop
      vertex 22.142857 10.000000 0.400000
      vertex 22.460317 13.510638 0.400000
      vertex 22.142857 13.510638 0.400000
    endloop
  endfacet
  facet normal 0.000000 -1.000000 0.000000
    outer loop
      vertex 22.142857 10.000000 0.000000
      vertex 22.460317 10.000000 0.000000
      vertex 22.460317 10.000000 0.400000
    endloop
  endfacet
  facet normal 0.000000 -1.000000 0.000000
    outer loop
      vertex 22.142857 10.000000 0.000000
      vertex 22.460317 10.000000 0.400000
      vertex 22.142857 10.000000 0.400000
    endloop
  endfacet
  facet normal 0.000000 1.000000 0.000000
    outer loop
      vertex 22.142857 13.510638 0.000000
      vertex 22.460317 13.510638 0.400000
      vertex 22.460317 13.510638 0.000000
    endloop
  endfacet
  facet normal 0.000000 1.000000 0.000000
    outer loop
      vertex 22.142857 13.510638 0.000000
      vertex 22.142857 13.510638 0.400000
      vertex 22.460317 13.510638 0.400000
    endloop
  endfacet
  facet normal -1.000000 0.000000 0.000000
    outer loop
      vertex 22.142857 10.000000 0.000000
      vertex 22.142857 10.000000 0.400000
      vertex 22.142857 13.510638 0.400000
    endloop
  endfacet
  facet normal -1.000000 0.000000 0.000000
    outer loop
      vertex 22.142857 10.000000 0.000000
      vertex 22.142857 13.510638 0.400000
      vertex 22.142857 13.510638 0.000000
    endloop
  endfacet
  facet normal 1.000000 0.000000 0.000000
    outer loop
      vertex 22.460317 10.000000 0.000000
      vertex 22.460317 13.510638 0.000000
      vertex 22.460317 13.510638 0.400000
    endloop
  endfacet
  facet normal 1.000000 0.000000 0.000000
    outer loop
      vertex 22.460317 10.000000 0.000000
      vertex 22.460317 13.510638 0.400000
      vertex 22.460317 10.000000 0.400000
    endloop
  endfacet
  facet normal 0.000000 0.000000 -1.000000
    outer loop
      vertex 28.174603 10.000000 0.000000
      vertex 28.492063 13.510638 0.000000
      vertex 28.492063 10.000000 0.000000
    endloop
  endfacet
  facet normal 0.000000 0.000000 -1.000000
    outer loop
      vertex 28.174603 10.000000 0.000000
      vertex 28.174603 13.510638 0.000000
      vertex 28.492063 13.510638 0.000000
    endloop
  endfacet
  facet normal 0.000000 0.000000 1.000000
    outer loop
      vertex 28.174603 10.000000 0.400000
      vertex 28.492063 10.000000 0.400000
      vertex 28.492063 13.510638 0.400000
    endloop
  endfacet
  facet normal 0.000000 0.000000 1.000000
    outer loop
      vertex 28.174603 10.000000 0.400000
      vertex 28.492063 13.510638 0.400000
      vertex 28.174603 13.510638 0.400000
    endloop
  endfacet
  facet normal 0.000000 -1.000000 0.000000
    outer loop
      vertex 28.174603 10.000000 0.000000
      vertex 28.492063 10.000000 0.000000
      vertex 28.492063 10.000000 0.400000
    endloop
  endfacet
  facet normal 0.000000 -1.000000 0.000000
    outer loop
      vertex 28.174603 10.000000 0.000000
      vertex 28.492063 10.000000 0.400000
      vertex 28.174603 10.000000 0.400000
    endloop
  endfacet
  facet normal 0.000000 1.000000 0.000000
    outer loop
      vertex 28.174603 13.510638 0.000000
      vertex 28.492063 13.510638 0.400000
      vertex 28.492063 13.510638 0.000000
    endloop
  endfacet
  facet normal 0.000000 1.000000 0.000000
    outer loop
      vertex 28.174603 13.510638 0.000000
      vertex 28.174603 13.510638 0.400000
      vertex 28.492063 13.510638 0.400000
    endloop
  endfacet
  facet normal -1.000000 0.000000 0.000000
    outer loop
      vertex 28.174603 10.000000 0.000000
      vertex 28.174603 10.000000 0.400000
      vertex 28.174603 13.510638 0.400000
    endloop
  endfacet
  facet normal -1.000000 0.000000 0.000000
    outer loop
      vertex 28.174603 10.000000 0.000000
      vertex 28.174603 13.510638 0.400000
      vertex 28.174603 13.510638 0.000000
    endloop
  endfacet
  facet normal 1.000000 0.000000 0.000000
    outer loop
      vertex 28.492063 10.000000 0.000000
      vertex 28.492063 13.510638 0.000000
      vertex 28.492063 13.510638 0.400000
    endloop
  endfacet
  facet normal 1.000000 0.000000 0.000000
    outer loop
      vertex 28.492063 10.000000 0.000000
      vertex 28.492063 13.510638 0.400000
      vertex 28.492063 10.000000 0.400000
    endloop
  endfacet
  facet normal 0.000000 0.000000 -1.000000
    outer loop
      vertex 31.666667 10.000000 0.000000
      vertex 31.984127 13.510638 0.000000
      vertex 31.984127 10.000000 0.000000
    endloop
  endfacet
  facet normal 0.000000 0.000000 -1.000000
    outer loop
      vertex 31.666667 10.000000 0.000000
      vertex 31.666667 13.510638 0.000000
      vertex 31.984127 13.510638 0.000000
    endloop
  endfacet
  facet normal 0.000000 0.000000 1.000000
    outer loop
      vertex 31.666667 10.000000 0.400000
      vertex 31.984127 10.000000 0.400000
      vertex 31.984127 13.510638 0.400000
    endloop
  endfacet
  facet normal 0.000000 0.000000 1.000000
    outer loop
      vertex 31.666667 10.000000 0.400000
      vertex 31.984127 13.510638 0.400000
      vertex 31.666667 13.510638 0.400000
    endloop
  endfacet
  facet normal 0.000000 -1.000000 0.000000
    outer loop
      vertex 31.666667 10.000000 0.000000
      vertex 31.984127 10.000000 0.000000
      vertex 31.984127 10.000000 0.400000
    endloop
  endfacet
  facet normal 0.000000 -1.000000 0.000000
    outer loop
      vertex 31.666667 10.000000 0.000000
      vertex 31.984127 10.000000 0.400000
      vertex 31.666667 10.000000 0.400000
    endloop
  endfacet
  facet normal 0.000000 1.000000 0.000000
    outer loop
      vertex 31.666667 13.510638 0.000000
      vertex 31.984127 13.510638 0.400000
      vertex 31.984127 13.510638 0.000000
    endloop
  endfacet
  facet normal 0.000000 1.000000 0.000000
    outer loop
      vertex 31.666667 13.510638 0.000000
      vertex 31.666667 13.510638 0.400000
      vertex 31.984127 13.510638 0.400000
    endloop
  endfacet
  facet normal -1.000000 0.000000 0.000000
    outer loop
      vertex 31.666667 10.000000 0.000000
      vertex 31.666667 10.000000 0.400000
      vertex 31.666667 13.510638 0.400000
    endloop
  endfacet
  facet normal -1.000000 0.000000 0.000000
    outer loop
      vertex 31.666667 10.000000 0.000000
      vertex 31.666667 13.510638 0.400000
      vertex 31.666667 13.510638 0.000000
    endloop
  endfacet
  facet normal 1.000000 0.000000 0.000000
    outer loop
      vertex 31.984127 10.000000 0.000000
      vertex 31.984127 13.510638 0.000000
      vertex 31.984127 13.510638 0.400000
    endloop
  endfacet
  facet normal 1.000000 0.000000 0.000000
    outer loop
      vertex 31.984127 10.000000 0.000000
      vertex 31.984127 13.510638 0.400000
      vertex 31.984127 10.000000 0.400000
    endloop
  endfacet
  facet normal 0.000000 0.000000 -1.000000
    outer loop
      vertex 38.015873 10.000000 0.000000
      vertex 38.333333 13.510638 0.000000
      vertex 38.333333 10.000000 0.000000
    endloop
  endfacet
  facet normal 0.000000 0.000000 -1.000000
    outer loop
      vertex 38.015873 10.000000 0.000000
      vertex 38.015873 13.510638 0.000000
      vertex 38.333333 13.510638 0.000000
    endloop
  endfacet
  facet normal 0.000000 0.000000 1.000000
    outer loop
      vertex 38.015873 10.000000 0.400000
      vertex 38.333333 10.000000 0.400000
      vertex 38.333333 13.510638 0.400000
    endloop
  endfacet
  facet normal 0.000000 0.000000 1.000000
    outer loop
      vertex 38.015873 10.000000 0.400000
      vertex 38.333333 13.510638 0.400000
      vertex 38.015873 13.510638 0.400000
    endloop
  endfacet
  facet normal 0.000000 -1.000000 0.000000
    outer loop
      vertex 38.015873 10.000000 0.000000
      vertex 38.333333 10.000000 0.000000
      vertex 38.333333 10.000000 0.400000
    endloop
  endfacet
  facet normal 0.000000 -1.000000 0.000000
    outer loop
      vertex 38.015873 10.000000 0.000000
      vertex 38.333333 10.000000 0.400000
      vertex 38.015873 10.000000 0.400000
    endloop
  endfacet
  facet normal 0.000000 1.000000 0.000000
    outer loop
      vertex 38.015873 13.510638 0.000000
      vertex 38.333333 13.510638 0.400000
      vertex 38.333333 13.510638 0.000000
    endloop
  endfacet
  facet normal 0.000000 1.000000 0.000000
    outer loop
      vertex 38.015873 13.510638 0.000000
      vertex 38.015873 13.510638 0.400000
      vertex 38.333333 13.510638 0.400000
    endloop
  endfacet
  facet normal -1.000000 0.000000 0.000000
    outer loop
      vertex 38.015873 10.000000 0.000000
      vertex 38.015873 10.000000 0.400000
      vertex 38.015873 13.510638 0.400000
    endloop
  endfacet
  facet normal -1.000000 0.000000 0.000000
    outer loop
      vertex 38.015873 10.000000 0.000000
      vertex 38.015873 13.510638 0.400000
      vertex 38.015873 13.510638 0.000000
    endloop
  endfacet
  facet normal 1.000000 0.000000 0.000000
    outer loop
      vertex 38.333333 10.000000 0.000000
      vertex 38.333333 13.510638 0.000000
      vertex 38.333333 13.510638 0.400000
    endloop
  endfacet
  facet normal 1.000000 0.000000 0.000000
    outer loop
      vertex 38.333333 10.000000 0.000000
      vertex 38.333333 13.510638 0.400000
      vertex 38.333333 10.000000 0.400000
    endloop
  endfacet
  facet normal 0.000000 0.000000 -1.000000
    outer loop
      vertex 11.666667 10.000000 0.000000
      vertex 11.984127 13.191489 0.000000
      vertex 11.984127 10.000000 0.000000
    endloop
  endfacet
  facet normal 0.000000 0.000000 -1.000000
    outer loop
      vertex 11.666667 10.000000 0.000000
      vertex 11.666667 13.191489 0.000000
      vertex 11.984127 13.191489 0.000000
    endloop
  endfacet
  facet normal 0.000000 0.000000 1.000000
    outer loop
      vertex 11.666667 10.000000 0.400000
      vertex 11.984127 10.000000 0.400000
      vertex 11.984127 13.191489 0.400000
    endloop
  endfacet
  facet normal 0.000000 0.000000 1.000000
    outer loop
      vertex 11.666667 10.000000 0.400000
      vertex 11.984127 13.191489 0.400000
      vertex 11.666667 13.191489 0.400000
    endloop
  endfacet
  facet normal 0.000000 -1.000000 0.000000
    outer loop
      vertex 11.666667 10.000000 0.000000
      vertex 11.984127 10.000000 0.000000
      vertex 11.984127 10.000000 0.400000
    endloop
  endfacet
  facet normal 0.000000 -1.000000 0.000000
    outer loop
      vertex 11.666667 10.000000 0.000000
      vertex 11.984127 10.000000 0.400000
      vertex 11.666667 10.000000 0.400000
    endloop
  endfacet
  facet normal 0.000000 1.000000 0.000000
    outer loop
      vertex 11.666667 13.191489 0.000000
      vertex 11.984127 13.191489 0.400000
      vertex 11.984127 13.191489 0.000000
    endloop
  endfacet
  facet normal 0.000000 1.000000 0.000000
    outer loop
      vertex 11.666667 13.191489 0.000000
      vertex 11.666667 13.191489 0.400000
      vertex 11.984127 13.191489 0.400000
    endloop
  endfacet
  facet normal -1.000000 0.000000 0.000000
    outer loop
      vertex 11.666667 10.000000 0.000000
      vertex 11.666667 10.000000 0.400000
      vertex 11.666667 13.191489 0.400000
    endloop
  endfacet
  facet normal -1.000000 0.000000 0.000000
    outer loop
      vertex 11.666667 10.000000 0.000000
      vertex 11.666667 13.191489 0.400000
      vertex 11.666667 13.191489 0.000000
    endloop
  endfacet
  facet normal 1.000000 0.000000 0.000000
    outer loop
      vertex 11.984127 10.000000 0.000000
      vertex 11.984127 13.191489 0.000000
      vertex 11.984127 13.191489 0.400000
    endloop
  endfacet
  facet normal 1.000000 0.000000 0.000000
    outer loop
      vertex 11.984127 10.000000 0.000000
      vertex 11.984127 13.191489 0.400000
      vertex 11.984127 10.000000 0.400000
    endloop
  endfacet
  facet normal 0.000000 0.000000 -1.000000
    outer loop
      vertex 16.111111 10.000000 0.000000
      vertex 16.428571 13.191489 0.000000
      vertex 16.428571 10.000000 0.000000
    endloop
  endfacet
  facet normal 0.000000 0.000000 -1.000000
    outer loop
      vertex 16.111111 10.000000 0.000000
      vertex 16.111111 13.191489 0.000000
      vertex 16.428571 13.191489 0.000000
    endloop
  endfacet
  facet normal 0.000000 0.000000 1.000000
    outer loop
      vertex 16.111111 10.000000 0.400000
      vertex 16.428571 10.000000 0.400000
      vertex 16.428571 13.191489 0.400000
    endloop
  endfacet
  facet normal 0.000000 0.000000 1.000000
    outer loop
      vertex 16.111111 10.000000 0.400000
      vertex 16.428571 13.191489 0.400000
      vertex 16.111111 13.191489 0.400000
    endloop
  endfacet
  facet normal 0.000000 -1.000000 0.000000
    outer loop
      vertex 16.111111 10.000000 0.000000
      vertex 16.428571 10.000000 0.000000
      vertex 16.428571 10.000000 0.400000
    endloop
  endfacet
  facet normal 0.000000 -1.000000 0.000000
    outer loop
      vertex 16.111111 10.000000 0.000000
      vertex 16.428571 10.000000 0.400000
      vertex 16.111111 10.000000 0.400000
    endloop
  endfacet
  facet normal 0.000000 1.000000 0.000000
    outer loop
      vertex 16.111111 13.191489 0.000000
      vertex 16.428571 13.191489 0.400000
      vertex 16.428571 13.191489 0.000000
    endloop
  endfacet
  facet normal 0.000000 1.000000 0.000000
    outer loop
      vertex 16.111111 13.191489 0.000000
      vertex 16.111111 13.191489 0.400000
      vertex 16.428571 13.191489 0.400000
    endloop
  endfacet
  facet normal -1.000000 0.000000 0.000000
    outer loop
      vertex 16.111111 10.000000 0.000000
      vertex 16.111111 10.000000 0.400000
      vertex 16.111111 13.191489 0.400000
    endloop
  endfacet
  facet normal -1.000000 0.000000 0.000000
    outer loop
      vertex 16.111111 10.000000 0.000000
      vertex 16.111111 13.191489 0.400000
      vertex 16.111111 13.191489 0.000000
    endloop
  endfacet
  facet normal 1.000000 0.000000 0.000000
    outer loop
      vertex 16.428571 10.000000 0.000000
      vertex 16.428571 13.191489 0.000000
      vertex 16.428571 13.191489 0.400000
    endloop
  endfacet
  facet normal 1.000000 0.000000 0.000000
    outer loop
      vertex 16.428571 10.000000 0.000000
      vertex 16.428571 13.191489 0.400000
      vertex 16.428571 10.000000 0.400000
    endloop
  endfacet
  facet normal 0.000000 0.000000 -1.000000
    outer loop
      vertex 22.460317 10.000000 0.000000
      vertex 22.777778 13.191489 0.000000
      vertex 22.777778 10.000000 0.000000
    endloop
  endfacet
  facet normal 0.000000 0.000000 -1.000000
    outer loop
      vertex 22.460317 10.000000 0.000000
      vertex 22.460317 13.191489 0.000000
      vertex 22.777778 13.191489 0.000000
    endloop
  endfacet
  facet normal 0.000000 0.000000 1.000000
    outer loop
      vertex 22.460317 10.000000 0.400000
      vertex 22.777778 10.000000 0.400000
      vertex 22.777778 13.191489 0.400000
    endloop
  endfacet
  facet normal 0.000000 0.000000 1.000000
    outer loop
      vertex 22.460317 10.000000 0.400000
      vertex 22.777778 13.191489 0.400000
      vertex 22.460317 13.191489 0.400000
    endloop
  endfacet
  facet normal 0.000000 -1.000000 0.000000
    outer loop
      vertex 22.460317 10.000000 0.000000
      vertex 22.777778 10.000000 0.000000
      vertex 22.777778 10.000000 0.400000
    endloop
  endfacet
  facet normal 0.000000 -1.000000 0.000000
    outer loop
      vertex 22.460317 10.000000 0.000000
      vertex 22.777778 10.000000 0.400000
      vertex 22.460317 10.000000 0.400000
    endloop
  endfacet
  facet normal 0.000000 1.000000 0.000000
    outer loop
      vertex 22.460317 13.191489 0.000000
      vertex 22.777778 13.191489 0.400000
      vertex 22.777778 13.191489 0.000000
    endloop
  endfacet
  facet normal 0.000000 1.000000 0.000000
    outer loop
      vertex 22.460317 13.191489 0.000000
      vertex 22.460317 13.191489 0.400000
      vertex 22.777778 13.191489 0.400000
    endloop
  endfacet
  facet normal -1.000000 0.000000 0.000000
    outer loop
      vertex 22.460317 10.000000 0.000000
      vertex 22.460317 10.000000 0.400000
      vertex 22.460317 13.191489 0.400000
    endloop
  endfacet
  facet normal -1.000000 0.000000 0.000000
    outer loop
      vertex 22.460317 10.000000 0.000000
      vertex 22.460317 13.191489 0.400000
      vertex 22.460317 13.191489 0.000000
    endloop
  endfacet
  facet normal 1.000000 0.000000 0.000000
    outer loop
      vertex 22.777778 10.000000 0.000000
      vertex 22.777778 13.191489 0.000000
      vertex 22.777778 13.191489 0.400000
    endloop
  endfacet
  facet normal 1.000000 0.000000 0.000000
    outer loop
      vertex 22.777778 10.000000 0.000000
      vertex 22.777778 13.191489 0.400000
      vertex 22.777778 10.000000 0.400000
    endloop
  endfacet
  facet normal 0.000000 0.000000 -1.000000
    outer loop
      vertex 27.857143 10.000000 0.000000
      vertex 28.174603 13.191489 0.000000
      vertex 28.174603 10.000000 0.000000
    endloop
  endfacet
  facet normal 0.000000 0.000000 -1.000000
    outer loop
      vertex 27.857143 10.000000 0.000000
      vertex 27.857143 13.191489 0.000000
      vertex 28.174603 13.191489 0.000000
    endloop
  endfacet
  facet normal 0.000000 0.000000 1.000000
    outer loop
      vertex 27.857143 10.000000 0.400000
      vertex 28.174603 10.000000 0.400000
      vertex 28.174603 13.191489 0.400000
    endloop
  endfacet
  facet normal 0.000000 0.000000 1.000000
    outer loop
      vertex 27.857143 10.000000 0.400000
      vertex 28.174603 13.191489 0.400000
      vertex 27.857143 13.191489 0.400000
    endloop
  endfacet
  facet normal 0.000000 -1.000000 0.000000
    outer loop
      vertex 27.857143 10.000000 0.000000
      vertex 28.174603 10.000000 0.000000
      vertex 28.174603 10.000000 0.400000
    endloop
  endfacet
  facet normal 0.000000 -1.000000 0.000000
    outer loop
      vertex 27.857143 10.000000 0.000000
      vertex 28.174603 10.000000 0.400000
      vertex 27.857143 10.000000 0.400000
    endloop
  endfacet
  facet normal 0.000000 1.000000 0.000000
    outer loop
      vertex 27.857143 13.191489 0.000000
      vertex 28.174603 13.191489 0.400000
      vertex 28.174603 13.191489 0.000000
    endloop
  endfacet
  facet normal 0.000000 1.000000 0.000000
    outer loop
      vertex 27.857143 13.191489 0.000000
      vertex 27.857143 13.191489 0.400000
      vertex 28.174603 13.191489 0.400000
    endloop
  endfacet
  facet normal -1.000000 0.000000 0.000000
    outer loop
      vertex 27.857143 10.000000 0.000000
      vertex 27.857143 10.000000 0.400000
      vertex 27.857143 13.191489 0.400000
    endloop
  endfacet
  facet normal -1.000000 0.000000 0.000000
    outer loop
      vertex 27.857143 10.000000 0.000000
      vertex 27.857143 13.191489 0.400000
      vertex 27.857143 13.191489 0.000000
    endloop
  endfacet
  facet normal 1.000000 0.000000 0.000000
    outer loop
      vertex 28.174603 10.000000 0.000000
      vertex 28.174603 13.191489 0.000000
      vertex 28.174603 13.191489 0.400000
    endloop
  endfacet
  facet normal 1.000000 0.000000 0.000000
    outer loop
      vertex 28.174603 10.000000 0.000000
      vertex 28.174603 13.191489 0.400000
      vertex 28.174603 10.000000 0.400000
    endloop
  endfacet
  facet normal 0.000000 0.000000 -1.000000
    outer loop
      vertex 31.984127 10.000000 0.000000
      vertex 32.301587 13.191489 0.000000
      vertex 32.301587 10.000000 0.000000
    endloop
  endfacet
  facet normal 0.000000 0.000000 -1.000000
    outer loop
      vertex 31.984127 10.000000 0.000000
      vertex 31.984127 13.191489 0.000000
      vertex 32.301587 13.191489 0.000000
    endloop
  endfacet
  facet normal 0.000000 0.000000 1.000000
    outer loop
      vertex 31.984127 10.000000 0.400000
      vertex 32.301587 10.000000 0.400000
      vertex 32.301587 13.191489 0.400000
    endloop
  endfacet
  facet normal 0.000000 0.000000 1.000000
    outer loop
      vertex 31.984127 10.000000 0.400000
      vertex 32.301587 13.191489 0.400000
      vertex 31.984127 13.191489 0.400000
    endloop
  endfacet
  facet normal 0.000000 -1.000000 0.000000
    outer loop
      vertex 31.984127 10.000000 0.000000
      vertex 32.301587 10.000000 0.000000
      vertex 32.301587 10.000000 0.400000
    endloop
  endfacet
  facet normal 0.000000 -1.000000 0.000000
    outer loop
      vertex 31.984127 10.000000 0.000000
      vertex 32.301587 10.000000 0.400000
      vertex 31.984127 10.000000 0.400000
    endloop
  endfacet
  facet normal 0.000000 1.000000 0.000000
    outer loop
      vertex 31.984127 13.191489 0.000000
      vertex 32.301587 13.191489 0.400000
      vertex 32.301587 13.191489 0.000000
    endloop
  endfacet
  facet normal 0.000000 1.000000 0.000000
    outer loop
      vertex 31.984127 13.191489 0.000000
      vertex 31.984127 13.191489 0.400000
      vertex 32.301587 13.191489 0.400000
    endloop
  endfacet
  facet normal -1.000000 0.000000 0.000000
    outer loop
      vertex 31.984127 10.000000 0.000000
      vertex 31.984127 10.000000 0.400000
      vertex 31.984127 13.191489 0.400000
    endloop
  endfacet
  facet normal -1.000000 0.000000 0.000000
    outer loop
      vertex 31.984127 10.000000 0.000000
      vertex 31.984127 13.191489 0.400000
      vertex 31.984127 13.191489 0.000000
    endloop
  endfacet
  facet normal 1.000000 0.000000 0.000000
    outer loop
      vertex 32.301587 10.000000 0.000000
      vertex 32.301587 13.191489 0.000000
      vertex 32.301587 13.191489 0.400000
    endloop
  endfacet
  facet normal 1.000000 0.000000 0.000000
    outer loop
      vertex 32.301587 10.000000 0.000000
      vertex 32.301587 13.191489 0.400000
      vertex 32.301587 10.000000 0.400000
    endloop
  endfacet
  facet normal 0.000000 0.000000 -1.000000
    outer loop
      vertex 37.698413 10.000000 0.000000
      vertex 38.015873 13.191489 0.000000
      vertex 38.015873 10.000000 0.000000
    endloop
  endfacet
  facet normal 0.000000 0.000000 -1.000000
    outer loop
      vertex 37.698413 10.000000 0.000000
      vertex 37.698413 13.191489 0.000000
      vertex 38.015873 13.191489 0.000000
    endloop
  endfacet
  facet normal 0.000000 0.000000 1.000000
    outer loop
      vertex 37.698413 10.000000 0.400000
      vertex 38.015873 10.000000 0.400000
      vertex 38.015873 13.191489 0.400000
    endloop
  endfacet
  facet normal 0.000000 0.000000 1.000000
    outer loop
      vertex 37.698413 10.000000 0.400000
      vertex 38.015873 13.191489 0.400000
      vertex 37.698413 13.191489 0.400000
    endloop
  endfacet
  facet normal 0.000000 -1.000000 0.000000
    outer loop
      vertex 37.698413 10.000000 0.000000
      vertex 38.015873 10.000000 0.000000
      vertex 38.015873 10.000000 0.400000
    endloop
  endfacet
  facet normal 0.000000 -1.000000 0.000000
    outer loop
      vertex 37.698413 10.000000 0.000000
      vertex 38.015873 10.000000 0.400000
      vertex 37.698413 10.000000 0.400000
    endloop
  endfacet
  facet normal 0.000000 1.000000 0.000000
    outer loop
      vertex 37.698413 13.191489 0.000000
      vertex 38.015873 13.191489 0.400000
      vertex 38.015873 13.191489 0.000000
    endloop
  endfacet
  facet normal 0.000000 1.000000 0.000000
    outer loop
      vertex 37.698413 13.191489 0.000000
      vertex 37.698413 13.191489 0.400000
      vertex 38.015873 13.191489 0.400000
    endloop
  endfacet
  facet normal -1.000000 0.000000 0.000000
    outer loop
      vertex 37.698413 10.000000 0.000000
      vertex 37.698413 10.000000 0.400000
      vertex 37.698413 13.191489 0.400000
    endloop
  endfacet
  facet normal -1.000000 0.000000 0.000000
    outer loop
      vertex 37.698413 10.000000 0.000000
      vertex 37.698413 13.191489 0.400000
      vertex 37.698413 13.191489 0.000000
    endloop
  endfacet
  facet normal 1.000000 0.000000 0.000000
    outer loop
      vertex 38.015873 10.000000 0.000000
      vertex 38.015873 13.191489 0.000000
      vertex 38.015873 13.191489 0.400000
    endloop
  endfacet
  facet normal 1.000000 0.000000 0.000000
    outer loop
      vertex 38.015873 10.000000 0.000000
      vertex 38.015873 13.191489 0.400000
      vertex 38.015873 10.000000 0.400000
    endloop
  endfacet
  facet normal 0.000000 0.000000 -1.000000
    outer loop
      vertex 11.984127 10.000000 0.000000
      vertex 12.301587 12.872340 0.000000
      vertex 12.301587 10.000000 0.000000
    endloop
  endfacet
  facet normal 0.000000 0.000000 -1.000000
    outer loop
      vertex 11.984127 10.000000 0.000000
      vertex 11.984127 12.872340 0.000000
      vertex 12.301587 12.872340 0.000000
    endloop
  endfacet
  facet normal 0.000000 0.000000 1.000000
    outer loop
      vertex 11.984127 10.000000 0.400000
      vertex 12.301587 10.000000 0.400000
      vertex 12.301587 12.872340 0.400000
    endloop
  endfacet
  facet normal 0.000000 0.000000 1.000000
    outer loop
      vertex 11.984127 10.000000 0.400000
      vertex 12.301587 12.872340 0.400000
      vertex 11.984127 12.872340 0.400000
    endloop
  endfacet
  facet normal 0.000000 -1.000000 0.000000
    outer loop
      vertex 11.984127 10.000000 0.000000
      vertex 12.301587 10.000000 0.000000
      vertex 12.301587 10.000000 0.400000
    endloop
  endfacet
  facet normal 0.000000 -1.000000 0.000000
    outer loop
      vertex 11.984127 10.000000 0.000000
      vertex 12.301587 10.000000 0.400000
      vertex 11.984127 10.000000 0.400000
    endloop
  endfacet
  facet normal 0.000000 1.000000 0.000000
    outer loop
      vertex 11.984127 12.872340 0.000000
      vertex 12.301587 12.872340 0.400000
      vertex 12.301587 12.872340 0.000000
    endloop
  endfacet
  facet normal 0.000000 1.000000 0.000000
    outer loop
      vertex 11.984127 12.872340 0.000000
      vertex 11.984127 12.872340 0.400000
      vertex 12.301587 12.872340 0.400000
    endloop
  endfacet
  facet normal -1.000000 0.000000 0.000000
    outer loop
      vertex 11.984127 10.000000 0.000000
      vertex 11.984127 10.000000 0.400000
      vertex 11.984127 12.872340 0.400000
    endloop
  endfacet
  facet normal -1.000000 0.000000 0.000000
    outer loop
      vertex 11.984127 10.000000 0.000000
      vertex 11.984127 12.872340 0.400000
      vertex 11.984127 12.872340 0.000000
    endloop
  endfacet
  facet normal 1.000000 0.000000 0.000000
    outer loop
      vertex 12.301587 10.000000 0.000000
      vertex 12.301587 12.872340 0.000000
      vertex 12.301587 12.872340 0.400000
    endloop
  endfacet
  facet normal 1.000000 0.000000 0.000000
    outer loop
      vertex 12.301587 10.000000 0.000000
      vertex 12.301587 12.872340 0.400000
      vertex 12.301587 10.000000 0.400000
    endloop
  endfacet
  facet normal 0.000000 0.000000 -1.000000
    outer loop
      vertex 15.793651 10.000000 0.000000
      vertex 16.111111 12.872340 0.000000
      vertex 16.111111 10.000000 0.000000
    endloop
  endfacet
  facet normal 0.000000 0.000000 -1.000000
    outer loop
      vertex 15.793651 10.000000 0.000000
      vertex 15.793651 12.872340 0.000000
      vertex 16.111111 12.872340 0.000000
    endloop
  endfacet
  facet normal 0.000000 0.000000 1.000000
    outer loop
      vertex 15.793651 10.000000 0.400000
      vertex 16.111111 10.000000 0.400000
      vertex 16.111111 12.872340 0.400000
    endloop
  endfacet
  facet normal 0.000000 0.000000 1.000000
    outer loop
      vertex 15.793651 10.000000 0.400000
      vertex 16.111111 12.872340 0.400000
      vertex 15.793651 12.872340 0.400000
    endloop
  endfacet
  facet normal 0.000000 -1.000000 0.000000
    outer loop
      vertex 15.793651 10.000000 0.000000
      vertex 16.111111 10.000000 0.000000
      vertex 16.111111 10.000000 0.400000
    endloop
  endfacet
  facet normal 0.000000 -1.000000 0.000000
    outer loop
      vertex 15.793651 10.000000 0.000000
      vertex 16.111111 10.000000 0.400000
      vertex 15.793651 10.000000 0.400000
    endloop
  endfacet
  facet normal 0.000000 1.000000 0.000000
    outer loop
      vertex 15.793651 12.872340 0.000000
      vertex 16.111111 12.872340 0.400000
      vertex 16.111111 12.872340 0.000000
    endloop
  endfacet
  facet normal 0.000000 1.000000 0.000000
    outer loop
      vertex 15.793651 12.872340 0.000000
      vertex 15.793651 12.872340 0.400000
      vertex 16.111111 12.872340 0.400000
    endloop
  endfacet
  facet normal -1.000000 0.000000 0.000000
    outer loop
      vertex 15.793651 10.000000 0.000000
      vertex 15.793651 10.000000 0.400000
      vertex 15.793651 12.872340 0.400000
    endloop
  endfacet
  facet normal -1.000000 0.000000 0.000000
    outer loop
      vertex 15.793651 10.000000 0.000000
      vertex 15.793651 12.872340 0.400000
      vertex 15.793651 12.872340 0.000000
    endloop
  endfacet
  facet normal 1.000000 0.000000 0.000000
    outer loop
      vertex 16.111111 10.000000 0.000000
      vertex 16.111111 12.872340 0.000000
      vertex 16.111111 12.872340 0.400000
    endloop
  endfacet
  facet normal 1.000000 0.000000 0.000000
    outer loop
      vertex 16.111111 10.000000 0.000000
      vertex 16.111111 12.872340 0.400000
      vertex 16.111111 10.000000 0.400000
    endloop
  endfacet
  facet normal 0.000000 0.000000 -1.000000
    outer loop
      vertex 22.777778 10.000000 0.000000
      vertex 23.412698 12.872340 0.000000
      vertex 23.412698 10.000000 0.000000
    endloop
  endfacet
  facet normal 0.000000 0.000000 -1.000000
    outer loop
      vertex 22.777778 10.000000 0.000000
      vertex 22.777778 12.872340 0.000000
      vertex 23.412698 12.872340 0.000000
    endloop
  endfacet
  facet normal 0.000000 0.000000 1.000000
    outer loop
      vertex 22.777778 10.000000 0.400000
      vertex 23.412698 10.000000 0.400000
      vertex 23.412698 12.872340 0.400000
    endloop
  endfacet
  facet normal 0.000000 0.000000 1.000000
    outer loop
      vertex 22.777778 10.000000 0.400000
      vertex 23.412698 12.872340 0.400000
      vertex 22.777778 12.872340 0.400000
    endloop
  endfacet
  facet normal 0.000000 -1.000000 0.000000
    outer loop
      vertex 22.777778 10.000000 0.000000
      vertex 23.412698 10.000000 0.000000
      vertex 23.412698 10.000000 0.400000
    endloop
  endfacet
  facet normal 0.000000 -1.000000 0.000000
    outer loop
      vertex 22.777778 10.000000 0.000000
      vertex 23.412698 10.000000 0.400000
      vertex 22.777778 10.000000 0.400000
    endloop
  endfacet
  facet normal 0.000000 1.000000 0.000000
    outer loop
      vertex 22.777778 12.872340 0.000000
      vertex 23.412698 12.872340 0.400000
      vertex 23.412698 12.872340 0.000000
    endloop
  endfacet
  facet normal 0.000000 1.000000 0.000000
    outer loop
      vertex 22.777778 12.872340 0.000000
      vertex 22.777778 12.872340 0.400000
      vertex 23.412698 12.872340 0.400000
    endloop
  endfacet
  facet normal -1.000000 0.000000 0.000000
    outer loop
      vertex 22.777778 10.000000 0.000000
      vertex 22.777778 10.000000 0.400000
      vertex 22.777778 12.872340 0.400000
    endloop
  endfacet
  facet normal -1.000000 0.000000 0.000000
    outer loop
      vertex 22.777778 10.000000 0.000000
      vertex 22.777778 12.872340 0.400000
      vertex 22.777778 12.872340 0.000000
    endloop
  endfacet
  facet normal 1.000000 0.000000 0.000000
    outer loop
      vertex 23.412698 10.000000 0.000000
      vertex 23.412698 12.872340 0.000000
      vertex 23.412698 12.872340 0.400000
    endloop
  endfacet
  facet normal 1.000000 0.000000 0.000000
    outer loop
      vertex 23.412698 10.000000 0.000000
      vertex 23.412698 12.872340 0.400000
      vertex 23.412698 10.000000 0.400000
    endloop
  endfacet
  facet normal 0.000000 0.000000 -1.000000
    outer loop
      vertex 27.539683 10.000000 0.000000
      vertex 27.857143 12.872340 0.000000
      vertex 27.857143 10.000000 0.000000
    endloop
  endfacet
  facet normal 0.000000 0.000000 -1.000000
    outer loop
      vertex 27.539683 10.000000 0.000000
      vertex 27.539683 12.872340 0.000000
      vertex 27.857143 12.872340 0.000000
    endloop
  endfacet
  facet normal 0.000000 0.000000 1.000000
    outer loop
      vertex 27.539683 10.000000 0.400000
      vertex 27.857143 10.000000 0.400000
      vertex 27.857143 12.872340 0.400000
    endloop
  endfacet
  facet normal 0.000000 0.000000 1.000000
    outer loop
      vertex 27.539683 10.000000 0.400000
      vertex 27.857143 12.872340 0.400000
      vertex 27.539683 12.872340 0.400000
    endloop
  endfacet
  facet normal 0.000000 -1.000000 0.000000
    outer loop
      vertex 27.539683 10.000000 0.000000
      vertex 27.857143 10.000000 0.000000
      vertex 27.857143 10.000000 0.400000
    endloop
  endfacet
  facet normal 0.000000 -1.000000 0.000000
    outer loop
      vertex 27.539683 10.000000 0.000000
      vertex 27.857143 10.000000 0.400000
      vertex 27.539683 10.000000 0.400000
    endloop
  endfacet
  facet normal 0.000000 1.000000 0.000000
    outer loop
      vertex 27.539683 12.872340 0.000000
      vertex 27.857143 12.872340 0.400000
      vertex 27.857143 12.872340 0.000000
    endloop
  endfacet
  facet normal 0.000000 1.000000 0.000000
    outer loop
      vertex 27.539683 12.872340 0.000000
      vertex 27.539683 12.872340 0.400000
      vertex 27.857143 12.872340 0.400000
    endloop
  endfacet
  facet normal -1.000000 0.000000 0.000000
    outer loop
      vertex 27.539683 10.000000 0.000000
      vertex 27.539683 10.000000 0.400000
      vertex 27.539683 12.872340 0.400000
    endloop
  endfacet
  facet normal -1.000000 0.000000 0.000000
    outer loop
      vertex 27.539683 10.000000 0.000000
      vertex 27.539683 12.872340 0.400000
      vertex 27.539683 12.872340 0.000000
    endloop
  endfacet
  facet normal 1.000000 0.000000 0.000000
    outer loop
      vertex 27.857143 10.000000 0.000000
      vertex 27.857143 12.872340 0.000000
      vertex 27.857143 12.872340 0.400000
    endloop
  endfacet
  facet normal 1.000000 0.000000 0.000000
    outer loop
      vertex 27.857143 10.000000 0.000000
      vertex 27.857143 12.872340 0.400000
      vertex 27.857143 10.000000 0.400000
    endloop
  endfacet
  facet normal 0.000000 0.000000 -1.000000
    outer loop
      vertex 32.301587 10.000000 0.000000
      vertex 32.936508 12.872340 0.000000
      vertex 32.936508 10.000000 0.000000
    endloop
  endfacet
  facet normal 0.000000 0.000000 -1.000000
    outer loop
      vertex 32.301587 10.000000 0.000000
      vertex 32.301587 12.872340 0.000000
      vertex 32.936508 12.872340 0.000000
    endloop
  endfacet
  facet normal 0.000000 0.000000 1.000000
    outer loop
      vertex 32.301587 10.000000 0.400000
      vertex 32.936508 10.000000 0.400000
      vertex 32.936508 12.872340 0.400000
    endloop
  endfacet
  facet normal 0.000000 0.000000 1.000000
    outer loop
      vertex 32.301587 10.000000 0.400000
      vertex 32.936508 12.872340 0.400000
      vertex 32.301587 12.872340 0.400000
    endloop
  endfacet
  facet normal 0.000000 -1.000000 0.000000
    outer loop
      vertex 32.301587 10.000000 0.000000
      vertex 32.936508 10.000000 0.000000
      vertex 32.936508 10.000000 0.400000
    endloop
  endfacet
  facet normal 0.000000 -1.000000 0.000000
    outer loop
      vertex 32.301587 10.000000 0.000000
      vertex 32.936508 10.000000 0.400000
      vertex 32.301587 10.000000 0.400000
    endloop
  endfacet
  facet normal 0.000000 1.000000 0.000000
    outer loop
      vertex 32.301587 12.872340 0.000000
      vertex 32.936508 12.872340 0.400000
      vertex 32.936508 12.872340 0.000000
    endloop
  endfacet
  facet normal 0.000000 1.000000 0.000000
    outer loop
      vertex 32.301587 12.872340 0.000000
      vertex 32.301587 12.872340 0.400000
      vertex 32.936508 12.872340 0.400000
    endloop
  endfacet
  facet normal -1.000000 0.000000 0.000000
    outer loop
      vertex 32.301587 10.000000 0.000000
      vertex 32.301587 10.000000 0.400000
      vertex 32.301587 12.872340 0.400000
    endloop
  endfacet
  facet normal -1.000000 0.000000 0.000000
    outer loop
      vertex 32.301587 10.000000 0.000000
      vertex 32.301587 12.872340 0.400000
      vertex 32.301587 12.872340 0.000000
    endloop
  endfacet
  facet normal 1.000000 0.000000 0.000000
    outer loop
      vertex 32.936508 10.000000 0.000000
      vertex 32.936508 12.872340 0.000000
      vertex 32.936508 12.872340 0.400000
    endloop
  endfacet
  facet normal 1.000000 0.000000 0.000000
    outer loop
      vertex 32.936508 10.000000 0.000000
      vertex 32.936508 12.872340 0.400000
      vertex 32.936508 10.000000 0.400000
    endloop
  endfacet
  facet normal 0.000000 0.000000 -1.000000
    outer loop
      vertex 37.063492 10.000000 0.000000
      vertex 37.698413 12.872340 0.000000
      vertex 37.698413 10.000000 0.000000
    endloop
  endfacet
  facet normal 0.000000 0.000000 -1.000000
    outer loop
      vertex 37.063492 10.000000 0.000000
      vertex 37.063492 12.872340 0.000000
      vertex 37.698413 12.872340 0.000000
    endloop
  endfacet
  facet normal 0.000000 0.000000 1.000000
    outer loop
      vertex 37.063492 10.000000 0.400000
      vertex 37.698413 10.000000 0.400000
      vertex 37.698413 12.872340 0.400000
    endloop
  endfacet
  facet normal 0.000000 0.000000 1.000000
    outer loop
      vertex 37.063492 10.000000 0.400000
      vertex 37.698413 12.872340 0.400000
      vertex 37.063492 12.872340 0.400000
    endloop
  endfacet
  facet normal 0.000000 -1.000000 0.000000
    outer loop
      vertex 37.063492 10.000000 0.000000
      vertex 37.698413 10.000000 0.000000
      vertex 37.698413 10.000000 0.400000
    endloop
  endfacet
  facet normal 0.000000 -1.000000 0.000000
    outer loop
      vertex 37.063492 10.000000 0.000000
      vertex 37.698413 10.000000 0.400000
      vertex 37.063492 10.000000 0.400000
    endloop
  endfacet
  facet normal 0.000000 1.000000 0.000000
    outer loop
      vertex 37.063492 12.872340 0.000000
      vertex 37.698413 12.872340 0.400000
      vertex 37.698413 12.872340 0.000000
    endloop
  endfacet
  facet normal 0.000000 1.000000 0.000000
    outer loop
      vertex 37.063492 12.872340 0.000000
      vertex 37.063492 12.872340 0.400000
      vertex 37.698413 12.872340 0.400000
    endloop
  endfacet
  facet normal -1.000000 0.000000 0.000000
    outer loop
      vertex 37.063492 10.000000 0.000000
      vertex 37.063492 10.000000 0.400000
      vertex 37.063492 12.872340 0.400000
    endloop
  endfacet
  facet normal -1.000000 0.000000 0.000000
    outer loop
      vertex 37.063492 10.000000 0.000000
      vertex 37.063492 12.872340 0.400000
      vertex 37.063492 12.872340 0.000000
    endloop
  endfacet
  facet normal 1.000000 0.000000 0.000000
    outer loop
      vertex 37.698413 10.000000 0.000000
      vertex 37.698413 12.872340 0.000000
      vertex 37.698413 12.872340 0.400000
    endloop
  endfacet
  facet normal 1.000000 0.000000 0.000000
    outer loop
      vertex 37.698413 10.000000 0.000000
      vertex 37.698413 12.872340 0.400000
      vertex 37.698413 10.000000 0.400000
    endloop
  endfacet
  facet normal 0.000000 0.000000 -1.000000
    outer loop
      vertex 12.301587 10.000000 0.000000
      vertex 12.936508 12.553191 0.000000
      vertex 12.936508 10.000000 0.000000
    endloop
  endfacet
  facet normal 0.000000 0.000000 -1.000000
    outer loop
      vertex 12.301587 10.000000 0.000000
      vertex 12.301587 12.553191 0.000000
      vertex 12.936508 12.553191 0.000000
    endloop
  endfacet
  facet normal 0.000000 0.000000 1.000000
    outer loop
      vertex 12.301587 10.000000 0.400000
      vertex 12.936508 10.000000 0.400000
      vertex 12.936508 12.553191 0.400000
    endloop
  endfacet
  facet normal 0.000000 0.000000 1.000000
    outer loop
      vertex 12.301587 10.000000 0.400000
      vertex 12.936508 12.553191 0.400000
      vertex 12.301587 12.553191 0.400000
    endloop
  endfacet
  facet normal 0.000000 -1.000000 0.000000
    outer loop
      vertex 12.301587 10.000000 0.000000
      vertex 12.936508 10.000000 0.000000
      vertex 12.936508 10.000000 0.400000
    endloop
  endfacet
  facet normal 0.000000 -1.000000 0.000000
    outer loop
      vertex 12.301587 10.000000 0.000000
      vertex 12.936508 10.000000 0.400000
      vertex 12.301587 10.000000 0.400000
    endloop
  endfacet
  facet normal 0.000000 1.000000 0.000000
    outer loop
      vertex 12.301587 12.553191 0.000000
      vertex 12.936508 12.553191 0.400000
      vertex 12.936508 12.553191 0.000000
    endloop
  endfacet
  facet normal 0.000000 1.000000 0.000000
    outer loop
      vertex 12.301587 12.553191 0.000000
      vertex 12.301587 12.553191 0.400000
      vertex 12.936508 12.553191 0.400000
    endloop
  endfacet
  facet normal -1.000000 0.000000 0.000000
    outer loop
      vertex 12.301587 10.000000 0.000000
      vertex 12.301587 10.000000 0.400000
      vertex 12.301587 12.553191 0.400000
    endloop
  endfacet
  facet normal -1.000000 0.000000 0.000000
    outer loop
      vertex 12.301587 10.000000 0.000000
      vertex 12.301587 12.553191 0.400000
      vertex 12.301587 12.553191 0.000000
    endloop
  endfacet
  facet normal 1.000000 0.000000 0.000000
    outer loop
      vertex 12.936508 10.000000 0.000000
      vertex 12.936508 12.553191 0.000000
      vertex 12.936508 12.553191 0.400000
    endloop
  endfacet
  facet normal 1.000000 0.000000 0.000000
    outer loop
      vertex 12.936508 10.000000 0.000000
      vertex 12.936508 12.553191 0.400000
      vertex 12.936508 10.000000 0.400000
    endloop
  endfacet
  facet normal 0.000000 0.000000 -1.000000
    outer loop
      vertex 14.841270 10.000000 0.000000
      vertex 15.793651 12.553191 0.000000
      vertex 15.793651 10.000000 0.000000
    endloop
  endfacet
  facet normal 0.000000 0.000000 -1.000000
    outer loop
      vertex 14.841270 10.000000 0.000000
      vertex 14.841270 12.553191 0.000000
      vertex 15.793651 12.553191 0.000000
    endloop
  endfacet
  facet normal 0.000000 0.000000 1.000000
    outer loop
      vertex 14.841270 10.000000 0.400000
      vertex 15.793651 10.000000 0.400000
      vertex 15.793651 12.553191 0.400000
    endloop
  endfacet
  facet normal 0.000000 0.000000 1.000000
    outer loop
      vertex 14.841270 10.000000 0.400000
      vertex 15.793651 12.553191 0.400000
      vertex 14.841270 12.553191 0.400000
    endloop
  endfacet
  facet normal 0.000000 -1.000000 0.000000
    outer loop
      vertex 14.841270 10.000000 0.000000
      vertex 15.793651 10.000000 0.000000
      vertex 15.793651 10.000000 0.400000
    endloop
  endfacet
  facet normal 0.000000 -1.000000 0.000000
    outer loop
      vertex 14.841270 10.000000 0.000000
      vertex 15.793651 10.000000 0.400000
      vertex 14.841270 10.000000 0.400000
    endloop
  endfacet
  facet normal 0.000000 1.000000 0.000000
    outer loop
      vertex 14.841270 12.553191 0.000000
      vertex 15.793651 12.553191 0.400000
      vertex 15.793651 12.553191 0.000000
    endloop
  endfacet
  facet normal 0.000000 1.000000 0.000000
    outer loop
      vertex 14.841270 12.553191 0.000000
      vertex 14.841270 12.553191 0.400000
      vertex 15.793651 12.553191 0.400000
    endloop
  endfacet
  facet normal -1.000000 0.000000 0.000000
    outer loop
      vertex 14.841270 10.000000 0.000000
      vertex 14.841270 10.000000 0.400000
      vertex 14.841270 12.553191 0.400000
    endloop
  endfacet
  facet normal -1.000000 0.000000 0.000000
    outer loop
      vertex 14.841270 10.000000 0.000000
      vertex 14.841270 12.553191 0.400000
      vertex 14.841270 12.553191 0.000000
    endloop
  endfacet
  facet normal 1.000000 0.000000 0.000000
    outer loop
      vertex 15.793651 10.000000 0.000000
      vertex 15.793651 12.553191 0.000000
      vertex 15.793651 12.553191 0.400000
    endloop
  endfacet
  facet normal 1.000000 0.000000 0.000000
    outer loop
      vertex 15.793651 10.000000 0.000000
      vertex 15.793651 12.553191 0.400000
      vertex 15.793651 10.000000 0.400000
    endloop
  endfacet
  facet normal 0.000000 0.000000 -1.000000
    outer loop
      vertex 23.412698 10.000000 0.000000
      vertex 24.047619 12.553191 0.000000
      vertex 24.047619 10.000000 0.000000
    endloop
  endfacet
  facet normal 0.000000 0.000000 -1.000000
    outer loop
      vertex 23.412698 10.000000 0.000000
      vertex 23.412698 12.553191 0.000000
      vertex 24.047619 12.553191 0.000000
    endloop
  endfacet
  facet normal 0.000000 0.000000 1.000000
    outer loop
      vertex 23.412698 10.000000 0.400000
      vertex 24.047619 10.000000 0.400000
      vertex 24.047619 12.553191 0.400000
    endloop
  endfacet
  facet normal 0.000000 0.000000 1.000000
    outer loop
      vertex 23.412698 10.000000 0.400000
      vertex 24.047619 12.553191 0.400000
      vertex 23.412698 12.553191 0.400000
    endloop
  endfacet
  facet normal 0.000000 -1.000000 0.000000
    outer loop
      vertex 23.412698 10.000000 0.000000
      vertex 24.047619 10.000000 0.000000
      vertex 24.047619 10.000000 0.400000
    endloop
  endfacet
  facet normal 0.000000 -1.000000 0.000000
    outer loop
      vertex 23.412698 10.000000 0.000000
      vertex 24.047619 10.000000 0.400000
      vertex 23.412698 10.000000 0.400000
    endloop
  endfacet
  facet normal 0.000000 1.000000 0.000000
    outer loop
      vertex 23.412698 12.553191 0.000000
      vertex 24.047619 12.553191 0.400000
      vertex 24.047619 12.553191 0.000000
    endloop
  endfacet
  facet normal 0.000000 1.000000 0.000000
    outer loop
      vertex 23.412698 12.553191 0.000000
      vertex 23.412698 12.553191 0.400000
      vertex 24.047619 12.553191 0.400000
    endloop
  endfacet
  facet normal -1.000000 0.000000 0.000000
    outer loop
      vertex 23.412698 10.000000 0.000000
      vertex 23.412698 10.000000 0.400000
      vertex 23.412698 12.553191 0.400000
    endloop
  endfacet
  facet normal -1.000000 0.000000 0.000000
    outer loop
      vertex 23.412698 10.000000 0.000000
      vertex 23.412698 12.553191 0.400000
      vertex 23.412698 12.553191 0.000000
    endloop
  endfacet
  facet normal 1.000000 0.000000 0.000000
    outer loop
      vertex 24.047619 10.000000 0.000000
      vertex 24.047619 12.553191 0.000000
      vertex 24.047619 12.553191 0.400000
    endloop
  endfacet
  facet normal 1.000000 0.000000 0.000000
    outer loop
      vertex 24.047619 10.000000 0.000000
      vertex 24.047619 12.553191 0.400000
      vertex 24.047619 10.000000 0.400000
    endloop
  endfacet
  facet normal 0.000000 0.000000 -1.000000
    outer loop
      vertex 26.587302 10.000000 0.000000
      vertex 27.539683 12.553191 0.000000
      vertex 27.539683 10.000000 0.000000
    endloop
  endfacet
  facet normal 0.000000 0.000000 -1.000000
    outer loop
      vertex 26.587302 10.000000 0.000000
      vertex 26.587302 12.553191 0.000000
      vertex 27.539683 12.553191 0.000000
    endloop
  endfacet
  facet normal 0.000000 0.000000 1.000000
    outer loop
      vertex 26.587302 10.000000 0.400000
      vertex 27.539683 10.000000 0.400000
      vertex 27.539683 12.553191 0.400000
    endloop
  endfacet
  facet normal 0.000000 0.000000 1.000000
    outer loop
      vertex 26.587302 10.000000 0.400000
      vertex 27.539683 12.553191 0.400000
      vertex 26.587302 12.553191 0.400000
    endloop
  endfacet
  facet normal 0.000000 -1.000000 0.000000
    outer loop
      vertex 26.587302 10.000000 0.000000
      vertex 27.539683 10.000000 0.000000
      vertex 27.539683 10.000000 0.400000
    endloop
  endfacet
  facet normal 0.000000 -1.000000 0.000000
    outer loop
      vertex 26.587302 10.000000 0.000000
      vertex 27.539683 10.000000 0.400000
      vertex 26.587302 10.000000 0.400000
    endloop
  endfacet
  facet normal 0.000000 1.000000 0.000000
    outer loop
      vertex 26.587302 12.553191 0.000000
      vertex 27.539683 12.553191 0.400000
      vertex 27.539683 12.553191 0.000000
    endloop
  endfacet
  facet normal 0.000000 1.000000 0.000000
    outer loop
      vertex 26.587302 12.553191 0.000000
      vertex 26.587302 12.553191 0.400000
      vertex 27.539683 12.553191 0.400000
    endloop
  endfacet
  facet normal -1.000000 0.000000 0.000000
    outer loop
      vertex 26.587302 10.000000 0.000000
      vertex 26.587302 10.000000 0.400000
      vertex 26.587302 12.553191 0.400000
    endloop
  endfacet
  facet normal -1.000000 0.000000 0.000000
    outer loop
      vertex 26.587302 10.000000 0.000000
      vertex 26.587302 12.553191 0.400000
      vertex 26.587302 12.553191 0.000000
    endloop
  endfacet
  facet normal 1.000000 0.000000 0.000000
    outer loop
      vertex 27.539683 10.000000 0.000000
      vertex 27.539683 12.553191 0.000000
      vertex 27.539683 12.553191 0.400000
    endloop
  endfacet
  facet normal 1.000000 0.000000 0.000000
    outer loop
      vertex 27.539683 10.000000 0.000000
      vertex 27.539683 12.553191 0.400000
      vertex 27.539683 10.000000 0.400000
    endloop
  endfacet
  facet normal 0.000000 0.000000 -1.000000
    outer loop
      vertex 32.936508 10.000000 0.000000
      vertex 33.888889 12.553191 0.000000
      vertex 33.888889 10.000000 0.000000
    endloop
  endfacet
  facet normal 0.000000 0.000000 -1.000000
    outer loop
      vertex 32.936508 10.000000 0.000000
      vertex 32.936508 12.553191 0.000000
      vertex 33.888889 12.553191 0.000000
    endloop
  endfacet
  facet normal 0.000000 0.000000 1.000000
    outer loop
      vertex 32.936508 10.000000 0.400000
      vertex 33.888889 10.000000 0.400000
      vertex 33.888889 12.553191 0.400000
    endloop
  endfacet
  facet normal 0.000000 0.000000 1.000000
    outer loop
      vertex 32.936508 10.000000 0.400000
      vertex 33.888889 12.553191 0.400000
      vertex 32.936508 12.553191 0.400000
    endloop
  endfacet
  facet normal 0.000000 -1.000000 0.000000
    outer loop
      vertex 32.936508 10.000000 0.000000
      vertex 33.888889 10.000000 0.000000
      vertex 33.888889 10.000000 0.400000
    endloop
  endfacet
  facet normal 0.000000 -1.000000 0.000000
    outer loop
      vertex 32.936508 10.000000 0.000000
      vertex 33.888889 10.000000 0.400000
      vertex 32.936508 10.000000 0.400000
    endloop
  endfacet
  facet normal 0.000000 1.000000 0.000000
    outer loop
      vertex 32.936508 12.553191 0.000000
      vertex 33.888889 12.553191 0.400000
      vertex 33.888889 12.553191 0.000000
    endloop
  endfacet
  facet normal 0.000000 1.000000 0.000000
    outer loop
      vertex 32.936508 12.553191 0.000000
      vertex 32.936508 12.553191 0.400000
      vertex 33.888889 12.553191 0.400000
    endloop
  endfacet
  facet normal -1.000000 0.000000 0.000000
    outer loop
      vertex 32.936508 10.000000 0.000000
      vertex 32.936508 10.000000 0.400000
      vertex 32.936508 12.553191 0.400000
    endloop
  endfacet
  facet normal -1.000000 0.000000 0.000000
    outer loop
      vertex 32.936508 10.000000 0.000000
      vertex 32.936508 12.553191 0.400000
      vertex 32.936508 12.553191 0.000000
    endloop
  endfacet
  facet normal 1.000000 0.000000 0.000000
    outer loop
      vertex 33.888889 10.000000 0.000000
      vertex 33.888889 12.553191 0.000000
      vertex 33.888889 12.553191 0.400000
    endloop
  endfacet
  facet normal 1.000000 0.000000 0.000000
    outer loop
      vertex 33.888889 10.000000 0.000000
      vertex 33.888889 12.553191 0.400000
      vertex 33.888889 10.000000 0.400000
    endloop
  endfacet
  facet normal 0.000000 0.000000 -1.000000
    outer loop
      vertex 36.428571 10.000000 0.000000
      vertex 37.063492 12.553191 0.000000
      vertex 37.063492 10.000000 0.000000
    endloop
  endfacet
  facet normal 0.000000 0.000000 -1.000000
    outer loop
      vertex 36.428571 10.000000 0.000000
      vertex 36.428571 12.553191 0.000000
      vertex 37.063492 12.553191 0.000000
    endloop
  endfacet
  facet normal 0.000000 0.000000 1.000000
    outer loop
      vertex 36.428571 10.000000 0.400000
      vertex 37.063492 10.000000 0.400000
      vertex 37.063492 12.553191 0.400000
    endloop
  endfacet
  facet normal 0.000000 0.000000 1.000000
    outer loop
      vertex 36.428571 10.000000 0.400000
      vertex 37.063492 12.553191 0.400000
      vertex 36.428571 12.553191 0.400000
    endloop
  endfacet
  facet normal 0.000000 -1.000000 0.000000
    outer loop
      vertex 36.428571 10.000000 0.000000
      vertex 37.063492 10.000000 0.000000
      vertex 37.063492 10.000000 0.400000
    endloop
  endfacet
  facet normal 0.000000 -1.000000 0.000000
    outer loop
      vertex 36.428571 10.000000 0.000000
      vertex 37.063492 10.000000 0.400000
      vertex 36.428571 10.000000 0.400000
    endloop
  endfacet
  facet normal 0.000000 1.000000 0.000000
    outer loop
      vertex 36.428571 12.553191 0.000000
      vertex 37.063492 12.553191 0.400000
      vertex 37.063492 12.553191 0.000000
    endloop
  endfacet
  facet normal 0.000000 1.000000 0.000000
    outer loop
      vertex 36.428571 12.553191 0.000000
      vertex 36.428571 12.553191 0.400000
      vertex 37.063492 12.553191 0.400000
    endloop
  endfacet
  facet normal -1.000000 0.000000 0.000000
    outer loop
      vertex 36.428571 10.000000 0.000000
      vertex 36.428571 10.000000 0.400000
      vertex 36.428571 12.553191 0.400000
    endloop
  endfacet
  facet normal -1.000000 0.000000 0.000000
    outer loop
      vertex 36.428571 10.000000 0.000000
      vertex 36.428571 12.553191 0.400000
      vertex 36.428571 12.553191 0.000000
    endloop
  endfacet
  facet normal 1.000000 0.000000 0.000000
    outer loop
      vertex 37.063492 10.000000 0.000000
      vertex 37.063492 12.553191 0.000000
      vertex 37.063492 12.553191 0.400000
    endloop
  endfacet
  facet normal 1.000000 0.000000 0.000000
    outer loop
      vertex 37.063492 10.000000 0.000000
      vertex 37.063492 12.553191 0.400000
      vertex 37.063492 10.000000 0.400000
    endloop
  endfacet
  facet normal 0.000000 0.000000 -1.000000
    outer loop
      vertex 12.936508 10.000000 0.000000
      vertex 14.841270 12.234043 0.000000
      vertex 14.841270 10.000000 0.000000
    endloop
  endfacet
  facet normal 0.000000 0.000000 -1.000000
    outer loop
      vertex 12.936508 10.000000 0.000000
      vertex 12.936508 12.234043 0.000000
      vertex 14.841270 12.234043 0.000000
    endloop
  endfacet
  facet normal 0.000000 0.000000 1.000000
    outer loop
      vertex 12.936508 10.000000 0.400000
      vertex 14.841270 10.000000 0.400000
      vertex 14.841270 12.234043 0.400000
    endloop
  endfacet
  facet normal 0.000000 0.000000 1.000000
    outer loop
      vertex 12.936508 10.000000 0.400000
      vertex 14.841270 12.234043 0.400000
      vertex 12.936508 12.234043 0.400000
    endloop
  endfacet
  facet normal 0.000000 -1.000000 0.000000
    outer loop
      vertex 12.936508 10.000000 0.000000
      vertex 14.841270 10.000000 0.000000
      vertex 14.841270 10.000000 0.400000
    endloop
  endfacet
  facet normal 0.000000 -1.000000 0.000000
    outer loop
      vertex 12.936508 10.000000 0.000000
      vertex 14.841270 10.000000 0.400000
      vertex 12.936508 10.000000 0.400000
    endloop
  endfacet
  facet normal 0.000000 1.000000 0.000000
    outer loop
      vertex 12.936508 12.234043 0.000000
      vertex 14.841270 12.234043 0.400000
      vertex 14.841270 12.234043 0.000000
    endloop
  endfacet
  facet normal 0.000000 1.000000 0.000000
    outer loop
      vertex 12.936508 12.234043 0.000000
      vertex 12.936508 12.234043 0.400000
      vertex 14.841270 12.234043 0.400000
    endloop
  endfacet
  facet normal -1.000000 0.000000 0.000000
    outer loop
      vertex 12.936508 10.000000 0.000000
      vertex 12.936508 10.000000 0.400000
      vertex 12.936508 12.234043 0.400000
    endloop
  endfacet
  facet normal -1.000000 0.000000 0.000000
    outer loop
      vertex 12.936508 10.000000 0.000000
      vertex 12.936508 12.234043 0.400000
      vertex 12.936508 12.234043 0.000000
    endloop
  endfacet
  facet normal 1.000000 0.000000 0.000000
    outer loop
      vertex 14.841270 10.000000 0.000000
      vertex 14.841270 12.234043 0.000000
      vertex 14.841270 12.234043 0.400000
    endloop
  endfacet
  facet normal 1.000000 0.000000 0.000000
    outer loop
      vertex 14.841270 10.000000 0.000000
      vertex 14.841270 12.234043 0.400000
      vertex 14.841270 10.000000 0.400000
    endloop
  endfacet
  facet normal 0.000000 0.000000 -1.000000
    outer loop
      vertex 16.428571 10.000000 0.000000
      vertex 18.968254 12.234043 0.000000
      vertex 18.968254 10.000000 0.000000
    endloop
  endfacet
  facet normal 0.000000 0.000000 -1.000000
    outer loop
      vertex 16.428571 10.000000 0.000000
      vertex 16.428571 12.234043 0.000000
      vertex 18.968254 12.234043 0.000000
    endloop
  endfacet
  facet normal 0.000000 0.000000 1.000000
    outer loop
      vertex 16.428571 10.000000 0.400000
      vertex 18.968254 10.000000 0.400000
      vertex 18.968254 12.234043 0.400000
    endloop
  endfacet
  facet normal 0.000000 0.000000 1.000000
    outer loop
      vertex 16.428571 10.000000 0.400000
      vertex 18.968254 12.234043 0.400000
      vertex 16.428571 12.234043 0.400000
    endloop
  endfacet
  facet normal 0.000000 -1.000000 0.000000
    outer loop
      vertex 16.428571 10.000000 0.000000
      vertex 18.968254 10.000000 0.000000
      vertex 18.968254 10.000000 0.400000
    endloop
  endfacet
  facet normal 0.000000 -1.000000 0.000000
    outer loop
      vertex 16.428571 10.000000 0.000000
      vertex 18.968254 10.000000 0.400000
      vertex 16.428571 10.000000 0.400000
    endloop
  endfacet
  facet normal 0.000000 1.000000 0.000000
    outer loop
      vertex 16.428571 12.234043 0.000000
      vertex 18.968254 12.234043 0.400000
      vertex 18.968254 12.234043 0.000000
    endloop
  endfacet
  facet normal 0.000000 1.000000 0.000000
    outer loop
      vertex 16.428571 12.234043 0.000000
      vertex 16.428571 12.234043 0.400000
      vertex 18.968254 12.234043 0.400000
    endloop
  endfacet
  facet normal -1.000000 0.000000 0.000000
    outer loop
      vertex 16.428571 10.000000 0.000000
      vertex 16.428571 10.000000 0.400000
      vertex 16.428571 12.234043 0.400000
    endloop
  endfacet
  facet normal -1.000000 0.000000 0.000000
    outer loop
      vertex 16.428571 10.000000 0.000000
      vertex 16.428571 12.234043 0.400000
      vertex 16.428571 12.234043 0.000000
    endloop
  endfacet
  facet normal 1.000000 0.000000 0.000000
    outer loop
      vertex 18.968254 10.000000 0.000000
      vertex 18.968254 12.234043 0.000000
      vertex 18.968254 12.234043 0.400000
    endloop
  endfacet
  facet normal 1.000000 0.000000 0.000000
    outer loop
      vertex 18.968254 10.000000 0.000000
      vertex 18.968254 12.234043 0.400000
      vertex 18.968254 10.000000 0.400000
    endloop
  endfacet
  facet normal 0.000000 0.000000 -1.000000
    outer loop
      vertex 24.047619 10.000000 0.000000
      vertex 26.587302 12.234043 0.000000
      vertex 26.587302 10.000000 0.000000
    endloop
  endfacet
  facet normal 0.000000 0.000000 -1.000000
    outer loop
      vertex 24.047619 10.000000 0.000000
      vertex 24.047619 12.234043 0.000000
      vertex 26.587302 12.234043 0.000000
    endloop
  endfacet
  facet normal 0.000000 0.000000 1.000000
    outer loop
      vertex 24.047619 10.000000 0.400000
      vertex 26.587302 10.000000 0.400000
      vertex 26.587302 12.234043 0.400000
    endloop
  endfacet
  facet normal 0.000000 0.000000 1.000000
    outer loop
      vertex 24.047619 10.000000 0.400000
      vertex 26.587302 12.234043 0.400000
      vertex 24.047619 12.234043 0.400000
    endloop
  endfacet
  facet normal 0.000000 -1.000000 0.000000
    outer loop
      vertex 24.047619 10.000000 0.000000
      vertex 26.587302 10.000000 0.000000
      vertex 26.587302 10.000000 0.400000
    endloop
  endfacet
  facet normal 0.000000 -1.000000 0.000000
    outer loop
      vertex 24.047619 10.000000 0.000000
      vertex 26.587302 10.000000 0.400000
      vertex 24.047619 10.000000 0.400000
    endloop
  endfacet
  facet normal 0.000000 1.000000 0.000000
    outer loop
      vertex 24.047619 12.234043 0.000000
      vertex 26.587302 12.234043 0.400000
      vertex 26.587302 12.234043 0.000000
    endloop
  endfacet
  facet normal 0.000000 1.000000 0.000000
    outer loop
      vertex 24.047619 12.234043 0.000000
      vertex 24.047619 12.234043 0.400000
      vertex 26.587302 12.234043 0.400000
    endloop
  endfacet
  facet normal -1.000000 0.000000 0.000000
    outer loop
      vertex 24.047619 10.000000 0.000000
      vertex 24.047619 10.000000 0.400000
      vertex 24.047619 12.234043 0.400000
    endloop
  endfacet
  facet normal -1.000000 0.000000 0.000000
    outer loop
      vertex 24.047619 10.000000 0.000000
      vertex 24.047619 12.234043 0.400000
      vertex 24.047619 12.234043 0.000000
    endloop
  endfacet
  facet normal 1.000000 0.000000 0.000000
    outer loop
      vertex 26.587302 10.000000 0.000000
      vertex 26.587302 12.234043 0.000000
      vertex 26.587302 12.234043 0.400000
    endloop
  endfacet
  facet normal 1.000000 0.000000 0.000000
    outer loop
      vertex 26.587302 10.000000 0.000000
      vertex 26.587302 12.234043 0.400000
      vertex 26.587302 10.000000 0.400000
    endloop
  endfacet
  facet normal 0.000000 0.000000 -1.000000
    outer loop
      vertex 33.888889 10.000000 0.000000
      vertex 36.428571 12.234043 0.000000
      vertex 36.428571 10.000000 0.000000
    endloop
  endfacet
  facet normal 0.000000 0.000000 -1.000000
    outer loop
      vertex 33.888889 10.000000 0.000000
      vertex 33.888889 12.234043 0.000000
      vertex 36.428571 12.234043 0.000000
    endloop
  endfacet
  facet normal 0.000000 0.000000 1.000000
    outer loop
      vertex 33.888889 10.000000 0.400000
      vertex 36.428571 10.000000 0.400000
      vertex 36.428571 12.234043 0.400000
    endloop
  endfacet
  facet normal 0.000000 0.000000 1.000000
    outer loop
      vertex 33.888889 10.000000 0.400000
      vertex 36.428571 12.234043 0.400000
      vertex 33.888889 12.234043 0.400000
    endloop
  endfacet
  facet normal 0.000000 -1.000000 0.000000
    outer loop
      vertex 33.888889 10.000000 0.000000
      vertex 36.428571 10.000000 0.000000
      vertex 36.428571 10.000000 0.400000
    endloop
  endfacet
  facet normal 0.000000 -1.000000 0.000000
    outer loop
      vertex 33.888889 10.000000 0.000000
      vertex 36.428571 10.000000 0.400000
      vertex 33.888889 10.000000 0.400000
    endloop
  endfacet
  facet normal 0.000000 1.000000 0.000000
    outer loop
      vertex 33.888889 12.234043 0.000000
      vertex 36.428571 12.234043 0.400000
      vertex 36.428571 12.234043 0.000000
    endloop
  endfacet
  facet normal 0.000000 1.000000 0.000000
    outer loop
      vertex 33.888889 12.234043 0.000000
      vertex 33.888889 12.234043 0.400000
      vertex 36.428571 12.234043 0.400000
    endloop
  endfacet
  facet normal -1.000000 0.000000 0.000000
    outer loop
      vertex 33.888889 10.000000 0.000000
      vertex 33.888889 10.000000 0.400000
      vertex 33.888889 12.234043 0.400000
    endloop
  endfacet
  facet normal -1.000000 0.000000 0.000000
    outer loop
      vertex 33.888889 10.000000 0.000000
      vertex 33.888889 12.234043 0.400000
      vertex 33.888889 12.234043 0.000000
    endloop
  endfacet
  facet normal 1.000000 0.000000 0.000000
    outer loop
      vertex 36.428571 10.000000 0.000000
      vertex 36.428571 12.234043 0.000000
      vertex 36.428571 12.234043 0.400000
    endloop
  endfacet
  facet normal 1.000000 0.000000 0.000000
    outer loop
      vertex 36.428571 10.000000 0.000000
      vertex 36.428571 12.234043 0.400000
      vertex 36.428571 10.000000 0.400000
    endloop
  endfacet
endsolid fv_apriltag_plate_id310_base
