solid fv_apriltag_plate_id006_base
  facet normal 0.000000 0.000000 -1.000000
    outer loop
      vertex 0.000000 0.000000 0.400000
      vertex 50.000000 50.000000 0.400000
      vertex 50.000000 0.000000 0.400000
    endloop
  endfacet
  facet normal 0.000000 0.000000 -1.000000
    outer loop
      vertex 0.000000 0.000000 0.400000
      vertex 0.000000 50.000000 0.400000
      vertex 50.000000 50.000000 0.400000
    endloop
  endfacet
  facet normal 0.000000 0.000000 1.000000
    outer loop
      vertex 0.000000 0.000000 2.000000
      vertex 50.000000 0.000000 2.000000
      vertex 50.000000 50.000000 2.000000
    endloop
  endfacet
  facet normal 0.000000 0.000000 1.000000
    outer loop
      vertex 0.000000 0.000000 2.000000
      vertex 50.000000 50.000000 2.000000
      vertex 0.000000 50.000000 2.000000
    endloop
  endfacet
  facet normal 0.000000 -1.000000 0.000000
    outer loop
      vertex 0.000000 0.000000 0.400000
      vertex 50.000000 0.000000 0.400000
      vertex 50.000000 0.000000 2.000000
    endloop
  endfacet
  facet normal 0.000000 -1.000000 0.000000
    outer loop
      vertex 0.000000 0.000000 0.400000
      vertex 50.000000 0.000000 2.000000
      vertex 0.000000 0.000000 2.000000
    endloop
  endfacet
  facet normal 0.000000 1.000000 0.000000
    outer loop
      vertex 0.000000 50.000000 0.400000
      vertex 50.000000 50.000000 2.000000
      vertex 50.000000 50.000000 0.400000
    endloop
  endfacet
  facet normal 0.000000 1.000000 0.000000
    outer loop
      vertex 0.000000 50.000000 0.400000
      vertex 0.000000 50.000000 2.000000
      vertex 50.000000 50.000000 2.000000
    endloop
  endfacet
  facet normal -1.000000 0.000000 0.000000
    outer loop
      vertex 0.000000 0.000000 0.400000
      vertex 0.000000 0.000000 2.000000
      vertex 0.000000 50.000000 2.000000
    endloop
  endfacet
  facet normal -1.000000 0.000000 0.000000
    outer loop
      vertex 0.000000 0.000000 0.400000
      vertex 0.000000 50.000000 2.000000
      vertex 0.000000 50.000000 0.400000
    endloop
  endfacet
  facet normal 1.000000 0.000000 0.000000
    outer loop
      vertex 50.000000 0.000000 0.400000
      vertex 50.000000 50.000000 0.400000
      vertex 50.000000 50.000000 2.000000
    endloop
  endfacet
  facet normal 1.000000 0.000000 0.000000
    outer loop
      vertex 50.000000 0.000000 0.400000
      vertex 50.000000 50.000000 2.000000
      vertex 50.000000 0.000000 2.000000
    endloop
  endfacet
  facet normal 0.000000 0.000000 -1.000000
    outer loop
      vertex 0.000000 0.000000 0.000000
      vertex 50.000000 10.000000 0.000000
      vertex 50.000000 0.000000 0.000000
    endloop
  endfacet
  facet normal 0.000000 0.000000 -1.000000
    outer loop
      vertex 0.000000 0.000000 0.000000
      vertex 0.000000 10.000000 0.000000
      vertex 50.000000 10.000000 0.000000
    endloop
  endfacet
  facet normal 0.000000 0.000000 1.000000
    outer loop
      vertex 0.000000 0.000000 0.400000
      vertex 50.000000 0.000000 0.400000
      vertex 50.000000 10.000000 0.400000
    endloop
  endfacet
  facet normal 0.000000 0.000000 1.000000
    outer loop
      vertex 0.000000 0.000000 0.400000
      vertex 50.000000 10.000000 0.400000
      vertex 0.000000 10.000000 0.400000
    endloop
  endfacet
  facet normal 0.000000 -1.000000 0.000000
    outer loop
      vertex 0.000000 0.000000 0.000000
      vertex 50.000000 0.000000 0.000000
      vertex 50.000000 0.000000 0.400000
    endloop
  endfacet
  facet normal 0.000000 -1.000000 0.000000
    outer loop
      vertex 0.000000 0.000000 0.000000
      vertex 50.000000 0.000000 0.400000
      vertex 0.000000 0.000000 0.400000
    endloop
  endfacet
  facet normal 0.000000 1.000000 0.000000
    outer loop
      vertex 0.000000 10.000000 0.000000
      vertex 50.000000 10.000000 0.400000
      vertex 50.000000 10.000000 0.000000
    endloop
  endfacet
  facet normal 0.000000 1.000000 0.000000
    outer loop
      vertex 0.000000 10.000000 0.000000
      vertex 0.000000 10.000000 0.400000
      vertex 50.000000 10.000000 0.400000
    endloop
  endfacet
  facet normal -1.000000 0.000000 0.000000
    outer loop
      vertex 0.000000 0.000000 0.000000
      vertex 0.000000 0.000000 0.400000
      vertex 0.000000 10.000000 0.400000
    endloop
  endfacet
  facet normal -1.000000 0.000000 0.000000
    outer loop
      vertex 0.000000 0.000000 0.000000
      vertex 0.000000 10.000000 0.400000
      vertex 0.000000 10.000000 0.000000
    endloop
  endfacet
  facet normal 1.000000 0.000000 0.000000
    outer loop
      vertex 50.000000 0.000000 0.000000
      vertex 50.000000 10.000000 0.000000
      vertex 50.000000 10.000000 0.400000
    endloop
  endfacet
  facet normal 1.000000 0.000000 0.000000
    outer loop
      vertex 50.000000 0.000000 0.000000
      vertex 50.000000 10.000000 0.400000
      vertex 50.000000 0.000000 0.400000
    endloop
  endfacet
  facet normal 0.000000 0.000000 -1.000000
    outer loop
      vertex 0.000000 40.000000 0.000000
      vertex 50.000000 50.000000 0.000000
      vertex 50.000000 40.000000 0.000000
    endloop
  endfacet
  facet normal 0.000000 0.000000 -1.000000
    outer loop
      vertex 0.000000 40.000000 0.000000
      vertex 0.000000 50.000000 0.000000
      vertex 50.000000 50.000000 0.000000
    endloop
  endfacet
  facet normal 0.000000 0.000000 1.000000
    outer loop
      vertex 0.000000 40.000000 0.400000
      vertex 50.000000 40.000000 0.400000
      vertex 50.000000 50.000000 0.400000
    endloop
  endfacet
  facet normal 0.000000 0.000000 1.000000
    outer loop
      vertex 0.000000 40.000000 0.400000
      vertex 50.000000 50.000000 0.400000
      vertex 0.000000 50.000000 0.400000
    endloop
  endfacet
  facet normal 0.000000 -1.000000 0.000000
    outer loop
      vertex 0.000000 40.000000 0.000000
      vertex 50.000000 40.000000 0.000000
      vertex 50.000000 40.000000 0.400000
    endloop
  endfacet
  facet normal 0.000000 -1.000000 0.000000
    outer loop
      vertex 0.000000 40.000000 0.000000
      vertex 50.000000 40.000000 0.400000
      vertex 0.000000 40.000000 0.400000
    endloop
  endfacet
  facet normal 0.000000 1.000000 0.000000
    outer loop
      vertex 0.000000 50.000000 0.000000
      vertex 50.000000 50.000000 0.400000
      vertex 50.000000 50.000000 0.000000
    endloop
  endfacet
  facet normal 0.000000 1.000000 0.000000
    outer loop
      vertex 0.000000 50.000000 0.000000
      vertex 0.000000 50.000000 0.400000
      vertex 50.000000 50.000000 0.400000
    endloop
  endfacet
  facet normal -1.000000 0.000000 0.000000
    outer loop
      vertex 0.000000 40.000000 0.000000
      vertex 0.000000 40.000000 0.400000
      vertex 0.000000 50.000000 0.400000
    endloop
  endfacet
  facet normal -1.000000 0.000000 0.000000
    outer loop
      vertex 0.000000 40.000000 0.000000
      vertex 0.000000 50.000000 0.400000
      vertex 0.000000 50.000000 0.000000
    endloop
  endfacet
  facet normal 1.000000 0.000000 0.000000
    outer loop
      vertex 50.000000 40.000000 0.000000
      vertex 50.000000 50.000000 0.000000
      vertex 50.000000 50.000000 0.400000
    endloop
  endfacet
  facet normal 1.000000 0.000000 0.000000
    outer loop
      vertex 50.000000 40.000000 0.000000
      vertex 50.000000 50.000000 0.400000
      vertex 50.000000 40.000000 0.400000
    endloop
  endfacet
  facet normal 0.000000 0.000000 -1.000000
    outer loop
      vertex 0.000000 10.000000 0.000000
      vertex 5.000000 40.000000 0.000000
      vertex 5.000000 10.000000 0.000000
    endloop
  endfacet
  facet normal 0.000000 0.000000 -1.000000
    outer loop
      vertex 0.000000 10.000000 0.000000
      vertex 0.000000 40.000000 0.000000
      vertex 5.000000 40.000000 0.000000
    endloop
  endfacet
  facet normal 0.000000 0.000000 1.000000
    outer loop
      vertex 0.000000 10.000000 0.400000
      vertex 5.000000 10.000000 0.400000
      vertex 5.000000 40.000000 0.400000
    endloop
  endfacet
  facet normal 0.000000 0.000000 1.000000
    outer loop
      vertex 0.000000 10.000000 0.400000
      vertex 5.000000 40.000000 0.400000
      vertex 0.000000 40.000000 0.400000
    endloop
  endfacet
  facet normal 0.000000 -1.000000 0.000000
    outer loop
      vertex 0.000000 10.000000 0.000000
      vertex 5.000000 10.000000 0.000000
      vertex 5.000000 10.000000 0.400000
    endloop
  endfacet
  facet normal 0.000000 -1.000000 0.000000
    outer loop
      vertex 0.000000 10.000000 0.000000
      vertex 5.000000 10.000000 0.400000
      vertex 0.000000 10.000000 0.400000
    endloop
  endfacet
  facet normal 0.000000 1.000000 0.000000
    outer loop
      vertex 0.000000 40.000000 0.000000
      vertex 5.000000 40.000000 0.400000
      vertex 5.000000 40.000000 0.000000
    endloop
  endfacet
  facet normal 0.000000 1.000000 0.000000
    outer loop
      vertex 0.000000 40.000000 0.000000
      vertex 0.000000 40.000000 0.400000
      vertex 5.000000 40.000000 0.400000
    endloop
  endfacet
  facet normal -1.000000 0.000000 0.000000
    outer loop
      vertex 0.000000 10.000000 0.000000
      vertex 0.000000 10.000000 0.400000
      vertex 0.000000 40.000000 0.400000
    endloop
  endfacet
  facet normal -1.000000 0.000000 0.000000
    outer loop
      vertex 0.000000 10.000000 0.000000
      vertex 0.000000 40.000000 0.400000
      vertex 0.000000 40.000000 0.000000
    endloop
  endfacet
  facet normal 1.000000 0.000000 0.000000
    outer loop
      vertex 5.000000 10.000000 0.000000
      vertex 5.000000 40.000000 0.000000
      vertex 5.000000 40.000000 0.400000
    endloop
  endfacet
  facet normal 1.000000 0.000000 0.000000
    outer loop
      vertex 5.000000 10.000000 0.000000
      vertex 5.000000 40.000000 0.400000
      vertex 5.000000 10.000000 0.400000
    endloop
  endfacet
  facet normal 0.000000 0.000000 -1.000000
    outer loop
      vertex 45.000000 10.000000 0.000000
      vertex 50.000000 40.000000 0.000000
      vertex 50.000000 10.000000 0.000000
    endloop
  endfacet
  facet normal 0.000000 0.000000 -1.000000
    outer loop
      vertex 45.000000 10.000000 0.000000
      vertex 45.000000 40.000000 0.000000
      vertex 50.000000 40.000000 0.000000
    endloop
  endfacet
  facet normal 0.000000 0.000000 1.000000
    outer loop
      vertex 45.000000 10.000000 0.400000
      vertex 50.000000 10.000000 0.400000
      vertex 50.000000 40.000000 0.400000
    endloop
  endfacet
  facet normal 0.000000 0.000000 1.000000
    outer loop
      vertex 45.000000 10.000000 0.400000
      vertex 50.000000 40.000000 0.400000
      vertex 45.000000 40.000000 0.400000
    endloop
  endfacet
  facet normal 0.000000 -1.000000 0.000000
    outer loop
      vertex 45.000000 10.000000 0.000000
      vertex 50.000000 10.000000 0.000000
      vertex 50.000000 10.000000 0.400000
    endloop
  endfacet
  facet normal 0.000000 -1.000000 0.000000
    outer loop
      vertex 45.000000 10.000000 0.000000
      vertex 50.000000 10.000000 0.400000
      vertex 45.000000 10.000000 0.400000
    endloop
  endfacet
  facet normal 0.000000 1.000000 0.000000
    outer loop
      vertex 45.000000 40.000000 0.000000
      vertex 50.000000 40.000000 0.400000
      vertex 50.000000 40.000000 0.000000
    endloop
  endfacet
  facet normal 0.000000 1.000000 0.000000
    outer loop
      vertex 45.000000 40.000000 0.000000
      vertex 45.000000 40.000000 0.400000
      vertex 50.000000 40.000000 0.400000
    endloop
  endfacet
  facet normal -1.000000 0.000000 0.000000
    outer loop
      vertex 45.000000 10.000000 0.000000
      vertex 45.000000 10.000000 0.400000
      vertex 45.000000 40.000000 0.400000
    endloop
  endfacet
  facet normal -1.000000 0.000000 0.000000
    outer loop
      vertex 45.000000 10.000000 0.000000
      vertex 45.000000 40.000000 0.400000
      vertex 45.000000 40.000000 0.000000
    endloop
  endfacet
  facet normal 1.000000 0.000000 0.000000
    outer loop
      vertex 50.000000 10.000000 0.000000
      vertex 50.000000 40.000000 0.000000
      vertex 50.000000 40.000000 0.400000
    endloop
  endfacet
  facet normal 1.000000 0.000000 0.000000
    outer loop
      vertex 50.000000 10.000000 0.000000
      vertex 50.000000 40.000000 0.400000
      vertex 50.000000 10.000000 0.400000
    endloop
  endfacet
  facet normal 0.000000 0.000000 -1.000000
    outer loop
      vertex 5.000000 39.491525 0.000000
      vertex 45.000000 40.000000 0.000000
      vertex 45.000000 39.491525 0.000000
    endloop
  endfacet
  facet normal 0.000000 0.000000 -1.000000
    outer loop
      vertex 5.000000 39.491525 0.000000
      vertex 5.000000 40.000000 0.000000
      vertex 45.000000 40.000000 0.000000
    endloop
  endfacet
  facet normal 0.000000 0.000000 1.000000
    outer loop
      vertex 5.000000 39.491525 0.400000
      vertex 45.000000 39.491525 0.400000
      vertex 45.000000 40.000000 0.400000
    endloop
  endfacet
  facet normal 0.000000 0.000000 1.000000
    outer loop
      vertex 5.000000 39.491525 0.400000
      vertex 45.000000 40.000000 0.400000
      vertex 5.000000 40.000000 0.400000
    endloop
  endfacet
  facet normal 0.000000 -1.000000 0.000000
    outer loop
      vertex 5.000000 39.491525 0.000000
      vertex 45.000000 39.491525 0.000000
      vertex 45.000000 39.491525 0.400000
    endloop
  endfacet
  facet normal 0.000000 -1.000000 0.000000
    outer loop
      vertex 5.000000 39.491525 0.000000
      vertex 45.000000 39.491525 0.400000
      vertex 5.000000 39.491525 0.400000
    endloop
  endfacet
  facet normal 0.000000 1.000000 0.000000
    outer loop
      vertex 5.000000 40.000000 0.000000
      vertex 45.000000 40.000000 0.400000
      vertex 45.000000 40.000000 0.000000
    endloop
  endfacet
  facet normal 0.000000 1.000000 0.000000
    outer loop
      vertex 5.000000 40.000000 0.000000
      vertex 5.000000 40.000000 0.400000
      vertex 45.000000 40.000000 0.400000
    endloop
  endfacet
  facet normal -1.000000 0.000000 0.000000
    outer loop
      vertex 5.000000 39.491525 0.000000
      vertex 5.000000 39.491525 0.400000
      vertex 5.000000 40.000000 0.400000
    endloop
  endfacet
  facet normal -1.000000 0.000000 0.000000
    outer loop
      vertex 5.000000 39.491525 0.000000
      vertex 5.000000 40.000000 0.400000
      vertex 5.000000 40.000000 0.000000
    endloop
  endfacet
  facet normal 1.000000 0.000000 0.000000
    outer loop
      vertex 45.000000 39.491525 0.000000
      vertex 45.000000 40.000000 0.000000
      vertex 45.000000 40.000000 0.400000
    endloop
  endfacet
  facet normal 1.000000 0.000000 0.000000
    outer loop
      vertex 45.000000 39.491525 0.000000
      vertex 45.000000 40.000000 0.400000
      vertex 45.000000 39.491525 0.400000
    endloop
  endfacet
  facet normal 0.000000 0.000000 -1.000000
    outer loop
      vertex 5.000000 38.983051 0.000000
      vertex 45.000000 39.491525 0.000000
      vertex 45.000000 38.983051 0.000000
    endloop
  endfacet
  facet normal 0.000000 0.000000 -1.000000
    outer loop
      vertex 5.000000 38.983051 0.000000
      vertex 5.000000 39.491525 0.000000
      vertex 45.000000 39.491525 0.000000
    endloop
  endfacet
  facet normal 0.000000 0.000000 1.000000
    outer loop
      vertex 5.000000 38.983051 0.400000
      vertex 45.000000 38.983051 0.400000
      vertex 45.000000 39.491525 0.400000
    endloop
  endfacet
  facet normal 0.000000 0.000000 1.000000
    outer loop
      vertex 5.000000 38.983051 0.400000
      vertex 45.000000 39.491525 0.400000
      vertex 5.000000 39.491525 0.400000
    endloop
  endfacet
  facet normal 0.000000 -1.000000 0.000000
    outer loop
      vertex 5.000000 38.983051 0.000000
      vertex 45.000000 38.983051 0.000000
      vertex 45.000000 38.983051 0.400000
    endloop
  endfacet
  facet normal 0.000000 -1.000000 0.000000
    outer loop
      vertex 5.000000 38.983051 0.000000
      vertex 45.000000 38.983051 0.400000
      vertex 5.000000 38.983051 0.400000
    endloop
  endfacet
  facet normal 0.000000 1.000000 0.000000
    outer loop
      vertex 5.000000 39.491525 0.000000
      vertex 45.000000 39.491525 0.400000
      vertex 45.000000 39.491525 0.000000
    endloop
  endfacet
  facet normal 0.000000 1.000000 0.000000
    outer loop
      vertex 5.000000 39.491525 0.000000
      vertex 5.000000 39.491525 0.400000
      vertex 45.000000 39.491525 0.400000
    endloop
  endfacet
  facet normal -1.000000 0.000000 0.000000
    outer loop
      vertex 5.000000 38.983051 0.000000
      vertex 5.000000 38.983051 0.400000
      vertex 5.000000 39.491525 0.400000
    endloop
  endfacet
  facet normal -1.000000 0.000000 0.000000
    outer loop
      vertex 5.000000 38.983051 0.000000
      vertex 5.000000 39.491525 0.400000
      vertex 5.000000 39.491525 0.000000
    endloop
  endfacet
  facet normal 1.000000 0.000000 0.000000
    outer loop
      vertex 45.000000 38.983051 0.000000
      vertex 45.000000 39.491525 0.000000
      vertex 45.000000 39.491525 0.400000
    endloop
  endfacet
  facet normal 1.000000 0.000000 0.000000
    outer loop
      vertex 45.000000 38.983051 0.000000
      vertex 45.000000 39.491525 0.400000
      vertex 45.000000 38.983051 0.400000
    endloop
  endfacet
  facet normal 0.000000 0.000000 -1.000000
    outer loop
      vertex 5.000000 38.474576 0.000000
      vertex 45.000000 38.983051 0.000000
      vertex 45.000000 38.474576 0.000000
    endloop
  endfacet
  facet normal 0.000000 0.000000 -1.000000
    outer loop
      vertex 5.000000 38.474576 0.000000
      vertex 5.000000 38.983051 0.000000
      vertex 45.000000 38.983051 0.000000
    endloop
  endfacet
  facet normal 0.000000 0.000000 1.000000
    outer loop
      vertex 5.000000 38.474576 0.400000
      vertex 45.000000 38.474576 0.400000
      vertex 45.000000 38.983051 0.400000
    endloop
  endfacet
  facet normal 0.000000 0.000000 1.000000
    outer loop
      vertex 5.000000 38.474576 0.400000
      vertex 45.000000 38.983051 0.400000
      vertex 5.000000 38.983051 0.400000
    endloop
  endfacet
  facet normal 0.000000 -1.000000 0.000000
    outer loop
      vertex 5.000000 38.474576 0.000000
      vertex 45.000000 38.474576 0.000000
      vertex 45.000000 38.474576 0.400000
    endloop
  endfacet
  facet normal 0.000000 -1.000000 0.000000
    outer loop
      vertex 5.000000 38.474576 0.000000
      vertex 45.000000 38.474576 0.400000
      vertex 5.000000 38.474576 0.400000
    endloop
  endfacet
  facet normal 0.000000 1.000000 0.000000
    outer loop
      vertex 5.000000 38.983051 0.000000
      vertex 45.000000 38.983051 0.400000
      vertex 45.000000 38.983051 0.000000
    endloop
  endfacet
  facet normal 0.000000 1.000000 0.000000
    outer loop
      vertex 5.000000 38.983051 0.000000
      vertex 5.000000 38.983051 0.400000
      vertex 45.000000 38.983051 0.400000
    endloop
  endfacet
  facet normal -1.000000 0.000000 0.000000
    outer loop
      vertex 5.000000 38.474576 0.000000
      vertex 5.000000 38.474576 0.400000
      vertex 5.000000 38.983051 0.400000
    endloop
  endfacet
  facet normal -1.000000 0.000000 0.000000
    outer loop
      vertex 5.000000 38.474576 0.000000
      vertex 5.000000 38.983051 0.400000
      vertex 5.000000 38.983051 0.000000
    endloop
  endfacet
  facet normal 1.000000 0.000000 0.000000
    outer loop
      vertex 45.000000 38.474576 0.000000
      vertex 45.000000 38.983051 0.000000
      vertex 45.000000 38.983051 0.400000
    endloop
  endfacet
  facet normal 1.000000 0.000000 0.000000
    outer loop
      vertex 45.000000 38.474576 0.000000
      vertex 45.000000 38.983051 0.400000
      vertex 45.000000 38.474576 0.400000
    endloop
  endfacet
  facet normal 0.000000 0.000000 -1.000000
    outer loop
      vertex 5.000000 37.966102 0.000000
      vertex 45.000000 38.474576 0.000000
      vertex 45.000000 37.966102 0.000000
    endloop
  endfacet
  facet normal 0.000000 0.000000 -1.000000
    outer loop
      vertex 5.000000 37.966102 0.000000
      vertex 5.000000 38.474576 0.000000
      vertex 45.000000 38.474576 0.000000
    endloop
  endfacet
  facet normal 0.000000 0.000000 1.000000
    outer loop
      vertex 5.000000 37.966102 0.400000
      vertex 45.000000 37.966102 0.400000
      vertex 45.000000 38.474576 0.400000
    endloop
  endfacet
  facet normal 0.000000 0.000000 1.000000
    outer loop
      vertex 5.000000 37.966102 0.400000
      vertex 45.000000 38.474576 0.400000
      vertex 5.000000 38.474576 0.400000
    endloop
  endfacet
  facet normal 0.000000 -1.000000 0.000000
    outer loop
      vertex 5.000000 37.966102 0.000000
      vertex 45.000000 37.966102 0.000000
      vertex 45.000000 37.966102 0.400000
    endloop
  endfacet
  facet normal 0.000000 -1.000000 0.000000
    outer loop
      vertex 5.000000 37.966102 0.000000
      vertex 45.000000 37.966102 0.400000
      vertex 5.000000 37.966102 0.400000
    endloop
  endfacet
  facet normal 0.000000 1.000000 0.000000
    outer loop
      vertex 5.000000 38.474576 0.000000
      vertex 45.000000 38.474576 0.400000
      vertex 45.000000 38.474576 0.000000
    endloop
  endfacet
  facet normal 0.000000 1.000000 0.000000
    outer loop
      vertex 5.000000 38.474576 0.000000
      vertex 5.000000 38.474576 0.400000
      vertex 45.000000 38.474576 0.400000
    endloop
  endfacet
  facet normal -1.000000 0.000000 0.000000
    outer loop
      vertex 5.000000 37.966102 0.000000
      vertex 5.000000 37.966102 0.400000
      vertex 5.000000 38.474576 0.400000
    endloop
  endfacet
  facet normal -1.000000 0.000000 0.000000
    outer loop
      vertex 5.000000 37.966102 0.000000
      vertex 5.000000 38.474576 0.400000
      vertex 5.000000 38.474576 0.000000
    endloop
  endfacet
  facet normal 1.000000 0.000000 0.000000
    outer loop
      vertex 45.000000 37.966102 0.000000
      vertex 45.000000 38.474576 0.000000
      vertex 45.000000 38.474576 0.400000
    endloop
  endfacet
  facet normal 1.000000 0.000000 0.000000
    outer loop
      vertex 45.000000 37.966102 0.000000
      vertex 45.000000 38.474576 0.400000
      vertex 45.000000 37.966102 0.400000
    endloop
  endfacet
  facet normal 0.000000 0.000000 -1.000000
    outer loop
      vertex 5.000000 37.457627 0.000000
      vertex 45.000000 37.966102 0.000000
      vertex 45.000000 37.457627 0.000000
    endloop
  endfacet
  facet normal 0.000000 0.000000 -1.000000
    outer loop
      vertex 5.000000 37.457627 0.000000
      vertex 5.000000 37.966102 0.000000
      vertex 45.000000 37.966102 0.000000
    endloop
  endfacet
  facet normal 0.000000 0.000000 1.000000
    outer loop
      vertex 5.000000 37.457627 0.400000
      vertex 45.000000 37.457627 0.400000
      vertex 45.000000 37.966102 0.400000
    endloop
  endfacet
  facet normal 0.000000 0.000000 1.000000
    outer loop
      vertex 5.000000 37.457627 0.400000
      vertex 45.000000 37.966102 0.400000
      vertex 5.000000 37.966102 0.400000
    endloop
  endfacet
  facet normal 0.000000 -1.000000 0.000000
    outer loop
      vertex 5.000000 37.457627 0.000000
      vertex 45.000000 37.457627 0.000000
      vertex 45.000000 37.457627 0.400000
    endloop
  endfacet
  facet normal 0.000000 -1.000000 0.000000
    outer loop
      vertex 5.000000 37.457627 0.000000
      vertex 45.000000 37.457627 0.400000
      vertex 5.000000 37.457627 0.400000
    endloop
  endfacet
  facet normal 0.000000 1.000000 0.000000
    outer loop
      vertex 5.000000 37.966102 0.000000
      vertex 45.000000 37.966102 0.400000
      vertex 45.000000 37.966102 0.000000
    endloop
  endfacet
  facet normal 0.000000 1.000000 0.000000
    outer loop
      vertex 5.000000 37.966102 0.000000
      vertex 5.000000 37.966102 0.400000
      vertex 45.000000 37.966102 0.400000
    endloop
  endfacet
  facet normal -1.000000 0.000000 0.000000
    outer loop
      vertex 5.000000 37.457627 0.000000
      vertex 5.000000 37.457627 0.400000
      vertex 5.000000 37.966102 0.400000
    endloop
  endfacet
  facet normal -1.000000 0.000000 0.000000
    outer loop
      vertex 5.000000 37.457627 0.000000
      vertex 5.000000 37.966102 0.400000
      vertex 5.000000 37.966102 0.000000
    endloop
  endfacet
  facet normal 1.000000 0.000000 0.000000
    outer loop
      vertex 45.000000 37.457627 0.000000
      vertex 45.000000 37.966102 0.000000
      vertex 45.000000 37.966102 0.400000
    endloop
  endfacet
  facet normal 1.000000 0.000000 0.000000
    outer loop
      vertex 45.000000 37.457627 0.000000
      vertex 45.000000 37.966102 0.400000
      vertex 45.000000 37.457627 0.400000
    endloop
  endfacet
  facet normal 0.000000 0.000000 -1.000000
    outer loop
      vertex 5.000000 36.949153 0.000000
      vertex 45.000000 37.457627 0.000000
      vertex 45.000000 36.949153 0.000000
    endloop
  endfacet
  facet normal 0.000000 0.000000 -1.000000
    outer loop
      vertex 5.000000 36.949153 0.000000
      vertex 5.000000 37.457627 0.000000
      vertex 45.000000 37.457627 0.000000
    endloop
  endfacet
  facet normal 0.000000 0.000000 1.000000
    outer loop
      vertex 5.000000 36.949153 0.400000
      vertex 45.000000 36.949153 0.400000
      vertex 45.000000 37.457627 0.400000
    endloop
  endfacet
  facet normal 0.000000 0.000000 1.000000
    outer loop
      vertex 5.000000 36.949153 0.400000
      vertex 45.000000 37.457627 0.400000
      vertex 5.000000 37.457627 0.400000
    endloop
  endfacet
  facet normal 0.000000 -1.000000 0.000000
    outer loop
      vertex 5.000000 36.949153 0.000000
      vertex 45.000000 36.949153 0.000000
      vertex 45.000000 36.949153 0.400000
    endloop
  endfacet
  facet normal 0.000000 -1.000000 0.000000
    outer loop
      vertex 5.000000 36.949153 0.000000
      vertex 45.000000 36.949153 0.400000
      vertex 5.000000 36.949153 0.400000
    endloop
  endfacet
  facet normal 0.000000 1.000000 0.000000
    outer loop
      vertex 5.000000 37.457627 0.000000
      vertex 45.000000 37.457627 0.400000
      vertex 45.000000 37.457627 0.000000
    endloop
  endfacet
  facet normal 0.000000 1.000000 0.000000
    outer loop
      vertex 5.000000 37.457627 0.000000
      vertex 5.000000 37.457627 0.400000
      vertex 45.000000 37.457627 0.400000
    endloop
  endfacet
  facet normal -1.000000 0.000000 0.000000
    outer loop
      vertex 5.000000 36.949153 0.000000
      vertex 5.000000 36.949153 0.400000
      vertex 5.000000 37.457627 0.400000
    endloop
  endfacet
  facet normal -1.000000 0.000000 0.000000
    outer loop
      vertex 5.000000 36.949153 0.000000
      vertex 5.000000 37.457627 0.400000
      vertex 5.000000 37.457627 0.000000
    endloop
  endfacet
  facet normal 1.000000 0.000000 0.000000
    outer loop
      vertex 45.000000 36.949153 0.000000
      vertex 45.000000 37.457627 0.000000
      vertex 45.000000 37.457627 0.400000
    endloop
  endfacet
  facet normal 1.000000 0.000000 0.000000
    outer loop
      vertex 45.000000 36.949153 0.000000
      vertex 45.000000 37.457627 0.400000
      vertex 45.000000 36.949153 0.400000
    endloop
  endfacet
  facet normal 0.000000 0.000000 -1.000000
    outer loop
      vertex 5.000000 36.440678 0.000000
      vertex 45.000000 36.949153 0.000000
      vertex 45.000000 36.440678 0.000000
    endloop
  endfacet
  facet normal 0.000000 0.000000 -1.000000
    outer loop
      vertex 5.000000 36.440678 0.000000
      vertex 5.000000 36.949153 0.000000
      vertex 45.000000 36.949153 0.000000
    endloop
  endfacet
  facet normal 0.000000 0.000000 1.000000
    outer loop
      vertex 5.000000 36.440678 0.400000
      vertex 45.000000 36.440678 0.400000
      vertex 45.000000 36.949153 0.400000
    endloop
  endfacet
  facet normal 0.000000 0.000000 1.000000
    outer loop
      vertex 5.000000 36.440678 0.400000
      vertex 45.000000 36.949153 0.400000
      vertex 5.000000 36.949153 0.400000
    endloop
  endfacet
  facet normal 0.000000 -1.000000 0.000000
    outer loop
      vertex 5.000000 36.440678 0.000000
      vertex 45.000000 36.440678 0.000000
      vertex 45.000000 36.440678 0.400000
    endloop
  endfacet
  facet normal 0.000000 -1.000000 0.000000
    outer loop
      vertex 5.000000 36.440678 0.000000
      vertex 45.000000 36.440678 0.400000
      vertex 5.000000 36.440678 0.400000
    endloop
  endfacet
  facet normal 0.000000 1.000000 0.000000
    outer loop
      vertex 5.000000 36.949153 0.000000
      vertex 45.000000 36.949153 0.400000
      vertex 45.000000 36.949153 0.000000
    endloop
  endfacet
  facet normal 0.000000 1.000000 0.000000
    outer loop
      vertex 5.000000 36.949153 0.000000
      vertex 5.000000 36.949153 0.400000
      vertex 45.000000 36.949153 0.400000
    endloop
  endfacet
  facet normal -1.000000 0.000000 0.000000
    outer loop
      vertex 5.000000 36.440678 0.000000
      vertex 5.000000 36.440678 0.400000
      vertex 5.000000 36.949153 0.400000
    endloop
  endfacet
  facet normal -1.000000 0.000000 0.000000
    outer loop
      vertex 5.000000 36.440678 0.000000
      vertex 5.000000 36.949153 0.400000
      vertex 5.000000 36.949153 0.000000
    endloop
  endfacet
  facet normal 1.000000 0.000000 0.000000
    outer loop
      vertex 45.000000 36.440678 0.000000
      vertex 45.000000 36.949153 0.000000
      vertex 45.000000 36.949153 0.400000
    endloop
  endfacet
  facet normal 1.000000 0.000000 0.000000
    outer loop
      vertex 45.000000 36.440678 0.000000
      vertex 45.000000 36.949153 0.400000
      vertex 45.000000 36.440678 0.400000
    endloop
  endfacet
  facet normal 0.000000 0.000000 -1.000000
    outer loop
      vertex 5.000000 35.932203 0.000000
      vertex 45.000000 36.440678 0.000000
      vertex 45.000000 35.932203 0.000000
    endloop
  endfacet
  facet normal 0.000000 0.000000 -1.000000
    outer loop
      vertex 5.000000 35.932203 0.000000
      vertex 5.000000 36.440678 0.000000
      vertex 45.000000 36.440678 0.000000
    endloop
  endfacet
  facet normal 0.000000 0.000000 1.000000
    outer loop
      vertex 5.000000 35.932203 0.400000
      vertex 45.000000 35.932203 0.400000
      vertex 45.000000 36.440678 0.400000
    endloop
  endfacet
  facet normal 0.000000 0.000000 1.000000
    outer loop
      vertex 5.000000 35.932203 0.400000
      vertex 45.000000 36.440678 0.400000
      vertex 5.000000 36.440678 0.400000
    endloop
  endfacet
  facet normal 0.000000 -1.000000 0.000000
    outer loop
      vertex 5.000000 35.932203 0.000000
      vertex 45.000000 35.932203 0.000000
      vertex 45.000000 35.932203 0.400000
    endloop
  endfacet
  facet normal 0.000000 -1.000000 0.000000
    outer loop
      vertex 5.000000 35.932203 0.000000
      vertex 45.000000 35.932203 0.400000
      vertex 5.000000 35.932203 0.400000
    endloop
  endfacet
  facet normal 0.000000 1.000000 0.000000
    outer loop
      vertex 5.000000 36.440678 0.000000
      vertex 45.000000 36.440678 0.400000
      vertex 45.000000 36.440678 0.000000
    endloop
  endfacet
  facet normal 0.000000 1.000000 0.000000
    outer loop
      vertex 5.000000 36.440678 0.000000
      vertex 5.000000 36.440678 0.400000
      vertex 45.000000 36.440678 0.400000
    endloop
  endfacet
  facet normal -1.000000 0.000000 0.000000
    outer loop
      vertex 5.000000 35.932203 0.000000
      vertex 5.000000 35.932203 0.400000
      vertex 5.000000 36.440678 0.400000
    endloop
  endfacet
  facet normal -1.000000 0.000000 0.000000
    outer loop
      vertex 5.000000 35.932203 0.000000
      vertex 5.000000 36.440678 0.400000
      vertex 5.000000 36.440678 0.000000
    endloop
  endfacet
  facet normal 1.000000 0.000000 0.000000
    outer loop
      vertex 45.000000 35.932203 0.000000
      vertex 45.000000 36.440678 0.000000
      vertex 45.000000 36.440678 0.400000
    endloop
  endfacet
  facet normal 1.000000 0.000000 0.000000
    outer loop
      vertex 45.000000 35.932203 0.000000
      vertex 45.000000 36.440678 0.400000
      vertex 45.000000 35.932203 0.400000
    endloop
  endfacet
  facet normal 0.000000 0.000000 -1.000000
    outer loop
      vertex 5.000000 35.423729 0.000000
      vertex 45.000000 35.932203 0.000000
      vertex 45.000000 35.423729 0.000000
    endloop
  endfacet
  facet normal 0.000000 0.000000 -1.000000
    outer loop
      vertex 5.000000 35.423729 0.000000
      vertex 5.000000 35.932203 0.000000
      vertex 45.000000 35.932203 0.000000
    endloop
  endfacet
  facet normal 0.000000 0.000000 1.000000
    outer loop
      vertex 5.000000 35.423729 0.400000
      vertex 45.000000 35.423729 0.400000
      vertex 45.000000 35.932203 0.400000
    endloop
  endfacet
  facet normal 0.000000 0.000000 1.000000
    outer loop
      vertex 5.000000 35.423729 0.400000
      vertex 45.000000 35.932203 0.400000
      vertex 5.000000 35.932203 0.400000
    endloop
  endfacet
  facet normal 0.000000 -1.000000 0.000000
    outer loop
      vertex 5.000000 35.423729 0.000000
      vertex 45.000000 35.423729 0.000000
      vertex 45.000000 35.423729 0.400000
    endloop
  endfacet
  facet normal 0.000000 -1.000000 0.000000
    outer loop
      vertex 5.000000 35.423729 0.000000
      vertex 45.000000 35.423729 0.400000
      vertex 5.000000 35.423729 0.400000
    endloop
  endfacet
  facet normal 0.000000 1.000000 0.000000
    outer loop
      vertex 5.000000 35.932203 0.000000
      vertex 45.000000 35.932203 0.400000
      vertex 45.000000 35.932203 0.000000
    endloop
  endfacet
  facet normal 0.000000 1.000000 0.000000
    outer loop
      vertex 5.000000 35.932203 0.000000
      vertex 5.000000 35.932203 0.400000
      vertex 45.000000 35.932203 0.400000
    endloop
  endfacet
  facet normal -1.000000 0.000000 0.000000
    outer loop
      vertex 5.000000 35.423729 0.000000
      vertex 5.000000 35.423729 0.400000
      vertex 5.000000 35.932203 0.400000
    endloop
  endfacet
  facet normal -1.000000 0.000000 0.000000
    outer loop
      vertex 5.000000 35.423729 0.000000
      vertex 5.000000 35.932203 0.400000
      vertex 5.000000 35.932203 0.000000
    endloop
  endfacet
  facet normal 1.000000 0.000000 0.000000
    outer loop
      vertex 45.000000 35.423729 0.000000
      vertex 45.000000 35.932203 0.000000
      vertex 45.000000 35.932203 0.400000
    endloop
  endfacet
  facet normal 1.000000 0.000000 0.000000
    outer loop
      vertex 45.000000 35.423729 0.000000
      vertex 45.000000 35.932203 0.400000
      vertex 45.000000 35.423729 0.400000
    endloop
  endfacet
  facet normal 0.000000 0.000000 -1.000000
    outer loop
      vertex 5.000000 34.915254 0.000000
      vertex 7.025316 35.423729 0.000000
      vertex 7.025316 34.915254 0.000000
    endloop
  endfacet
  facet normal 0.000000 0.000000 -1.000000
    outer loop
      vertex 5.000000 34.915254 0.000000
      vertex 5.000000 35.423729 0.000000
      vertex 7.025316 35.423729 0.000000
    endloop
  endfacet
  facet normal 0.000000 0.000000 1.000000
    outer loop
      vertex 5.000000 34.915254 0.400000
      vertex 7.025316 34.915254 0.400000
      vertex 7.025316 35.423729 0.400000
    endloop
  endfacet
  facet normal 0.000000 0.000000 1.000000
    outer loop
      vertex 5.000000 34.915254 0.400000
      vertex 7.025316 35.423729 0.400000
      vertex 5.000000 35.423729 0.400000
    endloop
  endfacet
  facet normal 0.000000 -1.000000 0.000000
    outer loop
      vertex 5.000000 34.915254 0.000000
      vertex 7.025316 34.915254 0.000000
      vertex 7.025316 34.915254 0.400000
    endloop
  endfacet
  facet normal 0.000000 -1.000000 0.000000
    outer loop
      vertex 5.000000 34.915254 0.000000
      vertex 7.025316 34.915254 0.400000
      vertex 5.000000 34.915254 0.400000
    endloop
  endfacet
  facet normal 0.000000 1.000000 0.000000
    outer loop
      vertex 5.000000 35.423729 0.000000
      vertex 7.025316 35.423729 0.400000
      vertex 7.025316 35.423729 0.000000
    endloop
  endfacet
  facet normal 0.000000 1.000000 0.000000
    outer loop
      vertex 5.000000 35.423729 0.000000
      vertex 5.000000 35.423729 0.400000
      vertex 7.025316 35.423729 0.400000
    endloop
  endfacet
  facet normal -1.000000 0.000000 0.000000
    outer loop
      vertex 5.000000 34.915254 0.000000
      vertex 5.000000 34.915254 0.400000
      vertex 5.000000 35.423729 0.400000
    endloop
  endfacet
  facet normal -1.000000 0.000000 0.000000
    outer loop
      vertex 5.000000 34.915254 0.000000
      vertex 5.000000 35.423729 0.400000
      vertex 5.000000 35.423729 0.000000
    endloop
  endfacet
  facet normal 1.000000 0.000000 0.000000
    outer loop
      vertex 7.025316 34.915254 0.000000
      vertex 7.025316 35.423729 0.000000
      vertex 7.025316 35.423729 0.400000
    endloop
  endfacet
  facet normal 1.000000 0.000000 0.000000
    outer loop
      vertex 7.025316 34.915254 0.000000
      vertex 7.025316 35.423729 0.400000
      vertex 7.025316 34.915254 0.400000
    endloop
  endfacet
  facet normal 0.000000 0.000000 -1.000000
    outer loop
      vertex 9.050633 34.915254 0.000000
      vertex 11.582278 35.423729 0.000000
      vertex 11.582278 34.915254 0.000000
    endloop
  endfacet
  facet normal 0.000000 0.000000 -1.000000
    outer loop
      vertex 9.050633 34.915254 0.000000
      vertex 9.050633 35.423729 0.000000
      vertex 11.582278 35.423729 0.000000
    endloop
  endfacet
  facet normal 0.000000 0.000000 1.000000
    outer loop
      vertex 9.050633 34.915254 0.400000
      vertex 11.582278 34.915254 0.400000
      vertex 11.582278 35.423729 0.400000
    endloop
  endfacet
  facet normal 0.000000 0.000000 1.000000
    outer loop
      vertex 9.050633 34.915254 0.400000
      vertex 11.582278 35.423729 0.400000
      vertex 9.050633 35.423729 0.400000
    endloop
  endfacet
  facet normal 0.000000 -1.000000 0.000000
    outer loop
      vertex 9.050633 34.915254 0.000000
      vertex 11.582278 34.915254 0.000000
      vertex 11.582278 34.915254 0.400000
    endloop
  endfacet
  facet normal 0.000000 -1.000000 0.000000
    outer loop
      vertex 9.050633 34.915254 0.000000
      vertex 11.582278 34.915254 0.400000
      vertex 9.050633 34.915254 0.400000
    endloop
  endfacet
  facet normal 0.000000 1.000000 0.000000
    outer loop
      vertex 9.050633 35.423729 0.000000
      vertex 11.582278 35.423729 0.400000
      vertex 11.582278 35.423729 0.000000
    endloop
  endfacet
  facet normal 0.000000 1.000000 0.000000
    outer loop
      vertex 9.050633 35.423729 0.000000
      vertex 9.050633 35.423729 0.400000
      vertex 11.582278 35.423729 0.400000
    endloop
  endfacet
  facet normal -1.000000 0.000000 0.000000
    outer loop
      vertex 9.050633 34.915254 0.000000
      vertex 9.050633 34.915254 0.400000
      vertex 9.050633 35.423729 0.400000
    endloop
  endfacet
  facet normal -1.000000 0.000000 0.000000
    outer loop
      vertex 9.050633 34.915254 0.000000
      vertex 9.050633 35.423729 0.400000
      vertex 9.050633 35.423729 0.000000
    endloop
  endfacet
  facet normal 1.000000 0.000000 0.000000
    outer loop
      vertex 11.582278 34.915254 0.000000
      vertex 11.582278 35.423729 0.000000
      vertex 11.582278 35.423729 0.400000
    endloop
  endfacet
  facet normal 1.000000 0.000000 0.000000
    outer loop
      vertex 11.582278 34.915254 0.000000
      vertex 11.582278 35.423729 0.400000
      vertex 11.582278 34.915254 0.400000
    endloop
  endfacet
  facet normal 0.000000 0.000000 -1.000000
    outer loop
      vertex 13.607595 34.915254 0.000000
      vertex 16.139241 35.423729 0.000000
      vertex 16.139241 34.915254 0.000000
    endloop
  endfacet
  facet normal 0.000000 0.000000 -1.000000
    outer loop
      vertex 13.607595 34.915254 0.000000
      vertex 13.607595 35.423729 0.000000
      vertex 16.139241 35.423729 0.000000
    endloop
  endfacet
  facet normal 0.000000 0.000000 1.000000
    outer loop
      vertex 13.607595 34.915254 0.400000
      vertex 16.139241 34.915254 0.400000
      vertex 16.139241 35.423729 0.400000
    endloop
  endfacet
  facet normal 0.000000 0.000000 1.000000
    outer loop
      vertex 13.607595 34.915254 0.400000
      vertex 16.139241 35.423729 0.400000
      vertex 13.607595 35.423729 0.400000
    endloop
  endfacet
  facet normal 0.000000 -1.000000 0.000000
    outer loop
      vertex 13.607595 34.915254 0.000000
      vertex 16.139241 34.915254 0.000000
      vertex 16.139241 34.915254 0.400000
    endloop
  endfacet
  facet normal 0.000000 -1.000000 0.000000
    outer loop
      vertex 13.607595 34.915254 0.000000
      vertex 16.139241 34.915254 0.400000
      vertex 13.607595 34.915254 0.400000
    endloop
  endfacet
  facet normal 0.000000 1.000000 0.000000
    outer loop
      vertex 13.607595 35.423729 0.000000
      vertex 16.139241 35.423729 0.400000
      vertex 16.139241 35.423729 0.000000
    endloop
  endfacet
  facet normal 0.000000 1.000000 0.000000
    outer loop
      vertex 13.607595 35.423729 0.000000
      vertex 13.607595 35.423729 0.400000
      vertex 16.139241 35.423729 0.400000
    endloop
  endfacet
  facet normal -1.000000 0.000000 0.000000
    outer loop
      vertex 13.607595 34.915254 0.000000
      vertex 13.607595 34.915254 0.400000
      vertex 13.607595 35.423729 0.400000
    endloop
  endfacet
  facet normal -1.000000 0.000000 0.000000
    outer loop
      vertex 13.607595 34.915254 0.000000
      vertex 13.607595 35.423729 0.400000
      vertex 13.607595 35.423729 0.000000
    endloop
  endfacet
  facet normal 1.000000 0.000000 0.000000
    outer loop
      vertex 16.139241 34.915254 0.000000
      vertex 16.139241 35.423729 0.000000
      vertex 16.139241 35.423729 0.400000
    endloop
  endfacet
  facet normal 1.000000 0.000000 0.000000
    outer loop
      vertex 16.139241 34.915254 0.000000
      vertex 16.139241 35.423729 0.400000
      vertex 16.139241 34.915254 0.400000
    endloop
  endfacet
  facet normal 0.000000 0.000000 -1.000000
    outer loop
      vertex 18.670886 34.915254 0.000000
      vertex 20.696203 35.423729 0.000000
      vertex 20.696203 34.915254 0.000000
    endloop
  endfacet
  facet normal 0.000000 0.000000 -1.000000
    outer loop
      vertex 18.670886 34.915254 0.000000
      vertex 18.670886 35.423729 0.000000
      vertex 20.696203 35.423729 0.000000
    endloop
  endfacet
  facet normal 0.000000 0.000000 1.000000
    outer loop
      vertex 18.670886 34.915254 0.400000
      vertex 20.696203 34.915254 0.400000
      vertex 20.696203 35.423729 0.400000
    endloop
  endfacet
  facet normal 0.000000 0.000000 1.000000
    outer loop
      vertex 18.670886 34.915254 0.400000
      vertex 20.696203 35.423729 0.400000
      vertex 18.670886 35.423729 0.400000
    endloop
  endfacet
  facet normal 0.000000 -1.000000 0.000000
    outer loop
      vertex 18.670886 34.915254 0.000000
      vertex 20.696203 34.915254 0.000000
      vertex 20.696203 34.915254 0.400000
    endloop
  endfacet
  facet normal 0.000000 -1.000000 0.000000
    outer loop
      vertex 18.670886 34.915254 0.000000
      vertex 20.696203 34.915254 0.400000
      vertex 18.670886 34.915254 0.400000
    endloop
  endfacet
  facet normal 0.000000 1.000000 0.000000
    outer loop
      vertex 18.670886 35.423729 0.000000
      vertex 20.696203 35.423729 0.400000
      vertex 20.696203 35.423729 0.000000
    endloop
  endfacet
  facet normal 0.000000 1.000000 0.000000
    outer loop
      vertex 18.670886 35.423729 0.000000
      vertex 18.670886 35.423729 0.400000
      vertex 20.696203 35.423729 0.400000
    endloop
  endfacet
  facet normal -1.000000 0.000000 0.000000
    outer loop
      vertex 18.670886 34.915254 0.000000
      vertex 18.670886 34.915254 0.400000
      vertex 18.670886 35.423729 0.400000
    endloop
  endfacet
  facet normal -1.000000 0.000000 0.000000
    outer loop
      vertex 18.670886 34.915254 0.000000
      vertex 18.670886 35.423729 0.400000
      vertex 18.670886 35.423729 0.000000
    endloop
  endfacet
  facet normal 1.000000 0.000000 0.000000
    outer loop
      vertex 20.696203 34.915254 0.000000
      vertex 20.696203 35.423729 0.000000
      vertex 20.696203 35.423729 0.400000
    endloop
  endfacet
  facet normal 1.000000 0.000000 0.000000
    outer loop
      vertex 20.696203 34.915254 0.000000
      vertex 20.696203 35.423729 0.400000
      vertex 20.696203 34.915254 0.400000
    endloop
  endfacet
  facet normal 0.000000 0.000000 -1.000000
    outer loop
      vertex 25.759494 34.915254 0.000000
      vertex 26.265823 35.423729 0.000000
      vertex 26.265823 34.915254 0.000000
    endloop
  endfacet
  facet normal 0.000000 0.000000 -1.000000
    outer loop
      vertex 25.759494 34.915254 0.000000
      vertex 25.759494 35.423729 0.000000
      vertex 26.265823 35.423729 0.000000
    endloop
  endfacet
  facet normal 0.000000 0.000000 1.000000
    outer loop
      vertex 25.759494 34.915254 0.400000
      vertex 26.265823 34.915254 0.400000
      vertex 26.265823 35.423729 0.400000
    endloop
  endfacet
  facet normal 0.000000 0.000000 1.000000
    outer loop
      vertex 25.759494 34.915254 0.400000
      vertex 26.265823 35.423729 0.400000
      vertex 25.759494 35.423729 0.400000
    endloop
  endfacet
  facet normal 0.000000 -1.000000 0.000000
    outer loop
      vertex 25.759494 34.915254 0.000000
      vertex 26.265823 34.915254 0.000000
      vertex 26.265823 34.915254 0.400000
    endloop
  endfacet
  facet normal 0.000000 -1.000000 0.000000
    outer loop
      vertex 25.759494 34.915254 0.000000
      vertex 26.265823 34.915254 0.400000
      vertex 25.759494 34.915254 0.400000
    endloop
  endfacet
  facet normal 0.000000 1.000000 0.000000
    outer loop
      vertex 25.759494 35.423729 0.000000
      vertex 26.265823 35.423729 0.400000
      vertex 26.265823 35.423729 0.000000
    endloop
  endfacet
  facet normal 0.000000 1.000000 0.000000
    outer loop
      vertex 25.759494 35.423729 0.000000
      vertex 25.759494 35.423729 0.400000
      vertex 26.265823 35.423729 0.400000
    endloop
  endfacet
  facet normal -1.000000 0.000000 0.000000
    outer loop
      vertex 25.759494 34.915254 0.000000
      vertex 25.759494 34.915254 0.400000
      vertex 25.759494 35.423729 0.400000
    endloop
  endfacet
  facet normal -1.000000 0.000000 0.000000
    outer loop
      vertex 25.759494 34.915254 0.000000
      vertex 25.759494 35.423729 0.400000
      vertex 25.759494 35.423729 0.000000
    endloop
  endfacet
  facet normal 1.000000 0.000000 0.000000
    outer loop
      vertex 26.265823 34.915254 0.000000
      vertex 26.265823 35.423729 0.000000
      vertex 26.265823 35.423729 0.400000
    endloop
  endfacet
  facet normal 1.000000 0.000000 0.000000
    outer loop
      vertex 26.265823 34.915254 0.000000
      vertex 26.265823 35.423729 0.400000
      vertex 26.265823 34.915254 0.400000
    endloop
  endfacet
  facet normal 0.000000 0.000000 -1.000000
    outer loop
      vertex 31.329114 34.915254 0.000000
      vertex 33.354430 35.423729 0.000000
      vertex 33.354430 34.915254 0.000000
    endloop
  endfacet
  facet normal 0.000000 0.000000 -1.000000
    outer loop
      vertex 31.329114 34.915254 0.000000
      vertex 31.329114 35.423729 0.000000
      vertex 33.354430 35.423729 0.000000
    endloop
  endfacet
  facet normal 0.000000 0.000000 1.000000
    outer loop
      vertex 31.329114 34.915254 0.400000
      vertex 33.354430 34.915254 0.400000
      vertex 33.354430 35.423729 0.400000
    endloop
  endfacet
  facet normal 0.000000 0.000000 1.000000
    outer loop
      vertex 31.329114 34.915254 0.400000
      vertex 33.354430 35.423729 0.400000
      vertex 31.329114 35.423729 0.400000
    endloop
  endfacet
  facet normal 0.000000 -1.000000 0.000000
    outer loop
      vertex 31.329114 34.915254 0.000000
      vertex 33.354430 34.915254 0.000000
      vertex 33.354430 34.915254 0.400000
    endloop
  endfacet
  facet normal 0.000000 -1.000000 0.000000
    outer loop
      vertex 31.329114 34.915254 0.000000
      vertex 33.354430 34.915254 0.400000
      vertex 31.329114 34.915254 0.400000
    endloop
  endfacet
  facet normal 0.000000 1.000000 0.000000
    outer loop
      vertex 31.329114 35.423729 0.000000
      vertex 33.354430 35.423729 0.400000
      vertex 33.354430 35.423729 0.000000
    endloop
  endfacet
  facet normal 0.000000 1.000000 0.000000
    outer loop
      vertex 31.329114 35.423729 0.000000
      vertex 31.329114 35.423729 0.400000
      vertex 33.354430 35.423729 0.400000
    endloop
  endfacet
  facet normal -1.000000 0.000000 0.000000
    outer loop
      vertex 31.329114 34.915254 0.000000
      vertex 31.329114 34.915254 0.400000
      vertex 31.329114 35.423729 0.400000
    endloop
  endfacet
  facet normal -1.000000 0.000000 0.000000
    outer loop
      vertex 31.329114 34.915254 0.000000
      vertex 31.329114 35.423729 0.400000
      vertex 31.329114 35.423729 0.000000
    endloop
  endfacet
  facet normal 1.000000 0.000000 0.000000
    outer loop
      vertex 33.354430 34.915254 0.000000
      vertex 33.354430 35.423729 0.000000
      vertex 33.354430 35.423729 0.400000
    endloop
  endfacet
  facet normal 1.000000 0.000000 0.000000
    outer loop
      vertex 33.354430 34.915254 0.000000
      vertex 33.354430 35.423729 0.400000
      vertex 33.354430 34.915254 0.400000
    endloop
  endfacet
  facet normal 0.000000 0.000000 -1.000000
    outer loop
      vertex 35.886076 34.915254 0.000000
      vertex 39.430380 35.423729 0.000000
      vertex 39.430380 34.915254 0.000000
    endloop
  endfacet
  facet normal 0.000000 0.000000 -1.000000
    outer loop
      vertex 35.886076 34.915254 0.000000
      vertex 35.886076 35.423729 0.000000
      vertex 39.430380 35.423729 0.000000
    endloop
  endfacet
  facet normal 0.000000 0.000000 1.000000
    outer loop
      vertex 35.886076 34.915254 0.400000
      vertex 39.430380 34.915254 0.400000
      vertex 39.430380 35.423729 0.400000
    endloop
  endfacet
  facet normal 0.000000 0.000000 1.000000
    outer loop
      vertex 35.886076 34.915254 0.400000
      vertex 39.430380 35.423729 0.400000
      vertex 35.886076 35.423729 0.400000
    endloop
  endfacet
  facet normal 0.000000 -1.000000 0.000000
    outer loop
      vertex 35.886076 34.915254 0.000000
      vertex 39.430380 34.915254 0.000000
      vertex 39.430380 34.915254 0.400000
    endloop
  endfacet
  facet normal 0.000000 -1.000000 0.000000
    outer loop
      vertex 35.886076 34.915254 0.000000
      vertex 39.430380 34.915254 0.400000
      vertex 35.886076 34.915254 0.400000
    endloop
  endfacet
  facet normal 0.000000 1.000000 0.000000
    outer loop
      vertex 35.886076 35.423729 0.000000
      vertex 39.430380 35.423729 0.400000
      vertex 39.430380 35.423729 0.000000
    endloop
  endfacet
  facet normal 0.000000 1.000000 0.000000
    outer loop
      vertex 35.886076 35.423729 0.000000
      vertex 35.886076 35.423729 0.400000
      vertex 39.430380 35.423729 0.400000
    endloop
  endfacet
  facet normal -1.000000 0.000000 0.000000
    outer loop
      vertex 35.886076 34.915254 0.000000
      vertex 35.886076 34.915254 0.400000
      vertex 35.886076 35.423729 0.400000
    endloop
  endfacet
  facet normal -1.000000 0.000000 0.000000
    outer loop
      vertex 35.886076 34.915254 0.000000
      vertex 35.886076 35.423729 0.400000
      vertex 35.886076 35.423729 0.000000
    endloop
  endfacet
  facet normal 1.000000 0.000000 0.000000
    outer loop
      vertex 39.430380 34.915254 0.000000
      vertex 39.430380 35.423729 0.000000
      vertex 39.430380 35.423729 0.400000
    endloop
  endfacet
  facet normal 1.000000 0.000000 0.000000
    outer loop
      vertex 39.430380 34.915254 0.000000
      vertex 39.430380 35.423729 0.400000
      vertex 39.430380 34.915254 0.400000
    endloop
  endfacet
  facet normal 0.000000 0.000000 -1.000000
    outer loop
      vertex 42.974684 34.915254 0.000000
      vertex 45.000000 35.423729 0.000000
      vertex 45.000000 34.915254 0.000000
    endloop
  endfacet
  facet normal 0.000000 0.000000 -1.000000
    outer loop
      vertex 42.974684 34.915254 0.000000
      vertex 42.974684 35.423729 0.000000
      vertex 45.000000 35.423729 0.000000
    endloop
  endfacet
  facet normal 0.000000 0.000000 1.000000
    outer loop
      vertex 42.974684 34.915254 0.400000
      vertex 45.000000 34.915254 0.400000
      vertex 45.000000 35.423729 0.400000
    endloop
  endfacet
  facet normal 0.000000 0.000000 1.000000
    outer loop
      vertex 42.974684 34.915254 0.400000
      vertex 45.000000 35.423729 0.400000
      vertex 42.974684 35.423729 0.400000
    endloop
  endfacet
  facet normal 0.000000 -1.000000 0.000000
    outer loop
      vertex 42.974684 34.915254 0.000000
      vertex 45.000000 34.915254 0.000000
      vertex 45.000000 34.915254 0.400000
    endloop
  endfacet
  facet normal 0.000000 -1.000000 0.000000
    outer loop
      vertex 42.974684 34.915254 0.000000
      vertex 45.000000 34.915254 0.400000
      vertex 42.974684 34.915254 0.400000
    endloop
  endfacet
  facet normal 0.000000 1.000000 0.000000
    outer loop
      vertex 42.974684 35.423729 0.000000
      vertex 45.000000 35.423729 0.400000
      vertex 45.000000 35.423729 0.000000
    endloop
  endfacet
  facet normal 0.000000 1.000000 0.000000
    outer loop
      vertex 42.974684 35.423729 0.000000
      vertex 42.974684 35.423729 0.400000
      vertex 45.000000 35.423729 0.400000
    endloop
  endfacet
  facet normal -1.000000 0.000000 0.000000
    outer loop
      vertex 42.974684 34.915254 0.000000
      vertex 42.974684 34.915254 0.400000
      vertex 42.974684 35.423729 0.400000
    endloop
  endfacet
  facet normal -1.000000 0.000000 0.000000
    outer loop
      vertex 42.974684 34.915254 0.000000
      vertex 42.974684 35.423729 0.400000
      vertex 42.974684 35.423729 0.000000
    endloop
  endfacet
  facet normal 1.000000 0.000000 0.000000
    outer loop
      vertex 45.000000 34.915254 0.000000
      vertex 45.000000 35.423729 0.000000
      vertex 45.000000 35.423729 0.400000
    endloop
  endfacet
  facet normal 1.000000 0.000000 0.000000
    outer loop
      vertex 45.000000 34.915254 0.000000
      vertex 45.000000 35.423729 0.400000
      vertex 45.000000 34.915254 0.400000
    endloop
  endfacet
  facet normal 0.000000 0.000000 -1.000000
    outer loop
      vertex 5.000000 34.406780 0.000000
      vertex 7.025316 34.915254 0.000000
      vertex 7.025316 34.406780 0.000000
    endloop
  endfacet
  facet normal 0.000000 0.000000 -1.000000
    outer loop
      vertex 5.000000 34.406780 0.000000
      vertex 5.000000 34.915254 0.000000
      vertex 7.025316 34.915254 0.000000
    endloop
  endfacet
  facet normal 0.000000 0.000000 1.000000
    outer loop
      vertex 5.000000 34.406780 0.400000
      vertex 7.025316 34.406780 0.400000
      vertex 7.025316 34.915254 0.400000
    endloop
  endfacet
  facet normal 0.000000 0.000000 1.000000
    outer loop
      vertex 5.000000 34.406780 0.400000
      vertex 7.025316 34.915254 0.400000
      vertex 5.000000 34.915254 0.400000
    endloop
  endfacet
  facet normal 0.000000 -1.000000 0.000000
    outer loop
      vertex 5.000000 34.406780 0.000000
      vertex 7.025316 34.406780 0.000000
      vertex 7.025316 34.406780 0.400000
    endloop
  endfacet
  facet normal 0.000000 -1.000000 0.000000
    outer loop
      vertex 5.000000 34.406780 0.000000
      vertex 7.025316 34.406780 0.400000
      vertex 5.000000 34.406780 0.400000
    endloop
  endfacet
  facet normal 0.000000 1.000000 0.000000
    outer loop
      vertex 5.000000 34.915254 0.000000
      vertex 7.025316 34.915254 0.400000
      vertex 7.025316 34.915254 0.000000
    endloop
  endfacet
  facet normal 0.000000 1.000000 0.000000
    outer loop
      vertex 5.000000 34.915254 0.000000
      vertex 5.000000 34.915254 0.400000
      vertex 7.025316 34.915254 0.400000
    endloop
  endfacet
  facet normal -1.000000 0.000000 0.000000
    outer loop
      vertex 5.000000 34.406780 0.000000
      vertex 5.000000 34.406780 0.400000
      vertex 5.000000 34.915254 0.400000
    endloop
  endfacet
  facet normal -1.000000 0.000000 0.000000
    outer loop
      vertex 5.000000 34.406780 0.000000
      vertex 5.000000 34.915254 0.400000
      vertex 5.000000 34.915254 0.000000
    endloop
  endfacet
  facet normal 1.000000 0.000000 0.000000
    outer loop
      vertex 7.025316 34.406780 0.000000
      vertex 7.025316 34.915254 0.000000
      vertex 7.025316 34.915254 0.400000
    endloop
  endfacet
  facet normal 1.000000 0.000000 0.000000
    outer loop
      vertex 7.025316 34.406780 0.000000
      vertex 7.025316 34.915254 0.400000
      vertex 7.025316 34.406780 0.400000
    endloop
  endfacet
  facet normal 0.000000 0.000000 -1.000000
    outer loop
      vertex 9.556962 34.406780 0.000000
      vertex 11.075949 34.915254 0.000000
      vertex 11.075949 34.406780 0.000000
    endloop
  endfacet
  facet normal 0.000000 0.000000 -1.000000
    outer loop
      vertex 9.556962 34.406780 0.000000
      vertex 9.556962 34.915254 0.000000
      vertex 11.075949 34.915254 0.000000
    endloop
  endfacet
  facet normal 0.000000 0.000000 1.000000
    outer loop
      vertex 9.556962 34.406780 0.400000
      vertex 11.075949 34.406780 0.400000
      vertex 11.075949 34.915254 0.400000
    endloop
  endfacet
  facet normal 0.000000 0.000000 1.000000
    outer loop
      vertex 9.556962 34.406780 0.400000
      vertex 11.075949 34.915254 0.400000
      vertex 9.556962 34.915254 0.400000
    endloop
  endfacet
  facet normal 0.000000 -1.000000 0.000000
    outer loop
      vertex 9.556962 34.406780 0.000000
      vertex 11.075949 34.406780 0.000000
      vertex 11.075949 34.406780 0.400000
    endloop
  endfacet
  facet normal 0.000000 -1.000000 0.000000
    outer loop
      vertex 9.556962 34.406780 0.000000
      vertex 11.075949 34.406780 0.400000
      vertex 9.556962 34.406780 0.400000
    endloop
  endfacet
  facet normal 0.000000 1.000000 0.000000
    outer loop
      vertex 9.556962 34.915254 0.000000
      vertex 11.075949 34.915254 0.400000
      vertex 11.075949 34.915254 0.000000
    endloop
  endfacet
  facet normal 0.000000 1.000000 0.000000
    outer loop
      vertex 9.556962 34.915254 0.000000
      vertex 9.556962 34.915254 0.400000
      vertex 11.075949 34.915254 0.400000
    endloop
  endfacet
  facet normal -1.000000 0.000000 0.000000
    outer loop
      vertex 9.556962 34.406780 0.000000
      vertex 9.556962 34.406780 0.400000
      vertex 9.556962 34.915254 0.400000
    endloop
  endfacet
  facet normal -1.000000 0.000000 0.000000
    outer loop
      vertex 9.556962 34.406780 0.000000
      vertex 9.556962 34.915254 0.400000
      vertex 9.556962 34.915254 0.000000
    endloop
  endfacet
  facet normal 1.000000 0.000000 0.000000
    outer loop
      vertex 11.075949 34.406780 0.000000
      vertex 11.075949 34.915254 0.000000
      vertex 11.075949 34.915254 0.400000
    endloop
  endfacet
  facet normal 1.000000 0.000000 0.000000
    outer loop
      vertex 11.075949 34.406780 0.000000
      vertex 11.075949 34.915254 0.400000
      vertex 11.075949 34.406780 0.400000
    endloop
  endfacet
  facet normal 0.000000 0.000000 -1.000000
    outer loop
      vertex 13.607595 34.406780 0.000000
      vertex 15.632911 34.915254 0.000000
      vertex 15.632911 34.406780 0.000000
    endloop
  endfacet
  facet normal 0.000000 0.000000 -1.000000
    outer loop
      vertex 13.607595 34.406780 0.000000
      vertex 13.607595 34.915254 0.000000
      vertex 15.632911 34.915254 0.000000
    endloop
  endfacet
  facet normal 0.000000 0.000000 1.000000
    outer loop
      vertex 13.607595 34.406780 0.400000
      vertex 15.632911 34.406780 0.400000
      vertex 15.632911 34.915254 0.400000
    endloop
  endfacet
  facet normal 0.000000 0.000000 1.000000
    outer loop
      vertex 13.607595 34.406780 0.400000
      vertex 15.632911 34.915254 0.400000
      vertex 13.607595 34.915254 0.400000
    endloop
  endfacet
  facet normal 0.000000 -1.000000 0.000000
    outer loop
      vertex 13.607595 34.406780 0.000000
      vertex 15.632911 34.406780 0.000000
      vertex 15.632911 34.406780 0.400000
    endloop
  endfacet
  facet normal 0.000000 -1.000000 0.000000
    outer loop
      vertex 13.607595 34.406780 0.000000
      vertex 15.632911 34.406780 0.400000
      vertex 13.607595 34.406780 0.400000
    endloop
  endfacet
  facet normal 0.000000 1.000000 0.000000
    outer loop
      vertex 13.607595 34.915254 0.000000
      vertex 15.632911 34.915254 0.400000
      vertex 15.632911 34.915254 0.000000
    endloop
  endfacet
  facet normal 0.000000 1.000000 0.000000
    outer loop
      vertex 13.607595 34.915254 0.000000
      vertex 13.607595 34.915254 0.400000
      vertex 15.632911 34.915254 0.400000
    endloop
  endfacet
  facet normal -1.000000 0.000000 0.000000
    outer loop
      vertex 13.607595 34.406780 0.000000
      vertex 13.607595 34.406780 0.400000
      vertex 13.607595 34.915254 0.400000
    endloop
  endfacet
  facet normal -1.000000 0.000000 0.000000
    outer loop
      vertex 13.607595 34.406780 0.000000
      vertex 13.607595 34.915254 0.400000
      vertex 13.607595 34.915254 0.000000
    endloop
  endfacet
  facet normal 1.000000 0.000000 0.000000
    outer loop
      vertex 15.632911 34.406780 0.000000
      vertex 15.632911 34.915254 0.000000
      vertex 15.632911 34.915254 0.400000
    endloop
  endfacet
  facet normal 1.000000 0.000000 0.000000
    outer loop
      vertex 15.632911 34.406780 0.000000
      vertex 15.632911 34.915254 0.400000
      vertex 15.632911 34.406780 0.400000
    endloop
  endfacet
  facet normal 0.000000 0.000000 -1.000000
    outer loop
      vertex 16.645570 34.406780 0.000000
      vertex 18.164557 34.915254 0.000000
      vertex 18.164557 34.406780 0.000000
    endloop
  endfacet
  facet normal 0.000000 0.000000 -1.000000
    outer loop
      vertex 16.645570 34.406780 0.000000
      vertex 16.645570 34.915254 0.000000
      vertex 18.164557 34.915254 0.000000
    endloop
  endfacet
  facet normal 0.000000 0.000000 1.000000
    outer loop
      vertex 16.645570 34.406780 0.400000
      vertex 18.164557 34.406780 0.400000
      vertex 18.164557 34.915254 0.400000
    endloop
  endfacet
  facet normal 0.000000 0.000000 1.000000
    outer loop
      vertex 16.645570 34.406780 0.400000
      vertex 18.164557 34.915254 0.400000
      vertex 16.645570 34.915254 0.400000
    endloop
  endfacet
  facet normal 0.000000 -1.000000 0.000000
    outer loop
      vertex 16.645570 34.406780 0.000000
      vertex 18.164557 34.406780 0.000000
      vertex 18.164557 34.406780 0.400000
    endloop
  endfacet
  facet normal 0.000000 -1.000000 0.000000
    outer loop
      vertex 16.645570 34.406780 0.000000
      vertex 18.164557 34.406780 0.400000
      vertex 16.645570 34.406780 0.400000
    endloop
  endfacet
  facet normal 0.000000 1.000000 0.000000
    outer loop
      vertex 16.645570 34.915254 0.000000
      vertex 18.164557 34.915254 0.400000
      vertex 18.164557 34.915254 0.000000
    endloop
  endfacet
  facet normal 0.000000 1.000000 0.000000
    outer loop
      vertex 16.645570 34.915254 0.000000
      vertex 16.645570 34.915254 0.400000
      vertex 18.164557 34.915254 0.400000
    endloop
  endfacet
  facet normal -1.000000 0.000000 0.000000
    outer loop
      vertex 16.645570 34.406780 0.000000
      vertex 16.645570 34.406780 0.400000
      vertex 16.645570 34.915254 0.400000
    endloop
  endfacet
  facet normal -1.000000 0.000000 0.000000
    outer loop
      vertex 16.645570 34.406780 0.000000
      vertex 16.645570 34.915254 0.400000
      vertex 16.645570 34.915254 0.000000
    endloop
  endfacet
  facet normal 1.000000 0.000000 0.000000
    outer loop
      vertex 18.164557 34.406780 0.000000
      vertex 18.164557 34.915254 0.000000
      vertex 18.164557 34.915254 0.400000
    endloop
  endfacet
  facet normal 1.000000 0.000000 0.000000
    outer loop
      vertex 18.164557 34.406780 0.000000
      vertex 18.164557 34.915254 0.400000
      vertex 18.164557 34.406780 0.400000
    endloop
  endfacet
  facet normal 0.000000 0.000000 -1.000000
    outer loop
      vertex 19.683544 34.406780 0.000000
      vertex 22.215190 34.915254 0.000000
      vertex 22.215190 34.406780 0.000000
    endloop
  endfacet
  facet normal 0.000000 0.000000 -1.000000
    outer loop
      vertex 19.683544 34.406780 0.000000
      vertex 19.683544 34.915254 0.000000
      vertex 22.215190 34.915254 0.000000
    endloop
  endfacet
  facet normal 0.000000 0.000000 1.000000
    outer loop
      vertex 19.683544 34.406780 0.400000
      vertex 22.215190 34.406780 0.400000
      vertex 22.215190 34.915254 0.400000
    endloop
  endfacet
  facet normal 0.000000 0.000000 1.000000
    outer loop
      vertex 19.683544 34.406780 0.400000
      vertex 22.215190 34.915254 0.400000
      vertex 19.683544 34.915254 0.400000
    endloop
  endfacet
  facet normal 0.000000 -1.000000 0.000000
    outer loop
      vertex 19.683544 34.406780 0.000000
      vertex 22.215190 34.406780 0.000000
      vertex 22.215190 34.406780 0.400000
    endloop
  endfacet
  facet normal 0.000000 -1.000000 0.000000
    outer loop
      vertex 19.683544 34.406780 0.000000
      vertex 22.215190 34.406780 0.400000
      vertex 19.683544 34.406780 0.400000
    endloop
  endfacet
  facet normal 0.000000 1.000000 0.000000
    outer loop
      vertex 19.683544 34.915254 0.000000
      vertex 22.215190 34.915254 0.400000
      vertex 22.215190 34.915254 0.000000
    endloop
  endfacet
  facet normal 0.000000 1.000000 0.000000
    outer loop
      vertex 19.683544 34.915254 0.000000
      vertex 19.683544 34.915254 0.400000
      vertex 22.215190 34.915254 0.400000
    endloop
  endfacet
  facet normal -1.000000 0.000000 0.000000
    outer loop
      vertex 19.683544 34.406780 0.000000
      vertex 19.683544 34.406780 0.400000
      vertex 19.683544 34.915254 0.400000
    endloop
  endfacet
  facet normal -1.000000 0.000000 0.000000
    outer loop
      vertex 19.683544 34.406780 0.000000
      vertex 19.683544 34.915254 0.400000
      vertex 19.683544 34.915254 0.000000
    endloop
  endfacet
  facet normal 1.000000 0.000000 0.000000
    outer loop
      vertex 22.215190 34.406780 0.000000
      vertex 22.215190 34.915254 0.000000
      vertex 22.215190 34.915254 0.400000
    endloop
  endfacet
  facet normal 1.000000 0.000000 0.000000
    outer loop
      vertex 22.215190 34.406780 0.000000
      vertex 22.215190 34.915254 0.400000
      vertex 22.215190 34.406780 0.400000
    endloop
  endfacet
  facet normal 0.000000 0.000000 -1.000000
    outer loop
      vertex 23.734177 34.406780 0.000000
      vertex 27.784810 34.915254 0.000000
      vertex 27.784810 34.406780 0.000000
    endloop
  endfacet
  facet normal 0.000000 0.000000 -1.000000
    outer loop
      vertex 23.734177 34.406780 0.000000
      vertex 23.734177 34.915254 0.000000
      vertex 27.784810 34.915254 0.000000
    endloop
  endfacet
  facet normal 0.000000 0.000000 1.000000
    outer loop
      vertex 23.734177 34.406780 0.400000
      vertex 27.784810 34.406780 0.400000
      vertex 27.784810 34.915254 0.400000
    endloop
  endfacet
  facet normal 0.000000 0.000000 1.000000
    outer loop
      vertex 23.734177 34.406780 0.400000
      vertex 27.784810 34.915254 0.400000
      vertex 23.734177 34.915254 0.400000
    endloop
  endfacet
  facet normal 0.000000 -1.000000 0.000000
    outer loop
      vertex 23.734177 34.406780 0.000000
      vertex 27.784810 34.406780 0.000000
      vertex 27.784810 34.406780 0.400000
    endloop
  endfacet
  facet normal 0.000000 -1.000000 0.000000
    outer loop
      vertex 23.734177 34.406780 0.000000
      vertex 27.784810 34.406780 0.400000
      vertex 23.734177 34.406780 0.400000
    endloop
  endfacet
  facet normal 0.000000 1.000000 0.000000
    outer loop
      vertex 23.734177 34.915254 0.000000
      vertex 27.784810 34.915254 0.400000
      vertex 27.784810 34.915254 0.000000
    endloop
  endfacet
  facet normal 0.000000 1.000000 0.000000
    outer loop
      vertex 23.734177 34.915254 0.000000
      vertex 23.734177 34.915254 0.400000
      vertex 27.784810 34.915254 0.400000
    endloop
  endfacet
  facet normal -1.000000 0.000000 0.000000
    outer loop
      vertex 23.734177 34.406780 0.000000
      vertex 23.734177 34.406780 0.400000
      vertex 23.734177 34.915254 0.400000
    endloop
  endfacet
  facet normal -1.000000 0.000000 0.000000
    outer loop
      vertex 23.734177 34.406780 0.000000
      vertex 23.734177 34.915254 0.400000
      vertex 23.734177 34.915254 0.000000
    endloop
  endfacet
  facet normal 1.000000 0.000000 0.000000
    outer loop
      vertex 27.784810 34.406780 0.000000
      vertex 27.784810 34.915254 0.000000
      vertex 27.784810 34.915254 0.400000
    endloop
  endfacet
  facet normal 1.000000 0.000000 0.000000
    outer loop
      vertex 27.784810 34.406780 0.000000
      vertex 27.784810 34.915254 0.400000
      vertex 27.784810 34.406780 0.400000
    endloop
  endfacet
  facet normal 0.000000 0.000000 -1.000000
    outer loop
      vertex 29.303797 34.406780 0.000000
      vertex 32.848101 34.915254 0.000000
      vertex 32.848101 34.406780 0.000000
    endloop
  endfacet
  facet normal 0.000000 0.000000 -1.000000
    outer loop
      vertex 29.303797 34.406780 0.000000
      vertex 29.303797 34.915254 0.000000
      vertex 32.848101 34.915254 0.000000
    endloop
  endfacet
  facet normal 0.000000 0.000000 1.000000
    outer loop
      vertex 29.303797 34.406780 0.400000
      vertex 32.848101 34.406780 0.400000
      vertex 32.848101 34.915254 0.400000
    endloop
  endfacet
  facet normal 0.000000 0.000000 1.000000
    outer loop
      vertex 29.303797 34.406780 0.400000
      vertex 32.848101 34.915254 0.400000
      vertex 29.303797 34.915254 0.400000
    endloop
  endfacet
  facet normal 0.000000 -1.000000 0.000000
    outer loop
      vertex 29.303797 34.406780 0.000000
      vertex 32.848101 34.406780 0.000000
      vertex 32.848101 34.406780 0.400000
    endloop
  endfacet
  facet normal 0.000000 -1.000000 0.000000
    outer loop
      vertex 29.303797 34.406780 0.000000
      vertex 32.848101 34.406780 0.400000
      vertex 29.303797 34.406780 0.400000
    endloop
  endfacet
  facet normal 0.000000 1.000000 0.000000
    outer loop
      vertex 29.303797 34.915254 0.000000
      vertex 32.848101 34.915254 0.400000
      vertex 32.848101 34.915254 0.000000
    endloop
  endfacet
  facet normal 0.000000 1.000000 0.000000
    outer loop
      vertex 29.303797 34.915254 0.000000
      vertex 29.303797 34.915254 0.400000
      vertex 32.848101 34.915254 0.400000
    endloop
  endfacet
  facet normal -1.000000 0.000000 0.000000
    outer loop
      vertex 29.303797 34.406780 0.000000
      vertex 29.303797 34.406780 0.400000
      vertex 29.303797 34.915254 0.400000
    endloop
  endfacet
  facet normal -1.000000 0.000000 0.000000
    outer loop
      vertex 29.303797 34.406780 0.000000
      vertex 29.303797 34.915254 0.400000
      vertex 29.303797 34.915254 0.000000
    endloop
  endfacet
  facet normal 1.000000 0.000000 0.000000
    outer loop
      vertex 32.848101 34.406780 0.000000
      vertex 32.848101 34.915254 0.000000
      vertex 32.848101 34.915254 0.400000
    endloop
  endfacet
  facet normal 1.000000 0.000000 0.000000
    outer loop
      vertex 32.848101 34.406780 0.000000
      vertex 32.848101 34.915254 0.400000
      vertex 32.848101 34.406780 0.400000
    endloop
  endfacet
  facet normal 0.000000 0.000000 -1.000000
    outer loop
      vertex 33.860759 34.406780 0.000000
      vertex 35.379747 34.915254 0.000000
      vertex 35.379747 34.406780 0.000000
    endloop
  endfacet
  facet normal 0.000000 0.000000 -1.000000
    outer loop
      vertex 33.860759 34.406780 0.000000
      vertex 33.860759 34.915254 0.000000
      vertex 35.379747 34.915254 0.000000
    endloop
  endfacet
  facet normal 0.000000 0.000000 1.000000
    outer loop
      vertex 33.860759 34.406780 0.400000
      vertex 35.379747 34.406780 0.400000
      vertex 35.379747 34.915254 0.400000
    endloop
  endfacet
  facet normal 0.000000 0.000000 1.000000
    outer loop
      vertex 33.860759 34.406780 0.400000
      vertex 35.379747 34.915254 0.400000
      vertex 33.860759 34.915254 0.400000
    endloop
  endfacet
  facet normal 0.000000 -1.000000 0.000000
    outer loop
      vertex 33.860759 34.406780 0.000000
      vertex 35.379747 34.406780 0.000000
      vertex 35.379747 34.406780 0.400000
    endloop
  endfacet
  facet normal 0.000000 -1.000000 0.000000
    outer loop
      vertex 33.860759 34.406780 0.000000
      vertex 35.379747 34.406780 0.400000
      vertex 33.860759 34.406780 0.400000
    endloop
  endfacet
  facet normal 0.000000 1.000000 0.000000
    outer loop
      vertex 33.860759 34.915254 0.000000
      vertex 35.379747 34.915254 0.400000
      vertex 35.379747 34.915254 0.000000
    endloop
  endfacet
  facet normal 0.000000 1.000000 0.000000
    outer loop
      vertex 33.860759 34.915254 0.000000
      vertex 33.860759 34.915254 0.400000
      vertex 35.379747 34.915254 0.400000
    endloop
  endfacet
  facet normal -1.000000 0.000000 0.000000
    outer loop
      vertex 33.860759 34.406780 0.000000
      vertex 33.860759 34.406780 0.400000
      vertex 33.860759 34.915254 0.400000
    endloop
  endfacet
  facet normal -1.000000 0.000000 0.000000
    outer loop
      vertex 33.860759 34.406780 0.000000
      vertex 33.860759 34.915254 0.400000
      vertex 33.860759 34.915254 0.000000
    endloop
  endfacet
  facet normal 1.000000 0.000000 0.000000
    outer loop
      vertex 35.379747 34.406780 0.000000
      vertex 35.379747 34.915254 0.000000
      vertex 35.379747 34.915254 0.400000
    endloop
  endfacet
  facet normal 1.000000 0.000000 0.000000
    outer loop
      vertex 35.379747 34.406780 0.000000
      vertex 35.379747 34.915254 0.400000
      vertex 35.379747 34.406780 0.400000
    endloop
  endfacet
  facet normal 0.000000 0.000000 -1.000000
    outer loop
      vertex 36.898734 34.406780 0.000000
      vertex 38.417722 34.915254 0.000000
      vertex 38.417722 34.406780 0.000000
    endloop
  endfacet
  facet normal 0.000000 0.000000 -1.000000
    outer loop
      vertex 36.898734 34.406780 0.000000
      vertex 36.898734 34.915254 0.000000
      vertex 38.417722 34.915254 0.000000
    endloop
  endfacet
  facet normal 0.000000 0.000000 1.000000
    outer loop
      vertex 36.898734 34.406780 0.400000
      vertex 38.417722 34.406780 0.400000
      vertex 38.417722 34.915254 0.400000
    endloop
  endfacet
  facet normal 0.000000 0.000000 1.000000
    outer loop
      vertex 36.898734 34.406780 0.400000
      vertex 38.417722 34.915254 0.400000
      vertex 36.898734 34.915254 0.400000
    endloop
  endfacet
  facet normal 0.000000 -1.000000 0.000000
    outer loop
      vertex 36.898734 34.406780 0.000000
      vertex 38.417722 34.406780 0.000000
      vertex 38.417722 34.406780 0.400000
    endloop
  endfacet
  facet normal 0.000000 -1.000000 0.000000
    outer loop
      vertex 36.898734 34.406780 0.000000
      vertex 38.417722 34.406780 0.400000
      vertex 36.898734 34.406780 0.400000
    endloop
  endfacet
  facet normal 0.000000 1.000000 0.000000
    outer loop
      vertex 36.898734 34.915254 0.000000
      vertex 38.417722 34.915254 0.400000
      vertex 38.417722 34.915254 0.000000
    endloop
  endfacet
  facet normal 0.000000 1.000000 0.000000
    outer loop
      vertex 36.898734 34.915254 0.000000
      vertex 36.898734 34.915254 0.400000
      vertex 38.417722 34.915254 0.400000
    endloop
  endfacet
  facet normal -1.000000 0.000000 0.000000
    outer loop
      vertex 36.898734 34.406780 0.000000
      vertex 36.898734 34.406780 0.400000
      vertex 36.898734 34.915254 0.400000
    endloop
  endfacet
  facet normal -1.000000 0.000000 0.000000
    outer loop
      vertex 36.898734 34.406780 0.000000
      vertex 36.898734 34.915254 0.400000
      vertex 36.898734 34.915254 0.000000
    endloop
  endfacet
  facet normal 1.000000 0.000000 0.000000
    outer loop
      vertex 38.417722 34.406780 0.000000
      vertex 38.417722 34.915254 0.000000
      vertex 38.417722 34.915254 0.400000
    endloop
  endfacet
  facet normal 1.000000 0.000000 0.000000
    outer loop
      vertex 38.417722 34.406780 0.000000
      vertex 38.417722 34.915254 0.400000
      vertex 38.417722 34.406780 0.400000
    endloop
  endfacet
  facet normal 0.000000 0.000000 -1.000000
    outer loop
      vertex 39.936709 34.406780 0.000000
      vertex 41.455696 34.915254 0.000000
      vertex 41.455696 34.406780 0.000000
    endloop
  endfacet
  facet normal 0.000000 0.000000 -1.000000
    outer loop
      vertex 39.936709 34.406780 0.000000
      vertex 39.936709 34.915254 0.000000
      vertex 41.455696 34.915254 0.000000
    endloop
  endfacet
  facet normal 0.000000 0.000000 1.000000
    outer loop
      vertex 39.936709 34.406780 0.400000
      vertex 41.455696 34.406780 0.400000
      vertex 41.455696 34.915254 0.400000
    endloop
  endfacet
  facet normal 0.000000 0.000000 1.000000
    outer loop
      vertex 39.936709 34.406780 0.400000
      vertex 41.455696 34.915254 0.400000
      vertex 39.936709 34.915254 0.400000
    endloop
  endfacet
  facet normal 0.000000 -1.000000 0.000000
    outer loop
      vertex 39.936709 34.406780 0.000000
      vertex 41.455696 34.406780 0.000000
      vertex 41.455696 34.406780 0.400000
    endloop
  endfacet
  facet normal 0.000000 -1.000000 0.000000
    outer loop
      vertex 39.936709 34.406780 0.000000
      vertex 41.455696 34.406780 0.400000
      vertex 39.936709 34.406780 0.400000
    endloop
  endfacet
  facet normal 0.000000 1.000000 0.000000
    outer loop
      vertex 39.936709 34.915254 0.000000
      vertex 41.455696 34.915254 0.400000
      vertex 41.455696 34.915254 0.000000
    endloop
  endfacet
  facet normal 0.000000 1.000000 0.000000
    outer loop
      vertex 39.936709 34.915254 0.000000
      vertex 39.936709 34.915254 0.400000
      vertex 41.455696 34.915254 0.400000
    endloop
  endfacet
  facet normal -1.000000 0.000000 0.000000
    outer loop
      vertex 39.936709 34.406780 0.000000
      vertex 39.936709 34.406780 0.400000
      vertex 39.936709 34.915254 0.400000
    endloop
  endfacet
  facet normal -1.000000 0.000000 0.000000
    outer loop
      vertex 39.936709 34.406780 0.000000
      vertex 39.936709 34.915254 0.400000
      vertex 39.936709 34.915254 0.000000
    endloop
  endfacet
  facet normal 1.000000 0.000000 0.000000
    outer loop
      vertex 41.455696 34.406780 0.000000
      vertex 41.455696 34.915254 0.000000
      vertex 41.455696 34.915254 0.400000
    endloop
  endfacet
  facet normal 1.000000 0.000000 0.000000
    outer loop
      vertex 41.455696 34.406780 0.000000
      vertex 41.455696 34.915254 0.400000
      vertex 41.455696 34.406780 0.400000
    endloop
  endfacet
  facet normal 0.000000 0.000000 -1.000000
    outer loop
      vertex 42.974684 34.406780 0.000000
      vertex 45.000000 34.915254 0.000000
      vertex 45.000000 34.406780 0.000000
    endloop
  endfacet
  facet normal 0.000000 0.000000 -1.000000
    outer loop
      vertex 42.974684 34.406780 0.000000
      vertex 42.974684 34.915254 0.000000
      vertex 45.000000 34.915254 0.000000
    endloop
  endfacet
  facet normal 0.000000 0.000000 1.000000
    outer loop
      vertex 42.974684 34.406780 0.400000
      vertex 45.000000 34.406780 0.400000
      vertex 45.000000 34.915254 0.400000
    endloop
  endfacet
  facet normal 0.000000 0.000000 1.000000
    outer loop
      vertex 42.974684 34.406780 0.400000
      vertex 45.000000 34.915254 0.400000
      vertex 42.974684 34.915254 0.400000
    endloop
  endfacet
  facet normal 0.000000 -1.000000 0.000000
    outer loop
      vertex 42.974684 34.406780 0.000000
      vertex 45.000000 34.406780 0.000000
      vertex 45.000000 34.406780 0.400000
    endloop
  endfacet
  facet normal 0.000000 -1.000000 0.000000
    outer loop
      vertex 42.974684 34.406780 0.000000
      vertex 45.000000 34.406780 0.400000
      vertex 42.974684 34.406780 0.400000
    endloop
  endfacet
  facet normal 0.000000 1.000000 0.000000
    outer loop
      vertex 42.974684 34.915254 0.000000
      vertex 45.000000 34.915254 0.400000
      vertex 45.000000 34.915254 0.000000
    endloop
  endfacet
  facet normal 0.000000 1.000000 0.000000
    outer loop
      vertex 42.974684 34.915254 0.000000
      vertex 42.974684 34.915254 0.400000
      vertex 45.000000 34.915254 0.400000
    endloop
  endfacet
  facet normal -1.000000 0.000000 0.000000
    outer loop
      vertex 42.974684 34.406780 0.000000
      vertex 42.974684 34.406780 0.400000
      vertex 42.974684 34.915254 0.400000
    endloop
  endfacet
  facet normal -1.000000 0.000000 0.000000
    outer loop
      vertex 42.974684 34.406780 0.000000
      vertex 42.974684 34.915254 0.400000
      vertex 42.974684 34.915254 0.000000
    endloop
  endfacet
  facet normal 1.000000 0.000000 0.000000
    outer loop
      vertex 45.000000 34.406780 0.000000
      vertex 45.000000 34.915254 0.000000
      vertex 45.000000 34.915254 0.400000
    endloop
  endfacet
  facet normal 1.000000 0.000000 0.000000
    outer loop
      vertex 45.000000 34.406780 0.000000
      vertex 45.000000 34.915254 0.400000
      vertex 45.000000 34.406780 0.400000
    endloop
  endfacet
  facet normal 0.000000 0.000000 -1.000000
    outer loop
      vertex 5.000000 33.898305 0.000000
      vertex 7.025316 34.406780 0.000000
      vertex 7.025316 33.898305 0.000000
    endloop
  endfacet
  facet normal 0.000000 0.000000 -1.000000
    outer loop
      vertex 5.000000 33.898305 0.000000
      vertex 5.000000 34.406780 0.000000
      vertex 7.025316 34.406780 0.000000
    endloop
  endfacet
  facet normal 0.000000 0.000000 1.000000
    outer loop
      vertex 5.000000 33.898305 0.400000
      vertex 7.025316 33.898305 0.400000
      vertex 7.025316 34.406780 0.400000
    endloop
  endfacet
  facet normal 0.000000 0.000000 1.000000
    outer loop
      vertex 5.000000 33.898305 0.400000
      vertex 7.025316 34.406780 0.400000
      vertex 5.000000 34.406780 0.400000
    endloop
  endfacet
  facet normal 0.000000 -1.000000 0.000000
    outer loop
      vertex 5.000000 33.898305 0.000000
      vertex 7.025316 33.898305 0.000000
      vertex 7.025316 33.898305 0.400000
    endloop
  endfacet
  facet normal 0.000000 -1.000000 0.000000
    outer loop
      vertex 5.000000 33.898305 0.000000
      vertex 7.025316 33.898305 0.400000
      vertex 5.000000 33.898305 0.400000
    endloop
  endfacet
  facet normal 0.000000 1.000000 0.000000
    outer loop
      vertex 5.000000 34.406780 0.000000
      vertex 7.025316 34.406780 0.400000
      vertex 7.025316 34.406780 0.000000
    endloop
  endfacet
  facet normal 0.000000 1.000000 0.000000
    outer loop
      vertex 5.000000 34.406780 0.000000
      vertex 5.000000 34.406780 0.400000
      vertex 7.025316 34.406780 0.400000
    endloop
  endfacet
  facet normal -1.000000 0.000000 0.000000
    outer loop
      vertex 5.000000 33.898305 0.000000
      vertex 5.000000 33.898305 0.400000
      vertex 5.000000 34.406780 0.400000
    endloop
  endfacet
  facet normal -1.000000 0.000000 0.000000
    outer loop
      vertex 5.000000 33.898305 0.000000
      vertex 5.000000 34.406780 0.400000
      vertex 5.000000 34.406780 0.000000
    endloop
  endfacet
  facet normal 1.000000 0.000000 0.000000
    outer loop
      vertex 7.025316 33.898305 0.000000
      vertex 7.025316 34.406780 0.000000
      vertex 7.025316 34.406780 0.400000
    endloop
  endfacet
  facet normal 1.000000 0.000000 0.000000
    outer loop
      vertex 7.025316 33.898305 0.000000
      vertex 7.025316 34.406780 0.400000
      vertex 7.025316 33.898305 0.400000
    endloop
  endfacet
  facet normal 0.000000 0.000000 -1.000000
    outer loop
      vertex 9.556962 33.898305 0.000000
      vertex 11.075949 34.406780 0.000000
      vertex 11.075949 33.898305 0.000000
    endloop
  endfacet
  facet normal 0.000000 0.000000 -1.000000
    outer loop
      vertex 9.556962 33.898305 0.000000
      vertex 9.556962 34.406780 0.000000
      vertex 11.075949 34.406780 0.000000
    endloop
  endfacet
  facet normal 0.000000 0.000000 1.000000
    outer loop
      vertex 9.556962 33.898305 0.400000
      vertex 11.075949 33.898305 0.400000
      vertex 11.075949 34.406780 0.400000
    endloop
  endfacet
  facet normal 0.000000 0.000000 1.000000
    outer loop
      vertex 9.556962 33.898305 0.400000
      vertex 11.075949 34.406780 0.400000
      vertex 9.556962 34.406780 0.400000
    endloop
  endfacet
  facet normal 0.000000 -1.000000 0.000000
    outer loop
      vertex 9.556962 33.898305 0.000000
      vertex 11.075949 33.898305 0.000000
      vertex 11.075949 33.898305 0.400000
    endloop
  endfacet
  facet normal 0.000000 -1.000000 0.000000
    outer loop
      vertex 9.556962 33.898305 0.000000
      vertex 11.075949 33.898305 0.400000
      vertex 9.556962 33.898305 0.400000
    endloop
  endfacet
  facet normal 0.000000 1.000000 0.000000
    outer loop
      vertex 9.556962 34.406780 0.000000
      vertex 11.075949 34.406780 0.400000
      vertex 11.075949 34.406780 0.000000
    endloop
  endfacet
  facet normal 0.000000 1.000000 0.000000
    outer loop
      vertex 9.556962 34.406780 0.000000
      vertex 9.556962 34.406780 0.400000
      vertex 11.075949 34.406780 0.400000
    endloop
  endfacet
  facet normal -1.000000 0.000000 0.000000
    outer loop
      vertex 9.556962 33.898305 0.000000
      vertex 9.556962 33.898305 0.400000
      vertex 9.556962 34.406780 0.400000
    endloop
  endfacet
  facet normal -1.000000 0.000000 0.000000
    outer loop
      vertex 9.556962 33.898305 0.000000
      vertex 9.556962 34.406780 0.400000
      vertex 9.556962 34.406780 0.000000
    endloop
  endfacet
  facet normal 1.000000 0.000000 0.000000
    outer loop
      vertex 11.075949 33.898305 0.000000
      vertex 11.075949 34.406780 0.000000
      vertex 11.075949 34.406780 0.400000
    endloop
  endfacet
  facet normal 1.000000 0.000000 0.000000
    outer loop
      vertex 11.075949 33.898305 0.000000
      vertex 11.075949 34.406780 0.400000
      vertex 11.075949 33.898305 0.400000
    endloop
  endfacet
  facet normal 0.000000 0.000000 -1.000000
    outer loop
      vertex 13.607595 33.898305 0.000000
      vertex 15.126582 34.406780 0.000000
      vertex 15.126582 33.898305 0.000000
    endloop
  endfacet
  facet normal 0.000000 0.000000 -1.000000
    outer loop
      vertex 13.607595 33.898305 0.000000
      vertex 13.607595 34.406780 0.000000
      vertex 15.126582 34.406780 0.000000
    endloop
  endfacet
  facet normal 0.000000 0.000000 1.000000
    outer loop
      vertex 13.607595 33.898305 0.400000
      vertex 15.126582 33.898305 0.400000
      vertex 15.126582 34.406780 0.400000
    endloop
  endfacet
  facet normal 0.000000 0.000000 1.000000
    outer loop
      vertex 13.607595 33.898305 0.400000
      vertex 15.126582 34.406780 0.400000
      vertex 13.607595 34.406780 0.400000
    endloop
  endfacet
  facet normal 0.000000 -1.000000 0.000000
    outer loop
      vertex 13.607595 33.898305 0.000000
      vertex 15.126582 33.898305 0.000000
      vertex 15.126582 33.898305 0.400000
    endloop
  endfacet
  facet normal 0.000000 -1.000000 0.000000
    outer loop
      vertex 13.607595 33.898305 0.000000
      vertex 15.126582 33.898305 0.400000
      vertex 13.607595 33.898305 0.400000
    endloop
  endfacet
  facet normal 0.000000 1.000000 0.000000
    outer loop
      vertex 13.607595 34.406780 0.000000
      vertex 15.126582 34.406780 0.400000
      vertex 15.126582 34.406780 0.000000
    endloop
  endfacet
  facet normal 0.000000 1.000000 0.000000
    outer loop
      vertex 13.607595 34.406780 0.000000
      vertex 13.607595 34.406780 0.400000
      vertex 15.126582 34.406780 0.400000
    endloop
  endfacet
  facet normal -1.000000 0.000000 0.000000
    outer loop
      vertex 13.607595 33.898305 0.000000
      vertex 13.607595 33.898305 0.400000
      vertex 13.607595 34.406780 0.400000
    endloop
  endfacet
  facet normal -1.000000 0.000000 0.000000
    outer loop
      vertex 13.607595 33.898305 0.000000
      vertex 13.607595 34.406780 0.400000
      vertex 13.607595 34.406780 0.000000
    endloop
  endfacet
  facet normal 1.000000 0.000000 0.000000
    outer loop
      vertex 15.126582 33.898305 0.000000
      vertex 15.126582 34.406780 0.000000
      vertex 15.126582 34.406780 0.400000
    endloop
  endfacet
  facet normal 1.000000 0.000000 0.000000
    outer loop
      vertex 15.126582 33.898305 0.000000
      vertex 15.126582 34.406780 0.400000
      vertex 15.126582 33.898305 0.400000
    endloop
  endfacet
  facet normal 0.000000 0.000000 -1.000000
    outer loop
      vertex 16.645570 33.898305 0.000000
      vertex 18.670886 34.406780 0.000000
      vertex 18.670886 33.898305 0.000000
    endloop
  endfacet
  facet normal 0.000000 0.000000 -1.000000
    outer loop
      vertex 16.645570 33.898305 0.000000
      vertex 16.645570 34.406780 0.000000
      vertex 18.670886 34.406780 0.000000
    endloop
  endfacet
  facet normal 0.000000 0.000000 1.000000
    outer loop
      vertex 16.645570 33.898305 0.400000
      vertex 18.670886 33.898305 0.400000
      vertex 18.670886 34.406780 0.400000
    endloop
  endfacet
  facet normal 0.000000 0.000000 1.000000
    outer loop
      vertex 16.645570 33.898305 0.400000
      vertex 18.670886 34.406780 0.400000
      vertex 16.645570 34.406780 0.400000
    endloop
  endfacet
  facet normal 0.000000 -1.000000 0.000000
    outer loop
      vertex 16.645570 33.898305 0.000000
      vertex 18.670886 33.898305 0.000000
      vertex 18.670886 33.898305 0.400000
    endloop
  endfacet
  facet normal 0.000000 -1.000000 0.000000
    outer loop
      vertex 16.645570 33.898305 0.000000
      vertex 18.670886 33.898305 0.400000
      vertex 16.645570 33.898305 0.400000
    endloop
  endfacet
  facet normal 0.000000 1.000000 0.000000
    outer loop
      vertex 16.645570 34.406780 0.000000
      vertex 18.670886 34.406780 0.400000
      vertex 18.670886 34.406780 0.000000
    endloop
  endfacet
  facet normal 0.000000 1.000000 0.000000
    outer loop
      vertex 16.645570 34.406780 0.000000
      vertex 16.645570 34.406780 0.400000
      vertex 18.670886 34.406780 0.400000
    endloop
  endfacet
  facet normal -1.000000 0.000000 0.000000
    outer loop
      vertex 16.645570 33.898305 0.000000
      vertex 16.645570 33.898305 0.400000
      vertex 16.645570 34.406780 0.400000
    endloop
  endfacet
  facet normal -1.000000 0.000000 0.000000
    outer loop
      vertex 16.645570 33.898305 0.000000
      vertex 16.645570 34.406780 0.400000
      vertex 16.645570 34.406780 0.000000
    endloop
  endfacet
  facet normal 1.000000 0.000000 0.000000
    outer loop
      vertex 18.670886 33.898305 0.000000
      vertex 18.670886 34.406780 0.000000
      vertex 18.670886 34.406780 0.400000
    endloop
  endfacet
  facet normal 1.000000 0.000000 0.000000
    outer loop
      vertex 18.670886 33.898305 0.000000
      vertex 18.670886 34.406780 0.400000
      vertex 18.670886 33.898305 0.400000
    endloop
  endfacet
  facet normal 0.000000 0.000000 -1.000000
    outer loop
      vertex 20.189873 33.898305 0.000000
      vertex 22.215190 34.406780 0.000000
      vertex 22.215190 33.898305 0.000000
    endloop
  endfacet
  facet normal 0.000000 0.000000 -1.000000
    outer loop
      vertex 20.189873 33.898305 0.000000
      vertex 20.189873 34.406780 0.000000
      vertex 22.215190 34.406780 0.000000
    endloop
  endfacet
  facet normal 0.000000 0.000000 1.000000
    outer loop
      vertex 20.189873 33.898305 0.400000
      vertex 22.215190 33.898305 0.400000
      vertex 22.215190 34.406780 0.400000
    endloop
  endfacet
  facet normal 0.000000 0.000000 1.000000
    outer loop
      vertex 20.189873 33.898305 0.400000
      vertex 22.215190 34.406780 0.400000
      vertex 20.189873 34.406780 0.400000
    endloop
  endfacet
  facet normal 0.000000 -1.000000 0.000000
    outer loop
      vertex 20.189873 33.898305 0.000000
      vertex 22.215190 33.898305 0.000000
      vertex 22.215190 33.898305 0.400000
    endloop
  endfacet
  facet normal 0.000000 -1.000000 0.000000
    outer loop
      vertex 20.189873 33.898305 0.000000
      vertex 22.215190 33.898305 0.400000
      vertex 20.189873 33.898305 0.400000
    endloop
  endfacet
  facet normal 0.000000 1.000000 0.000000
    outer loop
      vertex 20.189873 34.406780 0.000000
      vertex 22.215190 34.406780 0.400000
      vertex 22.215190 34.406780 0.000000
    endloop
  endfacet
  facet normal 0.000000 1.000000 0.000000
    outer loop
      vertex 20.189873 34.406780 0.000000
      vertex 20.189873 34.406780 0.400000
      vertex 22.215190 34.406780 0.400000
    endloop
  endfacet
  facet normal -1.000000 0.000000 0.000000
    outer loop
      vertex 20.189873 33.898305 0.000000
      vertex 20.189873 33.898305 0.400000
      vertex 20.189873 34.406780 0.400000
    endloop
  endfacet
  facet normal -1.000000 0.000000 0.000000
    outer loop
      vertex 20.189873 33.898305 0.000000
      vertex 20.189873 34.406780 0.400000
      vertex 20.189873 34.406780 0.000000
    endloop
  endfacet
  facet normal 1.000000 0.000000 0.000000
    outer loop
      vertex 22.215190 33.898305 0.000000
      vertex 22.215190 34.406780 0.000000
      vertex 22.215190 34.406780 0.400000
    endloop
  endfacet
  facet normal 1.000000 0.000000 0.000000
    outer loop
      vertex 22.215190 33.898305 0.000000
      vertex 22.215190 34.406780 0.400000
      vertex 22.215190 33.898305 0.400000
    endloop
  endfacet
  facet normal 0.000000 0.000000 -1.000000
    outer loop
      vertex 23.734177 33.898305 0.000000
      vertex 27.784810 34.406780 0.000000
      vertex 27.784810 33.898305 0.000000
    endloop
  endfacet
  facet normal 0.000000 0.000000 -1.000000
    outer loop
      vertex 23.734177 33.898305 0.000000
      vertex 23.734177 34.406780 0.000000
      vertex 27.784810 34.406780 0.000000
    endloop
  endfacet
  facet normal 0.000000 0.000000 1.000000
    outer loop
      vertex 23.734177 33.898305 0.400000
      vertex 27.784810 33.898305 0.400000
      vertex 27.784810 34.406780 0.400000
    endloop
  endfacet
  facet normal 0.000000 0.000000 1.000000
    outer loop
      vertex 23.734177 33.898305 0.400000
      vertex 27.784810 34.406780 0.400000
      vertex 23.734177 34.406780 0.400000
    endloop
  endfacet
  facet normal 0.000000 -1.000000 0.000000
    outer loop
      vertex 23.734177 33.898305 0.000000
      vertex 27.784810 33.898305 0.000000
      vertex 27.784810 33.898305 0.400000
    endloop
  endfacet
  facet normal 0.000000 -1.000000 0.000000
    outer loop
      vertex 23.734177 33.898305 0.000000
      vertex 27.784810 33.898305 0.400000
      vertex 23.734177 33.898305 0.400000
    endloop
  endfacet
  facet normal 0.000000 1.000000 0.000000
    outer loop
      vertex 23.734177 34.406780 0.000000
      vertex 27.784810 34.406780 0.400000
      vertex 27.784810 34.406780 0.000000
    endloop
  endfacet
  facet normal 0.000000 1.000000 0.000000
    outer loop
      vertex 23.734177 34.406780 0.000000
      vertex 23.734177 34.406780 0.400000
      vertex 27.784810 34.406780 0.400000
    endloop
  endfacet
  facet normal -1.000000 0.000000 0.000000
    outer loop
      vertex 23.734177 33.898305 0.000000
      vertex 23.734177 33.898305 0.400000
      vertex 23.734177 34.406780 0.400000
    endloop
  endfacet
  facet normal -1.000000 0.000000 0.000000
    outer loop
      vertex 23.734177 33.898305 0.000000
      vertex 23.734177 34.406780 0.400000
      vertex 23.734177 34.406780 0.000000
    endloop
  endfacet
  facet normal 1.000000 0.000000 0.000000
    outer loop
      vertex 27.784810 33.898305 0.000000
      vertex 27.784810 34.406780 0.000000
      vertex 27.784810 34.406780 0.400000
    endloop
  endfacet
  facet normal 1.000000 0.000000 0.000000
    outer loop
      vertex 27.784810 33.898305 0.000000
      vertex 27.784810 34.406780 0.400000
      vertex 27.784810 33.898305 0.400000
    endloop
  endfacet
  facet normal 0.000000 0.000000 -1.000000
    outer loop
      vertex 29.303797 33.898305 0.000000
      vertex 32.341772 34.406780 0.000000
      vertex 32.341772 33.898305 0.000000
    endloop
  endfacet
  facet normal 0.000000 0.000000 -1.000000
    outer loop
      vertex 29.303797 33.898305 0.000000
      vertex 29.303797 34.406780 0.000000
      vertex 32.341772 34.406780 0.000000
    endloop
  endfacet
  facet normal 0.000000 0.000000 1.000000
    outer loop
      vertex 29.303797 33.898305 0.400000
      vertex 32.341772 33.898305 0.400000
      vertex 32.341772 34.406780 0.400000
    endloop
  endfacet
  facet normal 0.000000 0.000000 1.000000
    outer loop
      vertex 29.303797 33.898305 0.400000
      vertex 32.341772 34.406780 0.400000
      vertex 29.303797 34.406780 0.400000
    endloop
  endfacet
  facet normal 0.000000 -1.000000 0.000000
    outer loop
      vertex 29.303797 33.898305 0.000000
      vertex 32.341772 33.898305 0.000000
      vertex 32.341772 33.898305 0.400000
    endloop
  endfacet
  facet normal 0.000000 -1.000000 0.000000
    outer loop
      vertex 29.303797 33.898305 0.000000
      vertex 32.341772 33.898305 0.400000
      vertex 29.303797 33.898305 0.400000
    endloop
  endfacet
  facet normal 0.000000 1.000000 0.000000
    outer loop
      vertex 29.303797 34.406780 0.000000
      vertex 32.341772 34.406780 0.400000
      vertex 32.341772 34.406780 0.000000
    endloop
  endfacet
  facet normal 0.000000 1.000000 0.000000
    outer loop
      vertex 29.303797 34.406780 0.000000
      vertex 29.303797 34.406780 0.400000
      vertex 32.341772 34.406780 0.400000
    endloop
  endfacet
  facet normal -1.000000 0.000000 0.000000
    outer loop
      vertex 29.303797 33.898305 0.000000
      vertex 29.303797 33.898305 0.400000
      vertex 29.303797 34.406780 0.400000
    endloop
  endfacet
  facet normal -1.000000 0.000000 0.000000
    outer loop
      vertex 29.303797 33.898305 0.000000
      vertex 29.303797 34.406780 0.400000
      vertex 29.303797 34.406780 0.000000
    endloop
  endfacet
  facet normal 1.000000 0.000000 0.000000
    outer loop
      vertex 32.341772 33.898305 0.000000
      vertex 32.341772 34.406780 0.000000
      vertex 32.341772 34.406780 0.400000
    endloop
  endfacet
  facet normal 1.000000 0.000000 0.000000
    outer loop
      vertex 32.341772 33.898305 0.000000
      vertex 32.341772 34.406780 0.400000
      vertex 32.341772 33.898305 0.400000
    endloop
  endfacet
  facet normal 0.000000 0.000000 -1.000000
    outer loop
      vertex 33.860759 33.898305 0.000000
      vertex 35.886076 34.406780 0.000000
      vertex 35.886076 33.898305 0.000000
    endloop
  endfacet
  facet normal 0.000000 0.000000 -1.000000
    outer loop
      vertex 33.860759 33.898305 0.000000
      vertex 33.860759 34.406780 0.000000
      vertex 35.886076 34.406780 0.000000
    endloop
  endfacet
  facet normal 0.000000 0.000000 1.000000
    outer loop
      vertex 33.860759 33.898305 0.400000
      vertex 35.886076 33.898305 0.400000
      vertex 35.886076 34.406780 0.400000
    endloop
  endfacet
  facet normal 0.000000 0.000000 1.000000
    outer loop
      vertex 33.860759 33.898305 0.400000
      vertex 35.886076 34.406780 0.400000
      vertex 33.860759 34.406780 0.400000
    endloop
  endfacet
  facet normal 0.000000 -1.000000 0.000000
    outer loop
      vertex 33.860759 33.898305 0.000000
      vertex 35.886076 33.898305 0.000000
      vertex 35.886076 33.898305 0.400000
    endloop
  endfacet
  facet normal 0.000000 -1.000000 0.000000
    outer loop
      vertex 33.860759 33.898305 0.000000
      vertex 35.886076 33.898305 0.400000
      vertex 33.860759 33.898305 0.400000
    endloop
  endfacet
  facet normal 0.000000 1.000000 0.000000
    outer loop
      vertex 33.860759 34.406780 0.000000
      vertex 35.886076 34.406780 0.400000
      vertex 35.886076 34.406780 0.000000
    endloop
  endfacet
  facet normal 0.000000 1.000000 0.000000
    outer loop
      vertex 33.860759 34.406780 0.000000
      vertex 33.860759 34.406780 0.400000
      vertex 35.886076 34.406780 0.400000
    endloop
  endfacet
  facet normal -1.000000 0.000000 0.000000
    outer loop
      vertex 33.860759 33.898305 0.000000
      vertex 33.860759 33.898305 0.400000
      vertex 33.860759 34.406780 0.400000
    endloop
  endfacet
  facet normal -1.000000 0.000000 0.000000
    outer loop
      vertex 33.860759 33.898305 0.000000
      vertex 33.860759 34.406780 0.400000
      vertex 33.860759 34.406780 0.000000
    endloop
  endfacet
  facet normal 1.000000 0.000000 0.000000
    outer loop
      vertex 35.886076 33.898305 0.000000
      vertex 35.886076 34.406780 0.000000
      vertex 35.886076 34.406780 0.400000
    endloop
  endfacet
  facet normal 1.000000 0.000000 0.000000
    outer loop
      vertex 35.886076 33.898305 0.000000
      vertex 35.886076 34.406780 0.400000
      vertex 35.886076 33.898305 0.400000
    endloop
  endfacet
  facet normal 0.000000 0.000000 -1.000000
    outer loop
      vertex 37.405063 33.898305 0.000000
      vertex 38.417722 34.406780 0.000000
      vertex 38.417722 33.898305 0.000000
    endloop
  endfacet
  facet normal 0.000000 0.000000 -1.000000
    outer loop
      vertex 37.405063 33.898305 0.000000
      vertex 37.405063 34.406780 0.000000
      vertex 38.417722 34.406780 0.000000
    endloop
  endfacet
  facet normal 0.000000 0.000000 1.000000
    outer loop
      vertex 37.405063 33.898305 0.400000
      vertex 38.417722 33.898305 0.400000
      vertex 38.417722 34.406780 0.400000
    endloop
  endfacet
  facet normal 0.000000 0.000000 1.000000
    outer loop
      vertex 37.405063 33.898305 0.400000
      vertex 38.417722 34.406780 0.400000
      vertex 37.405063 34.406780 0.400000
    endloop
  endfacet
  facet normal 0.000000 -1.000000 0.000000
    outer loop
      vertex 37.405063 33.898305 0.000000
      vertex 38.417722 33.898305 0.000000
      vertex 38.417722 33.898305 0.400000
    endloop
  endfacet
  facet normal 0.000000 -1.000000 0.000000
    outer loop
      vertex 37.405063 33.898305 0.000000
      vertex 38.417722 33.898305 0.400000
      vertex 37.405063 33.898305 0.400000
    endloop
  endfacet
  facet normal 0.000000 1.000000 0.000000
    outer loop
      vertex 37.405063 34.406780 0.000000
      vertex 38.417722 34.406780 0.400000
      vertex 38.417722 34.406780 0.000000
    endloop
  endfacet
  facet normal 0.000000 1.000000 0.000000
    outer loop
      vertex 37.405063 34.406780 0.000000
      vertex 37.405063 34.406780 0.400000
      vertex 38.417722 34.406780 0.400000
    endloop
  endfacet
  facet normal -1.000000 0.000000 0.000000
    outer loop
      vertex 37.405063 33.898305 0.000000
      vertex 37.405063 33.898305 0.400000
      vertex 37.405063 34.406780 0.400000
    endloop
  endfacet
  facet normal -1.000000 0.000000 0.000000
    outer loop
      vertex 37.405063 33.898305 0.000000
      vertex 37.405063 34.406780 0.400000
      vertex 37.405063 34.406780 0.000000
    endloop
  endfacet
  facet normal 1.000000 0.000000 0.000000
    outer loop
      vertex 38.417722 33.898305 0.000000
      vertex 38.417722 34.406780 0.000000
      vertex 38.417722 34.406780 0.400000
    endloop
  endfacet
  facet normal 1.000000 0.000000 0.000000
    outer loop
      vertex 38.417722 33.898305 0.000000
      vertex 38.417722 34.406780 0.400000
      vertex 38.417722 33.898305 0.400000
    endloop
  endfacet
  facet normal 0.000000 0.000000 -1.000000
    outer loop
      vertex 39.936709 33.898305 0.000000
      vertex 41.455696 34.406780 0.000000
      vertex 41.455696 33.898305 0.000000
    endloop
  endfacet
  facet normal 0.000000 0.000000 -1.000000
    outer loop
      vertex 39.936709 33.898305 0.000000
      vertex 39.936709 34.406780 0.000000
      vertex 41.455696 34.406780 0.000000
    endloop
  endfacet
  facet normal 0.000000 0.000000 1.000000
    outer loop
      vertex 39.936709 33.898305 0.400000
      vertex 41.455696 33.898305 0.400000
      vertex 41.455696 34.406780 0.400000
    endloop
  endfacet
  facet normal 0.000000 0.000000 1.000000
    outer loop
      vertex 39.936709 33.898305 0.400000
      vertex 41.455696 34.406780 0.400000
      vertex 39.936709 34.406780 0.400000
    endloop
  endfacet
  facet normal 0.000000 -1.000000 0.000000
    outer loop
      vertex 39.936709 33.898305 0.000000
      vertex 41.455696 33.898305 0.000000
      vertex 41.455696 33.898305 0.400000
    endloop
  endfacet
  facet normal 0.000000 -1.000000 0.000000
    outer loop
      vertex 39.936709 33.898305 0.000000
      vertex 41.455696 33.898305 0.400000
      vertex 39.936709 33.898305 0.400000
    endloop
  endfacet
  facet normal 0.000000 1.000000 0.000000
    outer loop
      vertex 39.936709 34.406780 0.000000
      vertex 41.455696 34.406780 0.400000
      vertex 41.455696 34.406780 0.000000
    endloop
  endfacet
  facet normal 0.000000 1.000000 0.000000
    outer loop
      vertex 39.936709 34.406780 0.000000
      vertex 39.936709 34.406780 0.400000
      vertex 41.455696 34.406780 0.400000
    endloop
  endfacet
  facet normal -1.000000 0.000000 0.000000
    outer loop
      vertex 39.936709 33.898305 0.000000
      vertex 39.936709 33.898305 0.400000
      vertex 39.936709 34.406780 0.400000
    endloop
  endfacet
  facet normal -1.000000 0.000000 0.000000
    outer loop
      vertex 39.936709 33.898305 0.000000
      vertex 39.936709 34.406780 0.400000
      vertex 39.936709 34.406780 0.000000
    endloop
  endfacet
  facet normal 1.000000 0.000000 0.000000
    outer loop
      vertex 41.455696 33.898305 0.000000
      vertex 41.455696 34.406780 0.000000
      vertex 41.455696 34.406780 0.400000
    endloop
  endfacet
  facet normal 1.000000 0.000000 0.000000
    outer loop
      vertex 41.455696 33.898305 0.000000
      vertex 41.455696 34.406780 0.400000
      vertex 41.455696 33.898305 0.400000
    endloop
  endfacet
  facet normal 0.000000 0.000000 -1.000000
    outer loop
      vertex 42.974684 33.898305 0.000000
      vertex 45.000000 34.406780 0.000000
      vertex 45.000000 33.898305 0.000000
    endloop
  endfacet
  facet normal 0.000000 0.000000 -1.000000
    outer loop
      vertex 42.974684 33.898305 0.000000
      vertex 42.974684 34.406780 0.000000
      vertex 45.000000 34.406780 0.000000
    endloop
  endfacet
  facet normal 0.000000 0.000000 1.000000
    outer loop
      vertex 42.974684 33.898305 0.400000
      vertex 45.000000 33.898305 0.400000
      vertex 45.000000 34.406780 0.400000
    endloop
  endfacet
  facet normal 0.000000 0.000000 1.000000
    outer loop
      vertex 42.974684 33.898305 0.400000
      vertex 45.000000 34.406780 0.400000
      vertex 42.974684 34.406780 0.400000
    endloop
  endfacet
  facet normal 0.000000 -1.000000 0.000000
    outer loop
      vertex 42.974684 33.898305 0.000000
      vertex 45.000000 33.898305 0.000000
      vertex 45.000000 33.898305 0.400000
    endloop
  endfacet
  facet normal 0.000000 -1.000000 0.000000
    outer loop
      vertex 42.974684 33.898305 0.000000
      vertex 45.000000 33.898305 0.400000
      vertex 42.974684 33.898305 0.400000
    endloop
  endfacet
  facet normal 0.000000 1.000000 0.000000
    outer loop
      vertex 42.974684 34.406780 0.000000
      vertex 45.000000 34.406780 0.400000
      vertex 45.000000 34.406780 0.000000
    endloop
  endfacet
  facet normal 0.000000 1.000000 0.000000
    outer loop
      vertex 42.974684 34.406780 0.000000
      vertex 42.974684 34.406780 0.400000
      vertex 45.000000 34.406780 0.400000
    endloop
  endfacet
  facet normal -1.000000 0.000000 0.000000
    outer loop
      vertex 42.974684 33.898305 0.000000
      vertex 42.974684 33.898305 0.400000
      vertex 42.974684 34.406780 0.400000
    endloop
  endfacet
  facet normal -1.000000 0.000000 0.000000
    outer loop
      vertex 42.974684 33.898305 0.000000
      vertex 42.974684 34.406780 0.400000
      vertex 42.974684 34.406780 0.000000
    endloop
  endfacet
  facet normal 1.000000 0.000000 0.000000
    outer loop
      vertex 45.000000 33.898305 0.000000
      vertex 45.000000 34.406780 0.000000
      vertex 45.000000 34.406780 0.400000
    endloop
  endfacet
  facet normal 1.000000 0.000000 0.000000
    outer loop
      vertex 45.000000 33.898305 0.000000
      vertex 45.000000 34.406780 0.400000
      vertex 45.000000 33.898305 0.400000
    endloop
  endfacet
  facet normal 0.000000 0.000000 -1.000000
    outer loop
      vertex 5.000000 33.389831 0.000000
      vertex 7.025316 33.898305 0.000000
      vertex 7.025316 33.389831 0.000000
    endloop
  endfacet
  facet normal 0.000000 0.000000 -1.000000
    outer loop
      vertex 5.000000 33.389831 0.000000
      vertex 5.000000 33.898305 0.000000
      vertex 7.025316 33.898305 0.000000
    endloop
  endfacet
  facet normal 0.000000 0.000000 1.000000
    outer loop
      vertex 5.000000 33.389831 0.400000
      vertex 7.025316 33.389831 0.400000
      vertex 7.025316 33.898305 0.400000
    endloop
  endfacet
  facet normal 0.000000 0.000000 1.000000
    outer loop
      vertex 5.000000 33.389831 0.400000
      vertex 7.025316 33.898305 0.400000
      vertex 5.000000 33.898305 0.400000
    endloop
  endfacet
  facet normal 0.000000 -1.000000 0.000000
    outer loop
      vertex 5.000000 33.389831 0.000000
      vertex 7.025316 33.389831 0.000000
      vertex 7.025316 33.389831 0.400000
    endloop
  endfacet
  facet normal 0.000000 -1.000000 0.000000
    outer loop
      vertex 5.000000 33.389831 0.000000
      vertex 7.025316 33.389831 0.400000
      vertex 5.000000 33.389831 0.400000
    endloop
  endfacet
  facet normal 0.000000 1.000000 0.000000
    outer loop
      vertex 5.000000 33.898305 0.000000
      vertex 7.025316 33.898305 0.400000
      vertex 7.025316 33.898305 0.000000
    endloop
  endfacet
  facet normal 0.000000 1.000000 0.000000
    outer loop
      vertex 5.000000 33.898305 0.000000
      vertex 5.000000 33.898305 0.400000
      vertex 7.025316 33.898305 0.400000
    endloop
  endfacet
  facet normal -1.000000 0.000000 0.000000
    outer loop
      vertex 5.000000 33.389831 0.000000
      vertex 5.000000 33.389831 0.400000
      vertex 5.000000 33.898305 0.400000
    endloop
  endfacet
  facet normal -1.000000 0.000000 0.000000
    outer loop
      vertex 5.000000 33.389831 0.000000
      vertex 5.000000 33.898305 0.400000
      vertex 5.000000 33.898305 0.000000
    endloop
  endfacet
  facet normal 1.000000 0.000000 0.000000
    outer loop
      vertex 7.025316 33.389831 0.000000
      vertex 7.025316 33.898305 0.000000
      vertex 7.025316 33.898305 0.400000
    endloop
  endfacet
  facet normal 1.000000 0.000000 0.000000
    outer loop
      vertex 7.025316 33.389831 0.000000
      vertex 7.025316 33.898305 0.400000
      vertex 7.025316 33.389831 0.400000
    endloop
  endfacet
  facet normal 0.000000 0.000000 -1.000000
    outer loop
      vertex 10.063291 33.389831 0.000000
      vertex 11.075949 33.898305 0.000000
      vertex 11.075949 33.389831 0.000000
    endloop
  endfacet
  facet normal 0.000000 0.000000 -1.000000
    outer loop
      vertex 10.063291 33.389831 0.000000
      vertex 10.063291 33.898305 0.000000
      vertex 11.075949 33.898305 0.000000
    endloop
  endfacet
  facet normal 0.000000 0.000000 1.000000
    outer loop
      vertex 10.063291 33.389831 0.400000
      vertex 11.075949 33.389831 0.400000
      vertex 11.075949 33.898305 0.400000
    endloop
  endfacet
  facet normal 0.000000 0.000000 1.000000
    outer loop
      vertex 10.063291 33.389831 0.400000
      vertex 11.075949 33.898305 0.400000
      vertex 10.063291 33.898305 0.400000
    endloop
  endfacet
  facet normal 0.000000 -1.000000 0.000000
    outer loop
      vertex 10.063291 33.389831 0.000000
      vertex 11.075949 33.389831 0.000000
      vertex 11.075949 33.389831 0.400000
    endloop
  endfacet
  facet normal 0.000000 -1.000000 0.000000
    outer loop
      vertex 10.063291 33.389831 0.000000
      vertex 11.075949 33.389831 0.400000
      vertex 10.063291 33.389831 0.400000
    endloop
  endfacet
  facet normal 0.000000 1.000000 0.000000
    outer loop
      vertex 10.063291 33.898305 0.000000
      vertex 11.075949 33.898305 0.400000
      vertex 11.075949 33.898305 0.000000
    endloop
  endfacet
  facet normal 0.000000 1.000000 0.000000
    outer loop
      vertex 10.063291 33.898305 0.000000
      vertex 10.063291 33.898305 0.400000
      vertex 11.075949 33.898305 0.400000
    endloop
  endfacet
  facet normal -1.000000 0.000000 0.000000
    outer loop
      vertex 10.063291 33.389831 0.000000
      vertex 10.063291 33.389831 0.400000
      vertex 10.063291 33.898305 0.400000
    endloop
  endfacet
  facet normal -1.000000 0.000000 0.000000
    outer loop
      vertex 10.063291 33.389831 0.000000
      vertex 10.063291 33.898305 0.400000
      vertex 10.063291 33.898305 0.000000
    endloop
  endfacet
  facet normal 1.000000 0.000000 0.000000
    outer loop
      vertex 11.075949 33.389831 0.000000
      vertex 11.075949 33.898305 0.000000
      vertex 11.075949 33.898305 0.400000
    endloop
  endfacet
  facet normal 1.000000 0.000000 0.000000
    outer loop
      vertex 11.075949 33.389831 0.000000
      vertex 11.075949 33.898305 0.400000
      vertex 11.075949 33.389831 0.400000
    endloop
  endfacet
  facet normal 0.000000 0.000000 -1.000000
    outer loop
      vertex 13.607595 33.389831 0.000000
      vertex 14.620253 33.898305 0.000000
      vertex 14.620253 33.389831 0.000000
    endloop
  endfacet
  facet normal 0.000000 0.000000 -1.000000
    outer loop
      vertex 13.607595 33.389831 0.000000
      vertex 13.607595 33.898305 0.000000
      vertex 14.620253 33.898305 0.000000
    endloop
  endfacet
  facet normal 0.000000 0.000000 1.000000
    outer loop
      vertex 13.607595 33.389831 0.400000
      vertex 14.620253 33.389831 0.400000
      vertex 14.620253 33.898305 0.400000
    endloop
  endfacet
  facet normal 0.000000 0.000000 1.000000
    outer loop
      vertex 13.607595 33.389831 0.400000
      vertex 14.620253 33.898305 0.400000
      vertex 13.607595 33.898305 0.400000
    endloop
  endfacet
  facet normal 0.000000 -1.000000 0.000000
    outer loop
      vertex 13.607595 33.389831 0.000000
      vertex 14.620253 33.389831 0.000000
      vertex 14.620253 33.389831 0.400000
    endloop
  endfacet
  facet normal 0.000000 -1.000000 0.000000
    outer loop
      vertex 13.607595 33.389831 0.000000
      vertex 14.620253 33.389831 0.400000
      vertex 13.607595 33.389831 0.400000
    endloop
  endfacet
  facet normal 0.000000 1.000000 0.000000
    outer loop
      vertex 13.607595 33.898305 0.000000
      vertex 14.620253 33.898305 0.400000
      vertex 14.620253 33.898305 0.000000
    endloop
  endfacet
  facet normal 0.000000 1.000000 0.000000
    outer loop
      vertex 13.607595 33.898305 0.000000
      vertex 13.607595 33.898305 0.400000
      vertex 14.620253 33.898305 0.400000
    endloop
  endfacet
  facet normal -1.000000 0.000000 0.000000
    outer loop
      vertex 13.607595 33.389831 0.000000
      vertex 13.607595 33.389831 0.400000
      vertex 13.607595 33.898305 0.400000
    endloop
  endfacet
  facet normal -1.000000 0.000000 0.000000
    outer loop
      vertex 13.607595 33.389831 0.000000
      vertex 13.607595 33.898305 0.400000
      vertex 13.607595 33.898305 0.000000
    endloop
  endfacet
  facet normal 1.000000 0.000000 0.000000
    outer loop
      vertex 14.620253 33.389831 0.000000
      vertex 14.620253 33.898305 0.000000
      vertex 14.620253 33.898305 0.400000
    endloop
  endfacet
  facet normal 1.000000 0.000000 0.000000
    outer loop
      vertex 14.620253 33.389831 0.000000
      vertex 14.620253 33.898305 0.400000
      vertex 14.620253 33.389831 0.400000
    endloop
  endfacet
  facet normal 0.000000 0.000000 -1.000000
    outer loop
      vertex 16.139241 33.389831 0.000000
      vertex 18.670886 33.898305 0.000000
      vertex 18.670886 33.389831 0.000000
    endloop
  endfacet
  facet normal 0.000000 0.000000 -1.000000
    outer loop
      vertex 16.139241 33.389831 0.000000
      vertex 16.139241 33.898305 0.000000
      vertex 18.670886 33.898305 0.000000
    endloop
  endfacet
  facet normal 0.000000 0.000000 1.000000
    outer loop
      vertex 16.139241 33.389831 0.400000
      vertex 18.670886 33.389831 0.400000
      vertex 18.670886 33.898305 0.400000
    endloop
  endfacet
  facet normal 0.000000 0.000000 1.000000
    outer loop
      vertex 16.139241 33.389831 0.400000
      vertex 18.670886 33.898305 0.400000
      vertex 16.139241 33.898305 0.400000
    endloop
  endfacet
  facet normal 0.000000 -1.000000 0.000000
    outer loop
      vertex 16.139241 33.389831 0.000000
      vertex 18.670886 33.389831 0.000000
      vertex 18.670886 33.389831 0.400000
    endloop
  endfacet
  facet normal 0.000000 -1.000000 0.000000
    outer loop
      vertex 16.139241 33.389831 0.000000
      vertex 18.670886 33.389831 0.400000
      vertex 16.139241 33.389831 0.400000
    endloop
  endfacet
  facet normal 0.000000 1.000000 0.000000
    outer loop
      vertex 16.139241 33.898305 0.000000
      vertex 18.670886 33.898305 0.400000
      vertex 18.670886 33.898305 0.000000
    endloop
  endfacet
  facet normal 0.000000 1.000000 0.000000
    outer loop
      vertex 16.139241 33.898305 0.000000
      vertex 16.139241 33.898305 0.400000
      vertex 18.670886 33.898305 0.400000
    endloop
  endfacet
  facet normal -1.000000 0.000000 0.000000
    outer loop
      vertex 16.139241 33.389831 0.000000
      vertex 16.139241 33.389831 0.400000
      vertex 16.139241 33.898305 0.400000
    endloop
  endfacet
  facet normal -1.000000 0.000000 0.000000
    outer loop
      vertex 16.139241 33.389831 0.000000
      vertex 16.139241 33.898305 0.400000
      vertex 16.139241 33.898305 0.000000
    endloop
  endfacet
  facet normal 1.000000 0.000000 0.000000
    outer loop
      vertex 18.670886 33.389831 0.000000
      vertex 18.670886 33.898305 0.000000
      vertex 18.670886 33.898305 0.400000
    endloop
  endfacet
  facet normal 1.000000 0.000000 0.000000
    outer loop
      vertex 18.670886 33.389831 0.000000
      vertex 18.670886 33.898305 0.400000
      vertex 18.670886 33.389831 0.400000
    endloop
  endfacet
  facet normal 0.000000 0.000000 -1.000000
    outer loop
      vertex 20.189873 33.389831 0.000000
      vertex 22.215190 33.898305 0.000000
      vertex 22.215190 33.389831 0.000000
    endloop
  endfacet
  facet normal 0.000000 0.000000 -1.000000
    outer loop
      vertex 20.189873 33.389831 0.000000
      vertex 20.189873 33.898305 0.000000
      vertex 22.215190 33.898305 0.000000
    endloop
  endfacet
  facet normal 0.000000 0.000000 1.000000
    outer loop
      vertex 20.189873 33.389831 0.400000
      vertex 22.215190 33.389831 0.400000
      vertex 22.215190 33.898305 0.400000
    endloop
  endfacet
  facet normal 0.000000 0.000000 1.000000
    outer loop
      vertex 20.189873 33.389831 0.400000
      vertex 22.215190 33.898305 0.400000
      vertex 20.189873 33.898305 0.400000
    endloop
  endfacet
  facet normal 0.000000 -1.000000 0.000000
    outer loop
      vertex 20.189873 33.389831 0.000000
      vertex 22.215190 33.389831 0.000000
      vertex 22.215190 33.389831 0.400000
    endloop
  endfacet
  facet normal 0.000000 -1.000000 0.000000
    outer loop
      vertex 20.189873 33.389831 0.000000
      vertex 22.215190 33.389831 0.400000
      vertex 20.189873 33.389831 0.400000
    endloop
  endfacet
  facet normal 0.000000 1.000000 0.000000
    outer loop
      vertex 20.189873 33.898305 0.000000
      vertex 22.215190 33.898305 0.400000
      vertex 22.215190 33.898305 0.000000
    endloop
  endfacet
  facet normal 0.000000 1.000000 0.000000
    outer loop
      vertex 20.189873 33.898305 0.000000
      vertex 20.189873 33.898305 0.400000
      vertex 22.215190 33.898305 0.400000
    endloop
  endfacet
  facet normal -1.000000 0.000000 0.000000
    outer loop
      vertex 20.189873 33.389831 0.000000
      vertex 20.189873 33.389831 0.400000
      vertex 20.189873 33.898305 0.400000
    endloop
  endfacet
  facet normal -1.000000 0.000000 0.000000
    outer loop
      vertex 20.189873 33.389831 0.000000
      vertex 20.189873 33.898305 0.400000
      vertex 20.189873 33.898305 0.000000
    endloop
  endfacet
  facet normal 1.000000 0.000000 0.000000
    outer loop
      vertex 22.215190 33.389831 0.000000
      vertex 22.215190 33.898305 0.000000
      vertex 22.215190 33.898305 0.400000
    endloop
  endfacet
  facet normal 1.000000 0.000000 0.000000
    outer loop
      vertex 22.215190 33.389831 0.000000
      vertex 22.215190 33.898305 0.400000
      vertex 22.215190 33.389831 0.400000
    endloop
  endfacet
  facet normal 0.000000 0.000000 -1.000000
    outer loop
      vertex 23.734177 33.389831 0.000000
      vertex 27.784810 33.898305 0.000000
      vertex 27.784810 33.389831 0.000000
    endloop
  endfacet
  facet normal 0.000000 0.000000 -1.000000
    outer loop
      vertex 23.734177 33.389831 0.000000
      vertex 23.734177 33.898305 0.000000
      vertex 27.784810 33.898305 0.000000
    endloop
  endfacet
  facet normal 0.000000 0.000000 1.000000
    outer loop
      vertex 23.734177 33.389831 0.400000
      vertex 27.784810 33.389831 0.400000
      vertex 27.784810 33.898305 0.400000
    endloop
  endfacet
  facet normal 0.000000 0.000000 1.000000
    outer loop
      vertex 23.734177 33.389831 0.400000
      vertex 27.784810 33.898305 0.400000
      vertex 23.734177 33.898305 0.400000
    endloop
  endfacet
  facet normal 0.000000 -1.000000 0.000000
    outer loop
      vertex 23.734177 33.389831 0.000000
      vertex 27.784810 33.389831 0.000000
      vertex 27.784810 33.389831 0.400000
    endloop
  endfacet
  facet normal 0.000000 -1.000000 0.000000
    outer loop
      vertex 23.734177 33.389831 0.000000
      vertex 27.784810 33.389831 0.400000
      vertex 23.734177 33.389831 0.400000
    endloop
  endfacet
  facet normal 0.000000 1.000000 0.000000
    outer loop
      vertex 23.734177 33.898305 0.000000
      vertex 27.784810 33.898305 0.400000
      vertex 27.784810 33.898305 0.000000
    endloop
  endfacet
  facet normal 0.000000 1.000000 0.000000
    outer loop
      vertex 23.734177 33.898305 0.000000
      vertex 23.734177 33.898305 0.400000
      vertex 27.784810 33.898305 0.400000
    endloop
  endfacet
  facet normal -1.000000 0.000000 0.000000
    outer loop
      vertex 23.734177 33.389831 0.000000
      vertex 23.734177 33.389831 0.400000
      vertex 23.734177 33.898305 0.400000
    endloop
  endfacet
  facet normal -1.000000 0.000000 0.000000
    outer loop
      vertex 23.734177 33.389831 0.000000
      vertex 23.734177 33.898305 0.400000
      vertex 23.734177 33.898305 0.000000
    endloop
  endfacet
  facet normal 1.000000 0.000000 0.000000
    outer loop
      vertex 27.784810 33.389831 0.000000
      vertex 27.784810 33.898305 0.000000
      vertex 27.784810 33.898305 0.400000
    endloop
  endfacet
  facet normal 1.000000 0.000000 0.000000
    outer loop
      vertex 27.784810 33.389831 0.000000
      vertex 27.784810 33.898305 0.400000
      vertex 27.784810 33.389831 0.400000
    endloop
  endfacet
  facet normal 0.000000 0.000000 -1.000000
    outer loop
      vertex 29.303797 33.389831 0.000000
      vertex 31.835443 33.898305 0.000000
      vertex 31.835443 33.389831 0.000000
    endloop
  endfacet
  facet normal 0.000000 0.000000 -1.000000
    outer loop
      vertex 29.303797 33.389831 0.000000
      vertex 29.303797 33.898305 0.000000
      vertex 31.835443 33.898305 0.000000
    endloop
  endfacet
  facet normal 0.000000 0.000000 1.000000
    outer loop
      vertex 29.303797 33.389831 0.400000
      vertex 31.835443 33.389831 0.400000
      vertex 31.835443 33.898305 0.400000
    endloop
  endfacet
  facet normal 0.000000 0.000000 1.000000
    outer loop
      vertex 29.303797 33.389831 0.400000
      vertex 31.835443 33.898305 0.400000
      vertex 29.303797 33.898305 0.400000
    endloop
  endfacet
  facet normal 0.000000 -1.000000 0.000000
    outer loop
      vertex 29.303797 33.389831 0.000000
      vertex 31.835443 33.389831 0.000000
      vertex 31.835443 33.389831 0.400000
    endloop
  endfacet
  facet normal 0.000000 -1.000000 0.000000
    outer loop
      vertex 29.303797 33.389831 0.000000
      vertex 31.835443 33.389831 0.400000
      vertex 29.303797 33.389831 0.400000
    endloop
  endfacet
  facet normal 0.000000 1.000000 0.000000
    outer loop
      vertex 29.303797 33.898305 0.000000
      vertex 31.835443 33.898305 0.400000
      vertex 31.835443 33.898305 0.000000
    endloop
  endfacet
  facet normal 0.000000 1.000000 0.000000
    outer loop
      vertex 29.303797 33.898305 0.000000
      vertex 29.303797 33.898305 0.400000
      vertex 31.835443 33.898305 0.400000
    endloop
  endfacet
  facet normal -1.000000 0.000000 0.000000
    outer loop
      vertex 29.303797 33.389831 0.000000
      vertex 29.303797 33.389831 0.400000
      vertex 29.303797 33.898305 0.400000
    endloop
  endfacet
  facet normal -1.000000 0.000000 0.000000
    outer loop
      vertex 29.303797 33.389831 0.000000
      vertex 29.303797 33.898305 0.400000
      vertex 29.303797 33.898305 0.000000
    endloop
  endfacet
  facet normal 1.000000 0.000000 0.000000
    outer loop
      vertex 31.835443 33.389831 0.000000
      vertex 31.835443 33.898305 0.000000
      vertex 31.835443 33.898305 0.400000
    endloop
  endfacet
  facet normal 1.000000 0.000000 0.000000
    outer loop
      vertex 31.835443 33.389831 0.000000
      vertex 31.835443 33.898305 0.400000
      vertex 31.835443 33.389831 0.400000
    endloop
  endfacet
  facet normal 0.000000 0.000000 -1.000000
    outer loop
      vertex 33.354430 33.389831 0.000000
      vertex 35.886076 33.898305 0.000000
      vertex 35.886076 33.389831 0.000000
    endloop
  endfacet
  facet normal 0.000000 0.000000 -1.000000
    outer loop
      vertex 33.354430 33.389831 0.000000
      vertex 33.354430 33.898305 0.000000
      vertex 35.886076 33.898305 0.000000
    endloop
  endfacet
  facet normal 0.000000 0.000000 1.000000
    outer loop
      vertex 33.354430 33.389831 0.400000
      vertex 35.886076 33.389831 0.400000
      vertex 35.886076 33.898305 0.400000
    endloop
  endfacet
  facet normal 0.000000 0.000000 1.000000
    outer loop
      vertex 33.354430 33.389831 0.400000
      vertex 35.886076 33.898305 0.400000
      vertex 33.354430 33.898305 0.400000
    endloop
  endfacet
  facet normal 0.000000 -1.000000 0.000000
    outer loop
      vertex 33.354430 33.389831 0.000000
      vertex 35.886076 33.389831 0.000000
      vertex 35.886076 33.389831 0.400000
    endloop
  endfacet
  facet normal 0.000000 -1.000000 0.000000
    outer loop
      vertex 33.354430 33.389831 0.000000
      vertex 35.886076 33.389831 0.400000
      vertex 33.354430 33.389831 0.400000
    endloop
  endfacet
  facet normal 0.000000 1.000000 0.000000
    outer loop
      vertex 33.354430 33.898305 0.000000
      vertex 35.886076 33.898305 0.400000
      vertex 35.886076 33.898305 0.000000
    endloop
  endfacet
  facet normal 0.000000 1.000000 0.000000
    outer loop
      vertex 33.354430 33.898305 0.000000
      vertex 33.354430 33.898305 0.400000
      vertex 35.886076 33.898305 0.400000
    endloop
  endfacet
  facet normal -1.000000 0.000000 0.000000
    outer loop
      vertex 33.354430 33.389831 0.000000
      vertex 33.354430 33.389831 0.400000
      vertex 33.354430 33.898305 0.400000
    endloop
  endfacet
  facet normal -1.000000 0.000000 0.000000
    outer loop
      vertex 33.354430 33.389831 0.000000
      vertex 33.354430 33.898305 0.400000
      vertex 33.354430 33.898305 0.000000
    endloop
  endfacet
  facet normal 1.000000 0.000000 0.000000
    outer loop
      vertex 35.886076 33.389831 0.000000
      vertex 35.886076 33.898305 0.000000
      vertex 35.886076 33.898305 0.400000
    endloop
  endfacet
  facet normal 1.000000 0.000000 0.000000
    outer loop
      vertex 35.886076 33.389831 0.000000
      vertex 35.886076 33.898305 0.400000
      vertex 35.886076 33.389831 0.400000
    endloop
  endfacet
  facet normal 0.000000 0.000000 -1.000000
    outer loop
      vertex 37.405063 33.389831 0.000000
      vertex 38.417722 33.898305 0.000000
      vertex 38.417722 33.389831 0.000000
    endloop
  endfacet
  facet normal 0.000000 0.000000 -1.000000
    outer loop
      vertex 37.405063 33.389831 0.000000
      vertex 37.405063 33.898305 0.000000
      vertex 38.417722 33.898305 0.000000
    endloop
  endfacet
  facet normal 0.000000 0.000000 1.000000
    outer loop
      vertex 37.405063 33.389831 0.400000
      vertex 38.417722 33.389831 0.400000
      vertex 38.417722 33.898305 0.400000
    endloop
  endfacet
  facet normal 0.000000 0.000000 1.000000
    outer loop
      vertex 37.405063 33.389831 0.400000
      vertex 38.417722 33.898305 0.400000
      vertex 37.405063 33.898305 0.400000
    endloop
  endfacet
  facet normal 0.000000 -1.000000 0.000000
    outer loop
      vertex 37.405063 33.389831 0.000000
      vertex 38.417722 33.389831 0.000000
      vertex 38.417722 33.389831 0.400000
    endloop
  endfacet
  facet normal 0.000000 -1.000000 0.000000
    outer loop
      vertex 37.405063 33.389831 0.000000
      vertex 38.417722 33.389831 0.400000
      vertex 37.405063 33.389831 0.400000
    endloop
  endfacet
  facet normal 0.000000 1.000000 0.000000
    outer loop
      vertex 37.405063 33.898305 0.000000
      vertex 38.417722 33.898305 0.400000
      vertex 38.417722 33.898305 0.000000
    endloop
  endfacet
  facet normal 0.000000 1.000000 0.000000
    outer loop
      vertex 37.405063 33.898305 0.000000
      vertex 37.405063 33.898305 0.400000
      vertex 38.417722 33.898305 0.400000
    endloop
  endfacet
  facet normal -1.000000 0.000000 0.000000
    outer loop
      vertex 37.405063 33.389831 0.000000
      vertex 37.405063 33.389831 0.400000
      vertex 37.405063 33.898305 0.400000
    endloop
  endfacet
  facet normal -1.000000 0.000000 0.000000
    outer loop
      vertex 37.405063 33.389831 0.000000
      vertex 37.405063 33.898305 0.400000
      vertex 37.405063 33.898305 0.000000
    endloop
  endfacet
  facet normal 1.000000 0.000000 0.000000
    outer loop
      vertex 38.417722 33.389831 0.000000
      vertex 38.417722 33.898305 0.000000
      vertex 38.417722 33.898305 0.400000
    endloop
  endfacet
  facet normal 1.000000 0.000000 0.000000
    outer loop
      vertex 38.417722 33.389831 0.000000
      vertex 38.417722 33.898305 0.400000
      vertex 38.417722 33.389831 0.400000
    endloop
  endfacet
  facet normal 0.000000 0.000000 -1.000000
    outer loop
      vertex 39.936709 33.389831 0.000000
      vertex 41.455696 33.898305 0.000000
      vertex 41.455696 33.389831 0.000000
    endloop
  endfacet
  facet normal 0.000000 0.000000 -1.000000
    outer loop
      vertex 39.936709 33.389831 0.000000
      vertex 39.936709 33.898305 0.000000
      vertex 41.455696 33.898305 0.000000
    endloop
  endfacet
  facet normal 0.000000 0.000000 1.000000
    outer loop
      vertex 39.936709 33.389831 0.400000
      vertex 41.455696 33.389831 0.400000
      vertex 41.455696 33.898305 0.400000
    endloop
  endfacet
  facet normal 0.000000 0.000000 1.000000
    outer loop
      vertex 39.936709 33.389831 0.400000
      vertex 41.455696 33.898305 0.400000
      vertex 39.936709 33.898305 0.400000
    endloop
  endfacet
  facet normal 0.000000 -1.000000 0.000000
    outer loop
      vertex 39.936709 33.389831 0.000000
      vertex 41.455696 33.389831 0.000000
      vertex 41.455696 33.389831 0.400000
    endloop
  endfacet
  facet normal 0.000000 -1.000000 0.000000
    outer loop
      vertex 39.936709 33.389831 0.000000
      vertex 41.455696 33.389831 0.400000
      vertex 39.936709 33.389831 0.400000
    endloop
  endfacet
  facet normal 0.000000 1.000000 0.000000
    outer loop
      vertex 39.936709 33.898305 0.000000
      vertex 41.455696 33.898305 0.400000
      vertex 41.455696 33.898305 0.000000
    endloop
  endfacet
  facet normal 0.000000 1.000000 0.000000
    outer loop
      vertex 39.936709 33.898305 0.000000
      vertex 39.936709 33.898305 0.400000
      vertex 41.455696 33.898305 0.400000
    endloop
  endfacet
  facet normal -1.000000 0.000000 0.000000
    outer loop
      vertex 39.936709 33.389831 0.000000
      vertex 39.936709 33.389831 0.400000
      vertex 39.936709 33.898305 0.400000
    endloop
  endfacet
  facet normal -1.000000 0.000000 0.000000
    outer loop
      vertex 39.936709 33.389831 0.000000
      vertex 39.936709 33.898305 0.400000
      vertex 39.936709 33.898305 0.000000
    endloop
  endfacet
  facet normal 1.000000 0.000000 0.000000
    outer loop
      vertex 41.455696 33.389831 0.000000
      vertex 41.455696 33.898305 0.000000
      vertex 41.455696 33.898305 0.400000
    endloop
  endfacet
  facet normal 1.000000 0.000000 0.000000
    outer loop
      vertex 41.455696 33.389831 0.000000
      vertex 41.455696 33.898305 0.400000
      vertex 41.455696 33.389831 0.400000
    endloop
  endfacet
  facet normal 0.000000 0.000000 -1.000000
    outer loop
      vertex 42.974684 33.389831 0.000000
      vertex 45.000000 33.898305 0.000000
      vertex 45.000000 33.389831 0.000000
    endloop
  endfacet
  facet normal 0.000000 0.000000 -1.000000
    outer loop
      vertex 42.974684 33.389831 0.000000
      vertex 42.974684 33.898305 0.000000
      vertex 45.000000 33.898305 0.000000
    endloop
  endfacet
  facet normal 0.000000 0.000000 1.000000
    outer loop
      vertex 42.974684 33.389831 0.400000
      vertex 45.000000 33.389831 0.400000
      vertex 45.000000 33.898305 0.400000
    endloop
  endfacet
  facet normal 0.000000 0.000000 1.000000
    outer loop
      vertex 42.974684 33.389831 0.400000
      vertex 45.000000 33.898305 0.400000
      vertex 42.974684 33.898305 0.400000
    endloop
  endfacet
  facet normal 0.000000 -1.000000 0.000000
    outer loop
      vertex 42.974684 33.389831 0.000000
      vertex 45.000000 33.389831 0.000000
      vertex 45.000000 33.389831 0.400000
    endloop
  endfacet
  facet normal 0.000000 -1.000000 0.000000
    outer loop
      vertex 42.974684 33.389831 0.000000
      vertex 45.000000 33.389831 0.400000
      vertex 42.974684 33.389831 0.400000
    endloop
  endfacet
  facet normal 0.000000 1.000000 0.000000
    outer loop
      vertex 42.974684 33.898305 0.000000
      vertex 45.000000 33.898305 0.400000
      vertex 45.000000 33.898305 0.000000
    endloop
  endfacet
  facet normal 0.000000 1.000000 0.000000
    outer loop
      vertex 42.974684 33.898305 0.000000
      vertex 42.974684 33.898305 0.400000
      vertex 45.000000 33.898305 0.400000
    endloop
  endfacet
  facet normal -1.000000 0.000000 0.000000
    outer loop
      vertex 42.974684 33.389831 0.000000
      vertex 42.974684 33.389831 0.400000
      vertex 42.974684 33.898305 0.400000
    endloop
  endfacet
  facet normal -1.000000 0.000000 0.000000
    outer loop
      vertex 42.974684 33.389831 0.000000
      vertex 42.974684 33.898305 0.400000
      vertex 42.974684 33.898305 0.000000
    endloop
  endfacet
  facet normal 1.000000 0.000000 0.000000
    outer loop
      vertex 45.000000 33.389831 0.000000
      vertex 45.000000 33.898305 0.000000
      vertex 45.000000 33.898305 0.400000
    endloop
  endfacet
  facet normal 1.000000 0.000000 0.000000
    outer loop
      vertex 45.000000 33.389831 0.000000
      vertex 45.000000 33.898305 0.400000
      vertex 45.000000 33.389831 0.400000
    endloop
  endfacet
  facet normal 0.000000 0.000000 -1.000000
    outer loop
      vertex 5.000000 32.881356 0.000000
      vertex 7.025316 33.389831 0.000000
      vertex 7.025316 32.881356 0.000000
    endloop
  endfacet
  facet normal 0.000000 0.000000 -1.000000
    outer loop
      vertex 5.000000 32.881356 0.000000
      vertex 5.000000 33.389831 0.000000
      vertex 7.025316 33.389831 0.000000
    endloop
  endfacet
  facet normal 0.000000 0.000000 1.000000
    outer loop
      vertex 5.000000 32.881356 0.400000
      vertex 7.025316 32.881356 0.400000
      vertex 7.025316 33.389831 0.400000
    endloop
  endfacet
  facet normal 0.000000 0.000000 1.000000
    outer loop
      vertex 5.000000 32.881356 0.400000
      vertex 7.025316 33.389831 0.400000
      vertex 5.000000 33.389831 0.400000
    endloop
  endfacet
  facet normal 0.000000 -1.000000 0.000000
    outer loop
      vertex 5.000000 32.881356 0.000000
      vertex 7.025316 32.881356 0.000000
      vertex 7.025316 32.881356 0.400000
    endloop
  endfacet
  facet normal 0.000000 -1.000000 0.000000
    outer loop
      vertex 5.000000 32.881356 0.000000
      vertex 7.025316 32.881356 0.400000
      vertex 5.000000 32.881356 0.400000
    endloop
  endfacet
  facet normal 0.000000 1.000000 0.000000
    outer loop
      vertex 5.000000 33.389831 0.000000
      vertex 7.025316 33.389831 0.400000
      vertex 7.025316 33.389831 0.000000
    endloop
  endfacet
  facet normal 0.000000 1.000000 0.000000
    outer loop
      vertex 5.000000 33.389831 0.000000
      vertex 5.000000 33.389831 0.400000
      vertex 7.025316 33.389831 0.400000
    endloop
  endfacet
  facet normal -1.000000 0.000000 0.000000
    outer loop
      vertex 5.000000 32.881356 0.000000
      vertex 5.000000 32.881356 0.400000
      vertex 5.000000 33.389831 0.400000
    endloop
  endfacet
  facet normal -1.000000 0.000000 0.000000
    outer loop
      vertex 5.000000 32.881356 0.000000
      vertex 5.000000 33.389831 0.400000
      vertex 5.000000 33.389831 0.000000
    endloop
  endfacet
  facet normal 1.000000 0.000000 0.000000
    outer loop
      vertex 7.025316 32.881356 0.000000
      vertex 7.025316 33.389831 0.000000
      vertex 7.025316 33.389831 0.400000
    endloop
  endfacet
  facet normal 1.000000 0.000000 0.000000
    outer loop
      vertex 7.025316 32.881356 0.000000
      vertex 7.025316 33.389831 0.400000
      vertex 7.025316 32.881356 0.400000
    endloop
  endfacet
  facet normal 0.000000 0.000000 -1.000000
    outer loop
      vertex 8.544304 32.881356 0.000000
      vertex 9.050633 33.389831 0.000000
      vertex 9.050633 32.881356 0.000000
    endloop
  endfacet
  facet normal 0.000000 0.000000 -1.000000
    outer loop
      vertex 8.544304 32.881356 0.000000
      vertex 8.544304 33.389831 0.000000
      vertex 9.050633 33.389831 0.000000
    endloop
  endfacet
  facet normal 0.000000 0.000000 1.000000
    outer loop
      vertex 8.544304 32.881356 0.400000
      vertex 9.050633 32.881356 0.400000
      vertex 9.050633 33.389831 0.400000
    endloop
  endfacet
  facet normal 0.000000 0.000000 1.000000
    outer loop
      vertex 8.544304 32.881356 0.400000
      vertex 9.050633 33.389831 0.400000
      vertex 8.544304 33.389831 0.400000
    endloop
  endfacet
  facet normal 0.000000 -1.000000 0.000000
    outer loop
      vertex 8.544304 32.881356 0.000000
      vertex 9.050633 32.881356 0.000000
      vertex 9.050633 32.881356 0.400000
    endloop
  endfacet
  facet normal 0.000000 -1.000000 0.000000
    outer loop
      vertex 8.544304 32.881356 0.000000
      vertex 9.050633 32.881356 0.400000
      vertex 8.544304 32.881356 0.400000
    endloop
  endfacet
  facet normal 0.000000 1.000000 0.000000
    outer loop
      vertex 8.544304 33.389831 0.000000
      vertex 9.050633 33.389831 0.400000
      vertex 9.050633 33.389831 0.000000
    endloop
  endfacet
  facet normal 0.000000 1.000000 0.000000
    outer loop
      vertex 8.544304 33.389831 0.000000
      vertex 8.544304 33.389831 0.400000
      vertex 9.050633 33.389831 0.400000
    endloop
  endfacet
  facet normal -1.000000 0.000000 0.000000
    outer loop
      vertex 8.544304 32.881356 0.000000
      vertex 8.544304 32.881356 0.400000
      vertex 8.544304 33.389831 0.400000
    endloop
  endfacet
  facet normal -1.000000 0.000000 0.000000
    outer loop
      vertex 8.544304 32.881356 0.000000
      vertex 8.544304 33.389831 0.400000
      vertex 8.544304 33.389831 0.000000
    endloop
  endfacet
  facet normal 1.000000 0.000000 0.000000
    outer loop
      vertex 9.050633 32.881356 0.000000
      vertex 9.050633 33.389831 0.000000
      vertex 9.050633 33.389831 0.400000
    endloop
  endfacet
  facet normal 1.000000 0.000000 0.000000
    outer loop
      vertex 9.050633 32.881356 0.000000
      vertex 9.050633 33.389831 0.400000
      vertex 9.050633 32.881356 0.400000
    endloop
  endfacet
  facet normal 0.000000 0.000000 -1.000000
    outer loop
      vertex 10.063291 32.881356 0.000000
      vertex 10.569620 33.389831 0.000000
      vertex 10.569620 32.881356 0.000000
    endloop
  endfacet
  facet normal 0.000000 0.000000 -1.000000
    outer loop
      vertex 10.063291 32.881356 0.000000
      vertex 10.063291 33.389831 0.000000
      vertex 10.569620 33.389831 0.000000
    endloop
  endfacet
  facet normal 0.000000 0.000000 1.000000
    outer loop
      vertex 10.063291 32.881356 0.400000
      vertex 10.569620 32.881356 0.400000
      vertex 10.569620 33.389831 0.400000
    endloop
  endfacet
  facet normal 0.000000 0.000000 1.000000
    outer loop
      vertex 10.063291 32.881356 0.400000
      vertex 10.569620 33.389831 0.400000
      vertex 10.063291 33.389831 0.400000
    endloop
  endfacet
  facet normal 0.000000 -1.000000 0.000000
    outer loop
      vertex 10.063291 32.881356 0.000000
      vertex 10.569620 32.881356 0.000000
      vertex 10.569620 32.881356 0.400000
    endloop
  endfacet
  facet normal 0.000000 -1.000000 0.000000
    outer loop
      vertex 10.063291 32.881356 0.000000
      vertex 10.569620 32.881356 0.400000
      vertex 10.063291 32.881356 0.400000
    endloop
  endfacet
  facet normal 0.000000 1.000000 0.000000
    outer loop
      vertex 10.063291 33.389831 0.000000
      vertex 10.569620 33.389831 0.400000
      vertex 10.569620 33.389831 0.000000
    endloop
  endfacet
  facet normal 0.000000 1.000000 0.000000
    outer loop
      vertex 10.063291 33.389831 0.000000
      vertex 10.063291 33.389831 0.400000
      vertex 10.569620 33.389831 0.400000
    endloop
  endfacet
  facet normal -1.000000 0.000000 0.000000
    outer loop
      vertex 10.063291 32.881356 0.000000
      vertex 10.063291 32.881356 0.400000
      vertex 10.063291 33.389831 0.400000
    endloop
  endfacet
  facet normal -1.000000 0.000000 0.000000
    outer loop
      vertex 10.063291 32.881356 0.000000
      vertex 10.063291 33.389831 0.400000
      vertex 10.063291 33.389831 0.000000
    endloop
  endfacet
  facet normal 1.000000 0.000000 0.000000
    outer loop
      vertex 10.569620 32.881356 0.000000
      vertex 10.569620 33.389831 0.000000
      vertex 10.569620 33.389831 0.400000
    endloop
  endfacet
  facet normal 1.000000 0.000000 0.000000
    outer loop
      vertex 10.569620 32.881356 0.000000
      vertex 10.569620 33.389831 0.400000
      vertex 10.569620 32.881356 0.400000
    endloop
  endfacet
  facet normal 0.000000 0.000000 -1.000000
    outer loop
      vertex 11.582278 32.881356 0.000000
      vertex 12.088608 33.389831 0.000000
      vertex 12.088608 32.881356 0.000000
    endloop
  endfacet
  facet normal 0.000000 0.000000 -1.000000
    outer loop
      vertex 11.582278 32.881356 0.000000
      vertex 11.582278 33.389831 0.000000
      vertex 12.088608 33.389831 0.000000
    endloop
  endfacet
  facet normal 0.000000 0.000000 1.000000
    outer loop
      vertex 11.582278 32.881356 0.400000
      vertex 12.088608 32.881356 0.400000
      vertex 12.088608 33.389831 0.400000
    endloop
  endfacet
  facet normal 0.000000 0.000000 1.000000
    outer loop
      vertex 11.582278 32.881356 0.400000
      vertex 12.088608 33.389831 0.400000
      vertex 11.582278 33.389831 0.400000
    endloop
  endfacet
  facet normal 0.000000 -1.000000 0.000000
    outer loop
      vertex 11.582278 32.881356 0.000000
      vertex 12.088608 32.881356 0.000000
      vertex 12.088608 32.881356 0.400000
    endloop
  endfacet
  facet normal 0.000000 -1.000000 0.000000
    outer loop
      vertex 11.582278 32.881356 0.000000
      vertex 12.088608 32.881356 0.400000
      vertex 11.582278 32.881356 0.400000
    endloop
  endfacet
  facet normal 0.000000 1.000000 0.000000
    outer loop
      vertex 11.582278 33.389831 0.000000
      vertex 12.088608 33.389831 0.400000
      vertex 12.088608 33.389831 0.000000
    endloop
  endfacet
  facet normal 0.000000 1.000000 0.000000
    outer loop
      vertex 11.582278 33.389831 0.000000
      vertex 11.582278 33.389831 0.400000
      vertex 12.088608 33.389831 0.400000
    endloop
  endfacet
  facet normal -1.000000 0.000000 0.000000
    outer loop
      vertex 11.582278 32.881356 0.000000
      vertex 11.582278 32.881356 0.400000
      vertex 11.582278 33.389831 0.400000
    endloop
  endfacet
  facet normal -1.000000 0.000000 0.000000
    outer loop
      vertex 11.582278 32.881356 0.000000
      vertex 11.582278 33.389831 0.400000
      vertex 11.582278 33.389831 0.000000
    endloop
  endfacet
  facet normal 1.000000 0.000000 0.000000
    outer loop
      vertex 12.088608 32.881356 0.000000
      vertex 12.088608 33.389831 0.000000
      vertex 12.088608 33.389831 0.400000
    endloop
  endfacet
  facet normal 1.000000 0.000000 0.000000
    outer loop
      vertex 12.088608 32.881356 0.000000
      vertex 12.088608 33.389831 0.400000
      vertex 12.088608 32.881356 0.400000
    endloop
  endfacet
  facet normal 0.000000 0.000000 -1.000000
    outer loop
      vertex 13.607595 32.881356 0.000000
      vertex 14.620253 33.389831 0.000000
      vertex 14.620253 32.881356 0.000000
    endloop
  endfacet
  facet normal 0.000000 0.000000 -1.000000
    outer loop
      vertex 13.607595 32.881356 0.000000
      vertex 13.607595 33.389831 0.000000
      vertex 14.620253 33.389831 0.000000
    endloop
  endfacet
  facet normal 0.000000 0.000000 1.000000
    outer loop
      vertex 13.607595 32.881356 0.400000
      vertex 14.620253 32.881356 0.400000
      vertex 14.620253 33.389831 0.400000
    endloop
  endfacet
  facet normal 0.000000 0.000000 1.000000
    outer loop
      vertex 13.607595 32.881356 0.400000
      vertex 14.620253 33.389831 0.400000
      vertex 13.607595 33.389831 0.400000
    endloop
  endfacet
  facet normal 0.000000 -1.000000 0.000000
    outer loop
      vertex 13.607595 32.881356 0.000000
      vertex 14.620253 32.881356 0.000000
      vertex 14.620253 32.881356 0.400000
    endloop
  endfacet
  facet normal 0.000000 -1.000000 0.000000
    outer loop
      vertex 13.607595 32.881356 0.000000
      vertex 14.620253 32.881356 0.400000
      vertex 13.607595 32.881356 0.400000
    endloop
  endfacet
  facet normal 0.000000 1.000000 0.000000
    outer loop
      vertex 13.607595 33.389831 0.000000
      vertex 14.620253 33.389831 0.400000
      vertex 14.620253 33.389831 0.000000
    endloop
  endfacet
  facet normal 0.000000 1.000000 0.000000
    outer loop
      vertex 13.607595 33.389831 0.000000
      vertex 13.607595 33.389831 0.400000
      vertex 14.620253 33.389831 0.400000
    endloop
  endfacet
  facet normal -1.000000 0.000000 0.000000
    outer loop
      vertex 13.607595 32.881356 0.000000
      vertex 13.607595 32.881356 0.400000
      vertex 13.607595 33.389831 0.400000
    endloop
  endfacet
  facet normal -1.000000 0.000000 0.000000
    outer loop
      vertex 13.607595 32.881356 0.000000
      vertex 13.607595 33.389831 0.400000
      vertex 13.607595 33.389831 0.000000
    endloop
  endfacet
  facet normal 1.000000 0.000000 0.000000
    outer loop
      vertex 14.620253 32.881356 0.000000
      vertex 14.620253 33.389831 0.000000
      vertex 14.620253 33.389831 0.400000
    endloop
  endfacet
  facet normal 1.000000 0.000000 0.000000
    outer loop
      vertex 14.620253 32.881356 0.000000
      vertex 14.620253 33.389831 0.400000
      vertex 14.620253 32.881356 0.400000
    endloop
  endfacet
  facet normal 0.000000 0.000000 -1.000000
    outer loop
      vertex 16.139241 32.881356 0.000000
      vertex 18.670886 33.389831 0.000000
      vertex 18.670886 32.881356 0.000000
    endloop
  endfacet
  facet normal 0.000000 0.000000 -1.000000
    outer loop
      vertex 16.139241 32.881356 0.000000
      vertex 16.139241 33.389831 0.000000
      vertex 18.670886 33.389831 0.000000
    endloop
  endfacet
  facet normal 0.000000 0.000000 1.000000
    outer loop
      vertex 16.139241 32.881356 0.400000
      vertex 18.670886 32.881356 0.400000
      vertex 18.670886 33.389831 0.400000
    endloop
  endfacet
  facet normal 0.000000 0.000000 1.000000
    outer loop
      vertex 16.139241 32.881356 0.400000
      vertex 18.670886 33.389831 0.400000
      vertex 16.139241 33.389831 0.400000
    endloop
  endfacet
  facet normal 0.000000 -1.000000 0.000000
    outer loop
      vertex 16.139241 32.881356 0.000000
      vertex 18.670886 32.881356 0.000000
      vertex 18.670886 32.881356 0.400000
    endloop
  endfacet
  facet normal 0.000000 -1.000000 0.000000
    outer loop
      vertex 16.139241 32.881356 0.000000
      vertex 18.670886 32.881356 0.400000
      vertex 16.139241 32.881356 0.400000
    endloop
  endfacet
  facet normal 0.000000 1.000000 0.000000
    outer loop
      vertex 16.139241 33.389831 0.000000
      vertex 18.670886 33.389831 0.400000
      vertex 18.670886 33.389831 0.000000
    endloop
  endfacet
  facet normal 0.000000 1.000000 0.000000
    outer loop
      vertex 16.139241 33.389831 0.000000
      vertex 16.139241 33.389831 0.400000
      vertex 18.670886 33.389831 0.400000
    endloop
  endfacet
  facet normal -1.000000 0.000000 0.000000
    outer loop
      vertex 16.139241 32.881356 0.000000
      vertex 16.139241 32.881356 0.400000
      vertex 16.139241 33.389831 0.400000
    endloop
  endfacet
  facet normal -1.000000 0.000000 0.000000
    outer loop
      vertex 16.139241 32.881356 0.000000
      vertex 16.139241 33.389831 0.400000
      vertex 16.139241 33.389831 0.000000
    endloop
  endfacet
  facet normal 1.000000 0.000000 0.000000
    outer loop
      vertex 18.670886 32.881356 0.000000
      vertex 18.670886 33.389831 0.000000
      vertex 18.670886 33.389831 0.400000
    endloop
  endfacet
  facet normal 1.000000 0.000000 0.000000
    outer loop
      vertex 18.670886 32.881356 0.000000
      vertex 18.670886 33.389831 0.400000
      vertex 18.670886 32.881356 0.400000
    endloop
  endfacet
  facet normal 0.000000 0.000000 -1.000000
    outer loop
      vertex 20.189873 32.881356 0.000000
      vertex 22.215190 33.389831 0.000000
      vertex 22.215190 32.881356 0.000000
    endloop
  endfacet
  facet normal 0.000000 0.000000 -1.000000
    outer loop
      vertex 20.189873 32.881356 0.000000
      vertex 20.189873 33.389831 0.000000
      vertex 22.215190 33.389831 0.000000
    endloop
  endfacet
  facet normal 0.000000 0.000000 1.000000
    outer loop
      vertex 20.189873 32.881356 0.400000
      vertex 22.215190 32.881356 0.400000
      vertex 22.215190 33.389831 0.400000
    endloop
  endfacet
  facet normal 0.000000 0.000000 1.000000
    outer loop
      vertex 20.189873 32.881356 0.400000
      vertex 22.215190 33.389831 0.400000
      vertex 20.189873 33.389831 0.400000
    endloop
  endfacet
  facet normal 0.000000 -1.000000 0.000000
    outer loop
      vertex 20.189873 32.881356 0.000000
      vertex 22.215190 32.881356 0.000000
      vertex 22.215190 32.881356 0.400000
    endloop
  endfacet
  facet normal 0.000000 -1.000000 0.000000
    outer loop
      vertex 20.189873 32.881356 0.000000
      vertex 22.215190 32.881356 0.400000
      vertex 20.189873 32.881356 0.400000
    endloop
  endfacet
  facet normal 0.000000 1.000000 0.000000
    outer loop
      vertex 20.189873 33.389831 0.000000
      vertex 22.215190 33.389831 0.400000
      vertex 22.215190 33.389831 0.000000
    endloop
  endfacet
  facet normal 0.000000 1.000000 0.000000
    outer loop
      vertex 20.189873 33.389831 0.000000
      vertex 20.189873 33.389831 0.400000
      vertex 22.215190 33.389831 0.400000
    endloop
  endfacet
  facet normal -1.000000 0.000000 0.000000
    outer loop
      vertex 20.189873 32.881356 0.000000
      vertex 20.189873 32.881356 0.400000
      vertex 20.189873 33.389831 0.400000
    endloop
  endfacet
  facet normal -1.000000 0.000000 0.000000
    outer loop
      vertex 20.189873 32.881356 0.000000
      vertex 20.189873 33.389831 0.400000
      vertex 20.189873 33.389831 0.000000
    endloop
  endfacet
  facet normal 1.000000 0.000000 0.000000
    outer loop
      vertex 22.215190 32.881356 0.000000
      vertex 22.215190 33.389831 0.000000
      vertex 22.215190 33.389831 0.400000
    endloop
  endfacet
  facet normal 1.000000 0.000000 0.000000
    outer loop
      vertex 22.215190 32.881356 0.000000
      vertex 22.215190 33.389831 0.400000
      vertex 22.215190 32.881356 0.400000
    endloop
  endfacet
  facet normal 0.000000 0.000000 -1.000000
    outer loop
      vertex 23.734177 32.881356 0.000000
      vertex 27.784810 33.389831 0.000000
      vertex 27.784810 32.881356 0.000000
    endloop
  endfacet
  facet normal 0.000000 0.000000 -1.000000
    outer loop
      vertex 23.734177 32.881356 0.000000
      vertex 23.734177 33.389831 0.000000
      vertex 27.784810 33.389831 0.000000
    endloop
  endfacet
  facet normal 0.000000 0.000000 1.000000
    outer loop
      vertex 23.734177 32.881356 0.400000
      vertex 27.784810 32.881356 0.400000
      vertex 27.784810 33.389831 0.400000
    endloop
  endfacet
  facet normal 0.000000 0.000000 1.000000
    outer loop
      vertex 23.734177 32.881356 0.400000
      vertex 27.784810 33.389831 0.400000
      vertex 23.734177 33.389831 0.400000
    endloop
  endfacet
  facet normal 0.000000 -1.000000 0.000000
    outer loop
      vertex 23.734177 32.881356 0.000000
      vertex 27.784810 32.881356 0.000000
      vertex 27.784810 32.881356 0.400000
    endloop
  endfacet
  facet normal 0.000000 -1.000000 0.000000
    outer loop
      vertex 23.734177 32.881356 0.000000
      vertex 27.784810 32.881356 0.400000
      vertex 23.734177 32.881356 0.400000
    endloop
  endfacet
  facet normal 0.000000 1.000000 0.000000
    outer loop
      vertex 23.734177 33.389831 0.000000
      vertex 27.784810 33.389831 0.400000
      vertex 27.784810 33.389831 0.000000
    endloop
  endfacet
  facet normal 0.000000 1.000000 0.000000
    outer loop
      vertex 23.734177 33.389831 0.000000
      vertex 23.734177 33.389831 0.400000
      vertex 27.784810 33.389831 0.400000
    endloop
  endfacet
  facet normal -1.000000 0.000000 0.000000
    outer loop
      vertex 23.734177 32.881356 0.000000
      vertex 23.734177 32.881356 0.400000
      vertex 23.734177 33.389831 0.400000
    endloop
  endfacet
  facet normal -1.000000 0.000000 0.000000
    outer loop
      vertex 23.734177 32.881356 0.000000
      vertex 23.734177 33.389831 0.400000
      vertex 23.734177 33.389831 0.000000
    endloop
  endfacet
  facet normal 1.000000 0.000000 0.000000
    outer loop
      vertex 27.784810 32.881356 0.000000
      vertex 27.784810 33.389831 0.000000
      vertex 27.784810 33.389831 0.400000
    endloop
  endfacet
  facet normal 1.000000 0.000000 0.000000
    outer loop
      vertex 27.784810 32.881356 0.000000
      vertex 27.784810 33.389831 0.400000
      vertex 27.784810 32.881356 0.400000
    endloop
  endfacet
  facet normal 0.000000 0.000000 -1.000000
    outer loop
      vertex 29.303797 32.881356 0.000000
      vertex 31.835443 33.389831 0.000000
      vertex 31.835443 32.881356 0.000000
    endloop
  endfacet
  facet normal 0.000000 0.000000 -1.000000
    outer loop
      vertex 29.303797 32.881356 0.000000
      vertex 29.303797 33.389831 0.000000
      vertex 31.835443 33.389831 0.000000
    endloop
  endfacet
  facet normal 0.000000 0.000000 1.000000
    outer loop
      vertex 29.303797 32.881356 0.400000
      vertex 31.835443 32.881356 0.400000
      vertex 31.835443 33.389831 0.400000
    endloop
  endfacet
  facet normal 0.000000 0.000000 1.000000
    outer loop
      vertex 29.303797 32.881356 0.400000
      vertex 31.835443 33.389831 0.400000
      vertex 29.303797 33.389831 0.400000
    endloop
  endfacet
  facet normal 0.000000 -1.000000 0.000000
    outer loop
      vertex 29.303797 32.881356 0.000000
      vertex 31.835443 32.881356 0.000000
      vertex 31.835443 32.881356 0.400000
    endloop
  endfacet
  facet normal 0.000000 -1.000000 0.000000
    outer loop
      vertex 29.303797 32.881356 0.000000
      vertex 31.835443 32.881356 0.400000
      vertex 29.303797 32.881356 0.400000
    endloop
  endfacet
  facet normal 0.000000 1.000000 0.000000
    outer loop
      vertex 29.303797 33.389831 0.000000
      vertex 31.835443 33.389831 0.400000
      vertex 31.835443 33.389831 0.000000
    endloop
  endfacet
  facet normal 0.000000 1.000000 0.000000
    outer loop
      vertex 29.303797 33.389831 0.000000
      vertex 29.303797 33.389831 0.400000
      vertex 31.835443 33.389831 0.400000
    endloop
  endfacet
  facet normal -1.000000 0.000000 0.000000
    outer loop
      vertex 29.303797 32.881356 0.000000
      vertex 29.303797 32.881356 0.400000
      vertex 29.303797 33.389831 0.400000
    endloop
  endfacet
  facet normal -1.000000 0.000000 0.000000
    outer loop
      vertex 29.303797 32.881356 0.000000
      vertex 29.303797 33.389831 0.400000
      vertex 29.303797 33.389831 0.000000
    endloop
  endfacet
  facet normal 1.000000 0.000000 0.000000
    outer loop
      vertex 31.835443 32.881356 0.000000
      vertex 31.835443 33.389831 0.000000
      vertex 31.835443 33.389831 0.400000
    endloop
  endfacet
  facet normal 1.000000 0.000000 0.000000
    outer loop
      vertex 31.835443 32.881356 0.000000
      vertex 31.835443 33.389831 0.400000
      vertex 31.835443 32.881356 0.400000
    endloop
  endfacet
  facet normal 0.000000 0.000000 -1.000000
    outer loop
      vertex 33.354430 32.881356 0.000000
      vertex 35.886076 33.389831 0.000000
      vertex 35.886076 32.881356 0.000000
    endloop
  endfacet
  facet normal 0.000000 0.000000 -1.000000
    outer loop
      vertex 33.354430 32.881356 0.000000
      vertex 33.354430 33.389831 0.000000
      vertex 35.886076 33.389831 0.000000
    endloop
  endfacet
  facet normal 0.000000 0.000000 1.000000
    outer loop
      vertex 33.354430 32.881356 0.400000
      vertex 35.886076 32.881356 0.400000
      vertex 35.886076 33.389831 0.400000
    endloop
  endfacet
  facet normal 0.000000 0.000000 1.000000
    outer loop
      vertex 33.354430 32.881356 0.400000
      vertex 35.886076 33.389831 0.400000
      vertex 33.354430 33.389831 0.400000
    endloop
  endfacet
  facet normal 0.000000 -1.000000 0.000000
    outer loop
      vertex 33.354430 32.881356 0.000000
      vertex 35.886076 32.881356 0.000000
      vertex 35.886076 32.881356 0.400000
    endloop
  endfacet
  facet normal 0.000000 -1.000000 0.000000
    outer loop
      vertex 33.354430 32.881356 0.000000
      vertex 35.886076 32.881356 0.400000
      vertex 33.354430 32.881356 0.400000
    endloop
  endfacet
  facet normal 0.000000 1.000000 0.000000
    outer loop
      vertex 33.354430 33.389831 0.000000
      vertex 35.886076 33.389831 0.400000
      vertex 35.886076 33.389831 0.000000
    endloop
  endfacet
  facet normal 0.000000 1.000000 0.000000
    outer loop
      vertex 33.354430 33.389831 0.000000
      vertex 33.354430 33.389831 0.400000
      vertex 35.886076 33.389831 0.400000
    endloop
  endfacet
  facet normal -1.000000 0.000000 0.000000
    outer loop
      vertex 33.354430 32.881356 0.000000
      vertex 33.354430 32.881356 0.400000
      vertex 33.354430 33.389831 0.400000
    endloop
  endfacet
  facet normal -1.000000 0.000000 0.000000
    outer loop
      vertex 33.354430 32.881356 0.000000
      vertex 33.354430 33.389831 0.400000
      vertex 33.354430 33.389831 0.000000
    endloop
  endfacet
  facet normal 1.000000 0.000000 0.000000
    outer loop
      vertex 35.886076 32.881356 0.000000
      vertex 35.886076 33.389831 0.000000
      vertex 35.886076 33.389831 0.400000
    endloop
  endfacet
  facet normal 1.000000 0.000000 0.000000
    outer loop
      vertex 35.886076 32.881356 0.000000
      vertex 35.886076 33.389831 0.400000
      vertex 35.886076 32.881356 0.400000
    endloop
  endfacet
  facet normal 0.000000 0.000000 -1.000000
    outer loop
      vertex 37.405063 32.881356 0.000000
      vertex 38.417722 33.389831 0.000000
      vertex 38.417722 32.881356 0.000000
    endloop
  endfacet
  facet normal 0.000000 0.000000 -1.000000
    outer loop
      vertex 37.405063 32.881356 0.000000
      vertex 37.405063 33.389831 0.000000
      vertex 38.417722 33.389831 0.000000
    endloop
  endfacet
  facet normal 0.000000 0.000000 1.000000
    outer loop
      vertex 37.405063 32.881356 0.400000
      vertex 38.417722 32.881356 0.400000
      vertex 38.417722 33.389831 0.400000
    endloop
  endfacet
  facet normal 0.000000 0.000000 1.000000
    outer loop
      vertex 37.405063 32.881356 0.400000
      vertex 38.417722 33.389831 0.400000
      vertex 37.405063 33.389831 0.400000
    endloop
  endfacet
  facet normal 0.000000 -1.000000 0.000000
    outer loop
      vertex 37.405063 32.881356 0.000000
      vertex 38.417722 32.881356 0.000000
      vertex 38.417722 32.881356 0.400000
    endloop
  endfacet
  facet normal 0.000000 -1.000000 0.000000
    outer loop
      vertex 37.405063 32.881356 0.000000
      vertex 38.417722 32.881356 0.400000
      vertex 37.405063 32.881356 0.400000
    endloop
  endfacet
  facet normal 0.000000 1.000000 0.000000
    outer loop
      vertex 37.405063 33.389831 0.000000
      vertex 38.417722 33.389831 0.400000
      vertex 38.417722 33.389831 0.000000
    endloop
  endfacet
  facet normal 0.000000 1.000000 0.000000
    outer loop
      vertex 37.405063 33.389831 0.000000
      vertex 37.405063 33.389831 0.400000
      vertex 38.417722 33.389831 0.400000
    endloop
  endfacet
  facet normal -1.000000 0.000000 0.000000
    outer loop
      vertex 37.405063 32.881356 0.000000
      vertex 37.405063 32.881356 0.400000
      vertex 37.405063 33.389831 0.400000
    endloop
  endfacet
  facet normal -1.000000 0.000000 0.000000
    outer loop
      vertex 37.405063 32.881356 0.000000
      vertex 37.405063 33.389831 0.400000
      vertex 37.405063 33.389831 0.000000
    endloop
  endfacet
  facet normal 1.000000 0.000000 0.000000
    outer loop
      vertex 38.417722 32.881356 0.000000
      vertex 38.417722 33.389831 0.000000
      vertex 38.417722 33.389831 0.400000
    endloop
  endfacet
  facet normal 1.000000 0.000000 0.000000
    outer loop
      vertex 38.417722 32.881356 0.000000
      vertex 38.417722 33.389831 0.400000
      vertex 38.417722 32.881356 0.400000
    endloop
  endfacet
  facet normal 0.000000 0.000000 -1.000000
    outer loop
      vertex 39.936709 32.881356 0.000000
      vertex 41.455696 33.389831 0.000000
      vertex 41.455696 32.881356 0.000000
    endloop
  endfacet
  facet normal 0.000000 0.000000 -1.000000
    outer loop
      vertex 39.936709 32.881356 0.000000
      vertex 39.936709 33.389831 0.000000
      vertex 41.455696 33.389831 0.000000
    endloop
  endfacet
  facet normal 0.000000 0.000000 1.000000
    outer loop
      vertex 39.936709 32.881356 0.400000
      vertex 41.455696 32.881356 0.400000
      vertex 41.455696 33.389831 0.400000
    endloop
  endfacet
  facet normal 0.000000 0.000000 1.000000
    outer loop
      vertex 39.936709 32.881356 0.400000
      vertex 41.455696 33.389831 0.400000
      vertex 39.936709 33.389831 0.400000
    endloop
  endfacet
  facet normal 0.000000 -1.000000 0.000000
    outer loop
      vertex 39.936709 32.881356 0.000000
      vertex 41.455696 32.881356 0.000000
      vertex 41.455696 32.881356 0.400000
    endloop
  endfacet
  facet normal 0.000000 -1.000000 0.000000
    outer loop
      vertex 39.936709 32.881356 0.000000
      vertex 41.455696 32.881356 0.400000
      vertex 39.936709 32.881356 0.400000
    endloop
  endfacet
  facet normal 0.000000 1.000000 0.000000
    outer loop
      vertex 39.936709 33.389831 0.000000
      vertex 41.455696 33.389831 0.400000
      vertex 41.455696 33.389831 0.000000
    endloop
  endfacet
  facet normal 0.000000 1.000000 0.000000
    outer loop
      vertex 39.936709 33.389831 0.000000
      vertex 39.936709 33.389831 0.400000
      vertex 41.455696 33.389831 0.400000
    endloop
  endfacet
  facet normal -1.000000 0.000000 0.000000
    outer loop
      vertex 39.936709 32.881356 0.000000
      vertex 39.936709 32.881356 0.400000
      vertex 39.936709 33.389831 0.400000
    endloop
  endfacet
  facet normal -1.000000 0.000000 0.000000
    outer loop
      vertex 39.936709 32.881356 0.000000
      vertex 39.936709 33.389831 0.400000
      vertex 39.936709 33.389831 0.000000
    endloop
  endfacet
  facet normal 1.000000 0.000000 0.000000
    outer loop
      vertex 41.455696 32.881356 0.000000
      vertex 41.455696 33.389831 0.000000
      vertex 41.455696 33.389831 0.400000
    endloop
  endfacet
  facet normal 1.000000 0.000000 0.000000
    outer loop
      vertex 41.455696 32.881356 0.000000
      vertex 41.455696 33.389831 0.400000
      vertex 41.455696 32.881356 0.400000
    endloop
  endfacet
  facet normal 0.000000 0.000000 -1.000000
    outer loop
      vertex 42.974684 32.881356 0.000000
      vertex 45.000000 33.389831 0.000000
      vertex 45.000000 32.881356 0.000000
    endloop
  endfacet
  facet normal 0.000000 0.000000 -1.000000
    outer loop
      vertex 42.974684 32.881356 0.000000
      vertex 42.974684 33.389831 0.000000
      vertex 45.000000 33.389831 0.000000
    endloop
  endfacet
  facet normal 0.000000 0.000000 1.000000
    outer loop
      vertex 42.974684 32.881356 0.400000
      vertex 45.000000 32.881356 0.400000
      vertex 45.000000 33.389831 0.400000
    endloop
  endfacet
  facet normal 0.000000 0.000000 1.000000
    outer loop
      vertex 42.974684 32.881356 0.400000
      vertex 45.000000 33.389831 0.400000
      vertex 42.974684 33.389831 0.400000
    endloop
  endfacet
  facet normal 0.000000 -1.000000 0.000000
    outer loop
      vertex 42.974684 32.881356 0.000000
      vertex 45.000000 32.881356 0.000000
      vertex 45.000000 32.881356 0.400000
    endloop
  endfacet
  facet normal 0.000000 -1.000000 0.000000
    outer loop
      vertex 42.974684 32.881356 0.000000
      vertex 45.000000 32.881356 0.400000
      vertex 42.974684 32.881356 0.400000
    endloop
  endfacet
  facet normal 0.000000 1.000000 0.000000
    outer loop
      vertex 42.974684 33.389831 0.000000
      vertex 45.000000 33.389831 0.400000
      vertex 45.000000 33.389831 0.000000
    endloop
  endfacet
  facet normal 0.000000 1.000000 0.000000
    outer loop
      vertex 42.974684 33.389831 0.000000
      vertex 42.974684 33.389831 0.400000
      vertex 45.000000 33.389831 0.400000
    endloop
  endfacet
  facet normal -1.000000 0.000000 0.000000
    outer loop
      vertex 42.974684 32.881356 0.000000
      vertex 42.974684 32.881356 0.400000
      vertex 42.974684 33.389831 0.400000
    endloop
  endfacet
  facet normal -1.000000 0.000000 0.000000
    outer loop
      vertex 42.974684 32.881356 0.000000
      vertex 42.974684 33.389831 0.400000
      vertex 42.974684 33.389831 0.000000
    endloop
  endfacet
  facet normal 1.000000 0.000000 0.000000
    outer loop
      vertex 45.000000 32.881356 0.000000
      vertex 45.000000 33.389831 0.000000
      vertex 45.000000 33.389831 0.400000
    endloop
  endfacet
  facet normal 1.000000 0.000000 0.000000
    outer loop
      vertex 45.000000 32.881356 0.000000
      vertex 45.000000 33.389831 0.400000
      vertex 45.000000 32.881356 0.400000
    endloop
  endfacet
  facet normal 0.000000 0.000000 -1.000000
    outer loop
      vertex 5.000000 32.372881 0.000000
      vertex 7.025316 32.881356 0.000000
      vertex 7.025316 32.372881 0.000000
    endloop
  endfacet
  facet normal 0.000000 0.000000 -1.000000
    outer loop
      vertex 5.000000 32.372881 0.000000
      vertex 5.000000 32.881356 0.000000
      vertex 7.025316 32.881356 0.000000
    endloop
  endfacet
  facet normal 0.000000 0.000000 1.000000
    outer loop
      vertex 5.000000 32.372881 0.400000
      vertex 7.025316 32.372881 0.400000
      vertex 7.025316 32.881356 0.400000
    endloop
  endfacet
  facet normal 0.000000 0.000000 1.000000
    outer loop
      vertex 5.000000 32.372881 0.400000
      vertex 7.025316 32.881356 0.400000
      vertex 5.000000 32.881356 0.400000
    endloop
  endfacet
  facet normal 0.000000 -1.000000 0.000000
    outer loop
      vertex 5.000000 32.372881 0.000000
      vertex 7.025316 32.372881 0.000000
      vertex 7.025316 32.372881 0.400000
    endloop
  endfacet
  facet normal 0.000000 -1.000000 0.000000
    outer loop
      vertex 5.000000 32.372881 0.000000
      vertex 7.025316 32.372881 0.400000
      vertex 5.000000 32.372881 0.400000
    endloop
  endfacet
  facet normal 0.000000 1.000000 0.000000
    outer loop
      vertex 5.000000 32.881356 0.000000
      vertex 7.025316 32.881356 0.400000
      vertex 7.025316 32.881356 0.000000
    endloop
  endfacet
  facet normal 0.000000 1.000000 0.000000
    outer loop
      vertex 5.000000 32.881356 0.000000
      vertex 5.000000 32.881356 0.400000
      vertex 7.025316 32.881356 0.400000
    endloop
  endfacet
  facet normal -1.000000 0.000000 0.000000
    outer loop
      vertex 5.000000 32.372881 0.000000
      vertex 5.000000 32.372881 0.400000
      vertex 5.000000 32.881356 0.400000
    endloop
  endfacet
  facet normal -1.000000 0.000000 0.000000
    outer loop
      vertex 5.000000 32.372881 0.000000
      vertex 5.000000 32.881356 0.400000
      vertex 5.000000 32.881356 0.000000
    endloop
  endfacet
  facet normal 1.000000 0.000000 0.000000
    outer loop
      vertex 7.025316 32.372881 0.000000
      vertex 7.025316 32.881356 0.000000
      vertex 7.025316 32.881356 0.400000
    endloop
  endfacet
  facet normal 1.000000 0.000000 0.000000
    outer loop
      vertex 7.025316 32.372881 0.000000
      vertex 7.025316 32.881356 0.400000
      vertex 7.025316 32.372881 0.400000
    endloop
  endfacet
  facet normal 0.000000 0.000000 -1.000000
    outer loop
      vertex 8.544304 32.372881 0.000000
      vertex 9.050633 32.881356 0.000000
      vertex 9.050633 32.372881 0.000000
    endloop
  endfacet
  facet normal 0.000000 0.000000 -1.000000
    outer loop
      vertex 8.544304 32.372881 0.000000
      vertex 8.544304 32.881356 0.000000
      vertex 9.050633 32.881356 0.000000
    endloop
  endfacet
  facet normal 0.000000 0.000000 1.000000
    outer loop
      vertex 8.544304 32.372881 0.400000
      vertex 9.050633 32.372881 0.400000
      vertex 9.050633 32.881356 0.400000
    endloop
  endfacet
  facet normal 0.000000 0.000000 1.000000
    outer loop
      vertex 8.544304 32.372881 0.400000
      vertex 9.050633 32.881356 0.400000
      vertex 8.544304 32.881356 0.400000
    endloop
  endfacet
  facet normal 0.000000 -1.000000 0.000000
    outer loop
      vertex 8.544304 32.372881 0.000000
      vertex 9.050633 32.372881 0.000000
      vertex 9.050633 32.372881 0.400000
    endloop
  endfacet
  facet normal 0.000000 -1.000000 0.000000
    outer loop
      vertex 8.544304 32.372881 0.000000
      vertex 9.050633 32.372881 0.400000
      vertex 8.544304 32.372881 0.400000
    endloop
  endfacet
  facet normal 0.000000 1.000000 0.000000
    outer loop
      vertex 8.544304 32.881356 0.000000
      vertex 9.050633 32.881356 0.400000
      vertex 9.050633 32.881356 0.000000
    endloop
  endfacet
  facet normal 0.000000 1.000000 0.000000
    outer loop
      vertex 8.544304 32.881356 0.000000
      vertex 8.544304 32.881356 0.400000
      vertex 9.050633 32.881356 0.400000
    endloop
  endfacet
  facet normal -1.000000 0.000000 0.000000
    outer loop
      vertex 8.544304 32.372881 0.000000
      vertex 8.544304 32.372881 0.400000
      vertex 8.544304 32.881356 0.400000
    endloop
  endfacet
  facet normal -1.000000 0.000000 0.000000
    outer loop
      vertex 8.544304 32.372881 0.000000
      vertex 8.544304 32.881356 0.400000
      vertex 8.544304 32.881356 0.000000
    endloop
  endfacet
  facet normal 1.000000 0.000000 0.000000
    outer loop
      vertex 9.050633 32.372881 0.000000
      vertex 9.050633 32.881356 0.000000
      vertex 9.050633 32.881356 0.400000
    endloop
  endfacet
  facet normal 1.000000 0.000000 0.000000
    outer loop
      vertex 9.050633 32.372881 0.000000
      vertex 9.050633 32.881356 0.400000
      vertex 9.050633 32.372881 0.400000
    endloop
  endfacet
  facet normal 0.000000 0.000000 -1.000000
    outer loop
      vertex 11.582278 32.372881 0.000000
      vertex 12.088608 32.881356 0.000000
      vertex 12.088608 32.372881 0.000000
    endloop
  endfacet
  facet normal 0.000000 0.000000 -1.000000
    outer loop
      vertex 11.582278 32.372881 0.000000
      vertex 11.582278 32.881356 0.000000
      vertex 12.088608 32.881356 0.000000
    endloop
  endfacet
  facet normal 0.000000 0.000000 1.000000
    outer loop
      vertex 11.582278 32.372881 0.400000
      vertex 12.088608 32.372881 0.400000
      vertex 12.088608 32.881356 0.400000
    endloop
  endfacet
  facet normal 0.000000 0.000000 1.000000
    outer loop
      vertex 11.582278 32.372881 0.400000
      vertex 12.088608 32.881356 0.400000
      vertex 11.582278 32.881356 0.400000
    endloop
  endfacet
  facet normal 0.000000 -1.000000 0.000000
    outer loop
      vertex 11.582278 32.372881 0.000000
      vertex 12.088608 32.372881 0.000000
      vertex 12.088608 32.372881 0.400000
    endloop
  endfacet
  facet normal 0.000000 -1.000000 0.000000
    outer loop
      vertex 11.582278 32.372881 0.000000
      vertex 12.088608 32.372881 0.400000
      vertex 11.582278 32.372881 0.400000
    endloop
  endfacet
  facet normal 0.000000 1.000000 0.000000
    outer loop
      vertex 11.582278 32.881356 0.000000
      vertex 12.088608 32.881356 0.400000
      vertex 12.088608 32.881356 0.000000
    endloop
  endfacet
  facet normal 0.000000 1.000000 0.000000
    outer loop
      vertex 11.582278 32.881356 0.000000
      vertex 11.582278 32.881356 0.400000
      vertex 12.088608 32.881356 0.400000
    endloop
  endfacet
  facet normal -1.000000 0.000000 0.000000
    outer loop
      vertex 11.582278 32.372881 0.000000
      vertex 11.582278 32.372881 0.400000
      vertex 11.582278 32.881356 0.400000
    endloop
  endfacet
  facet normal -1.000000 0.000000 0.000000
    outer loop
      vertex 11.582278 32.372881 0.000000
      vertex 11.582278 32.881356 0.400000
      vertex 11.582278 32.881356 0.000000
    endloop
  endfacet
  facet normal 1.000000 0.000000 0.000000
    outer loop
      vertex 12.088608 32.372881 0.000000
      vertex 12.088608 32.881356 0.000000
      vertex 12.088608 32.881356 0.400000
    endloop
  endfacet
  facet normal 1.000000 0.000000 0.000000
    outer loop
      vertex 12.088608 32.372881 0.000000
      vertex 12.088608 32.881356 0.400000
      vertex 12.088608 32.372881 0.400000
    endloop
  endfacet
  facet normal 0.000000 0.000000 -1.000000
    outer loop
      vertex 13.607595 32.372881 0.000000
      vertex 14.620253 32.881356 0.000000
      vertex 14.620253 32.372881 0.000000
    endloop
  endfacet
  facet normal 0.000000 0.000000 -1.000000
    outer loop
      vertex 13.607595 32.372881 0.000000
      vertex 13.607595 32.881356 0.000000
      vertex 14.620253 32.881356 0.000000
    endloop
  endfacet
  facet normal 0.000000 0.000000 1.000000
    outer loop
      vertex 13.607595 32.372881 0.400000
      vertex 14.620253 32.372881 0.400000
      vertex 14.620253 32.881356 0.400000
    endloop
  endfacet
  facet normal 0.000000 0.000000 1.000000
    outer loop
      vertex 13.607595 32.372881 0.400000
      vertex 14.620253 32.881356 0.400000
      vertex 13.607595 32.881356 0.400000
    endloop
  endfacet
  facet normal 0.000000 -1.000000 0.000000
    outer loop
      vertex 13.607595 32.372881 0.000000
      vertex 14.620253 32.372881 0.000000
      vertex 14.620253 32.372881 0.400000
    endloop
  endfacet
  facet normal 0.000000 -1.000000 0.000000
    outer loop
      vertex 13.607595 32.372881 0.000000
      vertex 14.620253 32.372881 0.400000
      vertex 13.607595 32.372881 0.400000
    endloop
  endfacet
  facet normal 0.000000 1.000000 0.000000
    outer loop
      vertex 13.607595 32.881356 0.000000
      vertex 14.620253 32.881356 0.400000
      vertex 14.620253 32.881356 0.000000
    endloop
  endfacet
  facet normal 0.000000 1.000000 0.000000
    outer loop
      vertex 13.607595 32.881356 0.000000
      vertex 13.607595 32.881356 0.400000
      vertex 14.620253 32.881356 0.400000
    endloop
  endfacet
  facet normal -1.000000 0.000000 0.000000
    outer loop
      vertex 13.607595 32.372881 0.000000
      vertex 13.607595 32.372881 0.400000
      vertex 13.607595 32.881356 0.400000
    endloop
  endfacet
  facet normal -1.000000 0.000000 0.000000
    outer loop
      vertex 13.607595 32.372881 0.000000
      vertex 13.607595 32.881356 0.400000
      vertex 13.607595 32.881356 0.000000
    endloop
  endfacet
  facet normal 1.000000 0.000000 0.000000
    outer loop
      vertex 14.620253 32.372881 0.000000
      vertex 14.620253 32.881356 0.000000
      vertex 14.620253 32.881356 0.400000
    endloop
  endfacet
  facet normal 1.000000 0.000000 0.000000
    outer loop
      vertex 14.620253 32.372881 0.000000
      vertex 14.620253 32.881356 0.400000
      vertex 14.620253 32.372881 0.400000
    endloop
  endfacet
  facet normal 0.000000 0.000000 -1.000000
    outer loop
      vertex 16.139241 32.372881 0.000000
      vertex 18.670886 32.881356 0.000000
      vertex 18.670886 32.372881 0.000000
    endloop
  endfacet
  facet normal 0.000000 0.000000 -1.000000
    outer loop
      vertex 16.139241 32.372881 0.000000
      vertex 16.139241 32.881356 0.000000
      vertex 18.670886 32.881356 0.000000
    endloop
  endfacet
  facet normal 0.000000 0.000000 1.000000
    outer loop
      vertex 16.139241 32.372881 0.400000
      vertex 18.670886 32.372881 0.400000
      vertex 18.670886 32.881356 0.400000
    endloop
  endfacet
  facet normal 0.000000 0.000000 1.000000
    outer loop
      vertex 16.139241 32.372881 0.400000
      vertex 18.670886 32.881356 0.400000
      vertex 16.139241 32.881356 0.400000
    endloop
  endfacet
  facet normal 0.000000 -1.000000 0.000000
    outer loop
      vertex 16.139241 32.372881 0.000000
      vertex 18.670886 32.372881 0.000000
      vertex 18.670886 32.372881 0.400000
    endloop
  endfacet
  facet normal 0.000000 -1.000000 0.000000
    outer loop
      vertex 16.139241 32.372881 0.000000
      vertex 18.670886 32.372881 0.400000
      vertex 16.139241 32.372881 0.400000
    endloop
  endfacet
  facet normal 0.000000 1.000000 0.000000
    outer loop
      vertex 16.139241 32.881356 0.000000
      vertex 18.670886 32.881356 0.400000
      vertex 18.670886 32.881356 0.000000
    endloop
  endfacet
  facet normal 0.000000 1.000000 0.000000
    outer loop
      vertex 16.139241 32.881356 0.000000
      vertex 16.139241 32.881356 0.400000
      vertex 18.670886 32.881356 0.400000
    endloop
  endfacet
  facet normal -1.000000 0.000000 0.000000
    outer loop
      vertex 16.139241 32.372881 0.000000
      vertex 16.139241 32.372881 0.400000
      vertex 16.139241 32.881356 0.400000
    endloop
  endfacet
  facet normal -1.000000 0.000000 0.000000
    outer loop
      vertex 16.139241 32.372881 0.000000
      vertex 16.139241 32.881356 0.400000
      vertex 16.139241 32.881356 0.000000
    endloop
  endfacet
  facet normal 1.000000 0.000000 0.000000
    outer loop
      vertex 18.670886 32.372881 0.000000
      vertex 18.670886 32.881356 0.000000
      vertex 18.670886 32.881356 0.400000
    endloop
  endfacet
  facet normal 1.000000 0.000000 0.000000
    outer loop
      vertex 18.670886 32.372881 0.000000
      vertex 18.670886 32.881356 0.400000
      vertex 18.670886 32.372881 0.400000
    endloop
  endfacet
  facet normal 0.000000 0.000000 -1.000000
    outer loop
      vertex 20.189873 32.372881 0.000000
      vertex 22.215190 32.881356 0.000000
      vertex 22.215190 32.372881 0.000000
    endloop
  endfacet
  facet normal 0.000000 0.000000 -1.000000
    outer loop
      vertex 20.189873 32.372881 0.000000
      vertex 20.189873 32.881356 0.000000
      vertex 22.215190 32.881356 0.000000
    endloop
  endfacet
  facet normal 0.000000 0.000000 1.000000
    outer loop
      vertex 20.189873 32.372881 0.400000
      vertex 22.215190 32.372881 0.400000
      vertex 22.215190 32.881356 0.400000
    endloop
  endfacet
  facet normal 0.000000 0.000000 1.000000
    outer loop
      vertex 20.189873 32.372881 0.400000
      vertex 22.215190 32.881356 0.400000
      vertex 20.189873 32.881356 0.400000
    endloop
  endfacet
  facet normal 0.000000 -1.000000 0.000000
    outer loop
      vertex 20.189873 32.372881 0.000000
      vertex 22.215190 32.372881 0.000000
      vertex 22.215190 32.372881 0.400000
    endloop
  endfacet
  facet normal 0.000000 -1.000000 0.000000
    outer loop
      vertex 20.189873 32.372881 0.000000
      vertex 22.215190 32.372881 0.400000
      vertex 20.189873 32.372881 0.400000
    endloop
  endfacet
  facet normal 0.000000 1.000000 0.000000
    outer loop
      vertex 20.189873 32.881356 0.000000
      vertex 22.215190 32.881356 0.400000
      vertex 22.215190 32.881356 0.000000
    endloop
  endfacet
  facet normal 0.000000 1.000000 0.000000
    outer loop
      vertex 20.189873 32.881356 0.000000
      vertex 20.189873 32.881356 0.400000
      vertex 22.215190 32.881356 0.400000
    endloop
  endfacet
  facet normal -1.000000 0.000000 0.000000
    outer loop
      vertex 20.189873 32.372881 0.000000
      vertex 20.189873 32.372881 0.400000
      vertex 20.189873 32.881356 0.400000
    endloop
  endfacet
  facet normal -1.000000 0.000000 0.000000
    outer loop
      vertex 20.189873 32.372881 0.000000
      vertex 20.189873 32.881356 0.400000
      vertex 20.189873 32.881356 0.000000
    endloop
  endfacet
  facet normal 1.000000 0.000000 0.000000
    outer loop
      vertex 22.215190 32.372881 0.000000
      vertex 22.215190 32.881356 0.000000
      vertex 22.215190 32.881356 0.400000
    endloop
  endfacet
  facet normal 1.000000 0.000000 0.000000
    outer loop
      vertex 22.215190 32.372881 0.000000
      vertex 22.215190 32.881356 0.400000
      vertex 22.215190 32.372881 0.400000
    endloop
  endfacet
  facet normal 0.000000 0.000000 -1.000000
    outer loop
      vertex 23.734177 32.372881 0.000000
      vertex 27.784810 32.881356 0.000000
      vertex 27.784810 32.372881 0.000000
    endloop
  endfacet
  facet normal 0.000000 0.000000 -1.000000
    outer loop
      vertex 23.734177 32.372881 0.000000
      vertex 23.734177 32.881356 0.000000
      vertex 27.784810 32.881356 0.000000
    endloop
  endfacet
  facet normal 0.000000 0.000000 1.000000
    outer loop
      vertex 23.734177 32.372881 0.400000
      vertex 27.784810 32.372881 0.400000
      vertex 27.784810 32.881356 0.400000
    endloop
  endfacet
  facet normal 0.000000 0.000000 1.000000
    outer loop
      vertex 23.734177 32.372881 0.400000
      vertex 27.784810 32.881356 0.400000
      vertex 23.734177 32.881356 0.400000
    endloop
  endfacet
  facet normal 0.000000 -1.000000 0.000000
    outer loop
      vertex 23.734177 32.372881 0.000000
      vertex 27.784810 32.372881 0.000000
      vertex 27.784810 32.372881 0.400000
    endloop
  endfacet
  facet normal 0.000000 -1.000000 0.000000
    outer loop
      vertex 23.734177 32.372881 0.000000
      vertex 27.784810 32.372881 0.400000
      vertex 23.734177 32.372881 0.400000
    endloop
  endfacet
  facet normal 0.000000 1.000000 0.000000
    outer loop
      vertex 23.734177 32.881356 0.000000
      vertex 27.784810 32.881356 0.400000
      vertex 27.784810 32.881356 0.000000
    endloop
  endfacet
  facet normal 0.000000 1.000000 0.000000
    outer loop
      vertex 23.734177 32.881356 0.000000
      vertex 23.734177 32.881356 0.400000
      vertex 27.784810 32.881356 0.400000
    endloop
  endfacet
  facet normal -1.000000 0.000000 0.000000
    outer loop
      vertex 23.734177 32.372881 0.000000
      vertex 23.734177 32.372881 0.400000
      vertex 23.734177 32.881356 0.400000
    endloop
  endfacet
  facet normal -1.000000 0.000000 0.000000
    outer loop
      vertex 23.734177 32.372881 0.000000
      vertex 23.734177 32.881356 0.400000
      vertex 23.734177 32.881356 0.000000
    endloop
  endfacet
  facet normal 1.000000 0.000000 0.000000
    outer loop
      vertex 27.784810 32.372881 0.000000
      vertex 27.784810 32.881356 0.000000
      vertex 27.784810 32.881356 0.400000
    endloop
  endfacet
  facet normal 1.000000 0.000000 0.000000
    outer loop
      vertex 27.784810 32.372881 0.000000
      vertex 27.784810 32.881356 0.400000
      vertex 27.784810 32.372881 0.400000
    endloop
  endfacet
  facet normal 0.000000 0.000000 -1.000000
    outer loop
      vertex 29.303797 32.372881 0.000000
      vertex 31.835443 32.881356 0.000000
      vertex 31.835443 32.372881 0.000000
    endloop
  endfacet
  facet normal 0.000000 0.000000 -1.000000
    outer loop
      vertex 29.303797 32.372881 0.000000
      vertex 29.303797 32.881356 0.000000
      vertex 31.835443 32.881356 0.000000
    endloop
  endfacet
  facet normal 0.000000 0.000000 1.000000
    outer loop
      vertex 29.303797 32.372881 0.400000
      vertex 31.835443 32.372881 0.400000
      vertex 31.835443 32.881356 0.400000
    endloop
  endfacet
  facet normal 0.000000 0.000000 1.000000
    outer loop
      vertex 29.303797 32.372881 0.400000
      vertex 31.835443 32.881356 0.400000
      vertex 29.303797 32.881356 0.400000
    endloop
  endfacet
  facet normal 0.000000 -1.000000 0.000000
    outer loop
      vertex 29.303797 32.372881 0.000000
      vertex 31.835443 32.372881 0.000000
      vertex 31.835443 32.372881 0.400000
    endloop
  endfacet
  facet normal 0.000000 -1.000000 0.000000
    outer loop
      vertex 29.303797 32.372881 0.000000
      vertex 31.835443 32.372881 0.400000
      vertex 29.303797 32.372881 0.400000
    endloop
  endfacet
  facet normal 0.000000 1.000000 0.000000
    outer loop
      vertex 29.303797 32.881356 0.000000
      vertex 31.835443 32.881356 0.400000
      vertex 31.835443 32.881356 0.000000
    endloop
  endfacet
  facet normal 0.000000 1.000000 0.000000
    outer loop
      vertex 29.303797 32.881356 0.000000
      vertex 29.303797 32.881356 0.400000
      vertex 31.835443 32.881356 0.400000
    endloop
  endfacet
  facet normal -1.000000 0.000000 0.000000
    outer loop
      vertex 29.303797 32.372881 0.000000
      vertex 29.303797 32.372881 0.400000
      vertex 29.303797 32.881356 0.400000
    endloop
  endfacet
  facet normal -1.000000 0.000000 0.000000
    outer loop
      vertex 29.303797 32.372881 0.000000
      vertex 29.303797 32.881356 0.400000
      vertex 29.303797 32.881356 0.000000
    endloop
  endfacet
  facet normal 1.000000 0.000000 0.000000
    outer loop
      vertex 31.835443 32.372881 0.000000
      vertex 31.835443 32.881356 0.000000
      vertex 31.835443 32.881356 0.400000
    endloop
  endfacet
  facet normal 1.000000 0.000000 0.000000
    outer loop
      vertex 31.835443 32.372881 0.000000
      vertex 31.835443 32.881356 0.400000
      vertex 31.835443 32.372881 0.400000
    endloop
  endfacet
  facet normal 0.000000 0.000000 -1.000000
    outer loop
      vertex 33.354430 32.372881 0.000000
      vertex 35.886076 32.881356 0.000000
      vertex 35.886076 32.372881 0.000000
    endloop
  endfacet
  facet normal 0.000000 0.000000 -1.000000
    outer loop
      vertex 33.354430 32.372881 0.000000
      vertex 33.354430 32.881356 0.000000
      vertex 35.886076 32.881356 0.000000
    endloop
  endfacet
  facet normal 0.000000 0.000000 1.000000
    outer loop
      vertex 33.354430 32.372881 0.400000
      vertex 35.886076 32.372881 0.400000
      vertex 35.886076 32.881356 0.400000
    endloop
  endfacet
  facet normal 0.000000 0.000000 1.000000
    outer loop
      vertex 33.354430 32.372881 0.400000
      vertex 35.886076 32.881356 0.400000
      vertex 33.354430 32.881356 0.400000
    endloop
  endfacet
  facet normal 0.000000 -1.000000 0.000000
    outer loop
      vertex 33.354430 32.372881 0.000000
      vertex 35.886076 32.372881 0.000000
      vertex 35.886076 32.372881 0.400000
    endloop
  endfacet
  facet normal 0.000000 -1.000000 0.000000
    outer loop
      vertex 33.354430 32.372881 0.000000
      vertex 35.886076 32.372881 0.400000
      vertex 33.354430 32.372881 0.400000
    endloop
  endfacet
  facet normal 0.000000 1.000000 0.000000
    outer loop
      vertex 33.354430 32.881356 0.000000
      vertex 35.886076 32.881356 0.400000
      vertex 35.886076 32.881356 0.000000
    endloop
  endfacet
  facet normal 0.000000 1.000000 0.000000
    outer loop
      vertex 33.354430 32.881356 0.000000
      vertex 33.354430 32.881356 0.400000
      vertex 35.886076 32.881356 0.400000
    endloop
  endfacet
  facet normal -1.000000 0.000000 0.000000
    outer loop
      vertex 33.354430 32.372881 0.000000
      vertex 33.354430 32.372881 0.400000
      vertex 33.354430 32.881356 0.400000
    endloop
  endfacet
  facet normal -1.000000 0.000000 0.000000
    outer loop
      vertex 33.354430 32.372881 0.000000
      vertex 33.354430 32.881356 0.400000
      vertex 33.354430 32.881356 0.000000
    endloop
  endfacet
  facet normal 1.000000 0.000000 0.000000
    outer loop
      vertex 35.886076 32.372881 0.000000
      vertex 35.886076 32.881356 0.000000
      vertex 35.886076 32.881356 0.400000
    endloop
  endfacet
  facet normal 1.000000 0.000000 0.000000
    outer loop
      vertex 35.886076 32.372881 0.000000
      vertex 35.886076 32.881356 0.400000
      vertex 35.886076 32.372881 0.400000
    endloop
  endfacet
  facet normal 0.000000 0.000000 -1.000000
    outer loop
      vertex 37.405063 32.372881 0.000000
      vertex 38.924051 32.881356 0.000000
      vertex 38.924051 32.372881 0.000000
    endloop
  endfacet
  facet normal 0.000000 0.000000 -1.000000
    outer loop
      vertex 37.405063 32.372881 0.000000
      vertex 37.405063 32.881356 0.000000
      vertex 38.924051 32.881356 0.000000
    endloop
  endfacet
  facet normal 0.000000 0.000000 1.000000
    outer loop
      vertex 37.405063 32.372881 0.400000
      vertex 38.924051 32.372881 0.400000
      vertex 38.924051 32.881356 0.400000
    endloop
  endfacet
  facet normal 0.000000 0.000000 1.000000
    outer loop
      vertex 37.405063 32.372881 0.400000
      vertex 38.924051 32.881356 0.400000
      vertex 37.405063 32.881356 0.400000
    endloop
  endfacet
  facet normal 0.000000 -1.000000 0.000000
    outer loop
      vertex 37.405063 32.372881 0.000000
      vertex 38.924051 32.372881 0.000000
      vertex 38.924051 32.372881 0.400000
    endloop
  endfacet
  facet normal 0.000000 -1.000000 0.000000
    outer loop
      vertex 37.405063 32.372881 0.000000
      vertex 38.924051 32.372881 0.400000
      vertex 37.405063 32.372881 0.400000
    endloop
  endfacet
  facet normal 0.000000 1.000000 0.000000
    outer loop
      vertex 37.405063 32.881356 0.000000
      vertex 38.924051 32.881356 0.400000
      vertex 38.924051 32.881356 0.000000
    endloop
  endfacet
  facet normal 0.000000 1.000000 0.000000
    outer loop
      vertex 37.405063 32.881356 0.000000
      vertex 37.405063 32.881356 0.400000
      vertex 38.924051 32.881356 0.400000
    endloop
  endfacet
  facet normal -1.000000 0.000000 0.000000
    outer loop
      vertex 37.405063 32.372881 0.000000
      vertex 37.405063 32.372881 0.400000
      vertex 37.405063 32.881356 0.400000
    endloop
  endfacet
  facet normal -1.000000 0.000000 0.000000
    outer loop
      vertex 37.405063 32.372881 0.000000
      vertex 37.405063 32.881356 0.400000
      vertex 37.405063 32.881356 0.000000
    endloop
  endfacet
  facet normal 1.000000 0.000000 0.000000
    outer loop
      vertex 38.924051 32.372881 0.000000
      vertex 38.924051 32.881356 0.000000
      vertex 38.924051 32.881356 0.400000
    endloop
  endfacet
  facet normal 1.000000 0.000000 0.000000
    outer loop
      vertex 38.924051 32.372881 0.000000
      vertex 38.924051 32.881356 0.400000
      vertex 38.924051 32.372881 0.400000
    endloop
  endfacet
  facet normal 0.000000 0.000000 -1.000000
    outer loop
      vertex 42.974684 32.372881 0.000000
      vertex 45.000000 32.881356 0.000000
      vertex 45.000000 32.372881 0.000000
    endloop
  endfacet
  facet normal 0.000000 0.000000 -1.000000
    outer loop
      vertex 42.974684 32.372881 0.000000
      vertex 42.974684 32.881356 0.000000
      vertex 45.000000 32.881356 0.000000
    endloop
  endfacet
  facet normal 0.000000 0.000000 1.000000
    outer loop
      vertex 42.974684 32.372881 0.400000
      vertex 45.000000 32.372881 0.400000
      vertex 45.000000 32.881356 0.400000
    endloop
  endfacet
  facet normal 0.000000 0.000000 1.000000
    outer loop
      vertex 42.974684 32.372881 0.400000
      vertex 45.000000 32.881356 0.400000
      vertex 42.974684 32.881356 0.400000
    endloop
  endfacet
  facet normal 0.000000 -1.000000 0.000000
    outer loop
      vertex 42.974684 32.372881 0.000000
      vertex 45.000000 32.372881 0.000000
      vertex 45.000000 32.372881 0.400000
    endloop
  endfacet
  facet normal 0.000000 -1.000000 0.000000
    outer loop
      vertex 42.974684 32.372881 0.000000
      vertex 45.000000 32.372881 0.400000
      vertex 42.974684 32.372881 0.400000
    endloop
  endfacet
  facet normal 0.000000 1.000000 0.000000
    outer loop
      vertex 42.974684 32.881356 0.000000
      vertex 45.000000 32.881356 0.400000
      vertex 45.000000 32.881356 0.000000
    endloop
  endfacet
  facet normal 0.000000 1.000000 0.000000
    outer loop
      vertex 42.974684 32.881356 0.000000
      vertex 42.974684 32.881356 0.400000
      vertex 45.000000 32.881356 0.400000
    endloop
  endfacet
  facet normal -1.000000 0.000000 0.000000
    outer loop
      vertex 42.974684 32.372881 0.000000
      vertex 42.974684 32.372881 0.400000
      vertex 42.974684 32.881356 0.400000
    endloop
  endfacet
  facet normal -1.000000 0.000000 0.000000
    outer loop
      vertex 42.974684 32.372881 0.000000
      vertex 42.974684 32.881356 0.400000
      vertex 42.974684 32.881356 0.000000
    endloop
  endfacet
  facet normal 1.000000 0.000000 0.000000
    outer loop
      vertex 45.000000 32.372881 0.000000
      vertex 45.000000 32.881356 0.000000
      vertex 45.000000 32.881356 0.400000
    endloop
  endfacet
  facet normal 1.000000 0.000000 0.000000
    outer loop
      vertex 45.000000 32.372881 0.000000
      vertex 45.000000 32.881356 0.400000
      vertex 45.000000 32.372881 0.400000
    endloop
  endfacet
  facet normal 0.000000 0.000000 -1.000000
    outer loop
      vertex 5.000000 31.864407 0.000000
      vertex 7.025316 32.372881 0.000000
      vertex 7.025316 31.864407 0.000000
    endloop
  endfacet
  facet normal 0.000000 0.000000 -1.000000
    outer loop
      vertex 5.000000 31.864407 0.000000
      vertex 5.000000 32.372881 0.000000
      vertex 7.025316 32.372881 0.000000
    endloop
  endfacet
  facet normal 0.000000 0.000000 1.000000
    outer loop
      vertex 5.000000 31.864407 0.400000
      vertex 7.025316 31.864407 0.400000
      vertex 7.025316 32.372881 0.400000
    endloop
  endfacet
  facet normal 0.000000 0.000000 1.000000
    outer loop
      vertex 5.000000 31.864407 0.400000
      vertex 7.025316 32.372881 0.400000
      vertex 5.000000 32.372881 0.400000
    endloop
  endfacet
  facet normal 0.000000 -1.000000 0.000000
    outer loop
      vertex 5.000000 31.864407 0.000000
      vertex 7.025316 31.864407 0.000000
      vertex 7.025316 31.864407 0.400000
    endloop
  endfacet
  facet normal 0.000000 -1.000000 0.000000
    outer loop
      vertex 5.000000 31.864407 0.000000
      vertex 7.025316 31.864407 0.400000
      vertex 5.000000 31.864407 0.400000
    endloop
  endfacet
  facet normal 0.000000 1.000000 0.000000
    outer loop
      vertex 5.000000 32.372881 0.000000
      vertex 7.025316 32.372881 0.400000
      vertex 7.025316 32.372881 0.000000
    endloop
  endfacet
  facet normal 0.000000 1.000000 0.000000
    outer loop
      vertex 5.000000 32.372881 0.000000
      vertex 5.000000 32.372881 0.400000
      vertex 7.025316 32.372881 0.400000
    endloop
  endfacet
  facet normal -1.000000 0.000000 0.000000
    outer loop
      vertex 5.000000 31.864407 0.000000
      vertex 5.000000 31.864407 0.400000
      vertex 5.000000 32.372881 0.400000
    endloop
  endfacet
  facet normal -1.000000 0.000000 0.000000
    outer loop
      vertex 5.000000 31.864407 0.000000
      vertex 5.000000 32.372881 0.400000
      vertex 5.000000 32.372881 0.000000
    endloop
  endfacet
  facet normal 1.000000 0.000000 0.000000
    outer loop
      vertex 7.025316 31.864407 0.000000
      vertex 7.025316 32.372881 0.000000
      vertex 7.025316 32.372881 0.400000
    endloop
  endfacet
  facet normal 1.000000 0.000000 0.000000
    outer loop
      vertex 7.025316 31.864407 0.000000
      vertex 7.025316 32.372881 0.400000
      vertex 7.025316 31.864407 0.400000
    endloop
  endfacet
  facet normal 0.000000 0.000000 -1.000000
    outer loop
      vertex 8.544304 31.864407 0.000000
      vertex 9.556962 32.372881 0.000000
      vertex 9.556962 31.864407 0.000000
    endloop
  endfacet
  facet normal 0.000000 0.000000 -1.000000
    outer loop
      vertex 8.544304 31.864407 0.000000
      vertex 8.544304 32.372881 0.000000
      vertex 9.556962 32.372881 0.000000
    endloop
  endfacet
  facet normal 0.000000 0.000000 1.000000
    outer loop
      vertex 8.544304 31.864407 0.400000
      vertex 9.556962 31.864407 0.400000
      vertex 9.556962 32.372881 0.400000
    endloop
  endfacet
  facet normal 0.000000 0.000000 1.000000
    outer loop
      vertex 8.544304 31.864407 0.400000
      vertex 9.556962 32.372881 0.400000
      vertex 8.544304 32.372881 0.400000
    endloop
  endfacet
  facet normal 0.000000 -1.000000 0.000000
    outer loop
      vertex 8.544304 31.864407 0.000000
      vertex 9.556962 31.864407 0.000000
      vertex 9.556962 31.864407 0.400000
    endloop
  endfacet
  facet normal 0.000000 -1.000000 0.000000
    outer loop
      vertex 8.544304 31.864407 0.000000
      vertex 9.556962 31.864407 0.400000
      vertex 8.544304 31.864407 0.400000
    endloop
  endfacet
  facet normal 0.000000 1.000000 0.000000
    outer loop
      vertex 8.544304 32.372881 0.000000
      vertex 9.556962 32.372881 0.400000
      vertex 9.556962 32.372881 0.000000
    endloop
  endfacet
  facet normal 0.000000 1.000000 0.000000
    outer loop
      vertex 8.544304 32.372881 0.000000
      vertex 8.544304 32.372881 0.400000
      vertex 9.556962 32.372881 0.400000
    endloop
  endfacet
  facet normal -1.000000 0.000000 0.000000
    outer loop
      vertex 8.544304 31.864407 0.000000
      vertex 8.544304 31.864407 0.400000
      vertex 8.544304 32.372881 0.400000
    endloop
  endfacet
  facet normal -1.000000 0.000000 0.000000
    outer loop
      vertex 8.544304 31.864407 0.000000
      vertex 8.544304 32.372881 0.400000
      vertex 8.544304 32.372881 0.000000
    endloop
  endfacet
  facet normal 1.000000 0.000000 0.000000
    outer loop
      vertex 9.556962 31.864407 0.000000
      vertex 9.556962 32.372881 0.000000
      vertex 9.556962 32.372881 0.400000
    endloop
  endfacet
  facet normal 1.000000 0.000000 0.000000
    outer loop
      vertex 9.556962 31.864407 0.000000
      vertex 9.556962 32.372881 0.400000
      vertex 9.556962 31.864407 0.400000
    endloop
  endfacet
  facet normal 0.000000 0.000000 -1.000000
    outer loop
      vertex 11.075949 31.864407 0.000000
      vertex 12.088608 32.372881 0.000000
      vertex 12.088608 31.864407 0.000000
    endloop
  endfacet
  facet normal 0.000000 0.000000 -1.000000
    outer loop
      vertex 11.075949 31.864407 0.000000
      vertex 11.075949 32.372881 0.000000
      vertex 12.088608 32.372881 0.000000
    endloop
  endfacet
  facet normal 0.000000 0.000000 1.000000
    outer loop
      vertex 11.075949 31.864407 0.400000
      vertex 12.088608 31.864407 0.400000
      vertex 12.088608 32.372881 0.400000
    endloop
  endfacet
  facet normal 0.000000 0.000000 1.000000
    outer loop
      vertex 11.075949 31.864407 0.400000
      vertex 12.088608 32.372881 0.400000
      vertex 11.075949 32.372881 0.400000
    endloop
  endfacet
  facet normal 0.000000 -1.000000 0.000000
    outer loop
      vertex 11.075949 31.864407 0.000000
      vertex 12.088608 31.864407 0.000000
      vertex 12.088608 31.864407 0.400000
    endloop
  endfacet
  facet normal 0.000000 -1.000000 0.000000
    outer loop
      vertex 11.075949 31.864407 0.000000
      vertex 12.088608 31.864407 0.400000
      vertex 11.075949 31.864407 0.400000
    endloop
  endfacet
  facet normal 0.000000 1.000000 0.000000
    outer loop
      vertex 11.075949 32.372881 0.000000
      vertex 12.088608 32.372881 0.400000
      vertex 12.088608 32.372881 0.000000
    endloop
  endfacet
  facet normal 0.000000 1.000000 0.000000
    outer loop
      vertex 11.075949 32.372881 0.000000
      vertex 11.075949 32.372881 0.400000
      vertex 12.088608 32.372881 0.400000
    endloop
  endfacet
  facet normal -1.000000 0.000000 0.000000
    outer loop
      vertex 11.075949 31.864407 0.000000
      vertex 11.075949 31.864407 0.400000
      vertex 11.075949 32.372881 0.400000
    endloop
  endfacet
  facet normal -1.000000 0.000000 0.000000
    outer loop
      vertex 11.075949 31.864407 0.000000
      vertex 11.075949 32.372881 0.400000
      vertex 11.075949 32.372881 0.000000
    endloop
  endfacet
  facet normal 1.000000 0.000000 0.000000
    outer loop
      vertex 12.088608 31.864407 0.000000
      vertex 12.088608 32.372881 0.000000
      vertex 12.088608 32.372881 0.400000
    endloop
  endfacet
  facet normal 1.000000 0.000000 0.000000
    outer loop
      vertex 12.088608 31.864407 0.000000
      vertex 12.088608 32.372881 0.400000
      vertex 12.088608 31.864407 0.400000
    endloop
  endfacet
  facet normal 0.000000 0.000000 -1.000000
    outer loop
      vertex 13.607595 31.864407 0.000000
      vertex 14.620253 32.372881 0.000000
      vertex 14.620253 31.864407 0.000000
    endloop
  endfacet
  facet normal 0.000000 0.000000 -1.000000
    outer loop
      vertex 13.607595 31.864407 0.000000
      vertex 13.607595 32.372881 0.000000
      vertex 14.620253 32.372881 0.000000
    endloop
  endfacet
  facet normal 0.000000 0.000000 1.000000
    outer loop
      vertex 13.607595 31.864407 0.400000
      vertex 14.620253 31.864407 0.400000
      vertex 14.620253 32.372881 0.400000
    endloop
  endfacet
  facet normal 0.000000 0.000000 1.000000
    outer loop
      vertex 13.607595 31.864407 0.400000
      vertex 14.620253 32.372881 0.400000
      vertex 13.607595 32.372881 0.400000
    endloop
  endfacet
  facet normal 0.000000 -1.000000 0.000000
    outer loop
      vertex 13.607595 31.864407 0.000000
      vertex 14.620253 31.864407 0.000000
      vertex 14.620253 31.864407 0.400000
    endloop
  endfacet
  facet normal 0.000000 -1.000000 0.000000
    outer loop
      vertex 13.607595 31.864407 0.000000
      vertex 14.620253 31.864407 0.400000
      vertex 13.607595 31.864407 0.400000
    endloop
  endfacet
  facet normal 0.000000 1.000000 0.000000
    outer loop
      vertex 13.607595 32.372881 0.000000
      vertex 14.620253 32.372881 0.400000
      vertex 14.620253 32.372881 0.000000
    endloop
  endfacet
  facet normal 0.000000 1.000000 0.000000
    outer loop
      vertex 13.607595 32.372881 0.000000
      vertex 13.607595 32.372881 0.400000
      vertex 14.620253 32.372881 0.400000
    endloop
  endfacet
  facet normal -1.000000 0.000000 0.000000
    outer loop
      vertex 13.607595 31.864407 0.000000
      vertex 13.607595 31.864407 0.400000
      vertex 13.607595 32.372881 0.400000
    endloop
  endfacet
  facet normal -1.000000 0.000000 0.000000
    outer loop
      vertex 13.607595 31.864407 0.000000
      vertex 13.607595 32.372881 0.400000
      vertex 13.607595 32.372881 0.000000
    endloop
  endfacet
  facet normal 1.000000 0.000000 0.000000
    outer loop
      vertex 14.620253 31.864407 0.000000
      vertex 14.620253 32.372881 0.000000
      vertex 14.620253 32.372881 0.400000
    endloop
  endfacet
  facet normal 1.000000 0.000000 0.000000
    outer loop
      vertex 14.620253 31.864407 0.000000
      vertex 14.620253 32.372881 0.400000
      vertex 14.620253 31.864407 0.400000
    endloop
  endfacet
  facet normal 0.000000 0.000000 -1.000000
    outer loop
      vertex 16.139241 31.864407 0.000000
      vertex 18.670886 32.372881 0.000000
      vertex 18.670886 31.864407 0.000000
    endloop
  endfacet
  facet normal 0.000000 0.000000 -1.000000
    outer loop
      vertex 16.139241 31.864407 0.000000
      vertex 16.139241 32.372881 0.000000
      vertex 18.670886 32.372881 0.000000
    endloop
  endfacet
  facet normal 0.000000 0.000000 1.000000
    outer loop
      vertex 16.139241 31.864407 0.400000
      vertex 18.670886 31.864407 0.400000
      vertex 18.670886 32.372881 0.400000
    endloop
  endfacet
  facet normal 0.000000 0.000000 1.000000
    outer loop
      vertex 16.139241 31.864407 0.400000
      vertex 18.670886 32.372881 0.400000
      vertex 16.139241 32.372881 0.400000
    endloop
  endfacet
  facet normal 0.000000 -1.000000 0.000000
    outer loop
      vertex 16.139241 31.864407 0.000000
      vertex 18.670886 31.864407 0.000000
      vertex 18.670886 31.864407 0.400000
    endloop
  endfacet
  facet normal 0.000000 -1.000000 0.000000
    outer loop
      vertex 16.139241 31.864407 0.000000
      vertex 18.670886 31.864407 0.400000
      vertex 16.139241 31.864407 0.400000
    endloop
  endfacet
  facet normal 0.000000 1.000000 0.000000
    outer loop
      vertex 16.139241 32.372881 0.000000
      vertex 18.670886 32.372881 0.400000
      vertex 18.670886 32.372881 0.000000
    endloop
  endfacet
  facet normal 0.000000 1.000000 0.000000
    outer loop
      vertex 16.139241 32.372881 0.000000
      vertex 16.139241 32.372881 0.400000
      vertex 18.670886 32.372881 0.400000
    endloop
  endfacet
  facet normal -1.000000 0.000000 0.000000
    outer loop
      vertex 16.139241 31.864407 0.000000
      vertex 16.139241 31.864407 0.400000
      vertex 16.139241 32.372881 0.400000
    endloop
  endfacet
  facet normal -1.000000 0.000000 0.000000
    outer loop
      vertex 16.139241 31.864407 0.000000
      vertex 16.139241 32.372881 0.400000
      vertex 16.139241 32.372881 0.000000
    endloop
  endfacet
  facet normal 1.000000 0.000000 0.000000
    outer loop
      vertex 18.670886 31.864407 0.000000
      vertex 18.670886 32.372881 0.000000
      vertex 18.670886 32.372881 0.400000
    endloop
  endfacet
  facet normal 1.000000 0.000000 0.000000
    outer loop
      vertex 18.670886 31.864407 0.000000
      vertex 18.670886 32.372881 0.400000
      vertex 18.670886 31.864407 0.400000
    endloop
  endfacet
  facet normal 0.000000 0.000000 -1.000000
    outer loop
      vertex 20.189873 31.864407 0.000000
      vertex 22.215190 32.372881 0.000000
      vertex 22.215190 31.864407 0.000000
    endloop
  endfacet
  facet normal 0.000000 0.000000 -1.000000
    outer loop
      vertex 20.189873 31.864407 0.000000
      vertex 20.189873 32.372881 0.000000
      vertex 22.215190 32.372881 0.000000
    endloop
  endfacet
  facet normal 0.000000 0.000000 1.000000
    outer loop
      vertex 20.189873 31.864407 0.400000
      vertex 22.215190 31.864407 0.400000
      vertex 22.215190 32.372881 0.400000
    endloop
  endfacet
  facet normal 0.000000 0.000000 1.000000
    outer loop
      vertex 20.189873 31.864407 0.400000
      vertex 22.215190 32.372881 0.400000
      vertex 20.189873 32.372881 0.400000
    endloop
  endfacet
  facet normal 0.000000 -1.000000 0.000000
    outer loop
      vertex 20.189873 31.864407 0.000000
      vertex 22.215190 31.864407 0.000000
      vertex 22.215190 31.864407 0.400000
    endloop
  endfacet
  facet normal 0.000000 -1.000000 0.000000
    outer loop
      vertex 20.189873 31.864407 0.000000
      vertex 22.215190 31.864407 0.400000
      vertex 20.189873 31.864407 0.400000
    endloop
  endfacet
  facet normal 0.000000 1.000000 0.000000
    outer loop
      vertex 20.189873 32.372881 0.000000
      vertex 22.215190 32.372881 0.400000
      vertex 22.215190 32.372881 0.000000
    endloop
  endfacet
  facet normal 0.000000 1.000000 0.000000
    outer loop
      vertex 20.189873 32.372881 0.000000
      vertex 20.189873 32.372881 0.400000
      vertex 22.215190 32.372881 0.400000
    endloop
  endfacet
  facet normal -1.000000 0.000000 0.000000
    outer loop
      vertex 20.189873 31.864407 0.000000
      vertex 20.189873 31.864407 0.400000
      vertex 20.189873 32.372881 0.400000
    endloop
  endfacet
  facet normal -1.000000 0.000000 0.000000
    outer loop
      vertex 20.189873 31.864407 0.000000
      vertex 20.189873 32.372881 0.400000
      vertex 20.189873 32.372881 0.000000
    endloop
  endfacet
  facet normal 1.000000 0.000000 0.000000
    outer loop
      vertex 22.215190 31.864407 0.000000
      vertex 22.215190 32.372881 0.000000
      vertex 22.215190 32.372881 0.400000
    endloop
  endfacet
  facet normal 1.000000 0.000000 0.000000
    outer loop
      vertex 22.215190 31.864407 0.000000
      vertex 22.215190 32.372881 0.400000
      vertex 22.215190 31.864407 0.400000
    endloop
  endfacet
  facet normal 0.000000 0.000000 -1.000000
    outer loop
      vertex 23.734177 31.864407 0.000000
      vertex 27.784810 32.372881 0.000000
      vertex 27.784810 31.864407 0.000000
    endloop
  endfacet
  facet normal 0.000000 0.000000 -1.000000
    outer loop
      vertex 23.734177 31.864407 0.000000
      vertex 23.734177 32.372881 0.000000
      vertex 27.784810 32.372881 0.000000
    endloop
  endfacet
  facet normal 0.000000 0.000000 1.000000
    outer loop
      vertex 23.734177 31.864407 0.400000
      vertex 27.784810 31.864407 0.400000
      vertex 27.784810 32.372881 0.400000
    endloop
  endfacet
  facet normal 0.000000 0.000000 1.000000
    outer loop
      vertex 23.734177 31.864407 0.400000
      vertex 27.784810 32.372881 0.400000
      vertex 23.734177 32.372881 0.400000
    endloop
  endfacet
  facet normal 0.000000 -1.000000 0.000000
    outer loop
      vertex 23.734177 31.864407 0.000000
      vertex 27.784810 31.864407 0.000000
      vertex 27.784810 31.864407 0.400000
    endloop
  endfacet
  facet normal 0.000000 -1.000000 0.000000
    outer loop
      vertex 23.734177 31.864407 0.000000
      vertex 27.784810 31.864407 0.400000
      vertex 23.734177 31.864407 0.400000
    endloop
  endfacet
  facet normal 0.000000 1.000000 0.000000
    outer loop
      vertex 23.734177 32.372881 0.000000
      vertex 27.784810 32.372881 0.400000
      vertex 27.784810 32.372881 0.000000
    endloop
  endfacet
  facet normal 0.000000 1.000000 0.000000
    outer loop
      vertex 23.734177 32.372881 0.000000
      vertex 23.734177 32.372881 0.400000
      vertex 27.784810 32.372881 0.400000
    endloop
  endfacet
  facet normal -1.000000 0.000000 0.000000
    outer loop
      vertex 23.734177 31.864407 0.000000
      vertex 23.734177 31.864407 0.400000
      vertex 23.734177 32.372881 0.400000
    endloop
  endfacet
  facet normal -1.000000 0.000000 0.000000
    outer loop
      vertex 23.734177 31.864407 0.000000
      vertex 23.734177 32.372881 0.400000
      vertex 23.734177 32.372881 0.000000
    endloop
  endfacet
  facet normal 1.000000 0.000000 0.000000
    outer loop
      vertex 27.784810 31.864407 0.000000
      vertex 27.784810 32.372881 0.000000
      vertex 27.784810 32.372881 0.400000
    endloop
  endfacet
  facet normal 1.000000 0.000000 0.000000
    outer loop
      vertex 27.784810 31.864407 0.000000
      vertex 27.784810 32.372881 0.400000
      vertex 27.784810 31.864407 0.400000
    endloop
  endfacet
  facet normal 0.000000 0.000000 -1.000000
    outer loop
      vertex 29.303797 31.864407 0.000000
      vertex 31.835443 32.372881 0.000000
      vertex 31.835443 31.864407 0.000000
    endloop
  endfacet
  facet normal 0.000000 0.000000 -1.000000
    outer loop
      vertex 29.303797 31.864407 0.000000
      vertex 29.303797 32.372881 0.000000
      vertex 31.835443 32.372881 0.000000
    endloop
  endfacet
  facet normal 0.000000 0.000000 1.000000
    outer loop
      vertex 29.303797 31.864407 0.400000
      vertex 31.835443 31.864407 0.400000
      vertex 31.835443 32.372881 0.400000
    endloop
  endfacet
  facet normal 0.000000 0.000000 1.000000
    outer loop
      vertex 29.303797 31.864407 0.400000
      vertex 31.835443 32.372881 0.400000
      vertex 29.303797 32.372881 0.400000
    endloop
  endfacet
  facet normal 0.000000 -1.000000 0.000000
    outer loop
      vertex 29.303797 31.864407 0.000000
      vertex 31.835443 31.864407 0.000000
      vertex 31.835443 31.864407 0.400000
    endloop
  endfacet
  facet normal 0.000000 -1.000000 0.000000
    outer loop
      vertex 29.303797 31.864407 0.000000
      vertex 31.835443 31.864407 0.400000
      vertex 29.303797 31.864407 0.400000
    endloop
  endfacet
  facet normal 0.000000 1.000000 0.000000
    outer loop
      vertex 29.303797 32.372881 0.000000
      vertex 31.835443 32.372881 0.400000
      vertex 31.835443 32.372881 0.000000
    endloop
  endfacet
  facet normal 0.000000 1.000000 0.000000
    outer loop
      vertex 29.303797 32.372881 0.000000
      vertex 29.303797 32.372881 0.400000
      vertex 31.835443 32.372881 0.400000
    endloop
  endfacet
  facet normal -1.000000 0.000000 0.000000
    outer loop
      vertex 29.303797 31.864407 0.000000
      vertex 29.303797 31.864407 0.400000
      vertex 29.303797 32.372881 0.400000
    endloop
  endfacet
  facet normal -1.000000 0.000000 0.000000
    outer loop
      vertex 29.303797 31.864407 0.000000
      vertex 29.303797 32.372881 0.400000
      vertex 29.303797 32.372881 0.000000
    endloop
  endfacet
  facet normal 1.000000 0.000000 0.000000
    outer loop
      vertex 31.835443 31.864407 0.000000
      vertex 31.835443 32.372881 0.000000
      vertex 31.835443 32.372881 0.400000
    endloop
  endfacet
  facet normal 1.000000 0.000000 0.000000
    outer loop
      vertex 31.835443 31.864407 0.000000
      vertex 31.835443 32.372881 0.400000
      vertex 31.835443 31.864407 0.400000
    endloop
  endfacet
  facet normal 0.000000 0.000000 -1.000000
    outer loop
      vertex 33.354430 31.864407 0.000000
      vertex 35.886076 32.372881 0.000000
      vertex 35.886076 31.864407 0.000000
    endloop
  endfacet
  facet normal 0.000000 0.000000 -1.000000
    outer loop
      vertex 33.354430 31.864407 0.000000
      vertex 33.354430 32.372881 0.000000
      vertex 35.886076 32.372881 0.000000
    endloop
  endfacet
  facet normal 0.000000 0.000000 1.000000
    outer loop
      vertex 33.354430 31.864407 0.400000
      vertex 35.886076 31.864407 0.400000
      vertex 35.886076 32.372881 0.400000
    endloop
  endfacet
  facet normal 0.000000 0.000000 1.000000
    outer loop
      vertex 33.354430 31.864407 0.400000
      vertex 35.886076 32.372881 0.400000
      vertex 33.354430 32.372881 0.400000
    endloop
  endfacet
  facet normal 0.000000 -1.000000 0.000000
    outer loop
      vertex 33.354430 31.864407 0.000000
      vertex 35.886076 31.864407 0.000000
      vertex 35.886076 31.864407 0.400000
    endloop
  endfacet
  facet normal 0.000000 -1.000000 0.000000
    outer loop
      vertex 33.354430 31.864407 0.000000
      vertex 35.886076 31.864407 0.400000
      vertex 33.354430 31.864407 0.400000
    endloop
  endfacet
  facet normal 0.000000 1.000000 0.000000
    outer loop
      vertex 33.354430 32.372881 0.000000
      vertex 35.886076 32.372881 0.400000
      vertex 35.886076 32.372881 0.000000
    endloop
  endfacet
  facet normal 0.000000 1.000000 0.000000
    outer loop
      vertex 33.354430 32.372881 0.000000
      vertex 33.354430 32.372881 0.400000
      vertex 35.886076 32.372881 0.400000
    endloop
  endfacet
  facet normal -1.000000 0.000000 0.000000
    outer loop
      vertex 33.354430 31.864407 0.000000
      vertex 33.354430 31.864407 0.400000
      vertex 33.354430 32.372881 0.400000
    endloop
  endfacet
  facet normal -1.000000 0.000000 0.000000
    outer loop
      vertex 33.354430 31.864407 0.000000
      vertex 33.354430 32.372881 0.400000
      vertex 33.354430 32.372881 0.000000
    endloop
  endfacet
  facet normal 1.000000 0.000000 0.000000
    outer loop
      vertex 35.886076 31.864407 0.000000
      vertex 35.886076 32.372881 0.000000
      vertex 35.886076 32.372881 0.400000
    endloop
  endfacet
  facet normal 1.000000 0.000000 0.000000
    outer loop
      vertex 35.886076 31.864407 0.000000
      vertex 35.886076 32.372881 0.400000
      vertex 35.886076 31.864407 0.400000
    endloop
  endfacet
  facet normal 0.000000 0.000000 -1.000000
    outer loop
      vertex 37.405063 31.864407 0.000000
      vertex 38.417722 32.372881 0.000000
      vertex 38.417722 31.864407 0.000000
    endloop
  endfacet
  facet normal 0.000000 0.000000 -1.000000
    outer loop
      vertex 37.405063 31.864407 0.000000
      vertex 37.405063 32.372881 0.000000
      vertex 38.417722 32.372881 0.000000
    endloop
  endfacet
  facet normal 0.000000 0.000000 1.000000
    outer loop
      vertex 37.405063 31.864407 0.400000
      vertex 38.417722 31.864407 0.400000
      vertex 38.417722 32.372881 0.400000
    endloop
  endfacet
  facet normal 0.000000 0.000000 1.000000
    outer loop
      vertex 37.405063 31.864407 0.400000
      vertex 38.417722 32.372881 0.400000
      vertex 37.405063 32.372881 0.400000
    endloop
  endfacet
  facet normal 0.000000 -1.000000 0.000000
    outer loop
      vertex 37.405063 31.864407 0.000000
      vertex 38.417722 31.864407 0.000000
      vertex 38.417722 31.864407 0.400000
    endloop
  endfacet
  facet normal 0.000000 -1.000000 0.000000
    outer loop
      vertex 37.405063 31.864407 0.000000
      vertex 38.417722 31.864407 0.400000
      vertex 37.405063 31.864407 0.400000
    endloop
  endfacet
  facet normal 0.000000 1.000000 0.000000
    outer loop
      vertex 37.405063 32.372881 0.000000
      vertex 38.417722 32.372881 0.400000
      vertex 38.417722 32.372881 0.000000
    endloop
  endfacet
  facet normal 0.000000 1.000000 0.000000
    outer loop
      vertex 37.405063 32.372881 0.000000
      vertex 37.405063 32.372881 0.400000
      vertex 38.417722 32.372881 0.400000
    endloop
  endfacet
  facet normal -1.000000 0.000000 0.000000
    outer loop
      vertex 37.405063 31.864407 0.000000
      vertex 37.405063 31.864407 0.400000
      vertex 37.405063 32.372881 0.400000
    endloop
  endfacet
  facet normal -1.000000 0.000000 0.000000
    outer loop
      vertex 37.405063 31.864407 0.000000
      vertex 37.405063 32.372881 0.400000
      vertex 37.405063 32.372881 0.000000
    endloop
  endfacet
  facet normal 1.000000 0.000000 0.000000
    outer loop
      vertex 38.417722 31.864407 0.000000
      vertex 38.417722 32.372881 0.000000
      vertex 38.417722 32.372881 0.400000
    endloop
  endfacet
  facet normal 1.000000 0.000000 0.000000
    outer loop
      vertex 38.417722 31.864407 0.000000
      vertex 38.417722 32.372881 0.400000
      vertex 38.417722 31.864407 0.400000
    endloop
  endfacet
  facet normal 0.000000 0.000000 -1.000000
    outer loop
      vertex 39.936709 31.864407 0.000000
      vertex 41.455696 32.372881 0.000000
      vertex 41.455696 31.864407 0.000000
    endloop
  endfacet
  facet normal 0.000000 0.000000 -1.000000
    outer loop
      vertex 39.936709 31.864407 0.000000
      vertex 39.936709 32.372881 0.000000
      vertex 41.455696 32.372881 0.000000
    endloop
  endfacet
  facet normal 0.000000 0.000000 1.000000
    outer loop
      vertex 39.936709 31.864407 0.400000
      vertex 41.455696 31.864407 0.400000
      vertex 41.455696 32.372881 0.400000
    endloop
  endfacet
  facet normal 0.000000 0.000000 1.000000
    outer loop
      vertex 39.936709 31.864407 0.400000
      vertex 41.455696 32.372881 0.400000
      vertex 39.936709 32.372881 0.400000
    endloop
  endfacet
  facet normal 0.000000 -1.000000 0.000000
    outer loop
      vertex 39.936709 31.864407 0.000000
      vertex 41.455696 31.864407 0.000000
      vertex 41.455696 31.864407 0.400000
    endloop
  endfacet
  facet normal 0.000000 -1.000000 0.000000
    outer loop
      vertex 39.936709 31.864407 0.000000
      vertex 41.455696 31.864407 0.400000
      vertex 39.936709 31.864407 0.400000
    endloop
  endfacet
  facet normal 0.000000 1.000000 0.000000
    outer loop
      vertex 39.936709 32.372881 0.000000
      vertex 41.455696 32.372881 0.400000
      vertex 41.455696 32.372881 0.000000
    endloop
  endfacet
  facet normal 0.000000 1.000000 0.000000
    outer loop
      vertex 39.936709 32.372881 0.000000
      vertex 39.936709 32.372881 0.400000
      vertex 41.455696 32.372881 0.400000
    endloop
  endfacet
  facet normal -1.000000 0.000000 0.000000
    outer loop
      vertex 39.936709 31.864407 0.000000
      vertex 39.936709 31.864407 0.400000
      vertex 39.936709 32.372881 0.400000
    endloop
  endfacet
  facet normal -1.000000 0.000000 0.000000
    outer loop
      vertex 39.936709 31.864407 0.000000
      vertex 39.936709 32.372881 0.400000
      vertex 39.936709 32.372881 0.000000
    endloop
  endfacet
  facet normal 1.000000 0.000000 0.000000
    outer loop
      vertex 41.455696 31.864407 0.000000
      vertex 41.455696 32.372881 0.000000
      vertex 41.455696 32.372881 0.400000
    endloop
  endfacet
  facet normal 1.000000 0.000000 0.000000
    outer loop
      vertex 41.455696 31.864407 0.000000
      vertex 41.455696 32.372881 0.400000
      vertex 41.455696 31.864407 0.400000
    endloop
  endfacet
  facet normal 0.000000 0.000000 -1.000000
    outer loop
      vertex 42.974684 31.864407 0.000000
      vertex 45.000000 32.372881 0.000000
      vertex 45.000000 31.864407 0.000000
    endloop
  endfacet
  facet normal 0.000000 0.000000 -1.000000
    outer loop
      vertex 42.974684 31.864407 0.000000
      vertex 42.974684 32.372881 0.000000
      vertex 45.000000 32.372881 0.000000
    endloop
  endfacet
  facet normal 0.000000 0.000000 1.000000
    outer loop
      vertex 42.974684 31.864407 0.400000
      vertex 45.000000 31.864407 0.400000
      vertex 45.000000 32.372881 0.400000
    endloop
  endfacet
  facet normal 0.000000 0.000000 1.000000
    outer loop
      vertex 42.974684 31.864407 0.400000
      vertex 45.000000 32.372881 0.400000
      vertex 42.974684 32.372881 0.400000
    endloop
  endfacet
  facet normal 0.000000 -1.000000 0.000000
    outer loop
      vertex 42.974684 31.864407 0.000000
      vertex 45.000000 31.864407 0.000000
      vertex 45.000000 31.864407 0.400000
    endloop
  endfacet
  facet normal 0.000000 -1.000000 0.000000
    outer loop
      vertex 42.974684 31.864407 0.000000
      vertex 45.000000 31.864407 0.400000
      vertex 42.974684 31.864407 0.400000
    endloop
  endfacet
  facet normal 0.000000 1.000000 0.000000
    outer loop
      vertex 42.974684 32.372881 0.000000
      vertex 45.000000 32.372881 0.400000
      vertex 45.000000 32.372881 0.000000
    endloop
  endfacet
  facet normal 0.000000 1.000000 0.000000
    outer loop
      vertex 42.974684 32.372881 0.000000
      vertex 42.974684 32.372881 0.400000
      vertex 45.000000 32.372881 0.400000
    endloop
  endfacet
  facet normal -1.000000 0.000000 0.000000
    outer loop
      vertex 42.974684 31.864407 0.000000
      vertex 42.974684 31.864407 0.400000
      vertex 42.974684 32.372881 0.400000
    endloop
  endfacet
  facet normal -1.000000 0.000000 0.000000
    outer loop
      vertex 42.974684 31.864407 0.000000
      vertex 42.974684 32.372881 0.400000
      vertex 42.974684 32.372881 0.000000
    endloop
  endfacet
  facet normal 1.000000 0.000000 0.000000
    outer loop
      vertex 45.000000 31.864407 0.000000
      vertex 45.000000 32.372881 0.000000
      vertex 45.000000 32.372881 0.400000
    endloop
  endfacet
  facet normal 1.000000 0.000000 0.000000
    outer loop
      vertex 45.000000 31.864407 0.000000
      vertex 45.000000 32.372881 0.400000
      vertex 45.000000 31.864407 0.400000
    endloop
  endfacet
  facet normal 0.000000 0.000000 -1.000000
    outer loop
      vertex 5.000000 31.355932 0.000000
      vertex 7.025316 31.864407 0.000000
      vertex 7.025316 31.355932 0.000000
    endloop
  endfacet
  facet normal 0.000000 0.000000 -1.000000
    outer loop
      vertex 5.000000 31.355932 0.000000
      vertex 5.000000 31.864407 0.000000
      vertex 7.025316 31.864407 0.000000
    endloop
  endfacet
  facet normal 0.000000 0.000000 1.000000
    outer loop
      vertex 5.000000 31.355932 0.400000
      vertex 7.025316 31.355932 0.400000
      vertex 7.025316 31.864407 0.400000
    endloop
  endfacet
  facet normal 0.000000 0.000000 1.000000
    outer loop
      vertex 5.000000 31.355932 0.400000
      vertex 7.025316 31.864407 0.400000
      vertex 5.000000 31.864407 0.400000
    endloop
  endfacet
  facet normal 0.000000 -1.000000 0.000000
    outer loop
      vertex 5.000000 31.355932 0.000000
      vertex 7.025316 31.355932 0.000000
      vertex 7.025316 31.355932 0.400000
    endloop
  endfacet
  facet normal 0.000000 -1.000000 0.000000
    outer loop
      vertex 5.000000 31.355932 0.000000
      vertex 7.025316 31.355932 0.400000
      vertex 5.000000 31.355932 0.400000
    endloop
  endfacet
  facet normal 0.000000 1.000000 0.000000
    outer loop
      vertex 5.000000 31.864407 0.000000
      vertex 7.025316 31.864407 0.400000
      vertex 7.025316 31.864407 0.000000
    endloop
  endfacet
  facet normal 0.000000 1.000000 0.000000
    outer loop
      vertex 5.000000 31.864407 0.000000
      vertex 5.000000 31.864407 0.400000
      vertex 7.025316 31.864407 0.400000
    endloop
  endfacet
  facet normal -1.000000 0.000000 0.000000
    outer loop
      vertex 5.000000 31.355932 0.000000
      vertex 5.000000 31.355932 0.400000
      vertex 5.000000 31.864407 0.400000
    endloop
  endfacet
  facet normal -1.000000 0.000000 0.000000
    outer loop
      vertex 5.000000 31.355932 0.000000
      vertex 5.000000 31.864407 0.400000
      vertex 5.000000 31.864407 0.000000
    endloop
  endfacet
  facet normal 1.000000 0.000000 0.000000
    outer loop
      vertex 7.025316 31.355932 0.000000
      vertex 7.025316 31.864407 0.000000
      vertex 7.025316 31.864407 0.400000
    endloop
  endfacet
  facet normal 1.000000 0.000000 0.000000
    outer loop
      vertex 7.025316 31.355932 0.000000
      vertex 7.025316 31.864407 0.400000
      vertex 7.025316 31.355932 0.400000
    endloop
  endfacet
  facet normal 0.000000 0.000000 -1.000000
    outer loop
      vertex 8.544304 31.355932 0.000000
      vertex 9.556962 31.864407 0.000000
      vertex 9.556962 31.355932 0.000000
    endloop
  endfacet
  facet normal 0.000000 0.000000 -1.000000
    outer loop
      vertex 8.544304 31.355932 0.000000
      vertex 8.544304 31.864407 0.000000
      vertex 9.556962 31.864407 0.000000
    endloop
  endfacet
  facet normal 0.000000 0.000000 1.000000
    outer loop
      vertex 8.544304 31.355932 0.400000
      vertex 9.556962 31.355932 0.400000
      vertex 9.556962 31.864407 0.400000
    endloop
  endfacet
  facet normal 0.000000 0.000000 1.000000
    outer loop
      vertex 8.544304 31.355932 0.400000
      vertex 9.556962 31.864407 0.400000
      vertex 8.544304 31.864407 0.400000
    endloop
  endfacet
  facet normal 0.000000 -1.000000 0.000000
    outer loop
      vertex 8.544304 31.355932 0.000000
      vertex 9.556962 31.355932 0.000000
      vertex 9.556962 31.355932 0.400000
    endloop
  endfacet
  facet normal 0.000000 -1.000000 0.000000
    outer loop
      vertex 8.544304 31.355932 0.000000
      vertex 9.556962 31.355932 0.400000
      vertex 8.544304 31.355932 0.400000
    endloop
  endfacet
  facet normal 0.000000 1.000000 0.000000
    outer loop
      vertex 8.544304 31.864407 0.000000
      vertex 9.556962 31.864407 0.400000
      vertex 9.556962 31.864407 0.000000
    endloop
  endfacet
  facet normal 0.000000 1.000000 0.000000
    outer loop
      vertex 8.544304 31.864407 0.000000
      vertex 8.544304 31.864407 0.400000
      vertex 9.556962 31.864407 0.400000
    endloop
  endfacet
  facet normal -1.000000 0.000000 0.000000
    outer loop
      vertex 8.544304 31.355932 0.000000
      vertex 8.544304 31.355932 0.400000
      vertex 8.544304 31.864407 0.400000
    endloop
  endfacet
  facet normal -1.000000 0.000000 0.000000
    outer loop
      vertex 8.544304 31.355932 0.000000
      vertex 8.544304 31.864407 0.400000
      vertex 8.544304 31.864407 0.000000
    endloop
  endfacet
  facet normal 1.000000 0.000000 0.000000
    outer loop
      vertex 9.556962 31.355932 0.000000
      vertex 9.556962 31.864407 0.000000
      vertex 9.556962 31.864407 0.400000
    endloop
  endfacet
  facet normal 1.000000 0.000000 0.000000
    outer loop
      vertex 9.556962 31.355932 0.000000
      vertex 9.556962 31.864407 0.400000
      vertex 9.556962 31.355932 0.400000
    endloop
  endfacet
  facet normal 0.000000 0.000000 -1.000000
    outer loop
      vertex 11.075949 31.355932 0.000000
      vertex 12.088608 31.864407 0.000000
      vertex 12.088608 31.355932 0.000000
    endloop
  endfacet
  facet normal 0.000000 0.000000 -1.000000
    outer loop
      vertex 11.075949 31.355932 0.000000
      vertex 11.075949 31.864407 0.000000
      vertex 12.088608 31.864407 0.000000
    endloop
  endfacet
  facet normal 0.000000 0.000000 1.000000
    outer loop
      vertex 11.075949 31.355932 0.400000
      vertex 12.088608 31.355932 0.400000
      vertex 12.088608 31.864407 0.400000
    endloop
  endfacet
  facet normal 0.000000 0.000000 1.000000
    outer loop
      vertex 11.075949 31.355932 0.400000
      vertex 12.088608 31.864407 0.400000
      vertex 11.075949 31.864407 0.400000
    endloop
  endfacet
  facet normal 0.000000 -1.000000 0.000000
    outer loop
      vertex 11.075949 31.355932 0.000000
      vertex 12.088608 31.355932 0.000000
      vertex 12.088608 31.355932 0.400000
    endloop
  endfacet
  facet normal 0.000000 -1.000000 0.000000
    outer loop
      vertex 11.075949 31.355932 0.000000
      vertex 12.088608 31.355932 0.400000
      vertex 11.075949 31.355932 0.400000
    endloop
  endfacet
  facet normal 0.000000 1.000000 0.000000
    outer loop
      vertex 11.075949 31.864407 0.000000
      vertex 12.088608 31.864407 0.400000
      vertex 12.088608 31.864407 0.000000
    endloop
  endfacet
  facet normal 0.000000 1.000000 0.000000
    outer loop
      vertex 11.075949 31.864407 0.000000
      vertex 11.075949 31.864407 0.400000
      vertex 12.088608 31.864407 0.400000
    endloop
  endfacet
  facet normal -1.000000 0.000000 0.000000
    outer loop
      vertex 11.075949 31.355932 0.000000
      vertex 11.075949 31.355932 0.400000
      vertex 11.075949 31.864407 0.400000
    endloop
  endfacet
  facet normal -1.000000 0.000000 0.000000
    outer loop
      vertex 11.075949 31.355932 0.000000
      vertex 11.075949 31.864407 0.400000
      vertex 11.075949 31.864407 0.000000
    endloop
  endfacet
  facet normal 1.000000 0.000000 0.000000
    outer loop
      vertex 12.088608 31.355932 0.000000
      vertex 12.088608 31.864407 0.000000
      vertex 12.088608 31.864407 0.400000
    endloop
  endfacet
  facet normal 1.000000 0.000000 0.000000
    outer loop
      vertex 12.088608 31.355932 0.000000
      vertex 12.088608 31.864407 0.400000
      vertex 12.088608 31.355932 0.400000
    endloop
  endfacet
  facet normal 0.000000 0.000000 -1.000000
    outer loop
      vertex 13.607595 31.355932 0.000000
      vertex 14.620253 31.864407 0.000000
      vertex 14.620253 31.355932 0.000000
    endloop
  endfacet
  facet normal 0.000000 0.000000 -1.000000
    outer loop
      vertex 13.607595 31.355932 0.000000
      vertex 13.607595 31.864407 0.000000
      vertex 14.620253 31.864407 0.000000
    endloop
  endfacet
  facet normal 0.000000 0.000000 1.000000
    outer loop
      vertex 13.607595 31.355932 0.400000
      vertex 14.620253 31.355932 0.400000
      vertex 14.620253 31.864407 0.400000
    endloop
  endfacet
  facet normal 0.000000 0.000000 1.000000
    outer loop
      vertex 13.607595 31.355932 0.400000
      vertex 14.620253 31.864407 0.400000
      vertex 13.607595 31.864407 0.400000
    endloop
  endfacet
  facet normal 0.000000 -1.000000 0.000000
    outer loop
      vertex 13.607595 31.355932 0.000000
      vertex 14.620253 31.355932 0.000000
      vertex 14.620253 31.355932 0.400000
    endloop
  endfacet
  facet normal 0.000000 -1.000000 0.000000
    outer loop
      vertex 13.607595 31.355932 0.000000
      vertex 14.620253 31.355932 0.400000
      vertex 13.607595 31.355932 0.400000
    endloop
  endfacet
  facet normal 0.000000 1.000000 0.000000
    outer loop
      vertex 13.607595 31.864407 0.000000
      vertex 14.620253 31.864407 0.400000
      vertex 14.620253 31.864407 0.000000
    endloop
  endfacet
  facet normal 0.000000 1.000000 0.000000
    outer loop
      vertex 13.607595 31.864407 0.000000
      vertex 13.607595 31.864407 0.400000
      vertex 14.620253 31.864407 0.400000
    endloop
  endfacet
  facet normal -1.000000 0.000000 0.000000
    outer loop
      vertex 13.607595 31.355932 0.000000
      vertex 13.607595 31.355932 0.400000
      vertex 13.607595 31.864407 0.400000
    endloop
  endfacet
  facet normal -1.000000 0.000000 0.000000
    outer loop
      vertex 13.607595 31.355932 0.000000
      vertex 13.607595 31.864407 0.400000
      vertex 13.607595 31.864407 0.000000
    endloop
  endfacet
  facet normal 1.000000 0.000000 0.000000
    outer loop
      vertex 14.620253 31.355932 0.000000
      vertex 14.620253 31.864407 0.000000
      vertex 14.620253 31.864407 0.400000
    endloop
  endfacet
  facet normal 1.000000 0.000000 0.000000
    outer loop
      vertex 14.620253 31.355932 0.000000
      vertex 14.620253 31.864407 0.400000
      vertex 14.620253 31.355932 0.400000
    endloop
  endfacet
  facet normal 0.000000 0.000000 -1.000000
    outer loop
      vertex 16.139241 31.355932 0.000000
      vertex 18.670886 31.864407 0.000000
      vertex 18.670886 31.355932 0.000000
    endloop
  endfacet
  facet normal 0.000000 0.000000 -1.000000
    outer loop
      vertex 16.139241 31.355932 0.000000
      vertex 16.139241 31.864407 0.000000
      vertex 18.670886 31.864407 0.000000
    endloop
  endfacet
  facet normal 0.000000 0.000000 1.000000
    outer loop
      vertex 16.139241 31.355932 0.400000
      vertex 18.670886 31.355932 0.400000
      vertex 18.670886 31.864407 0.400000
    endloop
  endfacet
  facet normal 0.000000 0.000000 1.000000
    outer loop
      vertex 16.139241 31.355932 0.400000
      vertex 18.670886 31.864407 0.400000
      vertex 16.139241 31.864407 0.400000
    endloop
  endfacet
  facet normal 0.000000 -1.000000 0.000000
    outer loop
      vertex 16.139241 31.355932 0.000000
      vertex 18.670886 31.355932 0.000000
      vertex 18.670886 31.355932 0.400000
    endloop
  endfacet
  facet normal 0.000000 -1.000000 0.000000
    outer loop
      vertex 16.139241 31.355932 0.000000
      vertex 18.670886 31.355932 0.400000
      vertex 16.139241 31.355932 0.400000
    endloop
  endfacet
  facet normal 0.000000 1.000000 0.000000
    outer loop
      vertex 16.139241 31.864407 0.000000
      vertex 18.670886 31.864407 0.400000
      vertex 18.670886 31.864407 0.000000
    endloop
  endfacet
  facet normal 0.000000 1.000000 0.000000
    outer loop
      vertex 16.139241 31.864407 0.000000
      vertex 16.139241 31.864407 0.400000
      vertex 18.670886 31.864407 0.400000
    endloop
  endfacet
  facet normal -1.000000 0.000000 0.000000
    outer loop
      vertex 16.139241 31.355932 0.000000
      vertex 16.139241 31.355932 0.400000
      vertex 16.139241 31.864407 0.400000
    endloop
  endfacet
  facet normal -1.000000 0.000000 0.000000
    outer loop
      vertex 16.139241 31.355932 0.000000
      vertex 16.139241 31.864407 0.400000
      vertex 16.139241 31.864407 0.000000
    endloop
  endfacet
  facet normal 1.000000 0.000000 0.000000
    outer loop
      vertex 18.670886 31.355932 0.000000
      vertex 18.670886 31.864407 0.000000
      vertex 18.670886 31.864407 0.400000
    endloop
  endfacet
  facet normal 1.000000 0.000000 0.000000
    outer loop
      vertex 18.670886 31.355932 0.000000
      vertex 18.670886 31.864407 0.400000
      vertex 18.670886 31.355932 0.400000
    endloop
  endfacet
  facet normal 0.000000 0.000000 -1.000000
    outer loop
      vertex 20.189873 31.355932 0.000000
      vertex 22.215190 31.864407 0.000000
      vertex 22.215190 31.355932 0.000000
    endloop
  endfacet
  facet normal 0.000000 0.000000 -1.000000
    outer loop
      vertex 20.189873 31.355932 0.000000
      vertex 20.189873 31.864407 0.000000
      vertex 22.215190 31.864407 0.000000
    endloop
  endfacet
  facet normal 0.000000 0.000000 1.000000
    outer loop
      vertex 20.189873 31.355932 0.400000
      vertex 22.215190 31.355932 0.400000
      vertex 22.215190 31.864407 0.400000
    endloop
  endfacet
  facet normal 0.000000 0.000000 1.000000
    outer loop
      vertex 20.189873 31.355932 0.400000
      vertex 22.215190 31.864407 0.400000
      vertex 20.189873 31.864407 0.400000
    endloop
  endfacet
  facet normal 0.000000 -1.000000 0.000000
    outer loop
      vertex 20.189873 31.355932 0.000000
      vertex 22.215190 31.355932 0.000000
      vertex 22.215190 31.355932 0.400000
    endloop
  endfacet
  facet normal 0.000000 -1.000000 0.000000
    outer loop
      vertex 20.189873 31.355932 0.000000
      vertex 22.215190 31.355932 0.400000
      vertex 20.189873 31.355932 0.400000
    endloop
  endfacet
  facet normal 0.000000 1.000000 0.000000
    outer loop
      vertex 20.189873 31.864407 0.000000
      vertex 22.215190 31.864407 0.400000
      vertex 22.215190 31.864407 0.000000
    endloop
  endfacet
  facet normal 0.000000 1.000000 0.000000
    outer loop
      vertex 20.189873 31.864407 0.000000
      vertex 20.189873 31.864407 0.400000
      vertex 22.215190 31.864407 0.400000
    endloop
  endfacet
  facet normal -1.000000 0.000000 0.000000
    outer loop
      vertex 20.189873 31.355932 0.000000
      vertex 20.189873 31.355932 0.400000
      vertex 20.189873 31.864407 0.400000
    endloop
  endfacet
  facet normal -1.000000 0.000000 0.000000
    outer loop
      vertex 20.189873 31.355932 0.000000
      vertex 20.189873 31.864407 0.400000
      vertex 20.189873 31.864407 0.000000
    endloop
  endfacet
  facet normal 1.000000 0.000000 0.000000
    outer loop
      vertex 22.215190 31.355932 0.000000
      vertex 22.215190 31.864407 0.000000
      vertex 22.215190 31.864407 0.400000
    endloop
  endfacet
  facet normal 1.000000 0.000000 0.000000
    outer loop
      vertex 22.215190 31.355932 0.000000
      vertex 22.215190 31.864407 0.400000
      vertex 22.215190 31.355932 0.400000
    endloop
  endfacet
  facet normal 0.000000 0.000000 -1.000000
    outer loop
      vertex 23.734177 31.355932 0.000000
      vertex 27.784810 31.864407 0.000000
      vertex 27.784810 31.355932 0.000000
    endloop
  endfacet
  facet normal 0.000000 0.000000 -1.000000
    outer loop
      vertex 23.734177 31.355932 0.000000
      vertex 23.734177 31.864407 0.000000
      vertex 27.784810 31.864407 0.000000
    endloop
  endfacet
  facet normal 0.000000 0.000000 1.000000
    outer loop
      vertex 23.734177 31.355932 0.400000
      vertex 27.784810 31.355932 0.400000
      vertex 27.784810 31.864407 0.400000
    endloop
  endfacet
  facet normal 0.000000 0.000000 1.000000
    outer loop
      vertex 23.734177 31.355932 0.400000
      vertex 27.784810 31.864407 0.400000
      vertex 23.734177 31.864407 0.400000
    endloop
  endfacet
  facet normal 0.000000 -1.000000 0.000000
    outer loop
      vertex 23.734177 31.355932 0.000000
      vertex 27.784810 31.355932 0.000000
      vertex 27.784810 31.355932 0.400000
    endloop
  endfacet
  facet normal 0.000000 -1.000000 0.000000
    outer loop
      vertex 23.734177 31.355932 0.000000
      vertex 27.784810 31.355932 0.400000
      vertex 23.734177 31.355932 0.400000
    endloop
  endfacet
  facet normal 0.000000 1.000000 0.000000
    outer loop
      vertex 23.734177 31.864407 0.000000
      vertex 27.784810 31.864407 0.400000
      vertex 27.784810 31.864407 0.000000
    endloop
  endfacet
  facet normal 0.000000 1.000000 0.000000
    outer loop
      vertex 23.734177 31.864407 0.000000
      vertex 23.734177 31.864407 0.400000
      vertex 27.784810 31.864407 0.400000
    endloop
  endfacet
  facet normal -1.000000 0.000000 0.000000
    outer loop
      vertex 23.734177 31.355932 0.000000
      vertex 23.734177 31.355932 0.400000
      vertex 23.734177 31.864407 0.400000
    endloop
  endfacet
  facet normal -1.000000 0.000000 0.000000
    outer loop
      vertex 23.734177 31.355932 0.000000
      vertex 23.734177 31.864407 0.400000
      vertex 23.734177 31.864407 0.000000
    endloop
  endfacet
  facet normal 1.000000 0.000000 0.000000
    outer loop
      vertex 27.784810 31.355932 0.000000
      vertex 27.784810 31.864407 0.000000
      vertex 27.784810 31.864407 0.400000
    endloop
  endfacet
  facet normal 1.000000 0.000000 0.000000
    outer loop
      vertex 27.784810 31.355932 0.000000
      vertex 27.784810 31.864407 0.400000
      vertex 27.784810 31.355932 0.400000
    endloop
  endfacet
  facet normal 0.000000 0.000000 -1.000000
    outer loop
      vertex 29.303797 31.355932 0.000000
      vertex 31.835443 31.864407 0.000000
      vertex 31.835443 31.355932 0.000000
    endloop
  endfacet
  facet normal 0.000000 0.000000 -1.000000
    outer loop
      vertex 29.303797 31.355932 0.000000
      vertex 29.303797 31.864407 0.000000
      vertex 31.835443 31.864407 0.000000
    endloop
  endfacet
  facet normal 0.000000 0.000000 1.000000
    outer loop
      vertex 29.303797 31.355932 0.400000
      vertex 31.835443 31.355932 0.400000
      vertex 31.835443 31.864407 0.400000
    endloop
  endfacet
  facet normal 0.000000 0.000000 1.000000
    outer loop
      vertex 29.303797 31.355932 0.400000
      vertex 31.835443 31.864407 0.400000
      vertex 29.303797 31.864407 0.400000
    endloop
  endfacet
  facet normal 0.000000 -1.000000 0.000000
    outer loop
      vertex 29.303797 31.355932 0.000000
      vertex 31.835443 31.355932 0.000000
      vertex 31.835443 31.355932 0.400000
    endloop
  endfacet
  facet normal 0.000000 -1.000000 0.000000
    outer loop
      vertex 29.303797 31.355932 0.000000
      vertex 31.835443 31.355932 0.400000
      vertex 29.303797 31.355932 0.400000
    endloop
  endfacet
  facet normal 0.000000 1.000000 0.000000
    outer loop
      vertex 29.303797 31.864407 0.000000
      vertex 31.835443 31.864407 0.400000
      vertex 31.835443 31.864407 0.000000
    endloop
  endfacet
  facet normal 0.000000 1.000000 0.000000
    outer loop
      vertex 29.303797 31.864407 0.000000
      vertex 29.303797 31.864407 0.400000
      vertex 31.835443 31.864407 0.400000
    endloop
  endfacet
  facet normal -1.000000 0.000000 0.000000
    outer loop
      vertex 29.303797 31.355932 0.000000
      vertex 29.303797 31.355932 0.400000
      vertex 29.303797 31.864407 0.400000
    endloop
  endfacet
  facet normal -1.000000 0.000000 0.000000
    outer loop
      vertex 29.303797 31.355932 0.000000
      vertex 29.303797 31.864407 0.400000
      vertex 29.303797 31.864407 0.000000
    endloop
  endfacet
  facet normal 1.000000 0.000000 0.000000
    outer loop
      vertex 31.835443 31.355932 0.000000
      vertex 31.835443 31.864407 0.000000
      vertex 31.835443 31.864407 0.400000
    endloop
  endfacet
  facet normal 1.000000 0.000000 0.000000
    outer loop
      vertex 31.835443 31.355932 0.000000
      vertex 31.835443 31.864407 0.400000
      vertex 31.835443 31.355932 0.400000
    endloop
  endfacet
  facet normal 0.000000 0.000000 -1.000000
    outer loop
      vertex 33.354430 31.355932 0.000000
      vertex 35.886076 31.864407 0.000000
      vertex 35.886076 31.355932 0.000000
    endloop
  endfacet
  facet normal 0.000000 0.000000 -1.000000
    outer loop
      vertex 33.354430 31.355932 0.000000
      vertex 33.354430 31.864407 0.000000
      vertex 35.886076 31.864407 0.000000
    endloop
  endfacet
  facet normal 0.000000 0.000000 1.000000
    outer loop
      vertex 33.354430 31.355932 0.400000
      vertex 35.886076 31.355932 0.400000
      vertex 35.886076 31.864407 0.400000
    endloop
  endfacet
  facet normal 0.000000 0.000000 1.000000
    outer loop
      vertex 33.354430 31.355932 0.400000
      vertex 35.886076 31.864407 0.400000
      vertex 33.354430 31.864407 0.400000
    endloop
  endfacet
  facet normal 0.000000 -1.000000 0.000000
    outer loop
      vertex 33.354430 31.355932 0.000000
      vertex 35.886076 31.355932 0.000000
      vertex 35.886076 31.355932 0.400000
    endloop
  endfacet
  facet normal 0.000000 -1.000000 0.000000
    outer loop
      vertex 33.354430 31.355932 0.000000
      vertex 35.886076 31.355932 0.400000
      vertex 33.354430 31.355932 0.400000
    endloop
  endfacet
  facet normal 0.000000 1.000000 0.000000
    outer loop
      vertex 33.354430 31.864407 0.000000
      vertex 35.886076 31.864407 0.400000
      vertex 35.886076 31.864407 0.000000
    endloop
  endfacet
  facet normal 0.000000 1.000000 0.000000
    outer loop
      vertex 33.354430 31.864407 0.000000
      vertex 33.354430 31.864407 0.400000
      vertex 35.886076 31.864407 0.400000
    endloop
  endfacet
  facet normal -1.000000 0.000000 0.000000
    outer loop
      vertex 33.354430 31.355932 0.000000
      vertex 33.354430 31.355932 0.400000
      vertex 33.354430 31.864407 0.400000
    endloop
  endfacet
  facet normal -1.000000 0.000000 0.000000
    outer loop
      vertex 33.354430 31.355932 0.000000
      vertex 33.354430 31.864407 0.400000
      vertex 33.354430 31.864407 0.000000
    endloop
  endfacet
  facet normal 1.000000 0.000000 0.000000
    outer loop
      vertex 35.886076 31.355932 0.000000
      vertex 35.886076 31.864407 0.000000
      vertex 35.886076 31.864407 0.400000
    endloop
  endfacet
  facet normal 1.000000 0.000000 0.000000
    outer loop
      vertex 35.886076 31.355932 0.000000
      vertex 35.886076 31.864407 0.400000
      vertex 35.886076 31.355932 0.400000
    endloop
  endfacet
  facet normal 0.000000 0.000000 -1.000000
    outer loop
      vertex 37.405063 31.355932 0.000000
      vertex 38.417722 31.864407 0.000000
      vertex 38.417722 31.355932 0.000000
    endloop
  endfacet
  facet normal 0.000000 0.000000 -1.000000
    outer loop
      vertex 37.405063 31.355932 0.000000
      vertex 37.405063 31.864407 0.000000
      vertex 38.417722 31.864407 0.000000
    endloop
  endfacet
  facet normal 0.000000 0.000000 1.000000
    outer loop
      vertex 37.405063 31.355932 0.400000
      vertex 38.417722 31.355932 0.400000
      vertex 38.417722 31.864407 0.400000
    endloop
  endfacet
  facet normal 0.000000 0.000000 1.000000
    outer loop
      vertex 37.405063 31.355932 0.400000
      vertex 38.417722 31.864407 0.400000
      vertex 37.405063 31.864407 0.400000
    endloop
  endfacet
  facet normal 0.000000 -1.000000 0.000000
    outer loop
      vertex 37.405063 31.355932 0.000000
      vertex 38.417722 31.355932 0.000000
      vertex 38.417722 31.355932 0.400000
    endloop
  endfacet
  facet normal 0.000000 -1.000000 0.000000
    outer loop
      vertex 37.405063 31.355932 0.000000
      vertex 38.417722 31.355932 0.400000
      vertex 37.405063 31.355932 0.400000
    endloop
  endfacet
  facet normal 0.000000 1.000000 0.000000
    outer loop
      vertex 37.405063 31.864407 0.000000
      vertex 38.417722 31.864407 0.400000
      vertex 38.417722 31.864407 0.000000
    endloop
  endfacet
  facet normal 0.000000 1.000000 0.000000
    outer loop
      vertex 37.405063 31.864407 0.000000
      vertex 37.405063 31.864407 0.400000
      vertex 38.417722 31.864407 0.400000
    endloop
  endfacet
  facet normal -1.000000 0.000000 0.000000
    outer loop
      vertex 37.405063 31.355932 0.000000
      vertex 37.405063 31.355932 0.400000
      vertex 37.405063 31.864407 0.400000
    endloop
  endfacet
  facet normal -1.000000 0.000000 0.000000
    outer loop
      vertex 37.405063 31.355932 0.000000
      vertex 37.405063 31.864407 0.400000
      vertex 37.405063 31.864407 0.000000
    endloop
  endfacet
  facet normal 1.000000 0.000000 0.000000
    outer loop
      vertex 38.417722 31.355932 0.000000
      vertex 38.417722 31.864407 0.000000
      vertex 38.417722 31.864407 0.400000
    endloop
  endfacet
  facet normal 1.000000 0.000000 0.000000
    outer loop
      vertex 38.417722 31.355932 0.000000
      vertex 38.417722 31.864407 0.400000
      vertex 38.417722 31.355932 0.400000
    endloop
  endfacet
  facet normal 0.000000 0.000000 -1.000000
    outer loop
      vertex 39.430380 31.355932 0.000000
      vertex 41.455696 31.864407 0.000000
      vertex 41.455696 31.355932 0.000000
    endloop
  endfacet
  facet normal 0.000000 0.000000 -1.000000
    outer loop
      vertex 39.430380 31.355932 0.000000
      vertex 39.430380 31.864407 0.000000
      vertex 41.455696 31.864407 0.000000
    endloop
  endfacet
  facet normal 0.000000 0.000000 1.000000
    outer loop
      vertex 39.430380 31.355932 0.400000
      vertex 41.455696 31.355932 0.400000
      vertex 41.455696 31.864407 0.400000
    endloop
  endfacet
  facet normal 0.000000 0.000000 1.000000
    outer loop
      vertex 39.430380 31.355932 0.400000
      vertex 41.455696 31.864407 0.400000
      vertex 39.430380 31.864407 0.400000
    endloop
  endfacet
  facet normal 0.000000 -1.000000 0.000000
    outer loop
      vertex 39.430380 31.355932 0.000000
      vertex 41.455696 31.355932 0.000000
      vertex 41.455696 31.355932 0.400000
    endloop
  endfacet
  facet normal 0.000000 -1.000000 0.000000
    outer loop
      vertex 39.430380 31.355932 0.000000
      vertex 41.455696 31.355932 0.400000
      vertex 39.430380 31.355932 0.400000
    endloop
  endfacet
  facet normal 0.000000 1.000000 0.000000
    outer loop
      vertex 39.430380 31.864407 0.000000
      vertex 41.455696 31.864407 0.400000
      vertex 41.455696 31.864407 0.000000
    endloop
  endfacet
  facet normal 0.000000 1.000000 0.000000
    outer loop
      vertex 39.430380 31.864407 0.000000
      vertex 39.430380 31.864407 0.400000
      vertex 41.455696 31.864407 0.400000
    endloop
  endfacet
  facet normal -1.000000 0.000000 0.000000
    outer loop
      vertex 39.430380 31.355932 0.000000
      vertex 39.430380 31.355932 0.400000
      vertex 39.430380 31.864407 0.400000
    endloop
  endfacet
  facet normal -1.000000 0.000000 0.000000
    outer loop
      vertex 39.430380 31.355932 0.000000
      vertex 39.430380 31.864407 0.400000
      vertex 39.430380 31.864407 0.000000
    endloop
  endfacet
  facet normal 1.000000 0.000000 0.000000
    outer loop
      vertex 41.455696 31.355932 0.000000
      vertex 41.455696 31.864407 0.000000
      vertex 41.455696 31.864407 0.400000
    endloop
  endfacet
  facet normal 1.000000 0.000000 0.000000
    outer loop
      vertex 41.455696 31.355932 0.000000
      vertex 41.455696 31.864407 0.400000
      vertex 41.455696 31.355932 0.400000
    endloop
  endfacet
  facet normal 0.000000 0.000000 -1.000000
    outer loop
      vertex 42.974684 31.355932 0.000000
      vertex 45.000000 31.864407 0.000000
      vertex 45.000000 31.355932 0.000000
    endloop
  endfacet
  facet normal 0.000000 0.000000 -1.000000
    outer loop
      vertex 42.974684 31.355932 0.000000
      vertex 42.974684 31.864407 0.000000
      vertex 45.000000 31.864407 0.000000
    endloop
  endfacet
  facet normal 0.000000 0.000000 1.000000
    outer loop
      vertex 42.974684 31.355932 0.400000
      vertex 45.000000 31.355932 0.400000
      vertex 45.000000 31.864407 0.400000
    endloop
  endfacet
  facet normal 0.000000 0.000000 1.000000
    outer loop
      vertex 42.974684 31.355932 0.400000
      vertex 45.000000 31.864407 0.400000
      vertex 42.974684 31.864407 0.400000
    endloop
  endfacet
  facet normal 0.000000 -1.000000 0.000000
    outer loop
      vertex 42.974684 31.355932 0.000000
      vertex 45.000000 31.355932 0.000000
      vertex 45.000000 31.355932 0.400000
    endloop
  endfacet
  facet normal 0.000000 -1.000000 0.000000
    outer loop
      vertex 42.974684 31.355932 0.000000
      vertex 45.000000 31.355932 0.400000
      vertex 42.974684 31.355932 0.400000
    endloop
  endfacet
  facet normal 0.000000 1.000000 0.000000
    outer loop
      vertex 42.974684 31.864407 0.000000
      vertex 45.000000 31.864407 0.400000
      vertex 45.000000 31.864407 0.000000
    endloop
  endfacet
  facet normal 0.000000 1.000000 0.000000
    outer loop
      vertex 42.974684 31.864407 0.000000
      vertex 42.974684 31.864407 0.400000
      vertex 45.000000 31.864407 0.400000
    endloop
  endfacet
  facet normal -1.000000 0.000000 0.000000
    outer loop
      vertex 42.974684 31.355932 0.000000
      vertex 42.974684 31.355932 0.400000
      vertex 42.974684 31.864407 0.400000
    endloop
  endfacet
  facet normal -1.000000 0.000000 0.000000
    outer loop
      vertex 42.974684 31.355932 0.000000
      vertex 42.974684 31.864407 0.400000
      vertex 42.974684 31.864407 0.000000
    endloop
  endfacet
  facet normal 1.000000 0.000000 0.000000
    outer loop
      vertex 45.000000 31.355932 0.000000
      vertex 45.000000 31.864407 0.000000
      vertex 45.000000 31.864407 0.400000
    endloop
  endfacet
  facet normal 1.000000 0.000000 0.000000
    outer loop
      vertex 45.000000 31.355932 0.000000
      vertex 45.000000 31.864407 0.400000
      vertex 45.000000 31.355932 0.400000
    endloop
  endfacet
  facet normal 0.000000 0.000000 -1.000000
    outer loop
      vertex 5.000000 30.847458 0.000000
      vertex 7.025316 31.355932 0.000000
      vertex 7.025316 30.847458 0.000000
    endloop
  endfacet
  facet normal 0.000000 0.000000 -1.000000
    outer loop
      vertex 5.000000 30.847458 0.000000
      vertex 5.000000 31.355932 0.000000
      vertex 7.025316 31.355932 0.000000
    endloop
  endfacet
  facet normal 0.000000 0.000000 1.000000
    outer loop
      vertex 5.000000 30.847458 0.400000
      vertex 7.025316 30.847458 0.400000
      vertex 7.025316 31.355932 0.400000
    endloop
  endfacet
  facet normal 0.000000 0.000000 1.000000
    outer loop
      vertex 5.000000 30.847458 0.400000
      vertex 7.025316 31.355932 0.400000
      vertex 5.000000 31.355932 0.400000
    endloop
  endfacet
  facet normal 0.000000 -1.000000 0.000000
    outer loop
      vertex 5.000000 30.847458 0.000000
      vertex 7.025316 30.847458 0.000000
      vertex 7.025316 30.847458 0.400000
    endloop
  endfacet
  facet normal 0.000000 -1.000000 0.000000
    outer loop
      vertex 5.000000 30.847458 0.000000
      vertex 7.025316 30.847458 0.400000
      vertex 5.000000 30.847458 0.400000
    endloop
  endfacet
  facet normal 0.000000 1.000000 0.000000
    outer loop
      vertex 5.000000 31.355932 0.000000
      vertex 7.025316 31.355932 0.400000
      vertex 7.025316 31.355932 0.000000
    endloop
  endfacet
  facet normal 0.000000 1.000000 0.000000
    outer loop
      vertex 5.000000 31.355932 0.000000
      vertex 5.000000 31.355932 0.400000
      vertex 7.025316 31.355932 0.400000
    endloop
  endfacet
  facet normal -1.000000 0.000000 0.000000
    outer loop
      vertex 5.000000 30.847458 0.000000
      vertex 5.000000 30.847458 0.400000
      vertex 5.000000 31.355932 0.400000
    endloop
  endfacet
  facet normal -1.000000 0.000000 0.000000
    outer loop
      vertex 5.000000 30.847458 0.000000
      vertex 5.000000 31.355932 0.400000
      vertex 5.000000 31.355932 0.000000
    endloop
  endfacet
  facet normal 1.000000 0.000000 0.000000
    outer loop
      vertex 7.025316 30.847458 0.000000
      vertex 7.025316 31.355932 0.000000
      vertex 7.025316 31.355932 0.400000
    endloop
  endfacet
  facet normal 1.000000 0.000000 0.000000
    outer loop
      vertex 7.025316 30.847458 0.000000
      vertex 7.025316 31.355932 0.400000
      vertex 7.025316 30.847458 0.400000
    endloop
  endfacet
  facet normal 0.000000 0.000000 -1.000000
    outer loop
      vertex 8.544304 30.847458 0.000000
      vertex 9.556962 31.355932 0.000000
      vertex 9.556962 30.847458 0.000000
    endloop
  endfacet
  facet normal 0.000000 0.000000 -1.000000
    outer loop
      vertex 8.544304 30.847458 0.000000
      vertex 8.544304 31.355932 0.000000
      vertex 9.556962 31.355932 0.000000
    endloop
  endfacet
  facet normal 0.000000 0.000000 1.000000
    outer loop
      vertex 8.544304 30.847458 0.400000
      vertex 9.556962 30.847458 0.400000
      vertex 9.556962 31.355932 0.400000
    endloop
  endfacet
  facet normal 0.000000 0.000000 1.000000
    outer loop
      vertex 8.544304 30.847458 0.400000
      vertex 9.556962 31.355932 0.400000
      vertex 8.544304 31.355932 0.400000
    endloop
  endfacet
  facet normal 0.000000 -1.000000 0.000000
    outer loop
      vertex 8.544304 30.847458 0.000000
      vertex 9.556962 30.847458 0.000000
      vertex 9.556962 30.847458 0.400000
    endloop
  endfacet
  facet normal 0.000000 -1.000000 0.000000
    outer loop
      vertex 8.544304 30.847458 0.000000
      vertex 9.556962 30.847458 0.400000
      vertex 8.544304 30.847458 0.400000
    endloop
  endfacet
  facet normal 0.000000 1.000000 0.000000
    outer loop
      vertex 8.544304 31.355932 0.000000
      vertex 9.556962 31.355932 0.400000
      vertex 9.556962 31.355932 0.000000
    endloop
  endfacet
  facet normal 0.000000 1.000000 0.000000
    outer loop
      vertex 8.544304 31.355932 0.000000
      vertex 8.544304 31.355932 0.400000
      vertex 9.556962 31.355932 0.400000
    endloop
  endfacet
  facet normal -1.000000 0.000000 0.000000
    outer loop
      vertex 8.544304 30.847458 0.000000
      vertex 8.544304 30.847458 0.400000
      vertex 8.544304 31.355932 0.400000
    endloop
  endfacet
  facet normal -1.000000 0.000000 0.000000
    outer loop
      vertex 8.544304 30.847458 0.000000
      vertex 8.544304 31.355932 0.400000
      vertex 8.544304 31.355932 0.000000
    endloop
  endfacet
  facet normal 1.000000 0.000000 0.000000
    outer loop
      vertex 9.556962 30.847458 0.000000
      vertex 9.556962 31.355932 0.000000
      vertex 9.556962 31.355932 0.400000
    endloop
  endfacet
  facet normal 1.000000 0.000000 0.000000
    outer loop
      vertex 9.556962 30.847458 0.000000
      vertex 9.556962 31.355932 0.400000
      vertex 9.556962 30.847458 0.400000
    endloop
  endfacet
  facet normal 0.000000 0.000000 -1.000000
    outer loop
      vertex 11.075949 30.847458 0.000000
      vertex 12.088608 31.355932 0.000000
      vertex 12.088608 30.847458 0.000000
    endloop
  endfacet
  facet normal 0.000000 0.000000 -1.000000
    outer loop
      vertex 11.075949 30.847458 0.000000
      vertex 11.075949 31.355932 0.000000
      vertex 12.088608 31.355932 0.000000
    endloop
  endfacet
  facet normal 0.000000 0.000000 1.000000
    outer loop
      vertex 11.075949 30.847458 0.400000
      vertex 12.088608 30.847458 0.400000
      vertex 12.088608 31.355932 0.400000
    endloop
  endfacet
  facet normal 0.000000 0.000000 1.000000
    outer loop
      vertex 11.075949 30.847458 0.400000
      vertex 12.088608 31.355932 0.400000
      vertex 11.075949 31.355932 0.400000
    endloop
  endfacet
  facet normal 0.000000 -1.000000 0.000000
    outer loop
      vertex 11.075949 30.847458 0.000000
      vertex 12.088608 30.847458 0.000000
      vertex 12.088608 30.847458 0.400000
    endloop
  endfacet
  facet normal 0.000000 -1.000000 0.000000
    outer loop
      vertex 11.075949 30.847458 0.000000
      vertex 12.088608 30.847458 0.400000
      vertex 11.075949 30.847458 0.400000
    endloop
  endfacet
  facet normal 0.000000 1.000000 0.000000
    outer loop
      vertex 11.075949 31.355932 0.000000
      vertex 12.088608 31.355932 0.400000
      vertex 12.088608 31.355932 0.000000
    endloop
  endfacet
  facet normal 0.000000 1.000000 0.000000
    outer loop
      vertex 11.075949 31.355932 0.000000
      vertex 11.075949 31.355932 0.400000
      vertex 12.088608 31.355932 0.400000
    endloop
  endfacet
  facet normal -1.000000 0.000000 0.000000
    outer loop
      vertex 11.075949 30.847458 0.000000
      vertex 11.075949 30.847458 0.400000
      vertex 11.075949 31.355932 0.400000
    endloop
  endfacet
  facet normal -1.000000 0.000000 0.000000
    outer loop
      vertex 11.075949 30.847458 0.000000
      vertex 11.075949 31.355932 0.400000
      vertex 11.075949 31.355932 0.000000
    endloop
  endfacet
  facet normal 1.000000 0.000000 0.000000
    outer loop
      vertex 12.088608 30.847458 0.000000
      vertex 12.088608 31.355932 0.000000
      vertex 12.088608 31.355932 0.400000
    endloop
  endfacet
  facet normal 1.000000 0.000000 0.000000
    outer loop
      vertex 12.088608 30.847458 0.000000
      vertex 12.088608 31.355932 0.400000
      vertex 12.088608 30.847458 0.400000
    endloop
  endfacet
  facet normal 0.000000 0.000000 -1.000000
    outer loop
      vertex 13.607595 30.847458 0.000000
      vertex 15.126582 31.355932 0.000000
      vertex 15.126582 30.847458 0.000000
    endloop
  endfacet
  facet normal 0.000000 0.000000 -1.000000
    outer loop
      vertex 13.607595 30.847458 0.000000
      vertex 13.607595 31.355932 0.000000
      vertex 15.126582 31.355932 0.000000
    endloop
  endfacet
  facet normal 0.000000 0.000000 1.000000
    outer loop
      vertex 13.607595 30.847458 0.400000
      vertex 15.126582 30.847458 0.400000
      vertex 15.126582 31.355932 0.400000
    endloop
  endfacet
  facet normal 0.000000 0.000000 1.000000
    outer loop
      vertex 13.607595 30.847458 0.400000
      vertex 15.126582 31.355932 0.400000
      vertex 13.607595 31.355932 0.400000
    endloop
  endfacet
  facet normal 0.000000 -1.000000 0.000000
    outer loop
      vertex 13.607595 30.847458 0.000000
      vertex 15.126582 30.847458 0.000000
      vertex 15.126582 30.847458 0.400000
    endloop
  endfacet
  facet normal 0.000000 -1.000000 0.000000
    outer loop
      vertex 13.607595 30.847458 0.000000
      vertex 15.126582 30.847458 0.400000
      vertex 13.607595 30.847458 0.400000
    endloop
  endfacet
  facet normal 0.000000 1.000000 0.000000
    outer loop
      vertex 13.607595 31.355932 0.000000
      vertex 15.126582 31.355932 0.400000
      vertex 15.126582 31.355932 0.000000
    endloop
  endfacet
  facet normal 0.000000 1.000000 0.000000
    outer loop
      vertex 13.607595 31.355932 0.000000
      vertex 13.607595 31.355932 0.400000
      vertex 15.126582 31.355932 0.400000
    endloop
  endfacet
  facet normal -1.000000 0.000000 0.000000
    outer loop
      vertex 13.607595 30.847458 0.000000
      vertex 13.607595 30.847458 0.400000
      vertex 13.607595 31.355932 0.400000
    endloop
  endfacet
  facet normal -1.000000 0.000000 0.000000
    outer loop
      vertex 13.607595 30.847458 0.000000
      vertex 13.607595 31.355932 0.400000
      vertex 13.607595 31.355932 0.000000
    endloop
  endfacet
  facet normal 1.000000 0.000000 0.000000
    outer loop
      vertex 15.126582 30.847458 0.000000
      vertex 15.126582 31.355932 0.000000
      vertex 15.126582 31.355932 0.400000
    endloop
  endfacet
  facet normal 1.000000 0.000000 0.000000
    outer loop
      vertex 15.126582 30.847458 0.000000
      vertex 15.126582 31.355932 0.400000
      vertex 15.126582 30.847458 0.400000
    endloop
  endfacet
  facet normal 0.000000 0.000000 -1.000000
    outer loop
      vertex 16.645570 30.847458 0.000000
      vertex 18.670886 31.355932 0.000000
      vertex 18.670886 30.847458 0.000000
    endloop
  endfacet
  facet normal 0.000000 0.000000 -1.000000
    outer loop
      vertex 16.645570 30.847458 0.000000
      vertex 16.645570 31.355932 0.000000
      vertex 18.670886 31.355932 0.000000
    endloop
  endfacet
  facet normal 0.000000 0.000000 1.000000
    outer loop
      vertex 16.645570 30.847458 0.400000
      vertex 18.670886 30.847458 0.400000
      vertex 18.670886 31.355932 0.400000
    endloop
  endfacet
  facet normal 0.000000 0.000000 1.000000
    outer loop
      vertex 16.645570 30.847458 0.400000
      vertex 18.670886 31.355932 0.400000
      vertex 16.645570 31.355932 0.400000
    endloop
  endfacet
  facet normal 0.000000 -1.000000 0.000000
    outer loop
      vertex 16.645570 30.847458 0.000000
      vertex 18.670886 30.847458 0.000000
      vertex 18.670886 30.847458 0.400000
    endloop
  endfacet
  facet normal 0.000000 -1.000000 0.000000
    outer loop
      vertex 16.645570 30.847458 0.000000
      vertex 18.670886 30.847458 0.400000
      vertex 16.645570 30.847458 0.400000
    endloop
  endfacet
  facet normal 0.000000 1.000000 0.000000
    outer loop
      vertex 16.645570 31.355932 0.000000
      vertex 18.670886 31.355932 0.400000
      vertex 18.670886 31.355932 0.000000
    endloop
  endfacet
  facet normal 0.000000 1.000000 0.000000
    outer loop
      vertex 16.645570 31.355932 0.000000
      vertex 16.645570 31.355932 0.400000
      vertex 18.670886 31.355932 0.400000
    endloop
  endfacet
  facet normal -1.000000 0.000000 0.000000
    outer loop
      vertex 16.645570 30.847458 0.000000
      vertex 16.645570 30.847458 0.400000
      vertex 16.645570 31.355932 0.400000
    endloop
  endfacet
  facet normal -1.000000 0.000000 0.000000
    outer loop
      vertex 16.645570 30.847458 0.000000
      vertex 16.645570 31.355932 0.400000
      vertex 16.645570 31.355932 0.000000
    endloop
  endfacet
  facet normal 1.000000 0.000000 0.000000
    outer loop
      vertex 18.670886 30.847458 0.000000
      vertex 18.670886 31.355932 0.000000
      vertex 18.670886 31.355932 0.400000
    endloop
  endfacet
  facet normal 1.000000 0.000000 0.000000
    outer loop
      vertex 18.670886 30.847458 0.000000
      vertex 18.670886 31.355932 0.400000
      vertex 18.670886 30.847458 0.400000
    endloop
  endfacet
  facet normal 0.000000 0.000000 -1.000000
    outer loop
      vertex 20.189873 30.847458 0.000000
      vertex 22.215190 31.355932 0.000000
      vertex 22.215190 30.847458 0.000000
    endloop
  endfacet
  facet normal 0.000000 0.000000 -1.000000
    outer loop
      vertex 20.189873 30.847458 0.000000
      vertex 20.189873 31.355932 0.000000
      vertex 22.215190 31.355932 0.000000
    endloop
  endfacet
  facet normal 0.000000 0.000000 1.000000
    outer loop
      vertex 20.189873 30.847458 0.400000
      vertex 22.215190 30.847458 0.400000
      vertex 22.215190 31.355932 0.400000
    endloop
  endfacet
  facet normal 0.000000 0.000000 1.000000
    outer loop
      vertex 20.189873 30.847458 0.400000
      vertex 22.215190 31.355932 0.400000
      vertex 20.189873 31.355932 0.400000
    endloop
  endfacet
  facet normal 0.000000 -1.000000 0.000000
    outer loop
      vertex 20.189873 30.847458 0.000000
      vertex 22.215190 30.847458 0.000000
      vertex 22.215190 30.847458 0.400000
    endloop
  endfacet
  facet normal 0.000000 -1.000000 0.000000
    outer loop
      vertex 20.189873 30.847458 0.000000
      vertex 22.215190 30.847458 0.400000
      vertex 20.189873 30.847458 0.400000
    endloop
  endfacet
  facet normal 0.000000 1.000000 0.000000
    outer loop
      vertex 20.189873 31.355932 0.000000
      vertex 22.215190 31.355932 0.400000
      vertex 22.215190 31.355932 0.000000
    endloop
  endfacet
  facet normal 0.000000 1.000000 0.000000
    outer loop
      vertex 20.189873 31.355932 0.000000
      vertex 20.189873 31.355932 0.400000
      vertex 22.215190 31.355932 0.400000
    endloop
  endfacet
  facet normal -1.000000 0.000000 0.000000
    outer loop
      vertex 20.189873 30.847458 0.000000
      vertex 20.189873 30.847458 0.400000
      vertex 20.189873 31.355932 0.400000
    endloop
  endfacet
  facet normal -1.000000 0.000000 0.000000
    outer loop
      vertex 20.189873 30.847458 0.000000
      vertex 20.189873 31.355932 0.400000
      vertex 20.189873 31.355932 0.000000
    endloop
  endfacet
  facet normal 1.000000 0.000000 0.000000
    outer loop
      vertex 22.215190 30.847458 0.000000
      vertex 22.215190 31.355932 0.000000
      vertex 22.215190 31.355932 0.400000
    endloop
  endfacet
  facet normal 1.000000 0.000000 0.000000
    outer loop
      vertex 22.215190 30.847458 0.000000
      vertex 22.215190 31.355932 0.400000
      vertex 22.215190 30.847458 0.400000
    endloop
  endfacet
  facet normal 0.000000 0.000000 -1.000000
    outer loop
      vertex 23.734177 30.847458 0.000000
      vertex 27.784810 31.355932 0.000000
      vertex 27.784810 30.847458 0.000000
    endloop
  endfacet
  facet normal 0.000000 0.000000 -1.000000
    outer loop
      vertex 23.734177 30.847458 0.000000
      vertex 23.734177 31.355932 0.000000
      vertex 27.784810 31.355932 0.000000
    endloop
  endfacet
  facet normal 0.000000 0.000000 1.000000
    outer loop
      vertex 23.734177 30.847458 0.400000
      vertex 27.784810 30.847458 0.400000
      vertex 27.784810 31.355932 0.400000
    endloop
  endfacet
  facet normal 0.000000 0.000000 1.000000
    outer loop
      vertex 23.734177 30.847458 0.400000
      vertex 27.784810 31.355932 0.400000
      vertex 23.734177 31.355932 0.400000
    endloop
  endfacet
  facet normal 0.000000 -1.000000 0.000000
    outer loop
      vertex 23.734177 30.847458 0.000000
      vertex 27.784810 30.847458 0.000000
      vertex 27.784810 30.847458 0.400000
    endloop
  endfacet
  facet normal 0.000000 -1.000000 0.000000
    outer loop
      vertex 23.734177 30.847458 0.000000
      vertex 27.784810 30.847458 0.400000
      vertex 23.734177 30.847458 0.400000
    endloop
  endfacet
  facet normal 0.000000 1.000000 0.000000
    outer loop
      vertex 23.734177 31.355932 0.000000
      vertex 27.784810 31.355932 0.400000
      vertex 27.784810 31.355932 0.000000
    endloop
  endfacet
  facet normal 0.000000 1.000000 0.000000
    outer loop
      vertex 23.734177 31.355932 0.000000
      vertex 23.734177 31.355932 0.400000
      vertex 27.784810 31.355932 0.400000
    endloop
  endfacet
  facet normal -1.000000 0.000000 0.000000
    outer loop
      vertex 23.734177 30.847458 0.000000
      vertex 23.734177 30.847458 0.400000
      vertex 23.734177 31.355932 0.400000
    endloop
  endfacet
  facet normal -1.000000 0.000000 0.000000
    outer loop
      vertex 23.734177 30.847458 0.000000
      vertex 23.734177 31.355932 0.400000
      vertex 23.734177 31.355932 0.000000
    endloop
  endfacet
  facet normal 1.000000 0.000000 0.000000
    outer loop
      vertex 27.784810 30.847458 0.000000
      vertex 27.784810 31.355932 0.000000
      vertex 27.784810 31.355932 0.400000
    endloop
  endfacet
  facet normal 1.000000 0.000000 0.000000
    outer loop
      vertex 27.784810 30.847458 0.000000
      vertex 27.784810 31.355932 0.400000
      vertex 27.784810 30.847458 0.400000
    endloop
  endfacet
  facet normal 0.000000 0.000000 -1.000000
    outer loop
      vertex 29.303797 30.847458 0.000000
      vertex 32.341772 31.355932 0.000000
      vertex 32.341772 30.847458 0.000000
    endloop
  endfacet
  facet normal 0.000000 0.000000 -1.000000
    outer loop
      vertex 29.303797 30.847458 0.000000
      vertex 29.303797 31.355932 0.000000
      vertex 32.341772 31.355932 0.000000
    endloop
  endfacet
  facet normal 0.000000 0.000000 1.000000
    outer loop
      vertex 29.303797 30.847458 0.400000
      vertex 32.341772 30.847458 0.400000
      vertex 32.341772 31.355932 0.400000
    endloop
  endfacet
  facet normal 0.000000 0.000000 1.000000
    outer loop
      vertex 29.303797 30.847458 0.400000
      vertex 32.341772 31.355932 0.400000
      vertex 29.303797 31.355932 0.400000
    endloop
  endfacet
  facet normal 0.000000 -1.000000 0.000000
    outer loop
      vertex 29.303797 30.847458 0.000000
      vertex 32.341772 30.847458 0.000000
      vertex 32.341772 30.847458 0.400000
    endloop
  endfacet
  facet normal 0.000000 -1.000000 0.000000
    outer loop
      vertex 29.303797 30.847458 0.000000
      vertex 32.341772 30.847458 0.400000
      vertex 29.303797 30.847458 0.400000
    endloop
  endfacet
  facet normal 0.000000 1.000000 0.000000
    outer loop
      vertex 29.303797 31.355932 0.000000
      vertex 32.341772 31.355932 0.400000
      vertex 32.341772 31.355932 0.000000
    endloop
  endfacet
  facet normal 0.000000 1.000000 0.000000
    outer loop
      vertex 29.303797 31.355932 0.000000
      vertex 29.303797 31.355932 0.400000
      vertex 32.341772 31.355932 0.400000
    endloop
  endfacet
  facet normal -1.000000 0.000000 0.000000
    outer loop
      vertex 29.303797 30.847458 0.000000
      vertex 29.303797 30.847458 0.400000
      vertex 29.303797 31.355932 0.400000
    endloop
  endfacet
  facet normal -1.000000 0.000000 0.000000
    outer loop
      vertex 29.303797 30.847458 0.000000
      vertex 29.303797 31.355932 0.400000
      vertex 29.303797 31.355932 0.000000
    endloop
  endfacet
  facet normal 1.000000 0.000000 0.000000
    outer loop
      vertex 32.341772 30.847458 0.000000
      vertex 32.341772 31.355932 0.000000
      vertex 32.341772 31.355932 0.400000
    endloop
  endfacet
  facet normal 1.000000 0.000000 0.000000
    outer loop
      vertex 32.341772 30.847458 0.000000
      vertex 32.341772 31.355932 0.400000
      vertex 32.341772 30.847458 0.400000
    endloop
  endfacet
  facet normal 0.000000 0.000000 -1.000000
    outer loop
      vertex 33.860759 30.847458 0.000000
      vertex 35.886076 31.355932 0.000000
      vertex 35.886076 30.847458 0.000000
    endloop
  endfacet
  facet normal 0.000000 0.000000 -1.000000
    outer loop
      vertex 33.860759 30.847458 0.000000
      vertex 33.860759 31.355932 0.000000
      vertex 35.886076 31.355932 0.000000
    endloop
  endfacet
  facet normal 0.000000 0.000000 1.000000
    outer loop
      vertex 33.860759 30.847458 0.400000
      vertex 35.886076 30.847458 0.400000
      vertex 35.886076 31.355932 0.400000
    endloop
  endfacet
  facet normal 0.000000 0.000000 1.000000
    outer loop
      vertex 33.860759 30.847458 0.400000
      vertex 35.886076 31.355932 0.400000
      vertex 33.860759 31.355932 0.400000
    endloop
  endfacet
  facet normal 0.000000 -1.000000 0.000000
    outer loop
      vertex 33.860759 30.847458 0.000000
      vertex 35.886076 30.847458 0.000000
      vertex 35.886076 30.847458 0.400000
    endloop
  endfacet
  facet normal 0.000000 -1.000000 0.000000
    outer loop
      vertex 33.860759 30.847458 0.000000
      vertex 35.886076 30.847458 0.400000
      vertex 33.860759 30.847458 0.400000
    endloop
  endfacet
  facet normal 0.000000 1.000000 0.000000
    outer loop
      vertex 33.860759 31.355932 0.000000
      vertex 35.886076 31.355932 0.400000
      vertex 35.886076 31.355932 0.000000
    endloop
  endfacet
  facet normal 0.000000 1.000000 0.000000
    outer loop
      vertex 33.860759 31.355932 0.000000
      vertex 33.860759 31.355932 0.400000
      vertex 35.886076 31.355932 0.400000
    endloop
  endfacet
  facet normal -1.000000 0.000000 0.000000
    outer loop
      vertex 33.860759 30.847458 0.000000
      vertex 33.860759 30.847458 0.400000
      vertex 33.860759 31.355932 0.400000
    endloop
  endfacet
  facet normal -1.000000 0.000000 0.000000
    outer loop
      vertex 33.860759 30.847458 0.000000
      vertex 33.860759 31.355932 0.400000
      vertex 33.860759 31.355932 0.000000
    endloop
  endfacet
  facet normal 1.000000 0.000000 0.000000
    outer loop
      vertex 35.886076 30.847458 0.000000
      vertex 35.886076 31.355932 0.000000
      vertex 35.886076 31.355932 0.400000
    endloop
  endfacet
  facet normal 1.000000 0.000000 0.000000
    outer loop
      vertex 35.886076 30.847458 0.000000
      vertex 35.886076 31.355932 0.400000
      vertex 35.886076 30.847458 0.400000
    endloop
  endfacet
  facet normal 0.000000 0.000000 -1.000000
    outer loop
      vertex 37.405063 30.847458 0.000000
      vertex 38.417722 31.355932 0.000000
      vertex 38.417722 30.847458 0.000000
    endloop
  endfacet
  facet normal 0.000000 0.000000 -1.000000
    outer loop
      vertex 37.405063 30.847458 0.000000
      vertex 37.405063 31.355932 0.000000
      vertex 38.417722 31.355932 0.000000
    endloop
  endfacet
  facet normal 0.000000 0.000000 1.000000
    outer loop
      vertex 37.405063 30.847458 0.400000
      vertex 38.417722 30.847458 0.400000
      vertex 38.417722 31.355932 0.400000
    endloop
  endfacet
  facet normal 0.000000 0.000000 1.000000
    outer loop
      vertex 37.405063 30.847458 0.400000
      vertex 38.417722 31.355932 0.400000
      vertex 37.405063 31.355932 0.400000
    endloop
  endfacet
  facet normal 0.000000 -1.000000 0.000000
    outer loop
      vertex 37.405063 30.847458 0.000000
      vertex 38.417722 30.847458 0.000000
      vertex 38.417722 30.847458 0.400000
    endloop
  endfacet
  facet normal 0.000000 -1.000000 0.000000
    outer loop
      vertex 37.405063 30.847458 0.000000
      vertex 38.417722 30.847458 0.400000
      vertex 37.405063 30.847458 0.400000
    endloop
  endfacet
  facet normal 0.000000 1.000000 0.000000
    outer loop
      vertex 37.405063 31.355932 0.000000
      vertex 38.417722 31.355932 0.400000
      vertex 38.417722 31.355932 0.000000
    endloop
  endfacet
  facet normal 0.000000 1.000000 0.000000
    outer loop
      vertex 37.405063 31.355932 0.000000
      vertex 37.405063 31.355932 0.400000
      vertex 38.417722 31.355932 0.400000
    endloop
  endfacet
  facet normal -1.000000 0.000000 0.000000
    outer loop
      vertex 37.405063 30.847458 0.000000
      vertex 37.405063 30.847458 0.400000
      vertex 37.405063 31.355932 0.400000
    endloop
  endfacet
  facet normal -1.000000 0.000000 0.000000
    outer loop
      vertex 37.405063 30.847458 0.000000
      vertex 37.405063 31.355932 0.400000
      vertex 37.405063 31.355932 0.000000
    endloop
  endfacet
  facet normal 1.000000 0.000000 0.000000
    outer loop
      vertex 38.417722 30.847458 0.000000
      vertex 38.417722 31.355932 0.000000
      vertex 38.417722 31.355932 0.400000
    endloop
  endfacet
  facet normal 1.000000 0.000000 0.000000
    outer loop
      vertex 38.417722 30.847458 0.000000
      vertex 38.417722 31.355932 0.400000
      vertex 38.417722 30.847458 0.400000
    endloop
  endfacet
  facet normal 0.000000 0.000000 -1.000000
    outer loop
      vertex 39.936709 30.847458 0.000000
      vertex 41.455696 31.355932 0.000000
      vertex 41.455696 30.847458 0.000000
    endloop
  endfacet
  facet normal 0.000000 0.000000 -1.000000
    outer loop
      vertex 39.936709 30.847458 0.000000
      vertex 39.936709 31.355932 0.000000
      vertex 41.455696 31.355932 0.000000
    endloop
  endfacet
  facet normal 0.000000 0.000000 1.000000
    outer loop
      vertex 39.936709 30.847458 0.400000
      vertex 41.455696 30.847458 0.400000
      vertex 41.455696 31.355932 0.400000
    endloop
  endfacet
  facet normal 0.000000 0.000000 1.000000
    outer loop
      vertex 39.936709 30.847458 0.400000
      vertex 41.455696 31.355932 0.400000
      vertex 39.936709 31.355932 0.400000
    endloop
  endfacet
  facet normal 0.000000 -1.000000 0.000000
    outer loop
      vertex 39.936709 30.847458 0.000000
      vertex 41.455696 30.847458 0.000000
      vertex 41.455696 30.847458 0.400000
    endloop
  endfacet
  facet normal 0.000000 -1.000000 0.000000
    outer loop
      vertex 39.936709 30.847458 0.000000
      vertex 41.455696 30.847458 0.400000
      vertex 39.936709 30.847458 0.400000
    endloop
  endfacet
  facet normal 0.000000 1.000000 0.000000
    outer loop
      vertex 39.936709 31.355932 0.000000
      vertex 41.455696 31.355932 0.400000
      vertex 41.455696 31.355932 0.000000
    endloop
  endfacet
  facet normal 0.000000 1.000000 0.000000
    outer loop
      vertex 39.936709 31.355932 0.000000
      vertex 39.936709 31.355932 0.400000
      vertex 41.455696 31.355932 0.400000
    endloop
  endfacet
  facet normal -1.000000 0.000000 0.000000
    outer loop
      vertex 39.936709 30.847458 0.000000
      vertex 39.936709 30.847458 0.400000
      vertex 39.936709 31.355932 0.400000
    endloop
  endfacet
  facet normal -1.000000 0.000000 0.000000
    outer loop
      vertex 39.936709 30.847458 0.000000
      vertex 39.936709 31.355932 0.400000
      vertex 39.936709 31.355932 0.000000
    endloop
  endfacet
  facet normal 1.000000 0.000000 0.000000
    outer loop
      vertex 41.455696 30.847458 0.000000
      vertex 41.455696 31.355932 0.000000
      vertex 41.455696 31.355932 0.400000
    endloop
  endfacet
  facet normal 1.000000 0.000000 0.000000
    outer loop
      vertex 41.455696 30.847458 0.000000
      vertex 41.455696 31.355932 0.400000
      vertex 41.455696 30.847458 0.400000
    endloop
  endfacet
  facet normal 0.000000 0.000000 -1.000000
    outer loop
      vertex 42.974684 30.847458 0.000000
      vertex 45.000000 31.355932 0.000000
      vertex 45.000000 30.847458 0.000000
    endloop
  endfacet
  facet normal 0.000000 0.000000 -1.000000
    outer loop
      vertex 42.974684 30.847458 0.000000
      vertex 42.974684 31.355932 0.000000
      vertex 45.000000 31.355932 0.000000
    endloop
  endfacet
  facet normal 0.000000 0.000000 1.000000
    outer loop
      vertex 42.974684 30.847458 0.400000
      vertex 45.000000 30.847458 0.400000
      vertex 45.000000 31.355932 0.400000
    endloop
  endfacet
  facet normal 0.000000 0.000000 1.000000
    outer loop
      vertex 42.974684 30.847458 0.400000
      vertex 45.000000 31.355932 0.400000
      vertex 42.974684 31.355932 0.400000
    endloop
  endfacet
  facet normal 0.000000 -1.000000 0.000000
    outer loop
      vertex 42.974684 30.847458 0.000000
      vertex 45.000000 30.847458 0.000000
      vertex 45.000000 30.847458 0.400000
    endloop
  endfacet
  facet normal 0.000000 -1.000000 0.000000
    outer loop
      vertex 42.974684 30.847458 0.000000
      vertex 45.000000 30.847458 0.400000
      vertex 42.974684 30.847458 0.400000
    endloop
  endfacet
  facet normal 0.000000 1.000000 0.000000
    outer loop
      vertex 42.974684 31.355932 0.000000
      vertex 45.000000 31.355932 0.400000
      vertex 45.000000 31.355932 0.000000
    endloop
  endfacet
  facet normal 0.000000 1.000000 0.000000
    outer loop
      vertex 42.974684 31.355932 0.000000
      vertex 42.974684 31.355932 0.400000
      vertex 45.000000 31.355932 0.400000
    endloop
  endfacet
  facet normal -1.000000 0.000000 0.000000
    outer loop
      vertex 42.974684 30.847458 0.000000
      vertex 42.974684 30.847458 0.400000
      vertex 42.974684 31.355932 0.400000
    endloop
  endfacet
  facet normal -1.000000 0.000000 0.000000
    outer loop
      vertex 42.974684 30.847458 0.000000
      vertex 42.974684 31.355932 0.400000
      vertex 42.974684 31.355932 0.000000
    endloop
  endfacet
  facet normal 1.000000 0.000000 0.000000
    outer loop
      vertex 45.000000 30.847458 0.000000
      vertex 45.000000 31.355932 0.000000
      vertex 45.000000 31.355932 0.400000
    endloop
  endfacet
  facet normal 1.000000 0.000000 0.000000
    outer loop
      vertex 45.000000 30.847458 0.000000
      vertex 45.000000 31.355932 0.400000
      vertex 45.000000 30.847458 0.400000
    endloop
  endfacet
  facet normal 0.000000 0.000000 -1.000000
    outer loop
      vertex 5.000000 30.338983 0.000000
      vertex 7.025316 30.847458 0.000000
      vertex 7.025316 30.338983 0.000000
    endloop
  endfacet
  facet normal 0.000000 0.000000 -1.000000
    outer loop
      vertex 5.000000 30.338983 0.000000
      vertex 5.000000 30.847458 0.000000
      vertex 7.025316 30.847458 0.000000
    endloop
  endfacet
  facet normal 0.000000 0.000000 1.000000
    outer loop
      vertex 5.000000 30.338983 0.400000
      vertex 7.025316 30.338983 0.400000
      vertex 7.025316 30.847458 0.400000
    endloop
  endfacet
  facet normal 0.000000 0.000000 1.000000
    outer loop
      vertex 5.000000 30.338983 0.400000
      vertex 7.025316 30.847458 0.400000
      vertex 5.000000 30.847458 0.400000
    endloop
  endfacet
  facet normal 0.000000 -1.000000 0.000000
    outer loop
      vertex 5.000000 30.338983 0.000000
      vertex 7.025316 30.338983 0.000000
      vertex 7.025316 30.338983 0.400000
    endloop
  endfacet
  facet normal 0.000000 -1.000000 0.000000
    outer loop
      vertex 5.000000 30.338983 0.000000
      vertex 7.025316 30.338983 0.400000
      vertex 5.000000 30.338983 0.400000
    endloop
  endfacet
  facet normal 0.000000 1.000000 0.000000
    outer loop
      vertex 5.000000 30.847458 0.000000
      vertex 7.025316 30.847458 0.400000
      vertex 7.025316 30.847458 0.000000
    endloop
  endfacet
  facet normal 0.000000 1.000000 0.000000
    outer loop
      vertex 5.000000 30.847458 0.000000
      vertex 5.000000 30.847458 0.400000
      vertex 7.025316 30.847458 0.400000
    endloop
  endfacet
  facet normal -1.000000 0.000000 0.000000
    outer loop
      vertex 5.000000 30.338983 0.000000
      vertex 5.000000 30.338983 0.400000
      vertex 5.000000 30.847458 0.400000
    endloop
  endfacet
  facet normal -1.000000 0.000000 0.000000
    outer loop
      vertex 5.000000 30.338983 0.000000
      vertex 5.000000 30.847458 0.400000
      vertex 5.000000 30.847458 0.000000
    endloop
  endfacet
  facet normal 1.000000 0.000000 0.000000
    outer loop
      vertex 7.025316 30.338983 0.000000
      vertex 7.025316 30.847458 0.000000
      vertex 7.025316 30.847458 0.400000
    endloop
  endfacet
  facet normal 1.000000 0.000000 0.000000
    outer loop
      vertex 7.025316 30.338983 0.000000
      vertex 7.025316 30.847458 0.400000
      vertex 7.025316 30.338983 0.400000
    endloop
  endfacet
  facet normal 0.000000 0.000000 -1.000000
    outer loop
      vertex 8.544304 30.338983 0.000000
      vertex 12.088608 30.847458 0.000000
      vertex 12.088608 30.338983 0.000000
    endloop
  endfacet
  facet normal 0.000000 0.000000 -1.000000
    outer loop
      vertex 8.544304 30.338983 0.000000
      vertex 8.544304 30.847458 0.000000
      vertex 12.088608 30.847458 0.000000
    endloop
  endfacet
  facet normal 0.000000 0.000000 1.000000
    outer loop
      vertex 8.544304 30.338983 0.400000
      vertex 12.088608 30.338983 0.400000
      vertex 12.088608 30.847458 0.400000
    endloop
  endfacet
  facet normal 0.000000 0.000000 1.000000
    outer loop
      vertex 8.544304 30.338983 0.400000
      vertex 12.088608 30.847458 0.400000
      vertex 8.544304 30.847458 0.400000
    endloop
  endfacet
  facet normal 0.000000 -1.000000 0.000000
    outer loop
      vertex 8.544304 30.338983 0.000000
      vertex 12.088608 30.338983 0.000000
      vertex 12.088608 30.338983 0.400000
    endloop
  endfacet
  facet normal 0.000000 -1.000000 0.000000
    outer loop
      vertex 8.544304 30.338983 0.000000
      vertex 12.088608 30.338983 0.400000
      vertex 8.544304 30.338983 0.400000
    endloop
  endfacet
  facet normal 0.000000 1.000000 0.000000
    outer loop
      vertex 8.544304 30.847458 0.000000
      vertex 12.088608 30.847458 0.400000
      vertex 12.088608 30.847458 0.000000
    endloop
  endfacet
  facet normal 0.000000 1.000000 0.000000
    outer loop
      vertex 8.544304 30.847458 0.000000
      vertex 8.544304 30.847458 0.400000
      vertex 12.088608 30.847458 0.400000
    endloop
  endfacet
  facet normal -1.000000 0.000000 0.000000
    outer loop
      vertex 8.544304 30.338983 0.000000
      vertex 8.544304 30.338983 0.400000
      vertex 8.544304 30.847458 0.400000
    endloop
  endfacet
  facet normal -1.000000 0.000000 0.000000
    outer loop
      vertex 8.544304 30.338983 0.000000
      vertex 8.544304 30.847458 0.400000
      vertex 8.544304 30.847458 0.000000
    endloop
  endfacet
  facet normal 1.000000 0.000000 0.000000
    outer loop
      vertex 12.088608 30.338983 0.000000
      vertex 12.088608 30.847458 0.000000
      vertex 12.088608 30.847458 0.400000
    endloop
  endfacet
  facet normal 1.000000 0.000000 0.000000
    outer loop
      vertex 12.088608 30.338983 0.000000
      vertex 12.088608 30.847458 0.400000
      vertex 12.088608 30.338983 0.400000
    endloop
  endfacet
  facet normal 0.000000 0.000000 -1.000000
    outer loop
      vertex 13.607595 30.338983 0.000000
      vertex 15.632911 30.847458 0.000000
      vertex 15.632911 30.338983 0.000000
    endloop
  endfacet
  facet normal 0.000000 0.000000 -1.000000
    outer loop
      vertex 13.607595 30.338983 0.000000
      vertex 13.607595 30.847458 0.000000
      vertex 15.632911 30.847458 0.000000
    endloop
  endfacet
  facet normal 0.000000 0.000000 1.000000
    outer loop
      vertex 13.607595 30.338983 0.400000
      vertex 15.632911 30.338983 0.400000
      vertex 15.632911 30.847458 0.400000
    endloop
  endfacet
  facet normal 0.000000 0.000000 1.000000
    outer loop
      vertex 13.607595 30.338983 0.400000
      vertex 15.632911 30.847458 0.400000
      vertex 13.607595 30.847458 0.400000
    endloop
  endfacet
  facet normal 0.000000 -1.000000 0.000000
    outer loop
      vertex 13.607595 30.338983 0.000000
      vertex 15.632911 30.338983 0.000000
      vertex 15.632911 30.338983 0.400000
    endloop
  endfacet
  facet normal 0.000000 -1.000000 0.000000
    outer loop
      vertex 13.607595 30.338983 0.000000
      vertex 15.632911 30.338983 0.400000
      vertex 13.607595 30.338983 0.400000
    endloop
  endfacet
  facet normal 0.000000 1.000000 0.000000
    outer loop
      vertex 13.607595 30.847458 0.000000
      vertex 15.632911 30.847458 0.400000
      vertex 15.632911 30.847458 0.000000
    endloop
  endfacet
  facet normal 0.000000 1.000000 0.000000
    outer loop
      vertex 13.607595 30.847458 0.000000
      vertex 13.607595 30.847458 0.400000
      vertex 15.632911 30.847458 0.400000
    endloop
  endfacet
  facet normal -1.000000 0.000000 0.000000
    outer loop
      vertex 13.607595 30.338983 0.000000
      vertex 13.607595 30.338983 0.400000
      vertex 13.607595 30.847458 0.400000
    endloop
  endfacet
  facet normal -1.000000 0.000000 0.000000
    outer loop
      vertex 13.607595 30.338983 0.000000
      vertex 13.607595 30.847458 0.400000
      vertex 13.607595 30.847458 0.000000
    endloop
  endfacet
  facet normal 1.000000 0.000000 0.000000
    outer loop
      vertex 15.632911 30.338983 0.000000
      vertex 15.632911 30.847458 0.000000
      vertex 15.632911 30.847458 0.400000
    endloop
  endfacet
  facet normal 1.000000 0.000000 0.000000
    outer loop
      vertex 15.632911 30.338983 0.000000
      vertex 15.632911 30.847458 0.400000
      vertex 15.632911 30.338983 0.400000
    endloop
  endfacet
  facet normal 0.000000 0.000000 -1.000000
    outer loop
      vertex 16.645570 30.338983 0.000000
      vertex 18.164557 30.847458 0.000000
      vertex 18.164557 30.338983 0.000000
    endloop
  endfacet
  facet normal 0.000000 0.000000 -1.000000
    outer loop
      vertex 16.645570 30.338983 0.000000
      vertex 16.645570 30.847458 0.000000
      vertex 18.164557 30.847458 0.000000
    endloop
  endfacet
  facet normal 0.000000 0.000000 1.000000
    outer loop
      vertex 16.645570 30.338983 0.400000
      vertex 18.164557 30.338983 0.400000
      vertex 18.164557 30.847458 0.400000
    endloop
  endfacet
  facet normal 0.000000 0.000000 1.000000
    outer loop
      vertex 16.645570 30.338983 0.400000
      vertex 18.164557 30.847458 0.400000
      vertex 16.645570 30.847458 0.400000
    endloop
  endfacet
  facet normal 0.000000 -1.000000 0.000000
    outer loop
      vertex 16.645570 30.338983 0.000000
      vertex 18.164557 30.338983 0.000000
      vertex 18.164557 30.338983 0.400000
    endloop
  endfacet
  facet normal 0.000000 -1.000000 0.000000
    outer loop
      vertex 16.645570 30.338983 0.000000
      vertex 18.164557 30.338983 0.400000
      vertex 16.645570 30.338983 0.400000
    endloop
  endfacet
  facet normal 0.000000 1.000000 0.000000
    outer loop
      vertex 16.645570 30.847458 0.000000
      vertex 18.164557 30.847458 0.400000
      vertex 18.164557 30.847458 0.000000
    endloop
  endfacet
  facet normal 0.000000 1.000000 0.000000
    outer loop
      vertex 16.645570 30.847458 0.000000
      vertex 16.645570 30.847458 0.400000
      vertex 18.164557 30.847458 0.400000
    endloop
  endfacet
  facet normal -1.000000 0.000000 0.000000
    outer loop
      vertex 16.645570 30.338983 0.000000
      vertex 16.645570 30.338983 0.400000
      vertex 16.645570 30.847458 0.400000
    endloop
  endfacet
  facet normal -1.000000 0.000000 0.000000
    outer loop
      vertex 16.645570 30.338983 0.000000
      vertex 16.645570 30.847458 0.400000
      vertex 16.645570 30.847458 0.000000
    endloop
  endfacet
  facet normal 1.000000 0.000000 0.000000
    outer loop
      vertex 18.164557 30.338983 0.000000
      vertex 18.164557 30.847458 0.000000
      vertex 18.164557 30.847458 0.400000
    endloop
  endfacet
  facet normal 1.000000 0.000000 0.000000
    outer loop
      vertex 18.164557 30.338983 0.000000
      vertex 18.164557 30.847458 0.400000
      vertex 18.164557 30.338983 0.400000
    endloop
  endfacet
  facet normal 0.000000 0.000000 -1.000000
    outer loop
      vertex 19.683544 30.338983 0.000000
      vertex 22.215190 30.847458 0.000000
      vertex 22.215190 30.338983 0.000000
    endloop
  endfacet
  facet normal 0.000000 0.000000 -1.000000
    outer loop
      vertex 19.683544 30.338983 0.000000
      vertex 19.683544 30.847458 0.000000
      vertex 22.215190 30.847458 0.000000
    endloop
  endfacet
  facet normal 0.000000 0.000000 1.000000
    outer loop
      vertex 19.683544 30.338983 0.400000
      vertex 22.215190 30.338983 0.400000
      vertex 22.215190 30.847458 0.400000
    endloop
  endfacet
  facet normal 0.000000 0.000000 1.000000
    outer loop
      vertex 19.683544 30.338983 0.400000
      vertex 22.215190 30.847458 0.400000
      vertex 19.683544 30.847458 0.400000
    endloop
  endfacet
  facet normal 0.000000 -1.000000 0.000000
    outer loop
      vertex 19.683544 30.338983 0.000000
      vertex 22.215190 30.338983 0.000000
      vertex 22.215190 30.338983 0.400000
    endloop
  endfacet
  facet normal 0.000000 -1.000000 0.000000
    outer loop
      vertex 19.683544 30.338983 0.000000
      vertex 22.215190 30.338983 0.400000
      vertex 19.683544 30.338983 0.400000
    endloop
  endfacet
  facet normal 0.000000 1.000000 0.000000
    outer loop
      vertex 19.683544 30.847458 0.000000
      vertex 22.215190 30.847458 0.400000
      vertex 22.215190 30.847458 0.000000
    endloop
  endfacet
  facet normal 0.000000 1.000000 0.000000
    outer loop
      vertex 19.683544 30.847458 0.000000
      vertex 19.683544 30.847458 0.400000
      vertex 22.215190 30.847458 0.400000
    endloop
  endfacet
  facet normal -1.000000 0.000000 0.000000
    outer loop
      vertex 19.683544 30.338983 0.000000
      vertex 19.683544 30.338983 0.400000
      vertex 19.683544 30.847458 0.400000
    endloop
  endfacet
  facet normal -1.000000 0.000000 0.000000
    outer loop
      vertex 19.683544 30.338983 0.000000
      vertex 19.683544 30.847458 0.400000
      vertex 19.683544 30.847458 0.000000
    endloop
  endfacet
  facet normal 1.000000 0.000000 0.000000
    outer loop
      vertex 22.215190 30.338983 0.000000
      vertex 22.215190 30.847458 0.000000
      vertex 22.215190 30.847458 0.400000
    endloop
  endfacet
  facet normal 1.000000 0.000000 0.000000
    outer loop
      vertex 22.215190 30.338983 0.000000
      vertex 22.215190 30.847458 0.400000
      vertex 22.215190 30.338983 0.400000
    endloop
  endfacet
  facet normal 0.000000 0.000000 -1.000000
    outer loop
      vertex 23.734177 30.338983 0.000000
      vertex 27.784810 30.847458 0.000000
      vertex 27.784810 30.338983 0.000000
    endloop
  endfacet
  facet normal 0.000000 0.000000 -1.000000
    outer loop
      vertex 23.734177 30.338983 0.000000
      vertex 23.734177 30.847458 0.000000
      vertex 27.784810 30.847458 0.000000
    endloop
  endfacet
  facet normal 0.000000 0.000000 1.000000
    outer loop
      vertex 23.734177 30.338983 0.400000
      vertex 27.784810 30.338983 0.400000
      vertex 27.784810 30.847458 0.400000
    endloop
  endfacet
  facet normal 0.000000 0.000000 1.000000
    outer loop
      vertex 23.734177 30.338983 0.400000
      vertex 27.784810 30.847458 0.400000
      vertex 23.734177 30.847458 0.400000
    endloop
  endfacet
  facet normal 0.000000 -1.000000 0.000000
    outer loop
      vertex 23.734177 30.338983 0.000000
      vertex 27.784810 30.338983 0.000000
      vertex 27.784810 30.338983 0.400000
    endloop
  endfacet
  facet normal 0.000000 -1.000000 0.000000
    outer loop
      vertex 23.734177 30.338983 0.000000
      vertex 27.784810 30.338983 0.400000
      vertex 23.734177 30.338983 0.400000
    endloop
  endfacet
  facet normal 0.000000 1.000000 0.000000
    outer loop
      vertex 23.734177 30.847458 0.000000
      vertex 27.784810 30.847458 0.400000
      vertex 27.784810 30.847458 0.000000
    endloop
  endfacet
  facet normal 0.000000 1.000000 0.000000
    outer loop
      vertex 23.734177 30.847458 0.000000
      vertex 23.734177 30.847458 0.400000
      vertex 27.784810 30.847458 0.400000
    endloop
  endfacet
  facet normal -1.000000 0.000000 0.000000
    outer loop
      vertex 23.734177 30.338983 0.000000
      vertex 23.734177 30.338983 0.400000
      vertex 23.734177 30.847458 0.400000
    endloop
  endfacet
  facet normal -1.000000 0.000000 0.000000
    outer loop
      vertex 23.734177 30.338983 0.000000
      vertex 23.734177 30.847458 0.400000
      vertex 23.734177 30.847458 0.000000
    endloop
  endfacet
  facet normal 1.000000 0.000000 0.000000
    outer loop
      vertex 27.784810 30.338983 0.000000
      vertex 27.784810 30.847458 0.000000
      vertex 27.784810 30.847458 0.400000
    endloop
  endfacet
  facet normal 1.000000 0.000000 0.000000
    outer loop
      vertex 27.784810 30.338983 0.000000
      vertex 27.784810 30.847458 0.400000
      vertex 27.784810 30.338983 0.400000
    endloop
  endfacet
  facet normal 0.000000 0.000000 -1.000000
    outer loop
      vertex 29.303797 30.338983 0.000000
      vertex 32.848101 30.847458 0.000000
      vertex 32.848101 30.338983 0.000000
    endloop
  endfacet
  facet normal 0.000000 0.000000 -1.000000
    outer loop
      vertex 29.303797 30.338983 0.000000
      vertex 29.303797 30.847458 0.000000
      vertex 32.848101 30.847458 0.000000
    endloop
  endfacet
  facet normal 0.000000 0.000000 1.000000
    outer loop
      vertex 29.303797 30.338983 0.400000
      vertex 32.848101 30.338983 0.400000
      vertex 32.848101 30.847458 0.400000
    endloop
  endfacet
  facet normal 0.000000 0.000000 1.000000
    outer loop
      vertex 29.303797 30.338983 0.400000
      vertex 32.848101 30.847458 0.400000
      vertex 29.303797 30.847458 0.400000
    endloop
  endfacet
  facet normal 0.000000 -1.000000 0.000000
    outer loop
      vertex 29.303797 30.338983 0.000000
      vertex 32.848101 30.338983 0.000000
      vertex 32.848101 30.338983 0.400000
    endloop
  endfacet
  facet normal 0.000000 -1.000000 0.000000
    outer loop
      vertex 29.303797 30.338983 0.000000
      vertex 32.848101 30.338983 0.400000
      vertex 29.303797 30.338983 0.400000
    endloop
  endfacet
  facet normal 0.000000 1.000000 0.000000
    outer loop
      vertex 29.303797 30.847458 0.000000
      vertex 32.848101 30.847458 0.400000
      vertex 32.848101 30.847458 0.000000
    endloop
  endfacet
  facet normal 0.000000 1.000000 0.000000
    outer loop
      vertex 29.303797 30.847458 0.000000
      vertex 29.303797 30.847458 0.400000
      vertex 32.848101 30.847458 0.400000
    endloop
  endfacet
  facet normal -1.000000 0.000000 0.000000
    outer loop
      vertex 29.303797 30.338983 0.000000
      vertex 29.303797 30.338983 0.400000
      vertex 29.303797 30.847458 0.400000
    endloop
  endfacet
  facet normal -1.000000 0.000000 0.000000
    outer loop
      vertex 29.303797 30.338983 0.000000
      vertex 29.303797 30.847458 0.400000
      vertex 29.303797 30.847458 0.000000
    endloop
  endfacet
  facet normal 1.000000 0.000000 0.000000
    outer loop
      vertex 32.848101 30.338983 0.000000
      vertex 32.848101 30.847458 0.000000
      vertex 32.848101 30.847458 0.400000
    endloop
  endfacet
  facet normal 1.000000 0.000000 0.000000
    outer loop
      vertex 32.848101 30.338983 0.000000
      vertex 32.848101 30.847458 0.400000
      vertex 32.848101 30.338983 0.400000
    endloop
  endfacet
  facet normal 0.000000 0.000000 -1.000000
    outer loop
      vertex 33.860759 30.338983 0.000000
      vertex 35.379747 30.847458 0.000000
      vertex 35.379747 30.338983 0.000000
    endloop
  endfacet
  facet normal 0.000000 0.000000 -1.000000
    outer loop
      vertex 33.860759 30.338983 0.000000
      vertex 33.860759 30.847458 0.000000
      vertex 35.379747 30.847458 0.000000
    endloop
  endfacet
  facet normal 0.000000 0.000000 1.000000
    outer loop
      vertex 33.860759 30.338983 0.400000
      vertex 35.379747 30.338983 0.400000
      vertex 35.379747 30.847458 0.400000
    endloop
  endfacet
  facet normal 0.000000 0.000000 1.000000
    outer loop
      vertex 33.860759 30.338983 0.400000
      vertex 35.379747 30.847458 0.400000
      vertex 33.860759 30.847458 0.400000
    endloop
  endfacet
  facet normal 0.000000 -1.000000 0.000000
    outer loop
      vertex 33.860759 30.338983 0.000000
      vertex 35.379747 30.338983 0.000000
      vertex 35.379747 30.338983 0.400000
    endloop
  endfacet
  facet normal 0.000000 -1.000000 0.000000
    outer loop
      vertex 33.860759 30.338983 0.000000
      vertex 35.379747 30.338983 0.400000
      vertex 33.860759 30.338983 0.400000
    endloop
  endfacet
  facet normal 0.000000 1.000000 0.000000
    outer loop
      vertex 33.860759 30.847458 0.000000
      vertex 35.379747 30.847458 0.400000
      vertex 35.379747 30.847458 0.000000
    endloop
  endfacet
  facet normal 0.000000 1.000000 0.000000
    outer loop
      vertex 33.860759 30.847458 0.000000
      vertex 33.860759 30.847458 0.400000
      vertex 35.379747 30.847458 0.400000
    endloop
  endfacet
  facet normal -1.000000 0.000000 0.000000
    outer loop
      vertex 33.860759 30.338983 0.000000
      vertex 33.860759 30.338983 0.400000
      vertex 33.860759 30.847458 0.400000
    endloop
  endfacet
  facet normal -1.000000 0.000000 0.000000
    outer loop
      vertex 33.860759 30.338983 0.000000
      vertex 33.860759 30.847458 0.400000
      vertex 33.860759 30.847458 0.000000
    endloop
  endfacet
  facet normal 1.000000 0.000000 0.000000
    outer loop
      vertex 35.379747 30.338983 0.000000
      vertex 35.379747 30.847458 0.000000
      vertex 35.379747 30.847458 0.400000
    endloop
  endfacet
  facet normal 1.000000 0.000000 0.000000
    outer loop
      vertex 35.379747 30.338983 0.000000
      vertex 35.379747 30.847458 0.400000
      vertex 35.379747 30.338983 0.400000
    endloop
  endfacet
  facet normal 0.000000 0.000000 -1.000000
    outer loop
      vertex 36.898734 30.338983 0.000000
      vertex 38.417722 30.847458 0.000000
      vertex 38.417722 30.338983 0.000000
    endloop
  endfacet
  facet normal 0.000000 0.000000 -1.000000
    outer loop
      vertex 36.898734 30.338983 0.000000
      vertex 36.898734 30.847458 0.000000
      vertex 38.417722 30.847458 0.000000
    endloop
  endfacet
  facet normal 0.000000 0.000000 1.000000
    outer loop
      vertex 36.898734 30.338983 0.400000
      vertex 38.417722 30.338983 0.400000
      vertex 38.417722 30.847458 0.400000
    endloop
  endfacet
  facet normal 0.000000 0.000000 1.000000
    outer loop
      vertex 36.898734 30.338983 0.400000
      vertex 38.417722 30.847458 0.400000
      vertex 36.898734 30.847458 0.400000
    endloop
  endfacet
  facet normal 0.000000 -1.000000 0.000000
    outer loop
      vertex 36.898734 30.338983 0.000000
      vertex 38.417722 30.338983 0.000000
      vertex 38.417722 30.338983 0.400000
    endloop
  endfacet
  facet normal 0.000000 -1.000000 0.000000
    outer loop
      vertex 36.898734 30.338983 0.000000
      vertex 38.417722 30.338983 0.400000
      vertex 36.898734 30.338983 0.400000
    endloop
  endfacet
  facet normal 0.000000 1.000000 0.000000
    outer loop
      vertex 36.898734 30.847458 0.000000
      vertex 38.417722 30.847458 0.400000
      vertex 38.417722 30.847458 0.000000
    endloop
  endfacet
  facet normal 0.000000 1.000000 0.000000
    outer loop
      vertex 36.898734 30.847458 0.000000
      vertex 36.898734 30.847458 0.400000
      vertex 38.417722 30.847458 0.400000
    endloop
  endfacet
  facet normal -1.000000 0.000000 0.000000
    outer loop
      vertex 36.898734 30.338983 0.000000
      vertex 36.898734 30.338983 0.400000
      vertex 36.898734 30.847458 0.400000
    endloop
  endfacet
  facet normal -1.000000 0.000000 0.000000
    outer loop
      vertex 36.898734 30.338983 0.000000
      vertex 36.898734 30.847458 0.400000
      vertex 36.898734 30.847458 0.000000
    endloop
  endfacet
  facet normal 1.000000 0.000000 0.000000
    outer loop
      vertex 38.417722 30.338983 0.000000
      vertex 38.417722 30.847458 0.000000
      vertex 38.417722 30.847458 0.400000
    endloop
  endfacet
  facet normal 1.000000 0.000000 0.000000
    outer loop
      vertex 38.417722 30.338983 0.000000
      vertex 38.417722 30.847458 0.400000
      vertex 38.417722 30.338983 0.400000
    endloop
  endfacet
  facet normal 0.000000 0.000000 -1.000000
    outer loop
      vertex 39.936709 30.338983 0.000000
      vertex 41.455696 30.847458 0.000000
      vertex 41.455696 30.338983 0.000000
    endloop
  endfacet
  facet normal 0.000000 0.000000 -1.000000
    outer loop
      vertex 39.936709 30.338983 0.000000
      vertex 39.936709 30.847458 0.000000
      vertex 41.455696 30.847458 0.000000
    endloop
  endfacet
  facet normal 0.000000 0.000000 1.000000
    outer loop
      vertex 39.936709 30.338983 0.400000
      vertex 41.455696 30.338983 0.400000
      vertex 41.455696 30.847458 0.400000
    endloop
  endfacet
  facet normal 0.000000 0.000000 1.000000
    outer loop
      vertex 39.936709 30.338983 0.400000
      vertex 41.455696 30.847458 0.400000
      vertex 39.936709 30.847458 0.400000
    endloop
  endfacet
  facet normal 0.000000 -1.000000 0.000000
    outer loop
      vertex 39.936709 30.338983 0.000000
      vertex 41.455696 30.338983 0.000000
      vertex 41.455696 30.338983 0.400000
    endloop
  endfacet
  facet normal 0.000000 -1.000000 0.000000
    outer loop
      vertex 39.936709 30.338983 0.000000
      vertex 41.455696 30.338983 0.400000
      vertex 39.936709 30.338983 0.400000
    endloop
  endfacet
  facet normal 0.000000 1.000000 0.000000
    outer loop
      vertex 39.936709 30.847458 0.000000
      vertex 41.455696 30.847458 0.400000
      vertex 41.455696 30.847458 0.000000
    endloop
  endfacet
  facet normal 0.000000 1.000000 0.000000
    outer loop
      vertex 39.936709 30.847458 0.000000
      vertex 39.936709 30.847458 0.400000
      vertex 41.455696 30.847458 0.400000
    endloop
  endfacet
  facet normal -1.000000 0.000000 0.000000
    outer loop
      vertex 39.936709 30.338983 0.000000
      vertex 39.936709 30.338983 0.400000
      vertex 39.936709 30.847458 0.400000
    endloop
  endfacet
  facet normal -1.000000 0.000000 0.000000
    outer loop
      vertex 39.936709 30.338983 0.000000
      vertex 39.936709 30.847458 0.400000
      vertex 39.936709 30.847458 0.000000
    endloop
  endfacet
  facet normal 1.000000 0.000000 0.000000
    outer loop
      vertex 41.455696 30.338983 0.000000
      vertex 41.455696 30.847458 0.000000
      vertex 41.455696 30.847458 0.400000
    endloop
  endfacet
  facet normal 1.000000 0.000000 0.000000
    outer loop
      vertex 41.455696 30.338983 0.000000
      vertex 41.455696 30.847458 0.400000
      vertex 41.455696 30.338983 0.400000
    endloop
  endfacet
  facet normal 0.000000 0.000000 -1.000000
    outer loop
      vertex 42.974684 30.338983 0.000000
      vertex 45.000000 30.847458 0.000000
      vertex 45.000000 30.338983 0.000000
    endloop
  endfacet
  facet normal 0.000000 0.000000 -1.000000
    outer loop
      vertex 42.974684 30.338983 0.000000
      vertex 42.974684 30.847458 0.000000
      vertex 45.000000 30.847458 0.000000
    endloop
  endfacet
  facet normal 0.000000 0.000000 1.000000
    outer loop
      vertex 42.974684 30.338983 0.400000
      vertex 45.000000 30.338983 0.400000
      vertex 45.000000 30.847458 0.400000
    endloop
  endfacet
  facet normal 0.000000 0.000000 1.000000
    outer loop
      vertex 42.974684 30.338983 0.400000
      vertex 45.000000 30.847458 0.400000
      vertex 42.974684 30.847458 0.400000
    endloop
  endfacet
  facet normal 0.000000 -1.000000 0.000000
    outer loop
      vertex 42.974684 30.338983 0.000000
      vertex 45.000000 30.338983 0.000000
      vertex 45.000000 30.338983 0.400000
    endloop
  endfacet
  facet normal 0.000000 -1.000000 0.000000
    outer loop
      vertex 42.974684 30.338983 0.000000
      vertex 45.000000 30.338983 0.400000
      vertex 42.974684 30.338983 0.400000
    endloop
  endfacet
  facet normal 0.000000 1.000000 0.000000
    outer loop
      vertex 42.974684 30.847458 0.000000
      vertex 45.000000 30.847458 0.400000
      vertex 45.000000 30.847458 0.000000
    endloop
  endfacet
  facet normal 0.000000 1.000000 0.000000
    outer loop
      vertex 42.974684 30.847458 0.000000
      vertex 42.974684 30.847458 0.400000
      vertex 45.000000 30.847458 0.400000
    endloop
  endfacet
  facet normal -1.000000 0.000000 0.000000
    outer loop
      vertex 42.974684 30.338983 0.000000
      vertex 42.974684 30.338983 0.400000
      vertex 42.974684 30.847458 0.400000
    endloop
  endfacet
  facet normal -1.000000 0.000000 0.000000
    outer loop
      vertex 42.974684 30.338983 0.000000
      vertex 42.974684 30.847458 0.400000
      vertex 42.974684 30.847458 0.000000
    endloop
  endfacet
  facet normal 1.000000 0.000000 0.000000
    outer loop
      vertex 45.000000 30.338983 0.000000
      vertex 45.000000 30.847458 0.000000
      vertex 45.000000 30.847458 0.400000
    endloop
  endfacet
  facet normal 1.000000 0.000000 0.000000
    outer loop
      vertex 45.000000 30.338983 0.000000
      vertex 45.000000 30.847458 0.400000
      vertex 45.000000 30.338983 0.400000
    endloop
  endfacet
  facet normal 0.000000 0.000000 -1.000000
    outer loop
      vertex 5.000000 29.830508 0.000000
      vertex 7.025316 30.338983 0.000000
      vertex 7.025316 29.830508 0.000000
    endloop
  endfacet
  facet normal 0.000000 0.000000 -1.000000
    outer loop
      vertex 5.000000 29.830508 0.000000
      vertex 5.000000 30.338983 0.000000
      vertex 7.025316 30.338983 0.000000
    endloop
  endfacet
  facet normal 0.000000 0.000000 1.000000
    outer loop
      vertex 5.000000 29.830508 0.400000
      vertex 7.025316 29.830508 0.400000
      vertex 7.025316 30.338983 0.400000
    endloop
  endfacet
  facet normal 0.000000 0.000000 1.000000
    outer loop
      vertex 5.000000 29.830508 0.400000
      vertex 7.025316 30.338983 0.400000
      vertex 5.000000 30.338983 0.400000
    endloop
  endfacet
  facet normal 0.000000 -1.000000 0.000000
    outer loop
      vertex 5.000000 29.830508 0.000000
      vertex 7.025316 29.830508 0.000000
      vertex 7.025316 29.830508 0.400000
    endloop
  endfacet
  facet normal 0.000000 -1.000000 0.000000
    outer loop
      vertex 5.000000 29.830508 0.000000
      vertex 7.025316 29.830508 0.400000
      vertex 5.000000 29.830508 0.400000
    endloop
  endfacet
  facet normal 0.000000 1.000000 0.000000
    outer loop
      vertex 5.000000 30.338983 0.000000
      vertex 7.025316 30.338983 0.400000
      vertex 7.025316 30.338983 0.000000
    endloop
  endfacet
  facet normal 0.000000 1.000000 0.000000
    outer loop
      vertex 5.000000 30.338983 0.000000
      vertex 5.000000 30.338983 0.400000
      vertex 7.025316 30.338983 0.400000
    endloop
  endfacet
  facet normal -1.000000 0.000000 0.000000
    outer loop
      vertex 5.000000 29.830508 0.000000
      vertex 5.000000 29.830508 0.400000
      vertex 5.000000 30.338983 0.400000
    endloop
  endfacet
  facet normal -1.000000 0.000000 0.000000
    outer loop
      vertex 5.000000 29.830508 0.000000
      vertex 5.000000 30.338983 0.400000
      vertex 5.000000 30.338983 0.000000
    endloop
  endfacet
  facet normal 1.000000 0.000000 0.000000
    outer loop
      vertex 7.025316 29.830508 0.000000
      vertex 7.025316 30.338983 0.000000
      vertex 7.025316 30.338983 0.400000
    endloop
  endfacet
  facet normal 1.000000 0.000000 0.000000
    outer loop
      vertex 7.025316 29.830508 0.000000
      vertex 7.025316 30.338983 0.400000
      vertex 7.025316 29.830508 0.400000
    endloop
  endfacet
  facet normal 0.000000 0.000000 -1.000000
    outer loop
      vertex 8.544304 29.830508 0.000000
      vertex 12.088608 30.338983 0.000000
      vertex 12.088608 29.830508 0.000000
    endloop
  endfacet
  facet normal 0.000000 0.000000 -1.000000
    outer loop
      vertex 8.544304 29.830508 0.000000
      vertex 8.544304 30.338983 0.000000
      vertex 12.088608 30.338983 0.000000
    endloop
  endfacet
  facet normal 0.000000 0.000000 1.000000
    outer loop
      vertex 8.544304 29.830508 0.400000
      vertex 12.088608 29.830508 0.400000
      vertex 12.088608 30.338983 0.400000
    endloop
  endfacet
  facet normal 0.000000 0.000000 1.000000
    outer loop
      vertex 8.544304 29.830508 0.400000
      vertex 12.088608 30.338983 0.400000
      vertex 8.544304 30.338983 0.400000
    endloop
  endfacet
  facet normal 0.000000 -1.000000 0.000000
    outer loop
      vertex 8.544304 29.830508 0.000000
      vertex 12.088608 29.830508 0.000000
      vertex 12.088608 29.830508 0.400000
    endloop
  endfacet
  facet normal 0.000000 -1.000000 0.000000
    outer loop
      vertex 8.544304 29.830508 0.000000
      vertex 12.088608 29.830508 0.400000
      vertex 8.544304 29.830508 0.400000
    endloop
  endfacet
  facet normal 0.000000 1.000000 0.000000
    outer loop
      vertex 8.544304 30.338983 0.000000
      vertex 12.088608 30.338983 0.400000
      vertex 12.088608 30.338983 0.000000
    endloop
  endfacet
  facet normal 0.000000 1.000000 0.000000
    outer loop
      vertex 8.544304 30.338983 0.000000
      vertex 8.544304 30.338983 0.400000
      vertex 12.088608 30.338983 0.400000
    endloop
  endfacet
  facet normal -1.000000 0.000000 0.000000
    outer loop
      vertex 8.544304 29.830508 0.000000
      vertex 8.544304 29.830508 0.400000
      vertex 8.544304 30.338983 0.400000
    endloop
  endfacet
  facet normal -1.000000 0.000000 0.000000
    outer loop
      vertex 8.544304 29.830508 0.000000
      vertex 8.544304 30.338983 0.400000
      vertex 8.544304 30.338983 0.000000
    endloop
  endfacet
  facet normal 1.000000 0.000000 0.000000
    outer loop
      vertex 12.088608 29.830508 0.000000
      vertex 12.088608 30.338983 0.000000
      vertex 12.088608 30.338983 0.400000
    endloop
  endfacet
  facet normal 1.000000 0.000000 0.000000
    outer loop
      vertex 12.088608 29.830508 0.000000
      vertex 12.088608 30.338983 0.400000
      vertex 12.088608 29.830508 0.400000
    endloop
  endfacet
  facet normal 0.000000 0.000000 -1.000000
    outer loop
      vertex 13.607595 29.830508 0.000000
      vertex 16.139241 30.338983 0.000000
      vertex 16.139241 29.830508 0.000000
    endloop
  endfacet
  facet normal 0.000000 0.000000 -1.000000
    outer loop
      vertex 13.607595 29.830508 0.000000
      vertex 13.607595 30.338983 0.000000
      vertex 16.139241 30.338983 0.000000
    endloop
  endfacet
  facet normal 0.000000 0.000000 1.000000
    outer loop
      vertex 13.607595 29.830508 0.400000
      vertex 16.139241 29.830508 0.400000
      vertex 16.139241 30.338983 0.400000
    endloop
  endfacet
  facet normal 0.000000 0.000000 1.000000
    outer loop
      vertex 13.607595 29.830508 0.400000
      vertex 16.139241 30.338983 0.400000
      vertex 13.607595 30.338983 0.400000
    endloop
  endfacet
  facet normal 0.000000 -1.000000 0.000000
    outer loop
      vertex 13.607595 29.830508 0.000000
      vertex 16.139241 29.830508 0.000000
      vertex 16.139241 29.830508 0.400000
    endloop
  endfacet
  facet normal 0.000000 -1.000000 0.000000
    outer loop
      vertex 13.607595 29.830508 0.000000
      vertex 16.139241 29.830508 0.400000
      vertex 13.607595 29.830508 0.400000
    endloop
  endfacet
  facet normal 0.000000 1.000000 0.000000
    outer loop
      vertex 13.607595 30.338983 0.000000
      vertex 16.139241 30.338983 0.400000
      vertex 16.139241 30.338983 0.000000
    endloop
  endfacet
  facet normal 0.000000 1.000000 0.000000
    outer loop
      vertex 13.607595 30.338983 0.000000
      vertex 13.607595 30.338983 0.400000
      vertex 16.139241 30.338983 0.400000
    endloop
  endfacet
  facet normal -1.000000 0.000000 0.000000
    outer loop
      vertex 13.607595 29.830508 0.000000
      vertex 13.607595 29.830508 0.400000
      vertex 13.607595 30.338983 0.400000
    endloop
  endfacet
  facet normal -1.000000 0.000000 0.000000
    outer loop
      vertex 13.607595 29.830508 0.000000
      vertex 13.607595 30.338983 0.400000
      vertex 13.607595 30.338983 0.000000
    endloop
  endfacet
  facet normal 1.000000 0.000000 0.000000
    outer loop
      vertex 16.139241 29.830508 0.000000
      vertex 16.139241 30.338983 0.000000
      vertex 16.139241 30.338983 0.400000
    endloop
  endfacet
  facet normal 1.000000 0.000000 0.000000
    outer loop
      vertex 16.139241 29.830508 0.000000
      vertex 16.139241 30.338983 0.400000
      vertex 16.139241 29.830508 0.400000
    endloop
  endfacet
  facet normal 0.000000 0.000000 -1.000000
    outer loop
      vertex 18.670886 29.830508 0.000000
      vertex 22.215190 30.338983 0.000000
      vertex 22.215190 29.830508 0.000000
    endloop
  endfacet
  facet normal 0.000000 0.000000 -1.000000
    outer loop
      vertex 18.670886 29.830508 0.000000
      vertex 18.670886 30.338983 0.000000
      vertex 22.215190 30.338983 0.000000
    endloop
  endfacet
  facet normal 0.000000 0.000000 1.000000
    outer loop
      vertex 18.670886 29.830508 0.400000
      vertex 22.215190 29.830508 0.400000
      vertex 22.215190 30.338983 0.400000
    endloop
  endfacet
  facet normal 0.000000 0.000000 1.000000
    outer loop
      vertex 18.670886 29.830508 0.400000
      vertex 22.215190 30.338983 0.400000
      vertex 18.670886 30.338983 0.400000
    endloop
  endfacet
  facet normal 0.000000 -1.000000 0.000000
    outer loop
      vertex 18.670886 29.830508 0.000000
      vertex 22.215190 29.830508 0.000000
      vertex 22.215190 29.830508 0.400000
    endloop
  endfacet
  facet normal 0.000000 -1.000000 0.000000
    outer loop
      vertex 18.670886 29.830508 0.000000
      vertex 22.215190 29.830508 0.400000
      vertex 18.670886 29.830508 0.400000
    endloop
  endfacet
  facet normal 0.000000 1.000000 0.000000
    outer loop
      vertex 18.670886 30.338983 0.000000
      vertex 22.215190 30.338983 0.400000
      vertex 22.215190 30.338983 0.000000
    endloop
  endfacet
  facet normal 0.000000 1.000000 0.000000
    outer loop
      vertex 18.670886 30.338983 0.000000
      vertex 18.670886 30.338983 0.400000
      vertex 22.215190 30.338983 0.400000
    endloop
  endfacet
  facet normal -1.000000 0.000000 0.000000
    outer loop
      vertex 18.670886 29.830508 0.000000
      vertex 18.670886 29.830508 0.400000
      vertex 18.670886 30.338983 0.400000
    endloop
  endfacet
  facet normal -1.000000 0.000000 0.000000
    outer loop
      vertex 18.670886 29.830508 0.000000
      vertex 18.670886 30.338983 0.400000
      vertex 18.670886 30.338983 0.000000
    endloop
  endfacet
  facet normal 1.000000 0.000000 0.000000
    outer loop
      vertex 22.215190 29.830508 0.000000
      vertex 22.215190 30.338983 0.000000
      vertex 22.215190 30.338983 0.400000
    endloop
  endfacet
  facet normal 1.000000 0.000000 0.000000
    outer loop
      vertex 22.215190 29.830508 0.000000
      vertex 22.215190 30.338983 0.400000
      vertex 22.215190 29.830508 0.400000
    endloop
  endfacet
  facet normal 0.000000 0.000000 -1.000000
    outer loop
      vertex 23.734177 29.830508 0.000000
      vertex 27.784810 30.338983 0.000000
      vertex 27.784810 29.830508 0.000000
    endloop
  endfacet
  facet normal 0.000000 0.000000 -1.000000
    outer loop
      vertex 23.734177 29.830508 0.000000
      vertex 23.734177 30.338983 0.000000
      vertex 27.784810 30.338983 0.000000
    endloop
  endfacet
  facet normal 0.000000 0.000000 1.000000
    outer loop
      vertex 23.734177 29.830508 0.400000
      vertex 27.784810 29.830508 0.400000
      vertex 27.784810 30.338983 0.400000
    endloop
  endfacet
  facet normal 0.000000 0.000000 1.000000
    outer loop
      vertex 23.734177 29.830508 0.400000
      vertex 27.784810 30.338983 0.400000
      vertex 23.734177 30.338983 0.400000
    endloop
  endfacet
  facet normal 0.000000 -1.000000 0.000000
    outer loop
      vertex 23.734177 29.830508 0.000000
      vertex 27.784810 29.830508 0.000000
      vertex 27.784810 29.830508 0.400000
    endloop
  endfacet
  facet normal 0.000000 -1.000000 0.000000
    outer loop
      vertex 23.734177 29.830508 0.000000
      vertex 27.784810 29.830508 0.400000
      vertex 23.734177 29.830508 0.400000
    endloop
  endfacet
  facet normal 0.000000 1.000000 0.000000
    outer loop
      vertex 23.734177 30.338983 0.000000
      vertex 27.784810 30.338983 0.400000
      vertex 27.784810 30.338983 0.000000
    endloop
  endfacet
  facet normal 0.000000 1.000000 0.000000
    outer loop
      vertex 23.734177 30.338983 0.000000
      vertex 23.734177 30.338983 0.400000
      vertex 27.784810 30.338983 0.400000
    endloop
  endfacet
  facet normal -1.000000 0.000000 0.000000
    outer loop
      vertex 23.734177 29.830508 0.000000
      vertex 23.734177 29.830508 0.400000
      vertex 23.734177 30.338983 0.400000
    endloop
  endfacet
  facet normal -1.000000 0.000000 0.000000
    outer loop
      vertex 23.734177 29.830508 0.000000
      vertex 23.734177 30.338983 0.400000
      vertex 23.734177 30.338983 0.000000
    endloop
  endfacet
  facet normal 1.000000 0.000000 0.000000
    outer loop
      vertex 27.784810 29.830508 0.000000
      vertex 27.784810 30.338983 0.000000
      vertex 27.784810 30.338983 0.400000
    endloop
  endfacet
  facet normal 1.000000 0.000000 0.000000
    outer loop
      vertex 27.784810 29.830508 0.000000
      vertex 27.784810 30.338983 0.400000
      vertex 27.784810 29.830508 0.400000
    endloop
  endfacet
  facet normal 0.000000 0.000000 -1.000000
    outer loop
      vertex 29.303797 29.830508 0.000000
      vertex 33.354430 30.338983 0.000000
      vertex 33.354430 29.830508 0.000000
    endloop
  endfacet
  facet normal 0.000000 0.000000 -1.000000
    outer loop
      vertex 29.303797 29.830508 0.000000
      vertex 29.303797 30.338983 0.000000
      vertex 33.354430 30.338983 0.000000
    endloop
  endfacet
  facet normal 0.000000 0.000000 1.000000
    outer loop
      vertex 29.303797 29.830508 0.400000
      vertex 33.354430 29.830508 0.400000
      vertex 33.354430 30.338983 0.400000
    endloop
  endfacet
  facet normal 0.000000 0.000000 1.000000
    outer loop
      vertex 29.303797 29.830508 0.400000
      vertex 33.354430 30.338983 0.400000
      vertex 29.303797 30.338983 0.400000
    endloop
  endfacet
  facet normal 0.000000 -1.000000 0.000000
    outer loop
      vertex 29.303797 29.830508 0.000000
      vertex 33.354430 29.830508 0.000000
      vertex 33.354430 29.830508 0.400000
    endloop
  endfacet
  facet normal 0.000000 -1.000000 0.000000
    outer loop
      vertex 29.303797 29.830508 0.000000
      vertex 33.354430 29.830508 0.400000
      vertex 29.303797 29.830508 0.400000
    endloop
  endfacet
  facet normal 0.000000 1.000000 0.000000
    outer loop
      vertex 29.303797 30.338983 0.000000
      vertex 33.354430 30.338983 0.400000
      vertex 33.354430 30.338983 0.000000
    endloop
  endfacet
  facet normal 0.000000 1.000000 0.000000
    outer loop
      vertex 29.303797 30.338983 0.000000
      vertex 29.303797 30.338983 0.400000
      vertex 33.354430 30.338983 0.400000
    endloop
  endfacet
  facet normal -1.000000 0.000000 0.000000
    outer loop
      vertex 29.303797 29.830508 0.000000
      vertex 29.303797 29.830508 0.400000
      vertex 29.303797 30.338983 0.400000
    endloop
  endfacet
  facet normal -1.000000 0.000000 0.000000
    outer loop
      vertex 29.303797 29.830508 0.000000
      vertex 29.303797 30.338983 0.400000
      vertex 29.303797 30.338983 0.000000
    endloop
  endfacet
  facet normal 1.000000 0.000000 0.000000
    outer loop
      vertex 33.354430 29.830508 0.000000
      vertex 33.354430 30.338983 0.000000
      vertex 33.354430 30.338983 0.400000
    endloop
  endfacet
  facet normal 1.000000 0.000000 0.000000
    outer loop
      vertex 33.354430 29.830508 0.000000
      vertex 33.354430 30.338983 0.400000
      vertex 33.354430 29.830508 0.400000
    endloop
  endfacet
  facet normal 0.000000 0.000000 -1.000000
    outer loop
      vertex 35.886076 29.830508 0.000000
      vertex 38.924051 30.338983 0.000000
      vertex 38.924051 29.830508 0.000000
    endloop
  endfacet
  facet normal 0.000000 0.000000 -1.000000
    outer loop
      vertex 35.886076 29.830508 0.000000
      vertex 35.886076 30.338983 0.000000
      vertex 38.924051 30.338983 0.000000
    endloop
  endfacet
  facet normal 0.000000 0.000000 1.000000
    outer loop
      vertex 35.886076 29.830508 0.400000
      vertex 38.924051 29.830508 0.400000
      vertex 38.924051 30.338983 0.400000
    endloop
  endfacet
  facet normal 0.000000 0.000000 1.000000
    outer loop
      vertex 35.886076 29.830508 0.400000
      vertex 38.924051 30.338983 0.400000
      vertex 35.886076 30.338983 0.400000
    endloop
  endfacet
  facet normal 0.000000 -1.000000 0.000000
    outer loop
      vertex 35.886076 29.830508 0.000000
      vertex 38.924051 29.830508 0.000000
      vertex 38.924051 29.830508 0.400000
    endloop
  endfacet
  facet normal 0.000000 -1.000000 0.000000
    outer loop
      vertex 35.886076 29.830508 0.000000
      vertex 38.924051 29.830508 0.400000
      vertex 35.886076 29.830508 0.400000
    endloop
  endfacet
  facet normal 0.000000 1.000000 0.000000
    outer loop
      vertex 35.886076 30.338983 0.000000
      vertex 38.924051 30.338983 0.400000
      vertex 38.924051 30.338983 0.000000
    endloop
  endfacet
  facet normal 0.000000 1.000000 0.000000
    outer loop
      vertex 35.886076 30.338983 0.000000
      vertex 35.886076 30.338983 0.400000
      vertex 38.924051 30.338983 0.400000
    endloop
  endfacet
  facet normal -1.000000 0.000000 0.000000
    outer loop
      vertex 35.886076 29.830508 0.000000
      vertex 35.886076 29.830508 0.400000
      vertex 35.886076 30.338983 0.400000
    endloop
  endfacet
  facet normal -1.000000 0.000000 0.000000
    outer loop
      vertex 35.886076 29.830508 0.000000
      vertex 35.886076 30.338983 0.400000
      vertex 35.886076 30.338983 0.000000
    endloop
  endfacet
  facet normal 1.000000 0.000000 0.000000
    outer loop
      vertex 38.924051 29.830508 0.000000
      vertex 38.924051 30.338983 0.000000
      vertex 38.924051 30.338983 0.400000
    endloop
  endfacet
  facet normal 1.000000 0.000000 0.000000
    outer loop
      vertex 38.924051 29.830508 0.000000
      vertex 38.924051 30.338983 0.400000
      vertex 38.924051 29.830508 0.400000
    endloop
  endfacet
  facet normal 0.000000 0.000000 -1.000000
    outer loop
      vertex 42.974684 29.830508 0.000000
      vertex 45.000000 30.338983 0.000000
      vertex 45.000000 29.830508 0.000000
    endloop
  endfacet
  facet normal 0.000000 0.000000 -1.000000
    outer loop
      vertex 42.974684 29.830508 0.000000
      vertex 42.974684 30.338983 0.000000
      vertex 45.000000 30.338983 0.000000
    endloop
  endfacet
  facet normal 0.000000 0.000000 1.000000
    outer loop
      vertex 42.974684 29.830508 0.400000
      vertex 45.000000 29.830508 0.400000
      vertex 45.000000 30.338983 0.400000
    endloop
  endfacet
  facet normal 0.000000 0.000000 1.000000
    outer loop
      vertex 42.974684 29.830508 0.400000
      vertex 45.000000 30.338983 0.400000
      vertex 42.974684 30.338983 0.400000
    endloop
  endfacet
  facet normal 0.000000 -1.000000 0.000000
    outer loop
      vertex 42.974684 29.830508 0.000000
      vertex 45.000000 29.830508 0.000000
      vertex 45.000000 29.830508 0.400000
    endloop
  endfacet
  facet normal 0.000000 -1.000000 0.000000
    outer loop
      vertex 42.974684 29.830508 0.000000
      vertex 45.000000 29.830508 0.400000
      vertex 42.974684 29.830508 0.400000
    endloop
  endfacet
  facet normal 0.000000 1.000000 0.000000
    outer loop
      vertex 42.974684 30.338983 0.000000
      vertex 45.000000 30.338983 0.400000
      vertex 45.000000 30.338983 0.000000
    endloop
  endfacet
  facet normal 0.000000 1.000000 0.000000
    outer loop
      vertex 42.974684 30.338983 0.000000
      vertex 42.974684 30.338983 0.400000
      vertex 45.000000 30.338983 0.400000
    endloop
  endfacet
  facet normal -1.000000 0.000000 0.000000
    outer loop
      vertex 42.974684 29.830508 0.000000
      vertex 42.974684 29.830508 0.400000
      vertex 42.974684 30.338983 0.400000
    endloop
  endfacet
  facet normal -1.000000 0.000000 0.000000
    outer loop
      vertex 42.974684 29.830508 0.000000
      vertex 42.974684 30.338983 0.400000
      vertex 42.974684 30.338983 0.000000
    endloop
  endfacet
  facet normal 1.000000 0.000000 0.000000
    outer loop
      vertex 45.000000 29.830508 0.000000
      vertex 45.000000 30.338983 0.000000
      vertex 45.000000 30.338983 0.400000
    endloop
  endfacet
  facet normal 1.000000 0.000000 0.000000
    outer loop
      vertex 45.000000 29.830508 0.000000
      vertex 45.000000 30.338983 0.400000
      vertex 45.000000 29.830508 0.400000
    endloop
  endfacet
  facet normal 0.000000 0.000000 -1.000000
    outer loop
      vertex 5.000000 29.322034 0.000000
      vertex 45.000000 29.830508 0.000000
      vertex 45.000000 29.322034 0.000000
    endloop
  endfacet
  facet normal 0.000000 0.000000 -1.000000
    outer loop
      vertex 5.000000 29.322034 0.000000
      vertex 5.000000 29.830508 0.000000
      vertex 45.000000 29.830508 0.000000
    endloop
  endfacet
  facet normal 0.000000 0.000000 1.000000
    outer loop
      vertex 5.000000 29.322034 0.400000
      vertex 45.000000 29.322034 0.400000
      vertex 45.000000 29.830508 0.400000
    endloop
  endfacet
  facet normal 0.000000 0.000000 1.000000
    outer loop
      vertex 5.000000 29.322034 0.400000
      vertex 45.000000 29.830508 0.400000
      vertex 5.000000 29.830508 0.400000
    endloop
  endfacet
  facet normal 0.000000 -1.000000 0.000000
    outer loop
      vertex 5.000000 29.322034 0.000000
      vertex 45.000000 29.322034 0.000000
      vertex 45.000000 29.322034 0.400000
    endloop
  endfacet
  facet normal 0.000000 -1.000000 0.000000
    outer loop
      vertex 5.000000 29.322034 0.000000
      vertex 45.000000 29.322034 0.400000
      vertex 5.000000 29.322034 0.400000
    endloop
  endfacet
  facet normal 0.000000 1.000000 0.000000
    outer loop
      vertex 5.000000 29.830508 0.000000
      vertex 45.000000 29.830508 0.400000
      vertex 45.000000 29.830508 0.000000
    endloop
  endfacet
  facet normal 0.000000 1.000000 0.000000
    outer loop
      vertex 5.000000 29.830508 0.000000
      vertex 5.000000 29.830508 0.400000
      vertex 45.000000 29.830508 0.400000
    endloop
  endfacet
  facet normal -1.000000 0.000000 0.000000
    outer loop
      vertex 5.000000 29.322034 0.000000
      vertex 5.000000 29.322034 0.400000
      vertex 5.000000 29.830508 0.400000
    endloop
  endfacet
  facet normal -1.000000 0.000000 0.000000
    outer loop
      vertex 5.000000 29.322034 0.000000
      vertex 5.000000 29.830508 0.400000
      vertex 5.000000 29.830508 0.000000
    endloop
  endfacet
  facet normal 1.000000 0.000000 0.000000
    outer loop
      vertex 45.000000 29.322034 0.000000
      vertex 45.000000 29.830508 0.000000
      vertex 45.000000 29.830508 0.400000
    endloop
  endfacet
  facet normal 1.000000 0.000000 0.000000
    outer loop
      vertex 45.000000 29.322034 0.000000
      vertex 45.000000 29.830508 0.400000
      vertex 45.000000 29.322034 0.400000
    endloop
  endfacet
  facet normal 0.000000 0.000000 -1.000000
    outer loop
      vertex 5.000000 28.813559 0.000000
      vertex 45.000000 29.322034 0.000000
      vertex 45.000000 28.813559 0.000000
    endloop
  endfacet
  facet normal 0.000000 0.000000 -1.000000
    outer loop
      vertex 5.000000 28.813559 0.000000
      vertex 5.000000 29.322034 0.000000
      vertex 45.000000 29.322034 0.000000
    endloop
  endfacet
  facet normal 0.000000 0.000000 1.000000
    outer loop
      vertex 5.000000 28.813559 0.400000
      vertex 45.000000 28.813559 0.400000
      vertex 45.000000 29.322034 0.400000
    endloop
  endfacet
  facet normal 0.000000 0.000000 1.000000
    outer loop
      vertex 5.000000 28.813559 0.400000
      vertex 45.000000 29.322034 0.400000
      vertex 5.000000 29.322034 0.400000
    endloop
  endfacet
  facet normal 0.000000 -1.000000 0.000000
    outer loop
      vertex 5.000000 28.813559 0.000000
      vertex 45.000000 28.813559 0.000000
      vertex 45.000000 28.813559 0.400000
    endloop
  endfacet
  facet normal 0.000000 -1.000000 0.000000
    outer loop
      vertex 5.000000 28.813559 0.000000
      vertex 45.000000 28.813559 0.400000
      vertex 5.000000 28.813559 0.400000
    endloop
  endfacet
  facet normal 0.000000 1.000000 0.000000
    outer loop
      vertex 5.000000 29.322034 0.000000
      vertex 45.000000 29.322034 0.400000
      vertex 45.000000 29.322034 0.000000
    endloop
  endfacet
  facet normal 0.000000 1.000000 0.000000
    outer loop
      vertex 5.000000 29.322034 0.000000
      vertex 5.000000 29.322034 0.400000
      vertex 45.000000 29.322034 0.400000
    endloop
  endfacet
  facet normal -1.000000 0.000000 0.000000
    outer loop
      vertex 5.000000 28.813559 0.000000
      vertex 5.000000 28.813559 0.400000
      vertex 5.000000 29.322034 0.400000
    endloop
  endfacet
  facet normal -1.000000 0.000000 0.000000
    outer loop
      vertex 5.000000 28.813559 0.000000
      vertex 5.000000 29.322034 0.400000
      vertex 5.000000 29.322034 0.000000
    endloop
  endfacet
  facet normal 1.000000 0.000000 0.000000
    outer loop
      vertex 45.000000 28.813559 0.000000
      vertex 45.000000 29.322034 0.000000
      vertex 45.000000 29.322034 0.400000
    endloop
  endfacet
  facet normal 1.000000 0.000000 0.000000
    outer loop
      vertex 45.000000 28.813559 0.000000
      vertex 45.000000 29.322034 0.400000
      vertex 45.000000 28.813559 0.400000
    endloop
  endfacet
  facet normal 0.000000 0.000000 -1.000000
    outer loop
      vertex 5.000000 28.305085 0.000000
      vertex 45.000000 28.813559 0.000000
      vertex 45.000000 28.305085 0.000000
    endloop
  endfacet
  facet normal 0.000000 0.000000 -1.000000
    outer loop
      vertex 5.000000 28.305085 0.000000
      vertex 5.000000 28.813559 0.000000
      vertex 45.000000 28.813559 0.000000
    endloop
  endfacet
  facet normal 0.000000 0.000000 1.000000
    outer loop
      vertex 5.000000 28.305085 0.400000
      vertex 45.000000 28.305085 0.400000
      vertex 45.000000 28.813559 0.400000
    endloop
  endfacet
  facet normal 0.000000 0.000000 1.000000
    outer loop
      vertex 5.000000 28.305085 0.400000
      vertex 45.000000 28.813559 0.400000
      vertex 5.000000 28.813559 0.400000
    endloop
  endfacet
  facet normal 0.000000 -1.000000 0.000000
    outer loop
      vertex 5.000000 28.305085 0.000000
      vertex 45.000000 28.305085 0.000000
      vertex 45.000000 28.305085 0.400000
    endloop
  endfacet
  facet normal 0.000000 -1.000000 0.000000
    outer loop
      vertex 5.000000 28.305085 0.000000
      vertex 45.000000 28.305085 0.400000
      vertex 5.000000 28.305085 0.400000
    endloop
  endfacet
  facet normal 0.000000 1.000000 0.000000
    outer loop
      vertex 5.000000 28.813559 0.000000
      vertex 45.000000 28.813559 0.400000
      vertex 45.000000 28.813559 0.000000
    endloop
  endfacet
  facet normal 0.000000 1.000000 0.000000
    outer loop
      vertex 5.000000 28.813559 0.000000
      vertex 5.000000 28.813559 0.400000
      vertex 45.000000 28.813559 0.400000
    endloop
  endfacet
  facet normal -1.000000 0.000000 0.000000
    outer loop
      vertex 5.000000 28.305085 0.000000
      vertex 5.000000 28.305085 0.400000
      vertex 5.000000 28.813559 0.400000
    endloop
  endfacet
  facet normal -1.000000 0.000000 0.000000
    outer loop
      vertex 5.000000 28.305085 0.000000
      vertex 5.000000 28.813559 0.400000
      vertex 5.000000 28.813559 0.000000
    endloop
  endfacet
  facet normal 1.000000 0.000000 0.000000
    outer loop
      vertex 45.000000 28.305085 0.000000
      vertex 45.000000 28.813559 0.000000
      vertex 45.000000 28.813559 0.400000
    endloop
  endfacet
  facet normal 1.000000 0.000000 0.000000
    outer loop
      vertex 45.000000 28.305085 0.000000
      vertex 45.000000 28.813559 0.400000
      vertex 45.000000 28.305085 0.400000
    endloop
  endfacet
  facet normal 0.000000 0.000000 -1.000000
    outer loop
      vertex 5.000000 27.796610 0.000000
      vertex 45.000000 28.305085 0.000000
      vertex 45.000000 27.796610 0.000000
    endloop
  endfacet
  facet normal 0.000000 0.000000 -1.000000
    outer loop
      vertex 5.000000 27.796610 0.000000
      vertex 5.000000 28.305085 0.000000
      vertex 45.000000 28.305085 0.000000
    endloop
  endfacet
  facet normal 0.000000 0.000000 1.000000
    outer loop
      vertex 5.000000 27.796610 0.400000
      vertex 45.000000 27.796610 0.400000
      vertex 45.000000 28.305085 0.400000
    endloop
  endfacet
  facet normal 0.000000 0.000000 1.000000
    outer loop
      vertex 5.000000 27.796610 0.400000
      vertex 45.000000 28.305085 0.400000
      vertex 5.000000 28.305085 0.400000
    endloop
  endfacet
  facet normal 0.000000 -1.000000 0.000000
    outer loop
      vertex 5.000000 27.796610 0.000000
      vertex 45.000000 27.796610 0.000000
      vertex 45.000000 27.796610 0.400000
    endloop
  endfacet
  facet normal 0.000000 -1.000000 0.000000
    outer loop
      vertex 5.000000 27.796610 0.000000
      vertex 45.000000 27.796610 0.400000
      vertex 5.000000 27.796610 0.400000
    endloop
  endfacet
  facet normal 0.000000 1.000000 0.000000
    outer loop
      vertex 5.000000 28.305085 0.000000
      vertex 45.000000 28.305085 0.400000
      vertex 45.000000 28.305085 0.000000
    endloop
  endfacet
  facet normal 0.000000 1.000000 0.000000
    outer loop
      vertex 5.000000 28.305085 0.000000
      vertex 5.000000 28.305085 0.400000
      vertex 45.000000 28.305085 0.400000
    endloop
  endfacet
  facet normal -1.000000 0.000000 0.000000
    outer loop
      vertex 5.000000 27.796610 0.000000
      vertex 5.000000 27.796610 0.400000
      vertex 5.000000 28.305085 0.400000
    endloop
  endfacet
  facet normal -1.000000 0.000000 0.000000
    outer loop
      vertex 5.000000 27.796610 0.000000
      vertex 5.000000 28.305085 0.400000
      vertex 5.000000 28.305085 0.000000
    endloop
  endfacet
  facet normal 1.000000 0.000000 0.000000
    outer loop
      vertex 45.000000 27.796610 0.000000
      vertex 45.000000 28.305085 0.000000
      vertex 45.000000 28.305085 0.400000
    endloop
  endfacet
  facet normal 1.000000 0.000000 0.000000
    outer loop
      vertex 45.000000 27.796610 0.000000
      vertex 45.000000 28.305085 0.400000
      vertex 45.000000 27.796610 0.400000
    endloop
  endfacet
  facet normal 0.000000 0.000000 -1.000000
    outer loop
      vertex 5.000000 27.288136 0.000000
      vertex 45.000000 27.796610 0.000000
      vertex 45.000000 27.288136 0.000000
    endloop
  endfacet
  facet normal 0.000000 0.000000 -1.000000
    outer loop
      vertex 5.000000 27.288136 0.000000
      vertex 5.000000 27.796610 0.000000
      vertex 45.000000 27.796610 0.000000
    endloop
  endfacet
  facet normal 0.000000 0.000000 1.000000
    outer loop
      vertex 5.000000 27.288136 0.400000
      vertex 45.000000 27.288136 0.400000
      vertex 45.000000 27.796610 0.400000
    endloop
  endfacet
  facet normal 0.000000 0.000000 1.000000
    outer loop
      vertex 5.000000 27.288136 0.400000
      vertex 45.000000 27.796610 0.400000
      vertex 5.000000 27.796610 0.400000
    endloop
  endfacet
  facet normal 0.000000 -1.000000 0.000000
    outer loop
      vertex 5.000000 27.288136 0.000000
      vertex 45.000000 27.288136 0.000000
      vertex 45.000000 27.288136 0.400000
    endloop
  endfacet
  facet normal 0.000000 -1.000000 0.000000
    outer loop
      vertex 5.000000 27.288136 0.000000
      vertex 45.000000 27.288136 0.400000
      vertex 5.000000 27.288136 0.400000
    endloop
  endfacet
  facet normal 0.000000 1.000000 0.000000
    outer loop
      vertex 5.000000 27.796610 0.000000
      vertex 45.000000 27.796610 0.400000
      vertex 45.000000 27.796610 0.000000
    endloop
  endfacet
  facet normal 0.000000 1.000000 0.000000
    outer loop
      vertex 5.000000 27.796610 0.000000
      vertex 5.000000 27.796610 0.400000
      vertex 45.000000 27.796610 0.400000
    endloop
  endfacet
  facet normal -1.000000 0.000000 0.000000
    outer loop
      vertex 5.000000 27.288136 0.000000
      vertex 5.000000 27.288136 0.400000
      vertex 5.000000 27.796610 0.400000
    endloop
  endfacet
  facet normal -1.000000 0.000000 0.000000
    outer loop
      vertex 5.000000 27.288136 0.000000
      vertex 5.000000 27.796610 0.400000
      vertex 5.000000 27.796610 0.000000
    endloop
  endfacet
  facet normal 1.000000 0.000000 0.000000
    outer loop
      vertex 45.000000 27.288136 0.000000
      vertex 45.000000 27.796610 0.000000
      vertex 45.000000 27.796610 0.400000
    endloop
  endfacet
  facet normal 1.000000 0.000000 0.000000
    outer loop
      vertex 45.000000 27.288136 0.000000
      vertex 45.000000 27.796610 0.400000
      vertex 45.000000 27.288136 0.400000
    endloop
  endfacet
  facet normal 0.000000 0.000000 -1.000000
    outer loop
      vertex 5.000000 26.779661 0.000000
      vertex 45.000000 27.288136 0.000000
      vertex 45.000000 26.779661 0.000000
    endloop
  endfacet
  facet normal 0.000000 0.000000 -1.000000
    outer loop
      vertex 5.000000 26.779661 0.000000
      vertex 5.000000 27.288136 0.000000
      vertex 45.000000 27.288136 0.000000
    endloop
  endfacet
  facet normal 0.000000 0.000000 1.000000
    outer loop
      vertex 5.000000 26.779661 0.400000
      vertex 45.000000 26.779661 0.400000
      vertex 45.000000 27.288136 0.400000
    endloop
  endfacet
  facet normal 0.000000 0.000000 1.000000
    outer loop
      vertex 5.000000 26.779661 0.400000
      vertex 45.000000 27.288136 0.400000
      vertex 5.000000 27.288136 0.400000
    endloop
  endfacet
  facet normal 0.000000 -1.000000 0.000000
    outer loop
      vertex 5.000000 26.779661 0.000000
      vertex 45.000000 26.779661 0.000000
      vertex 45.000000 26.779661 0.400000
    endloop
  endfacet
  facet normal 0.000000 -1.000000 0.000000
    outer loop
      vertex 5.000000 26.779661 0.000000
      vertex 45.000000 26.779661 0.400000
      vertex 5.000000 26.779661 0.400000
    endloop
  endfacet
  facet normal 0.000000 1.000000 0.000000
    outer loop
      vertex 5.000000 27.288136 0.000000
      vertex 45.000000 27.288136 0.400000
      vertex 45.000000 27.288136 0.000000
    endloop
  endfacet
  facet normal 0.000000 1.000000 0.000000
    outer loop
      vertex 5.000000 27.288136 0.000000
      vertex 5.000000 27.288136 0.400000
      vertex 45.000000 27.288136 0.400000
    endloop
  endfacet
  facet normal -1.000000 0.000000 0.000000
    outer loop
      vertex 5.000000 26.779661 0.000000
      vertex 5.000000 26.779661 0.400000
      vertex 5.000000 27.288136 0.400000
    endloop
  endfacet
  facet normal -1.000000 0.000000 0.000000
    outer loop
      vertex 5.000000 26.779661 0.000000
      vertex 5.000000 27.288136 0.400000
      vertex 5.000000 27.288136 0.000000
    endloop
  endfacet
  facet normal 1.000000 0.000000 0.000000
    outer loop
      vertex 45.000000 26.779661 0.000000
      vertex 45.000000 27.288136 0.000000
      vertex 45.000000 27.288136 0.400000
    endloop
  endfacet
  facet normal 1.000000 0.000000 0.000000
    outer loop
      vertex 45.000000 26.779661 0.000000
      vertex 45.000000 27.288136 0.400000
      vertex 45.000000 26.779661 0.400000
    endloop
  endfacet
  facet normal 0.000000 0.000000 -1.000000
    outer loop
      vertex 5.000000 26.271186 0.000000
      vertex 45.000000 26.779661 0.000000
      vertex 45.000000 26.271186 0.000000
    endloop
  endfacet
  facet normal 0.000000 0.000000 -1.000000
    outer loop
      vertex 5.000000 26.271186 0.000000
      vertex 5.000000 26.779661 0.000000
      vertex 45.000000 26.779661 0.000000
    endloop
  endfacet
  facet normal 0.000000 0.000000 1.000000
    outer loop
      vertex 5.000000 26.271186 0.400000
      vertex 45.000000 26.271186 0.400000
      vertex 45.000000 26.779661 0.400000
    endloop
  endfacet
  facet normal 0.000000 0.000000 1.000000
    outer loop
      vertex 5.000000 26.271186 0.400000
      vertex 45.000000 26.779661 0.400000
      vertex 5.000000 26.779661 0.400000
    endloop
  endfacet
  facet normal 0.000000 -1.000000 0.000000
    outer loop
      vertex 5.000000 26.271186 0.000000
      vertex 45.000000 26.271186 0.000000
      vertex 45.000000 26.271186 0.400000
    endloop
  endfacet
  facet normal 0.000000 -1.000000 0.000000
    outer loop
      vertex 5.000000 26.271186 0.000000
      vertex 45.000000 26.271186 0.400000
      vertex 5.000000 26.271186 0.400000
    endloop
  endfacet
  facet normal 0.000000 1.000000 0.000000
    outer loop
      vertex 5.000000 26.779661 0.000000
      vertex 45.000000 26.779661 0.400000
      vertex 45.000000 26.779661 0.000000
    endloop
  endfacet
  facet normal 0.000000 1.000000 0.000000
    outer loop
      vertex 5.000000 26.779661 0.000000
      vertex 5.000000 26.779661 0.400000
      vertex 45.000000 26.779661 0.400000
    endloop
  endfacet
  facet normal -1.000000 0.000000 0.000000
    outer loop
      vertex 5.000000 26.271186 0.000000
      vertex 5.000000 26.271186 0.400000
      vertex 5.000000 26.779661 0.400000
    endloop
  endfacet
  facet normal -1.000000 0.000000 0.000000
    outer loop
      vertex 5.000000 26.271186 0.000000
      vertex 5.000000 26.779661 0.400000
      vertex 5.000000 26.779661 0.000000
    endloop
  endfacet
  facet normal 1.000000 0.000000 0.000000
    outer loop
      vertex 45.000000 26.271186 0.000000
      vertex 45.000000 26.779661 0.000000
      vertex 45.000000 26.779661 0.400000
    endloop
  endfacet
  facet normal 1.000000 0.000000 0.000000
    outer loop
      vertex 45.000000 26.271186 0.000000
      vertex 45.000000 26.779661 0.400000
      vertex 45.000000 26.271186 0.400000
    endloop
  endfacet
  facet normal 0.000000 0.000000 -1.000000
    outer loop
      vertex 5.000000 25.762712 0.000000
      vertex 45.000000 26.271186 0.000000
      vertex 45.000000 25.762712 0.000000
    endloop
  endfacet
  facet normal 0.000000 0.000000 -1.000000
    outer loop
      vertex 5.000000 25.762712 0.000000
      vertex 5.000000 26.271186 0.000000
      vertex 45.000000 26.271186 0.000000
    endloop
  endfacet
  facet normal 0.000000 0.000000 1.000000
    outer loop
      vertex 5.000000 25.762712 0.400000
      vertex 45.000000 25.762712 0.400000
      vertex 45.000000 26.271186 0.400000
    endloop
  endfacet
  facet normal 0.000000 0.000000 1.000000
    outer loop
      vertex 5.000000 25.762712 0.400000
      vertex 45.000000 26.271186 0.400000
      vertex 5.000000 26.271186 0.400000
    endloop
  endfacet
  facet normal 0.000000 -1.000000 0.000000
    outer loop
      vertex 5.000000 25.762712 0.000000
      vertex 45.000000 25.762712 0.000000
      vertex 45.000000 25.762712 0.400000
    endloop
  endfacet
  facet normal 0.000000 -1.000000 0.000000
    outer loop
      vertex 5.000000 25.762712 0.000000
      vertex 45.000000 25.762712 0.400000
      vertex 5.000000 25.762712 0.400000
    endloop
  endfacet
  facet normal 0.000000 1.000000 0.000000
    outer loop
      vertex 5.000000 26.271186 0.000000
      vertex 45.000000 26.271186 0.400000
      vertex 45.000000 26.271186 0.000000
    endloop
  endfacet
  facet normal 0.000000 1.000000 0.000000
    outer loop
      vertex 5.000000 26.271186 0.000000
      vertex 5.000000 26.271186 0.400000
      vertex 45.000000 26.271186 0.400000
    endloop
  endfacet
  facet normal -1.000000 0.000000 0.000000
    outer loop
      vertex 5.000000 25.762712 0.000000
      vertex 5.000000 25.762712 0.400000
      vertex 5.000000 26.271186 0.400000
    endloop
  endfacet
  facet normal -1.000000 0.000000 0.000000
    outer loop
      vertex 5.000000 25.762712 0.000000
      vertex 5.000000 26.271186 0.400000
      vertex 5.000000 26.271186 0.000000
    endloop
  endfacet
  facet normal 1.000000 0.000000 0.000000
    outer loop
      vertex 45.000000 25.762712 0.000000
      vertex 45.000000 26.271186 0.000000
      vertex 45.000000 26.271186 0.400000
    endloop
  endfacet
  facet normal 1.000000 0.000000 0.000000
    outer loop
      vertex 45.000000 25.762712 0.000000
      vertex 45.000000 26.271186 0.400000
      vertex 45.000000 25.762712 0.400000
    endloop
  endfacet
  facet normal 0.000000 0.000000 -1.000000
    outer loop
      vertex 5.000000 25.254237 0.000000
      vertex 45.000000 25.762712 0.000000
      vertex 45.000000 25.254237 0.000000
    endloop
  endfacet
  facet normal 0.000000 0.000000 -1.000000
    outer loop
      vertex 5.000000 25.254237 0.000000
      vertex 5.000000 25.762712 0.000000
      vertex 45.000000 25.762712 0.000000
    endloop
  endfacet
  facet normal 0.000000 0.000000 1.000000
    outer loop
      vertex 5.000000 25.254237 0.400000
      vertex 45.000000 25.254237 0.400000
      vertex 45.000000 25.762712 0.400000
    endloop
  endfacet
  facet normal 0.000000 0.000000 1.000000
    outer loop
      vertex 5.000000 25.254237 0.400000
      vertex 45.000000 25.762712 0.400000
      vertex 5.000000 25.762712 0.400000
    endloop
  endfacet
  facet normal 0.000000 -1.000000 0.000000
    outer loop
      vertex 5.000000 25.254237 0.000000
      vertex 45.000000 25.254237 0.000000
      vertex 45.000000 25.254237 0.400000
    endloop
  endfacet
  facet normal 0.000000 -1.000000 0.000000
    outer loop
      vertex 5.000000 25.254237 0.000000
      vertex 45.000000 25.254237 0.400000
      vertex 5.000000 25.254237 0.400000
    endloop
  endfacet
  facet normal 0.000000 1.000000 0.000000
    outer loop
      vertex 5.000000 25.762712 0.000000
      vertex 45.000000 25.762712 0.400000
      vertex 45.000000 25.762712 0.000000
    endloop
  endfacet
  facet normal 0.000000 1.000000 0.000000
    outer loop
      vertex 5.000000 25.762712 0.000000
      vertex 5.000000 25.762712 0.400000
      vertex 45.000000 25.762712 0.400000
    endloop
  endfacet
  facet normal -1.000000 0.000000 0.000000
    outer loop
      vertex 5.000000 25.254237 0.000000
      vertex 5.000000 25.254237 0.400000
      vertex 5.000000 25.762712 0.400000
    endloop
  endfacet
  facet normal -1.000000 0.000000 0.000000
    outer loop
      vertex 5.000000 25.254237 0.000000
      vertex 5.000000 25.762712 0.400000
      vertex 5.000000 25.762712 0.000000
    endloop
  endfacet
  facet normal 1.000000 0.000000 0.000000
    outer loop
      vertex 45.000000 25.254237 0.000000
      vertex 45.000000 25.762712 0.000000
      vertex 45.000000 25.762712 0.400000
    endloop
  endfacet
  facet normal 1.000000 0.000000 0.000000
    outer loop
      vertex 45.000000 25.254237 0.000000
      vertex 45.000000 25.762712 0.400000
      vertex 45.000000 25.254237 0.400000
    endloop
  endfacet
  facet normal 0.000000 0.000000 -1.000000
    outer loop
      vertex 5.000000 24.745763 0.000000
      vertex 45.000000 25.254237 0.000000
      vertex 45.000000 24.745763 0.000000
    endloop
  endfacet
  facet normal 0.000000 0.000000 -1.000000
    outer loop
      vertex 5.000000 24.745763 0.000000
      vertex 5.000000 25.254237 0.000000
      vertex 45.000000 25.254237 0.000000
    endloop
  endfacet
  facet normal 0.000000 0.000000 1.000000
    outer loop
      vertex 5.000000 24.745763 0.400000
      vertex 45.000000 24.745763 0.400000
      vertex 45.000000 25.254237 0.400000
    endloop
  endfacet
  facet normal 0.000000 0.000000 1.000000
    outer loop
      vertex 5.000000 24.745763 0.400000
      vertex 45.000000 25.254237 0.400000
      vertex 5.000000 25.254237 0.400000
    endloop
  endfacet
  facet normal 0.000000 -1.000000 0.000000
    outer loop
      vertex 5.000000 24.745763 0.000000
      vertex 45.000000 24.745763 0.000000
      vertex 45.000000 24.745763 0.400000
    endloop
  endfacet
  facet normal 0.000000 -1.000000 0.000000
    outer loop
      vertex 5.000000 24.745763 0.000000
      vertex 45.000000 24.745763 0.400000
      vertex 5.000000 24.745763 0.400000
    endloop
  endfacet
  facet normal 0.000000 1.000000 0.000000
    outer loop
      vertex 5.000000 25.254237 0.000000
      vertex 45.000000 25.254237 0.400000
      vertex 45.000000 25.254237 0.000000
    endloop
  endfacet
  facet normal 0.000000 1.000000 0.000000
    outer loop
      vertex 5.000000 25.254237 0.000000
      vertex 5.000000 25.254237 0.400000
      vertex 45.000000 25.254237 0.400000
    endloop
  endfacet
  facet normal -1.000000 0.000000 0.000000
    outer loop
      vertex 5.000000 24.745763 0.000000
      vertex 5.000000 24.745763 0.400000
      vertex 5.000000 25.254237 0.400000
    endloop
  endfacet
  facet normal -1.000000 0.000000 0.000000
    outer loop
      vertex 5.000000 24.745763 0.000000
      vertex 5.000000 25.254237 0.400000
      vertex 5.000000 25.254237 0.000000
    endloop
  endfacet
  facet normal 1.000000 0.000000 0.000000
    outer loop
      vertex 45.000000 24.745763 0.000000
      vertex 45.000000 25.254237 0.000000
      vertex 45.000000 25.254237 0.400000
    endloop
  endfacet
  facet normal 1.000000 0.000000 0.000000
    outer loop
      vertex 45.000000 24.745763 0.000000
      vertex 45.000000 25.254237 0.400000
      vertex 45.000000 24.745763 0.400000
    endloop
  endfacet
  facet normal 0.000000 0.000000 -1.000000
    outer loop
      vertex 5.000000 24.237288 0.000000
      vertex 45.000000 24.745763 0.000000
      vertex 45.000000 24.237288 0.000000
    endloop
  endfacet
  facet normal 0.000000 0.000000 -1.000000
    outer loop
      vertex 5.000000 24.237288 0.000000
      vertex 5.000000 24.745763 0.000000
      vertex 45.000000 24.745763 0.000000
    endloop
  endfacet
  facet normal 0.000000 0.000000 1.000000
    outer loop
      vertex 5.000000 24.237288 0.400000
      vertex 45.000000 24.237288 0.400000
      vertex 45.000000 24.745763 0.400000
    endloop
  endfacet
  facet normal 0.000000 0.000000 1.000000
    outer loop
      vertex 5.000000 24.237288 0.400000
      vertex 45.000000 24.745763 0.400000
      vertex 5.000000 24.745763 0.400000
    endloop
  endfacet
  facet normal 0.000000 -1.000000 0.000000
    outer loop
      vertex 5.000000 24.237288 0.000000
      vertex 45.000000 24.237288 0.000000
      vertex 45.000000 24.237288 0.400000
    endloop
  endfacet
  facet normal 0.000000 -1.000000 0.000000
    outer loop
      vertex 5.000000 24.237288 0.000000
      vertex 45.000000 24.237288 0.400000
      vertex 5.000000 24.237288 0.400000
    endloop
  endfacet
  facet normal 0.000000 1.000000 0.000000
    outer loop
      vertex 5.000000 24.745763 0.000000
      vertex 45.000000 24.745763 0.400000
      vertex 45.000000 24.745763 0.000000
    endloop
  endfacet
  facet normal 0.000000 1.000000 0.000000
    outer loop
      vertex 5.000000 24.745763 0.000000
      vertex 5.000000 24.745763 0.400000
      vertex 45.000000 24.745763 0.400000
    endloop
  endfacet
  facet normal -1.000000 0.000000 0.000000
    outer loop
      vertex 5.000000 24.237288 0.000000
      vertex 5.000000 24.237288 0.400000
      vertex 5.000000 24.745763 0.400000
    endloop
  endfacet
  facet normal -1.000000 0.000000 0.000000
    outer loop
      vertex 5.000000 24.237288 0.000000
      vertex 5.000000 24.745763 0.400000
      vertex 5.000000 24.745763 0.000000
    endloop
  endfacet
  facet normal 1.000000 0.000000 0.000000
    outer loop
      vertex 45.000000 24.237288 0.000000
      vertex 45.000000 24.745763 0.000000
      vertex 45.000000 24.745763 0.400000
    endloop
  endfacet
  facet normal 1.000000 0.000000 0.000000
    outer loop
      vertex 45.000000 24.237288 0.000000
      vertex 45.000000 24.745763 0.400000
      vertex 45.000000 24.237288 0.400000
    endloop
  endfacet
  facet normal 0.000000 0.000000 -1.000000
    outer loop
      vertex 5.000000 23.728814 0.000000
      vertex 45.000000 24.237288 0.000000
      vertex 45.000000 23.728814 0.000000
    endloop
  endfacet
  facet normal 0.000000 0.000000 -1.000000
    outer loop
      vertex 5.000000 23.728814 0.000000
      vertex 5.000000 24.237288 0.000000
      vertex 45.000000 24.237288 0.000000
    endloop
  endfacet
  facet normal 0.000000 0.000000 1.000000
    outer loop
      vertex 5.000000 23.728814 0.400000
      vertex 45.000000 23.728814 0.400000
      vertex 45.000000 24.237288 0.400000
    endloop
  endfacet
  facet normal 0.000000 0.000000 1.000000
    outer loop
      vertex 5.000000 23.728814 0.400000
      vertex 45.000000 24.237288 0.400000
      vertex 5.000000 24.237288 0.400000
    endloop
  endfacet
  facet normal 0.000000 -1.000000 0.000000
    outer loop
      vertex 5.000000 23.728814 0.000000
      vertex 45.000000 23.728814 0.000000
      vertex 45.000000 23.728814 0.400000
    endloop
  endfacet
  facet normal 0.000000 -1.000000 0.000000
    outer loop
      vertex 5.000000 23.728814 0.000000
      vertex 45.000000 23.728814 0.400000
      vertex 5.000000 23.728814 0.400000
    endloop
  endfacet
  facet normal 0.000000 1.000000 0.000000
    outer loop
      vertex 5.000000 24.237288 0.000000
      vertex 45.000000 24.237288 0.400000
      vertex 45.000000 24.237288 0.000000
    endloop
  endfacet
  facet normal 0.000000 1.000000 0.000000
    outer loop
      vertex 5.000000 24.237288 0.000000
      vertex 5.000000 24.237288 0.400000
      vertex 45.000000 24.237288 0.400000
    endloop
  endfacet
  facet normal -1.000000 0.000000 0.000000
    outer loop
      vertex 5.000000 23.728814 0.000000
      vertex 5.000000 23.728814 0.400000
      vertex 5.000000 24.237288 0.400000
    endloop
  endfacet
  facet normal -1.000000 0.000000 0.000000
    outer loop
      vertex 5.000000 23.728814 0.000000
      vertex 5.000000 24.237288 0.400000
      vertex 5.000000 24.237288 0.000000
    endloop
  endfacet
  facet normal 1.000000 0.000000 0.000000
    outer loop
      vertex 45.000000 23.728814 0.000000
      vertex 45.000000 24.237288 0.000000
      vertex 45.000000 24.237288 0.400000
    endloop
  endfacet
  facet normal 1.000000 0.000000 0.000000
    outer loop
      vertex 45.000000 23.728814 0.000000
      vertex 45.000000 24.237288 0.400000
      vertex 45.000000 23.728814 0.400000
    endloop
  endfacet
  facet normal 0.000000 0.000000 -1.000000
    outer loop
      vertex 5.000000 23.220339 0.000000
      vertex 45.000000 23.728814 0.000000
      vertex 45.000000 23.220339 0.000000
    endloop
  endfacet
  facet normal 0.000000 0.000000 -1.000000
    outer loop
      vertex 5.000000 23.220339 0.000000
      vertex 5.000000 23.728814 0.000000
      vertex 45.000000 23.728814 0.000000
    endloop
  endfacet
  facet normal 0.000000 0.000000 1.000000
    outer loop
      vertex 5.000000 23.220339 0.400000
      vertex 45.000000 23.220339 0.400000
      vertex 45.000000 23.728814 0.400000
    endloop
  endfacet
  facet normal 0.000000 0.000000 1.000000
    outer loop
      vertex 5.000000 23.220339 0.400000
      vertex 45.000000 23.728814 0.400000
      vertex 5.000000 23.728814 0.400000
    endloop
  endfacet
  facet normal 0.000000 -1.000000 0.000000
    outer loop
      vertex 5.000000 23.220339 0.000000
      vertex 45.000000 23.220339 0.000000
      vertex 45.000000 23.220339 0.400000
    endloop
  endfacet
  facet normal 0.000000 -1.000000 0.000000
    outer loop
      vertex 5.000000 23.220339 0.000000
      vertex 45.000000 23.220339 0.400000
      vertex 5.000000 23.220339 0.400000
    endloop
  endfacet
  facet normal 0.000000 1.000000 0.000000
    outer loop
      vertex 5.000000 23.728814 0.000000
      vertex 45.000000 23.728814 0.400000
      vertex 45.000000 23.728814 0.000000
    endloop
  endfacet
  facet normal 0.000000 1.000000 0.000000
    outer loop
      vertex 5.000000 23.728814 0.000000
      vertex 5.000000 23.728814 0.400000
      vertex 45.000000 23.728814 0.400000
    endloop
  endfacet
  facet normal -1.000000 0.000000 0.000000
    outer loop
      vertex 5.000000 23.220339 0.000000
      vertex 5.000000 23.220339 0.400000
      vertex 5.000000 23.728814 0.400000
    endloop
  endfacet
  facet normal -1.000000 0.000000 0.000000
    outer loop
      vertex 5.000000 23.220339 0.000000
      vertex 5.000000 23.728814 0.400000
      vertex 5.000000 23.728814 0.000000
    endloop
  endfacet
  facet normal 1.000000 0.000000 0.000000
    outer loop
      vertex 45.000000 23.220339 0.000000
      vertex 45.000000 23.728814 0.000000
      vertex 45.000000 23.728814 0.400000
    endloop
  endfacet
  facet normal 1.000000 0.000000 0.000000
    outer loop
      vertex 45.000000 23.220339 0.000000
      vertex 45.000000 23.728814 0.400000
      vertex 45.000000 23.220339 0.400000
    endloop
  endfacet
  facet normal 0.000000 0.000000 -1.000000
    outer loop
      vertex 5.000000 22.711864 0.000000
      vertex 23.734177 23.220339 0.000000
      vertex 23.734177 22.711864 0.000000
    endloop
  endfacet
  facet normal 0.000000 0.000000 -1.000000
    outer loop
      vertex 5.000000 22.711864 0.000000
      vertex 5.000000 23.220339 0.000000
      vertex 23.734177 23.220339 0.000000
    endloop
  endfacet
  facet normal 0.000000 0.000000 1.000000
    outer loop
      vertex 5.000000 22.711864 0.400000
      vertex 23.734177 22.711864 0.400000
      vertex 23.734177 23.220339 0.400000
    endloop
  endfacet
  facet normal 0.000000 0.000000 1.000000
    outer loop
      vertex 5.000000 22.711864 0.400000
      vertex 23.734177 23.220339 0.400000
      vertex 5.000000 23.220339 0.400000
    endloop
  endfacet
  facet normal 0.000000 -1.000000 0.000000
    outer loop
      vertex 5.000000 22.711864 0.000000
      vertex 23.734177 22.711864 0.000000
      vertex 23.734177 22.711864 0.400000
    endloop
  endfacet
  facet normal 0.000000 -1.000000 0.000000
    outer loop
      vertex 5.000000 22.711864 0.000000
      vertex 23.734177 22.711864 0.400000
      vertex 5.000000 22.711864 0.400000
    endloop
  endfacet
  facet normal 0.000000 1.000000 0.000000
    outer loop
      vertex 5.000000 23.220339 0.000000
      vertex 23.734177 23.220339 0.400000
      vertex 23.734177 23.220339 0.000000
    endloop
  endfacet
  facet normal 0.000000 1.000000 0.000000
    outer loop
      vertex 5.000000 23.220339 0.000000
      vertex 5.000000 23.220339 0.400000
      vertex 23.734177 23.220339 0.400000
    endloop
  endfacet
  facet normal -1.000000 0.000000 0.000000
    outer loop
      vertex 5.000000 22.711864 0.000000
      vertex 5.000000 22.711864 0.400000
      vertex 5.000000 23.220339 0.400000
    endloop
  endfacet
  facet normal -1.000000 0.000000 0.000000
    outer loop
      vertex 5.000000 22.711864 0.000000
      vertex 5.000000 23.220339 0.400000
      vertex 5.000000 23.220339 0.000000
    endloop
  endfacet
  facet normal 1.000000 0.000000 0.000000
    outer loop
      vertex 23.734177 22.711864 0.000000
      vertex 23.734177 23.220339 0.000000
      vertex 23.734177 23.220339 0.400000
    endloop
  endfacet
  facet normal 1.000000 0.000000 0.000000
    outer loop
      vertex 23.734177 22.711864 0.000000
      vertex 23.734177 23.220339 0.400000
      vertex 23.734177 22.711864 0.400000
    endloop
  endfacet
  facet normal 0.000000 0.000000 -1.000000
    outer loop
      vertex 26.772152 22.711864 0.000000
      vertex 32.341772 23.220339 0.000000
      vertex 32.341772 22.711864 0.000000
    endloop
  endfacet
  facet normal 0.000000 0.000000 -1.000000
    outer loop
      vertex 26.772152 22.711864 0.000000
      vertex 26.772152 23.220339 0.000000
      vertex 32.341772 23.220339 0.000000
    endloop
  endfacet
  facet normal 0.000000 0.000000 1.000000
    outer loop
      vertex 26.772152 22.711864 0.400000
      vertex 32.341772 22.711864 0.400000
      vertex 32.341772 23.220339 0.400000
    endloop
  endfacet
  facet normal 0.000000 0.000000 1.000000
    outer loop
      vertex 26.772152 22.711864 0.400000
      vertex 32.341772 23.220339 0.400000
      vertex 26.772152 23.220339 0.400000
    endloop
  endfacet
  facet normal 0.000000 -1.000000 0.000000
    outer loop
      vertex 26.772152 22.711864 0.000000
      vertex 32.341772 22.711864 0.000000
      vertex 32.341772 22.711864 0.400000
    endloop
  endfacet
  facet normal 0.000000 -1.000000 0.000000
    outer loop
      vertex 26.772152 22.711864 0.000000
      vertex 32.341772 22.711864 0.400000
      vertex 26.772152 22.711864 0.400000
    endloop
  endfacet
  facet normal 0.000000 1.000000 0.000000
    outer loop
      vertex 26.772152 23.220339 0.000000
      vertex 32.341772 23.220339 0.400000
      vertex 32.341772 23.220339 0.000000
    endloop
  endfacet
  facet normal 0.000000 1.000000 0.000000
    outer loop
      vertex 26.772152 23.220339 0.000000
      vertex 26.772152 23.220339 0.400000
      vertex 32.341772 23.220339 0.400000
    endloop
  endfacet
  facet normal -1.000000 0.000000 0.000000
    outer loop
      vertex 26.772152 22.711864 0.000000
      vertex 26.772152 22.711864 0.400000
      vertex 26.772152 23.220339 0.400000
    endloop
  endfacet
  facet normal -1.000000 0.000000 0.000000
    outer loop
      vertex 26.772152 22.711864 0.000000
      vertex 26.772152 23.220339 0.400000
      vertex 26.772152 23.220339 0.000000
    endloop
  endfacet
  facet normal 1.000000 0.000000 0.000000
    outer loop
      vertex 32.341772 22.711864 0.000000
      vertex 32.341772 23.220339 0.000000
      vertex 32.341772 23.220339 0.400000
    endloop
  endfacet
  facet normal 1.000000 0.000000 0.000000
    outer loop
      vertex 32.341772 22.711864 0.000000
      vertex 32.341772 23.220339 0.400000
      vertex 32.341772 22.711864 0.400000
    endloop
  endfacet
  facet normal 0.000000 0.000000 -1.000000
    outer loop
      vertex 35.379747 22.711864 0.000000
      vertex 45.000000 23.220339 0.000000
      vertex 45.000000 22.711864 0.000000
    endloop
  endfacet
  facet normal 0.000000 0.000000 -1.000000
    outer loop
      vertex 35.379747 22.711864 0.000000
      vertex 35.379747 23.220339 0.000000
      vertex 45.000000 23.220339 0.000000
    endloop
  endfacet
  facet normal 0.000000 0.000000 1.000000
    outer loop
      vertex 35.379747 22.711864 0.400000
      vertex 45.000000 22.711864 0.400000
      vertex 45.000000 23.220339 0.400000
    endloop
  endfacet
  facet normal 0.000000 0.000000 1.000000
    outer loop
      vertex 35.379747 22.711864 0.400000
      vertex 45.000000 23.220339 0.400000
      vertex 35.379747 23.220339 0.400000
    endloop
  endfacet
  facet normal 0.000000 -1.000000 0.000000
    outer loop
      vertex 35.379747 22.711864 0.000000
      vertex 45.000000 22.711864 0.000000
      vertex 45.000000 22.711864 0.400000
    endloop
  endfacet
  facet normal 0.000000 -1.000000 0.000000
    outer loop
      vertex 35.379747 22.711864 0.000000
      vertex 45.000000 22.711864 0.400000
      vertex 35.379747 22.711864 0.400000
    endloop
  endfacet
  facet normal 0.000000 1.000000 0.000000
    outer loop
      vertex 35.379747 23.220339 0.000000
      vertex 45.000000 23.220339 0.400000
      vertex 45.000000 23.220339 0.000000
    endloop
  endfacet
  facet normal 0.000000 1.000000 0.000000
    outer loop
      vertex 35.379747 23.220339 0.000000
      vertex 35.379747 23.220339 0.400000
      vertex 45.000000 23.220339 0.400000
    endloop
  endfacet
  facet normal -1.000000 0.000000 0.000000
    outer loop
      vertex 35.379747 22.711864 0.000000
      vertex 35.379747 22.711864 0.400000
      vertex 35.379747 23.220339 0.400000
    endloop
  endfacet
  facet normal -1.000000 0.000000 0.000000
    outer loop
      vertex 35.379747 22.711864 0.000000
      vertex 35.379747 23.220339 0.400000
      vertex 35.379747 23.220339 0.000000
    endloop
  endfacet
  facet normal 1.000000 0.000000 0.000000
    outer loop
      vertex 45.000000 22.711864 0.000000
      vertex 45.000000 23.220339 0.000000
      vertex 45.000000 23.220339 0.400000
    endloop
  endfacet
  facet normal 1.000000 0.000000 0.000000
    outer loop
      vertex 45.000000 22.711864 0.000000
      vertex 45.000000 23.220339 0.400000
      vertex 45.000000 22.711864 0.400000
    endloop
  endfacet
  facet normal 0.000000 0.000000 -1.000000
    outer loop
      vertex 5.000000 22.203390 0.000000
      vertex 22.721519 22.711864 0.000000
      vertex 22.721519 22.203390 0.000000
    endloop
  endfacet
  facet normal 0.000000 0.000000 -1.000000
    outer loop
      vertex 5.000000 22.203390 0.000000
      vertex 5.000000 22.711864 0.000000
      vertex 22.721519 22.711864 0.000000
    endloop
  endfacet
  facet normal 0.000000 0.000000 1.000000
    outer loop
      vertex 5.000000 22.203390 0.400000
      vertex 22.721519 22.203390 0.400000
      vertex 22.721519 22.711864 0.400000
    endloop
  endfacet
  facet normal 0.000000 0.000000 1.000000
    outer loop
      vertex 5.000000 22.203390 0.400000
      vertex 22.721519 22.711864 0.400000
      vertex 5.000000 22.711864 0.400000
    endloop
  endfacet
  facet normal 0.000000 -1.000000 0.000000
    outer loop
      vertex 5.000000 22.203390 0.000000
      vertex 22.721519 22.203390 0.000000
      vertex 22.721519 22.203390 0.400000
    endloop
  endfacet
  facet normal 0.000000 -1.000000 0.000000
    outer loop
      vertex 5.000000 22.203390 0.000000
      vertex 22.721519 22.203390 0.400000
      vertex 5.000000 22.203390 0.400000
    endloop
  endfacet
  facet normal 0.000000 1.000000 0.000000
    outer loop
      vertex 5.000000 22.711864 0.000000
      vertex 22.721519 22.711864 0.400000
      vertex 22.721519 22.711864 0.000000
    endloop
  endfacet
  facet normal 0.000000 1.000000 0.000000
    outer loop
      vertex 5.000000 22.711864 0.000000
      vertex 5.000000 22.711864 0.400000
      vertex 22.721519 22.711864 0.400000
    endloop
  endfacet
  facet normal -1.000000 0.000000 0.000000
    outer loop
      vertex 5.000000 22.203390 0.000000
      vertex 5.000000 22.203390 0.400000
      vertex 5.000000 22.711864 0.400000
    endloop
  endfacet
  facet normal -1.000000 0.000000 0.000000
    outer loop
      vertex 5.000000 22.203390 0.000000
      vertex 5.000000 22.711864 0.400000
      vertex 5.000000 22.711864 0.000000
    endloop
  endfacet
  facet normal 1.000000 0.000000 0.000000
    outer loop
      vertex 22.721519 22.203390 0.000000
      vertex 22.721519 22.711864 0.000000
      vertex 22.721519 22.711864 0.400000
    endloop
  endfacet
  facet normal 1.000000 0.000000 0.000000
    outer loop
      vertex 22.721519 22.203390 0.000000
      vertex 22.721519 22.711864 0.400000
      vertex 22.721519 22.203390 0.400000
    endloop
  endfacet
  facet normal 0.000000 0.000000 -1.000000
    outer loop
      vertex 27.278481 22.203390 0.000000
      vertex 31.329114 22.711864 0.000000
      vertex 31.329114 22.203390 0.000000
    endloop
  endfacet
  facet normal 0.000000 0.000000 -1.000000
    outer loop
      vertex 27.278481 22.203390 0.000000
      vertex 27.278481 22.711864 0.000000
      vertex 31.329114 22.711864 0.000000
    endloop
  endfacet
  facet normal 0.000000 0.000000 1.000000
    outer loop
      vertex 27.278481 22.203390 0.400000
      vertex 31.329114 22.203390 0.400000
      vertex 31.329114 22.711864 0.400000
    endloop
  endfacet
  facet normal 0.000000 0.000000 1.000000
    outer loop
      vertex 27.278481 22.203390 0.400000
      vertex 31.329114 22.711864 0.400000
      vertex 27.278481 22.711864 0.400000
    endloop
  endfacet
  facet normal 0.000000 -1.000000 0.000000
    outer loop
      vertex 27.278481 22.203390 0.000000
      vertex 31.329114 22.203390 0.000000
      vertex 31.329114 22.203390 0.400000
    endloop
  endfacet
  facet normal 0.000000 -1.000000 0.000000
    outer loop
      vertex 27.278481 22.203390 0.000000
      vertex 31.329114 22.203390 0.400000
      vertex 27.278481 22.203390 0.400000
    endloop
  endfacet
  facet normal 0.000000 1.000000 0.000000
    outer loop
      vertex 27.278481 22.711864 0.000000
      vertex 31.329114 22.711864 0.400000
      vertex 31.329114 22.711864 0.000000
    endloop
  endfacet
  facet normal 0.000000 1.000000 0.000000
    outer loop
      vertex 27.278481 22.711864 0.000000
      vertex 27.278481 22.711864 0.400000
      vertex 31.329114 22.711864 0.400000
    endloop
  endfacet
  facet normal -1.000000 0.000000 0.000000
    outer loop
      vertex 27.278481 22.203390 0.000000
      vertex 27.278481 22.203390 0.400000
      vertex 27.278481 22.711864 0.400000
    endloop
  endfacet
  facet normal -1.000000 0.000000 0.000000
    outer loop
      vertex 27.278481 22.203390 0.000000
      vertex 27.278481 22.711864 0.400000
      vertex 27.278481 22.711864 0.000000
    endloop
  endfacet
  facet normal 1.000000 0.000000 0.000000
    outer loop
      vertex 31.329114 22.203390 0.000000
      vertex 31.329114 22.711864 0.000000
      vertex 31.329114 22.711864 0.400000
    endloop
  endfacet
  facet normal 1.000000 0.000000 0.000000
    outer loop
      vertex 31.329114 22.203390 0.000000
      vertex 31.329114 22.711864 0.400000
      vertex 31.329114 22.203390 0.400000
    endloop
  endfacet
  facet normal 0.000000 0.000000 -1.000000
    outer loop
      vertex 36.392405 22.203390 0.000000
      vertex 45.000000 22.711864 0.000000
      vertex 45.000000 22.203390 0.000000
    endloop
  endfacet
  facet normal 0.000000 0.000000 -1.000000
    outer loop
      vertex 36.392405 22.203390 0.000000
      vertex 36.392405 22.711864 0.000000
      vertex 45.000000 22.711864 0.000000
    endloop
  endfacet
  facet normal 0.000000 0.000000 1.000000
    outer loop
      vertex 36.392405 22.203390 0.400000
      vertex 45.000000 22.203390 0.400000
      vertex 45.000000 22.711864 0.400000
    endloop
  endfacet
  facet normal 0.000000 0.000000 1.000000
    outer loop
      vertex 36.392405 22.203390 0.400000
      vertex 45.000000 22.711864 0.400000
      vertex 36.392405 22.711864 0.400000
    endloop
  endfacet
  facet normal 0.000000 -1.000000 0.000000
    outer loop
      vertex 36.392405 22.203390 0.000000
      vertex 45.000000 22.203390 0.000000
      vertex 45.000000 22.203390 0.400000
    endloop
  endfacet
  facet normal 0.000000 -1.000000 0.000000
    outer loop
      vertex 36.392405 22.203390 0.000000
      vertex 45.000000 22.203390 0.400000
      vertex 36.392405 22.203390 0.400000
    endloop
  endfacet
  facet normal 0.000000 1.000000 0.000000
    outer loop
      vertex 36.392405 22.711864 0.000000
      vertex 45.000000 22.711864 0.400000
      vertex 45.000000 22.711864 0.000000
    endloop
  endfacet
  facet normal 0.000000 1.000000 0.000000
    outer loop
      vertex 36.392405 22.711864 0.000000
      vertex 36.392405 22.711864 0.400000
      vertex 45.000000 22.711864 0.400000
    endloop
  endfacet
  facet normal -1.000000 0.000000 0.000000
    outer loop
      vertex 36.392405 22.203390 0.000000
      vertex 36.392405 22.203390 0.400000
      vertex 36.392405 22.711864 0.400000
    endloop
  endfacet
  facet normal -1.000000 0.000000 0.000000
    outer loop
      vertex 36.392405 22.203390 0.000000
      vertex 36.392405 22.711864 0.400000
      vertex 36.392405 22.711864 0.000000
    endloop
  endfacet
  facet normal 1.000000 0.000000 0.000000
    outer loop
      vertex 45.000000 22.203390 0.000000
      vertex 45.000000 22.711864 0.000000
      vertex 45.000000 22.711864 0.400000
    endloop
  endfacet
  facet normal 1.000000 0.000000 0.000000
    outer loop
      vertex 45.000000 22.203390 0.000000
      vertex 45.000000 22.711864 0.400000
      vertex 45.000000 22.203390 0.400000
    endloop
  endfacet
  facet normal 0.000000 0.000000 -1.000000
    outer loop
      vertex 5.000000 21.694915 0.000000
      vertex 22.215190 22.203390 0.000000
      vertex 22.215190 21.694915 0.000000
    endloop
  endfacet
  facet normal 0.000000 0.000000 -1.000000
    outer loop
      vertex 5.000000 21.694915 0.000000
      vertex 5.000000 22.203390 0.000000
      vertex 22.215190 22.203390 0.000000
    endloop
  endfacet
  facet normal 0.000000 0.000000 1.000000
    outer loop
      vertex 5.000000 21.694915 0.400000
      vertex 22.215190 21.694915 0.400000
      vertex 22.215190 22.203390 0.400000
    endloop
  endfacet
  facet normal 0.000000 0.000000 1.000000
    outer loop
      vertex 5.000000 21.694915 0.400000
      vertex 22.215190 22.203390 0.400000
      vertex 5.000000 22.203390 0.400000
    endloop
  endfacet
  facet normal 0.000000 -1.000000 0.000000
    outer loop
      vertex 5.000000 21.694915 0.000000
      vertex 22.215190 21.694915 0.000000
      vertex 22.215190 21.694915 0.400000
    endloop
  endfacet
  facet normal 0.000000 -1.000000 0.000000
    outer loop
      vertex 5.000000 21.694915 0.000000
      vertex 22.215190 21.694915 0.400000
      vertex 5.000000 21.694915 0.400000
    endloop
  endfacet
  facet normal 0.000000 1.000000 0.000000
    outer loop
      vertex 5.000000 22.203390 0.000000
      vertex 22.215190 22.203390 0.400000
      vertex 22.215190 22.203390 0.000000
    endloop
  endfacet
  facet normal 0.000000 1.000000 0.000000
    outer loop
      vertex 5.000000 22.203390 0.000000
      vertex 5.000000 22.203390 0.400000
      vertex 22.215190 22.203390 0.400000
    endloop
  endfacet
  facet normal -1.000000 0.000000 0.000000
    outer loop
      vertex 5.000000 21.694915 0.000000
      vertex 5.000000 21.694915 0.400000
      vertex 5.000000 22.203390 0.400000
    endloop
  endfacet
  facet normal -1.000000 0.000000 0.000000
    outer loop
      vertex 5.000000 21.694915 0.000000
      vertex 5.000000 22.203390 0.400000
      vertex 5.000000 22.203390 0.000000
    endloop
  endfacet
  facet normal 1.000000 0.000000 0.000000
    outer loop
      vertex 22.215190 21.694915 0.000000
      vertex 22.215190 22.203390 0.000000
      vertex 22.215190 22.203390 0.400000
    endloop
  endfacet
  facet normal 1.000000 0.000000 0.000000
    outer loop
      vertex 22.215190 21.694915 0.000000
      vertex 22.215190 22.203390 0.400000
      vertex 22.215190 21.694915 0.400000
    endloop
  endfacet
  facet normal 0.000000 0.000000 -1.000000
    outer loop
      vertex 27.784810 21.694915 0.000000
      vertex 31.329114 22.203390 0.000000
      vertex 31.329114 21.694915 0.000000
    endloop
  endfacet
  facet normal 0.000000 0.000000 -1.000000
    outer loop
      vertex 27.784810 21.694915 0.000000
      vertex 27.784810 22.203390 0.000000
      vertex 31.329114 22.203390 0.000000
    endloop
  endfacet
  facet normal 0.000000 0.000000 1.000000
    outer loop
      vertex 27.784810 21.694915 0.400000
      vertex 31.329114 21.694915 0.400000
      vertex 31.329114 22.203390 0.400000
    endloop
  endfacet
  facet normal 0.000000 0.000000 1.000000
    outer loop
      vertex 27.784810 21.694915 0.400000
      vertex 31.329114 22.203390 0.400000
      vertex 27.784810 22.203390 0.400000
    endloop
  endfacet
  facet normal 0.000000 -1.000000 0.000000
    outer loop
      vertex 27.784810 21.694915 0.000000
      vertex 31.329114 21.694915 0.000000
      vertex 31.329114 21.694915 0.400000
    endloop
  endfacet
  facet normal 0.000000 -1.000000 0.000000
    outer loop
      vertex 27.784810 21.694915 0.000000
      vertex 31.329114 21.694915 0.400000
      vertex 27.784810 21.694915 0.400000
    endloop
  endfacet
  facet normal 0.000000 1.000000 0.000000
    outer loop
      vertex 27.784810 22.203390 0.000000
      vertex 31.329114 22.203390 0.400000
      vertex 31.329114 22.203390 0.000000
    endloop
  endfacet
  facet normal 0.000000 1.000000 0.000000
    outer loop
      vertex 27.784810 22.203390 0.000000
      vertex 27.784810 22.203390 0.400000
      vertex 31.329114 22.203390 0.400000
    endloop
  endfacet
  facet normal -1.000000 0.000000 0.000000
    outer loop
      vertex 27.784810 21.694915 0.000000
      vertex 27.784810 21.694915 0.400000
      vertex 27.784810 22.203390 0.400000
    endloop
  endfacet
  facet normal -1.000000 0.000000 0.000000
    outer loop
      vertex 27.784810 21.694915 0.000000
      vertex 27.784810 22.203390 0.400000
      vertex 27.784810 22.203390 0.000000
    endloop
  endfacet
  facet normal 1.000000 0.000000 0.000000
    outer loop
      vertex 31.329114 21.694915 0.000000
      vertex 31.329114 22.203390 0.000000
      vertex 31.329114 22.203390 0.400000
    endloop
  endfacet
  facet normal 1.000000 0.000000 0.000000
    outer loop
      vertex 31.329114 21.694915 0.000000
      vertex 31.329114 22.203390 0.400000
      vertex 31.329114 21.694915 0.400000
    endloop
  endfacet
  facet normal 0.000000 0.000000 -1.000000
    outer loop
      vertex 37.405063 21.694915 0.000000
      vertex 45.000000 22.203390 0.000000
      vertex 45.000000 21.694915 0.000000
    endloop
  endfacet
  facet normal 0.000000 0.000000 -1.000000
    outer loop
      vertex 37.405063 21.694915 0.000000
      vertex 37.405063 22.203390 0.000000
      vertex 45.000000 22.203390 0.000000
    endloop
  endfacet
  facet normal 0.000000 0.000000 1.000000
    outer loop
      vertex 37.405063 21.694915 0.400000
      vertex 45.000000 21.694915 0.400000
      vertex 45.000000 22.203390 0.400000
    endloop
  endfacet
  facet normal 0.000000 0.000000 1.000000
    outer loop
      vertex 37.405063 21.694915 0.400000
      vertex 45.000000 22.203390 0.400000
      vertex 37.405063 22.203390 0.400000
    endloop
  endfacet
  facet normal 0.000000 -1.000000 0.000000
    outer loop
      vertex 37.405063 21.694915 0.000000
      vertex 45.000000 21.694915 0.000000
      vertex 45.000000 21.694915 0.400000
    endloop
  endfacet
  facet normal 0.000000 -1.000000 0.000000
    outer loop
      vertex 37.405063 21.694915 0.000000
      vertex 45.000000 21.694915 0.400000
      vertex 37.405063 21.694915 0.400000
    endloop
  endfacet
  facet normal 0.000000 1.000000 0.000000
    outer loop
      vertex 37.405063 22.203390 0.000000
      vertex 45.000000 22.203390 0.400000
      vertex 45.000000 22.203390 0.000000
    endloop
  endfacet
  facet normal 0.000000 1.000000 0.000000
    outer loop
      vertex 37.405063 22.203390 0.000000
      vertex 37.405063 22.203390 0.400000
      vertex 45.000000 22.203390 0.400000
    endloop
  endfacet
  facet normal -1.000000 0.000000 0.000000
    outer loop
      vertex 37.405063 21.694915 0.000000
      vertex 37.405063 21.694915 0.400000
      vertex 37.405063 22.203390 0.400000
    endloop
  endfacet
  facet normal -1.000000 0.000000 0.000000
    outer loop
      vertex 37.405063 21.694915 0.000000
      vertex 37.405063 22.203390 0.400000
      vertex 37.405063 22.203390 0.000000
    endloop
  endfacet
  facet normal 1.000000 0.000000 0.000000
    outer loop
      vertex 45.000000 21.694915 0.000000
      vertex 45.000000 22.203390 0.000000
      vertex 45.000000 22.203390 0.400000
    endloop
  endfacet
  facet normal 1.000000 0.000000 0.000000
    outer loop
      vertex 45.000000 21.694915 0.000000
      vertex 45.000000 22.203390 0.400000
      vertex 45.000000 21.694915 0.400000
    endloop
  endfacet
  facet normal 0.000000 0.000000 -1.000000
    outer loop
      vertex 5.000000 21.186441 0.000000
      vertex 21.708861 21.694915 0.000000
      vertex 21.708861 21.186441 0.000000
    endloop
  endfacet
  facet normal 0.000000 0.000000 -1.000000
    outer loop
      vertex 5.000000 21.186441 0.000000
      vertex 5.000000 21.694915 0.000000
      vertex 21.708861 21.694915 0.000000
    endloop
  endfacet
  facet normal 0.000000 0.000000 1.000000
    outer loop
      vertex 5.000000 21.186441 0.400000
      vertex 21.708861 21.186441 0.400000
      vertex 21.708861 21.694915 0.400000
    endloop
  endfacet
  facet normal 0.000000 0.000000 1.000000
    outer loop
      vertex 5.000000 21.186441 0.400000
      vertex 21.708861 21.694915 0.400000
      vertex 5.000000 21.694915 0.400000
    endloop
  endfacet
  facet normal 0.000000 -1.000000 0.000000
    outer loop
      vertex 5.000000 21.186441 0.000000
      vertex 21.708861 21.186441 0.000000
      vertex 21.708861 21.186441 0.400000
    endloop
  endfacet
  facet normal 0.000000 -1.000000 0.000000
    outer loop
      vertex 5.000000 21.186441 0.000000
      vertex 21.708861 21.186441 0.400000
      vertex 5.000000 21.186441 0.400000
    endloop
  endfacet
  facet normal 0.000000 1.000000 0.000000
    outer loop
      vertex 5.000000 21.694915 0.000000
      vertex 21.708861 21.694915 0.400000
      vertex 21.708861 21.694915 0.000000
    endloop
  endfacet
  facet normal 0.000000 1.000000 0.000000
    outer loop
      vertex 5.000000 21.694915 0.000000
      vertex 5.000000 21.694915 0.400000
      vertex 21.708861 21.694915 0.400000
    endloop
  endfacet
  facet normal -1.000000 0.000000 0.000000
    outer loop
      vertex 5.000000 21.186441 0.000000
      vertex 5.000000 21.186441 0.400000
      vertex 5.000000 21.694915 0.400000
    endloop
  endfacet
  facet normal -1.000000 0.000000 0.000000
    outer loop
      vertex 5.000000 21.186441 0.000000
      vertex 5.000000 21.694915 0.400000
      vertex 5.000000 21.694915 0.000000
    endloop
  endfacet
  facet normal 1.000000 0.000000 0.000000
    outer loop
      vertex 21.708861 21.186441 0.000000
      vertex 21.708861 21.694915 0.000000
      vertex 21.708861 21.694915 0.400000
    endloop
  endfacet
  facet normal 1.000000 0.000000 0.000000
    outer loop
      vertex 21.708861 21.186441 0.000000
      vertex 21.708861 21.694915 0.400000
      vertex 21.708861 21.186441 0.400000
    endloop
  endfacet
  facet normal 0.000000 0.000000 -1.000000
    outer loop
      vertex 24.240506 21.186441 0.000000
      vertex 25.759494 21.694915 0.000000
      vertex 25.759494 21.186441 0.000000
    endloop
  endfacet
  facet normal 0.000000 0.000000 -1.000000
    outer loop
      vertex 24.240506 21.186441 0.000000
      vertex 24.240506 21.694915 0.000000
      vertex 25.759494 21.694915 0.000000
    endloop
  endfacet
  facet normal 0.000000 0.000000 1.000000
    outer loop
      vertex 24.240506 21.186441 0.400000
      vertex 25.759494 21.186441 0.400000
      vertex 25.759494 21.694915 0.400000
    endloop
  endfacet
  facet normal 0.000000 0.000000 1.000000
    outer loop
      vertex 24.240506 21.186441 0.400000
      vertex 25.759494 21.694915 0.400000
      vertex 24.240506 21.694915 0.400000
    endloop
  endfacet
  facet normal 0.000000 -1.000000 0.000000
    outer loop
      vertex 24.240506 21.186441 0.000000
      vertex 25.759494 21.186441 0.000000
      vertex 25.759494 21.186441 0.400000
    endloop
  endfacet
  facet normal 0.000000 -1.000000 0.000000
    outer loop
      vertex 24.240506 21.186441 0.000000
      vertex 25.759494 21.186441 0.400000
      vertex 24.240506 21.186441 0.400000
    endloop
  endfacet
  facet normal 0.000000 1.000000 0.000000
    outer loop
      vertex 24.240506 21.694915 0.000000
      vertex 25.759494 21.694915 0.400000
      vertex 25.759494 21.694915 0.000000
    endloop
  endfacet
  facet normal 0.000000 1.000000 0.000000
    outer loop
      vertex 24.240506 21.694915 0.000000
      vertex 24.240506 21.694915 0.400000
      vertex 25.759494 21.694915 0.400000
    endloop
  endfacet
  facet normal -1.000000 0.000000 0.000000
    outer loop
      vertex 24.240506 21.186441 0.000000
      vertex 24.240506 21.186441 0.400000
      vertex 24.240506 21.694915 0.400000
    endloop
  endfacet
  facet normal -1.000000 0.000000 0.000000
    outer loop
      vertex 24.240506 21.186441 0.000000
      vertex 24.240506 21.694915 0.400000
      vertex 24.240506 21.694915 0.000000
    endloop
  endfacet
  facet normal 1.000000 0.000000 0.000000
    outer loop
      vertex 25.759494 21.186441 0.000000
      vertex 25.759494 21.694915 0.000000
      vertex 25.759494 21.694915 0.400000
    endloop
  endfacet
  facet normal 1.000000 0.000000 0.000000
    outer loop
      vertex 25.759494 21.186441 0.000000
      vertex 25.759494 21.694915 0.400000
      vertex 25.759494 21.186441 0.400000
    endloop
  endfacet
  facet normal 0.000000 0.000000 -1.000000
    outer loop
      vertex 28.291139 21.186441 0.000000
      vertex 31.329114 21.694915 0.000000
      vertex 31.329114 21.186441 0.000000
    endloop
  endfacet
  facet normal 0.000000 0.000000 -1.000000
    outer loop
      vertex 28.291139 21.186441 0.000000
      vertex 28.291139 21.694915 0.000000
      vertex 31.329114 21.694915 0.000000
    endloop
  endfacet
  facet normal 0.000000 0.000000 1.000000
    outer loop
      vertex 28.291139 21.186441 0.400000
      vertex 31.329114 21.186441 0.400000
      vertex 31.329114 21.694915 0.400000
    endloop
  endfacet
  facet normal 0.000000 0.000000 1.000000
    outer loop
      vertex 28.291139 21.186441 0.400000
      vertex 31.329114 21.694915 0.400000
      vertex 28.291139 21.694915 0.400000
    endloop
  endfacet
  facet normal 0.000000 -1.000000 0.000000
    outer loop
      vertex 28.291139 21.186441 0.000000
      vertex 31.329114 21.186441 0.000000
      vertex 31.329114 21.186441 0.400000
    endloop
  endfacet
  facet normal 0.000000 -1.000000 0.000000
    outer loop
      vertex 28.291139 21.186441 0.000000
      vertex 31.329114 21.186441 0.400000
      vertex 28.291139 21.186441 0.400000
    endloop
  endfacet
  facet normal 0.000000 1.000000 0.000000
    outer loop
      vertex 28.291139 21.694915 0.000000
      vertex 31.329114 21.694915 0.400000
      vertex 31.329114 21.694915 0.000000
    endloop
  endfacet
  facet normal 0.000000 1.000000 0.000000
    outer loop
      vertex 28.291139 21.694915 0.000000
      vertex 28.291139 21.694915 0.400000
      vertex 31.329114 21.694915 0.400000
    endloop
  endfacet
  facet normal -1.000000 0.000000 0.000000
    outer loop
      vertex 28.291139 21.186441 0.000000
      vertex 28.291139 21.186441 0.400000
      vertex 28.291139 21.694915 0.400000
    endloop
  endfacet
  facet normal -1.000000 0.000000 0.000000
    outer loop
      vertex 28.291139 21.186441 0.000000
      vertex 28.291139 21.694915 0.400000
      vertex 28.291139 21.694915 0.000000
    endloop
  endfacet
  facet normal 1.000000 0.000000 0.000000
    outer loop
      vertex 31.329114 21.186441 0.000000
      vertex 31.329114 21.694915 0.000000
      vertex 31.329114 21.694915 0.400000
    endloop
  endfacet
  facet normal 1.000000 0.000000 0.000000
    outer loop
      vertex 31.329114 21.186441 0.000000
      vertex 31.329114 21.694915 0.400000
      vertex 31.329114 21.186441 0.400000
    endloop
  endfacet
  facet normal 0.000000 0.000000 -1.000000
    outer loop
      vertex 31.835443 21.186441 0.000000
      vertex 34.873418 21.694915 0.000000
      vertex 34.873418 21.186441 0.000000
    endloop
  endfacet
  facet normal 0.000000 0.000000 -1.000000
    outer loop
      vertex 31.835443 21.186441 0.000000
      vertex 31.835443 21.694915 0.000000
      vertex 34.873418 21.694915 0.000000
    endloop
  endfacet
  facet normal 0.000000 0.000000 1.000000
    outer loop
      vertex 31.835443 21.186441 0.400000
      vertex 34.873418 21.186441 0.400000
      vertex 34.873418 21.694915 0.400000
    endloop
  endfacet
  facet normal 0.000000 0.000000 1.000000
    outer loop
      vertex 31.835443 21.186441 0.400000
      vertex 34.873418 21.694915 0.400000
      vertex 31.835443 21.694915 0.400000
    endloop
  endfacet
  facet normal 0.000000 -1.000000 0.000000
    outer loop
      vertex 31.835443 21.186441 0.000000
      vertex 34.873418 21.186441 0.000000
      vertex 34.873418 21.186441 0.400000
    endloop
  endfacet
  facet normal 0.000000 -1.000000 0.000000
    outer loop
      vertex 31.835443 21.186441 0.000000
      vertex 34.873418 21.186441 0.400000
      vertex 31.835443 21.186441 0.400000
    endloop
  endfacet
  facet normal 0.000000 1.000000 0.000000
    outer loop
      vertex 31.835443 21.694915 0.000000
      vertex 34.873418 21.694915 0.400000
      vertex 34.873418 21.694915 0.000000
    endloop
  endfacet
  facet normal 0.000000 1.000000 0.000000
    outer loop
      vertex 31.835443 21.694915 0.000000
      vertex 31.835443 21.694915 0.400000
      vertex 34.873418 21.694915 0.400000
    endloop
  endfacet
  facet normal -1.000000 0.000000 0.000000
    outer loop
      vertex 31.835443 21.186441 0.000000
      vertex 31.835443 21.186441 0.400000
      vertex 31.835443 21.694915 0.400000
    endloop
  endfacet
  facet normal -1.000000 0.000000 0.000000
    outer loop
      vertex 31.835443 21.186441 0.000000
      vertex 31.835443 21.694915 0.400000
      vertex 31.835443 21.694915 0.000000
    endloop
  endfacet
  facet normal 1.000000 0.000000 0.000000
    outer loop
      vertex 34.873418 21.186441 0.000000
      vertex 34.873418 21.694915 0.000000
      vertex 34.873418 21.694915 0.400000
    endloop
  endfacet
  facet normal 1.000000 0.000000 0.000000
    outer loop
      vertex 34.873418 21.186441 0.000000
      vertex 34.873418 21.694915 0.400000
      vertex 34.873418 21.186441 0.400000
    endloop
  endfacet
  facet normal 0.000000 0.000000 -1.000000
    outer loop
      vertex 37.405063 21.186441 0.000000
      vertex 45.000000 21.694915 0.000000
      vertex 45.000000 21.186441 0.000000
    endloop
  endfacet
  facet normal 0.000000 0.000000 -1.000000
    outer loop
      vertex 37.405063 21.186441 0.000000
      vertex 37.405063 21.694915 0.000000
      vertex 45.000000 21.694915 0.000000
    endloop
  endfacet
  facet normal 0.000000 0.000000 1.000000
    outer loop
      vertex 37.405063 21.186441 0.400000
      vertex 45.000000 21.186441 0.400000
      vertex 45.000000 21.694915 0.400000
    endloop
  endfacet
  facet normal 0.000000 0.000000 1.000000
    outer loop
      vertex 37.405063 21.186441 0.400000
      vertex 45.000000 21.694915 0.400000
      vertex 37.405063 21.694915 0.400000
    endloop
  endfacet
  facet normal 0.000000 -1.000000 0.000000
    outer loop
      vertex 37.405063 21.186441 0.000000
      vertex 45.000000 21.186441 0.000000
      vertex 45.000000 21.186441 0.400000
    endloop
  endfacet
  facet normal 0.000000 -1.000000 0.000000
    outer loop
      vertex 37.405063 21.186441 0.000000
      vertex 45.000000 21.186441 0.400000
      vertex 37.405063 21.186441 0.400000
    endloop
  endfacet
  facet normal 0.000000 1.000000 0.000000
    outer loop
      vertex 37.405063 21.694915 0.000000
      vertex 45.000000 21.694915 0.400000
      vertex 45.000000 21.694915 0.000000
    endloop
  endfacet
  facet normal 0.000000 1.000000 0.000000
    outer loop
      vertex 37.405063 21.694915 0.000000
      vertex 37.405063 21.694915 0.400000
      vertex 45.000000 21.694915 0.400000
    endloop
  endfacet
  facet normal -1.000000 0.000000 0.000000
    outer loop
      vertex 37.405063 21.186441 0.000000
      vertex 37.405063 21.186441 0.400000
      vertex 37.405063 21.694915 0.400000
    endloop
  endfacet
  facet normal -1.000000 0.000000 0.000000
    outer loop
      vertex 37.405063 21.186441 0.000000
      vertex 37.405063 21.694915 0.400000
      vertex 37.405063 21.694915 0.000000
    endloop
  endfacet
  facet normal 1.000000 0.000000 0.000000
    outer loop
      vertex 45.000000 21.186441 0.000000
      vertex 45.000000 21.694915 0.000000
      vertex 45.000000 21.694915 0.400000
    endloop
  endfacet
  facet normal 1.000000 0.000000 0.000000
    outer loop
      vertex 45.000000 21.186441 0.000000
      vertex 45.000000 21.694915 0.400000
      vertex 45.000000 21.186441 0.400000
    endloop
  endfacet
  facet normal 0.000000 0.000000 -1.000000
    outer loop
      vertex 5.000000 20.677966 0.000000
      vertex 21.708861 21.186441 0.000000
      vertex 21.708861 20.677966 0.000000
    endloop
  endfacet
  facet normal 0.000000 0.000000 -1.000000
    outer loop
      vertex 5.000000 20.677966 0.000000
      vertex 5.000000 21.186441 0.000000
      vertex 21.708861 21.186441 0.000000
    endloop
  endfacet
  facet normal 0.000000 0.000000 1.000000
    outer loop
      vertex 5.000000 20.677966 0.400000
      vertex 21.708861 20.677966 0.400000
      vertex 21.708861 21.186441 0.400000
    endloop
  endfacet
  facet normal 0.000000 0.000000 1.000000
    outer loop
      vertex 5.000000 20.677966 0.400000
      vertex 21.708861 21.186441 0.400000
      vertex 5.000000 21.186441 0.400000
    endloop
  endfacet
  facet normal 0.000000 -1.000000 0.000000
    outer loop
      vertex 5.000000 20.677966 0.000000
      vertex 21.708861 20.677966 0.000000
      vertex 21.708861 20.677966 0.400000
    endloop
  endfacet
  facet normal 0.000000 -1.000000 0.000000
    outer loop
      vertex 5.000000 20.677966 0.000000
      vertex 21.708861 20.677966 0.400000
      vertex 5.000000 20.677966 0.400000
    endloop
  endfacet
  facet normal 0.000000 1.000000 0.000000
    outer loop
      vertex 5.000000 21.186441 0.000000
      vertex 21.708861 21.186441 0.400000
      vertex 21.708861 21.186441 0.000000
    endloop
  endfacet
  facet normal 0.000000 1.000000 0.000000
    outer loop
      vertex 5.000000 21.186441 0.000000
      vertex 5.000000 21.186441 0.400000
      vertex 21.708861 21.186441 0.400000
    endloop
  endfacet
  facet normal -1.000000 0.000000 0.000000
    outer loop
      vertex 5.000000 20.677966 0.000000
      vertex 5.000000 20.677966 0.400000
      vertex 5.000000 21.186441 0.400000
    endloop
  endfacet
  facet normal -1.000000 0.000000 0.000000
    outer loop
      vertex 5.000000 20.677966 0.000000
      vertex 5.000000 21.186441 0.400000
      vertex 5.000000 21.186441 0.000000
    endloop
  endfacet
  facet normal 1.000000 0.000000 0.000000
    outer loop
      vertex 21.708861 20.677966 0.000000
      vertex 21.708861 21.186441 0.000000
      vertex 21.708861 21.186441 0.400000
    endloop
  endfacet
  facet normal 1.000000 0.000000 0.000000
    outer loop
      vertex 21.708861 20.677966 0.000000
      vertex 21.708861 21.186441 0.400000
      vertex 21.708861 20.677966 0.400000
    endloop
  endfacet
  facet normal 0.000000 0.000000 -1.000000
    outer loop
      vertex 23.734177 20.677966 0.000000
      vertex 26.265823 21.186441 0.000000
      vertex 26.265823 20.677966 0.000000
    endloop
  endfacet
  facet normal 0.000000 0.000000 -1.000000
    outer loop
      vertex 23.734177 20.677966 0.000000
      vertex 23.734177 21.186441 0.000000
      vertex 26.265823 21.186441 0.000000
    endloop
  endfacet
  facet normal 0.000000 0.000000 1.000000
    outer loop
      vertex 23.734177 20.677966 0.400000
      vertex 26.265823 20.677966 0.400000
      vertex 26.265823 21.186441 0.400000
    endloop
  endfacet
  facet normal 0.000000 0.000000 1.000000
    outer loop
      vertex 23.734177 20.677966 0.400000
      vertex 26.265823 21.186441 0.400000
      vertex 23.734177 21.186441 0.400000
    endloop
  endfacet
  facet normal 0.000000 -1.000000 0.000000
    outer loop
      vertex 23.734177 20.677966 0.000000
      vertex 26.265823 20.677966 0.000000
      vertex 26.265823 20.677966 0.400000
    endloop
  endfacet
  facet normal 0.000000 -1.000000 0.000000
    outer loop
      vertex 23.734177 20.677966 0.000000
      vertex 26.265823 20.677966 0.400000
      vertex 23.734177 20.677966 0.400000
    endloop
  endfacet
  facet normal 0.000000 1.000000 0.000000
    outer loop
      vertex 23.734177 21.186441 0.000000
      vertex 26.265823 21.186441 0.400000
      vertex 26.265823 21.186441 0.000000
    endloop
  endfacet
  facet normal 0.000000 1.000000 0.000000
    outer loop
      vertex 23.734177 21.186441 0.000000
      vertex 23.734177 21.186441 0.400000
      vertex 26.265823 21.186441 0.400000
    endloop
  endfacet
  facet normal -1.000000 0.000000 0.000000
    outer loop
      vertex 23.734177 20.677966 0.000000
      vertex 23.734177 20.677966 0.400000
      vertex 23.734177 21.186441 0.400000
    endloop
  endfacet
  facet normal -1.000000 0.000000 0.000000
    outer loop
      vertex 23.734177 20.677966 0.000000
      vertex 23.734177 21.186441 0.400000
      vertex 23.734177 21.186441 0.000000
    endloop
  endfacet
  facet normal 1.000000 0.000000 0.000000
    outer loop
      vertex 26.265823 20.677966 0.000000
      vertex 26.265823 21.186441 0.000000
      vertex 26.265823 21.186441 0.400000
    endloop
  endfacet
  facet normal 1.000000 0.000000 0.000000
    outer loop
      vertex 26.265823 20.677966 0.000000
      vertex 26.265823 21.186441 0.400000
      vertex 26.265823 20.677966 0.400000
    endloop
  endfacet
  facet normal 0.000000 0.000000 -1.000000
    outer loop
      vertex 28.797468 20.677966 0.000000
      vertex 35.379747 21.186441 0.000000
      vertex 35.379747 20.677966 0.000000
    endloop
  endfacet
  facet normal 0.000000 0.000000 -1.000000
    outer loop
      vertex 28.797468 20.677966 0.000000
      vertex 28.797468 21.186441 0.000000
      vertex 35.379747 21.186441 0.000000
    endloop
  endfacet
  facet normal 0.000000 0.000000 1.000000
    outer loop
      vertex 28.797468 20.677966 0.400000
      vertex 35.379747 20.677966 0.400000
      vertex 35.379747 21.186441 0.400000
    endloop
  endfacet
  facet normal 0.000000 0.000000 1.000000
    outer loop
      vertex 28.797468 20.677966 0.400000
      vertex 35.379747 21.186441 0.400000
      vertex 28.797468 21.186441 0.400000
    endloop
  endfacet
  facet normal 0.000000 -1.000000 0.000000
    outer loop
      vertex 28.797468 20.677966 0.000000
      vertex 35.379747 20.677966 0.000000
      vertex 35.379747 20.677966 0.400000
    endloop
  endfacet
  facet normal 0.000000 -1.000000 0.000000
    outer loop
      vertex 28.797468 20.677966 0.000000
      vertex 35.379747 20.677966 0.400000
      vertex 28.797468 20.677966 0.400000
    endloop
  endfacet
  facet normal 0.000000 1.000000 0.000000
    outer loop
      vertex 28.797468 21.186441 0.000000
      vertex 35.379747 21.186441 0.400000
      vertex 35.379747 21.186441 0.000000
    endloop
  endfacet
  facet normal 0.000000 1.000000 0.000000
    outer loop
      vertex 28.797468 21.186441 0.000000
      vertex 28.797468 21.186441 0.400000
      vertex 35.379747 21.186441 0.400000
    endloop
  endfacet
  facet normal -1.000000 0.000000 0.000000
    outer loop
      vertex 28.797468 20.677966 0.000000
      vertex 28.797468 20.677966 0.400000
      vertex 28.797468 21.186441 0.400000
    endloop
  endfacet
  facet normal -1.000000 0.000000 0.000000
    outer loop
      vertex 28.797468 20.677966 0.000000
      vertex 28.797468 21.186441 0.400000
      vertex 28.797468 21.186441 0.000000
    endloop
  endfacet
  facet normal 1.000000 0.000000 0.000000
    outer loop
      vertex 35.379747 20.677966 0.000000
      vertex 35.379747 21.186441 0.000000
      vertex 35.379747 21.186441 0.400000
    endloop
  endfacet
  facet normal 1.000000 0.000000 0.000000
    outer loop
      vertex 35.379747 20.677966 0.000000
      vertex 35.379747 21.186441 0.400000
      vertex 35.379747 20.677966 0.400000
    endloop
  endfacet
  facet normal 0.000000 0.000000 -1.000000
    outer loop
      vertex 37.911392 20.677966 0.000000
      vertex 45.000000 21.186441 0.000000
      vertex 45.000000 20.677966 0.000000
    endloop
  endfacet
  facet normal 0.000000 0.000000 -1.000000
    outer loop
      vertex 37.911392 20.677966 0.000000
      vertex 37.911392 21.186441 0.000000
      vertex 45.000000 21.186441 0.000000
    endloop
  endfacet
  facet normal 0.000000 0.000000 1.000000
    outer loop
      vertex 37.911392 20.677966 0.400000
      vertex 45.000000 20.677966 0.400000
      vertex 45.000000 21.186441 0.400000
    endloop
  endfacet
  facet normal 0.000000 0.000000 1.000000
    outer loop
      vertex 37.911392 20.677966 0.400000
      vertex 45.000000 21.186441 0.400000
      vertex 37.911392 21.186441 0.400000
    endloop
  endfacet
  facet normal 0.000000 -1.000000 0.000000
    outer loop
      vertex 37.911392 20.677966 0.000000
      vertex 45.000000 20.677966 0.000000
      vertex 45.000000 20.677966 0.400000
    endloop
  endfacet
  facet normal 0.000000 -1.000000 0.000000
    outer loop
      vertex 37.911392 20.677966 0.000000
      vertex 45.000000 20.677966 0.400000
      vertex 37.911392 20.677966 0.400000
    endloop
  endfacet
  facet normal 0.000000 1.000000 0.000000
    outer loop
      vertex 37.911392 21.186441 0.000000
      vertex 45.000000 21.186441 0.400000
      vertex 45.000000 21.186441 0.000000
    endloop
  endfacet
  facet normal 0.000000 1.000000 0.000000
    outer loop
      vertex 37.911392 21.186441 0.000000
      vertex 37.911392 21.186441 0.400000
      vertex 45.000000 21.186441 0.400000
    endloop
  endfacet
  facet normal -1.000000 0.000000 0.000000
    outer loop
      vertex 37.911392 20.677966 0.000000
      vertex 37.911392 20.677966 0.400000
      vertex 37.911392 21.186441 0.400000
    endloop
  endfacet
  facet normal -1.000000 0.000000 0.000000
    outer loop
      vertex 37.911392 20.677966 0.000000
      vertex 37.911392 21.186441 0.400000
      vertex 37.911392 21.186441 0.000000
    endloop
  endfacet
  facet normal 1.000000 0.000000 0.000000
    outer loop
      vertex 45.000000 20.677966 0.000000
      vertex 45.000000 21.186441 0.000000
      vertex 45.000000 21.186441 0.400000
    endloop
  endfacet
  facet normal 1.000000 0.000000 0.000000
    outer loop
      vertex 45.000000 20.677966 0.000000
      vertex 45.000000 21.186441 0.400000
      vertex 45.000000 20.677966 0.400000
    endloop
  endfacet
  facet normal 0.000000 0.000000 -1.000000
    outer loop
      vertex 5.000000 20.169492 0.000000
      vertex 14.113924 20.677966 0.000000
      vertex 14.113924 20.169492 0.000000
    endloop
  endfacet
  facet normal 0.000000 0.000000 -1.000000
    outer loop
      vertex 5.000000 20.169492 0.000000
      vertex 5.000000 20.677966 0.000000
      vertex 14.113924 20.677966 0.000000
    endloop
  endfacet
  facet normal 0.000000 0.000000 1.000000
    outer loop
      vertex 5.000000 20.169492 0.400000
      vertex 14.113924 20.169492 0.400000
      vertex 14.113924 20.677966 0.400000
    endloop
  endfacet
  facet normal 0.000000 0.000000 1.000000
    outer loop
      vertex 5.000000 20.169492 0.400000
      vertex 14.113924 20.677966 0.400000
      vertex 5.000000 20.677966 0.400000
    endloop
  endfacet
  facet normal 0.000000 -1.000000 0.000000
    outer loop
      vertex 5.000000 20.169492 0.000000
      vertex 14.113924 20.169492 0.000000
      vertex 14.113924 20.169492 0.400000
    endloop
  endfacet
  facet normal 0.000000 -1.000000 0.000000
    outer loop
      vertex 5.000000 20.169492 0.000000
      vertex 14.113924 20.169492 0.400000
      vertex 5.000000 20.169492 0.400000
    endloop
  endfacet
  facet normal 0.000000 1.000000 0.000000
    outer loop
      vertex 5.000000 20.677966 0.000000
      vertex 14.113924 20.677966 0.400000
      vertex 14.113924 20.677966 0.000000
    endloop
  endfacet
  facet normal 0.000000 1.000000 0.000000
    outer loop
      vertex 5.000000 20.677966 0.000000
      vertex 5.000000 20.677966 0.400000
      vertex 14.113924 20.677966 0.400000
    endloop
  endfacet
  facet normal -1.000000 0.000000 0.000000
    outer loop
      vertex 5.000000 20.169492 0.000000
      vertex 5.000000 20.169492 0.400000
      vertex 5.000000 20.677966 0.400000
    endloop
  endfacet
  facet normal -1.000000 0.000000 0.000000
    outer loop
      vertex 5.000000 20.169492 0.000000
      vertex 5.000000 20.677966 0.400000
      vertex 5.000000 20.677966 0.000000
    endloop
  endfacet
  facet normal 1.000000 0.000000 0.000000
    outer loop
      vertex 14.113924 20.169492 0.000000
      vertex 14.113924 20.677966 0.000000
      vertex 14.113924 20.677966 0.400000
    endloop
  endfacet
  facet normal 1.000000 0.000000 0.000000
    outer loop
      vertex 14.113924 20.169492 0.000000
      vertex 14.113924 20.677966 0.400000
      vertex 14.113924 20.169492 0.400000
    endloop
  endfacet
  facet normal 0.000000 0.000000 -1.000000
    outer loop
      vertex 17.658228 20.169492 0.000000
      vertex 21.202532 20.677966 0.000000
      vertex 21.202532 20.169492 0.000000
    endloop
  endfacet
  facet normal 0.000000 0.000000 -1.000000
    outer loop
      vertex 17.658228 20.169492 0.000000
      vertex 17.658228 20.677966 0.000000
      vertex 21.202532 20.677966 0.000000
    endloop
  endfacet
  facet normal 0.000000 0.000000 1.000000
    outer loop
      vertex 17.658228 20.169492 0.400000
      vertex 21.202532 20.169492 0.400000
      vertex 21.202532 20.677966 0.400000
    endloop
  endfacet
  facet normal 0.000000 0.000000 1.000000
    outer loop
      vertex 17.658228 20.169492 0.400000
      vertex 21.202532 20.677966 0.400000
      vertex 17.658228 20.677966 0.400000
    endloop
  endfacet
  facet normal 0.000000 -1.000000 0.000000
    outer loop
      vertex 17.658228 20.169492 0.000000
      vertex 21.202532 20.169492 0.000000
      vertex 21.202532 20.169492 0.400000
    endloop
  endfacet
  facet normal 0.000000 -1.000000 0.000000
    outer loop
      vertex 17.658228 20.169492 0.000000
      vertex 21.202532 20.169492 0.400000
      vertex 17.658228 20.169492 0.400000
    endloop
  endfacet
  facet normal 0.000000 1.000000 0.000000
    outer loop
      vertex 17.658228 20.677966 0.000000
      vertex 21.202532 20.677966 0.400000
      vertex 21.202532 20.677966 0.000000
    endloop
  endfacet
  facet normal 0.000000 1.000000 0.000000
    outer loop
      vertex 17.658228 20.677966 0.000000
      vertex 17.658228 20.677966 0.400000
      vertex 21.202532 20.677966 0.400000
    endloop
  endfacet
  facet normal -1.000000 0.000000 0.000000
    outer loop
      vertex 17.658228 20.169492 0.000000
      vertex 17.658228 20.169492 0.400000
      vertex 17.658228 20.677966 0.400000
    endloop
  endfacet
  facet normal -1.000000 0.000000 0.000000
    outer loop
      vertex 17.658228 20.169492 0.000000
      vertex 17.658228 20.677966 0.400000
      vertex 17.658228 20.677966 0.000000
    endloop
  endfacet
  facet normal 1.000000 0.000000 0.000000
    outer loop
      vertex 21.202532 20.169492 0.000000
      vertex 21.202532 20.677966 0.000000
      vertex 21.202532 20.677966 0.400000
    endloop
  endfacet
  facet normal 1.000000 0.000000 0.000000
    outer loop
      vertex 21.202532 20.169492 0.000000
      vertex 21.202532 20.677966 0.400000
      vertex 21.202532 20.169492 0.400000
    endloop
  endfacet
  facet normal 0.000000 0.000000 -1.000000
    outer loop
      vertex 23.734177 20.169492 0.000000
      vertex 26.265823 20.677966 0.000000
      vertex 26.265823 20.169492 0.000000
    endloop
  endfacet
  facet normal 0.000000 0.000000 -1.000000
    outer loop
      vertex 23.734177 20.169492 0.000000
      vertex 23.734177 20.677966 0.000000
      vertex 26.265823 20.677966 0.000000
    endloop
  endfacet
  facet normal 0.000000 0.000000 1.000000
    outer loop
      vertex 23.734177 20.169492 0.400000
      vertex 26.265823 20.169492 0.400000
      vertex 26.265823 20.677966 0.400000
    endloop
  endfacet
  facet normal 0.000000 0.000000 1.000000
    outer loop
      vertex 23.734177 20.169492 0.400000
      vertex 26.265823 20.677966 0.400000
      vertex 23.734177 20.677966 0.400000
    endloop
  endfacet
  facet normal 0.000000 -1.000000 0.000000
    outer loop
      vertex 23.734177 20.169492 0.000000
      vertex 26.265823 20.169492 0.000000
      vertex 26.265823 20.169492 0.400000
    endloop
  endfacet
  facet normal 0.000000 -1.000000 0.000000
    outer loop
      vertex 23.734177 20.169492 0.000000
      vertex 26.265823 20.169492 0.400000
      vertex 23.734177 20.169492 0.400000
    endloop
  endfacet
  facet normal 0.000000 1.000000 0.000000
    outer loop
      vertex 23.734177 20.677966 0.000000
      vertex 26.265823 20.677966 0.400000
      vertex 26.265823 20.677966 0.000000
    endloop
  endfacet
  facet normal 0.000000 1.000000 0.000000
    outer loop
      vertex 23.734177 20.677966 0.000000
      vertex 23.734177 20.677966 0.400000
      vertex 26.265823 20.677966 0.400000
    endloop
  endfacet
  facet normal -1.000000 0.000000 0.000000
    outer loop
      vertex 23.734177 20.169492 0.000000
      vertex 23.734177 20.169492 0.400000
      vertex 23.734177 20.677966 0.400000
    endloop
  endfacet
  facet normal -1.000000 0.000000 0.000000
    outer loop
      vertex 23.734177 20.169492 0.000000
      vertex 23.734177 20.677966 0.400000
      vertex 23.734177 20.677966 0.000000
    endloop
  endfacet
  facet normal 1.000000 0.000000 0.000000
    outer loop
      vertex 26.265823 20.169492 0.000000
      vertex 26.265823 20.677966 0.000000
      vertex 26.265823 20.677966 0.400000
    endloop
  endfacet
  facet normal 1.000000 0.000000 0.000000
    outer loop
      vertex 26.265823 20.169492 0.000000
      vertex 26.265823 20.677966 0.400000
      vertex 26.265823 20.169492 0.400000
    endloop
  endfacet
  facet normal 0.000000 0.000000 -1.000000
    outer loop
      vertex 28.797468 20.169492 0.000000
      vertex 35.886076 20.677966 0.000000
      vertex 35.886076 20.169492 0.000000
    endloop
  endfacet
  facet normal 0.000000 0.000000 -1.000000
    outer loop
      vertex 28.797468 20.169492 0.000000
      vertex 28.797468 20.677966 0.000000
      vertex 35.886076 20.677966 0.000000
    endloop
  endfacet
  facet normal 0.000000 0.000000 1.000000
    outer loop
      vertex 28.797468 20.169492 0.400000
      vertex 35.886076 20.169492 0.400000
      vertex 35.886076 20.677966 0.400000
    endloop
  endfacet
  facet normal 0.000000 0.000000 1.000000
    outer loop
      vertex 28.797468 20.169492 0.400000
      vertex 35.886076 20.677966 0.400000
      vertex 28.797468 20.677966 0.400000
    endloop
  endfacet
  facet normal 0.000000 -1.000000 0.000000
    outer loop
      vertex 28.797468 20.169492 0.000000
      vertex 35.886076 20.169492 0.000000
      vertex 35.886076 20.169492 0.400000
    endloop
  endfacet
  facet normal 0.000000 -1.000000 0.000000
    outer loop
      vertex 28.797468 20.169492 0.000000
      vertex 35.886076 20.169492 0.400000
      vertex 28.797468 20.169492 0.400000
    endloop
  endfacet
  facet normal 0.000000 1.000000 0.000000
    outer loop
      vertex 28.797468 20.677966 0.000000
      vertex 35.886076 20.677966 0.400000
      vertex 35.886076 20.677966 0.000000
    endloop
  endfacet
  facet normal 0.000000 1.000000 0.000000
    outer loop
      vertex 28.797468 20.677966 0.000000
      vertex 28.797468 20.677966 0.400000
      vertex 35.886076 20.677966 0.400000
    endloop
  endfacet
  facet normal -1.000000 0.000000 0.000000
    outer loop
      vertex 28.797468 20.169492 0.000000
      vertex 28.797468 20.169492 0.400000
      vertex 28.797468 20.677966 0.400000
    endloop
  endfacet
  facet normal -1.000000 0.000000 0.000000
    outer loop
      vertex 28.797468 20.169492 0.000000
      vertex 28.797468 20.677966 0.400000
      vertex 28.797468 20.677966 0.000000
    endloop
  endfacet
  facet normal 1.000000 0.000000 0.000000
    outer loop
      vertex 35.886076 20.169492 0.000000
      vertex 35.886076 20.677966 0.000000
      vertex 35.886076 20.677966 0.400000
    endloop
  endfacet
  facet normal 1.000000 0.000000 0.000000
    outer loop
      vertex 35.886076 20.169492 0.000000
      vertex 35.886076 20.677966 0.400000
      vertex 35.886076 20.169492 0.400000
    endloop
  endfacet
  facet normal 0.000000 0.000000 -1.000000
    outer loop
      vertex 38.417722 20.169492 0.000000
      vertex 45.000000 20.677966 0.000000
      vertex 45.000000 20.169492 0.000000
    endloop
  endfacet
  facet normal 0.000000 0.000000 -1.000000
    outer loop
      vertex 38.417722 20.169492 0.000000
      vertex 38.417722 20.677966 0.000000
      vertex 45.000000 20.677966 0.000000
    endloop
  endfacet
  facet normal 0.000000 0.000000 1.000000
    outer loop
      vertex 38.417722 20.169492 0.400000
      vertex 45.000000 20.169492 0.400000
      vertex 45.000000 20.677966 0.400000
    endloop
  endfacet
  facet normal 0.000000 0.000000 1.000000
    outer loop
      vertex 38.417722 20.169492 0.400000
      vertex 45.000000 20.677966 0.400000
      vertex 38.417722 20.677966 0.400000
    endloop
  endfacet
  facet normal 0.000000 -1.000000 0.000000
    outer loop
      vertex 38.417722 20.169492 0.000000
      vertex 45.000000 20.169492 0.000000
      vertex 45.000000 20.169492 0.400000
    endloop
  endfacet
  facet normal 0.000000 -1.000000 0.000000
    outer loop
      vertex 38.417722 20.169492 0.000000
      vertex 45.000000 20.169492 0.400000
      vertex 38.417722 20.169492 0.400000
    endloop
  endfacet
  facet normal 0.000000 1.000000 0.000000
    outer loop
      vertex 38.417722 20.677966 0.000000
      vertex 45.000000 20.677966 0.400000
      vertex 45.000000 20.677966 0.000000
    endloop
  endfacet
  facet normal 0.000000 1.000000 0.000000
    outer loop
      vertex 38.417722 20.677966 0.000000
      vertex 38.417722 20.677966 0.400000
      vertex 45.000000 20.677966 0.400000
    endloop
  endfacet
  facet normal -1.000000 0.000000 0.000000
    outer loop
      vertex 38.417722 20.169492 0.000000
      vertex 38.417722 20.169492 0.400000
      vertex 38.417722 20.677966 0.400000
    endloop
  endfacet
  facet normal -1.000000 0.000000 0.000000
    outer loop
      vertex 38.417722 20.169492 0.000000
      vertex 38.417722 20.677966 0.400000
      vertex 38.417722 20.677966 0.000000
    endloop
  endfacet
  facet normal 1.000000 0.000000 0.000000
    outer loop
      vertex 45.000000 20.169492 0.000000
      vertex 45.000000 20.677966 0.000000
      vertex 45.000000 20.677966 0.400000
    endloop
  endfacet
  facet normal 1.000000 0.000000 0.000000
    outer loop
      vertex 45.000000 20.169492 0.000000
      vertex 45.000000 20.677966 0.400000
      vertex 45.000000 20.169492 0.400000
    endloop
  endfacet
  facet normal 0.000000 0.000000 -1.000000
    outer loop
      vertex 5.000000 19.661017 0.000000
      vertex 13.101266 20.169492 0.000000
      vertex 13.101266 19.661017 0.000000
    endloop
  endfacet
  facet normal 0.000000 0.000000 -1.000000
    outer loop
      vertex 5.000000 19.661017 0.000000
      vertex 5.000000 20.169492 0.000000
      vertex 13.101266 20.169492 0.000000
    endloop
  endfacet
  facet normal 0.000000 0.000000 1.000000
    outer loop
      vertex 5.000000 19.661017 0.400000
      vertex 13.101266 19.661017 0.400000
      vertex 13.101266 20.169492 0.400000
    endloop
  endfacet
  facet normal 0.000000 0.000000 1.000000
    outer loop
      vertex 5.000000 19.661017 0.400000
      vertex 13.101266 20.169492 0.400000
      vertex 5.000000 20.169492 0.400000
    endloop
  endfacet
  facet normal 0.000000 -1.000000 0.000000
    outer loop
      vertex 5.000000 19.661017 0.000000
      vertex 13.101266 19.661017 0.000000
      vertex 13.101266 19.661017 0.400000
    endloop
  endfacet
  facet normal 0.000000 -1.000000 0.000000
    outer loop
      vertex 5.000000 19.661017 0.000000
      vertex 13.101266 19.661017 0.400000
      vertex 5.000000 19.661017 0.400000
    endloop
  endfacet
  facet normal 0.000000 1.000000 0.000000
    outer loop
      vertex 5.000000 20.169492 0.000000
      vertex 13.101266 20.169492 0.400000
      vertex 13.101266 20.169492 0.000000
    endloop
  endfacet
  facet normal 0.000000 1.000000 0.000000
    outer loop
      vertex 5.000000 20.169492 0.000000
      vertex 5.000000 20.169492 0.400000
      vertex 13.101266 20.169492 0.400000
    endloop
  endfacet
  facet normal -1.000000 0.000000 0.000000
    outer loop
      vertex 5.000000 19.661017 0.000000
      vertex 5.000000 19.661017 0.400000
      vertex 5.000000 20.169492 0.400000
    endloop
  endfacet
  facet normal -1.000000 0.000000 0.000000
    outer loop
      vertex 5.000000 19.661017 0.000000
      vertex 5.000000 20.169492 0.400000
      vertex 5.000000 20.169492 0.000000
    endloop
  endfacet
  facet normal 1.000000 0.000000 0.000000
    outer loop
      vertex 13.101266 19.661017 0.000000
      vertex 13.101266 20.169492 0.000000
      vertex 13.101266 20.169492 0.400000
    endloop
  endfacet
  facet normal 1.000000 0.000000 0.000000
    outer loop
      vertex 13.101266 19.661017 0.000000
      vertex 13.101266 20.169492 0.400000
      vertex 13.101266 19.661017 0.400000
    endloop
  endfacet
  facet normal 0.000000 0.000000 -1.000000
    outer loop
      vertex 19.177215 19.661017 0.000000
      vertex 21.202532 20.169492 0.000000
      vertex 21.202532 19.661017 0.000000
    endloop
  endfacet
  facet normal 0.000000 0.000000 -1.000000
    outer loop
      vertex 19.177215 19.661017 0.000000
      vertex 19.177215 20.169492 0.000000
      vertex 21.202532 20.169492 0.000000
    endloop
  endfacet
  facet normal 0.000000 0.000000 1.000000
    outer loop
      vertex 19.177215 19.661017 0.400000
      vertex 21.202532 19.661017 0.400000
      vertex 21.202532 20.169492 0.400000
    endloop
  endfacet
  facet normal 0.000000 0.000000 1.000000
    outer loop
      vertex 19.177215 19.661017 0.400000
      vertex 21.202532 20.169492 0.400000
      vertex 19.177215 20.169492 0.400000
    endloop
  endfacet
  facet normal 0.000000 -1.000000 0.000000
    outer loop
      vertex 19.177215 19.661017 0.000000
      vertex 21.202532 19.661017 0.000000
      vertex 21.202532 19.661017 0.400000
    endloop
  endfacet
  facet normal 0.000000 -1.000000 0.000000
    outer loop
      vertex 19.177215 19.661017 0.000000
      vertex 21.202532 19.661017 0.400000
      vertex 19.177215 19.661017 0.400000
    endloop
  endfacet
  facet normal 0.000000 1.000000 0.000000
    outer loop
      vertex 19.177215 20.169492 0.000000
      vertex 21.202532 20.169492 0.400000
      vertex 21.202532 20.169492 0.000000
    endloop
  endfacet
  facet normal 0.000000 1.000000 0.000000
    outer loop
      vertex 19.177215 20.169492 0.000000
      vertex 19.177215 20.169492 0.400000
      vertex 21.202532 20.169492 0.400000
    endloop
  endfacet
  facet normal -1.000000 0.000000 0.000000
    outer loop
      vertex 19.177215 19.661017 0.000000
      vertex 19.177215 19.661017 0.400000
      vertex 19.177215 20.169492 0.400000
    endloop
  endfacet
  facet normal -1.000000 0.000000 0.000000
    outer loop
      vertex 19.177215 19.661017 0.000000
      vertex 19.177215 20.169492 0.400000
      vertex 19.177215 20.169492 0.000000
    endloop
  endfacet
  facet normal 1.000000 0.000000 0.000000
    outer loop
      vertex 21.202532 19.661017 0.000000
      vertex 21.202532 20.169492 0.000000
      vertex 21.202532 20.169492 0.400000
    endloop
  endfacet
  facet normal 1.000000 0.000000 0.000000
    outer loop
      vertex 21.202532 19.661017 0.000000
      vertex 21.202532 20.169492 0.400000
      vertex 21.202532 19.661017 0.400000
    endloop
  endfacet
  facet normal 0.000000 0.000000 -1.000000
    outer loop
      vertex 23.734177 19.661017 0.000000
      vertex 26.265823 20.169492 0.000000
      vertex 26.265823 19.661017 0.000000
    endloop
  endfacet
  facet normal 0.000000 0.000000 -1.000000
    outer loop
      vertex 23.734177 19.661017 0.000000
      vertex 23.734177 20.169492 0.000000
      vertex 26.265823 20.169492 0.000000
    endloop
  endfacet
  facet normal 0.000000 0.000000 1.000000
    outer loop
      vertex 23.734177 19.661017 0.400000
      vertex 26.265823 19.661017 0.400000
      vertex 26.265823 20.169492 0.400000
    endloop
  endfacet
  facet normal 0.000000 0.000000 1.000000
    outer loop
      vertex 23.734177 19.661017 0.400000
      vertex 26.265823 20.169492 0.400000
      vertex 23.734177 20.169492 0.400000
    endloop
  endfacet
  facet normal 0.000000 -1.000000 0.000000
    outer loop
      vertex 23.734177 19.661017 0.000000
      vertex 26.265823 19.661017 0.000000
      vertex 26.265823 19.661017 0.400000
    endloop
  endfacet
  facet normal 0.000000 -1.000000 0.000000
    outer loop
      vertex 23.734177 19.661017 0.000000
      vertex 26.265823 19.661017 0.400000
      vertex 23.734177 19.661017 0.400000
    endloop
  endfacet
  facet normal 0.000000 1.000000 0.000000
    outer loop
      vertex 23.734177 20.169492 0.000000
      vertex 26.265823 20.169492 0.400000
      vertex 26.265823 20.169492 0.000000
    endloop
  endfacet
  facet normal 0.000000 1.000000 0.000000
    outer loop
      vertex 23.734177 20.169492 0.000000
      vertex 23.734177 20.169492 0.400000
      vertex 26.265823 20.169492 0.400000
    endloop
  endfacet
  facet normal -1.000000 0.000000 0.000000
    outer loop
      vertex 23.734177 19.661017 0.000000
      vertex 23.734177 19.661017 0.400000
      vertex 23.734177 20.169492 0.400000
    endloop
  endfacet
  facet normal -1.000000 0.000000 0.000000
    outer loop
      vertex 23.734177 19.661017 0.000000
      vertex 23.734177 20.169492 0.400000
      vertex 23.734177 20.169492 0.000000
    endloop
  endfacet
  facet normal 1.000000 0.000000 0.000000
    outer loop
      vertex 26.265823 19.661017 0.000000
      vertex 26.265823 20.169492 0.000000
      vertex 26.265823 20.169492 0.400000
    endloop
  endfacet
  facet normal 1.000000 0.000000 0.000000
    outer loop
      vertex 26.265823 19.661017 0.000000
      vertex 26.265823 20.169492 0.400000
      vertex 26.265823 19.661017 0.400000
    endloop
  endfacet
  facet normal 0.000000 0.000000 -1.000000
    outer loop
      vertex 28.797468 19.661017 0.000000
      vertex 35.886076 20.169492 0.000000
      vertex 35.886076 19.661017 0.000000
    endloop
  endfacet
  facet normal 0.000000 0.000000 -1.000000
    outer loop
      vertex 28.797468 19.661017 0.000000
      vertex 28.797468 20.169492 0.000000
      vertex 35.886076 20.169492 0.000000
    endloop
  endfacet
  facet normal 0.000000 0.000000 1.000000
    outer loop
      vertex 28.797468 19.661017 0.400000
      vertex 35.886076 19.661017 0.400000
      vertex 35.886076 20.169492 0.400000
    endloop
  endfacet
  facet normal 0.000000 0.000000 1.000000
    outer loop
      vertex 28.797468 19.661017 0.400000
      vertex 35.886076 20.169492 0.400000
      vertex 28.797468 20.169492 0.400000
    endloop
  endfacet
  facet normal 0.000000 -1.000000 0.000000
    outer loop
      vertex 28.797468 19.661017 0.000000
      vertex 35.886076 19.661017 0.000000
      vertex 35.886076 19.661017 0.400000
    endloop
  endfacet
  facet normal 0.000000 -1.000000 0.000000
    outer loop
      vertex 28.797468 19.661017 0.000000
      vertex 35.886076 19.661017 0.400000
      vertex 28.797468 19.661017 0.400000
    endloop
  endfacet
  facet normal 0.000000 1.000000 0.000000
    outer loop
      vertex 28.797468 20.169492 0.000000
      vertex 35.886076 20.169492 0.400000
      vertex 35.886076 20.169492 0.000000
    endloop
  endfacet
  facet normal 0.000000 1.000000 0.000000
    outer loop
      vertex 28.797468 20.169492 0.000000
      vertex 28.797468 20.169492 0.400000
      vertex 35.886076 20.169492 0.400000
    endloop
  endfacet
  facet normal -1.000000 0.000000 0.000000
    outer loop
      vertex 28.797468 19.661017 0.000000
      vertex 28.797468 19.661017 0.400000
      vertex 28.797468 20.169492 0.400000
    endloop
  endfacet
  facet normal -1.000000 0.000000 0.000000
    outer loop
      vertex 28.797468 19.661017 0.000000
      vertex 28.797468 20.169492 0.400000
      vertex 28.797468 20.169492 0.000000
    endloop
  endfacet
  facet normal 1.000000 0.000000 0.000000
    outer loop
      vertex 35.886076 19.661017 0.000000
      vertex 35.886076 20.169492 0.000000
      vertex 35.886076 20.169492 0.400000
    endloop
  endfacet
  facet normal 1.000000 0.000000 0.000000
    outer loop
      vertex 35.886076 19.661017 0.000000
      vertex 35.886076 20.169492 0.400000
      vertex 35.886076 19.661017 0.400000
    endloop
  endfacet
  facet normal 0.000000 0.000000 -1.000000
    outer loop
      vertex 38.417722 19.661017 0.000000
      vertex 45.000000 20.169492 0.000000
      vertex 45.000000 19.661017 0.000000
    endloop
  endfacet
  facet normal 0.000000 0.000000 -1.000000
    outer loop
      vertex 38.417722 19.661017 0.000000
      vertex 38.417722 20.169492 0.000000
      vertex 45.000000 20.169492 0.000000
    endloop
  endfacet
  facet normal 0.000000 0.000000 1.000000
    outer loop
      vertex 38.417722 19.661017 0.400000
      vertex 45.000000 19.661017 0.400000
      vertex 45.000000 20.169492 0.400000
    endloop
  endfacet
  facet normal 0.000000 0.000000 1.000000
    outer loop
      vertex 38.417722 19.661017 0.400000
      vertex 45.000000 20.169492 0.400000
      vertex 38.417722 20.169492 0.400000
    endloop
  endfacet
  facet normal 0.000000 -1.000000 0.000000
    outer loop
      vertex 38.417722 19.661017 0.000000
      vertex 45.000000 19.661017 0.000000
      vertex 45.000000 19.661017 0.400000
    endloop
  endfacet
  facet normal 0.000000 -1.000000 0.000000
    outer loop
      vertex 38.417722 19.661017 0.000000
      vertex 45.000000 19.661017 0.400000
      vertex 38.417722 19.661017 0.400000
    endloop
  endfacet
  facet normal 0.000000 1.000000 0.000000
    outer loop
      vertex 38.417722 20.169492 0.000000
      vertex 45.000000 20.169492 0.400000
      vertex 45.000000 20.169492 0.000000
    endloop
  endfacet
  facet normal 0.000000 1.000000 0.000000
    outer loop
      vertex 38.417722 20.169492 0.000000
      vertex 38.417722 20.169492 0.400000
      vertex 45.000000 20.169492 0.400000
    endloop
  endfacet
  facet normal -1.000000 0.000000 0.000000
    outer loop
      vertex 38.417722 19.661017 0.000000
      vertex 38.417722 19.661017 0.400000
      vertex 38.417722 20.169492 0.400000
    endloop
  endfacet
  facet normal -1.000000 0.000000 0.000000
    outer loop
      vertex 38.417722 19.661017 0.000000
      vertex 38.417722 20.169492 0.400000
      vertex 38.417722 20.169492 0.000000
    endloop
  endfacet
  facet normal 1.000000 0.000000 0.000000
    outer loop
      vertex 45.000000 19.661017 0.000000
      vertex 45.000000 20.169492 0.000000
      vertex 45.000000 20.169492 0.400000
    endloop
  endfacet
  facet normal 1.000000 0.000000 0.000000
    outer loop
      vertex 45.000000 19.661017 0.000000
      vertex 45.000000 20.169492 0.400000
      vertex 45.000000 19.661017 0.400000
    endloop
  endfacet
  facet normal 0.000000 0.000000 -1.000000
    outer loop
      vertex 5.000000 19.152542 0.000000
      vertex 12.594937 19.661017 0.000000
      vertex 12.594937 19.152542 0.000000
    endloop
  endfacet
  facet normal 0.000000 0.000000 -1.000000
    outer loop
      vertex 5.000000 19.152542 0.000000
      vertex 5.000000 19.661017 0.000000
      vertex 12.594937 19.661017 0.000000
    endloop
  endfacet
  facet normal 0.000000 0.000000 1.000000
    outer loop
      vertex 5.000000 19.152542 0.400000
      vertex 12.594937 19.152542 0.400000
      vertex 12.594937 19.661017 0.400000
    endloop
  endfacet
  facet normal 0.000000 0.000000 1.000000
    outer loop
      vertex 5.000000 19.152542 0.400000
      vertex 12.594937 19.661017 0.400000
      vertex 5.000000 19.661017 0.400000
    endloop
  endfacet
  facet normal 0.000000 -1.000000 0.000000
    outer loop
      vertex 5.000000 19.152542 0.000000
      vertex 12.594937 19.152542 0.000000
      vertex 12.594937 19.152542 0.400000
    endloop
  endfacet
  facet normal 0.000000 -1.000000 0.000000
    outer loop
      vertex 5.000000 19.152542 0.000000
      vertex 12.594937 19.152542 0.400000
      vertex 5.000000 19.152542 0.400000
    endloop
  endfacet
  facet normal 0.000000 1.000000 0.000000
    outer loop
      vertex 5.000000 19.661017 0.000000
      vertex 12.594937 19.661017 0.400000
      vertex 12.594937 19.661017 0.000000
    endloop
  endfacet
  facet normal 0.000000 1.000000 0.000000
    outer loop
      vertex 5.000000 19.661017 0.000000
      vertex 5.000000 19.661017 0.400000
      vertex 12.594937 19.661017 0.400000
    endloop
  endfacet
  facet normal -1.000000 0.000000 0.000000
    outer loop
      vertex 5.000000 19.152542 0.000000
      vertex 5.000000 19.152542 0.400000
      vertex 5.000000 19.661017 0.400000
    endloop
  endfacet
  facet normal -1.000000 0.000000 0.000000
    outer loop
      vertex 5.000000 19.152542 0.000000
      vertex 5.000000 19.661017 0.400000
      vertex 5.000000 19.661017 0.000000
    endloop
  endfacet
  facet normal 1.000000 0.000000 0.000000
    outer loop
      vertex 12.594937 19.152542 0.000000
      vertex 12.594937 19.661017 0.000000
      vertex 12.594937 19.661017 0.400000
    endloop
  endfacet
  facet normal 1.000000 0.000000 0.000000
    outer loop
      vertex 12.594937 19.152542 0.000000
      vertex 12.594937 19.661017 0.400000
      vertex 12.594937 19.152542 0.400000
    endloop
  endfacet
  facet normal 0.000000 0.000000 -1.000000
    outer loop
      vertex 19.177215 19.152542 0.000000
      vertex 21.202532 19.661017 0.000000
      vertex 21.202532 19.152542 0.000000
    endloop
  endfacet
  facet normal 0.000000 0.000000 -1.000000
    outer loop
      vertex 19.177215 19.152542 0.000000
      vertex 19.177215 19.661017 0.000000
      vertex 21.202532 19.661017 0.000000
    endloop
  endfacet
  facet normal 0.000000 0.000000 1.000000
    outer loop
      vertex 19.177215 19.152542 0.400000
      vertex 21.202532 19.152542 0.400000
      vertex 21.202532 19.661017 0.400000
    endloop
  endfacet
  facet normal 0.000000 0.000000 1.000000
    outer loop
      vertex 19.177215 19.152542 0.400000
      vertex 21.202532 19.661017 0.400000
      vertex 19.177215 19.661017 0.400000
    endloop
  endfacet
  facet normal 0.000000 -1.000000 0.000000
    outer loop
      vertex 19.177215 19.152542 0.000000
      vertex 21.202532 19.152542 0.000000
      vertex 21.202532 19.152542 0.400000
    endloop
  endfacet
  facet normal 0.000000 -1.000000 0.000000
    outer loop
      vertex 19.177215 19.152542 0.000000
      vertex 21.202532 19.152542 0.400000
      vertex 19.177215 19.152542 0.400000
    endloop
  endfacet
  facet normal 0.000000 1.000000 0.000000
    outer loop
      vertex 19.177215 19.661017 0.000000
      vertex 21.202532 19.661017 0.400000
      vertex 21.202532 19.661017 0.000000
    endloop
  endfacet
  facet normal 0.000000 1.000000 0.000000
    outer loop
      vertex 19.177215 19.661017 0.000000
      vertex 19.177215 19.661017 0.400000
      vertex 21.202532 19.661017 0.400000
    endloop
  endfacet
  facet normal -1.000000 0.000000 0.000000
    outer loop
      vertex 19.177215 19.152542 0.000000
      vertex 19.177215 19.152542 0.400000
      vertex 19.177215 19.661017 0.400000
    endloop
  endfacet
  facet normal -1.000000 0.000000 0.000000
    outer loop
      vertex 19.177215 19.152542 0.000000
      vertex 19.177215 19.661017 0.400000
      vertex 19.177215 19.661017 0.000000
    endloop
  endfacet
  facet normal 1.000000 0.000000 0.000000
    outer loop
      vertex 21.202532 19.152542 0.000000
      vertex 21.202532 19.661017 0.000000
      vertex 21.202532 19.661017 0.400000
    endloop
  endfacet
  facet normal 1.000000 0.000000 0.000000
    outer loop
      vertex 21.202532 19.152542 0.000000
      vertex 21.202532 19.661017 0.400000
      vertex 21.202532 19.152542 0.400000
    endloop
  endfacet
  facet normal 0.000000 0.000000 -1.000000
    outer loop
      vertex 23.734177 19.152542 0.000000
      vertex 26.772152 19.661017 0.000000
      vertex 26.772152 19.152542 0.000000
    endloop
  endfacet
  facet normal 0.000000 0.000000 -1.000000
    outer loop
      vertex 23.734177 19.152542 0.000000
      vertex 23.734177 19.661017 0.000000
      vertex 26.772152 19.661017 0.000000
    endloop
  endfacet
  facet normal 0.000000 0.000000 1.000000
    outer loop
      vertex 23.734177 19.152542 0.400000
      vertex 26.772152 19.152542 0.400000
      vertex 26.772152 19.661017 0.400000
    endloop
  endfacet
  facet normal 0.000000 0.000000 1.000000
    outer loop
      vertex 23.734177 19.152542 0.400000
      vertex 26.772152 19.661017 0.400000
      vertex 23.734177 19.661017 0.400000
    endloop
  endfacet
  facet normal 0.000000 -1.000000 0.000000
    outer loop
      vertex 23.734177 19.152542 0.000000
      vertex 26.772152 19.152542 0.000000
      vertex 26.772152 19.152542 0.400000
    endloop
  endfacet
  facet normal 0.000000 -1.000000 0.000000
    outer loop
      vertex 23.734177 19.152542 0.000000
      vertex 26.772152 19.152542 0.400000
      vertex 23.734177 19.152542 0.400000
    endloop
  endfacet
  facet normal 0.000000 1.000000 0.000000
    outer loop
      vertex 23.734177 19.661017 0.000000
      vertex 26.772152 19.661017 0.400000
      vertex 26.772152 19.661017 0.000000
    endloop
  endfacet
  facet normal 0.000000 1.000000 0.000000
    outer loop
      vertex 23.734177 19.661017 0.000000
      vertex 23.734177 19.661017 0.400000
      vertex 26.772152 19.661017 0.400000
    endloop
  endfacet
  facet normal -1.000000 0.000000 0.000000
    outer loop
      vertex 23.734177 19.152542 0.000000
      vertex 23.734177 19.152542 0.400000
      vertex 23.734177 19.661017 0.400000
    endloop
  endfacet
  facet normal -1.000000 0.000000 0.000000
    outer loop
      vertex 23.734177 19.152542 0.000000
      vertex 23.734177 19.661017 0.400000
      vertex 23.734177 19.661017 0.000000
    endloop
  endfacet
  facet normal 1.000000 0.000000 0.000000
    outer loop
      vertex 26.772152 19.152542 0.000000
      vertex 26.772152 19.661017 0.000000
      vertex 26.772152 19.661017 0.400000
    endloop
  endfacet
  facet normal 1.000000 0.000000 0.000000
    outer loop
      vertex 26.772152 19.152542 0.000000
      vertex 26.772152 19.661017 0.400000
      vertex 26.772152 19.152542 0.400000
    endloop
  endfacet
  facet normal 0.000000 0.000000 -1.000000
    outer loop
      vertex 29.303797 19.152542 0.000000
      vertex 32.848101 19.661017 0.000000
      vertex 32.848101 19.152542 0.000000
    endloop
  endfacet
  facet normal 0.000000 0.000000 -1.000000
    outer loop
      vertex 29.303797 19.152542 0.000000
      vertex 29.303797 19.661017 0.000000
      vertex 32.848101 19.661017 0.000000
    endloop
  endfacet
  facet normal 0.000000 0.000000 1.000000
    outer loop
      vertex 29.303797 19.152542 0.400000
      vertex 32.848101 19.152542 0.400000
      vertex 32.848101 19.661017 0.400000
    endloop
  endfacet
  facet normal 0.000000 0.000000 1.000000
    outer loop
      vertex 29.303797 19.152542 0.400000
      vertex 32.848101 19.661017 0.400000
      vertex 29.303797 19.661017 0.400000
    endloop
  endfacet
  facet normal 0.000000 -1.000000 0.000000
    outer loop
      vertex 29.303797 19.152542 0.000000
      vertex 32.848101 19.152542 0.000000
      vertex 32.848101 19.152542 0.400000
    endloop
  endfacet
  facet normal 0.000000 -1.000000 0.000000
    outer loop
      vertex 29.303797 19.152542 0.000000
      vertex 32.848101 19.152542 0.400000
      vertex 29.303797 19.152542 0.400000
    endloop
  endfacet
  facet normal 0.000000 1.000000 0.000000
    outer loop
      vertex 29.303797 19.661017 0.000000
      vertex 32.848101 19.661017 0.400000
      vertex 32.848101 19.661017 0.000000
    endloop
  endfacet
  facet normal 0.000000 1.000000 0.000000
    outer loop
      vertex 29.303797 19.661017 0.000000
      vertex 29.303797 19.661017 0.400000
      vertex 32.848101 19.661017 0.400000
    endloop
  endfacet
  facet normal -1.000000 0.000000 0.000000
    outer loop
      vertex 29.303797 19.152542 0.000000
      vertex 29.303797 19.152542 0.400000
      vertex 29.303797 19.661017 0.400000
    endloop
  endfacet
  facet normal -1.000000 0.000000 0.000000
    outer loop
      vertex 29.303797 19.152542 0.000000
      vertex 29.303797 19.661017 0.400000
      vertex 29.303797 19.661017 0.000000
    endloop
  endfacet
  facet normal 1.000000 0.000000 0.000000
    outer loop
      vertex 32.848101 19.152542 0.000000
      vertex 32.848101 19.661017 0.000000
      vertex 32.848101 19.661017 0.400000
    endloop
  endfacet
  facet normal 1.000000 0.000000 0.000000
    outer loop
      vertex 32.848101 19.152542 0.000000
      vertex 32.848101 19.661017 0.400000
      vertex 32.848101 19.152542 0.400000
    endloop
  endfacet
  facet normal 0.000000 0.000000 -1.000000
    outer loop
      vertex 35.379747 19.152542 0.000000
      vertex 35.886076 19.661017 0.000000
      vertex 35.886076 19.152542 0.000000
    endloop
  endfacet
  facet normal 0.000000 0.000000 -1.000000
    outer loop
      vertex 35.379747 19.152542 0.000000
      vertex 35.379747 19.661017 0.000000
      vertex 35.886076 19.661017 0.000000
    endloop
  endfacet
  facet normal 0.000000 0.000000 1.000000
    outer loop
      vertex 35.379747 19.152542 0.400000
      vertex 35.886076 19.152542 0.400000
      vertex 35.886076 19.661017 0.400000
    endloop
  endfacet
  facet normal 0.000000 0.000000 1.000000
    outer loop
      vertex 35.379747 19.152542 0.400000
      vertex 35.886076 19.661017 0.400000
      vertex 35.379747 19.661017 0.400000
    endloop
  endfacet
  facet normal 0.000000 -1.000000 0.000000
    outer loop
      vertex 35.379747 19.152542 0.000000
      vertex 35.886076 19.152542 0.000000
      vertex 35.886076 19.152542 0.400000
    endloop
  endfacet
  facet normal 0.000000 -1.000000 0.000000
    outer loop
      vertex 35.379747 19.152542 0.000000
      vertex 35.886076 19.152542 0.400000
      vertex 35.379747 19.152542 0.400000
    endloop
  endfacet
  facet normal 0.000000 1.000000 0.000000
    outer loop
      vertex 35.379747 19.661017 0.000000
      vertex 35.886076 19.661017 0.400000
      vertex 35.886076 19.661017 0.000000
    endloop
  endfacet
  facet normal 0.000000 1.000000 0.000000
    outer loop
      vertex 35.379747 19.661017 0.000000
      vertex 35.379747 19.661017 0.400000
      vertex 35.886076 19.661017 0.400000
    endloop
  endfacet
  facet normal -1.000000 0.000000 0.000000
    outer loop
      vertex 35.379747 19.152542 0.000000
      vertex 35.379747 19.152542 0.400000
      vertex 35.379747 19.661017 0.400000
    endloop
  endfacet
  facet normal -1.000000 0.000000 0.000000
    outer loop
      vertex 35.379747 19.152542 0.000000
      vertex 35.379747 19.661017 0.400000
      vertex 35.379747 19.661017 0.000000
    endloop
  endfacet
  facet normal 1.000000 0.000000 0.000000
    outer loop
      vertex 35.886076 19.152542 0.000000
      vertex 35.886076 19.661017 0.000000
      vertex 35.886076 19.661017 0.400000
    endloop
  endfacet
  facet normal 1.000000 0.000000 0.000000
    outer loop
      vertex 35.886076 19.152542 0.000000
      vertex 35.886076 19.661017 0.400000
      vertex 35.886076 19.152542 0.400000
    endloop
  endfacet
  facet normal 0.000000 0.000000 -1.000000
    outer loop
      vertex 38.417722 19.152542 0.000000
      vertex 45.000000 19.661017 0.000000
      vertex 45.000000 19.152542 0.000000
    endloop
  endfacet
  facet normal 0.000000 0.000000 -1.000000
    outer loop
      vertex 38.417722 19.152542 0.000000
      vertex 38.417722 19.661017 0.000000
      vertex 45.000000 19.661017 0.000000
    endloop
  endfacet
  facet normal 0.000000 0.000000 1.000000
    outer loop
      vertex 38.417722 19.152542 0.400000
      vertex 45.000000 19.152542 0.400000
      vertex 45.000000 19.661017 0.400000
    endloop
  endfacet
  facet normal 0.000000 0.000000 1.000000
    outer loop
      vertex 38.417722 19.152542 0.400000
      vertex 45.000000 19.661017 0.400000
      vertex 38.417722 19.661017 0.400000
    endloop
  endfacet
  facet normal 0.000000 -1.000000 0.000000
    outer loop
      vertex 38.417722 19.152542 0.000000
      vertex 45.000000 19.152542 0.000000
      vertex 45.000000 19.152542 0.400000
    endloop
  endfacet
  facet normal 0.000000 -1.000000 0.000000
    outer loop
      vertex 38.417722 19.152542 0.000000
      vertex 45.000000 19.152542 0.400000
      vertex 38.417722 19.152542 0.400000
    endloop
  endfacet
  facet normal 0.000000 1.000000 0.000000
    outer loop
      vertex 38.417722 19.661017 0.000000
      vertex 45.000000 19.661017 0.400000
      vertex 45.000000 19.661017 0.000000
    endloop
  endfacet
  facet normal 0.000000 1.000000 0.000000
    outer loop
      vertex 38.417722 19.661017 0.000000
      vertex 38.417722 19.661017 0.400000
      vertex 45.000000 19.661017 0.400000
    endloop
  endfacet
  facet normal -1.000000 0.000000 0.000000
    outer loop
      vertex 38.417722 19.152542 0.000000
      vertex 38.417722 19.152542 0.400000
      vertex 38.417722 19.661017 0.400000
    endloop
  endfacet
  facet normal -1.000000 0.000000 0.000000
    outer loop
      vertex 38.417722 19.152542 0.000000
      vertex 38.417722 19.661017 0.400000
      vertex 38.417722 19.661017 0.000000
    endloop
  endfacet
  facet normal 1.000000 0.000000 0.000000
    outer loop
      vertex 45.000000 19.152542 0.000000
      vertex 45.000000 19.661017 0.000000
      vertex 45.000000 19.661017 0.400000
    endloop
  endfacet
  facet normal 1.000000 0.000000 0.000000
    outer loop
      vertex 45.000000 19.152542 0.000000
      vertex 45.000000 19.661017 0.400000
      vertex 45.000000 19.152542 0.400000
    endloop
  endfacet
  facet normal 0.000000 0.000000 -1.000000
    outer loop
      vertex 5.000000 18.644068 0.000000
      vertex 12.594937 19.152542 0.000000
      vertex 12.594937 18.644068 0.000000
    endloop
  endfacet
  facet normal 0.000000 0.000000 -1.000000
    outer loop
      vertex 5.000000 18.644068 0.000000
      vertex 5.000000 19.152542 0.000000
      vertex 12.594937 19.152542 0.000000
    endloop
  endfacet
  facet normal 0.000000 0.000000 1.000000
    outer loop
      vertex 5.000000 18.644068 0.400000
      vertex 12.594937 18.644068 0.400000
      vertex 12.594937 19.152542 0.400000
    endloop
  endfacet
  facet normal 0.000000 0.000000 1.000000
    outer loop
      vertex 5.000000 18.644068 0.400000
      vertex 12.594937 19.152542 0.400000
      vertex 5.000000 19.152542 0.400000
    endloop
  endfacet
  facet normal 0.000000 -1.000000 0.000000
    outer loop
      vertex 5.000000 18.644068 0.000000
      vertex 12.594937 18.644068 0.000000
      vertex 12.594937 18.644068 0.400000
    endloop
  endfacet
  facet normal 0.000000 -1.000000 0.000000
    outer loop
      vertex 5.000000 18.644068 0.000000
      vertex 12.594937 18.644068 0.400000
      vertex 5.000000 18.644068 0.400000
    endloop
  endfacet
  facet normal 0.000000 1.000000 0.000000
    outer loop
      vertex 5.000000 19.152542 0.000000
      vertex 12.594937 19.152542 0.400000
      vertex 12.594937 19.152542 0.000000
    endloop
  endfacet
  facet normal 0.000000 1.000000 0.000000
    outer loop
      vertex 5.000000 19.152542 0.000000
      vertex 5.000000 19.152542 0.400000
      vertex 12.594937 19.152542 0.400000
    endloop
  endfacet
  facet normal -1.000000 0.000000 0.000000
    outer loop
      vertex 5.000000 18.644068 0.000000
      vertex 5.000000 18.644068 0.400000
      vertex 5.000000 19.152542 0.400000
    endloop
  endfacet
  facet normal -1.000000 0.000000 0.000000
    outer loop
      vertex 5.000000 18.644068 0.000000
      vertex 5.000000 19.152542 0.400000
      vertex 5.000000 19.152542 0.000000
    endloop
  endfacet
  facet normal 1.000000 0.000000 0.000000
    outer loop
      vertex 12.594937 18.644068 0.000000
      vertex 12.594937 19.152542 0.000000
      vertex 12.594937 19.152542 0.400000
    endloop
  endfacet
  facet normal 1.000000 0.000000 0.000000
    outer loop
      vertex 12.594937 18.644068 0.000000
      vertex 12.594937 19.152542 0.400000
      vertex 12.594937 18.644068 0.400000
    endloop
  endfacet
  facet normal 0.000000 0.000000 -1.000000
    outer loop
      vertex 15.126582 18.644068 0.000000
      vertex 18.164557 19.152542 0.000000
      vertex 18.164557 18.644068 0.000000
    endloop
  endfacet
  facet normal 0.000000 0.000000 -1.000000
    outer loop
      vertex 15.126582 18.644068 0.000000
      vertex 15.126582 19.152542 0.000000
      vertex 18.164557 19.152542 0.000000
    endloop
  endfacet
  facet normal 0.000000 0.000000 1.000000
    outer loop
      vertex 15.126582 18.644068 0.400000
      vertex 18.164557 18.644068 0.400000
      vertex 18.164557 19.152542 0.400000
    endloop
  endfacet
  facet normal 0.000000 0.000000 1.000000
    outer loop
      vertex 15.126582 18.644068 0.400000
      vertex 18.164557 19.152542 0.400000
      vertex 15.126582 19.152542 0.400000
    endloop
  endfacet
  facet normal 0.000000 -1.000000 0.000000
    outer loop
      vertex 15.126582 18.644068 0.000000
      vertex 18.164557 18.644068 0.000000
      vertex 18.164557 18.644068 0.400000
    endloop
  endfacet
  facet normal 0.000000 -1.000000 0.000000
    outer loop
      vertex 15.126582 18.644068 0.000000
      vertex 18.164557 18.644068 0.400000
      vertex 15.126582 18.644068 0.400000
    endloop
  endfacet
  facet normal 0.000000 1.000000 0.000000
    outer loop
      vertex 15.126582 19.152542 0.000000
      vertex 18.164557 19.152542 0.400000
      vertex 18.164557 19.152542 0.000000
    endloop
  endfacet
  facet normal 0.000000 1.000000 0.000000
    outer loop
      vertex 15.126582 19.152542 0.000000
      vertex 15.126582 19.152542 0.400000
      vertex 18.164557 19.152542 0.400000
    endloop
  endfacet
  facet normal -1.000000 0.000000 0.000000
    outer loop
      vertex 15.126582 18.644068 0.000000
      vertex 15.126582 18.644068 0.400000
      vertex 15.126582 19.152542 0.400000
    endloop
  endfacet
  facet normal -1.000000 0.000000 0.000000
    outer loop
      vertex 15.126582 18.644068 0.000000
      vertex 15.126582 19.152542 0.400000
      vertex 15.126582 19.152542 0.000000
    endloop
  endfacet
  facet normal 1.000000 0.000000 0.000000
    outer loop
      vertex 18.164557 18.644068 0.000000
      vertex 18.164557 19.152542 0.000000
      vertex 18.164557 19.152542 0.400000
    endloop
  endfacet
  facet normal 1.000000 0.000000 0.000000
    outer loop
      vertex 18.164557 18.644068 0.000000
      vertex 18.164557 19.152542 0.400000
      vertex 18.164557 18.644068 0.400000
    endloop
  endfacet
  facet normal 0.000000 0.000000 -1.000000
    outer loop
      vertex 19.177215 18.644068 0.000000
      vertex 21.202532 19.152542 0.000000
      vertex 21.202532 18.644068 0.000000
    endloop
  endfacet
  facet normal 0.000000 0.000000 -1.000000
    outer loop
      vertex 19.177215 18.644068 0.000000
      vertex 19.177215 19.152542 0.000000
      vertex 21.202532 19.152542 0.000000
    endloop
  endfacet
  facet normal 0.000000 0.000000 1.000000
    outer loop
      vertex 19.177215 18.644068 0.400000
      vertex 21.202532 18.644068 0.400000
      vertex 21.202532 19.152542 0.400000
    endloop
  endfacet
  facet normal 0.000000 0.000000 1.000000
    outer loop
      vertex 19.177215 18.644068 0.400000
      vertex 21.202532 19.152542 0.400000
      vertex 19.177215 19.152542 0.400000
    endloop
  endfacet
  facet normal 0.000000 -1.000000 0.000000
    outer loop
      vertex 19.177215 18.644068 0.000000
      vertex 21.202532 18.644068 0.000000
      vertex 21.202532 18.644068 0.400000
    endloop
  endfacet
  facet normal 0.000000 -1.000000 0.000000
    outer loop
      vertex 19.177215 18.644068 0.000000
      vertex 21.202532 18.644068 0.400000
      vertex 19.177215 18.644068 0.400000
    endloop
  endfacet
  facet normal 0.000000 1.000000 0.000000
    outer loop
      vertex 19.177215 19.152542 0.000000
      vertex 21.202532 19.152542 0.400000
      vertex 21.202532 19.152542 0.000000
    endloop
  endfacet
  facet normal 0.000000 1.000000 0.000000
    outer loop
      vertex 19.177215 19.152542 0.000000
      vertex 19.177215 19.152542 0.400000
      vertex 21.202532 19.152542 0.400000
    endloop
  endfacet
  facet normal -1.000000 0.000000 0.000000
    outer loop
      vertex 19.177215 18.644068 0.000000
      vertex 19.177215 18.644068 0.400000
      vertex 19.177215 19.152542 0.400000
    endloop
  endfacet
  facet normal -1.000000 0.000000 0.000000
    outer loop
      vertex 19.177215 18.644068 0.000000
      vertex 19.177215 19.152542 0.400000
      vertex 19.177215 19.152542 0.000000
    endloop
  endfacet
  facet normal 1.000000 0.000000 0.000000
    outer loop
      vertex 21.202532 18.644068 0.000000
      vertex 21.202532 19.152542 0.000000
      vertex 21.202532 19.152542 0.400000
    endloop
  endfacet
  facet normal 1.000000 0.000000 0.000000
    outer loop
      vertex 21.202532 18.644068 0.000000
      vertex 21.202532 19.152542 0.400000
      vertex 21.202532 18.644068 0.400000
    endloop
  endfacet
  facet normal 0.000000 0.000000 -1.000000
    outer loop
      vertex 23.734177 18.644068 0.000000
      vertex 26.772152 19.152542 0.000000
      vertex 26.772152 18.644068 0.000000
    endloop
  endfacet
  facet normal 0.000000 0.000000 -1.000000
    outer loop
      vertex 23.734177 18.644068 0.000000
      vertex 23.734177 19.152542 0.000000
      vertex 26.772152 19.152542 0.000000
    endloop
  endfacet
  facet normal 0.000000 0.000000 1.000000
    outer loop
      vertex 23.734177 18.644068 0.400000
      vertex 26.772152 18.644068 0.400000
      vertex 26.772152 19.152542 0.400000
    endloop
  endfacet
  facet normal 0.000000 0.000000 1.000000
    outer loop
      vertex 23.734177 18.644068 0.400000
      vertex 26.772152 19.152542 0.400000
      vertex 23.734177 19.152542 0.400000
    endloop
  endfacet
  facet normal 0.000000 -1.000000 0.000000
    outer loop
      vertex 23.734177 18.644068 0.000000
      vertex 26.772152 18.644068 0.000000
      vertex 26.772152 18.644068 0.400000
    endloop
  endfacet
  facet normal 0.000000 -1.000000 0.000000
    outer loop
      vertex 23.734177 18.644068 0.000000
      vertex 26.772152 18.644068 0.400000
      vertex 23.734177 18.644068 0.400000
    endloop
  endfacet
  facet normal 0.000000 1.000000 0.000000
    outer loop
      vertex 23.734177 19.152542 0.000000
      vertex 26.772152 19.152542 0.400000
      vertex 26.772152 19.152542 0.000000
    endloop
  endfacet
  facet normal 0.000000 1.000000 0.000000
    outer loop
      vertex 23.734177 19.152542 0.000000
      vertex 23.734177 19.152542 0.400000
      vertex 26.772152 19.152542 0.400000
    endloop
  endfacet
  facet normal -1.000000 0.000000 0.000000
    outer loop
      vertex 23.734177 18.644068 0.000000
      vertex 23.734177 18.644068 0.400000
      vertex 23.734177 19.152542 0.400000
    endloop
  endfacet
  facet normal -1.000000 0.000000 0.000000
    outer loop
      vertex 23.734177 18.644068 0.000000
      vertex 23.734177 19.152542 0.400000
      vertex 23.734177 19.152542 0.000000
    endloop
  endfacet
  facet normal 1.000000 0.000000 0.000000
    outer loop
      vertex 26.772152 18.644068 0.000000
      vertex 26.772152 19.152542 0.000000
      vertex 26.772152 19.152542 0.400000
    endloop
  endfacet
  facet normal 1.000000 0.000000 0.000000
    outer loop
      vertex 26.772152 18.644068 0.000000
      vertex 26.772152 19.152542 0.400000
      vertex 26.772152 18.644068 0.400000
    endloop
  endfacet
  facet normal 0.000000 0.000000 -1.000000
    outer loop
      vertex 29.303797 18.644068 0.000000
      vertex 31.835443 19.152542 0.000000
      vertex 31.835443 18.644068 0.000000
    endloop
  endfacet
  facet normal 0.000000 0.000000 -1.000000
    outer loop
      vertex 29.303797 18.644068 0.000000
      vertex 29.303797 19.152542 0.000000
      vertex 31.835443 19.152542 0.000000
    endloop
  endfacet
  facet normal 0.000000 0.000000 1.000000
    outer loop
      vertex 29.303797 18.644068 0.400000
      vertex 31.835443 18.644068 0.400000
      vertex 31.835443 19.152542 0.400000
    endloop
  endfacet
  facet normal 0.000000 0.000000 1.000000
    outer loop
      vertex 29.303797 18.644068 0.400000
      vertex 31.835443 19.152542 0.400000
      vertex 29.303797 19.152542 0.400000
    endloop
  endfacet
  facet normal 0.000000 -1.000000 0.000000
    outer loop
      vertex 29.303797 18.644068 0.000000
      vertex 31.835443 18.644068 0.000000
      vertex 31.835443 18.644068 0.400000
    endloop
  endfacet
  facet normal 0.000000 -1.000000 0.000000
    outer loop
      vertex 29.303797 18.644068 0.000000
      vertex 31.835443 18.644068 0.400000
      vertex 29.303797 18.644068 0.400000
    endloop
  endfacet
  facet normal 0.000000 1.000000 0.000000
    outer loop
      vertex 29.303797 19.152542 0.000000
      vertex 31.835443 19.152542 0.400000
      vertex 31.835443 19.152542 0.000000
    endloop
  endfacet
  facet normal 0.000000 1.000000 0.000000
    outer loop
      vertex 29.303797 19.152542 0.000000
      vertex 29.303797 19.152542 0.400000
      vertex 31.835443 19.152542 0.400000
    endloop
  endfacet
  facet normal -1.000000 0.000000 0.000000
    outer loop
      vertex 29.303797 18.644068 0.000000
      vertex 29.303797 18.644068 0.400000
      vertex 29.303797 19.152542 0.400000
    endloop
  endfacet
  facet normal -1.000000 0.000000 0.000000
    outer loop
      vertex 29.303797 18.644068 0.000000
      vertex 29.303797 19.152542 0.400000
      vertex 29.303797 19.152542 0.000000
    endloop
  endfacet
  facet normal 1.000000 0.000000 0.000000
    outer loop
      vertex 31.835443 18.644068 0.000000
      vertex 31.835443 19.152542 0.000000
      vertex 31.835443 19.152542 0.400000
    endloop
  endfacet
  facet normal 1.000000 0.000000 0.000000
    outer loop
      vertex 31.835443 18.644068 0.000000
      vertex 31.835443 19.152542 0.400000
      vertex 31.835443 18.644068 0.400000
    endloop
  endfacet
  facet normal 0.000000 0.000000 -1.000000
    outer loop
      vertex 38.417722 18.644068 0.000000
      vertex 45.000000 19.152542 0.000000
      vertex 45.000000 18.644068 0.000000
    endloop
  endfacet
  facet normal 0.000000 0.000000 -1.000000
    outer loop
      vertex 38.417722 18.644068 0.000000
      vertex 38.417722 19.152542 0.000000
      vertex 45.000000 19.152542 0.000000
    endloop
  endfacet
  facet normal 0.000000 0.000000 1.000000
    outer loop
      vertex 38.417722 18.644068 0.400000
      vertex 45.000000 18.644068 0.400000
      vertex 45.000000 19.152542 0.400000
    endloop
  endfacet
  facet normal 0.000000 0.000000 1.000000
    outer loop
      vertex 38.417722 18.644068 0.400000
      vertex 45.000000 19.152542 0.400000
      vertex 38.417722 19.152542 0.400000
    endloop
  endfacet
  facet normal 0.000000 -1.000000 0.000000
    outer loop
      vertex 38.417722 18.644068 0.000000
      vertex 45.000000 18.644068 0.000000
      vertex 45.000000 18.644068 0.400000
    endloop
  endfacet
  facet normal 0.000000 -1.000000 0.000000
    outer loop
      vertex 38.417722 18.644068 0.000000
      vertex 45.000000 18.644068 0.400000
      vertex 38.417722 18.644068 0.400000
    endloop
  endfacet
  facet normal 0.000000 1.000000 0.000000
    outer loop
      vertex 38.417722 19.152542 0.000000
      vertex 45.000000 19.152542 0.400000
      vertex 45.000000 19.152542 0.000000
    endloop
  endfacet
  facet normal 0.000000 1.000000 0.000000
    outer loop
      vertex 38.417722 19.152542 0.000000
      vertex 38.417722 19.152542 0.400000
      vertex 45.000000 19.152542 0.400000
    endloop
  endfacet
  facet normal -1.000000 0.000000 0.000000
    outer loop
      vertex 38.417722 18.644068 0.000000
      vertex 38.417722 18.644068 0.400000
      vertex 38.417722 19.152542 0.400000
    endloop
  endfacet
  facet normal -1.000000 0.000000 0.000000
    outer loop
      vertex 38.417722 18.644068 0.000000
      vertex 38.417722 19.152542 0.400000
      vertex 38.417722 19.152542 0.000000
    endloop
  endfacet
  facet normal 1.000000 0.000000 0.000000
    outer loop
      vertex 45.000000 18.644068 0.000000
      vertex 45.000000 19.152542 0.000000
      vertex 45.000000 19.152542 0.400000
    endloop
  endfacet
  facet normal 1.000000 0.000000 0.000000
    outer loop
      vertex 45.000000 18.644068 0.000000
      vertex 45.000000 19.152542 0.400000
      vertex 45.000000 18.644068 0.400000
    endloop
  endfacet
  facet normal 0.000000 0.000000 -1.000000
    outer loop
      vertex 5.000000 18.135593 0.000000
      vertex 12.088608 18.644068 0.000000
      vertex 12.088608 18.135593 0.000000
    endloop
  endfacet
  facet normal 0.000000 0.000000 -1.000000
    outer loop
      vertex 5.000000 18.135593 0.000000
      vertex 5.000000 18.644068 0.000000
      vertex 12.088608 18.644068 0.000000
    endloop
  endfacet
  facet normal 0.000000 0.000000 1.000000
    outer loop
      vertex 5.000000 18.135593 0.400000
      vertex 12.088608 18.135593 0.400000
      vertex 12.088608 18.644068 0.400000
    endloop
  endfacet
  facet normal 0.000000 0.000000 1.000000
    outer loop
      vertex 5.000000 18.135593 0.400000
      vertex 12.088608 18.644068 0.400000
      vertex 5.000000 18.644068 0.400000
    endloop
  endfacet
  facet normal 0.000000 -1.000000 0.000000
    outer loop
      vertex 5.000000 18.135593 0.000000
      vertex 12.088608 18.135593 0.000000
      vertex 12.088608 18.135593 0.400000
    endloop
  endfacet
  facet normal 0.000000 -1.000000 0.000000
    outer loop
      vertex 5.000000 18.135593 0.000000
      vertex 12.088608 18.135593 0.400000
      vertex 5.000000 18.135593 0.400000
    endloop
  endfacet
  facet normal 0.000000 1.000000 0.000000
    outer loop
      vertex 5.000000 18.644068 0.000000
      vertex 12.088608 18.644068 0.400000
      vertex 12.088608 18.644068 0.000000
    endloop
  endfacet
  facet normal 0.000000 1.000000 0.000000
    outer loop
      vertex 5.000000 18.644068 0.000000
      vertex 5.000000 18.644068 0.400000
      vertex 12.088608 18.644068 0.400000
    endloop
  endfacet
  facet normal -1.000000 0.000000 0.000000
    outer loop
      vertex 5.000000 18.135593 0.000000
      vertex 5.000000 18.135593 0.400000
      vertex 5.000000 18.644068 0.400000
    endloop
  endfacet
  facet normal -1.000000 0.000000 0.000000
    outer loop
      vertex 5.000000 18.135593 0.000000
      vertex 5.000000 18.644068 0.400000
      vertex 5.000000 18.644068 0.000000
    endloop
  endfacet
  facet normal 1.000000 0.000000 0.000000
    outer loop
      vertex 12.088608 18.135593 0.000000
      vertex 12.088608 18.644068 0.000000
      vertex 12.088608 18.644068 0.400000
    endloop
  endfacet
  facet normal 1.000000 0.000000 0.000000
    outer loop
      vertex 12.088608 18.135593 0.000000
      vertex 12.088608 18.644068 0.400000
      vertex 12.088608 18.135593 0.400000
    endloop
  endfacet
  facet normal 0.000000 0.000000 -1.000000
    outer loop
      vertex 14.620253 18.135593 0.000000
      vertex 21.202532 18.644068 0.000000
      vertex 21.202532 18.135593 0.000000
    endloop
  endfacet
  facet normal 0.000000 0.000000 -1.000000
    outer loop
      vertex 14.620253 18.135593 0.000000
      vertex 14.620253 18.644068 0.000000
      vertex 21.202532 18.644068 0.000000
    endloop
  endfacet
  facet normal 0.000000 0.000000 1.000000
    outer loop
      vertex 14.620253 18.135593 0.400000
      vertex 21.202532 18.135593 0.400000
      vertex 21.202532 18.644068 0.400000
    endloop
  endfacet
  facet normal 0.000000 0.000000 1.000000
    outer loop
      vertex 14.620253 18.135593 0.400000
      vertex 21.202532 18.644068 0.400000
      vertex 14.620253 18.644068 0.400000
    endloop
  endfacet
  facet normal 0.000000 -1.000000 0.000000
    outer loop
      vertex 14.620253 18.135593 0.000000
      vertex 21.202532 18.135593 0.000000
      vertex 21.202532 18.135593 0.400000
    endloop
  endfacet
  facet normal 0.000000 -1.000000 0.000000
    outer loop
      vertex 14.620253 18.135593 0.000000
      vertex 21.202532 18.135593 0.400000
      vertex 14.620253 18.135593 0.400000
    endloop
  endfacet
  facet normal 0.000000 1.000000 0.000000
    outer loop
      vertex 14.620253 18.644068 0.000000
      vertex 21.202532 18.644068 0.400000
      vertex 21.202532 18.644068 0.000000
    endloop
  endfacet
  facet normal 0.000000 1.000000 0.000000
    outer loop
      vertex 14.620253 18.644068 0.000000
      vertex 14.620253 18.644068 0.400000
      vertex 21.202532 18.644068 0.400000
    endloop
  endfacet
  facet normal -1.000000 0.000000 0.000000
    outer loop
      vertex 14.620253 18.135593 0.000000
      vertex 14.620253 18.135593 0.400000
      vertex 14.620253 18.644068 0.400000
    endloop
  endfacet
  facet normal -1.000000 0.000000 0.000000
    outer loop
      vertex 14.620253 18.135593 0.000000
      vertex 14.620253 18.644068 0.400000
      vertex 14.620253 18.644068 0.000000
    endloop
  endfacet
  facet normal 1.000000 0.000000 0.000000
    outer loop
      vertex 21.202532 18.135593 0.000000
      vertex 21.202532 18.644068 0.000000
      vertex 21.202532 18.644068 0.400000
    endloop
  endfacet
  facet normal 1.000000 0.000000 0.000000
    outer loop
      vertex 21.202532 18.135593 0.000000
      vertex 21.202532 18.644068 0.400000
      vertex 21.202532 18.135593 0.400000
    endloop
  endfacet
  facet normal 0.000000 0.000000 -1.000000
    outer loop
      vertex 23.734177 18.135593 0.000000
      vertex 26.772152 18.644068 0.000000
      vertex 26.772152 18.135593 0.000000
    endloop
  endfacet
  facet normal 0.000000 0.000000 -1.000000
    outer loop
      vertex 23.734177 18.135593 0.000000
      vertex 23.734177 18.644068 0.000000
      vertex 26.772152 18.644068 0.000000
    endloop
  endfacet
  facet normal 0.000000 0.000000 1.000000
    outer loop
      vertex 23.734177 18.135593 0.400000
      vertex 26.772152 18.135593 0.400000
      vertex 26.772152 18.644068 0.400000
    endloop
  endfacet
  facet normal 0.000000 0.000000 1.000000
    outer loop
      vertex 23.734177 18.135593 0.400000
      vertex 26.772152 18.644068 0.400000
      vertex 23.734177 18.644068 0.400000
    endloop
  endfacet
  facet normal 0.000000 -1.000000 0.000000
    outer loop
      vertex 23.734177 18.135593 0.000000
      vertex 26.772152 18.135593 0.000000
      vertex 26.772152 18.135593 0.400000
    endloop
  endfacet
  facet normal 0.000000 -1.000000 0.000000
    outer loop
      vertex 23.734177 18.135593 0.000000
      vertex 26.772152 18.135593 0.400000
      vertex 23.734177 18.135593 0.400000
    endloop
  endfacet
  facet normal 0.000000 1.000000 0.000000
    outer loop
      vertex 23.734177 18.644068 0.000000
      vertex 26.772152 18.644068 0.400000
      vertex 26.772152 18.644068 0.000000
    endloop
  endfacet
  facet normal 0.000000 1.000000 0.000000
    outer loop
      vertex 23.734177 18.644068 0.000000
      vertex 23.734177 18.644068 0.400000
      vertex 26.772152 18.644068 0.400000
    endloop
  endfacet
  facet normal -1.000000 0.000000 0.000000
    outer loop
      vertex 23.734177 18.135593 0.000000
      vertex 23.734177 18.135593 0.400000
      vertex 23.734177 18.644068 0.400000
    endloop
  endfacet
  facet normal -1.000000 0.000000 0.000000
    outer loop
      vertex 23.734177 18.135593 0.000000
      vertex 23.734177 18.644068 0.400000
      vertex 23.734177 18.644068 0.000000
    endloop
  endfacet
  facet normal 1.000000 0.000000 0.000000
    outer loop
      vertex 26.772152 18.135593 0.000000
      vertex 26.772152 18.644068 0.000000
      vertex 26.772152 18.644068 0.400000
    endloop
  endfacet
  facet normal 1.000000 0.000000 0.000000
    outer loop
      vertex 26.772152 18.135593 0.000000
      vertex 26.772152 18.644068 0.400000
      vertex 26.772152 18.135593 0.400000
    endloop
  endfacet
  facet normal 0.000000 0.000000 -1.000000
    outer loop
      vertex 29.303797 18.135593 0.000000
      vertex 31.329114 18.644068 0.000000
      vertex 31.329114 18.135593 0.000000
    endloop
  endfacet
  facet normal 0.000000 0.000000 -1.000000
    outer loop
      vertex 29.303797 18.135593 0.000000
      vertex 29.303797 18.644068 0.000000
      vertex 31.329114 18.644068 0.000000
    endloop
  endfacet
  facet normal 0.000000 0.000000 1.000000
    outer loop
      vertex 29.303797 18.135593 0.400000
      vertex 31.329114 18.135593 0.400000
      vertex 31.329114 18.644068 0.400000
    endloop
  endfacet
  facet normal 0.000000 0.000000 1.000000
    outer loop
      vertex 29.303797 18.135593 0.400000
      vertex 31.329114 18.644068 0.400000
      vertex 29.303797 18.644068 0.400000
    endloop
  endfacet
  facet normal 0.000000 -1.000000 0.000000
    outer loop
      vertex 29.303797 18.135593 0.000000
      vertex 31.329114 18.135593 0.000000
      vertex 31.329114 18.135593 0.400000
    endloop
  endfacet
  facet normal 0.000000 -1.000000 0.000000
    outer loop
      vertex 29.303797 18.135593 0.000000
      vertex 31.329114 18.135593 0.400000
      vertex 29.303797 18.135593 0.400000
    endloop
  endfacet
  facet normal 0.000000 1.000000 0.000000
    outer loop
      vertex 29.303797 18.644068 0.000000
      vertex 31.329114 18.644068 0.400000
      vertex 31.329114 18.644068 0.000000
    endloop
  endfacet
  facet normal 0.000000 1.000000 0.000000
    outer loop
      vertex 29.303797 18.644068 0.000000
      vertex 29.303797 18.644068 0.400000
      vertex 31.329114 18.644068 0.400000
    endloop
  endfacet
  facet normal -1.000000 0.000000 0.000000
    outer loop
      vertex 29.303797 18.135593 0.000000
      vertex 29.303797 18.135593 0.400000
      vertex 29.303797 18.644068 0.400000
    endloop
  endfacet
  facet normal -1.000000 0.000000 0.000000
    outer loop
      vertex 29.303797 18.135593 0.000000
      vertex 29.303797 18.644068 0.400000
      vertex 29.303797 18.644068 0.000000
    endloop
  endfacet
  facet normal 1.000000 0.000000 0.000000
    outer loop
      vertex 31.329114 18.135593 0.000000
      vertex 31.329114 18.644068 0.000000
      vertex 31.329114 18.644068 0.400000
    endloop
  endfacet
  facet normal 1.000000 0.000000 0.000000
    outer loop
      vertex 31.329114 18.135593 0.000000
      vertex 31.329114 18.644068 0.400000
      vertex 31.329114 18.135593 0.400000
    endloop
  endfacet
  facet normal 0.000000 0.000000 -1.000000
    outer loop
      vertex 38.417722 18.135593 0.000000
      vertex 45.000000 18.644068 0.000000
      vertex 45.000000 18.135593 0.000000
    endloop
  endfacet
  facet normal 0.000000 0.000000 -1.000000
    outer loop
      vertex 38.417722 18.135593 0.000000
      vertex 38.417722 18.644068 0.000000
      vertex 45.000000 18.644068 0.000000
    endloop
  endfacet
  facet normal 0.000000 0.000000 1.000000
    outer loop
      vertex 38.417722 18.135593 0.400000
      vertex 45.000000 18.135593 0.400000
      vertex 45.000000 18.644068 0.400000
    endloop
  endfacet
  facet normal 0.000000 0.000000 1.000000
    outer loop
      vertex 38.417722 18.135593 0.400000
      vertex 45.000000 18.644068 0.400000
      vertex 38.417722 18.644068 0.400000
    endloop
  endfacet
  facet normal 0.000000 -1.000000 0.000000
    outer loop
      vertex 38.417722 18.135593 0.000000
      vertex 45.000000 18.135593 0.000000
      vertex 45.000000 18.135593 0.400000
    endloop
  endfacet
  facet normal 0.000000 -1.000000 0.000000
    outer loop
      vertex 38.417722 18.135593 0.000000
      vertex 45.000000 18.135593 0.400000
      vertex 38.417722 18.135593 0.400000
    endloop
  endfacet
  facet normal 0.000000 1.000000 0.000000
    outer loop
      vertex 38.417722 18.644068 0.000000
      vertex 45.000000 18.644068 0.400000
      vertex 45.000000 18.644068 0.000000
    endloop
  endfacet
  facet normal 0.000000 1.000000 0.000000
    outer loop
      vertex 38.417722 18.644068 0.000000
      vertex 38.417722 18.644068 0.400000
      vertex 45.000000 18.644068 0.400000
    endloop
  endfacet
  facet normal -1.000000 0.000000 0.000000
    outer loop
      vertex 38.417722 18.135593 0.000000
      vertex 38.417722 18.135593 0.400000
      vertex 38.417722 18.644068 0.400000
    endloop
  endfacet
  facet normal -1.000000 0.000000 0.000000
    outer loop
      vertex 38.417722 18.135593 0.000000
      vertex 38.417722 18.644068 0.400000
      vertex 38.417722 18.644068 0.000000
    endloop
  endfacet
  facet normal 1.000000 0.000000 0.000000
    outer loop
      vertex 45.000000 18.135593 0.000000
      vertex 45.000000 18.644068 0.000000
      vertex 45.000000 18.644068 0.400000
    endloop
  endfacet
  facet normal 1.000000 0.000000 0.000000
    outer loop
      vertex 45.000000 18.135593 0.000000
      vertex 45.000000 18.644068 0.400000
      vertex 45.000000 18.135593 0.400000
    endloop
  endfacet
  facet normal 0.000000 0.000000 -1.000000
    outer loop
      vertex 5.000000 17.627119 0.000000
      vertex 12.088608 18.135593 0.000000
      vertex 12.088608 17.627119 0.000000
    endloop
  endfacet
  facet normal 0.000000 0.000000 -1.000000
    outer loop
      vertex 5.000000 17.627119 0.000000
      vertex 5.000000 18.135593 0.000000
      vertex 12.088608 18.135593 0.000000
    endloop
  endfacet
  facet normal 0.000000 0.000000 1.000000
    outer loop
      vertex 5.000000 17.627119 0.400000
      vertex 12.088608 17.627119 0.400000
      vertex 12.088608 18.135593 0.400000
    endloop
  endfacet
  facet normal 0.000000 0.000000 1.000000
    outer loop
      vertex 5.000000 17.627119 0.400000
      vertex 12.088608 18.135593 0.400000
      vertex 5.000000 18.135593 0.400000
    endloop
  endfacet
  facet normal 0.000000 -1.000000 0.000000
    outer loop
      vertex 5.000000 17.627119 0.000000
      vertex 12.088608 17.627119 0.000000
      vertex 12.088608 17.627119 0.400000
    endloop
  endfacet
  facet normal 0.000000 -1.000000 0.000000
    outer loop
      vertex 5.000000 17.627119 0.000000
      vertex 12.088608 17.627119 0.400000
      vertex 5.000000 17.627119 0.400000
    endloop
  endfacet
  facet normal 0.000000 1.000000 0.000000
    outer loop
      vertex 5.000000 18.135593 0.000000
      vertex 12.088608 18.135593 0.400000
      vertex 12.088608 18.135593 0.000000
    endloop
  endfacet
  facet normal 0.000000 1.000000 0.000000
    outer loop
      vertex 5.000000 18.135593 0.000000
      vertex 5.000000 18.135593 0.400000
      vertex 12.088608 18.135593 0.400000
    endloop
  endfacet
  facet normal -1.000000 0.000000 0.000000
    outer loop
      vertex 5.000000 17.627119 0.000000
      vertex 5.000000 17.627119 0.400000
      vertex 5.000000 18.135593 0.400000
    endloop
  endfacet
  facet normal -1.000000 0.000000 0.000000
    outer loop
      vertex 5.000000 17.627119 0.000000
      vertex 5.000000 18.135593 0.400000
      vertex 5.000000 18.135593 0.000000
    endloop
  endfacet
  facet normal 1.000000 0.000000 0.000000
    outer loop
      vertex 12.088608 17.627119 0.000000
      vertex 12.088608 18.135593 0.000000
      vertex 12.088608 18.135593 0.400000
    endloop
  endfacet
  facet normal 1.000000 0.000000 0.000000
    outer loop
      vertex 12.088608 17.627119 0.000000
      vertex 12.088608 18.135593 0.400000
      vertex 12.088608 17.627119 0.400000
    endloop
  endfacet
  facet normal 0.000000 0.000000 -1.000000
    outer loop
      vertex 14.620253 17.627119 0.000000
      vertex 21.202532 18.135593 0.000000
      vertex 21.202532 17.627119 0.000000
    endloop
  endfacet
  facet normal 0.000000 0.000000 -1.000000
    outer loop
      vertex 14.620253 17.627119 0.000000
      vertex 14.620253 18.135593 0.000000
      vertex 21.202532 18.135593 0.000000
    endloop
  endfacet
  facet normal 0.000000 0.000000 1.000000
    outer loop
      vertex 14.620253 17.627119 0.400000
      vertex 21.202532 17.627119 0.400000
      vertex 21.202532 18.135593 0.400000
    endloop
  endfacet
  facet normal 0.000000 0.000000 1.000000
    outer loop
      vertex 14.620253 17.627119 0.400000
      vertex 21.202532 18.135593 0.400000
      vertex 14.620253 18.135593 0.400000
    endloop
  endfacet
  facet normal 0.000000 -1.000000 0.000000
    outer loop
      vertex 14.620253 17.627119 0.000000
      vertex 21.202532 17.627119 0.000000
      vertex 21.202532 17.627119 0.400000
    endloop
  endfacet
  facet normal 0.000000 -1.000000 0.000000
    outer loop
      vertex 14.620253 17.627119 0.000000
      vertex 21.202532 17.627119 0.400000
      vertex 14.620253 17.627119 0.400000
    endloop
  endfacet
  facet normal 0.000000 1.000000 0.000000
    outer loop
      vertex 14.620253 18.135593 0.000000
      vertex 21.202532 18.135593 0.400000
      vertex 21.202532 18.135593 0.000000
    endloop
  endfacet
  facet normal 0.000000 1.000000 0.000000
    outer loop
      vertex 14.620253 18.135593 0.000000
      vertex 14.620253 18.135593 0.400000
      vertex 21.202532 18.135593 0.400000
    endloop
  endfacet
  facet normal -1.000000 0.000000 0.000000
    outer loop
      vertex 14.620253 17.627119 0.000000
      vertex 14.620253 17.627119 0.400000
      vertex 14.620253 18.135593 0.400000
    endloop
  endfacet
  facet normal -1.000000 0.000000 0.000000
    outer loop
      vertex 14.620253 17.627119 0.000000
      vertex 14.620253 18.135593 0.400000
      vertex 14.620253 18.135593 0.000000
    endloop
  endfacet
  facet normal 1.000000 0.000000 0.000000
    outer loop
      vertex 21.202532 17.627119 0.000000
      vertex 21.202532 18.135593 0.000000
      vertex 21.202532 18.135593 0.400000
    endloop
  endfacet
  facet normal 1.000000 0.000000 0.000000
    outer loop
      vertex 21.202532 17.627119 0.000000
      vertex 21.202532 18.135593 0.400000
      vertex 21.202532 17.627119 0.400000
    endloop
  endfacet
  facet normal 0.000000 0.000000 -1.000000
    outer loop
      vertex 23.734177 17.627119 0.000000
      vertex 26.772152 18.135593 0.000000
      vertex 26.772152 17.627119 0.000000
    endloop
  endfacet
  facet normal 0.000000 0.000000 -1.000000
    outer loop
      vertex 23.734177 17.627119 0.000000
      vertex 23.734177 18.135593 0.000000
      vertex 26.772152 18.135593 0.000000
    endloop
  endfacet
  facet normal 0.000000 0.000000 1.000000
    outer loop
      vertex 23.734177 17.627119 0.400000
      vertex 26.772152 17.627119 0.400000
      vertex 26.772152 18.135593 0.400000
    endloop
  endfacet
  facet normal 0.000000 0.000000 1.000000
    outer loop
      vertex 23.734177 17.627119 0.400000
      vertex 26.772152 18.135593 0.400000
      vertex 23.734177 18.135593 0.400000
    endloop
  endfacet
  facet normal 0.000000 -1.000000 0.000000
    outer loop
      vertex 23.734177 17.627119 0.000000
      vertex 26.772152 17.627119 0.000000
      vertex 26.772152 17.627119 0.400000
    endloop
  endfacet
  facet normal 0.000000 -1.000000 0.000000
    outer loop
      vertex 23.734177 17.627119 0.000000
      vertex 26.772152 17.627119 0.400000
      vertex 23.734177 17.627119 0.400000
    endloop
  endfacet
  facet normal 0.000000 1.000000 0.000000
    outer loop
      vertex 23.734177 18.135593 0.000000
      vertex 26.772152 18.135593 0.400000
      vertex 26.772152 18.135593 0.000000
    endloop
  endfacet
  facet normal 0.000000 1.000000 0.000000
    outer loop
      vertex 23.734177 18.135593 0.000000
      vertex 23.734177 18.135593 0.400000
      vertex 26.772152 18.135593 0.400000
    endloop
  endfacet
  facet normal -1.000000 0.000000 0.000000
    outer loop
      vertex 23.734177 17.627119 0.000000
      vertex 23.734177 17.627119 0.400000
      vertex 23.734177 18.135593 0.400000
    endloop
  endfacet
  facet normal -1.000000 0.000000 0.000000
    outer loop
      vertex 23.734177 17.627119 0.000000
      vertex 23.734177 18.135593 0.400000
      vertex 23.734177 18.135593 0.000000
    endloop
  endfacet
  facet normal 1.000000 0.000000 0.000000
    outer loop
      vertex 26.772152 17.627119 0.000000
      vertex 26.772152 18.135593 0.000000
      vertex 26.772152 18.135593 0.400000
    endloop
  endfacet
  facet normal 1.000000 0.000000 0.000000
    outer loop
      vertex 26.772152 17.627119 0.000000
      vertex 26.772152 18.135593 0.400000
      vertex 26.772152 17.627119 0.400000
    endloop
  endfacet
  facet normal 0.000000 0.000000 -1.000000
    outer loop
      vertex 29.303797 17.627119 0.000000
      vertex 30.822785 18.135593 0.000000
      vertex 30.822785 17.627119 0.000000
    endloop
  endfacet
  facet normal 0.000000 0.000000 -1.000000
    outer loop
      vertex 29.303797 17.627119 0.000000
      vertex 29.303797 18.135593 0.000000
      vertex 30.822785 18.135593 0.000000
    endloop
  endfacet
  facet normal 0.000000 0.000000 1.000000
    outer loop
      vertex 29.303797 17.627119 0.400000
      vertex 30.822785 17.627119 0.400000
      vertex 30.822785 18.135593 0.400000
    endloop
  endfacet
  facet normal 0.000000 0.000000 1.000000
    outer loop
      vertex 29.303797 17.627119 0.400000
      vertex 30.822785 18.135593 0.400000
      vertex 29.303797 18.135593 0.400000
    endloop
  endfacet
  facet normal 0.000000 -1.000000 0.000000
    outer loop
      vertex 29.303797 17.627119 0.000000
      vertex 30.822785 17.627119 0.000000
      vertex 30.822785 17.627119 0.400000
    endloop
  endfacet
  facet normal 0.000000 -1.000000 0.000000
    outer loop
      vertex 29.303797 17.627119 0.000000
      vertex 30.822785 17.627119 0.400000
      vertex 29.303797 17.627119 0.400000
    endloop
  endfacet
  facet normal 0.000000 1.000000 0.000000
    outer loop
      vertex 29.303797 18.135593 0.000000
      vertex 30.822785 18.135593 0.400000
      vertex 30.822785 18.135593 0.000000
    endloop
  endfacet
  facet normal 0.000000 1.000000 0.000000
    outer loop
      vertex 29.303797 18.135593 0.000000
      vertex 29.303797 18.135593 0.400000
      vertex 30.822785 18.135593 0.400000
    endloop
  endfacet
  facet normal -1.000000 0.000000 0.000000
    outer loop
      vertex 29.303797 17.627119 0.000000
      vertex 29.303797 17.627119 0.400000
      vertex 29.303797 18.135593 0.400000
    endloop
  endfacet
  facet normal -1.000000 0.000000 0.000000
    outer loop
      vertex 29.303797 17.627119 0.000000
      vertex 29.303797 18.135593 0.400000
      vertex 29.303797 18.135593 0.000000
    endloop
  endfacet
  facet normal 1.000000 0.000000 0.000000
    outer loop
      vertex 30.822785 17.627119 0.000000
      vertex 30.822785 18.135593 0.000000
      vertex 30.822785 18.135593 0.400000
    endloop
  endfacet
  facet normal 1.000000 0.000000 0.000000
    outer loop
      vertex 30.822785 17.627119 0.000000
      vertex 30.822785 18.135593 0.400000
      vertex 30.822785 17.627119 0.400000
    endloop
  endfacet
  facet normal 0.000000 0.000000 -1.000000
    outer loop
      vertex 33.860759 17.627119 0.000000
      vertex 35.379747 18.135593 0.000000
      vertex 35.379747 17.627119 0.000000
    endloop
  endfacet
  facet normal 0.000000 0.000000 -1.000000
    outer loop
      vertex 33.860759 17.627119 0.000000
      vertex 33.860759 18.135593 0.000000
      vertex 35.379747 18.135593 0.000000
    endloop
  endfacet
  facet normal 0.000000 0.000000 1.000000
    outer loop
      vertex 33.860759 17.627119 0.400000
      vertex 35.379747 17.627119 0.400000
      vertex 35.379747 18.135593 0.400000
    endloop
  endfacet
  facet normal 0.000000 0.000000 1.000000
    outer loop
      vertex 33.860759 17.627119 0.400000
      vertex 35.379747 18.135593 0.400000
      vertex 33.860759 18.135593 0.400000
    endloop
  endfacet
  facet normal 0.000000 -1.000000 0.000000
    outer loop
      vertex 33.860759 17.627119 0.000000
      vertex 35.379747 17.627119 0.000000
      vertex 35.379747 17.627119 0.400000
    endloop
  endfacet
  facet normal 0.000000 -1.000000 0.000000
    outer loop
      vertex 33.860759 17.627119 0.000000
      vertex 35.379747 17.627119 0.400000
      vertex 33.860759 17.627119 0.400000
    endloop
  endfacet
  facet normal 0.000000 1.000000 0.000000
    outer loop
      vertex 33.860759 18.135593 0.000000
      vertex 35.379747 18.135593 0.400000
      vertex 35.379747 18.135593 0.000000
    endloop
  endfacet
  facet normal 0.000000 1.000000 0.000000
    outer loop
      vertex 33.860759 18.135593 0.000000
      vertex 33.860759 18.135593 0.400000
      vertex 35.379747 18.135593 0.400000
    endloop
  endfacet
  facet normal -1.000000 0.000000 0.000000
    outer loop
      vertex 33.860759 17.627119 0.000000
      vertex 33.860759 17.627119 0.400000
      vertex 33.860759 18.135593 0.400000
    endloop
  endfacet
  facet normal -1.000000 0.000000 0.000000
    outer loop
      vertex 33.860759 17.627119 0.000000
      vertex 33.860759 18.135593 0.400000
      vertex 33.860759 18.135593 0.000000
    endloop
  endfacet
  facet normal 1.000000 0.000000 0.000000
    outer loop
      vertex 35.379747 17.627119 0.000000
      vertex 35.379747 18.135593 0.000000
      vertex 35.379747 18.135593 0.400000
    endloop
  endfacet
  facet normal 1.000000 0.000000 0.000000
    outer loop
      vertex 35.379747 17.627119 0.000000
      vertex 35.379747 18.135593 0.400000
      vertex 35.379747 17.627119 0.400000
    endloop
  endfacet
  facet normal 0.000000 0.000000 -1.000000
    outer loop
      vertex 38.417722 17.627119 0.000000
      vertex 45.000000 18.135593 0.000000
      vertex 45.000000 17.627119 0.000000
    endloop
  endfacet
  facet normal 0.000000 0.000000 -1.000000
    outer loop
      vertex 38.417722 17.627119 0.000000
      vertex 38.417722 18.135593 0.000000
      vertex 45.000000 18.135593 0.000000
    endloop
  endfacet
  facet normal 0.000000 0.000000 1.000000
    outer loop
      vertex 38.417722 17.627119 0.400000
      vertex 45.000000 17.627119 0.400000
      vertex 45.000000 18.135593 0.400000
    endloop
  endfacet
  facet normal 0.000000 0.000000 1.000000
    outer loop
      vertex 38.417722 17.627119 0.400000
      vertex 45.000000 18.135593 0.400000
      vertex 38.417722 18.135593 0.400000
    endloop
  endfacet
  facet normal 0.000000 -1.000000 0.000000
    outer loop
      vertex 38.417722 17.627119 0.000000
      vertex 45.000000 17.627119 0.000000
      vertex 45.000000 17.627119 0.400000
    endloop
  endfacet
  facet normal 0.000000 -1.000000 0.000000
    outer loop
      vertex 38.417722 17.627119 0.000000
      vertex 45.000000 17.627119 0.400000
      vertex 38.417722 17.627119 0.400000
    endloop
  endfacet
  facet normal 0.000000 1.000000 0.000000
    outer loop
      vertex 38.417722 18.135593 0.000000
      vertex 45.000000 18.135593 0.400000
      vertex 45.000000 18.135593 0.000000
    endloop
  endfacet
  facet normal 0.000000 1.000000 0.000000
    outer loop
      vertex 38.417722 18.135593 0.000000
      vertex 38.417722 18.135593 0.400000
      vertex 45.000000 18.135593 0.400000
    endloop
  endfacet
  facet normal -1.000000 0.000000 0.000000
    outer loop
      vertex 38.417722 17.627119 0.000000
      vertex 38.417722 17.627119 0.400000
      vertex 38.417722 18.135593 0.400000
    endloop
  endfacet
  facet normal -1.000000 0.000000 0.000000
    outer loop
      vertex 38.417722 17.627119 0.000000
      vertex 38.417722 18.135593 0.400000
      vertex 38.417722 18.135593 0.000000
    endloop
  endfacet
  facet normal 1.000000 0.000000 0.000000
    outer loop
      vertex 45.000000 17.627119 0.000000
      vertex 45.000000 18.135593 0.000000
      vertex 45.000000 18.135593 0.400000
    endloop
  endfacet
  facet normal 1.000000 0.000000 0.000000
    outer loop
      vertex 45.000000 17.627119 0.000000
      vertex 45.000000 18.135593 0.400000
      vertex 45.000000 17.627119 0.400000
    endloop
  endfacet
  facet normal 0.000000 0.000000 -1.000000
    outer loop
      vertex 5.000000 17.118644 0.000000
      vertex 12.088608 17.627119 0.000000
      vertex 12.088608 17.118644 0.000000
    endloop
  endfacet
  facet normal 0.000000 0.000000 -1.000000
    outer loop
      vertex 5.000000 17.118644 0.000000
      vertex 5.000000 17.627119 0.000000
      vertex 12.088608 17.627119 0.000000
    endloop
  endfacet
  facet normal 0.000000 0.000000 1.000000
    outer loop
      vertex 5.000000 17.118644 0.400000
      vertex 12.088608 17.118644 0.400000
      vertex 12.088608 17.627119 0.400000
    endloop
  endfacet
  facet normal 0.000000 0.000000 1.000000
    outer loop
      vertex 5.000000 17.118644 0.400000
      vertex 12.088608 17.627119 0.400000
      vertex 5.000000 17.627119 0.400000
    endloop
  endfacet
  facet normal 0.000000 -1.000000 0.000000
    outer loop
      vertex 5.000000 17.118644 0.000000
      vertex 12.088608 17.118644 0.000000
      vertex 12.088608 17.118644 0.400000
    endloop
  endfacet
  facet normal 0.000000 -1.000000 0.000000
    outer loop
      vertex 5.000000 17.118644 0.000000
      vertex 12.088608 17.118644 0.400000
      vertex 5.000000 17.118644 0.400000
    endloop
  endfacet
  facet normal 0.000000 1.000000 0.000000
    outer loop
      vertex 5.000000 17.627119 0.000000
      vertex 12.088608 17.627119 0.400000
      vertex 12.088608 17.627119 0.000000
    endloop
  endfacet
  facet normal 0.000000 1.000000 0.000000
    outer loop
      vertex 5.000000 17.627119 0.000000
      vertex 5.000000 17.627119 0.400000
      vertex 12.088608 17.627119 0.400000
    endloop
  endfacet
  facet normal -1.000000 0.000000 0.000000
    outer loop
      vertex 5.000000 17.118644 0.000000
      vertex 5.000000 17.118644 0.400000
      vertex 5.000000 17.627119 0.400000
    endloop
  endfacet
  facet normal -1.000000 0.000000 0.000000
    outer loop
      vertex 5.000000 17.118644 0.000000
      vertex 5.000000 17.627119 0.400000
      vertex 5.000000 17.627119 0.000000
    endloop
  endfacet
  facet normal 1.000000 0.000000 0.000000
    outer loop
      vertex 12.088608 17.118644 0.000000
      vertex 12.088608 17.627119 0.000000
      vertex 12.088608 17.627119 0.400000
    endloop
  endfacet
  facet normal 1.000000 0.000000 0.000000
    outer loop
      vertex 12.088608 17.118644 0.000000
      vertex 12.088608 17.627119 0.400000
      vertex 12.088608 17.118644 0.400000
    endloop
  endfacet
  facet normal 0.000000 0.000000 -1.000000
    outer loop
      vertex 18.164557 17.118644 0.000000
      vertex 21.202532 17.627119 0.000000
      vertex 21.202532 17.118644 0.000000
    endloop
  endfacet
  facet normal 0.000000 0.000000 -1.000000
    outer loop
      vertex 18.164557 17.118644 0.000000
      vertex 18.164557 17.627119 0.000000
      vertex 21.202532 17.627119 0.000000
    endloop
  endfacet
  facet normal 0.000000 0.000000 1.000000
    outer loop
      vertex 18.164557 17.118644 0.400000
      vertex 21.202532 17.118644 0.400000
      vertex 21.202532 17.627119 0.400000
    endloop
  endfacet
  facet normal 0.000000 0.000000 1.000000
    outer loop
      vertex 18.164557 17.118644 0.400000
      vertex 21.202532 17.627119 0.400000
      vertex 18.164557 17.627119 0.400000
    endloop
  endfacet
  facet normal 0.000000 -1.000000 0.000000
    outer loop
      vertex 18.164557 17.118644 0.000000
      vertex 21.202532 17.118644 0.000000
      vertex 21.202532 17.118644 0.400000
    endloop
  endfacet
  facet normal 0.000000 -1.000000 0.000000
    outer loop
      vertex 18.164557 17.118644 0.000000
      vertex 21.202532 17.118644 0.400000
      vertex 18.164557 17.118644 0.400000
    endloop
  endfacet
  facet normal 0.000000 1.000000 0.000000
    outer loop
      vertex 18.164557 17.627119 0.000000
      vertex 21.202532 17.627119 0.400000
      vertex 21.202532 17.627119 0.000000
    endloop
  endfacet
  facet normal 0.000000 1.000000 0.000000
    outer loop
      vertex 18.164557 17.627119 0.000000
      vertex 18.164557 17.627119 0.400000
      vertex 21.202532 17.627119 0.400000
    endloop
  endfacet
  facet normal -1.000000 0.000000 0.000000
    outer loop
      vertex 18.164557 17.118644 0.000000
      vertex 18.164557 17.118644 0.400000
      vertex 18.164557 17.627119 0.400000
    endloop
  endfacet
  facet normal -1.000000 0.000000 0.000000
    outer loop
      vertex 18.164557 17.118644 0.000000
      vertex 18.164557 17.627119 0.400000
      vertex 18.164557 17.627119 0.000000
    endloop
  endfacet
  facet normal 1.000000 0.000000 0.000000
    outer loop
      vertex 21.202532 17.118644 0.000000
      vertex 21.202532 17.627119 0.000000
      vertex 21.202532 17.627119 0.400000
    endloop
  endfacet
  facet normal 1.000000 0.000000 0.000000
    outer loop
      vertex 21.202532 17.118644 0.000000
      vertex 21.202532 17.627119 0.400000
      vertex 21.202532 17.118644 0.400000
    endloop
  endfacet
  facet normal 0.000000 0.000000 -1.000000
    outer loop
      vertex 23.734177 17.118644 0.000000
      vertex 26.772152 17.627119 0.000000
      vertex 26.772152 17.118644 0.000000
    endloop
  endfacet
  facet normal 0.000000 0.000000 -1.000000
    outer loop
      vertex 23.734177 17.118644 0.000000
      vertex 23.734177 17.627119 0.000000
      vertex 26.772152 17.627119 0.000000
    endloop
  endfacet
  facet normal 0.000000 0.000000 1.000000
    outer loop
      vertex 23.734177 17.118644 0.400000
      vertex 26.772152 17.118644 0.400000
      vertex 26.772152 17.627119 0.400000
    endloop
  endfacet
  facet normal 0.000000 0.000000 1.000000
    outer loop
      vertex 23.734177 17.118644 0.400000
      vertex 26.772152 17.627119 0.400000
      vertex 23.734177 17.627119 0.400000
    endloop
  endfacet
  facet normal 0.000000 -1.000000 0.000000
    outer loop
      vertex 23.734177 17.118644 0.000000
      vertex 26.772152 17.118644 0.000000
      vertex 26.772152 17.118644 0.400000
    endloop
  endfacet
  facet normal 0.000000 -1.000000 0.000000
    outer loop
      vertex 23.734177 17.118644 0.000000
      vertex 26.772152 17.118644 0.400000
      vertex 23.734177 17.118644 0.400000
    endloop
  endfacet
  facet normal 0.000000 1.000000 0.000000
    outer loop
      vertex 23.734177 17.627119 0.000000
      vertex 26.772152 17.627119 0.400000
      vertex 26.772152 17.627119 0.000000
    endloop
  endfacet
  facet normal 0.000000 1.000000 0.000000
    outer loop
      vertex 23.734177 17.627119 0.000000
      vertex 23.734177 17.627119 0.400000
      vertex 26.772152 17.627119 0.400000
    endloop
  endfacet
  facet normal -1.000000 0.000000 0.000000
    outer loop
      vertex 23.734177 17.118644 0.000000
      vertex 23.734177 17.118644 0.400000
      vertex 23.734177 17.627119 0.400000
    endloop
  endfacet
  facet normal -1.000000 0.000000 0.000000
    outer loop
      vertex 23.734177 17.118644 0.000000
      vertex 23.734177 17.627119 0.400000
      vertex 23.734177 17.627119 0.000000
    endloop
  endfacet
  facet normal 1.000000 0.000000 0.000000
    outer loop
      vertex 26.772152 17.118644 0.000000
      vertex 26.772152 17.627119 0.000000
      vertex 26.772152 17.627119 0.400000
    endloop
  endfacet
  facet normal 1.000000 0.000000 0.000000
    outer loop
      vertex 26.772152 17.118644 0.000000
      vertex 26.772152 17.627119 0.400000
      vertex 26.772152 17.118644 0.400000
    endloop
  endfacet
  facet normal 0.000000 0.000000 -1.000000
    outer loop
      vertex 29.303797 17.118644 0.000000
      vertex 30.822785 17.627119 0.000000
      vertex 30.822785 17.118644 0.000000
    endloop
  endfacet
  facet normal 0.000000 0.000000 -1.000000
    outer loop
      vertex 29.303797 17.118644 0.000000
      vertex 29.303797 17.627119 0.000000
      vertex 30.822785 17.627119 0.000000
    endloop
  endfacet
  facet normal 0.000000 0.000000 1.000000
    outer loop
      vertex 29.303797 17.118644 0.400000
      vertex 30.822785 17.118644 0.400000
      vertex 30.822785 17.627119 0.400000
    endloop
  endfacet
  facet normal 0.000000 0.000000 1.000000
    outer loop
      vertex 29.303797 17.118644 0.400000
      vertex 30.822785 17.627119 0.400000
      vertex 29.303797 17.627119 0.400000
    endloop
  endfacet
  facet normal 0.000000 -1.000000 0.000000
    outer loop
      vertex 29.303797 17.118644 0.000000
      vertex 30.822785 17.118644 0.000000
      vertex 30.822785 17.118644 0.400000
    endloop
  endfacet
  facet normal 0.000000 -1.000000 0.000000
    outer loop
      vertex 29.303797 17.118644 0.000000
      vertex 30.822785 17.118644 0.400000
      vertex 29.303797 17.118644 0.400000
    endloop
  endfacet
  facet normal 0.000000 1.000000 0.000000
    outer loop
      vertex 29.303797 17.627119 0.000000
      vertex 30.822785 17.627119 0.400000
      vertex 30.822785 17.627119 0.000000
    endloop
  endfacet
  facet normal 0.000000 1.000000 0.000000
    outer loop
      vertex 29.303797 17.627119 0.000000
      vertex 29.303797 17.627119 0.400000
      vertex 30.822785 17.627119 0.400000
    endloop
  endfacet
  facet normal -1.000000 0.000000 0.000000
    outer loop
      vertex 29.303797 17.118644 0.000000
      vertex 29.303797 17.118644 0.400000
      vertex 29.303797 17.627119 0.400000
    endloop
  endfacet
  facet normal -1.000000 0.000000 0.000000
    outer loop
      vertex 29.303797 17.118644 0.000000
      vertex 29.303797 17.627119 0.400000
      vertex 29.303797 17.627119 0.000000
    endloop
  endfacet
  facet normal 1.000000 0.000000 0.000000
    outer loop
      vertex 30.822785 17.118644 0.000000
      vertex 30.822785 17.627119 0.000000
      vertex 30.822785 17.627119 0.400000
    endloop
  endfacet
  facet normal 1.000000 0.000000 0.000000
    outer loop
      vertex 30.822785 17.118644 0.000000
      vertex 30.822785 17.627119 0.400000
      vertex 30.822785 17.118644 0.400000
    endloop
  endfacet
  facet normal 0.000000 0.000000 -1.000000
    outer loop
      vertex 33.354430 17.118644 0.000000
      vertex 35.886076 17.627119 0.000000
      vertex 35.886076 17.118644 0.000000
    endloop
  endfacet
  facet normal 0.000000 0.000000 -1.000000
    outer loop
      vertex 33.354430 17.118644 0.000000
      vertex 33.354430 17.627119 0.000000
      vertex 35.886076 17.627119 0.000000
    endloop
  endfacet
  facet normal 0.000000 0.000000 1.000000
    outer loop
      vertex 33.354430 17.118644 0.400000
      vertex 35.886076 17.118644 0.400000
      vertex 35.886076 17.627119 0.400000
    endloop
  endfacet
  facet normal 0.000000 0.000000 1.000000
    outer loop
      vertex 33.354430 17.118644 0.400000
      vertex 35.886076 17.627119 0.400000
      vertex 33.354430 17.627119 0.400000
    endloop
  endfacet
  facet normal 0.000000 -1.000000 0.000000
    outer loop
      vertex 33.354430 17.118644 0.000000
      vertex 35.886076 17.118644 0.000000
      vertex 35.886076 17.118644 0.400000
    endloop
  endfacet
  facet normal 0.000000 -1.000000 0.000000
    outer loop
      vertex 33.354430 17.118644 0.000000
      vertex 35.886076 17.118644 0.400000
      vertex 33.354430 17.118644 0.400000
    endloop
  endfacet
  facet normal 0.000000 1.000000 0.000000
    outer loop
      vertex 33.354430 17.627119 0.000000
      vertex 35.886076 17.627119 0.400000
      vertex 35.886076 17.627119 0.000000
    endloop
  endfacet
  facet normal 0.000000 1.000000 0.000000
    outer loop
      vertex 33.354430 17.627119 0.000000
      vertex 33.354430 17.627119 0.400000
      vertex 35.886076 17.627119 0.400000
    endloop
  endfacet
  facet normal -1.000000 0.000000 0.000000
    outer loop
      vertex 33.354430 17.118644 0.000000
      vertex 33.354430 17.118644 0.400000
      vertex 33.354430 17.627119 0.400000
    endloop
  endfacet
  facet normal -1.000000 0.000000 0.000000
    outer loop
      vertex 33.354430 17.118644 0.000000
      vertex 33.354430 17.627119 0.400000
      vertex 33.354430 17.627119 0.000000
    endloop
  endfacet
  facet normal 1.000000 0.000000 0.000000
    outer loop
      vertex 35.886076 17.118644 0.000000
      vertex 35.886076 17.627119 0.000000
      vertex 35.886076 17.627119 0.400000
    endloop
  endfacet
  facet normal 1.000000 0.000000 0.000000
    outer loop
      vertex 35.886076 17.118644 0.000000
      vertex 35.886076 17.627119 0.400000
      vertex 35.886076 17.118644 0.400000
    endloop
  endfacet
  facet normal 0.000000 0.000000 -1.000000
    outer loop
      vertex 38.417722 17.118644 0.000000
      vertex 45.000000 17.627119 0.000000
      vertex 45.000000 17.118644 0.000000
    endloop
  endfacet
  facet normal 0.000000 0.000000 -1.000000
    outer loop
      vertex 38.417722 17.118644 0.000000
      vertex 38.417722 17.627119 0.000000
      vertex 45.000000 17.627119 0.000000
    endloop
  endfacet
  facet normal 0.000000 0.000000 1.000000
    outer loop
      vertex 38.417722 17.118644 0.400000
      vertex 45.000000 17.118644 0.400000
      vertex 45.000000 17.627119 0.400000
    endloop
  endfacet
  facet normal 0.000000 0.000000 1.000000
    outer loop
      vertex 38.417722 17.118644 0.400000
      vertex 45.000000 17.627119 0.400000
      vertex 38.417722 17.627119 0.400000
    endloop
  endfacet
  facet normal 0.000000 -1.000000 0.000000
    outer loop
      vertex 38.417722 17.118644 0.000000
      vertex 45.000000 17.118644 0.000000
      vertex 45.000000 17.118644 0.400000
    endloop
  endfacet
  facet normal 0.000000 -1.000000 0.000000
    outer loop
      vertex 38.417722 17.118644 0.000000
      vertex 45.000000 17.118644 0.400000
      vertex 38.417722 17.118644 0.400000
    endloop
  endfacet
  facet normal 0.000000 1.000000 0.000000
    outer loop
      vertex 38.417722 17.627119 0.000000
      vertex 45.000000 17.627119 0.400000
      vertex 45.000000 17.627119 0.000000
    endloop
  endfacet
  facet normal 0.000000 1.000000 0.000000
    outer loop
      vertex 38.417722 17.627119 0.000000
      vertex 38.417722 17.627119 0.400000
      vertex 45.000000 17.627119 0.400000
    endloop
  endfacet
  facet normal -1.000000 0.000000 0.000000
    outer loop
      vertex 38.417722 17.118644 0.000000
      vertex 38.417722 17.118644 0.400000
      vertex 38.417722 17.627119 0.400000
    endloop
  endfacet
  facet normal -1.000000 0.000000 0.000000
    outer loop
      vertex 38.417722 17.118644 0.000000
      vertex 38.417722 17.627119 0.400000
      vertex 38.417722 17.627119 0.000000
    endloop
  endfacet
  facet normal 1.000000 0.000000 0.000000
    outer loop
      vertex 45.000000 17.118644 0.000000
      vertex 45.000000 17.627119 0.000000
      vertex 45.000000 17.627119 0.400000
    endloop
  endfacet
  facet normal 1.000000 0.000000 0.000000
    outer loop
      vertex 45.000000 17.118644 0.000000
      vertex 45.000000 17.627119 0.400000
      vertex 45.000000 17.118644 0.400000
    endloop
  endfacet
  facet normal 0.000000 0.000000 -1.000000
    outer loop
      vertex 5.000000 16.610169 0.000000
      vertex 12.088608 17.118644 0.000000
      vertex 12.088608 16.610169 0.000000
    endloop
  endfacet
  facet normal 0.000000 0.000000 -1.000000
    outer loop
      vertex 5.000000 16.610169 0.000000
      vertex 5.000000 17.118644 0.000000
      vertex 12.088608 17.118644 0.000000
    endloop
  endfacet
  facet normal 0.000000 0.000000 1.000000
    outer loop
      vertex 5.000000 16.610169 0.400000
      vertex 12.088608 16.610169 0.400000
      vertex 12.088608 17.118644 0.400000
    endloop
  endfacet
  facet normal 0.000000 0.000000 1.000000
    outer loop
      vertex 5.000000 16.610169 0.400000
      vertex 12.088608 17.118644 0.400000
      vertex 5.000000 17.118644 0.400000
    endloop
  endfacet
  facet normal 0.000000 -1.000000 0.000000
    outer loop
      vertex 5.000000 16.610169 0.000000
      vertex 12.088608 16.610169 0.000000
      vertex 12.088608 16.610169 0.400000
    endloop
  endfacet
  facet normal 0.000000 -1.000000 0.000000
    outer loop
      vertex 5.000000 16.610169 0.000000
      vertex 12.088608 16.610169 0.400000
      vertex 5.000000 16.610169 0.400000
    endloop
  endfacet
  facet normal 0.000000 1.000000 0.000000
    outer loop
      vertex 5.000000 17.118644 0.000000
      vertex 12.088608 17.118644 0.400000
      vertex 12.088608 17.118644 0.000000
    endloop
  endfacet
  facet normal 0.000000 1.000000 0.000000
    outer loop
      vertex 5.000000 17.118644 0.000000
      vertex 5.000000 17.118644 0.400000
      vertex 12.088608 17.118644 0.400000
    endloop
  endfacet
  facet normal -1.000000 0.000000 0.000000
    outer loop
      vertex 5.000000 16.610169 0.000000
      vertex 5.000000 16.610169 0.400000
      vertex 5.000000 17.118644 0.400000
    endloop
  endfacet
  facet normal -1.000000 0.000000 0.000000
    outer loop
      vertex 5.000000 16.610169 0.000000
      vertex 5.000000 17.118644 0.400000
      vertex 5.000000 17.118644 0.000000
    endloop
  endfacet
  facet normal 1.000000 0.000000 0.000000
    outer loop
      vertex 12.088608 16.610169 0.000000
      vertex 12.088608 17.118644 0.000000
      vertex 12.088608 17.118644 0.400000
    endloop
  endfacet
  facet normal 1.000000 0.000000 0.000000
    outer loop
      vertex 12.088608 16.610169 0.000000
      vertex 12.088608 17.118644 0.400000
      vertex 12.088608 16.610169 0.400000
    endloop
  endfacet
  facet normal 0.000000 0.000000 -1.000000
    outer loop
      vertex 19.177215 16.610169 0.000000
      vertex 21.202532 17.118644 0.000000
      vertex 21.202532 16.610169 0.000000
    endloop
  endfacet
  facet normal 0.000000 0.000000 -1.000000
    outer loop
      vertex 19.177215 16.610169 0.000000
      vertex 19.177215 17.118644 0.000000
      vertex 21.202532 17.118644 0.000000
    endloop
  endfacet
  facet normal 0.000000 0.000000 1.000000
    outer loop
      vertex 19.177215 16.610169 0.400000
      vertex 21.202532 16.610169 0.400000
      vertex 21.202532 17.118644 0.400000
    endloop
  endfacet
  facet normal 0.000000 0.000000 1.000000
    outer loop
      vertex 19.177215 16.610169 0.400000
      vertex 21.202532 17.118644 0.400000
      vertex 19.177215 17.118644 0.400000
    endloop
  endfacet
  facet normal 0.000000 -1.000000 0.000000
    outer loop
      vertex 19.177215 16.610169 0.000000
      vertex 21.202532 16.610169 0.000000
      vertex 21.202532 16.610169 0.400000
    endloop
  endfacet
  facet normal 0.000000 -1.000000 0.000000
    outer loop
      vertex 19.177215 16.610169 0.000000
      vertex 21.202532 16.610169 0.400000
      vertex 19.177215 16.610169 0.400000
    endloop
  endfacet
  facet normal 0.000000 1.000000 0.000000
    outer loop
      vertex 19.177215 17.118644 0.000000
      vertex 21.202532 17.118644 0.400000
      vertex 21.202532 17.118644 0.000000
    endloop
  endfacet
  facet normal 0.000000 1.000000 0.000000
    outer loop
      vertex 19.177215 17.118644 0.000000
      vertex 19.177215 17.118644 0.400000
      vertex 21.202532 17.118644 0.400000
    endloop
  endfacet
  facet normal -1.000000 0.000000 0.000000
    outer loop
      vertex 19.177215 16.610169 0.000000
      vertex 19.177215 16.610169 0.400000
      vertex 19.177215 17.118644 0.400000
    endloop
  endfacet
  facet normal -1.000000 0.000000 0.000000
    outer loop
      vertex 19.177215 16.610169 0.000000
      vertex 19.177215 17.118644 0.400000
      vertex 19.177215 17.118644 0.000000
    endloop
  endfacet
  facet normal 1.000000 0.000000 0.000000
    outer loop
      vertex 21.202532 16.610169 0.000000
      vertex 21.202532 17.118644 0.000000
      vertex 21.202532 17.118644 0.400000
    endloop
  endfacet
  facet normal 1.000000 0.000000 0.000000
    outer loop
      vertex 21.202532 16.610169 0.000000
      vertex 21.202532 17.118644 0.400000
      vertex 21.202532 16.610169 0.400000
    endloop
  endfacet
  facet normal 0.000000 0.000000 -1.000000
    outer loop
      vertex 23.734177 16.610169 0.000000
      vertex 26.772152 17.118644 0.000000
      vertex 26.772152 16.610169 0.000000
    endloop
  endfacet
  facet normal 0.000000 0.000000 -1.000000
    outer loop
      vertex 23.734177 16.610169 0.000000
      vertex 23.734177 17.118644 0.000000
      vertex 26.772152 17.118644 0.000000
    endloop
  endfacet
  facet normal 0.000000 0.000000 1.000000
    outer loop
      vertex 23.734177 16.610169 0.400000
      vertex 26.772152 16.610169 0.400000
      vertex 26.772152 17.118644 0.400000
    endloop
  endfacet
  facet normal 0.000000 0.000000 1.000000
    outer loop
      vertex 23.734177 16.610169 0.400000
      vertex 26.772152 17.118644 0.400000
      vertex 23.734177 17.118644 0.400000
    endloop
  endfacet
  facet normal 0.000000 -1.000000 0.000000
    outer loop
      vertex 23.734177 16.610169 0.000000
      vertex 26.772152 16.610169 0.000000
      vertex 26.772152 16.610169 0.400000
    endloop
  endfacet
  facet normal 0.000000 -1.000000 0.000000
    outer loop
      vertex 23.734177 16.610169 0.000000
      vertex 26.772152 16.610169 0.400000
      vertex 23.734177 16.610169 0.400000
    endloop
  endfacet
  facet normal 0.000000 1.000000 0.000000
    outer loop
      vertex 23.734177 17.118644 0.000000
      vertex 26.772152 17.118644 0.400000
      vertex 26.772152 17.118644 0.000000
    endloop
  endfacet
  facet normal 0.000000 1.000000 0.000000
    outer loop
      vertex 23.734177 17.118644 0.000000
      vertex 23.734177 17.118644 0.400000
      vertex 26.772152 17.118644 0.400000
    endloop
  endfacet
  facet normal -1.000000 0.000000 0.000000
    outer loop
      vertex 23.734177 16.610169 0.000000
      vertex 23.734177 16.610169 0.400000
      vertex 23.734177 17.118644 0.400000
    endloop
  endfacet
  facet normal -1.000000 0.000000 0.000000
    outer loop
      vertex 23.734177 16.610169 0.000000
      vertex 23.734177 17.118644 0.400000
      vertex 23.734177 17.118644 0.000000
    endloop
  endfacet
  facet normal 1.000000 0.000000 0.000000
    outer loop
      vertex 26.772152 16.610169 0.000000
      vertex 26.772152 17.118644 0.000000
      vertex 26.772152 17.118644 0.400000
    endloop
  endfacet
  facet normal 1.000000 0.000000 0.000000
    outer loop
      vertex 26.772152 16.610169 0.000000
      vertex 26.772152 17.118644 0.400000
      vertex 26.772152 16.610169 0.400000
    endloop
  endfacet
  facet normal 0.000000 0.000000 -1.000000
    outer loop
      vertex 29.303797 16.610169 0.000000
      vertex 30.822785 17.118644 0.000000
      vertex 30.822785 16.610169 0.000000
    endloop
  endfacet
  facet normal 0.000000 0.000000 -1.000000
    outer loop
      vertex 29.303797 16.610169 0.000000
      vertex 29.303797 17.118644 0.000000
      vertex 30.822785 17.118644 0.000000
    endloop
  endfacet
  facet normal 0.000000 0.000000 1.000000
    outer loop
      vertex 29.303797 16.610169 0.400000
      vertex 30.822785 16.610169 0.400000
      vertex 30.822785 17.118644 0.400000
    endloop
  endfacet
  facet normal 0.000000 0.000000 1.000000
    outer loop
      vertex 29.303797 16.610169 0.400000
      vertex 30.822785 17.118644 0.400000
      vertex 29.303797 17.118644 0.400000
    endloop
  endfacet
  facet normal 0.000000 -1.000000 0.000000
    outer loop
      vertex 29.303797 16.610169 0.000000
      vertex 30.822785 16.610169 0.000000
      vertex 30.822785 16.610169 0.400000
    endloop
  endfacet
  facet normal 0.000000 -1.000000 0.000000
    outer loop
      vertex 29.303797 16.610169 0.000000
      vertex 30.822785 16.610169 0.400000
      vertex 29.303797 16.610169 0.400000
    endloop
  endfacet
  facet normal 0.000000 1.000000 0.000000
    outer loop
      vertex 29.303797 17.118644 0.000000
      vertex 30.822785 17.118644 0.400000
      vertex 30.822785 17.118644 0.000000
    endloop
  endfacet
  facet normal 0.000000 1.000000 0.000000
    outer loop
      vertex 29.303797 17.118644 0.000000
      vertex 29.303797 17.118644 0.400000
      vertex 30.822785 17.118644 0.400000
    endloop
  endfacet
  facet normal -1.000000 0.000000 0.000000
    outer loop
      vertex 29.303797 16.610169 0.000000
      vertex 29.303797 16.610169 0.400000
      vertex 29.303797 17.118644 0.400000
    endloop
  endfacet
  facet normal -1.000000 0.000000 0.000000
    outer loop
      vertex 29.303797 16.610169 0.000000
      vertex 29.303797 17.118644 0.400000
      vertex 29.303797 17.118644 0.000000
    endloop
  endfacet
  facet normal 1.000000 0.000000 0.000000
    outer loop
      vertex 30.822785 16.610169 0.000000
      vertex 30.822785 17.118644 0.000000
      vertex 30.822785 17.118644 0.400000
    endloop
  endfacet
  facet normal 1.000000 0.000000 0.000000
    outer loop
      vertex 30.822785 16.610169 0.000000
      vertex 30.822785 17.118644 0.400000
      vertex 30.822785 16.610169 0.400000
    endloop
  endfacet
  facet normal 0.000000 0.000000 -1.000000
    outer loop
      vertex 33.354430 16.610169 0.000000
      vertex 35.886076 17.118644 0.000000
      vertex 35.886076 16.610169 0.000000
    endloop
  endfacet
  facet normal 0.000000 0.000000 -1.000000
    outer loop
      vertex 33.354430 16.610169 0.000000
      vertex 33.354430 17.118644 0.000000
      vertex 35.886076 17.118644 0.000000
    endloop
  endfacet
  facet normal 0.000000 0.000000 1.000000
    outer loop
      vertex 33.354430 16.610169 0.400000
      vertex 35.886076 16.610169 0.400000
      vertex 35.886076 17.118644 0.400000
    endloop
  endfacet
  facet normal 0.000000 0.000000 1.000000
    outer loop
      vertex 33.354430 16.610169 0.400000
      vertex 35.886076 17.118644 0.400000
      vertex 33.354430 17.118644 0.400000
    endloop
  endfacet
  facet normal 0.000000 -1.000000 0.000000
    outer loop
      vertex 33.354430 16.610169 0.000000
      vertex 35.886076 16.610169 0.000000
      vertex 35.886076 16.610169 0.400000
    endloop
  endfacet
  facet normal 0.000000 -1.000000 0.000000
    outer loop
      vertex 33.354430 16.610169 0.000000
      vertex 35.886076 16.610169 0.400000
      vertex 33.354430 16.610169 0.400000
    endloop
  endfacet
  facet normal 0.000000 1.000000 0.000000
    outer loop
      vertex 33.354430 17.118644 0.000000
      vertex 35.886076 17.118644 0.400000
      vertex 35.886076 17.118644 0.000000
    endloop
  endfacet
  facet normal 0.000000 1.000000 0.000000
    outer loop
      vertex 33.354430 17.118644 0.000000
      vertex 33.354430 17.118644 0.400000
      vertex 35.886076 17.118644 0.400000
    endloop
  endfacet
  facet normal -1.000000 0.000000 0.000000
    outer loop
      vertex 33.354430 16.610169 0.000000
      vertex 33.354430 16.610169 0.400000
      vertex 33.354430 17.118644 0.400000
    endloop
  endfacet
  facet normal -1.000000 0.000000 0.000000
    outer loop
      vertex 33.354430 16.610169 0.000000
      vertex 33.354430 17.118644 0.400000
      vertex 33.354430 17.118644 0.000000
    endloop
  endfacet
  facet normal 1.000000 0.000000 0.000000
    outer loop
      vertex 35.886076 16.610169 0.000000
      vertex 35.886076 17.118644 0.000000
      vertex 35.886076 17.118644 0.400000
    endloop
  endfacet
  facet normal 1.000000 0.000000 0.000000
    outer loop
      vertex 35.886076 16.610169 0.000000
      vertex 35.886076 17.118644 0.400000
      vertex 35.886076 16.610169 0.400000
    endloop
  endfacet
  facet normal 0.000000 0.000000 -1.000000
    outer loop
      vertex 38.417722 16.610169 0.000000
      vertex 45.000000 17.118644 0.000000
      vertex 45.000000 16.610169 0.000000
    endloop
  endfacet
  facet normal 0.000000 0.000000 -1.000000
    outer loop
      vertex 38.417722 16.610169 0.000000
      vertex 38.417722 17.118644 0.000000
      vertex 45.000000 17.118644 0.000000
    endloop
  endfacet
  facet normal 0.000000 0.000000 1.000000
    outer loop
      vertex 38.417722 16.610169 0.400000
      vertex 45.000000 16.610169 0.400000
      vertex 45.000000 17.118644 0.400000
    endloop
  endfacet
  facet normal 0.000000 0.000000 1.000000
    outer loop
      vertex 38.417722 16.610169 0.400000
      vertex 45.000000 17.118644 0.400000
      vertex 38.417722 17.118644 0.400000
    endloop
  endfacet
  facet normal 0.000000 -1.000000 0.000000
    outer loop
      vertex 38.417722 16.610169 0.000000
      vertex 45.000000 16.610169 0.000000
      vertex 45.000000 16.610169 0.400000
    endloop
  endfacet
  facet normal 0.000000 -1.000000 0.000000
    outer loop
      vertex 38.417722 16.610169 0.000000
      vertex 45.000000 16.610169 0.400000
      vertex 38.417722 16.610169 0.400000
    endloop
  endfacet
  facet normal 0.000000 1.000000 0.000000
    outer loop
      vertex 38.417722 17.118644 0.000000
      vertex 45.000000 17.118644 0.400000
      vertex 45.000000 17.118644 0.000000
    endloop
  endfacet
  facet normal 0.000000 1.000000 0.000000
    outer loop
      vertex 38.417722 17.118644 0.000000
      vertex 38.417722 17.118644 0.400000
      vertex 45.000000 17.118644 0.400000
    endloop
  endfacet
  facet normal -1.000000 0.000000 0.000000
    outer loop
      vertex 38.417722 16.610169 0.000000
      vertex 38.417722 16.610169 0.400000
      vertex 38.417722 17.118644 0.400000
    endloop
  endfacet
  facet normal -1.000000 0.000000 0.000000
    outer loop
      vertex 38.417722 16.610169 0.000000
      vertex 38.417722 17.118644 0.400000
      vertex 38.417722 17.118644 0.000000
    endloop
  endfacet
  facet normal 1.000000 0.000000 0.000000
    outer loop
      vertex 45.000000 16.610169 0.000000
      vertex 45.000000 17.118644 0.000000
      vertex 45.000000 17.118644 0.400000
    endloop
  endfacet
  facet normal 1.000000 0.000000 0.000000
    outer loop
      vertex 45.000000 16.610169 0.000000
      vertex 45.000000 17.118644 0.400000
      vertex 45.000000 16.610169 0.400000
    endloop
  endfacet
  facet normal 0.000000 0.000000 -1.000000
    outer loop
      vertex 5.000000 16.101695 0.000000
      vertex 12.088608 16.610169 0.000000
      vertex 12.088608 16.101695 0.000000
    endloop
  endfacet
  facet normal 0.000000 0.000000 -1.000000
    outer loop
      vertex 5.000000 16.101695 0.000000
      vertex 5.000000 16.610169 0.000000
      vertex 12.088608 16.610169 0.000000
    endloop
  endfacet
  facet normal 0.000000 0.000000 1.000000
    outer loop
      vertex 5.000000 16.101695 0.400000
      vertex 12.088608 16.101695 0.400000
      vertex 12.088608 16.610169 0.400000
    endloop
  endfacet
  facet normal 0.000000 0.000000 1.000000
    outer loop
      vertex 5.000000 16.101695 0.400000
      vertex 12.088608 16.610169 0.400000
      vertex 5.000000 16.610169 0.400000
    endloop
  endfacet
  facet normal 0.000000 -1.000000 0.000000
    outer loop
      vertex 5.000000 16.101695 0.000000
      vertex 12.088608 16.101695 0.000000
      vertex 12.088608 16.101695 0.400000
    endloop
  endfacet
  facet normal 0.000000 -1.000000 0.000000
    outer loop
      vertex 5.000000 16.101695 0.000000
      vertex 12.088608 16.101695 0.400000
      vertex 5.000000 16.101695 0.400000
    endloop
  endfacet
  facet normal 0.000000 1.000000 0.000000
    outer loop
      vertex 5.000000 16.610169 0.000000
      vertex 12.088608 16.610169 0.400000
      vertex 12.088608 16.610169 0.000000
    endloop
  endfacet
  facet normal 0.000000 1.000000 0.000000
    outer loop
      vertex 5.000000 16.610169 0.000000
      vertex 5.000000 16.610169 0.400000
      vertex 12.088608 16.610169 0.400000
    endloop
  endfacet
  facet normal -1.000000 0.000000 0.000000
    outer loop
      vertex 5.000000 16.101695 0.000000
      vertex 5.000000 16.101695 0.400000
      vertex 5.000000 16.610169 0.400000
    endloop
  endfacet
  facet normal -1.000000 0.000000 0.000000
    outer loop
      vertex 5.000000 16.101695 0.000000
      vertex 5.000000 16.610169 0.400000
      vertex 5.000000 16.610169 0.000000
    endloop
  endfacet
  facet normal 1.000000 0.000000 0.000000
    outer loop
      vertex 12.088608 16.101695 0.000000
      vertex 12.088608 16.610169 0.000000
      vertex 12.088608 16.610169 0.400000
    endloop
  endfacet
  facet normal 1.000000 0.000000 0.000000
    outer loop
      vertex 12.088608 16.101695 0.000000
      vertex 12.088608 16.610169 0.400000
      vertex 12.088608 16.101695 0.400000
    endloop
  endfacet
  facet normal 0.000000 0.000000 -1.000000
    outer loop
      vertex 19.177215 16.101695 0.000000
      vertex 21.202532 16.610169 0.000000
      vertex 21.202532 16.101695 0.000000
    endloop
  endfacet
  facet normal 0.000000 0.000000 -1.000000
    outer loop
      vertex 19.177215 16.101695 0.000000
      vertex 19.177215 16.610169 0.000000
      vertex 21.202532 16.610169 0.000000
    endloop
  endfacet
  facet normal 0.000000 0.000000 1.000000
    outer loop
      vertex 19.177215 16.101695 0.400000
      vertex 21.202532 16.101695 0.400000
      vertex 21.202532 16.610169 0.400000
    endloop
  endfacet
  facet normal 0.000000 0.000000 1.000000
    outer loop
      vertex 19.177215 16.101695 0.400000
      vertex 21.202532 16.610169 0.400000
      vertex 19.177215 16.610169 0.400000
    endloop
  endfacet
  facet normal 0.000000 -1.000000 0.000000
    outer loop
      vertex 19.177215 16.101695 0.000000
      vertex 21.202532 16.101695 0.000000
      vertex 21.202532 16.101695 0.400000
    endloop
  endfacet
  facet normal 0.000000 -1.000000 0.000000
    outer loop
      vertex 19.177215 16.101695 0.000000
      vertex 21.202532 16.101695 0.400000
      vertex 19.177215 16.101695 0.400000
    endloop
  endfacet
  facet normal 0.000000 1.000000 0.000000
    outer loop
      vertex 19.177215 16.610169 0.000000
      vertex 21.202532 16.610169 0.400000
      vertex 21.202532 16.610169 0.000000
    endloop
  endfacet
  facet normal 0.000000 1.000000 0.000000
    outer loop
      vertex 19.177215 16.610169 0.000000
      vertex 19.177215 16.610169 0.400000
      vertex 21.202532 16.610169 0.400000
    endloop
  endfacet
  facet normal -1.000000 0.000000 0.000000
    outer loop
      vertex 19.177215 16.101695 0.000000
      vertex 19.177215 16.101695 0.400000
      vertex 19.177215 16.610169 0.400000
    endloop
  endfacet
  facet normal -1.000000 0.000000 0.000000
    outer loop
      vertex 19.177215 16.101695 0.000000
      vertex 19.177215 16.610169 0.400000
      vertex 19.177215 16.610169 0.000000
    endloop
  endfacet
  facet normal 1.000000 0.000000 0.000000
    outer loop
      vertex 21.202532 16.101695 0.000000
      vertex 21.202532 16.610169 0.000000
      vertex 21.202532 16.610169 0.400000
    endloop
  endfacet
  facet normal 1.000000 0.000000 0.000000
    outer loop
      vertex 21.202532 16.101695 0.000000
      vertex 21.202532 16.610169 0.400000
      vertex 21.202532 16.101695 0.400000
    endloop
  endfacet
  facet normal 0.000000 0.000000 -1.000000
    outer loop
      vertex 23.734177 16.101695 0.000000
      vertex 26.265823 16.610169 0.000000
      vertex 26.265823 16.101695 0.000000
    endloop
  endfacet
  facet normal 0.000000 0.000000 -1.000000
    outer loop
      vertex 23.734177 16.101695 0.000000
      vertex 23.734177 16.610169 0.000000
      vertex 26.265823 16.610169 0.000000
    endloop
  endfacet
  facet normal 0.000000 0.000000 1.000000
    outer loop
      vertex 23.734177 16.101695 0.400000
      vertex 26.265823 16.101695 0.400000
      vertex 26.265823 16.610169 0.400000
    endloop
  endfacet
  facet normal 0.000000 0.000000 1.000000
    outer loop
      vertex 23.734177 16.101695 0.400000
      vertex 26.265823 16.610169 0.400000
      vertex 23.734177 16.610169 0.400000
    endloop
  endfacet
  facet normal 0.000000 -1.000000 0.000000
    outer loop
      vertex 23.734177 16.101695 0.000000
      vertex 26.265823 16.101695 0.000000
      vertex 26.265823 16.101695 0.400000
    endloop
  endfacet
  facet normal 0.000000 -1.000000 0.000000
    outer loop
      vertex 23.734177 16.101695 0.000000
      vertex 26.265823 16.101695 0.400000
      vertex 23.734177 16.101695 0.400000
    endloop
  endfacet
  facet normal 0.000000 1.000000 0.000000
    outer loop
      vertex 23.734177 16.610169 0.000000
      vertex 26.265823 16.610169 0.400000
      vertex 26.265823 16.610169 0.000000
    endloop
  endfacet
  facet normal 0.000000 1.000000 0.000000
    outer loop
      vertex 23.734177 16.610169 0.000000
      vertex 23.734177 16.610169 0.400000
      vertex 26.265823 16.610169 0.400000
    endloop
  endfacet
  facet normal -1.000000 0.000000 0.000000
    outer loop
      vertex 23.734177 16.101695 0.000000
      vertex 23.734177 16.101695 0.400000
      vertex 23.734177 16.610169 0.400000
    endloop
  endfacet
  facet normal -1.000000 0.000000 0.000000
    outer loop
      vertex 23.734177 16.101695 0.000000
      vertex 23.734177 16.610169 0.400000
      vertex 23.734177 16.610169 0.000000
    endloop
  endfacet
  facet normal 1.000000 0.000000 0.000000
    outer loop
      vertex 26.265823 16.101695 0.000000
      vertex 26.265823 16.610169 0.000000
      vertex 26.265823 16.610169 0.400000
    endloop
  endfacet
  facet normal 1.000000 0.000000 0.000000
    outer loop
      vertex 26.265823 16.101695 0.000000
      vertex 26.265823 16.610169 0.400000
      vertex 26.265823 16.101695 0.400000
    endloop
  endfacet
  facet normal 0.000000 0.000000 -1.000000
    outer loop
      vertex 28.797468 16.101695 0.000000
      vertex 30.822785 16.610169 0.000000
      vertex 30.822785 16.101695 0.000000
    endloop
  endfacet
  facet normal 0.000000 0.000000 -1.000000
    outer loop
      vertex 28.797468 16.101695 0.000000
      vertex 28.797468 16.610169 0.000000
      vertex 30.822785 16.610169 0.000000
    endloop
  endfacet
  facet normal 0.000000 0.000000 1.000000
    outer loop
      vertex 28.797468 16.101695 0.400000
      vertex 30.822785 16.101695 0.400000
      vertex 30.822785 16.610169 0.400000
    endloop
  endfacet
  facet normal 0.000000 0.000000 1.000000
    outer loop
      vertex 28.797468 16.101695 0.400000
      vertex 30.822785 16.610169 0.400000
      vertex 28.797468 16.610169 0.400000
    endloop
  endfacet
  facet normal 0.000000 -1.000000 0.000000
    outer loop
      vertex 28.797468 16.101695 0.000000
      vertex 30.822785 16.101695 0.000000
      vertex 30.822785 16.101695 0.400000
    endloop
  endfacet
  facet normal 0.000000 -1.000000 0.000000
    outer loop
      vertex 28.797468 16.101695 0.000000
      vertex 30.822785 16.101695 0.400000
      vertex 28.797468 16.101695 0.400000
    endloop
  endfacet
  facet normal 0.000000 1.000000 0.000000
    outer loop
      vertex 28.797468 16.610169 0.000000
      vertex 30.822785 16.610169 0.400000
      vertex 30.822785 16.610169 0.000000
    endloop
  endfacet
  facet normal 0.000000 1.000000 0.000000
    outer loop
      vertex 28.797468 16.610169 0.000000
      vertex 28.797468 16.610169 0.400000
      vertex 30.822785 16.610169 0.400000
    endloop
  endfacet
  facet normal -1.000000 0.000000 0.000000
    outer loop
      vertex 28.797468 16.101695 0.000000
      vertex 28.797468 16.101695 0.400000
      vertex 28.797468 16.610169 0.400000
    endloop
  endfacet
  facet normal -1.000000 0.000000 0.000000
    outer loop
      vertex 28.797468 16.101695 0.000000
      vertex 28.797468 16.610169 0.400000
      vertex 28.797468 16.610169 0.000000
    endloop
  endfacet
  facet normal 1.000000 0.000000 0.000000
    outer loop
      vertex 30.822785 16.101695 0.000000
      vertex 30.822785 16.610169 0.000000
      vertex 30.822785 16.610169 0.400000
    endloop
  endfacet
  facet normal 1.000000 0.000000 0.000000
    outer loop
      vertex 30.822785 16.101695 0.000000
      vertex 30.822785 16.610169 0.400000
      vertex 30.822785 16.101695 0.400000
    endloop
  endfacet
  facet normal 0.000000 0.000000 -1.000000
    outer loop
      vertex 33.354430 16.101695 0.000000
      vertex 35.886076 16.610169 0.000000
      vertex 35.886076 16.101695 0.000000
    endloop
  endfacet
  facet normal 0.000000 0.000000 -1.000000
    outer loop
      vertex 33.354430 16.101695 0.000000
      vertex 33.354430 16.610169 0.000000
      vertex 35.886076 16.610169 0.000000
    endloop
  endfacet
  facet normal 0.000000 0.000000 1.000000
    outer loop
      vertex 33.354430 16.101695 0.400000
      vertex 35.886076 16.101695 0.400000
      vertex 35.886076 16.610169 0.400000
    endloop
  endfacet
  facet normal 0.000000 0.000000 1.000000
    outer loop
      vertex 33.354430 16.101695 0.400000
      vertex 35.886076 16.610169 0.400000
      vertex 33.354430 16.610169 0.400000
    endloop
  endfacet
  facet normal 0.000000 -1.000000 0.000000
    outer loop
      vertex 33.354430 16.101695 0.000000
      vertex 35.886076 16.101695 0.000000
      vertex 35.886076 16.101695 0.400000
    endloop
  endfacet
  facet normal 0.000000 -1.000000 0.000000
    outer loop
      vertex 33.354430 16.101695 0.000000
      vertex 35.886076 16.101695 0.400000
      vertex 33.354430 16.101695 0.400000
    endloop
  endfacet
  facet normal 0.000000 1.000000 0.000000
    outer loop
      vertex 33.354430 16.610169 0.000000
      vertex 35.886076 16.610169 0.400000
      vertex 35.886076 16.610169 0.000000
    endloop
  endfacet
  facet normal 0.000000 1.000000 0.000000
    outer loop
      vertex 33.354430 16.610169 0.000000
      vertex 33.354430 16.610169 0.400000
      vertex 35.886076 16.610169 0.400000
    endloop
  endfacet
  facet normal -1.000000 0.000000 0.000000
    outer loop
      vertex 33.354430 16.101695 0.000000
      vertex 33.354430 16.101695 0.400000
      vertex 33.354430 16.610169 0.400000
    endloop
  endfacet
  facet normal -1.000000 0.000000 0.000000
    outer loop
      vertex 33.354430 16.101695 0.000000
      vertex 33.354430 16.610169 0.400000
      vertex 33.354430 16.610169 0.000000
    endloop
  endfacet
  facet normal 1.000000 0.000000 0.000000
    outer loop
      vertex 35.886076 16.101695 0.000000
      vertex 35.886076 16.610169 0.000000
      vertex 35.886076 16.610169 0.400000
    endloop
  endfacet
  facet normal 1.000000 0.000000 0.000000
    outer loop
      vertex 35.886076 16.101695 0.000000
      vertex 35.886076 16.610169 0.400000
      vertex 35.886076 16.101695 0.400000
    endloop
  endfacet
  facet normal 0.000000 0.000000 -1.000000
    outer loop
      vertex 38.417722 16.101695 0.000000
      vertex 45.000000 16.610169 0.000000
      vertex 45.000000 16.101695 0.000000
    endloop
  endfacet
  facet normal 0.000000 0.000000 -1.000000
    outer loop
      vertex 38.417722 16.101695 0.000000
      vertex 38.417722 16.610169 0.000000
      vertex 45.000000 16.610169 0.000000
    endloop
  endfacet
  facet normal 0.000000 0.000000 1.000000
    outer loop
      vertex 38.417722 16.101695 0.400000
      vertex 45.000000 16.101695 0.400000
      vertex 45.000000 16.610169 0.400000
    endloop
  endfacet
  facet normal 0.000000 0.000000 1.000000
    outer loop
      vertex 38.417722 16.101695 0.400000
      vertex 45.000000 16.610169 0.400000
      vertex 38.417722 16.610169 0.400000
    endloop
  endfacet
  facet normal 0.000000 -1.000000 0.000000
    outer loop
      vertex 38.417722 16.101695 0.000000
      vertex 45.000000 16.101695 0.000000
      vertex 45.000000 16.101695 0.400000
    endloop
  endfacet
  facet normal 0.000000 -1.000000 0.000000
    outer loop
      vertex 38.417722 16.101695 0.000000
      vertex 45.000000 16.101695 0.400000
      vertex 38.417722 16.101695 0.400000
    endloop
  endfacet
  facet normal 0.000000 1.000000 0.000000
    outer loop
      vertex 38.417722 16.610169 0.000000
      vertex 45.000000 16.610169 0.400000
      vertex 45.000000 16.610169 0.000000
    endloop
  endfacet
  facet normal 0.000000 1.000000 0.000000
    outer loop
      vertex 38.417722 16.610169 0.000000
      vertex 38.417722 16.610169 0.400000
      vertex 45.000000 16.610169 0.400000
    endloop
  endfacet
  facet normal -1.000000 0.000000 0.000000
    outer loop
      vertex 38.417722 16.101695 0.000000
      vertex 38.417722 16.101695 0.400000
      vertex 38.417722 16.610169 0.400000
    endloop
  endfacet
  facet normal -1.000000 0.000000 0.000000
    outer loop
      vertex 38.417722 16.101695 0.000000
      vertex 38.417722 16.610169 0.400000
      vertex 38.417722 16.610169 0.000000
    endloop
  endfacet
  facet normal 1.000000 0.000000 0.000000
    outer loop
      vertex 45.000000 16.101695 0.000000
      vertex 45.000000 16.610169 0.000000
      vertex 45.000000 16.610169 0.400000
    endloop
  endfacet
  facet normal 1.000000 0.000000 0.000000
    outer loop
      vertex 45.000000 16.101695 0.000000
      vertex 45.000000 16.610169 0.400000
      vertex 45.000000 16.101695 0.400000
    endloop
  endfacet
  facet normal 0.000000 0.000000 -1.000000
    outer loop
      vertex 5.000000 15.593220 0.000000
      vertex 12.088608 16.101695 0.000000
      vertex 12.088608 15.593220 0.000000
    endloop
  endfacet
  facet normal 0.000000 0.000000 -1.000000
    outer loop
      vertex 5.000000 15.593220 0.000000
      vertex 5.000000 16.101695 0.000000
      vertex 12.088608 16.101695 0.000000
    endloop
  endfacet
  facet normal 0.000000 0.000000 1.000000
    outer loop
      vertex 5.000000 15.593220 0.400000
      vertex 12.088608 15.593220 0.400000
      vertex 12.088608 16.101695 0.400000
    endloop
  endfacet
  facet normal 0.000000 0.000000 1.000000
    outer loop
      vertex 5.000000 15.593220 0.400000
      vertex 12.088608 16.101695 0.400000
      vertex 5.000000 16.101695 0.400000
    endloop
  endfacet
  facet normal 0.000000 -1.000000 0.000000
    outer loop
      vertex 5.000000 15.593220 0.000000
      vertex 12.088608 15.593220 0.000000
      vertex 12.088608 15.593220 0.400000
    endloop
  endfacet
  facet normal 0.000000 -1.000000 0.000000
    outer loop
      vertex 5.000000 15.593220 0.000000
      vertex 12.088608 15.593220 0.400000
      vertex 5.000000 15.593220 0.400000
    endloop
  endfacet
  facet normal 0.000000 1.000000 0.000000
    outer loop
      vertex 5.000000 16.101695 0.000000
      vertex 12.088608 16.101695 0.400000
      vertex 12.088608 16.101695 0.000000
    endloop
  endfacet
  facet normal 0.000000 1.000000 0.000000
    outer loop
      vertex 5.000000 16.101695 0.000000
      vertex 5.000000 16.101695 0.400000
      vertex 12.088608 16.101695 0.400000
    endloop
  endfacet
  facet normal -1.000000 0.000000 0.000000
    outer loop
      vertex 5.000000 15.593220 0.000000
      vertex 5.000000 15.593220 0.400000
      vertex 5.000000 16.101695 0.400000
    endloop
  endfacet
  facet normal -1.000000 0.000000 0.000000
    outer loop
      vertex 5.000000 15.593220 0.000000
      vertex 5.000000 16.101695 0.400000
      vertex 5.000000 16.101695 0.000000
    endloop
  endfacet
  facet normal 1.000000 0.000000 0.000000
    outer loop
      vertex 12.088608 15.593220 0.000000
      vertex 12.088608 16.101695 0.000000
      vertex 12.088608 16.101695 0.400000
    endloop
  endfacet
  facet normal 1.000000 0.000000 0.000000
    outer loop
      vertex 12.088608 15.593220 0.000000
      vertex 12.088608 16.101695 0.400000
      vertex 12.088608 15.593220 0.400000
    endloop
  endfacet
  facet normal 0.000000 0.000000 -1.000000
    outer loop
      vertex 14.620253 15.593220 0.000000
      vertex 16.645570 16.101695 0.000000
      vertex 16.645570 15.593220 0.000000
    endloop
  endfacet
  facet normal 0.000000 0.000000 -1.000000
    outer loop
      vertex 14.620253 15.593220 0.000000
      vertex 14.620253 16.101695 0.000000
      vertex 16.645570 16.101695 0.000000
    endloop
  endfacet
  facet normal 0.000000 0.000000 1.000000
    outer loop
      vertex 14.620253 15.593220 0.400000
      vertex 16.645570 15.593220 0.400000
      vertex 16.645570 16.101695 0.400000
    endloop
  endfacet
  facet normal 0.000000 0.000000 1.000000
    outer loop
      vertex 14.620253 15.593220 0.400000
      vertex 16.645570 16.101695 0.400000
      vertex 14.620253 16.101695 0.400000
    endloop
  endfacet
  facet normal 0.000000 -1.000000 0.000000
    outer loop
      vertex 14.620253 15.593220 0.000000
      vertex 16.645570 15.593220 0.000000
      vertex 16.645570 15.593220 0.400000
    endloop
  endfacet
  facet normal 0.000000 -1.000000 0.000000
    outer loop
      vertex 14.620253 15.593220 0.000000
      vertex 16.645570 15.593220 0.400000
      vertex 14.620253 15.593220 0.400000
    endloop
  endfacet
  facet normal 0.000000 1.000000 0.000000
    outer loop
      vertex 14.620253 16.101695 0.000000
      vertex 16.645570 16.101695 0.400000
      vertex 16.645570 16.101695 0.000000
    endloop
  endfacet
  facet normal 0.000000 1.000000 0.000000
    outer loop
      vertex 14.620253 16.101695 0.000000
      vertex 14.620253 16.101695 0.400000
      vertex 16.645570 16.101695 0.400000
    endloop
  endfacet
  facet normal -1.000000 0.000000 0.000000
    outer loop
      vertex 14.620253 15.593220 0.000000
      vertex 14.620253 15.593220 0.400000
      vertex 14.620253 16.101695 0.400000
    endloop
  endfacet
  facet normal -1.000000 0.000000 0.000000
    outer loop
      vertex 14.620253 15.593220 0.000000
      vertex 14.620253 16.101695 0.400000
      vertex 14.620253 16.101695 0.000000
    endloop
  endfacet
  facet normal 1.000000 0.000000 0.000000
    outer loop
      vertex 16.645570 15.593220 0.000000
      vertex 16.645570 16.101695 0.000000
      vertex 16.645570 16.101695 0.400000
    endloop
  endfacet
  facet normal 1.000000 0.000000 0.000000
    outer loop
      vertex 16.645570 15.593220 0.000000
      vertex 16.645570 16.101695 0.400000
      vertex 16.645570 15.593220 0.400000
    endloop
  endfacet
  facet normal 0.000000 0.000000 -1.000000
    outer loop
      vertex 19.683544 15.593220 0.000000
      vertex 21.202532 16.101695 0.000000
      vertex 21.202532 15.593220 0.000000
    endloop
  endfacet
  facet normal 0.000000 0.000000 -1.000000
    outer loop
      vertex 19.683544 15.593220 0.000000
      vertex 19.683544 16.101695 0.000000
      vertex 21.202532 16.101695 0.000000
    endloop
  endfacet
  facet normal 0.000000 0.000000 1.000000
    outer loop
      vertex 19.683544 15.593220 0.400000
      vertex 21.202532 15.593220 0.400000
      vertex 21.202532 16.101695 0.400000
    endloop
  endfacet
  facet normal 0.000000 0.000000 1.000000
    outer loop
      vertex 19.683544 15.593220 0.400000
      vertex 21.202532 16.101695 0.400000
      vertex 19.683544 16.101695 0.400000
    endloop
  endfacet
  facet normal 0.000000 -1.000000 0.000000
    outer loop
      vertex 19.683544 15.593220 0.000000
      vertex 21.202532 15.593220 0.000000
      vertex 21.202532 15.593220 0.400000
    endloop
  endfacet
  facet normal 0.000000 -1.000000 0.000000
    outer loop
      vertex 19.683544 15.593220 0.000000
      vertex 21.202532 15.593220 0.400000
      vertex 19.683544 15.593220 0.400000
    endloop
  endfacet
  facet normal 0.000000 1.000000 0.000000
    outer loop
      vertex 19.683544 16.101695 0.000000
      vertex 21.202532 16.101695 0.400000
      vertex 21.202532 16.101695 0.000000
    endloop
  endfacet
  facet normal 0.000000 1.000000 0.000000
    outer loop
      vertex 19.683544 16.101695 0.000000
      vertex 19.683544 16.101695 0.400000
      vertex 21.202532 16.101695 0.400000
    endloop
  endfacet
  facet normal -1.000000 0.000000 0.000000
    outer loop
      vertex 19.683544 15.593220 0.000000
      vertex 19.683544 15.593220 0.400000
      vertex 19.683544 16.101695 0.400000
    endloop
  endfacet
  facet normal -1.000000 0.000000 0.000000
    outer loop
      vertex 19.683544 15.593220 0.000000
      vertex 19.683544 16.101695 0.400000
      vertex 19.683544 16.101695 0.000000
    endloop
  endfacet
  facet normal 1.000000 0.000000 0.000000
    outer loop
      vertex 21.202532 15.593220 0.000000
      vertex 21.202532 16.101695 0.000000
      vertex 21.202532 16.101695 0.400000
    endloop
  endfacet
  facet normal 1.000000 0.000000 0.000000
    outer loop
      vertex 21.202532 15.593220 0.000000
      vertex 21.202532 16.101695 0.400000
      vertex 21.202532 15.593220 0.400000
    endloop
  endfacet
  facet normal 0.000000 0.000000 -1.000000
    outer loop
      vertex 23.734177 15.593220 0.000000
      vertex 26.265823 16.101695 0.000000
      vertex 26.265823 15.593220 0.000000
    endloop
  endfacet
  facet normal 0.000000 0.000000 -1.000000
    outer loop
      vertex 23.734177 15.593220 0.000000
      vertex 23.734177 16.101695 0.000000
      vertex 26.265823 16.101695 0.000000
    endloop
  endfacet
  facet normal 0.000000 0.000000 1.000000
    outer loop
      vertex 23.734177 15.593220 0.400000
      vertex 26.265823 15.593220 0.400000
      vertex 26.265823 16.101695 0.400000
    endloop
  endfacet
  facet normal 0.000000 0.000000 1.000000
    outer loop
      vertex 23.734177 15.593220 0.400000
      vertex 26.265823 16.101695 0.400000
      vertex 23.734177 16.101695 0.400000
    endloop
  endfacet
  facet normal 0.000000 -1.000000 0.000000
    outer loop
      vertex 23.734177 15.593220 0.000000
      vertex 26.265823 15.593220 0.000000
      vertex 26.265823 15.593220 0.400000
    endloop
  endfacet
  facet normal 0.000000 -1.000000 0.000000
    outer loop
      vertex 23.734177 15.593220 0.000000
      vertex 26.265823 15.593220 0.400000
      vertex 23.734177 15.593220 0.400000
    endloop
  endfacet
  facet normal 0.000000 1.000000 0.000000
    outer loop
      vertex 23.734177 16.101695 0.000000
      vertex 26.265823 16.101695 0.400000
      vertex 26.265823 16.101695 0.000000
    endloop
  endfacet
  facet normal 0.000000 1.000000 0.000000
    outer loop
      vertex 23.734177 16.101695 0.000000
      vertex 23.734177 16.101695 0.400000
      vertex 26.265823 16.101695 0.400000
    endloop
  endfacet
  facet normal -1.000000 0.000000 0.000000
    outer loop
      vertex 23.734177 15.593220 0.000000
      vertex 23.734177 15.593220 0.400000
      vertex 23.734177 16.101695 0.400000
    endloop
  endfacet
  facet normal -1.000000 0.000000 0.000000
    outer loop
      vertex 23.734177 15.593220 0.000000
      vertex 23.734177 16.101695 0.400000
      vertex 23.734177 16.101695 0.000000
    endloop
  endfacet
  facet normal 1.000000 0.000000 0.000000
    outer loop
      vertex 26.265823 15.593220 0.000000
      vertex 26.265823 16.101695 0.000000
      vertex 26.265823 16.101695 0.400000
    endloop
  endfacet
  facet normal 1.000000 0.000000 0.000000
    outer loop
      vertex 26.265823 15.593220 0.000000
      vertex 26.265823 16.101695 0.400000
      vertex 26.265823 15.593220 0.400000
    endloop
  endfacet
  facet normal 0.000000 0.000000 -1.000000
    outer loop
      vertex 28.797468 15.593220 0.000000
      vertex 30.822785 16.101695 0.000000
      vertex 30.822785 15.593220 0.000000
    endloop
  endfacet
  facet normal 0.000000 0.000000 -1.000000
    outer loop
      vertex 28.797468 15.593220 0.000000
      vertex 28.797468 16.101695 0.000000
      vertex 30.822785 16.101695 0.000000
    endloop
  endfacet
  facet normal 0.000000 0.000000 1.000000
    outer loop
      vertex 28.797468 15.593220 0.400000
      vertex 30.822785 15.593220 0.400000
      vertex 30.822785 16.101695 0.400000
    endloop
  endfacet
  facet normal 0.000000 0.000000 1.000000
    outer loop
      vertex 28.797468 15.593220 0.400000
      vertex 30.822785 16.101695 0.400000
      vertex 28.797468 16.101695 0.400000
    endloop
  endfacet
  facet normal 0.000000 -1.000000 0.000000
    outer loop
      vertex 28.797468 15.593220 0.000000
      vertex 30.822785 15.593220 0.000000
      vertex 30.822785 15.593220 0.400000
    endloop
  endfacet
  facet normal 0.000000 -1.000000 0.000000
    outer loop
      vertex 28.797468 15.593220 0.000000
      vertex 30.822785 15.593220 0.400000
      vertex 28.797468 15.593220 0.400000
    endloop
  endfacet
  facet normal 0.000000 1.000000 0.000000
    outer loop
      vertex 28.797468 16.101695 0.000000
      vertex 30.822785 16.101695 0.400000
      vertex 30.822785 16.101695 0.000000
    endloop
  endfacet
  facet normal 0.000000 1.000000 0.000000
    outer loop
      vertex 28.797468 16.101695 0.000000
      vertex 28.797468 16.101695 0.400000
      vertex 30.822785 16.101695 0.400000
    endloop
  endfacet
  facet normal -1.000000 0.000000 0.000000
    outer loop
      vertex 28.797468 15.593220 0.000000
      vertex 28.797468 15.593220 0.400000
      vertex 28.797468 16.101695 0.400000
    endloop
  endfacet
  facet normal -1.000000 0.000000 0.000000
    outer loop
      vertex 28.797468 15.593220 0.000000
      vertex 28.797468 16.101695 0.400000
      vertex 28.797468 16.101695 0.000000
    endloop
  endfacet
  facet normal 1.000000 0.000000 0.000000
    outer loop
      vertex 30.822785 15.593220 0.000000
      vertex 30.822785 16.101695 0.000000
      vertex 30.822785 16.101695 0.400000
    endloop
  endfacet
  facet normal 1.000000 0.000000 0.000000
    outer loop
      vertex 30.822785 15.593220 0.000000
      vertex 30.822785 16.101695 0.400000
      vertex 30.822785 15.593220 0.400000
    endloop
  endfacet
  facet normal 0.000000 0.000000 -1.000000
    outer loop
      vertex 33.354430 15.593220 0.000000
      vertex 35.886076 16.101695 0.000000
      vertex 35.886076 15.593220 0.000000
    endloop
  endfacet
  facet normal 0.000000 0.000000 -1.000000
    outer loop
      vertex 33.354430 15.593220 0.000000
      vertex 33.354430 16.101695 0.000000
      vertex 35.886076 16.101695 0.000000
    endloop
  endfacet
  facet normal 0.000000 0.000000 1.000000
    outer loop
      vertex 33.354430 15.593220 0.400000
      vertex 35.886076 15.593220 0.400000
      vertex 35.886076 16.101695 0.400000
    endloop
  endfacet
  facet normal 0.000000 0.000000 1.000000
    outer loop
      vertex 33.354430 15.593220 0.400000
      vertex 35.886076 16.101695 0.400000
      vertex 33.354430 16.101695 0.400000
    endloop
  endfacet
  facet normal 0.000000 -1.000000 0.000000
    outer loop
      vertex 33.354430 15.593220 0.000000
      vertex 35.886076 15.593220 0.000000
      vertex 35.886076 15.593220 0.400000
    endloop
  endfacet
  facet normal 0.000000 -1.000000 0.000000
    outer loop
      vertex 33.354430 15.593220 0.000000
      vertex 35.886076 15.593220 0.400000
      vertex 33.354430 15.593220 0.400000
    endloop
  endfacet
  facet normal 0.000000 1.000000 0.000000
    outer loop
      vertex 33.354430 16.101695 0.000000
      vertex 35.886076 16.101695 0.400000
      vertex 35.886076 16.101695 0.000000
    endloop
  endfacet
  facet normal 0.000000 1.000000 0.000000
    outer loop
      vertex 33.354430 16.101695 0.000000
      vertex 33.354430 16.101695 0.400000
      vertex 35.886076 16.101695 0.400000
    endloop
  endfacet
  facet normal -1.000000 0.000000 0.000000
    outer loop
      vertex 33.354430 15.593220 0.000000
      vertex 33.354430 15.593220 0.400000
      vertex 33.354430 16.101695 0.400000
    endloop
  endfacet
  facet normal -1.000000 0.000000 0.000000
    outer loop
      vertex 33.354430 15.593220 0.000000
      vertex 33.354430 16.101695 0.400000
      vertex 33.354430 16.101695 0.000000
    endloop
  endfacet
  facet normal 1.000000 0.000000 0.000000
    outer loop
      vertex 35.886076 15.593220 0.000000
      vertex 35.886076 16.101695 0.000000
      vertex 35.886076 16.101695 0.400000
    endloop
  endfacet
  facet normal 1.000000 0.000000 0.000000
    outer loop
      vertex 35.886076 15.593220 0.000000
      vertex 35.886076 16.101695 0.400000
      vertex 35.886076 15.593220 0.400000
    endloop
  endfacet
  facet normal 0.000000 0.000000 -1.000000
    outer loop
      vertex 38.417722 15.593220 0.000000
      vertex 45.000000 16.101695 0.000000
      vertex 45.000000 15.593220 0.000000
    endloop
  endfacet
  facet normal 0.000000 0.000000 -1.000000
    outer loop
      vertex 38.417722 15.593220 0.000000
      vertex 38.417722 16.101695 0.000000
      vertex 45.000000 16.101695 0.000000
    endloop
  endfacet
  facet normal 0.000000 0.000000 1.000000
    outer loop
      vertex 38.417722 15.593220 0.400000
      vertex 45.000000 15.593220 0.400000
      vertex 45.000000 16.101695 0.400000
    endloop
  endfacet
  facet normal 0.000000 0.000000 1.000000
    outer loop
      vertex 38.417722 15.593220 0.400000
      vertex 45.000000 16.101695 0.400000
      vertex 38.417722 16.101695 0.400000
    endloop
  endfacet
  facet normal 0.000000 -1.000000 0.000000
    outer loop
      vertex 38.417722 15.593220 0.000000
      vertex 45.000000 15.593220 0.000000
      vertex 45.000000 15.593220 0.400000
    endloop
  endfacet
  facet normal 0.000000 -1.000000 0.000000
    outer loop
      vertex 38.417722 15.593220 0.000000
      vertex 45.000000 15.593220 0.400000
      vertex 38.417722 15.593220 0.400000
    endloop
  endfacet
  facet normal 0.000000 1.000000 0.000000
    outer loop
      vertex 38.417722 16.101695 0.000000
      vertex 45.000000 16.101695 0.400000
      vertex 45.000000 16.101695 0.000000
    endloop
  endfacet
  facet normal 0.000000 1.000000 0.000000
    outer loop
      vertex 38.417722 16.101695 0.000000
      vertex 38.417722 16.101695 0.400000
      vertex 45.000000 16.101695 0.400000
    endloop
  endfacet
  facet normal -1.000000 0.000000 0.000000
    outer loop
      vertex 38.417722 15.593220 0.000000
      vertex 38.417722 15.593220 0.400000
      vertex 38.417722 16.101695 0.400000
    endloop
  endfacet
  facet normal -1.000000 0.000000 0.000000
    outer loop
      vertex 38.417722 15.593220 0.000000
      vertex 38.417722 16.101695 0.400000
      vertex 38.417722 16.101695 0.000000
    endloop
  endfacet
  facet normal 1.000000 0.000000 0.000000
    outer loop
      vertex 45.000000 15.593220 0.000000
      vertex 45.000000 16.101695 0.000000
      vertex 45.000000 16.101695 0.400000
    endloop
  endfacet
  facet normal 1.000000 0.000000 0.000000
    outer loop
      vertex 45.000000 15.593220 0.000000
      vertex 45.000000 16.101695 0.400000
      vertex 45.000000 15.593220 0.400000
    endloop
  endfacet
  facet normal 0.000000 0.000000 -1.000000
    outer loop
      vertex 5.000000 15.084746 0.000000
      vertex 12.088608 15.593220 0.000000
      vertex 12.088608 15.084746 0.000000
    endloop
  endfacet
  facet normal 0.000000 0.000000 -1.000000
    outer loop
      vertex 5.000000 15.084746 0.000000
      vertex 5.000000 15.593220 0.000000
      vertex 12.088608 15.593220 0.000000
    endloop
  endfacet
  facet normal 0.000000 0.000000 1.000000
    outer loop
      vertex 5.000000 15.084746 0.400000
      vertex 12.088608 15.084746 0.400000
      vertex 12.088608 15.593220 0.400000
    endloop
  endfacet
  facet normal 0.000000 0.000000 1.000000
    outer loop
      vertex 5.000000 15.084746 0.400000
      vertex 12.088608 15.593220 0.400000
      vertex 5.000000 15.593220 0.400000
    endloop
  endfacet
  facet normal 0.000000 -1.000000 0.000000
    outer loop
      vertex 5.000000 15.084746 0.000000
      vertex 12.088608 15.084746 0.000000
      vertex 12.088608 15.084746 0.400000
    endloop
  endfacet
  facet normal 0.000000 -1.000000 0.000000
    outer loop
      vertex 5.000000 15.084746 0.000000
      vertex 12.088608 15.084746 0.400000
      vertex 5.000000 15.084746 0.400000
    endloop
  endfacet
  facet normal 0.000000 1.000000 0.000000
    outer loop
      vertex 5.000000 15.593220 0.000000
      vertex 12.088608 15.593220 0.400000
      vertex 12.088608 15.593220 0.000000
    endloop
  endfacet
  facet normal 0.000000 1.000000 0.000000
    outer loop
      vertex 5.000000 15.593220 0.000000
      vertex 5.000000 15.593220 0.400000
      vertex 12.088608 15.593220 0.400000
    endloop
  endfacet
  facet normal -1.000000 0.000000 0.000000
    outer loop
      vertex 5.000000 15.084746 0.000000
      vertex 5.000000 15.084746 0.400000
      vertex 5.000000 15.593220 0.400000
    endloop
  endfacet
  facet normal -1.000000 0.000000 0.000000
    outer loop
      vertex 5.000000 15.084746 0.000000
      vertex 5.000000 15.593220 0.400000
      vertex 5.000000 15.593220 0.000000
    endloop
  endfacet
  facet normal 1.000000 0.000000 0.000000
    outer loop
      vertex 12.088608 15.084746 0.000000
      vertex 12.088608 15.593220 0.000000
      vertex 12.088608 15.593220 0.400000
    endloop
  endfacet
  facet normal 1.000000 0.000000 0.000000
    outer loop
      vertex 12.088608 15.084746 0.000000
      vertex 12.088608 15.593220 0.400000
      vertex 12.088608 15.084746 0.400000
    endloop
  endfacet
  facet normal 0.000000 0.000000 -1.000000
    outer loop
      vertex 14.620253 15.084746 0.000000
      vertex 17.151899 15.593220 0.000000
      vertex 17.151899 15.084746 0.000000
    endloop
  endfacet
  facet normal 0.000000 0.000000 -1.000000
    outer loop
      vertex 14.620253 15.084746 0.000000
      vertex 14.620253 15.593220 0.000000
      vertex 17.151899 15.593220 0.000000
    endloop
  endfacet
  facet normal 0.000000 0.000000 1.000000
    outer loop
      vertex 14.620253 15.084746 0.400000
      vertex 17.151899 15.084746 0.400000
      vertex 17.151899 15.593220 0.400000
    endloop
  endfacet
  facet normal 0.000000 0.000000 1.000000
    outer loop
      vertex 14.620253 15.084746 0.400000
      vertex 17.151899 15.593220 0.400000
      vertex 14.620253 15.593220 0.400000
    endloop
  endfacet
  facet normal 0.000000 -1.000000 0.000000
    outer loop
      vertex 14.620253 15.084746 0.000000
      vertex 17.151899 15.084746 0.000000
      vertex 17.151899 15.084746 0.400000
    endloop
  endfacet
  facet normal 0.000000 -1.000000 0.000000
    outer loop
      vertex 14.620253 15.084746 0.000000
      vertex 17.151899 15.084746 0.400000
      vertex 14.620253 15.084746 0.400000
    endloop
  endfacet
  facet normal 0.000000 1.000000 0.000000
    outer loop
      vertex 14.620253 15.593220 0.000000
      vertex 17.151899 15.593220 0.400000
      vertex 17.151899 15.593220 0.000000
    endloop
  endfacet
  facet normal 0.000000 1.000000 0.000000
    outer loop
      vertex 14.620253 15.593220 0.000000
      vertex 14.620253 15.593220 0.400000
      vertex 17.151899 15.593220 0.400000
    endloop
  endfacet
  facet normal -1.000000 0.000000 0.000000
    outer loop
      vertex 14.620253 15.084746 0.000000
      vertex 14.620253 15.084746 0.400000
      vertex 14.620253 15.593220 0.400000
    endloop
  endfacet
  facet normal -1.000000 0.000000 0.000000
    outer loop
      vertex 14.620253 15.084746 0.000000
      vertex 14.620253 15.593220 0.400000
      vertex 14.620253 15.593220 0.000000
    endloop
  endfacet
  facet normal 1.000000 0.000000 0.000000
    outer loop
      vertex 17.151899 15.084746 0.000000
      vertex 17.151899 15.593220 0.000000
      vertex 17.151899 15.593220 0.400000
    endloop
  endfacet
  facet normal 1.000000 0.000000 0.000000
    outer loop
      vertex 17.151899 15.084746 0.000000
      vertex 17.151899 15.593220 0.400000
      vertex 17.151899 15.084746 0.400000
    endloop
  endfacet
  facet normal 0.000000 0.000000 -1.000000
    outer loop
      vertex 19.683544 15.084746 0.000000
      vertex 21.708861 15.593220 0.000000
      vertex 21.708861 15.084746 0.000000
    endloop
  endfacet
  facet normal 0.000000 0.000000 -1.000000
    outer loop
      vertex 19.683544 15.084746 0.000000
      vertex 19.683544 15.593220 0.000000
      vertex 21.708861 15.593220 0.000000
    endloop
  endfacet
  facet normal 0.000000 0.000000 1.000000
    outer loop
      vertex 19.683544 15.084746 0.400000
      vertex 21.708861 15.084746 0.400000
      vertex 21.708861 15.593220 0.400000
    endloop
  endfacet
  facet normal 0.000000 0.000000 1.000000
    outer loop
      vertex 19.683544 15.084746 0.400000
      vertex 21.708861 15.593220 0.400000
      vertex 19.683544 15.593220 0.400000
    endloop
  endfacet
  facet normal 0.000000 -1.000000 0.000000
    outer loop
      vertex 19.683544 15.084746 0.000000
      vertex 21.708861 15.084746 0.000000
      vertex 21.708861 15.084746 0.400000
    endloop
  endfacet
  facet normal 0.000000 -1.000000 0.000000
    outer loop
      vertex 19.683544 15.084746 0.000000
      vertex 21.708861 15.084746 0.400000
      vertex 19.683544 15.084746 0.400000
    endloop
  endfacet
  facet normal 0.000000 1.000000 0.000000
    outer loop
      vertex 19.683544 15.593220 0.000000
      vertex 21.708861 15.593220 0.400000
      vertex 21.708861 15.593220 0.000000
    endloop
  endfacet
  facet normal 0.000000 1.000000 0.000000
    outer loop
      vertex 19.683544 15.593220 0.000000
      vertex 19.683544 15.593220 0.400000
      vertex 21.708861 15.593220 0.400000
    endloop
  endfacet
  facet normal -1.000000 0.000000 0.000000
    outer loop
      vertex 19.683544 15.084746 0.000000
      vertex 19.683544 15.084746 0.400000
      vertex 19.683544 15.593220 0.400000
    endloop
  endfacet
  facet normal -1.000000 0.000000 0.000000
    outer loop
      vertex 19.683544 15.084746 0.000000
      vertex 19.683544 15.593220 0.400000
      vertex 19.683544 15.593220 0.000000
    endloop
  endfacet
  facet normal 1.000000 0.000000 0.000000
    outer loop
      vertex 21.708861 15.084746 0.000000
      vertex 21.708861 15.593220 0.000000
      vertex 21.708861 15.593220 0.400000
    endloop
  endfacet
  facet normal 1.000000 0.000000 0.000000
    outer loop
      vertex 21.708861 15.084746 0.000000
      vertex 21.708861 15.593220 0.400000
      vertex 21.708861 15.084746 0.400000
    endloop
  endfacet
  facet normal 0.000000 0.000000 -1.000000
    outer loop
      vertex 23.734177 15.084746 0.000000
      vertex 26.265823 15.593220 0.000000
      vertex 26.265823 15.084746 0.000000
    endloop
  endfacet
  facet normal 0.000000 0.000000 -1.000000
    outer loop
      vertex 23.734177 15.084746 0.000000
      vertex 23.734177 15.593220 0.000000
      vertex 26.265823 15.593220 0.000000
    endloop
  endfacet
  facet normal 0.000000 0.000000 1.000000
    outer loop
      vertex 23.734177 15.084746 0.400000
      vertex 26.265823 15.084746 0.400000
      vertex 26.265823 15.593220 0.400000
    endloop
  endfacet
  facet normal 0.000000 0.000000 1.000000
    outer loop
      vertex 23.734177 15.084746 0.400000
      vertex 26.265823 15.593220 0.400000
      vertex 23.734177 15.593220 0.400000
    endloop
  endfacet
  facet normal 0.000000 -1.000000 0.000000
    outer loop
      vertex 23.734177 15.084746 0.000000
      vertex 26.265823 15.084746 0.000000
      vertex 26.265823 15.084746 0.400000
    endloop
  endfacet
  facet normal 0.000000 -1.000000 0.000000
    outer loop
      vertex 23.734177 15.084746 0.000000
      vertex 26.265823 15.084746 0.400000
      vertex 23.734177 15.084746 0.400000
    endloop
  endfacet
  facet normal 0.000000 1.000000 0.000000
    outer loop
      vertex 23.734177 15.593220 0.000000
      vertex 26.265823 15.593220 0.400000
      vertex 26.265823 15.593220 0.000000
    endloop
  endfacet
  facet normal 0.000000 1.000000 0.000000
    outer loop
      vertex 23.734177 15.593220 0.000000
      vertex 23.734177 15.593220 0.400000
      vertex 26.265823 15.593220 0.400000
    endloop
  endfacet
  facet normal -1.000000 0.000000 0.000000
    outer loop
      vertex 23.734177 15.084746 0.000000
      vertex 23.734177 15.084746 0.400000
      vertex 23.734177 15.593220 0.400000
    endloop
  endfacet
  facet normal -1.000000 0.000000 0.000000
    outer loop
      vertex 23.734177 15.084746 0.000000
      vertex 23.734177 15.593220 0.400000
      vertex 23.734177 15.593220 0.000000
    endloop
  endfacet
  facet normal 1.000000 0.000000 0.000000
    outer loop
      vertex 26.265823 15.084746 0.000000
      vertex 26.265823 15.593220 0.000000
      vertex 26.265823 15.593220 0.400000
    endloop
  endfacet
  facet normal 1.000000 0.000000 0.000000
    outer loop
      vertex 26.265823 15.084746 0.000000
      vertex 26.265823 15.593220 0.400000
      vertex 26.265823 15.084746 0.400000
    endloop
  endfacet
  facet normal 0.000000 0.000000 -1.000000
    outer loop
      vertex 28.797468 15.084746 0.000000
      vertex 30.822785 15.593220 0.000000
      vertex 30.822785 15.084746 0.000000
    endloop
  endfacet
  facet normal 0.000000 0.000000 -1.000000
    outer loop
      vertex 28.797468 15.084746 0.000000
      vertex 28.797468 15.593220 0.000000
      vertex 30.822785 15.593220 0.000000
    endloop
  endfacet
  facet normal 0.000000 0.000000 1.000000
    outer loop
      vertex 28.797468 15.084746 0.400000
      vertex 30.822785 15.084746 0.400000
      vertex 30.822785 15.593220 0.400000
    endloop
  endfacet
  facet normal 0.000000 0.000000 1.000000
    outer loop
      vertex 28.797468 15.084746 0.400000
      vertex 30.822785 15.593220 0.400000
      vertex 28.797468 15.593220 0.400000
    endloop
  endfacet
  facet normal 0.000000 -1.000000 0.000000
    outer loop
      vertex 28.797468 15.084746 0.000000
      vertex 30.822785 15.084746 0.000000
      vertex 30.822785 15.084746 0.400000
    endloop
  endfacet
  facet normal 0.000000 -1.000000 0.000000
    outer loop
      vertex 28.797468 15.084746 0.000000
      vertex 30.822785 15.084746 0.400000
      vertex 28.797468 15.084746 0.400000
    endloop
  endfacet
  facet normal 0.000000 1.000000 0.000000
    outer loop
      vertex 28.797468 15.593220 0.000000
      vertex 30.822785 15.593220 0.400000
      vertex 30.822785 15.593220 0.000000
    endloop
  endfacet
  facet normal 0.000000 1.000000 0.000000
    outer loop
      vertex 28.797468 15.593220 0.000000
      vertex 28.797468 15.593220 0.400000
      vertex 30.822785 15.593220 0.400000
    endloop
  endfacet
  facet normal -1.000000 0.000000 0.000000
    outer loop
      vertex 28.797468 15.084746 0.000000
      vertex 28.797468 15.084746 0.400000
      vertex 28.797468 15.593220 0.400000
    endloop
  endfacet
  facet normal -1.000000 0.000000 0.000000
    outer loop
      vertex 28.797468 15.084746 0.000000
      vertex 28.797468 15.593220 0.400000
      vertex 28.797468 15.593220 0.000000
    endloop
  endfacet
  facet normal 1.000000 0.000000 0.000000
    outer loop
      vertex 30.822785 15.084746 0.000000
      vertex 30.822785 15.593220 0.000000
      vertex 30.822785 15.593220 0.400000
    endloop
  endfacet
  facet normal 1.000000 0.000000 0.000000
    outer loop
      vertex 30.822785 15.084746 0.000000
      vertex 30.822785 15.593220 0.400000
      vertex 30.822785 15.084746 0.400000
    endloop
  endfacet
  facet normal 0.000000 0.000000 -1.000000
    outer loop
      vertex 33.354430 15.084746 0.000000
      vertex 35.886076 15.593220 0.000000
      vertex 35.886076 15.084746 0.000000
    endloop
  endfacet
  facet normal 0.000000 0.000000 -1.000000
    outer loop
      vertex 33.354430 15.084746 0.000000
      vertex 33.354430 15.593220 0.000000
      vertex 35.886076 15.593220 0.000000
    endloop
  endfacet
  facet normal 0.000000 0.000000 1.000000
    outer loop
      vertex 33.354430 15.084746 0.400000
      vertex 35.886076 15.084746 0.400000
      vertex 35.886076 15.593220 0.400000
    endloop
  endfacet
  facet normal 0.000000 0.000000 1.000000
    outer loop
      vertex 33.354430 15.084746 0.400000
      vertex 35.886076 15.593220 0.400000
      vertex 33.354430 15.593220 0.400000
    endloop
  endfacet
  facet normal 0.000000 -1.000000 0.000000
    outer loop
      vertex 33.354430 15.084746 0.000000
      vertex 35.886076 15.084746 0.000000
      vertex 35.886076 15.084746 0.400000
    endloop
  endfacet
  facet normal 0.000000 -1.000000 0.000000
    outer loop
      vertex 33.354430 15.084746 0.000000
      vertex 35.886076 15.084746 0.400000
      vertex 33.354430 15.084746 0.400000
    endloop
  endfacet
  facet normal 0.000000 1.000000 0.000000
    outer loop
      vertex 33.354430 15.593220 0.000000
      vertex 35.886076 15.593220 0.400000
      vertex 35.886076 15.593220 0.000000
    endloop
  endfacet
  facet normal 0.000000 1.000000 0.000000
    outer loop
      vertex 33.354430 15.593220 0.000000
      vertex 33.354430 15.593220 0.400000
      vertex 35.886076 15.593220 0.400000
    endloop
  endfacet
  facet normal -1.000000 0.000000 0.000000
    outer loop
      vertex 33.354430 15.084746 0.000000
      vertex 33.354430 15.084746 0.400000
      vertex 33.354430 15.593220 0.400000
    endloop
  endfacet
  facet normal -1.000000 0.000000 0.000000
    outer loop
      vertex 33.354430 15.084746 0.000000
      vertex 33.354430 15.593220 0.400000
      vertex 33.354430 15.593220 0.000000
    endloop
  endfacet
  facet normal 1.000000 0.000000 0.000000
    outer loop
      vertex 35.886076 15.084746 0.000000
      vertex 35.886076 15.593220 0.000000
      vertex 35.886076 15.593220 0.400000
    endloop
  endfacet
  facet normal 1.000000 0.000000 0.000000
    outer loop
      vertex 35.886076 15.084746 0.000000
      vertex 35.886076 15.593220 0.400000
      vertex 35.886076 15.084746 0.400000
    endloop
  endfacet
  facet normal 0.000000 0.000000 -1.000000
    outer loop
      vertex 37.911392 15.084746 0.000000
      vertex 45.000000 15.593220 0.000000
      vertex 45.000000 15.084746 0.000000
    endloop
  endfacet
  facet normal 0.000000 0.000000 -1.000000
    outer loop
      vertex 37.911392 15.084746 0.000000
      vertex 37.911392 15.593220 0.000000
      vertex 45.000000 15.593220 0.000000
    endloop
  endfacet
  facet normal 0.000000 0.000000 1.000000
    outer loop
      vertex 37.911392 15.084746 0.400000
      vertex 45.000000 15.084746 0.400000
      vertex 45.000000 15.593220 0.400000
    endloop
  endfacet
  facet normal 0.000000 0.000000 1.000000
    outer loop
      vertex 37.911392 15.084746 0.400000
      vertex 45.000000 15.593220 0.400000
      vertex 37.911392 15.593220 0.400000
    endloop
  endfacet
  facet normal 0.000000 -1.000000 0.000000
    outer loop
      vertex 37.911392 15.084746 0.000000
      vertex 45.000000 15.084746 0.000000
      vertex 45.000000 15.084746 0.400000
    endloop
  endfacet
  facet normal 0.000000 -1.000000 0.000000
    outer loop
      vertex 37.911392 15.084746 0.000000
      vertex 45.000000 15.084746 0.400000
      vertex 37.911392 15.084746 0.400000
    endloop
  endfacet
  facet normal 0.000000 1.000000 0.000000
    outer loop
      vertex 37.911392 15.593220 0.000000
      vertex 45.000000 15.593220 0.400000
      vertex 45.000000 15.593220 0.000000
    endloop
  endfacet
  facet normal 0.000000 1.000000 0.000000
    outer loop
      vertex 37.911392 15.593220 0.000000
      vertex 37.911392 15.593220 0.400000
      vertex 45.000000 15.593220 0.400000
    endloop
  endfacet
  facet normal -1.000000 0.000000 0.000000
    outer loop
      vertex 37.911392 15.084746 0.000000
      vertex 37.911392 15.084746 0.400000
      vertex 37.911392 15.593220 0.400000
    endloop
  endfacet
  facet normal -1.000000 0.000000 0.000000
    outer loop
      vertex 37.911392 15.084746 0.000000
      vertex 37.911392 15.593220 0.400000
      vertex 37.911392 15.593220 0.000000
    endloop
  endfacet
  facet normal 1.000000 0.000000 0.000000
    outer loop
      vertex 45.000000 15.084746 0.000000
      vertex 45.000000 15.593220 0.000000
      vertex 45.000000 15.593220 0.400000
    endloop
  endfacet
  facet normal 1.000000 0.000000 0.000000
    outer loop
      vertex 45.000000 15.084746 0.000000
      vertex 45.000000 15.593220 0.400000
      vertex 45.000000 15.084746 0.400000
    endloop
  endfacet
  facet normal 0.000000 0.000000 -1.000000
    outer loop
      vertex 5.000000 14.576271 0.000000
      vertex 12.088608 15.084746 0.000000
      vertex 12.088608 14.576271 0.000000
    endloop
  endfacet
  facet normal 0.000000 0.000000 -1.000000
    outer loop
      vertex 5.000000 14.576271 0.000000
      vertex 5.000000 15.084746 0.000000
      vertex 12.088608 15.084746 0.000000
    endloop
  endfacet
  facet normal 0.000000 0.000000 1.000000
    outer loop
      vertex 5.000000 14.576271 0.400000
      vertex 12.088608 14.576271 0.400000
      vertex 12.088608 15.084746 0.400000
    endloop
  endfacet
  facet normal 0.000000 0.000000 1.000000
    outer loop
      vertex 5.000000 14.576271 0.400000
      vertex 12.088608 15.084746 0.400000
      vertex 5.000000 15.084746 0.400000
    endloop
  endfacet
  facet normal 0.000000 -1.000000 0.000000
    outer loop
      vertex 5.000000 14.576271 0.000000
      vertex 12.088608 14.576271 0.000000
      vertex 12.088608 14.576271 0.400000
    endloop
  endfacet
  facet normal 0.000000 -1.000000 0.000000
    outer loop
      vertex 5.000000 14.576271 0.000000
      vertex 12.088608 14.576271 0.400000
      vertex 5.000000 14.576271 0.400000
    endloop
  endfacet
  facet normal 0.000000 1.000000 0.000000
    outer loop
      vertex 5.000000 15.084746 0.000000
      vertex 12.088608 15.084746 0.400000
      vertex 12.088608 15.084746 0.000000
    endloop
  endfacet
  facet normal 0.000000 1.000000 0.000000
    outer loop
      vertex 5.000000 15.084746 0.000000
      vertex 5.000000 15.084746 0.400000
      vertex 12.088608 15.084746 0.400000
    endloop
  endfacet
  facet normal -1.000000 0.000000 0.000000
    outer loop
      vertex 5.000000 14.576271 0.000000
      vertex 5.000000 14.576271 0.400000
      vertex 5.000000 15.084746 0.400000
    endloop
  endfacet
  facet normal -1.000000 0.000000 0.000000
    outer loop
      vertex 5.000000 14.576271 0.000000
      vertex 5.000000 15.084746 0.400000
      vertex 5.000000 15.084746 0.000000
    endloop
  endfacet
  facet normal 1.000000 0.000000 0.000000
    outer loop
      vertex 12.088608 14.576271 0.000000
      vertex 12.088608 15.084746 0.000000
      vertex 12.088608 15.084746 0.400000
    endloop
  endfacet
  facet normal 1.000000 0.000000 0.000000
    outer loop
      vertex 12.088608 14.576271 0.000000
      vertex 12.088608 15.084746 0.400000
      vertex 12.088608 14.576271 0.400000
    endloop
  endfacet
  facet normal 0.000000 0.000000 -1.000000
    outer loop
      vertex 15.126582 14.576271 0.000000
      vertex 17.151899 15.084746 0.000000
      vertex 17.151899 14.576271 0.000000
    endloop
  endfacet
  facet normal 0.000000 0.000000 -1.000000
    outer loop
      vertex 15.126582 14.576271 0.000000
      vertex 15.126582 15.084746 0.000000
      vertex 17.151899 15.084746 0.000000
    endloop
  endfacet
  facet normal 0.000000 0.000000 1.000000
    outer loop
      vertex 15.126582 14.576271 0.400000
      vertex 17.151899 14.576271 0.400000
      vertex 17.151899 15.084746 0.400000
    endloop
  endfacet
  facet normal 0.000000 0.000000 1.000000
    outer loop
      vertex 15.126582 14.576271 0.400000
      vertex 17.151899 15.084746 0.400000
      vertex 15.126582 15.084746 0.400000
    endloop
  endfacet
  facet normal 0.000000 -1.000000 0.000000
    outer loop
      vertex 15.126582 14.576271 0.000000
      vertex 17.151899 14.576271 0.000000
      vertex 17.151899 14.576271 0.400000
    endloop
  endfacet
  facet normal 0.000000 -1.000000 0.000000
    outer loop
      vertex 15.126582 14.576271 0.000000
      vertex 17.151899 14.576271 0.400000
      vertex 15.126582 14.576271 0.400000
    endloop
  endfacet
  facet normal 0.000000 1.000000 0.000000
    outer loop
      vertex 15.126582 15.084746 0.000000
      vertex 17.151899 15.084746 0.400000
      vertex 17.151899 15.084746 0.000000
    endloop
  endfacet
  facet normal 0.000000 1.000000 0.000000
    outer loop
      vertex 15.126582 15.084746 0.000000
      vertex 15.126582 15.084746 0.400000
      vertex 17.151899 15.084746 0.400000
    endloop
  endfacet
  facet normal -1.000000 0.000000 0.000000
    outer loop
      vertex 15.126582 14.576271 0.000000
      vertex 15.126582 14.576271 0.400000
      vertex 15.126582 15.084746 0.400000
    endloop
  endfacet
  facet normal -1.000000 0.000000 0.000000
    outer loop
      vertex 15.126582 14.576271 0.000000
      vertex 15.126582 15.084746 0.400000
      vertex 15.126582 15.084746 0.000000
    endloop
  endfacet
  facet normal 1.000000 0.000000 0.000000
    outer loop
      vertex 17.151899 14.576271 0.000000
      vertex 17.151899 15.084746 0.000000
      vertex 17.151899 15.084746 0.400000
    endloop
  endfacet
  facet normal 1.000000 0.000000 0.000000
    outer loop
      vertex 17.151899 14.576271 0.000000
      vertex 17.151899 15.084746 0.400000
      vertex 17.151899 14.576271 0.400000
    endloop
  endfacet
  facet normal 0.000000 0.000000 -1.000000
    outer loop
      vertex 19.683544 14.576271 0.000000
      vertex 21.708861 15.084746 0.000000
      vertex 21.708861 14.576271 0.000000
    endloop
  endfacet
  facet normal 0.000000 0.000000 -1.000000
    outer loop
      vertex 19.683544 14.576271 0.000000
      vertex 19.683544 15.084746 0.000000
      vertex 21.708861 15.084746 0.000000
    endloop
  endfacet
  facet normal 0.000000 0.000000 1.000000
    outer loop
      vertex 19.683544 14.576271 0.400000
      vertex 21.708861 14.576271 0.400000
      vertex 21.708861 15.084746 0.400000
    endloop
  endfacet
  facet normal 0.000000 0.000000 1.000000
    outer loop
      vertex 19.683544 14.576271 0.400000
      vertex 21.708861 15.084746 0.400000
      vertex 19.683544 15.084746 0.400000
    endloop
  endfacet
  facet normal 0.000000 -1.000000 0.000000
    outer loop
      vertex 19.683544 14.576271 0.000000
      vertex 21.708861 14.576271 0.000000
      vertex 21.708861 14.576271 0.400000
    endloop
  endfacet
  facet normal 0.000000 -1.000000 0.000000
    outer loop
      vertex 19.683544 14.576271 0.000000
      vertex 21.708861 14.576271 0.400000
      vertex 19.683544 14.576271 0.400000
    endloop
  endfacet
  facet normal 0.000000 1.000000 0.000000
    outer loop
      vertex 19.683544 15.084746 0.000000
      vertex 21.708861 15.084746 0.400000
      vertex 21.708861 15.084746 0.000000
    endloop
  endfacet
  facet normal 0.000000 1.000000 0.000000
    outer loop
      vertex 19.683544 15.084746 0.000000
      vertex 19.683544 15.084746 0.400000
      vertex 21.708861 15.084746 0.400000
    endloop
  endfacet
  facet normal -1.000000 0.000000 0.000000
    outer loop
      vertex 19.683544 14.576271 0.000000
      vertex 19.683544 14.576271 0.400000
      vertex 19.683544 15.084746 0.400000
    endloop
  endfacet
  facet normal -1.000000 0.000000 0.000000
    outer loop
      vertex 19.683544 14.576271 0.000000
      vertex 19.683544 15.084746 0.400000
      vertex 19.683544 15.084746 0.000000
    endloop
  endfacet
  facet normal 1.000000 0.000000 0.000000
    outer loop
      vertex 21.708861 14.576271 0.000000
      vertex 21.708861 15.084746 0.000000
      vertex 21.708861 15.084746 0.400000
    endloop
  endfacet
  facet normal 1.000000 0.000000 0.000000
    outer loop
      vertex 21.708861 14.576271 0.000000
      vertex 21.708861 15.084746 0.400000
      vertex 21.708861 14.576271 0.400000
    endloop
  endfacet
  facet normal 0.000000 0.000000 -1.000000
    outer loop
      vertex 24.240506 14.576271 0.000000
      vertex 25.759494 15.084746 0.000000
      vertex 25.759494 14.576271 0.000000
    endloop
  endfacet
  facet normal 0.000000 0.000000 -1.000000
    outer loop
      vertex 24.240506 14.576271 0.000000
      vertex 24.240506 15.084746 0.000000
      vertex 25.759494 15.084746 0.000000
    endloop
  endfacet
  facet normal 0.000000 0.000000 1.000000
    outer loop
      vertex 24.240506 14.576271 0.400000
      vertex 25.759494 14.576271 0.400000
      vertex 25.759494 15.084746 0.400000
    endloop
  endfacet
  facet normal 0.000000 0.000000 1.000000
    outer loop
      vertex 24.240506 14.576271 0.400000
      vertex 25.759494 15.084746 0.400000
      vertex 24.240506 15.084746 0.400000
    endloop
  endfacet
  facet normal 0.000000 -1.000000 0.000000
    outer loop
      vertex 24.240506 14.576271 0.000000
      vertex 25.759494 14.576271 0.000000
      vertex 25.759494 14.576271 0.400000
    endloop
  endfacet
  facet normal 0.000000 -1.000000 0.000000
    outer loop
      vertex 24.240506 14.576271 0.000000
      vertex 25.759494 14.576271 0.400000
      vertex 24.240506 14.576271 0.400000
    endloop
  endfacet
  facet normal 0.000000 1.000000 0.000000
    outer loop
      vertex 24.240506 15.084746 0.000000
      vertex 25.759494 15.084746 0.400000
      vertex 25.759494 15.084746 0.000000
    endloop
  endfacet
  facet normal 0.000000 1.000000 0.000000
    outer loop
      vertex 24.240506 15.084746 0.000000
      vertex 24.240506 15.084746 0.400000
      vertex 25.759494 15.084746 0.400000
    endloop
  endfacet
  facet normal -1.000000 0.000000 0.000000
    outer loop
      vertex 24.240506 14.576271 0.000000
      vertex 24.240506 14.576271 0.400000
      vertex 24.240506 15.084746 0.400000
    endloop
  endfacet
  facet normal -1.000000 0.000000 0.000000
    outer loop
      vertex 24.240506 14.576271 0.000000
      vertex 24.240506 15.084746 0.400000
      vertex 24.240506 15.084746 0.000000
    endloop
  endfacet
  facet normal 1.000000 0.000000 0.000000
    outer loop
      vertex 25.759494 14.576271 0.000000
      vertex 25.759494 15.084746 0.000000
      vertex 25.759494 15.084746 0.400000
    endloop
  endfacet
  facet normal 1.000000 0.000000 0.000000
    outer loop
      vertex 25.759494 14.576271 0.000000
      vertex 25.759494 15.084746 0.400000
      vertex 25.759494 14.576271 0.400000
    endloop
  endfacet
  facet normal 0.000000 0.000000 -1.000000
    outer loop
      vertex 28.291139 14.576271 0.000000
      vertex 30.822785 15.084746 0.000000
      vertex 30.822785 14.576271 0.000000
    endloop
  endfacet
  facet normal 0.000000 0.000000 -1.000000
    outer loop
      vertex 28.291139 14.576271 0.000000
      vertex 28.291139 15.084746 0.000000
      vertex 30.822785 15.084746 0.000000
    endloop
  endfacet
  facet normal 0.000000 0.000000 1.000000
    outer loop
      vertex 28.291139 14.576271 0.400000
      vertex 30.822785 14.576271 0.400000
      vertex 30.822785 15.084746 0.400000
    endloop
  endfacet
  facet normal 0.000000 0.000000 1.000000
    outer loop
      vertex 28.291139 14.576271 0.400000
      vertex 30.822785 15.084746 0.400000
      vertex 28.291139 15.084746 0.400000
    endloop
  endfacet
  facet normal 0.000000 -1.000000 0.000000
    outer loop
      vertex 28.291139 14.576271 0.000000
      vertex 30.822785 14.576271 0.000000
      vertex 30.822785 14.576271 0.400000
    endloop
  endfacet
  facet normal 0.000000 -1.000000 0.000000
    outer loop
      vertex 28.291139 14.576271 0.000000
      vertex 30.822785 14.576271 0.400000
      vertex 28.291139 14.576271 0.400000
    endloop
  endfacet
  facet normal 0.000000 1.000000 0.000000
    outer loop
      vertex 28.291139 15.084746 0.000000
      vertex 30.822785 15.084746 0.400000
      vertex 30.822785 15.084746 0.000000
    endloop
  endfacet
  facet normal 0.000000 1.000000 0.000000
    outer loop
      vertex 28.291139 15.084746 0.000000
      vertex 28.291139 15.084746 0.400000
      vertex 30.822785 15.084746 0.400000
    endloop
  endfacet
  facet normal -1.000000 0.000000 0.000000
    outer loop
      vertex 28.291139 14.576271 0.000000
      vertex 28.291139 14.576271 0.400000
      vertex 28.291139 15.084746 0.400000
    endloop
  endfacet
  facet normal -1.000000 0.000000 0.000000
    outer loop
      vertex 28.291139 14.576271 0.000000
      vertex 28.291139 15.084746 0.400000
      vertex 28.291139 15.084746 0.000000
    endloop
  endfacet
  facet normal 1.000000 0.000000 0.000000
    outer loop
      vertex 30.822785 14.576271 0.000000
      vertex 30.822785 15.084746 0.000000
      vertex 30.822785 15.084746 0.400000
    endloop
  endfacet
  facet normal 1.000000 0.000000 0.000000
    outer loop
      vertex 30.822785 14.576271 0.000000
      vertex 30.822785 15.084746 0.400000
      vertex 30.822785 14.576271 0.400000
    endloop
  endfacet
  facet normal 0.000000 0.000000 -1.000000
    outer loop
      vertex 33.860759 14.576271 0.000000
      vertex 35.379747 15.084746 0.000000
      vertex 35.379747 14.576271 0.000000
    endloop
  endfacet
  facet normal 0.000000 0.000000 -1.000000
    outer loop
      vertex 33.860759 14.576271 0.000000
      vertex 33.860759 15.084746 0.000000
      vertex 35.379747 15.084746 0.000000
    endloop
  endfacet
  facet normal 0.000000 0.000000 1.000000
    outer loop
      vertex 33.860759 14.576271 0.400000
      vertex 35.379747 14.576271 0.400000
      vertex 35.379747 15.084746 0.400000
    endloop
  endfacet
  facet normal 0.000000 0.000000 1.000000
    outer loop
      vertex 33.860759 14.576271 0.400000
      vertex 35.379747 15.084746 0.400000
      vertex 33.860759 15.084746 0.400000
    endloop
  endfacet
  facet normal 0.000000 -1.000000 0.000000
    outer loop
      vertex 33.860759 14.576271 0.000000
      vertex 35.379747 14.576271 0.000000
      vertex 35.379747 14.576271 0.400000
    endloop
  endfacet
  facet normal 0.000000 -1.000000 0.000000
    outer loop
      vertex 33.860759 14.576271 0.000000
      vertex 35.379747 14.576271 0.400000
      vertex 33.860759 14.576271 0.400000
    endloop
  endfacet
  facet normal 0.000000 1.000000 0.000000
    outer loop
      vertex 33.860759 15.084746 0.000000
      vertex 35.379747 15.084746 0.400000
      vertex 35.379747 15.084746 0.000000
    endloop
  endfacet
  facet normal 0.000000 1.000000 0.000000
    outer loop
      vertex 33.860759 15.084746 0.000000
      vertex 33.860759 15.084746 0.400000
      vertex 35.379747 15.084746 0.400000
    endloop
  endfacet
  facet normal -1.000000 0.000000 0.000000
    outer loop
      vertex 33.860759 14.576271 0.000000
      vertex 33.860759 14.576271 0.400000
      vertex 33.860759 15.084746 0.400000
    endloop
  endfacet
  facet normal -1.000000 0.000000 0.000000
    outer loop
      vertex 33.860759 14.576271 0.000000
      vertex 33.860759 15.084746 0.400000
      vertex 33.860759 15.084746 0.000000
    endloop
  endfacet
  facet normal 1.000000 0.000000 0.000000
    outer loop
      vertex 35.379747 14.576271 0.000000
      vertex 35.379747 15.084746 0.000000
      vertex 35.379747 15.084746 0.400000
    endloop
  endfacet
  facet normal 1.000000 0.000000 0.000000
    outer loop
      vertex 35.379747 14.576271 0.000000
      vertex 35.379747 15.084746 0.400000
      vertex 35.379747 14.576271 0.400000
    endloop
  endfacet
  facet normal 0.000000 0.000000 -1.000000
    outer loop
      vertex 37.911392 14.576271 0.000000
      vertex 45.000000 15.084746 0.000000
      vertex 45.000000 14.576271 0.000000
    endloop
  endfacet
  facet normal 0.000000 0.000000 -1.000000
    outer loop
      vertex 37.911392 14.576271 0.000000
      vertex 37.911392 15.084746 0.000000
      vertex 45.000000 15.084746 0.000000
    endloop
  endfacet
  facet normal 0.000000 0.000000 1.000000
    outer loop
      vertex 37.911392 14.576271 0.400000
      vertex 45.000000 14.576271 0.400000
      vertex 45.000000 15.084746 0.400000
    endloop
  endfacet
  facet normal 0.000000 0.000000 1.000000
    outer loop
      vertex 37.911392 14.576271 0.400000
      vertex 45.000000 15.084746 0.400000
      vertex 37.911392 15.084746 0.400000
    endloop
  endfacet
  facet normal 0.000000 -1.000000 0.000000
    outer loop
      vertex 37.911392 14.576271 0.000000
      vertex 45.000000 14.576271 0.000000
      vertex 45.000000 14.576271 0.400000
    endloop
  endfacet
  facet normal 0.000000 -1.000000 0.000000
    outer loop
      vertex 37.911392 14.576271 0.000000
      vertex 45.000000 14.576271 0.400000
      vertex 37.911392 14.576271 0.400000
    endloop
  endfacet
  facet normal 0.000000 1.000000 0.000000
    outer loop
      vertex 37.911392 15.084746 0.000000
      vertex 45.000000 15.084746 0.400000
      vertex 45.000000 15.084746 0.000000
    endloop
  endfacet
  facet normal 0.000000 1.000000 0.000000
    outer loop
      vertex 37.911392 15.084746 0.000000
      vertex 37.911392 15.084746 0.400000
      vertex 45.000000 15.084746 0.400000
    endloop
  endfacet
  facet normal -1.000000 0.000000 0.000000
    outer loop
      vertex 37.911392 14.576271 0.000000
      vertex 37.911392 14.576271 0.400000
      vertex 37.911392 15.084746 0.400000
    endloop
  endfacet
  facet normal -1.000000 0.000000 0.000000
    outer loop
      vertex 37.911392 14.576271 0.000000
      vertex 37.911392 15.084746 0.400000
      vertex 37.911392 15.084746 0.000000
    endloop
  endfacet
  facet normal 1.000000 0.000000 0.000000
    outer loop
      vertex 45.000000 14.576271 0.000000
      vertex 45.000000 15.084746 0.000000
      vertex 45.000000 15.084746 0.400000
    endloop
  endfacet
  facet normal 1.000000 0.000000 0.000000
    outer loop
      vertex 45.000000 14.576271 0.000000
      vertex 45.000000 15.084746 0.400000
      vertex 45.000000 14.576271 0.400000
    endloop
  endfacet
  facet normal 0.000000 0.000000 -1.000000
    outer loop
      vertex 5.000000 14.067797 0.000000
      vertex 12.088608 14.576271 0.000000
      vertex 12.088608 14.067797 0.000000
    endloop
  endfacet
  facet normal 0.000000 0.000000 -1.000000
    outer loop
      vertex 5.000000 14.067797 0.000000
      vertex 5.000000 14.576271 0.000000
      vertex 12.088608 14.576271 0.000000
    endloop
  endfacet
  facet normal 0.000000 0.000000 1.000000
    outer loop
      vertex 5.000000 14.067797 0.400000
      vertex 12.088608 14.067797 0.400000
      vertex 12.088608 14.576271 0.400000
    endloop
  endfacet
  facet normal 0.000000 0.000000 1.000000
    outer loop
      vertex 5.000000 14.067797 0.400000
      vertex 12.088608 14.576271 0.400000
      vertex 5.000000 14.576271 0.400000
    endloop
  endfacet
  facet normal 0.000000 -1.000000 0.000000
    outer loop
      vertex 5.000000 14.067797 0.000000
      vertex 12.088608 14.067797 0.000000
      vertex 12.088608 14.067797 0.400000
    endloop
  endfacet
  facet normal 0.000000 -1.000000 0.000000
    outer loop
      vertex 5.000000 14.067797 0.000000
      vertex 12.088608 14.067797 0.400000
      vertex 5.000000 14.067797 0.400000
    endloop
  endfacet
  facet normal 0.000000 1.000000 0.000000
    outer loop
      vertex 5.000000 14.576271 0.000000
      vertex 12.088608 14.576271 0.400000
      vertex 12.088608 14.576271 0.000000
    endloop
  endfacet
  facet normal 0.000000 1.000000 0.000000
    outer loop
      vertex 5.000000 14.576271 0.000000
      vertex 5.000000 14.576271 0.400000
      vertex 12.088608 14.576271 0.400000
    endloop
  endfacet
  facet normal -1.000000 0.000000 0.000000
    outer loop
      vertex 5.000000 14.067797 0.000000
      vertex 5.000000 14.067797 0.400000
      vertex 5.000000 14.576271 0.400000
    endloop
  endfacet
  facet normal -1.000000 0.000000 0.000000
    outer loop
      vertex 5.000000 14.067797 0.000000
      vertex 5.000000 14.576271 0.400000
      vertex 5.000000 14.576271 0.000000
    endloop
  endfacet
  facet normal 1.000000 0.000000 0.000000
    outer loop
      vertex 12.088608 14.067797 0.000000
      vertex 12.088608 14.576271 0.000000
      vertex 12.088608 14.576271 0.400000
    endloop
  endfacet
  facet normal 1.000000 0.000000 0.000000
    outer loop
      vertex 12.088608 14.067797 0.000000
      vertex 12.088608 14.576271 0.400000
      vertex 12.088608 14.067797 0.400000
    endloop
  endfacet
  facet normal 0.000000 0.000000 -1.000000
    outer loop
      vertex 19.177215 14.067797 0.000000
      vertex 22.215190 14.576271 0.000000
      vertex 22.215190 14.067797 0.000000
    endloop
  endfacet
  facet normal 0.000000 0.000000 -1.000000
    outer loop
      vertex 19.177215 14.067797 0.000000
      vertex 19.177215 14.576271 0.000000
      vertex 22.215190 14.576271 0.000000
    endloop
  endfacet
  facet normal 0.000000 0.000000 1.000000
    outer loop
      vertex 19.177215 14.067797 0.400000
      vertex 22.215190 14.067797 0.400000
      vertex 22.215190 14.576271 0.400000
    endloop
  endfacet
  facet normal 0.000000 0.000000 1.000000
    outer loop
      vertex 19.177215 14.067797 0.400000
      vertex 22.215190 14.576271 0.400000
      vertex 19.177215 14.576271 0.400000
    endloop
  endfacet
  facet normal 0.000000 -1.000000 0.000000
    outer loop
      vertex 19.177215 14.067797 0.000000
      vertex 22.215190 14.067797 0.000000
      vertex 22.215190 14.067797 0.400000
    endloop
  endfacet
  facet normal 0.000000 -1.000000 0.000000
    outer loop
      vertex 19.177215 14.067797 0.000000
      vertex 22.215190 14.067797 0.400000
      vertex 19.177215 14.067797 0.400000
    endloop
  endfacet
  facet normal 0.000000 1.000000 0.000000
    outer loop
      vertex 19.177215 14.576271 0.000000
      vertex 22.215190 14.576271 0.400000
      vertex 22.215190 14.576271 0.000000
    endloop
  endfacet
  facet normal 0.000000 1.000000 0.000000
    outer loop
      vertex 19.177215 14.576271 0.000000
      vertex 19.177215 14.576271 0.400000
      vertex 22.215190 14.576271 0.400000
    endloop
  endfacet
  facet normal -1.000000 0.000000 0.000000
    outer loop
      vertex 19.177215 14.067797 0.000000
      vertex 19.177215 14.067797 0.400000
      vertex 19.177215 14.576271 0.400000
    endloop
  endfacet
  facet normal -1.000000 0.000000 0.000000
    outer loop
      vertex 19.177215 14.067797 0.000000
      vertex 19.177215 14.576271 0.400000
      vertex 19.177215 14.576271 0.000000
    endloop
  endfacet
  facet normal 1.000000 0.000000 0.000000
    outer loop
      vertex 22.215190 14.067797 0.000000
      vertex 22.215190 14.576271 0.000000
      vertex 22.215190 14.576271 0.400000
    endloop
  endfacet
  facet normal 1.000000 0.000000 0.000000
    outer loop
      vertex 22.215190 14.067797 0.000000
      vertex 22.215190 14.576271 0.400000
      vertex 22.215190 14.067797 0.400000
    endloop
  endfacet
  facet normal 0.000000 0.000000 -1.000000
    outer loop
      vertex 27.784810 14.067797 0.000000
      vertex 31.329114 14.576271 0.000000
      vertex 31.329114 14.067797 0.000000
    endloop
  endfacet
  facet normal 0.000000 0.000000 -1.000000
    outer loop
      vertex 27.784810 14.067797 0.000000
      vertex 27.784810 14.576271 0.000000
      vertex 31.329114 14.576271 0.000000
    endloop
  endfacet
  facet normal 0.000000 0.000000 1.000000
    outer loop
      vertex 27.784810 14.067797 0.400000
      vertex 31.329114 14.067797 0.400000
      vertex 31.329114 14.576271 0.400000
    endloop
  endfacet
  facet normal 0.000000 0.000000 1.000000
    outer loop
      vertex 27.784810 14.067797 0.400000
      vertex 31.329114 14.576271 0.400000
      vertex 27.784810 14.576271 0.400000
    endloop
  endfacet
  facet normal 0.000000 -1.000000 0.000000
    outer loop
      vertex 27.784810 14.067797 0.000000
      vertex 31.329114 14.067797 0.000000
      vertex 31.329114 14.067797 0.400000
    endloop
  endfacet
  facet normal 0.000000 -1.000000 0.000000
    outer loop
      vertex 27.784810 14.067797 0.000000
      vertex 31.329114 14.067797 0.400000
      vertex 27.784810 14.067797 0.400000
    endloop
  endfacet
  facet normal 0.000000 1.000000 0.000000
    outer loop
      vertex 27.784810 14.576271 0.000000
      vertex 31.329114 14.576271 0.400000
      vertex 31.329114 14.576271 0.000000
    endloop
  endfacet
  facet normal 0.000000 1.000000 0.000000
    outer loop
      vertex 27.784810 14.576271 0.000000
      vertex 27.784810 14.576271 0.400000
      vertex 31.329114 14.576271 0.400000
    endloop
  endfacet
  facet normal -1.000000 0.000000 0.000000
    outer loop
      vertex 27.784810 14.067797 0.000000
      vertex 27.784810 14.067797 0.400000
      vertex 27.784810 14.576271 0.400000
    endloop
  endfacet
  facet normal -1.000000 0.000000 0.000000
    outer loop
      vertex 27.784810 14.067797 0.000000
      vertex 27.784810 14.576271 0.400000
      vertex 27.784810 14.576271 0.000000
    endloop
  endfacet
  facet normal 1.000000 0.000000 0.000000
    outer loop
      vertex 31.329114 14.067797 0.000000
      vertex 31.329114 14.576271 0.000000
      vertex 31.329114 14.576271 0.400000
    endloop
  endfacet
  facet normal 1.000000 0.000000 0.000000
    outer loop
      vertex 31.329114 14.067797 0.000000
      vertex 31.329114 14.576271 0.400000
      vertex 31.329114 14.067797 0.400000
    endloop
  endfacet
  facet normal 0.000000 0.000000 -1.000000
    outer loop
      vertex 37.405063 14.067797 0.000000
      vertex 45.000000 14.576271 0.000000
      vertex 45.000000 14.067797 0.000000
    endloop
  endfacet
  facet normal 0.000000 0.000000 -1.000000
    outer loop
      vertex 37.405063 14.067797 0.000000
      vertex 37.405063 14.576271 0.000000
      vertex 45.000000 14.576271 0.000000
    endloop
  endfacet
  facet normal 0.000000 0.000000 1.000000
    outer loop
      vertex 37.405063 14.067797 0.400000
      vertex 45.000000 14.067797 0.400000
      vertex 45.000000 14.576271 0.400000
    endloop
  endfacet
  facet normal 0.000000 0.000000 1.000000
    outer loop
      vertex 37.405063 14.067797 0.400000
      vertex 45.000000 14.576271 0.400000
      vertex 37.405063 14.576271 0.400000
    endloop
  endfacet
  facet normal 0.000000 -1.000000 0.000000
    outer loop
      vertex 37.405063 14.067797 0.000000
      vertex 45.000000 14.067797 0.000000
      vertex 45.000000 14.067797 0.400000
    endloop
  endfacet
  facet normal 0.000000 -1.000000 0.000000
    outer loop
      vertex 37.405063 14.067797 0.000000
      vertex 45.000000 14.067797 0.400000
      vertex 37.405063 14.067797 0.400000
    endloop
  endfacet
  facet normal 0.000000 1.000000 0.000000
    outer loop
      vertex 37.405063 14.576271 0.000000
      vertex 45.000000 14.576271 0.400000
      vertex 45.000000 14.576271 0.000000
    endloop
  endfacet
  facet normal 0.000000 1.000000 0.000000
    outer loop
      vertex 37.405063 14.576271 0.000000
      vertex 37.405063 14.576271 0.400000
      vertex 45.000000 14.576271 0.400000
    endloop
  endfacet
  facet normal -1.000000 0.000000 0.000000
    outer loop
      vertex 37.405063 14.067797 0.000000
      vertex 37.405063 14.067797 0.400000
      vertex 37.405063 14.576271 0.400000
    endloop
  endfacet
  facet normal -1.000000 0.000000 0.000000
    outer loop
      vertex 37.405063 14.067797 0.000000
      vertex 37.405063 14.576271 0.400000
      vertex 37.405063 14.576271 0.000000
    endloop
  endfacet
  facet normal 1.000000 0.000000 0.000000
    outer loop
      vertex 45.000000 14.067797 0.000000
      vertex 45.000000 14.576271 0.000000
      vertex 45.000000 14.576271 0.400000
    endloop
  endfacet
  facet normal 1.000000 0.000000 0.000000
    outer loop
      vertex 45.000000 14.067797 0.000000
      vertex 45.000000 14.576271 0.400000
      vertex 45.000000 14.067797 0.400000
    endloop
  endfacet
  facet normal 0.000000 0.000000 -1.000000
    outer loop
      vertex 5.000000 13.559322 0.000000
      vertex 12.088608 14.067797 0.000000
      vertex 12.088608 13.559322 0.000000
    endloop
  endfacet
  facet normal 0.000000 0.000000 -1.000000
    outer loop
      vertex 5.000000 13.559322 0.000000
      vertex 5.000000 14.067797 0.000000
      vertex 12.088608 14.067797 0.000000
    endloop
  endfacet
  facet normal 0.000000 0.000000 1.000000
    outer loop
      vertex 5.000000 13.559322 0.400000
      vertex 12.088608 13.559322 0.400000
      vertex 12.088608 14.067797 0.400000
    endloop
  endfacet
  facet normal 0.000000 0.000000 1.000000
    outer loop
      vertex 5.000000 13.559322 0.400000
      vertex 12.088608 14.067797 0.400000
      vertex 5.000000 14.067797 0.400000
    endloop
  endfacet
  facet normal 0.000000 -1.000000 0.000000
    outer loop
      vertex 5.000000 13.559322 0.000000
      vertex 12.088608 13.559322 0.000000
      vertex 12.088608 13.559322 0.400000
    endloop
  endfacet
  facet normal 0.000000 -1.000000 0.000000
    outer loop
      vertex 5.000000 13.559322 0.000000
      vertex 12.088608 13.559322 0.400000
      vertex 5.000000 13.559322 0.400000
    endloop
  endfacet
  facet normal 0.000000 1.000000 0.000000
    outer loop
      vertex 5.000000 14.067797 0.000000
      vertex 12.088608 14.067797 0.400000
      vertex 12.088608 14.067797 0.000000
    endloop
  endfacet
  facet normal 0.000000 1.000000 0.000000
    outer loop
      vertex 5.000000 14.067797 0.000000
      vertex 5.000000 14.067797 0.400000
      vertex 12.088608 14.067797 0.400000
    endloop
  endfacet
  facet normal -1.000000 0.000000 0.000000
    outer loop
      vertex 5.000000 13.559322 0.000000
      vertex 5.000000 13.559322 0.400000
      vertex 5.000000 14.067797 0.400000
    endloop
  endfacet
  facet normal -1.000000 0.000000 0.000000
    outer loop
      vertex 5.000000 13.559322 0.000000
      vertex 5.000000 14.067797 0.400000
      vertex 5.000000 14.067797 0.000000
    endloop
  endfacet
  facet normal 1.000000 0.000000 0.000000
    outer loop
      vertex 12.088608 13.559322 0.000000
      vertex 12.088608 14.067797 0.000000
      vertex 12.088608 14.067797 0.400000
    endloop
  endfacet
  facet normal 1.000000 0.000000 0.000000
    outer loop
      vertex 12.088608 13.559322 0.000000
      vertex 12.088608 14.067797 0.400000
      vertex 12.088608 13.559322 0.400000
    endloop
  endfacet
  facet normal 0.000000 0.000000 -1.000000
    outer loop
      vertex 14.620253 13.559322 0.000000
      vertex 15.126582 14.067797 0.000000
      vertex 15.126582 13.559322 0.000000
    endloop
  endfacet
  facet normal 0.000000 0.000000 -1.000000
    outer loop
      vertex 14.620253 13.559322 0.000000
      vertex 14.620253 14.067797 0.000000
      vertex 15.126582 14.067797 0.000000
    endloop
  endfacet
  facet normal 0.000000 0.000000 1.000000
    outer loop
      vertex 14.620253 13.559322 0.400000
      vertex 15.126582 13.559322 0.400000
      vertex 15.126582 14.067797 0.400000
    endloop
  endfacet
  facet normal 0.000000 0.000000 1.000000
    outer loop
      vertex 14.620253 13.559322 0.400000
      vertex 15.126582 14.067797 0.400000
      vertex 14.620253 14.067797 0.400000
    endloop
  endfacet
  facet normal 0.000000 -1.000000 0.000000
    outer loop
      vertex 14.620253 13.559322 0.000000
      vertex 15.126582 13.559322 0.000000
      vertex 15.126582 13.559322 0.400000
    endloop
  endfacet
  facet normal 0.000000 -1.000000 0.000000
    outer loop
      vertex 14.620253 13.559322 0.000000
      vertex 15.126582 13.559322 0.400000
      vertex 14.620253 13.559322 0.400000
    endloop
  endfacet
  facet normal 0.000000 1.000000 0.000000
    outer loop
      vertex 14.620253 14.067797 0.000000
      vertex 15.126582 14.067797 0.400000
      vertex 15.126582 14.067797 0.000000
    endloop
  endfacet
  facet normal 0.000000 1.000000 0.000000
    outer loop
      vertex 14.620253 14.067797 0.000000
      vertex 14.620253 14.067797 0.400000
      vertex 15.126582 14.067797 0.400000
    endloop
  endfacet
  facet normal -1.000000 0.000000 0.000000
    outer loop
      vertex 14.620253 13.559322 0.000000
      vertex 14.620253 13.559322 0.400000
      vertex 14.620253 14.067797 0.400000
    endloop
  endfacet
  facet normal -1.000000 0.000000 0.000000
    outer loop
      vertex 14.620253 13.559322 0.000000
      vertex 14.620253 14.067797 0.400000
      vertex 14.620253 14.067797 0.000000
    endloop
  endfacet
  facet normal 1.000000 0.000000 0.000000
    outer loop
      vertex 15.126582 13.559322 0.000000
      vertex 15.126582 14.067797 0.000000
      vertex 15.126582 14.067797 0.400000
    endloop
  endfacet
  facet normal 1.000000 0.000000 0.000000
    outer loop
      vertex 15.126582 13.559322 0.000000
      vertex 15.126582 14.067797 0.400000
      vertex 15.126582 13.559322 0.400000
    endloop
  endfacet
  facet normal 0.000000 0.000000 -1.000000
    outer loop
      vertex 19.177215 13.559322 0.000000
      vertex 22.721519 14.067797 0.000000
      vertex 22.721519 13.559322 0.000000
    endloop
  endfacet
  facet normal 0.000000 0.000000 -1.000000
    outer loop
      vertex 19.177215 13.559322 0.000000
      vertex 19.177215 14.067797 0.000000
      vertex 22.721519 14.067797 0.000000
    endloop
  endfacet
  facet normal 0.000000 0.000000 1.000000
    outer loop
      vertex 19.177215 13.559322 0.400000
      vertex 22.721519 13.559322 0.400000
      vertex 22.721519 14.067797 0.400000
    endloop
  endfacet
  facet normal 0.000000 0.000000 1.000000
    outer loop
      vertex 19.177215 13.559322 0.400000
      vertex 22.721519 14.067797 0.400000
      vertex 19.177215 14.067797 0.400000
    endloop
  endfacet
  facet normal 0.000000 -1.000000 0.000000
    outer loop
      vertex 19.177215 13.559322 0.000000
      vertex 22.721519 13.559322 0.000000
      vertex 22.721519 13.559322 0.400000
    endloop
  endfacet
  facet normal 0.000000 -1.000000 0.000000
    outer loop
      vertex 19.177215 13.559322 0.000000
      vertex 22.721519 13.559322 0.400000
      vertex 19.177215 13.559322 0.400000
    endloop
  endfacet
  facet normal 0.000000 1.000000 0.000000
    outer loop
      vertex 19.177215 14.067797 0.000000
      vertex 22.721519 14.067797 0.400000
      vertex 22.721519 14.067797 0.000000
    endloop
  endfacet
  facet normal 0.000000 1.000000 0.000000
    outer loop
      vertex 19.177215 14.067797 0.000000
      vertex 19.177215 14.067797 0.400000
      vertex 22.721519 14.067797 0.400000
    endloop
  endfacet
  facet normal -1.000000 0.000000 0.000000
    outer loop
      vertex 19.177215 13.559322 0.000000
      vertex 19.177215 13.559322 0.400000
      vertex 19.177215 14.067797 0.400000
    endloop
  endfacet
  facet normal -1.000000 0.000000 0.000000
    outer loop
      vertex 19.177215 13.559322 0.000000
      vertex 19.177215 14.067797 0.400000
      vertex 19.177215 14.067797 0.000000
    endloop
  endfacet
  facet normal 1.000000 0.000000 0.000000
    outer loop
      vertex 22.721519 13.559322 0.000000
      vertex 22.721519 14.067797 0.000000
      vertex 22.721519 14.067797 0.400000
    endloop
  endfacet
  facet normal 1.000000 0.000000 0.000000
    outer loop
      vertex 22.721519 13.559322 0.000000
      vertex 22.721519 14.067797 0.400000
      vertex 22.721519 13.559322 0.400000
    endloop
  endfacet
  facet normal 0.000000 0.000000 -1.000000
    outer loop
      vertex 27.278481 13.559322 0.000000
      vertex 31.835443 14.067797 0.000000
      vertex 31.835443 13.559322 0.000000
    endloop
  endfacet
  facet normal 0.000000 0.000000 -1.000000
    outer loop
      vertex 27.278481 13.559322 0.000000
      vertex 27.278481 14.067797 0.000000
      vertex 31.835443 14.067797 0.000000
    endloop
  endfacet
  facet normal 0.000000 0.000000 1.000000
    outer loop
      vertex 27.278481 13.559322 0.400000
      vertex 31.835443 13.559322 0.400000
      vertex 31.835443 14.067797 0.400000
    endloop
  endfacet
  facet normal 0.000000 0.000000 1.000000
    outer loop
      vertex 27.278481 13.559322 0.400000
      vertex 31.835443 14.067797 0.400000
      vertex 27.278481 14.067797 0.400000
    endloop
  endfacet
  facet normal 0.000000 -1.000000 0.000000
    outer loop
      vertex 27.278481 13.559322 0.000000
      vertex 31.835443 13.559322 0.000000
      vertex 31.835443 13.559322 0.400000
    endloop
  endfacet
  facet normal 0.000000 -1.000000 0.000000
    outer loop
      vertex 27.278481 13.559322 0.000000
      vertex 31.835443 13.559322 0.400000
      vertex 27.278481 13.559322 0.400000
    endloop
  endfacet
  facet normal 0.000000 1.000000 0.000000
    outer loop
      vertex 27.278481 14.067797 0.000000
      vertex 31.835443 14.067797 0.400000
      vertex 31.835443 14.067797 0.000000
    endloop
  endfacet
  facet normal 0.000000 1.000000 0.000000
    outer loop
      vertex 27.278481 14.067797 0.000000
      vertex 27.278481 14.067797 0.400000
      vertex 31.835443 14.067797 0.400000
    endloop
  endfacet
  facet normal -1.000000 0.000000 0.000000
    outer loop
      vertex 27.278481 13.559322 0.000000
      vertex 27.278481 13.559322 0.400000
      vertex 27.278481 14.067797 0.400000
    endloop
  endfacet
  facet normal -1.000000 0.000000 0.000000
    outer loop
      vertex 27.278481 13.559322 0.000000
      vertex 27.278481 14.067797 0.400000
      vertex 27.278481 14.067797 0.000000
    endloop
  endfacet
  facet normal 1.000000 0.000000 0.000000
    outer loop
      vertex 31.835443 13.559322 0.000000
      vertex 31.835443 14.067797 0.000000
      vertex 31.835443 14.067797 0.400000
    endloop
  endfacet
  facet normal 1.000000 0.000000 0.000000
    outer loop
      vertex 31.835443 13.559322 0.000000
      vertex 31.835443 14.067797 0.400000
      vertex 31.835443 13.559322 0.400000
    endloop
  endfacet
  facet normal 0.000000 0.000000 -1.000000
    outer loop
      vertex 36.898734 13.559322 0.000000
      vertex 45.000000 14.067797 0.000000
      vertex 45.000000 13.559322 0.000000
    endloop
  endfacet
  facet normal 0.000000 0.000000 -1.000000
    outer loop
      vertex 36.898734 13.559322 0.000000
      vertex 36.898734 14.067797 0.000000
      vertex 45.000000 14.067797 0.000000
    endloop
  endfacet
  facet normal 0.000000 0.000000 1.000000
    outer loop
      vertex 36.898734 13.559322 0.400000
      vertex 45.000000 13.559322 0.400000
      vertex 45.000000 14.067797 0.400000
    endloop
  endfacet
  facet normal 0.000000 0.000000 1.000000
    outer loop
      vertex 36.898734 13.559322 0.400000
      vertex 45.000000 14.067797 0.400000
      vertex 36.898734 14.067797 0.400000
    endloop
  endfacet
  facet normal 0.000000 -1.000000 0.000000
    outer loop
      vertex 36.898734 13.559322 0.000000
      vertex 45.000000 13.559322 0.000000
      vertex 45.000000 13.559322 0.400000
    endloop
  endfacet
  facet normal 0.000000 -1.000000 0.000000
    outer loop
      vertex 36.898734 13.559322 0.000000
      vertex 45.000000 13.559322 0.400000
      vertex 36.898734 13.559322 0.400000
    endloop
  endfacet
  facet normal 0.000000 1.000000 0.000000
    outer loop
      vertex 36.898734 14.067797 0.000000
      vertex 45.000000 14.067797 0.400000
      vertex 45.000000 14.067797 0.000000
    endloop
  endfacet
  facet normal 0.000000 1.000000 0.000000
    outer loop
      vertex 36.898734 14.067797 0.000000
      vertex 36.898734 14.067797 0.400000
      vertex 45.000000 14.067797 0.400000
    endloop
  endfacet
  facet normal -1.000000 0.000000 0.000000
    outer loop
      vertex 36.898734 13.559322 0.000000
      vertex 36.898734 13.559322 0.400000
      vertex 36.898734 14.067797 0.400000
    endloop
  endfacet
  facet normal -1.000000 0.000000 0.000000
    outer loop
      vertex 36.898734 13.559322 0.000000
      vertex 36.898734 14.067797 0.400000
      vertex 36.898734 14.067797 0.000000
    endloop
  endfacet
  facet normal 1.000000 0.000000 0.000000
    outer loop
      vertex 45.000000 13.559322 0.000000
      vertex 45.000000 14.067797 0.000000
      vertex 45.000000 14.067797 0.400000
    endloop
  endfacet
  facet normal 1.000000 0.000000 0.000000
    outer loop
      vertex 45.000000 13.559322 0.000000
      vertex 45.000000 14.067797 0.400000
      vertex 45.000000 13.559322 0.400000
    endloop
  endfacet
  facet normal 0.000000 0.000000 -1.000000
    outer loop
      vertex 5.000000 13.050847 0.000000
      vertex 12.088608 13.559322 0.000000
      vertex 12.088608 13.050847 0.000000
    endloop
  endfacet
  facet normal 0.000000 0.000000 -1.000000
    outer loop
      vertex 5.000000 13.050847 0.000000
      vertex 5.000000 13.559322 0.000000
      vertex 12.088608 13.559322 0.000000
    endloop
  endfacet
  facet normal 0.000000 0.000000 1.000000
    outer loop
      vertex 5.000000 13.050847 0.400000
      vertex 12.088608 13.050847 0.400000
      vertex 12.088608 13.559322 0.400000
    endloop
  endfacet
  facet normal 0.000000 0.000000 1.000000
    outer loop
      vertex 5.000000 13.050847 0.400000
      vertex 12.088608 13.559322 0.400000
      vertex 5.000000 13.559322 0.400000
    endloop
  endfacet
  facet normal 0.000000 -1.000000 0.000000
    outer loop
      vertex 5.000000 13.050847 0.000000
      vertex 12.088608 13.050847 0.000000
      vertex 12.088608 13.050847 0.400000
    endloop
  endfacet
  facet normal 0.000000 -1.000000 0.000000
    outer loop
      vertex 5.000000 13.050847 0.000000
      vertex 12.088608 13.050847 0.400000
      vertex 5.000000 13.050847 0.400000
    endloop
  endfacet
  facet normal 0.000000 1.000000 0.000000
    outer loop
      vertex 5.000000 13.559322 0.000000
      vertex 12.088608 13.559322 0.400000
      vertex 12.088608 13.559322 0.000000
    endloop
  endfacet
  facet normal 0.000000 1.000000 0.000000
    outer loop
      vertex 5.000000 13.559322 0.000000
      vertex 5.000000 13.559322 0.400000
      vertex 12.088608 13.559322 0.400000
    endloop
  endfacet
  facet normal -1.000000 0.000000 0.000000
    outer loop
      vertex 5.000000 13.050847 0.000000
      vertex 5.000000 13.050847 0.400000
      vertex 5.000000 13.559322 0.400000
    endloop
  endfacet
  facet normal -1.000000 0.000000 0.000000
    outer loop
      vertex 5.000000 13.050847 0.000000
      vertex 5.000000 13.559322 0.400000
      vertex 5.000000 13.559322 0.000000
    endloop
  endfacet
  facet normal 1.000000 0.000000 0.000000
    outer loop
      vertex 12.088608 13.050847 0.000000
      vertex 12.088608 13.559322 0.000000
      vertex 12.088608 13.559322 0.400000
    endloop
  endfacet
  facet normal 1.000000 0.000000 0.000000
    outer loop
      vertex 12.088608 13.050847 0.000000
      vertex 12.088608 13.559322 0.400000
      vertex 12.088608 13.050847 0.400000
    endloop
  endfacet
  facet normal 0.000000 0.000000 -1.000000
    outer loop
      vertex 14.620253 13.050847 0.000000
      vertex 15.632911 13.559322 0.000000
      vertex 15.632911 13.050847 0.000000
    endloop
  endfacet
  facet normal 0.000000 0.000000 -1.000000
    outer loop
      vertex 14.620253 13.050847 0.000000
      vertex 14.620253 13.559322 0.000000
      vertex 15.632911 13.559322 0.000000
    endloop
  endfacet
  facet normal 0.000000 0.000000 1.000000
    outer loop
      vertex 14.620253 13.050847 0.400000
      vertex 15.632911 13.050847 0.400000
      vertex 15.632911 13.559322 0.400000
    endloop
  endfacet
  facet normal 0.000000 0.000000 1.000000
    outer loop
      vertex 14.620253 13.050847 0.400000
      vertex 15.632911 13.559322 0.400000
      vertex 14.620253 13.559322 0.400000
    endloop
  endfacet
  facet normal 0.000000 -1.000000 0.000000
    outer loop
      vertex 14.620253 13.050847 0.000000
      vertex 15.632911 13.050847 0.000000
      vertex 15.632911 13.050847 0.400000
    endloop
  endfacet
  facet normal 0.000000 -1.000000 0.000000
    outer loop
      vertex 14.620253 13.050847 0.000000
      vertex 15.632911 13.050847 0.400000
      vertex 14.620253 13.050847 0.400000
    endloop
  endfacet
  facet normal 0.000000 1.000000 0.000000
    outer loop
      vertex 14.620253 13.559322 0.000000
      vertex 15.632911 13.559322 0.400000
      vertex 15.632911 13.559322 0.000000
    endloop
  endfacet
  facet normal 0.000000 1.000000 0.000000
    outer loop
      vertex 14.620253 13.559322 0.000000
      vertex 14.620253 13.559322 0.400000
      vertex 15.632911 13.559322 0.400000
    endloop
  endfacet
  facet normal -1.000000 0.000000 0.000000
    outer loop
      vertex 14.620253 13.050847 0.000000
      vertex 14.620253 13.050847 0.400000
      vertex 14.620253 13.559322 0.400000
    endloop
  endfacet
  facet normal -1.000000 0.000000 0.000000
    outer loop
      vertex 14.620253 13.050847 0.000000
      vertex 14.620253 13.559322 0.400000
      vertex 14.620253 13.559322 0.000000
    endloop
  endfacet
  facet normal 1.000000 0.000000 0.000000
    outer loop
      vertex 15.632911 13.050847 0.000000
      vertex 15.632911 13.559322 0.000000
      vertex 15.632911 13.559322 0.400000
    endloop
  endfacet
  facet normal 1.000000 0.000000 0.000000
    outer loop
      vertex 15.632911 13.050847 0.000000
      vertex 15.632911 13.559322 0.400000
      vertex 15.632911 13.050847 0.400000
    endloop
  endfacet
  facet normal 0.000000 0.000000 -1.000000
    outer loop
      vertex 18.164557 13.050847 0.000000
      vertex 23.734177 13.559322 0.000000
      vertex 23.734177 13.050847 0.000000
    endloop
  endfacet
  facet normal 0.000000 0.000000 -1.000000
    outer loop
      vertex 18.164557 13.050847 0.000000
      vertex 18.164557 13.559322 0.000000
      vertex 23.734177 13.559322 0.000000
    endloop
  endfacet
  facet normal 0.000000 0.000000 1.000000
    outer loop
      vertex 18.164557 13.050847 0.400000
      vertex 23.734177 13.050847 0.400000
      vertex 23.734177 13.559322 0.400000
    endloop
  endfacet
  facet normal 0.000000 0.000000 1.000000
    outer loop
      vertex 18.164557 13.050847 0.400000
      vertex 23.734177 13.559322 0.400000
      vertex 18.164557 13.559322 0.400000
    endloop
  endfacet
  facet normal 0.000000 -1.000000 0.000000
    outer loop
      vertex 18.164557 13.050847 0.000000
      vertex 23.734177 13.050847 0.000000
      vertex 23.734177 13.050847 0.400000
    endloop
  endfacet
  facet normal 0.000000 -1.000000 0.000000
    outer loop
      vertex 18.164557 13.050847 0.000000
      vertex 23.734177 13.050847 0.400000
      vertex 18.164557 13.050847 0.400000
    endloop
  endfacet
  facet normal 0.000000 1.000000 0.000000
    outer loop
      vertex 18.164557 13.559322 0.000000
      vertex 23.734177 13.559322 0.400000
      vertex 23.734177 13.559322 0.000000
    endloop
  endfacet
  facet normal 0.000000 1.000000 0.000000
    outer loop
      vertex 18.164557 13.559322 0.000000
      vertex 18.164557 13.559322 0.400000
      vertex 23.734177 13.559322 0.400000
    endloop
  endfacet
  facet normal -1.000000 0.000000 0.000000
    outer loop
      vertex 18.164557 13.050847 0.000000
      vertex 18.164557 13.050847 0.400000
      vertex 18.164557 13.559322 0.400000
    endloop
  endfacet
  facet normal -1.000000 0.000000 0.000000
    outer loop
      vertex 18.164557 13.050847 0.000000
      vertex 18.164557 13.559322 0.400000
      vertex 18.164557 13.559322 0.000000
    endloop
  endfacet
  facet normal 1.000000 0.000000 0.000000
    outer loop
      vertex 23.734177 13.050847 0.000000
      vertex 23.734177 13.559322 0.000000
      vertex 23.734177 13.559322 0.400000
    endloop
  endfacet
  facet normal 1.000000 0.000000 0.000000
    outer loop
      vertex 23.734177 13.050847 0.000000
      vertex 23.734177 13.559322 0.400000
      vertex 23.734177 13.050847 0.400000
    endloop
  endfacet
  facet normal 0.000000 0.000000 -1.000000
    outer loop
      vertex 26.772152 13.050847 0.000000
      vertex 32.848101 13.559322 0.000000
      vertex 32.848101 13.050847 0.000000
    endloop
  endfacet
  facet normal 0.000000 0.000000 -1.000000
    outer loop
      vertex 26.772152 13.050847 0.000000
      vertex 26.772152 13.559322 0.000000
      vertex 32.848101 13.559322 0.000000
    endloop
  endfacet
  facet normal 0.000000 0.000000 1.000000
    outer loop
      vertex 26.772152 13.050847 0.400000
      vertex 32.848101 13.050847 0.400000
      vertex 32.848101 13.559322 0.400000
    endloop
  endfacet
  facet normal 0.000000 0.000000 1.000000
    outer loop
      vertex 26.772152 13.050847 0.400000
      vertex 32.848101 13.559322 0.400000
      vertex 26.772152 13.559322 0.400000
    endloop
  endfacet
  facet normal 0.000000 -1.000000 0.000000
    outer loop
      vertex 26.772152 13.050847 0.000000
      vertex 32.848101 13.050847 0.000000
      vertex 32.848101 13.050847 0.400000
    endloop
  endfacet
  facet normal 0.000000 -1.000000 0.000000
    outer loop
      vertex 26.772152 13.050847 0.000000
      vertex 32.848101 13.050847 0.400000
      vertex 26.772152 13.050847 0.400000
    endloop
  endfacet
  facet normal 0.000000 1.000000 0.000000
    outer loop
      vertex 26.772152 13.559322 0.000000
      vertex 32.848101 13.559322 0.400000
      vertex 32.848101 13.559322 0.000000
    endloop
  endfacet
  facet normal 0.000000 1.000000 0.000000
    outer loop
      vertex 26.772152 13.559322 0.000000
      vertex 26.772152 13.559322 0.400000
      vertex 32.848101 13.559322 0.400000
    endloop
  endfacet
  facet normal -1.000000 0.000000 0.000000
    outer loop
      vertex 26.772152 13.050847 0.000000
      vertex 26.772152 13.050847 0.400000
      vertex 26.772152 13.559322 0.400000
    endloop
  endfacet
  facet normal -1.000000 0.000000 0.000000
    outer loop
      vertex 26.772152 13.050847 0.000000
      vertex 26.772152 13.559322 0.400000
      vertex 26.772152 13.559322 0.000000
    endloop
  endfacet
  facet normal 1.000000 0.000000 0.000000
    outer loop
      vertex 32.848101 13.050847 0.000000
      vertex 32.848101 13.559322 0.000000
      vertex 32.848101 13.559322 0.400000
    endloop
  endfacet
  facet normal 1.000000 0.000000 0.000000
    outer loop
      vertex 32.848101 13.050847 0.000000
      vertex 32.848101 13.559322 0.400000
      vertex 32.848101 13.050847 0.400000
    endloop
  endfacet
  facet normal 0.000000 0.000000 -1.000000
    outer loop
      vertex 35.886076 13.050847 0.000000
      vertex 45.000000 13.559322 0.000000
      vertex 45.000000 13.050847 0.000000
    endloop
  endfacet
  facet normal 0.000000 0.000000 -1.000000
    outer loop
      vertex 35.886076 13.050847 0.000000
      vertex 35.886076 13.559322 0.000000
      vertex 45.000000 13.559322 0.000000
    endloop
  endfacet
  facet normal 0.000000 0.000000 1.000000
    outer loop
      vertex 35.886076 13.050847 0.400000
      vertex 45.000000 13.050847 0.400000
      vertex 45.000000 13.559322 0.400000
    endloop
  endfacet
  facet normal 0.000000 0.000000 1.000000
    outer loop
      vertex 35.886076 13.050847 0.400000
      vertex 45.000000 13.559322 0.400000
      vertex 35.886076 13.559322 0.400000
    endloop
  endfacet
  facet normal 0.000000 -1.000000 0.000000
    outer loop
      vertex 35.886076 13.050847 0.000000
      vertex 45.000000 13.050847 0.000000
      vertex 45.000000 13.050847 0.400000
    endloop
  endfacet
  facet normal 0.000000 -1.000000 0.000000
    outer loop
      vertex 35.886076 13.050847 0.000000
      vertex 45.000000 13.050847 0.400000
      vertex 35.886076 13.050847 0.400000
    endloop
  endfacet
  facet normal 0.000000 1.000000 0.000000
    outer loop
      vertex 35.886076 13.559322 0.000000
      vertex 45.000000 13.559322 0.400000
      vertex 45.000000 13.559322 0.000000
    endloop
  endfacet
  facet normal 0.000000 1.000000 0.000000
    outer loop
      vertex 35.886076 13.559322 0.000000
      vertex 35.886076 13.559322 0.400000
      vertex 45.000000 13.559322 0.400000
    endloop
  endfacet
  facet normal -1.000000 0.000000 0.000000
    outer loop
      vertex 35.886076 13.050847 0.000000
      vertex 35.886076 13.050847 0.400000
      vertex 35.886076 13.559322 0.400000
    endloop
  endfacet
  facet normal -1.000000 0.000000 0.000000
    outer loop
      vertex 35.886076 13.050847 0.000000
      vertex 35.886076 13.559322 0.400000
      vertex 35.886076 13.559322 0.000000
    endloop
  endfacet
  facet normal 1.000000 0.000000 0.000000
    outer loop
      vertex 45.000000 13.050847 0.000000
      vertex 45.000000 13.559322 0.000000
      vertex 45.000000 13.559322 0.400000
    endloop
  endfacet
  facet normal 1.000000 0.000000 0.000000
    outer loop
      vertex 45.000000 13.050847 0.000000
      vertex 45.000000 13.559322 0.400000
      vertex 45.000000 13.050847 0.400000
    endloop
  endfacet
  facet normal 0.000000 0.000000 -1.000000
    outer loop
      vertex 5.000000 12.542373 0.000000
      vertex 45.000000 13.050847 0.000000
      vertex 45.000000 12.542373 0.000000
    endloop
  endfacet
  facet normal 0.000000 0.000000 -1.000000
    outer loop
      vertex 5.000000 12.542373 0.000000
      vertex 5.000000 13.050847 0.000000
      vertex 45.000000 13.050847 0.000000
    endloop
  endfacet
  facet normal 0.000000 0.000000 1.000000
    outer loop
      vertex 5.000000 12.542373 0.400000
      vertex 45.000000 12.542373 0.400000
      vertex 45.000000 13.050847 0.400000
    endloop
  endfacet
  facet normal 0.000000 0.000000 1.000000
    outer loop
      vertex 5.000000 12.542373 0.400000
      vertex 45.000000 13.050847 0.400000
      vertex 5.000000 13.050847 0.400000
    endloop
  endfacet
  facet normal 0.000000 -1.000000 0.000000
    outer loop
      vertex 5.000000 12.542373 0.000000
      vertex 45.000000 12.542373 0.000000
      vertex 45.000000 12.542373 0.400000
    endloop
  endfacet
  facet normal 0.000000 -1.000000 0.000000
    outer loop
      vertex 5.000000 12.542373 0.000000
      vertex 45.000000 12.542373 0.400000
      vertex 5.000000 12.542373 0.400000
    endloop
  endfacet
  facet normal 0.000000 1.000000 0.000000
    outer loop
      vertex 5.000000 13.050847 0.000000
      vertex 45.000000 13.050847 0.400000
      vertex 45.000000 13.050847 0.000000
    endloop
  endfacet
  facet normal 0.000000 1.000000 0.000000
    outer loop
      vertex 5.000000 13.050847 0.000000
      vertex 5.000000 13.050847 0.400000
      vertex 45.000000 13.050847 0.400000
    endloop
  endfacet
  facet normal -1.000000 0.000000 0.000000
    outer loop
      vertex 5.000000 12.542373 0.000000
      vertex 5.000000 12.542373 0.400000
      vertex 5.000000 13.050847 0.400000
    endloop
  endfacet
  facet normal -1.000000 0.000000 0.000000
    outer loop
      vertex 5.000000 12.542373 0.000000
      vertex 5.000000 13.050847 0.400000
      vertex 5.000000 13.050847 0.000000
    endloop
  endfacet
  facet normal 1.000000 0.000000 0.000000
    outer loop
      vertex 45.000000 12.542373 0.000000
      vertex 45.000000 13.050847 0.000000
      vertex 45.000000 13.050847 0.400000
    endloop
  endfacet
  facet normal 1.000000 0.000000 0.000000
    outer loop
      vertex 45.000000 12.542373 0.000000
      vertex 45.000000 13.050847 0.400000
      vertex 45.000000 12.542373 0.400000
    endloop
  endfacet
  facet normal 0.000000 0.000000 -1.000000
    outer loop
      vertex 5.000000 12.033898 0.000000
      vertex 45.000000 12.542373 0.000000
      vertex 45.000000 12.033898 0.000000
    endloop
  endfacet
  facet normal 0.000000 0.000000 -1.000000
    outer loop
      vertex 5.000000 12.033898 0.000000
      vertex 5.000000 12.542373 0.000000
      vertex 45.000000 12.542373 0.000000
    endloop
  endfacet
  facet normal 0.000000 0.000000 1.000000
    outer loop
      vertex 5.000000 12.033898 0.400000
      vertex 45.000000 12.033898 0.400000
      vertex 45.000000 12.542373 0.400000
    endloop
  endfacet
  facet normal 0.000000 0.000000 1.000000
    outer loop
      vertex 5.000000 12.033898 0.400000
      vertex 45.000000 12.542373 0.400000
      vertex 5.000000 12.542373 0.400000
    endloop
  endfacet
  facet normal 0.000000 -1.000000 0.000000
    outer loop
      vertex 5.000000 12.033898 0.000000
      vertex 45.000000 12.033898 0.000000
      vertex 45.000000 12.033898 0.400000
    endloop
  endfacet
  facet normal 0.000000 -1.000000 0.000000
    outer loop
      vertex 5.000000 12.033898 0.000000
      vertex 45.000000 12.033898 0.400000
      vertex 5.000000 12.033898 0.400000
    endloop
  endfacet
  facet normal 0.000000 1.000000 0.000000
    outer loop
      vertex 5.000000 12.542373 0.000000
      vertex 45.000000 12.542373 0.400000
      vertex 45.000000 12.542373 0.000000
    endloop
  endfacet
  facet normal 0.000000 1.000000 0.000000
    outer loop
      vertex 5.000000 12.542373 0.000000
      vertex 5.000000 12.542373 0.400000
      vertex 45.000000 12.542373 0.400000
    endloop
  endfacet
  facet normal -1.000000 0.000000 0.000000
    outer loop
      vertex 5.000000 12.033898 0.000000
      vertex 5.000000 12.033898 0.400000
      vertex 5.000000 12.542373 0.400000
    endloop
  endfacet
  facet normal -1.000000 0.000000 0.000000
    outer loop
      vertex 5.000000 12.033898 0.000000
      vertex 5.000000 12.542373 0.400000
      vertex 5.000000 12.542373 0.000000
    endloop
  endfacet
  facet normal 1.000000 0.000000 0.000000
    outer loop
      vertex 45.000000 12.033898 0.000000
      vertex 45.000000 12.542373 0.000000
      vertex 45.000000 12.542373 0.400000
    endloop
  endfacet
  facet normal 1.000000 0.000000 0.000000
    outer loop
      vertex 45.000000 12.033898 0.000000
      vertex 45.000000 12.542373 0.400000
      vertex 45.000000 12.033898 0.400000
    endloop
  endfacet
  facet normal 0.000000 0.000000 -1.000000
    outer loop
      vertex 5.000000 11.525424 0.000000
      vertex 45.000000 12.033898 0.000000
      vertex 45.000000 11.525424 0.000000
    endloop
  endfacet
  facet normal 0.000000 0.000000 -1.000000
    outer loop
      vertex 5.000000 11.525424 0.000000
      vertex 5.000000 12.033898 0.000000
      vertex 45.000000 12.033898 0.000000
    endloop
  endfacet
  facet normal 0.000000 0.000000 1.000000
    outer loop
      vertex 5.000000 11.525424 0.400000
      vertex 45.000000 11.525424 0.400000
      vertex 45.000000 12.033898 0.400000
    endloop
  endfacet
  facet normal 0.000000 0.000000 1.000000
    outer loop
      vertex 5.000000 11.525424 0.400000
      vertex 45.000000 12.033898 0.400000
      vertex 5.000000 12.033898 0.400000
    endloop
  endfacet
  facet normal 0.000000 -1.000000 0.000000
    outer loop
      vertex 5.000000 11.525424 0.000000
      vertex 45.000000 11.525424 0.000000
      vertex 45.000000 11.525424 0.400000
    endloop
  endfacet
  facet normal 0.000000 -1.000000 0.000000
    outer loop
      vertex 5.000000 11.525424 0.000000
      vertex 45.000000 11.525424 0.400000
      vertex 5.000000 11.525424 0.400000
    endloop
  endfacet
  facet normal 0.000000 1.000000 0.000000
    outer loop
      vertex 5.000000 12.033898 0.000000
      vertex 45.000000 12.033898 0.400000
      vertex 45.000000 12.033898 0.000000
    endloop
  endfacet
  facet normal 0.000000 1.000000 0.000000
    outer loop
      vertex 5.000000 12.033898 0.000000
      vertex 5.000000 12.033898 0.400000
      vertex 45.000000 12.033898 0.400000
    endloop
  endfacet
  facet normal -1.000000 0.000000 0.000000
    outer loop
      vertex 5.000000 11.525424 0.000000
      vertex 5.000000 11.525424 0.400000
      vertex 5.000000 12.033898 0.400000
    endloop
  endfacet
  facet normal -1.000000 0.000000 0.000000
    outer loop
      vertex 5.000000 11.525424 0.000000
      vertex 5.000000 12.033898 0.400000
      vertex 5.000000 12.033898 0.000000
    endloop
  endfacet
  facet normal 1.000000 0.000000 0.000000
    outer loop
      vertex 45.000000 11.525424 0.000000
      vertex 45.000000 12.033898 0.000000
      vertex 45.000000 12.033898 0.400000
    endloop
  endfacet
  facet normal 1.000000 0.000000 0.000000
    outer loop
      vertex 45.000000 11.525424 0.000000
      vertex 45.000000 12.033898 0.400000
      vertex 45.000000 11.525424 0.400000
    endloop
  endfacet
  facet normal 0.000000 0.000000 -1.000000
    outer loop
      vertex 5.000000 11.016949 0.000000
      vertex 45.000000 11.525424 0.000000
      vertex 45.000000 11.016949 0.000000
    endloop
  endfacet
  facet normal 0.000000 0.000000 -1.000000
    outer loop
      vertex 5.000000 11.016949 0.000000
      vertex 5.000000 11.525424 0.000000
      vertex 45.000000 11.525424 0.000000
    endloop
  endfacet
  facet normal 0.000000 0.000000 1.000000
    outer loop
      vertex 5.000000 11.016949 0.400000
      vertex 45.000000 11.016949 0.400000
      vertex 45.000000 11.525424 0.400000
    endloop
  endfacet
  facet normal 0.000000 0.000000 1.000000
    outer loop
      vertex 5.000000 11.016949 0.400000
      vertex 45.000000 11.525424 0.400000
      vertex 5.000000 11.525424 0.400000
    endloop
  endfacet
  facet normal 0.000000 -1.000000 0.000000
    outer loop
      vertex 5.000000 11.016949 0.000000
      vertex 45.000000 11.016949 0.000000
      vertex 45.000000 11.016949 0.400000
    endloop
  endfacet
  facet normal 0.000000 -1.000000 0.000000
    outer loop
      vertex 5.000000 11.016949 0.000000
      vertex 45.000000 11.016949 0.400000
      vertex 5.000000 11.016949 0.400000
    endloop
  endfacet
  facet normal 0.000000 1.000000 0.000000
    outer loop
      vertex 5.000000 11.525424 0.000000
      vertex 45.000000 11.525424 0.400000
      vertex 45.000000 11.525424 0.000000
    endloop
  endfacet
  facet normal 0.000000 1.000000 0.000000
    outer loop
      vertex 5.000000 11.525424 0.000000
      vertex 5.000000 11.525424 0.400000
      vertex 45.000000 11.525424 0.400000
    endloop
  endfacet
  facet normal -1.000000 0.000000 0.000000
    outer loop
      vertex 5.000000 11.016949 0.000000
      vertex 5.000000 11.016949 0.400000
      vertex 5.000000 11.525424 0.400000
    endloop
  endfacet
  facet normal -1.000000 0.000000 0.000000
    outer loop
      vertex 5.000000 11.016949 0.000000
      vertex 5.000000 11.525424 0.400000
      vertex 5.000000 11.525424 0.000000
    endloop
  endfacet
  facet normal 1.000000 0.000000 0.000000
    outer loop
      vertex 45.000000 11.016949 0.000000
      vertex 45.000000 11.525424 0.000000
      vertex 45.000000 11.525424 0.400000
    endloop
  endfacet
  facet normal 1.000000 0.000000 0.000000
    outer loop
      vertex 45.000000 11.016949 0.000000
      vertex 45.000000 11.525424 0.400000
      vertex 45.000000 11.016949 0.400000
    endloop
  endfacet
  facet normal 0.000000 0.000000 -1.000000
    outer loop
      vertex 5.000000 10.508475 0.000000
      vertex 45.000000 11.016949 0.000000
      vertex 45.000000 10.508475 0.000000
    endloop
  endfacet
  facet normal 0.000000 0.000000 -1.000000
    outer loop
      vertex 5.000000 10.508475 0.000000
      vertex 5.000000 11.016949 0.000000
      vertex 45.000000 11.016949 0.000000
    endloop
  endfacet
  facet normal 0.000000 0.000000 1.000000
    outer loop
      vertex 5.000000 10.508475 0.400000
      vertex 45.000000 10.508475 0.400000
      vertex 45.000000 11.016949 0.400000
    endloop
  endfacet
  facet normal 0.000000 0.000000 1.000000
    outer loop
      vertex 5.000000 10.508475 0.400000
      vertex 45.000000 11.016949 0.400000
      vertex 5.000000 11.016949 0.400000
    endloop
  endfacet
  facet normal 0.000000 -1.000000 0.000000
    outer loop
      vertex 5.000000 10.508475 0.000000
      vertex 45.000000 10.508475 0.000000
      vertex 45.000000 10.508475 0.400000
    endloop
  endfacet
  facet normal 0.000000 -1.000000 0.000000
    outer loop
      vertex 5.000000 10.508475 0.000000
      vertex 45.000000 10.508475 0.400000
      vertex 5.000000 10.508475 0.400000
    endloop
  endfacet
  facet normal 0.000000 1.000000 0.000000
    outer loop
      vertex 5.000000 11.016949 0.000000
      vertex 45.000000 11.016949 0.400000
      vertex 45.000000 11.016949 0.000000
    endloop
  endfacet
  facet normal 0.000000 1.000000 0.000000
    outer loop
      vertex 5.000000 11.016949 0.000000
      vertex 5.000000 11.016949 0.400000
      vertex 45.000000 11.016949 0.400000
    endloop
  endfacet
  facet normal -1.000000 0.000000 0.000000
    outer loop
      vertex 5.000000 10.508475 0.000000
      vertex 5.000000 10.508475 0.400000
      vertex 5.000000 11.016949 0.400000
    endloop
  endfacet
  facet normal -1.000000 0.000000 0.000000
    outer loop
      vertex 5.000000 10.508475 0.000000
      vertex 5.000000 11.016949 0.400000
      vertex 5.000000 11.016949 0.000000
    endloop
  endfacet
  facet normal 1.000000 0.000000 0.000000
    outer loop
      vertex 45.000000 10.508475 0.000000
      vertex 45.000000 11.016949 0.000000
      vertex 45.000000 11.016949 0.400000
    endloop
  endfacet
  facet normal 1.000000 0.000000 0.000000
    outer loop
      vertex 45.000000 10.508475 0.000000
      vertex 45.000000 11.016949 0.400000
      vertex 45.000000 10.508475 0.400000
    endloop
  endfacet
  facet normal 0.000000 0.000000 -1.000000
    outer loop
      vertex 5.000000 10.000000 0.000000
      vertex 45.000000 10.508475 0.000000
      vertex 45.000000 10.000000 0.000000
    endloop
  endfacet
  facet normal 0.000000 0.000000 -1.000000
    outer loop
      vertex 5.000000 10.000000 0.000000
      vertex 5.000000 10.508475 0.000000
      vertex 45.000000 10.508475 0.000000
    endloop
  endfacet
  facet normal 0.000000 0.000000 1.000000
    outer loop
      vertex 5.000000 10.000000 0.400000
      vertex 45.000000 10.000000 0.400000
      vertex 45.000000 10.508475 0.400000
    endloop
  endfacet
  facet normal 0.000000 0.000000 1.000000
    outer loop
      vertex 5.000000 10.000000 0.400000
      vertex 45.000000 10.508475 0.400000
      vertex 5.000000 10.508475 0.400000
    endloop
  endfacet
  facet normal 0.000000 -1.000000 0.000000
    outer loop
      vertex 5.000000 10.000000 0.000000
      vertex 45.000000 10.000000 0.000000
      vertex 45.000000 10.000000 0.400000
    endloop
  endfacet
  facet normal 0.000000 -1.000000 0.000000
    outer loop
      vertex 5.000000 10.000000 0.000000
      vertex 45.000000 10.000000 0.400000
      vertex 5.000000 10.000000 0.400000
    endloop
  endfacet
  facet normal 0.000000 1.000000 0.000000
    outer loop
      vertex 5.000000 10.508475 0.000000
      vertex 45.000000 10.508475 0.400000
      vertex 45.000000 10.508475 0.000000
    endloop
  endfacet
  facet normal 0.000000 1.000000 0.000000
    outer loop
      vertex 5.000000 10.508475 0.000000
      vertex 5.000000 10.508475 0.400000
      vertex 45.000000 10.508475 0.400000
    endloop
  endfacet
  facet normal -1.000000 0.000000 0.000000
    outer loop
      vertex 5.000000 10.000000 0.000000
      vertex 5.000000 10.000000 0.400000
      vertex 5.000000 10.508475 0.400000
    endloop
  endfacet
  facet normal -1.000000 0.000000 0.000000
    outer loop
      vertex 5.000000 10.000000 0.000000
      vertex 5.000000 10.508475 0.400000
      vertex 5.000000 10.508475 0.000000
    endloop
  endfacet
  facet normal 1.000000 0.000000 0.000000
    outer loop
      vertex 45.000000 10.000000 0.000000
      vertex 45.000000 10.508475 0.000000
      vertex 45.000000 10.508475 0.400000
    endloop
  endfacet
  facet normal 1.000000 0.000000 0.000000
    outer loop
      vertex 45.000000 10.000000 0.000000
      vertex 45.000000 10.508475 0.400000
      vertex 45.000000 10.000000 0.400000
    endloop
  endfacet
endsolid fv_apriltag_plate_id006_base
