solid fv_apriltag_plate_id024_base
  facet normal 0.000000 0.000000 -1.000000
    outer loop
      vertex 0.000000 0.000000 0.400000
      vertex 50.000000 50.000000 0.400000
      vertex 50.000000 0.000000 0.400000
    endloop
  endfacet
  facet normal 0.000000 0.000000 -1.000000
    outer loop
      vertex 0.000000 0.000000 0.400000
      vertex 0.000000 50.000000 0.400000
      vertex 50.000000 50.000000 0.400000
    endloop
  endfacet
  facet normal 0.000000 0.000000 1.000000
    outer loop
      vertex 0.000000 0.000000 2.000000
      vertex 50.000000 0.000000 2.000000
      vertex 50.000000 50.000000 2.000000
    endloop
  endfacet
  facet normal 0.000000 0.000000 1.000000
    outer loop
      vertex 0.000000 0.000000 2.000000
      vertex 50.000000 50.000000 2.000000
      vertex 0.000000 50.000000 2.000000
    endloop
  endfacet
  facet normal 0.000000 -1.000000 0.000000
    outer loop
      vertex 0.000000 0.000000 0.400000
      vertex 50.000000 0.000000 0.400000
      vertex 50.000000 0.000000 2.000000
    endloop
  endfacet
  facet normal 0.000000 -1.000000 0.000000
    outer loop
      vertex 0.000000 0.000000 0.400000
      vertex 50.000000 0.000000 2.000000
      vertex 0.000000 0.000000 2.000000
    endloop
  endfacet
  facet normal 0.000000 1.000000 0.000000
    outer loop
      vertex 0.000000 50.000000 0.400000
      vertex 50.000000 50.000000 2.000000
      vertex 50.000000 50.000000 0.400000
    endloop
  endfacet
  facet normal 0.000000 1.000000 0.000000
    outer loop
      vertex 0.000000 50.000000 0.400000
      vertex 0.000000 50.000000 2.000000
      vertex 50.000000 50.000000 2.000000
    endloop
  endfacet
  facet normal -1.000000 0.000000 0.000000
    outer loop
      vertex 0.000000 0.000000 0.400000
      vertex 0.000000 0.000000 2.000000
      vertex 0.000000 50.000000 2.000000
    endloop
  endfacet
  facet normal -1.000000 0.000000 0.000000
    outer loop
      vertex 0.000000 0.000000 0.400000
      vertex 0.000000 50.000000 2.000000
      vertex 0.000000 50.000000 0.400000
    endloop
  endfacet
  facet normal 1.000000 0.000000 0.000000
    outer loop
      vertex 50.000000 0.000000 0.400000
      vertex 50.000000 50.000000 0.400000
      vertex 50.000000 50.000000 2.000000
    endloop
  endfacet
  facet normal 1.000000 0.000000 0.000000
    outer loop
      vertex 50.000000 0.000000 0.400000
      vertex 50.000000 50.000000 2.000000
      vertex 50.000000 0.000000 2.000000
    endloop
  endfacet
  facet normal 0.000000 0.000000 -1.000000
    outer loop
      vertex 0.000000 0.000000 0.000000
      vertex 50.000000 10.000000 0.000000
      vertex 50.000000 0.000000 0.000000
    endloop
  endfacet
  facet normal 0.000000 0.000000 -1.000000
    outer loop
      vertex 0.000000 0.000000 0.000000
      vertex 0.000000 10.000000 0.000000
      vertex 50.000000 10.000000 0.000000
    endloop
  endfacet
  facet normal 0.000000 0.000000 1.000000
    outer loop
      vertex 0.000000 0.000000 0.400000
      vertex 50.000000 0.000000 0.400000
      vertex 50.000000 10.000000 0.400000
    endloop
  endfacet
  facet normal 0.000000 0.000000 1.000000
    outer loop
      vertex 0.000000 0.000000 0.400000
      vertex 50.000000 10.000000 0.400000
      vertex 0.000000 10.000000 0.400000
    endloop
  endfacet
  facet normal 0.000000 -1.000000 0.000000
    outer loop
      vertex 0.000000 0.000000 0.000000
      vertex 50.000000 0.000000 0.000000
      vertex 50.000000 0.000000 0.400000
    endloop
  endfacet
  facet normal 0.000000 -1.000000 0.000000
    outer loop
      vertex 0.000000 0.000000 0.000000
      vertex 50.000000 0.000000 0.400000
      vertex 0.000000 0.000000 0.400000
    endloop
  endfacet
  facet normal 0.000000 1.000000 0.000000
    outer loop
      vertex 0.000000 10.000000 0.000000
      vertex 50.000000 10.000000 0.400000
      vertex 50.000000 10.000000 0.000000
    endloop
  endfacet
  facet normal 0.000000 1.000000 0.000000
    outer loop
      vertex 0.000000 10.000000 0.000000
      vertex 0.000000 10.000000 0.400000
      vertex 50.000000 10.000000 0.400000
    endloop
  endfacet
  facet normal -1.000000 0.000000 0.000000
    outer loop
      vertex 0.000000 0.000000 0.000000
      vertex 0.000000 0.000000 0.400000
      vertex 0.000000 10.000000 0.400000
    endloop
  endfacet
  facet normal -1.000000 0.000000 0.000000
    outer loop
      vertex 0.000000 0.000000 0.000000
      vertex 0.000000 10.000000 0.400000
      vertex 0.000000 10.000000 0.000000
    endloop
  endfacet
  facet normal 1.000000 0.000000 0.000000
    outer loop
      vertex 50.000000 0.000000 0.000000
      vertex 50.000000 10.000000 0.000000
      vertex 50.000000 10.000000 0.400000
    endloop
  endfacet
  facet normal 1.000000 0.000000 0.000000
    outer loop
      vertex 50.000000 0.000000 0.000000
      vertex 50.000000 10.000000 0.400000
      vertex 50.000000 0.000000 0.400000
    endloop
  endfacet
  facet normal 0.000000 0.000000 -1.000000
    outer loop
      vertex 0.000000 40.000000 0.000000
      vertex 50.000000 50.000000 0.000000
      vertex 50.000000 40.000000 0.000000
    endloop
  endfacet
  facet normal 0.000000 0.000000 -1.000000
    outer loop
      vertex 0.000000 40.000000 0.000000
      vertex 0.000000 50.000000 0.000000
      vertex 50.000000 50.000000 0.000000
    endloop
  endfacet
  facet normal 0.000000 0.000000 1.000000
    outer loop
      vertex 0.000000 40.000000 0.400000
      vertex 50.000000 40.000000 0.400000
      vertex 50.000000 50.000000 0.400000
    endloop
  endfacet
  facet normal 0.000000 0.000000 1.000000
    outer loop
      vertex 0.000000 40.000000 0.400000
      vertex 50.000000 50.000000 0.400000
      vertex 0.000000 50.000000 0.400000
    endloop
  endfacet
  facet normal 0.000000 -1.000000 0.000000
    outer loop
      vertex 0.000000 40.000000 0.000000
      vertex 50.000000 40.000000 0.000000
      vertex 50.000000 40.000000 0.400000
    endloop
  endfacet
  facet normal 0.000000 -1.000000 0.000000
    outer loop
      vertex 0.000000 40.000000 0.000000
      vertex 50.000000 40.000000 0.400000
      vertex 0.000000 40.000000 0.400000
    endloop
  endfacet
  facet normal 0.000000 1.000000 0.000000
    outer loop
      vertex 0.000000 50.000000 0.000000
      vertex 50.000000 50.000000 0.400000
      vertex 50.000000 50.000000 0.000000
    endloop
  endfacet
  facet normal 0.000000 1.000000 0.000000
    outer loop
      vertex 0.000000 50.000000 0.000000
      vertex 0.000000 50.000000 0.400000
      vertex 50.000000 50.000000 0.400000
    endloop
  endfacet
  facet normal -1.000000 0.000000 0.000000
    outer loop
      vertex 0.000000 40.000000 0.000000
      vertex 0.000000 40.000000 0.400000
      vertex 0.000000 50.000000 0.400000
    endloop
  endfacet
  facet normal -1.000000 0.000000 0.000000
    outer loop
      vertex 0.000000 40.000000 0.000000
      vertex 0.000000 50.000000 0.400000
      vertex 0.000000 50.000000 0.000000
    endloop
  endfacet
  facet normal 1.000000 0.000000 0.000000
    outer loop
      vertex 50.000000 40.000000 0.000000
      vertex 50.000000 50.000000 0.000000
      vertex 50.000000 50.000000 0.400000
    endloop
  endfacet
  facet normal 1.000000 0.000000 0.000000
    outer loop
      vertex 50.000000 40.000000 0.000000
      vertex 50.000000 50.000000 0.400000
      vertex 50.000000 40.000000 0.400000
    endloop
  endfacet
  facet normal 0.000000 0.000000 -1.000000
    outer loop
      vertex 0.000000 10.000000 0.000000
      vertex 5.000000 40.000000 0.000000
      vertex 5.000000 10.000000 0.000000
    endloop
  endfacet
  facet normal 0.000000 0.000000 -1.000000
    outer loop
      vertex 0.000000 10.000000 0.000000
      vertex 0.000000 40.000000 0.000000
      vertex 5.000000 40.000000 0.000000
    endloop
  endfacet
  facet normal 0.000000 0.000000 1.000000
    outer loop
      vertex 0.000000 10.000000 0.400000
      vertex 5.000000 10.000000 0.400000
      vertex 5.000000 40.000000 0.400000
    endloop
  endfacet
  facet normal 0.000000 0.000000 1.000000
    outer loop
      vertex 0.000000 10.000000 0.400000
      vertex 5.000000 40.000000 0.400000
      vertex 0.000000 40.000000 0.400000
    endloop
  endfacet
  facet normal 0.000000 -1.000000 0.000000
    outer loop
      vertex 0.000000 10.000000 0.000000
      vertex 5.000000 10.000000 0.000000
      vertex 5.000000 10.000000 0.400000
    endloop
  endfacet
  facet normal 0.000000 -1.000000 0.000000
    outer loop
      vertex 0.000000 10.000000 0.000000
      vertex 5.000000 10.000000 0.400000
      vertex 0.000000 10.000000 0.400000
    endloop
  endfacet
  facet normal 0.000000 1.000000 0.000000
    outer loop
      vertex 0.000000 40.000000 0.000000
      vertex 5.000000 40.000000 0.400000
      vertex 5.000000 40.000000 0.000000
    endloop
  endfacet
  facet normal 0.000000 1.000000 0.000000
    outer loop
      vertex 0.000000 40.000000 0.000000
      vertex 0.000000 40.000000 0.400000
      vertex 5.000000 40.000000 0.400000
    endloop
  endfacet
  facet normal -1.000000 0.000000 0.000000
    outer loop
      vertex 0.000000 10.000000 0.000000
      vertex 0.000000 10.000000 0.400000
      vertex 0.000000 40.000000 0.400000
    endloop
  endfacet
  facet normal -1.000000 0.000000 0.000000
    outer loop
      vertex 0.000000 10.000000 0.000000
      vertex 0.000000 40.000000 0.400000
      vertex 0.000000 40.000000 0.000000
    endloop
  endfacet
  facet normal 1.000000 0.000000 0.000000
    outer loop
      vertex 5.000000 10.000000 0.000000
      vertex 5.000000 40.000000 0.000000
      vertex 5.000000 40.000000 0.400000
    endloop
  endfacet
  facet normal 1.000000 0.000000 0.000000
    outer loop
      vertex 5.000000 10.000000 0.000000
      vertex 5.000000 40.000000 0.400000
      vertex 5.000000 10.000000 0.400000
    endloop
  endfacet
  facet normal 0.000000 0.000000 -1.000000
    outer loop
      vertex 45.000000 10.000000 0.000000
      vertex 50.000000 40.000000 0.000000
      vertex 50.000000 10.000000 0.000000
    endloop
  endfacet
  facet normal 0.000000 0.000000 -1.000000
    outer loop
      vertex 45.000000 10.000000 0.000000
      vertex 45.000000 40.000000 0.000000
      vertex 50.000000 40.000000 0.000000
    endloop
  endfacet
  facet normal 0.000000 0.000000 1.000000
    outer loop
      vertex 45.000000 10.000000 0.400000
      vertex 50.000000 10.000000 0.400000
      vertex 50.000000 40.000000 0.400000
    endloop
  endfacet
  facet normal 0.000000 0.000000 1.000000
    outer loop
      vertex 45.000000 10.000000 0.400000
      vertex 50.000000 40.000000 0.400000
      vertex 45.000000 40.000000 0.400000
    endloop
  endfacet
  facet normal 0.000000 -1.000000 0.000000
    outer loop
      vertex 45.000000 10.000000 0.000000
      vertex 50.000000 10.000000 0.000000
      vertex 50.000000 10.000000 0.400000
    endloop
  endfacet
  facet normal 0.000000 -1.000000 0.000000
    outer loop
      vertex 45.000000 10.000000 0.000000
      vertex 50.000000 10.000000 0.400000
      vertex 45.000000 10.000000 0.400000
    endloop
  endfacet
  facet normal 0.000000 1.000000 0.000000
    outer loop
      vertex 45.000000 40.000000 0.000000
      vertex 50.000000 40.000000 0.400000
      vertex 50.000000 40.000000 0.000000
    endloop
  endfacet
  facet normal 0.000000 1.000000 0.000000
    outer loop
      vertex 45.000000 40.000000 0.000000
      vertex 45.000000 40.000000 0.400000
      vertex 50.000000 40.000000 0.400000
    endloop
  endfacet
  facet normal -1.000000 0.000000 0.000000
    outer loop
      vertex 45.000000 10.000000 0.000000
      vertex 45.000000 10.000000 0.400000
      vertex 45.000000 40.000000 0.400000
    endloop
  endfacet
  facet normal -1.000000 0.000000 0.000000
    outer loop
      vertex 45.000000 10.000000 0.000000
      vertex 45.000000 40.000000 0.400000
      vertex 45.000000 40.000000 0.000000
    endloop
  endfacet
  facet normal 1.000000 0.000000 0.000000
    outer loop
      vertex 50.000000 10.000000 0.000000
      vertex 50.000000 40.000000 0.000000
      vertex 50.000000 40.000000 0.400000
    endloop
  endfacet
  facet normal 1.000000 0.000000 0.000000
    outer loop
      vertex 50.000000 10.000000 0.000000
      vertex 50.000000 40.000000 0.400000
      vertex 50.000000 10.000000 0.400000
    endloop
  endfacet
  facet normal 0.000000 0.000000 -1.000000
    outer loop
      vertex 5.000000 39.491525 0.000000
      vertex 45.000000 40.000000 0.000000
      vertex 45.000000 39.491525 0.000000
    endloop
  endfacet
  facet normal 0.000000 0.000000 -1.000000
    outer loop
      vertex 5.000000 39.491525 0.000000
      vertex 5.000000 40.000000 0.000000
      vertex 45.000000 40.000000 0.000000
    endloop
  endfacet
  facet normal 0.000000 0.000000 1.000000
    outer loop
      vertex 5.000000 39.491525 0.400000
      vertex 45.000000 39.491525 0.400000
      vertex 45.000000 40.000000 0.400000
    endloop
  endfacet
  facet normal 0.000000 0.000000 1.000000
    outer loop
      vertex 5.000000 39.491525 0.400000
      vertex 45.000000 40.000000 0.400000
      vertex 5.000000 40.000000 0.400000
    endloop
  endfacet
  facet normal 0.000000 -1.000000 0.000000
    outer loop
      vertex 5.000000 39.491525 0.000000
      vertex 45.000000 39.491525 0.000000
      vertex 45.000000 39.491525 0.400000
    endloop
  endfacet
  facet normal 0.000000 -1.000000 0.000000
    outer loop
      vertex 5.000000 39.491525 0.000000
      vertex 45.000000 39.491525 0.400000
      vertex 5.000000 39.491525 0.400000
    endloop
  endfacet
  facet normal 0.000000 1.000000 0.000000
    outer loop
      vertex 5.000000 40.000000 0.000000
      vertex 45.000000 40.000000 0.400000
      vertex 45.000000 40.000000 0.000000
    endloop
  endfacet
  facet normal 0.000000 1.000000 0.000000
    outer loop
      vertex 5.000000 40.000000 0.000000
      vertex 5.000000 40.000000 0.400000
      vertex 45.000000 40.000000 0.400000
    endloop
  endfacet
  facet normal -1.000000 0.000000 0.000000
    outer loop
      vertex 5.000000 39.491525 0.000000
      vertex 5.000000 39.491525 0.400000
      vertex 5.000000 40.000000 0.400000
    endloop
  endfacet
  facet normal -1.000000 0.000000 0.000000
    outer loop
      vertex 5.000000 39.491525 0.000000
      vertex 5.000000 40.000000 0.400000
      vertex 5.000000 40.000000 0.000000
    endloop
  endfacet
  facet normal 1.000000 0.000000 0.000000
    outer loop
      vertex 45.000000 39.491525 0.000000
      vertex 45.000000 40.000000 0.000000
      vertex 45.000000 40.000000 0.400000
    endloop
  endfacet
  facet normal 1.000000 0.000000 0.000000
    outer loop
      vertex 45.000000 39.491525 0.000000
      vertex 45.000000 40.000000 0.400000
      vertex 45.000000 39.491525 0.400000
    endloop
  endfacet
  facet normal 0.000000 0.000000 -1.000000
    outer loop
      vertex 5.000000 38.983051 0.000000
      vertex 45.000000 39.491525 0.000000
      vertex 45.000000 38.983051 0.000000
    endloop
  endfacet
  facet normal 0.000000 0.000000 -1.000000
    outer loop
      vertex 5.000000 38.983051 0.000000
      vertex 5.000000 39.491525 0.000000
      vertex 45.000000 39.491525 0.000000
    endloop
  endfacet
  facet normal 0.000000 0.000000 1.000000
    outer loop
      vertex 5.000000 38.983051 0.400000
      vertex 45.000000 38.983051 0.400000
      vertex 45.000000 39.491525 0.400000
    endloop
  endfacet
  facet normal 0.000000 0.000000 1.000000
    outer loop
      vertex 5.000000 38.983051 0.400000
      vertex 45.000000 39.491525 0.400000
      vertex 5.000000 39.491525 0.400000
    endloop
  endfacet
  facet normal 0.000000 -1.000000 0.000000
    outer loop
      vertex 5.000000 38.983051 0.000000
      vertex 45.000000 38.983051 0.000000
      vertex 45.000000 38.983051 0.400000
    endloop
  endfacet
  facet normal 0.000000 -1.000000 0.000000
    outer loop
      vertex 5.000000 38.983051 0.000000
      vertex 45.000000 38.983051 0.400000
      vertex 5.000000 38.983051 0.400000
    endloop
  endfacet
  facet normal 0.000000 1.000000 0.000000
    outer loop
      vertex 5.000000 39.491525 0.000000
      vertex 45.000000 39.491525 0.400000
      vertex 45.000000 39.491525 0.000000
    endloop
  endfacet
  facet normal 0.000000 1.000000 0.000000
    outer loop
      vertex 5.000000 39.491525 0.000000
      vertex 5.000000 39.491525 0.400000
      vertex 45.000000 39.491525 0.400000
    endloop
  endfacet
  facet normal -1.000000 0.000000 0.000000
    outer loop
      vertex 5.000000 38.983051 0.000000
      vertex 5.000000 38.983051 0.400000
      vertex 5.000000 39.491525 0.400000
    endloop
  endfacet
  facet normal -1.000000 0.000000 0.000000
    outer loop
      vertex 5.000000 38.983051 0.000000
      vertex 5.000000 39.491525 0.400000
      vertex 5.000000 39.491525 0.000000
    endloop
  endfacet
  facet normal 1.000000 0.000000 0.000000
    outer loop
      vertex 45.000000 38.983051 0.000000
      vertex 45.000000 39.491525 0.000000
      vertex 45.000000 39.491525 0.400000
    endloop
  endfacet
  facet normal 1.000000 0.000000 0.000000
    outer loop
      vertex 45.000000 38.983051 0.000000
      vertex 45.000000 39.491525 0.400000
      vertex 45.000000 38.983051 0.400000
    endloop
  endfacet
  facet normal 0.000000 0.000000 -1.000000
    outer loop
      vertex 5.000000 38.474576 0.000000
      vertex 45.000000 38.983051 0.000000
      vertex 45.000000 38.474576 0.000000
    endloop
  endfacet
  facet normal 0.000000 0.000000 -1.000000
    outer loop
      vertex 5.000000 38.474576 0.000000
      vertex 5.000000 38.983051 0.000000
      vertex 45.000000 38.983051 0.000000
    endloop
  endfacet
  facet normal 0.000000 0.000000 1.000000
    outer loop
      vertex 5.000000 38.474576 0.400000
      vertex 45.000000 38.474576 0.400000
      vertex 45.000000 38.983051 0.400000
    endloop
  endfacet
  facet normal 0.000000 0.000000 1.000000
    outer loop
      vertex 5.000000 38.474576 0.400000
      vertex 45.000000 38.983051 0.400000
      vertex 5.000000 38.983051 0.400000
    endloop
  endfacet
  facet normal 0.000000 -1.000000 0.000000
    outer loop
      vertex 5.000000 38.474576 0.000000
      vertex 45.000000 38.474576 0.000000
      vertex 45.000000 38.474576 0.400000
    endloop
  endfacet
  facet normal 0.000000 -1.000000 0.000000
    outer loop
      vertex 5.000000 38.474576 0.000000
      vertex 45.000000 38.474576 0.400000
      vertex 5.000000 38.474576 0.400000
    endloop
  endfacet
  facet normal 0.000000 1.000000 0.000000
    outer loop
      vertex 5.000000 38.983051 0.000000
      vertex 45.000000 38.983051 0.400000
      vertex 45.000000 38.983051 0.000000
    endloop
  endfacet
  facet normal 0.000000 1.000000 0.000000
    outer loop
      vertex 5.000000 38.983051 0.000000
      vertex 5.000000 38.983051 0.400000
      vertex 45.000000 38.983051 0.400000
    endloop
  endfacet
  facet normal -1.000000 0.000000 0.000000
    outer loop
      vertex 5.000000 38.474576 0.000000
      vertex 5.000000 38.474576 0.400000
      vertex 5.000000 38.983051 0.400000
    endloop
  endfacet
  facet normal -1.000000 0.000000 0.000000
    outer loop
      vertex 5.000000 38.474576 0.000000
      vertex 5.000000 38.983051 0.400000
      vertex 5.000000 38.983051 0.000000
    endloop
  endfacet
  facet normal 1.000000 0.000000 0.000000
    outer loop
      vertex 45.000000 38.474576 0.000000
      vertex 45.000000 38.983051 0.000000
      vertex 45.000000 38.983051 0.400000
    endloop
  endfacet
  facet normal 1.000000 0.000000 0.000000
    outer loop
      vertex 45.000000 38.474576 0.000000
      vertex 45.000000 38.983051 0.400000
      vertex 45.000000 38.474576 0.400000
    endloop
  endfacet
  facet normal 0.000000 0.000000 -1.000000
    outer loop
      vertex 5.000000 37.966102 0.000000
      vertex 45.000000 38.474576 0.000000
      vertex 45.000000 37.966102 0.000000
    endloop
  endfacet
  facet normal 0.000000 0.000000 -1.000000
    outer loop
      vertex 5.000000 37.966102 0.000000
      vertex 5.000000 38.474576 0.000000
      vertex 45.000000 38.474576 0.000000
    endloop
  endfacet
  facet normal 0.000000 0.000000 1.000000
    outer loop
      vertex 5.000000 37.966102 0.400000
      vertex 45.000000 37.966102 0.400000
      vertex 45.000000 38.474576 0.400000
    endloop
  endfacet
  facet normal 0.000000 0.000000 1.000000
    outer loop
      vertex 5.000000 37.966102 0.400000
      vertex 45.000000 38.474576 0.400000
      vertex 5.000000 38.474576 0.400000
    endloop
  endfacet
  facet normal 0.000000 -1.000000 0.000000
    outer loop
      vertex 5.000000 37.966102 0.000000
      vertex 45.000000 37.966102 0.000000
      vertex 45.000000 37.966102 0.400000
    endloop
  endfacet
  facet normal 0.000000 -1.000000 0.000000
    outer loop
      vertex 5.000000 37.966102 0.000000
      vertex 45.000000 37.966102 0.400000
      vertex 5.000000 37.966102 0.400000
    endloop
  endfacet
  facet normal 0.000000 1.000000 0.000000
    outer loop
      vertex 5.000000 38.474576 0.000000
      vertex 45.000000 38.474576 0.400000
      vertex 45.000000 38.474576 0.000000
    endloop
  endfacet
  facet normal 0.000000 1.000000 0.000000
    outer loop
      vertex 5.000000 38.474576 0.000000
      vertex 5.000000 38.474576 0.400000
      vertex 45.000000 38.474576 0.400000
    endloop
  endfacet
  facet normal -1.000000 0.000000 0.000000
    outer loop
      vertex 5.000000 37.966102 0.000000
      vertex 5.000000 37.966102 0.400000
      vertex 5.000000 38.474576 0.400000
    endloop
  endfacet
  facet normal -1.000000 0.000000 0.000000
    outer loop
      vertex 5.000000 37.966102 0.000000
      vertex 5.000000 38.474576 0.400000
      vertex 5.000000 38.474576 0.000000
    endloop
  endfacet
  facet normal 1.000000 0.000000 0.000000
    outer loop
      vertex 45.000000 37.966102 0.000000
      vertex 45.000000 38.474576 0.000000
      vertex 45.000000 38.474576 0.400000
    endloop
  endfacet
  facet normal 1.000000 0.000000 0.000000
    outer loop
      vertex 45.000000 37.966102 0.000000
      vertex 45.000000 38.474576 0.400000
      vertex 45.000000 37.966102 0.400000
    endloop
  endfacet
  facet normal 0.000000 0.000000 -1.000000
    outer loop
      vertex 5.000000 37.457627 0.000000
      vertex 45.000000 37.966102 0.000000
      vertex 45.000000 37.457627 0.000000
    endloop
  endfacet
  facet normal 0.000000 0.000000 -1.000000
    outer loop
      vertex 5.000000 37.457627 0.000000
      vertex 5.000000 37.966102 0.000000
      vertex 45.000000 37.966102 0.000000
    endloop
  endfacet
  facet normal 0.000000 0.000000 1.000000
    outer loop
      vertex 5.000000 37.457627 0.400000
      vertex 45.000000 37.457627 0.400000
      vertex 45.000000 37.966102 0.400000
    endloop
  endfacet
  facet normal 0.000000 0.000000 1.000000
    outer loop
      vertex 5.000000 37.457627 0.400000
      vertex 45.000000 37.966102 0.400000
      vertex 5.000000 37.966102 0.400000
    endloop
  endfacet
  facet normal 0.000000 -1.000000 0.000000
    outer loop
      vertex 5.000000 37.457627 0.000000
      vertex 45.000000 37.457627 0.000000
      vertex 45.000000 37.457627 0.400000
    endloop
  endfacet
  facet normal 0.000000 -1.000000 0.000000
    outer loop
      vertex 5.000000 37.457627 0.000000
      vertex 45.000000 37.457627 0.400000
      vertex 5.000000 37.457627 0.400000
    endloop
  endfacet
  facet normal 0.000000 1.000000 0.000000
    outer loop
      vertex 5.000000 37.966102 0.000000
      vertex 45.000000 37.966102 0.400000
      vertex 45.000000 37.966102 0.000000
    endloop
  endfacet
  facet normal 0.000000 1.000000 0.000000
    outer loop
      vertex 5.000000 37.966102 0.000000
      vertex 5.000000 37.966102 0.400000
      vertex 45.000000 37.966102 0.400000
    endloop
  endfacet
  facet normal -1.000000 0.000000 0.000000
    outer loop
      vertex 5.000000 37.457627 0.000000
      vertex 5.000000 37.457627 0.400000
      vertex 5.000000 37.966102 0.400000
    endloop
  endfacet
  facet normal -1.000000 0.000000 0.000000
    outer loop
      vertex 5.000000 37.457627 0.000000
      vertex 5.000000 37.966102 0.400000
      vertex 5.000000 37.966102 0.000000
    endloop
  endfacet
  facet normal 1.000000 0.000000 0.000000
    outer loop
      vertex 45.000000 37.457627 0.000000
      vertex 45.000000 37.966102 0.000000
      vertex 45.000000 37.966102 0.400000
    endloop
  endfacet
  facet normal 1.000000 0.000000 0.000000
    outer loop
      vertex 45.000000 37.457627 0.000000
      vertex 45.000000 37.966102 0.400000
      vertex 45.000000 37.457627 0.400000
    endloop
  endfacet
  facet normal 0.000000 0.000000 -1.000000
    outer loop
      vertex 5.000000 36.949153 0.000000
      vertex 7.531646 37.457627 0.000000
      vertex 7.531646 36.949153 0.000000
    endloop
  endfacet
  facet normal 0.000000 0.000000 -1.000000
    outer loop
      vertex 5.000000 36.949153 0.000000
      vertex 5.000000 37.457627 0.000000
      vertex 7.531646 37.457627 0.000000
    endloop
  endfacet
  facet normal 0.000000 0.000000 1.000000
    outer loop
      vertex 5.000000 36.949153 0.400000
      vertex 7.531646 36.949153 0.400000
      vertex 7.531646 37.457627 0.400000
    endloop
  endfacet
  facet normal 0.000000 0.000000 1.000000
    outer loop
      vertex 5.000000 36.949153 0.400000
      vertex 7.531646 37.457627 0.400000
      vertex 5.000000 37.457627 0.400000
    endloop
  endfacet
  facet normal 0.000000 -1.000000 0.000000
    outer loop
      vertex 5.000000 36.949153 0.000000
      vertex 7.531646 36.949153 0.000000
      vertex 7.531646 36.949153 0.400000
    endloop
  endfacet
  facet normal 0.000000 -1.000000 0.000000
    outer loop
      vertex 5.000000 36.949153 0.000000
      vertex 7.531646 36.949153 0.400000
      vertex 5.000000 36.949153 0.400000
    endloop
  endfacet
  facet normal 0.000000 1.000000 0.000000
    outer loop
      vertex 5.000000 37.457627 0.000000
      vertex 7.531646 37.457627 0.400000
      vertex 7.531646 37.457627 0.000000
    endloop
  endfacet
  facet normal 0.000000 1.000000 0.000000
    outer loop
      vertex 5.000000 37.457627 0.000000
      vertex 5.000000 37.457627 0.400000
      vertex 7.531646 37.457627 0.400000
    endloop
  endfacet
  facet normal -1.000000 0.000000 0.000000
    outer loop
      vertex 5.000000 36.949153 0.000000
      vertex 5.000000 36.949153 0.400000
      vertex 5.000000 37.457627 0.400000
    endloop
  endfacet
  facet normal -1.000000 0.000000 0.000000
    outer loop
      vertex 5.000000 36.949153 0.000000
      vertex 5.000000 37.457627 0.400000
      vertex 5.000000 37.457627 0.000000
    endloop
  endfacet
  facet normal 1.000000 0.000000 0.000000
    outer loop
      vertex 7.531646 36.949153 0.000000
      vertex 7.531646 37.457627 0.000000
      vertex 7.531646 37.457627 0.400000
    endloop
  endfacet
  facet normal 1.000000 0.000000 0.000000
    outer loop
      vertex 7.531646 36.949153 0.000000
      vertex 7.531646 37.457627 0.400000
      vertex 7.531646 36.949153 0.400000
    endloop
  endfacet
  facet normal 0.000000 0.000000 -1.000000
    outer loop
      vertex 10.063291 36.949153 0.000000
      vertex 13.101266 37.457627 0.000000
      vertex 13.101266 36.949153 0.000000
    endloop
  endfacet
  facet normal 0.000000 0.000000 -1.000000
    outer loop
      vertex 10.063291 36.949153 0.000000
      vertex 10.063291 37.457627 0.000000
      vertex 13.101266 37.457627 0.000000
    endloop
  endfacet
  facet normal 0.000000 0.000000 1.000000
    outer loop
      vertex 10.063291 36.949153 0.400000
      vertex 13.101266 36.949153 0.400000
      vertex 13.101266 37.457627 0.400000
    endloop
  endfacet
  facet normal 0.000000 0.000000 1.000000
    outer loop
      vertex 10.063291 36.949153 0.400000
      vertex 13.101266 37.457627 0.400000
      vertex 10.063291 37.457627 0.400000
    endloop
  endfacet
  facet normal 0.000000 -1.000000 0.000000
    outer loop
      vertex 10.063291 36.949153 0.000000
      vertex 13.101266 36.949153 0.000000
      vertex 13.101266 36.949153 0.400000
    endloop
  endfacet
  facet normal 0.000000 -1.000000 0.000000
    outer loop
      vertex 10.063291 36.949153 0.000000
      vertex 13.101266 36.949153 0.400000
      vertex 10.063291 36.949153 0.400000
    endloop
  endfacet
  facet normal 0.000000 1.000000 0.000000
    outer loop
      vertex 10.063291 37.457627 0.000000
      vertex 13.101266 37.457627 0.400000
      vertex 13.101266 37.457627 0.000000
    endloop
  endfacet
  facet normal 0.000000 1.000000 0.000000
    outer loop
      vertex 10.063291 37.457627 0.000000
      vertex 10.063291 37.457627 0.400000
      vertex 13.101266 37.457627 0.400000
    endloop
  endfacet
  facet normal -1.000000 0.000000 0.000000
    outer loop
      vertex 10.063291 36.949153 0.000000
      vertex 10.063291 36.949153 0.400000
      vertex 10.063291 37.457627 0.400000
    endloop
  endfacet
  facet normal -1.000000 0.000000 0.000000
    outer loop
      vertex 10.063291 36.949153 0.000000
      vertex 10.063291 37.457627 0.400000
      vertex 10.063291 37.457627 0.000000
    endloop
  endfacet
  facet normal 1.000000 0.000000 0.000000
    outer loop
      vertex 13.101266 36.949153 0.000000
      vertex 13.101266 37.457627 0.000000
      vertex 13.101266 37.457627 0.400000
    endloop
  endfacet
  facet normal 1.000000 0.000000 0.000000
    outer loop
      vertex 13.101266 36.949153 0.000000
      vertex 13.101266 37.457627 0.400000
      vertex 13.101266 36.949153 0.400000
    endloop
  endfacet
  facet normal 0.000000 0.000000 -1.000000
    outer loop
      vertex 15.632911 36.949153 0.000000
      vertex 18.164557 37.457627 0.000000
      vertex 18.164557 36.949153 0.000000
    endloop
  endfacet
  facet normal 0.000000 0.000000 -1.000000
    outer loop
      vertex 15.632911 36.949153 0.000000
      vertex 15.632911 37.457627 0.000000
      vertex 18.164557 37.457627 0.000000
    endloop
  endfacet
  facet normal 0.000000 0.000000 1.000000
    outer loop
      vertex 15.632911 36.949153 0.400000
      vertex 18.164557 36.949153 0.400000
      vertex 18.164557 37.457627 0.400000
    endloop
  endfacet
  facet normal 0.000000 0.000000 1.000000
    outer loop
      vertex 15.632911 36.949153 0.400000
      vertex 18.164557 37.457627 0.400000
      vertex 15.632911 37.457627 0.400000
    endloop
  endfacet
  facet normal 0.000000 -1.000000 0.000000
    outer loop
      vertex 15.632911 36.949153 0.000000
      vertex 18.164557 36.949153 0.000000
      vertex 18.164557 36.949153 0.400000
    endloop
  endfacet
  facet normal 0.000000 -1.000000 0.000000
    outer loop
      vertex 15.632911 36.949153 0.000000
      vertex 18.164557 36.949153 0.400000
      vertex 15.632911 36.949153 0.400000
    endloop
  endfacet
  facet normal 0.000000 1.000000 0.000000
    outer loop
      vertex 15.632911 37.457627 0.000000
      vertex 18.164557 37.457627 0.400000
      vertex 18.164557 37.457627 0.000000
    endloop
  endfacet
  facet normal 0.000000 1.000000 0.000000
    outer loop
      vertex 15.632911 37.457627 0.000000
      vertex 15.632911 37.457627 0.400000
      vertex 18.164557 37.457627 0.400000
    endloop
  endfacet
  facet normal -1.000000 0.000000 0.000000
    outer loop
      vertex 15.632911 36.949153 0.000000
      vertex 15.632911 36.949153 0.400000
      vertex 15.632911 37.457627 0.400000
    endloop
  endfacet
  facet normal -1.000000 0.000000 0.000000
    outer loop
      vertex 15.632911 36.949153 0.000000
      vertex 15.632911 37.457627 0.400000
      vertex 15.632911 37.457627 0.000000
    endloop
  endfacet
  facet normal 1.000000 0.000000 0.000000
    outer loop
      vertex 18.164557 36.949153 0.000000
      vertex 18.164557 37.457627 0.000000
      vertex 18.164557 37.457627 0.400000
    endloop
  endfacet
  facet normal 1.000000 0.000000 0.000000
    outer loop
      vertex 18.164557 36.949153 0.000000
      vertex 18.164557 37.457627 0.400000
      vertex 18.164557 36.949153 0.400000
    endloop
  endfacet
  facet normal 0.000000 0.000000 -1.000000
    outer loop
      vertex 21.708861 36.949153 0.000000
      vertex 28.797468 37.457627 0.000000
      vertex 28.797468 36.949153 0.000000
    endloop
  endfacet
  facet normal 0.000000 0.000000 -1.000000
    outer loop
      vertex 21.708861 36.949153 0.000000
      vertex 21.708861 37.457627 0.000000
      vertex 28.797468 37.457627 0.000000
    endloop
  endfacet
  facet normal 0.000000 0.000000 1.000000
    outer loop
      vertex 21.708861 36.949153 0.400000
      vertex 28.797468 36.949153 0.400000
      vertex 28.797468 37.457627 0.400000
    endloop
  endfacet
  facet normal 0.000000 0.000000 1.000000
    outer loop
      vertex 21.708861 36.949153 0.400000
      vertex 28.797468 37.457627 0.400000
      vertex 21.708861 37.457627 0.400000
    endloop
  endfacet
  facet normal 0.000000 -1.000000 0.000000
    outer loop
      vertex 21.708861 36.949153 0.000000
      vertex 28.797468 36.949153 0.000000
      vertex 28.797468 36.949153 0.400000
    endloop
  endfacet
  facet normal 0.000000 -1.000000 0.000000
    outer loop
      vertex 21.708861 36.949153 0.000000
      vertex 28.797468 36.949153 0.400000
      vertex 21.708861 36.949153 0.400000
    endloop
  endfacet
  facet normal 0.000000 1.000000 0.000000
    outer loop
      vertex 21.708861 37.457627 0.000000
      vertex 28.797468 37.457627 0.400000
      vertex 28.797468 37.457627 0.000000
    endloop
  endfacet
  facet normal 0.000000 1.000000 0.000000
    outer loop
      vertex 21.708861 37.457627 0.000000
      vertex 21.708861 37.457627 0.400000
      vertex 28.797468 37.457627 0.400000
    endloop
  endfacet
  facet normal -1.000000 0.000000 0.000000
    outer loop
      vertex 21.708861 36.949153 0.000000
      vertex 21.708861 36.949153 0.400000
      vertex 21.708861 37.457627 0.400000
    endloop
  endfacet
  facet normal -1.000000 0.000000 0.000000
    outer loop
      vertex 21.708861 36.949153 0.000000
      vertex 21.708861 37.457627 0.400000
      vertex 21.708861 37.457627 0.000000
    endloop
  endfacet
  facet normal 1.000000 0.000000 0.000000
    outer loop
      vertex 28.797468 36.949153 0.000000
      vertex 28.797468 37.457627 0.000000
      vertex 28.797468 37.457627 0.400000
    endloop
  endfacet
  facet normal 1.000000 0.000000 0.000000
    outer loop
      vertex 28.797468 36.949153 0.000000
      vertex 28.797468 37.457627 0.400000
      vertex 28.797468 36.949153 0.400000
    endloop
  endfacet
  facet normal 0.000000 0.000000 -1.000000
    outer loop
      vertex 31.835443 36.949153 0.000000
      vertex 37.405063 37.457627 0.000000
      vertex 37.405063 36.949153 0.000000
    endloop
  endfacet
  facet normal 0.000000 0.000000 -1.000000
    outer loop
      vertex 31.835443 36.949153 0.000000
      vertex 31.835443 37.457627 0.000000
      vertex 37.405063 37.457627 0.000000
    endloop
  endfacet
  facet normal 0.000000 0.000000 1.000000
    outer loop
      vertex 31.835443 36.949153 0.400000
      vertex 37.405063 36.949153 0.400000
      vertex 37.405063 37.457627 0.400000
    endloop
  endfacet
  facet normal 0.000000 0.000000 1.000000
    outer loop
      vertex 31.835443 36.949153 0.400000
      vertex 37.405063 37.457627 0.400000
      vertex 31.835443 37.457627 0.400000
    endloop
  endfacet
  facet normal 0.000000 -1.000000 0.000000
    outer loop
      vertex 31.835443 36.949153 0.000000
      vertex 37.405063 36.949153 0.000000
      vertex 37.405063 36.949153 0.400000
    endloop
  endfacet
  facet normal 0.000000 -1.000000 0.000000
    outer loop
      vertex 31.835443 36.949153 0.000000
      vertex 37.405063 36.949153 0.400000
      vertex 31.835443 36.949153 0.400000
    endloop
  endfacet
  facet normal 0.000000 1.000000 0.000000
    outer loop
      vertex 31.835443 37.457627 0.000000
      vertex 37.405063 37.457627 0.400000
      vertex 37.405063 37.457627 0.000000
    endloop
  endfacet
  facet normal 0.000000 1.000000 0.000000
    outer loop
      vertex 31.835443 37.457627 0.000000
      vertex 31.835443 37.457627 0.400000
      vertex 37.405063 37.457627 0.400000
    endloop
  endfacet
  facet normal -1.000000 0.000000 0.000000
    outer loop
      vertex 31.835443 36.949153 0.000000
      vertex 31.835443 36.949153 0.400000
      vertex 31.835443 37.457627 0.400000
    endloop
  endfacet
  facet normal -1.000000 0.000000 0.000000
    outer loop
      vertex 31.835443 36.949153 0.000000
      vertex 31.835443 37.457627 0.400000
      vertex 31.835443 37.457627 0.000000
    endloop
  endfacet
  facet normal 1.000000 0.000000 0.000000
    outer loop
      vertex 37.405063 36.949153 0.000000
      vertex 37.405063 37.457627 0.000000
      vertex 37.405063 37.457627 0.400000
    endloop
  endfacet
  facet normal 1.000000 0.000000 0.000000
    outer loop
      vertex 37.405063 36.949153 0.000000
      vertex 37.405063 37.457627 0.400000
      vertex 37.405063 36.949153 0.400000
    endloop
  endfacet
  facet normal 0.000000 0.000000 -1.000000
    outer loop
      vertex 42.974684 36.949153 0.000000
      vertex 45.000000 37.457627 0.000000
      vertex 45.000000 36.949153 0.000000
    endloop
  endfacet
  facet normal 0.000000 0.000000 -1.000000
    outer loop
      vertex 42.974684 36.949153 0.000000
      vertex 42.974684 37.457627 0.000000
      vertex 45.000000 37.457627 0.000000
    endloop
  endfacet
  facet normal 0.000000 0.000000 1.000000
    outer loop
      vertex 42.974684 36.949153 0.400000
      vertex 45.000000 36.949153 0.400000
      vertex 45.000000 37.457627 0.400000
    endloop
  endfacet
  facet normal 0.000000 0.000000 1.000000
    outer loop
      vertex 42.974684 36.949153 0.400000
      vertex 45.000000 37.457627 0.400000
      vertex 42.974684 37.457627 0.400000
    endloop
  endfacet
  facet normal 0.000000 -1.000000 0.000000
    outer loop
      vertex 42.974684 36.949153 0.000000
      vertex 45.000000 36.949153 0.000000
      vertex 45.000000 36.949153 0.400000
    endloop
  endfacet
  facet normal 0.000000 -1.000000 0.000000
    outer loop
      vertex 42.974684 36.949153 0.000000
      vertex 45.000000 36.949153 0.400000
      vertex 42.974684 36.949153 0.400000
    endloop
  endfacet
  facet normal 0.000000 1.000000 0.000000
    outer loop
      vertex 42.974684 37.457627 0.000000
      vertex 45.000000 37.457627 0.400000
      vertex 45.000000 37.457627 0.000000
    endloop
  endfacet
  facet normal 0.000000 1.000000 0.000000
    outer loop
      vertex 42.974684 37.457627 0.000000
      vertex 42.974684 37.457627 0.400000
      vertex 45.000000 37.457627 0.400000
    endloop
  endfacet
  facet normal -1.000000 0.000000 0.000000
    outer loop
      vertex 42.974684 36.949153 0.000000
      vertex 42.974684 36.949153 0.400000
      vertex 42.974684 37.457627 0.400000
    endloop
  endfacet
  facet normal -1.000000 0.000000 0.000000
    outer loop
      vertex 42.974684 36.949153 0.000000
      vertex 42.974684 37.457627 0.400000
      vertex 42.974684 37.457627 0.000000
    endloop
  endfacet
  facet normal 1.000000 0.000000 0.000000
    outer loop
      vertex 45.000000 36.949153 0.000000
      vertex 45.000000 37.457627 0.000000
      vertex 45.000000 37.457627 0.400000
    endloop
  endfacet
  facet normal 1.000000 0.000000 0.000000
    outer loop
      vertex 45.000000 36.949153 0.000000
      vertex 45.000000 37.457627 0.400000
      vertex 45.000000 36.949153 0.400000
    endloop
  endfacet
  facet normal 0.000000 0.000000 -1.000000
    outer loop
      vertex 5.000000 36.440678 0.000000
      vertex 8.037975 36.949153 0.000000
      vertex 8.037975 36.440678 0.000000
    endloop
  endfacet
  facet normal 0.000000 0.000000 -1.000000
    outer loop
      vertex 5.000000 36.440678 0.000000
      vertex 5.000000 36.949153 0.000000
      vertex 8.037975 36.949153 0.000000
    endloop
  endfacet
  facet normal 0.000000 0.000000 1.000000
    outer loop
      vertex 5.000000 36.440678 0.400000
      vertex 8.037975 36.440678 0.400000
      vertex 8.037975 36.949153 0.400000
    endloop
  endfacet
  facet normal 0.000000 0.000000 1.000000
    outer loop
      vertex 5.000000 36.440678 0.400000
      vertex 8.037975 36.949153 0.400000
      vertex 5.000000 36.949153 0.400000
    endloop
  endfacet
  facet normal 0.000000 -1.000000 0.000000
    outer loop
      vertex 5.000000 36.440678 0.000000
      vertex 8.037975 36.440678 0.000000
      vertex 8.037975 36.440678 0.400000
    endloop
  endfacet
  facet normal 0.000000 -1.000000 0.000000
    outer loop
      vertex 5.000000 36.440678 0.000000
      vertex 8.037975 36.440678 0.400000
      vertex 5.000000 36.440678 0.400000
    endloop
  endfacet
  facet normal 0.000000 1.000000 0.000000
    outer loop
      vertex 5.000000 36.949153 0.000000
      vertex 8.037975 36.949153 0.400000
      vertex 8.037975 36.949153 0.000000
    endloop
  endfacet
  facet normal 0.000000 1.000000 0.000000
    outer loop
      vertex 5.000000 36.949153 0.000000
      vertex 5.000000 36.949153 0.400000
      vertex 8.037975 36.949153 0.400000
    endloop
  endfacet
  facet normal -1.000000 0.000000 0.000000
    outer loop
      vertex 5.000000 36.440678 0.000000
      vertex 5.000000 36.440678 0.400000
      vertex 5.000000 36.949153 0.400000
    endloop
  endfacet
  facet normal -1.000000 0.000000 0.000000
    outer loop
      vertex 5.000000 36.440678 0.000000
      vertex 5.000000 36.949153 0.400000
      vertex 5.000000 36.949153 0.000000
    endloop
  endfacet
  facet normal 1.000000 0.000000 0.000000
    outer loop
      vertex 8.037975 36.440678 0.000000
      vertex 8.037975 36.949153 0.000000
      vertex 8.037975 36.949153 0.400000
    endloop
  endfacet
  facet normal 1.000000 0.000000 0.000000
    outer loop
      vertex 8.037975 36.440678 0.000000
      vertex 8.037975 36.949153 0.400000
      vertex 8.037975 36.440678 0.400000
    endloop
  endfacet
  facet normal 0.000000 0.000000 -1.000000
    outer loop
      vertex 10.569620 36.440678 0.000000
      vertex 13.101266 36.949153 0.000000
      vertex 13.101266 36.440678 0.000000
    endloop
  endfacet
  facet normal 0.000000 0.000000 -1.000000
    outer loop
      vertex 10.569620 36.440678 0.000000
      vertex 10.569620 36.949153 0.000000
      vertex 13.101266 36.949153 0.000000
    endloop
  endfacet
  facet normal 0.000000 0.000000 1.000000
    outer loop
      vertex 10.569620 36.440678 0.400000
      vertex 13.101266 36.440678 0.400000
      vertex 13.101266 36.949153 0.400000
    endloop
  endfacet
  facet normal 0.000000 0.000000 1.000000
    outer loop
      vertex 10.569620 36.440678 0.400000
      vertex 13.101266 36.949153 0.400000
      vertex 10.569620 36.949153 0.400000
    endloop
  endfacet
  facet normal 0.000000 -1.000000 0.000000
    outer loop
      vertex 10.569620 36.440678 0.000000
      vertex 13.101266 36.440678 0.000000
      vertex 13.101266 36.440678 0.400000
    endloop
  endfacet
  facet normal 0.000000 -1.000000 0.000000
    outer loop
      vertex 10.569620 36.440678 0.000000
      vertex 13.101266 36.440678 0.400000
      vertex 10.569620 36.440678 0.400000
    endloop
  endfacet
  facet normal 0.000000 1.000000 0.000000
    outer loop
      vertex 10.569620 36.949153 0.000000
      vertex 13.101266 36.949153 0.400000
      vertex 13.101266 36.949153 0.000000
    endloop
  endfacet
  facet normal 0.000000 1.000000 0.000000
    outer loop
      vertex 10.569620 36.949153 0.000000
      vertex 10.569620 36.949153 0.400000
      vertex 13.101266 36.949153 0.400000
    endloop
  endfacet
  facet normal -1.000000 0.000000 0.000000
    outer loop
      vertex 10.569620 36.440678 0.000000
      vertex 10.569620 36.440678 0.400000
      vertex 10.569620 36.949153 0.400000
    endloop
  endfacet
  facet normal -1.000000 0.000000 0.000000
    outer loop
      vertex 10.569620 36.440678 0.000000
      vertex 10.569620 36.949153 0.400000
      vertex 10.569620 36.949153 0.000000
    endloop
  endfacet
  facet normal 1.000000 0.000000 0.000000
    outer loop
      vertex 13.101266 36.440678 0.000000
      vertex 13.101266 36.949153 0.000000
      vertex 13.101266 36.949153 0.400000
    endloop
  endfacet
  facet normal 1.000000 0.000000 0.000000
    outer loop
      vertex 13.101266 36.440678 0.000000
      vertex 13.101266 36.949153 0.400000
      vertex 13.101266 36.440678 0.400000
    endloop
  endfacet
  facet normal 0.000000 0.000000 -1.000000
    outer loop
      vertex 15.632911 36.440678 0.000000
      vertex 17.151899 36.949153 0.000000
      vertex 17.151899 36.440678 0.000000
    endloop
  endfacet
  facet normal 0.000000 0.000000 -1.000000
    outer loop
      vertex 15.632911 36.440678 0.000000
      vertex 15.632911 36.949153 0.000000
      vertex 17.151899 36.949153 0.000000
    endloop
  endfacet
  facet normal 0.000000 0.000000 1.000000
    outer loop
      vertex 15.632911 36.440678 0.400000
      vertex 17.151899 36.440678 0.400000
      vertex 17.151899 36.949153 0.400000
    endloop
  endfacet
  facet normal 0.000000 0.000000 1.000000
    outer loop
      vertex 15.632911 36.440678 0.400000
      vertex 17.151899 36.949153 0.400000
      vertex 15.632911 36.949153 0.400000
    endloop
  endfacet
  facet normal 0.000000 -1.000000 0.000000
    outer loop
      vertex 15.632911 36.440678 0.000000
      vertex 17.151899 36.440678 0.000000
      vertex 17.151899 36.440678 0.400000
    endloop
  endfacet
  facet normal 0.000000 -1.000000 0.000000
    outer loop
      vertex 15.632911 36.440678 0.000000
      vertex 17.151899 36.440678 0.400000
      vertex 15.632911 36.440678 0.400000
    endloop
  endfacet
  facet normal 0.000000 1.000000 0.000000
    outer loop
      vertex 15.632911 36.949153 0.000000
      vertex 17.151899 36.949153 0.400000
      vertex 17.151899 36.949153 0.000000
    endloop
  endfacet
  facet normal 0.000000 1.000000 0.000000
    outer loop
      vertex 15.632911 36.949153 0.000000
      vertex 15.632911 36.949153 0.400000
      vertex 17.151899 36.949153 0.400000
    endloop
  endfacet
  facet normal -1.000000 0.000000 0.000000
    outer loop
      vertex 15.632911 36.440678 0.000000
      vertex 15.632911 36.440678 0.400000
      vertex 15.632911 36.949153 0.400000
    endloop
  endfacet
  facet normal -1.000000 0.000000 0.000000
    outer loop
      vertex 15.632911 36.440678 0.000000
      vertex 15.632911 36.949153 0.400000
      vertex 15.632911 36.949153 0.000000
    endloop
  endfacet
  facet normal 1.000000 0.000000 0.000000
    outer loop
      vertex 17.151899 36.440678 0.000000
      vertex 17.151899 36.949153 0.000000
      vertex 17.151899 36.949153 0.400000
    endloop
  endfacet
  facet normal 1.000000 0.000000 0.000000
    outer loop
      vertex 17.151899 36.440678 0.000000
      vertex 17.151899 36.949153 0.400000
      vertex 17.151899 36.440678 0.400000
    endloop
  endfacet
  facet normal 0.000000 0.000000 -1.000000
    outer loop
      vertex 22.721519 36.440678 0.000000
      vertex 28.291139 36.949153 0.000000
      vertex 28.291139 36.440678 0.000000
    endloop
  endfacet
  facet normal 0.000000 0.000000 -1.000000
    outer loop
      vertex 22.721519 36.440678 0.000000
      vertex 22.721519 36.949153 0.000000
      vertex 28.291139 36.949153 0.000000
    endloop
  endfacet
  facet normal 0.000000 0.000000 1.000000
    outer loop
      vertex 22.721519 36.440678 0.400000
      vertex 28.291139 36.440678 0.400000
      vertex 28.291139 36.949153 0.400000
    endloop
  endfacet
  facet normal 0.000000 0.000000 1.000000
    outer loop
      vertex 22.721519 36.440678 0.400000
      vertex 28.291139 36.949153 0.400000
      vertex 22.721519 36.949153 0.400000
    endloop
  endfacet
  facet normal 0.000000 -1.000000 0.000000
    outer loop
      vertex 22.721519 36.440678 0.000000
      vertex 28.291139 36.440678 0.000000
      vertex 28.291139 36.440678 0.400000
    endloop
  endfacet
  facet normal 0.000000 -1.000000 0.000000
    outer loop
      vertex 22.721519 36.440678 0.000000
      vertex 28.291139 36.440678 0.400000
      vertex 22.721519 36.440678 0.400000
    endloop
  endfacet
  facet normal 0.000000 1.000000 0.000000
    outer loop
      vertex 22.721519 36.949153 0.000000
      vertex 28.291139 36.949153 0.400000
      vertex 28.291139 36.949153 0.000000
    endloop
  endfacet
  facet normal 0.000000 1.000000 0.000000
    outer loop
      vertex 22.721519 36.949153 0.000000
      vertex 22.721519 36.949153 0.400000
      vertex 28.291139 36.949153 0.400000
    endloop
  endfacet
  facet normal -1.000000 0.000000 0.000000
    outer loop
      vertex 22.721519 36.440678 0.000000
      vertex 22.721519 36.440678 0.400000
      vertex 22.721519 36.949153 0.400000
    endloop
  endfacet
  facet normal -1.000000 0.000000 0.000000
    outer loop
      vertex 22.721519 36.440678 0.000000
      vertex 22.721519 36.949153 0.400000
      vertex 22.721519 36.949153 0.000000
    endloop
  endfacet
  facet normal 1.000000 0.000000 0.000000
    outer loop
      vertex 28.291139 36.440678 0.000000
      vertex 28.291139 36.949153 0.000000
      vertex 28.291139 36.949153 0.400000
    endloop
  endfacet
  facet normal 1.000000 0.000000 0.000000
    outer loop
      vertex 28.291139 36.440678 0.000000
      vertex 28.291139 36.949153 0.400000
      vertex 28.291139 36.440678 0.400000
    endloop
  endfacet
  facet normal 0.000000 0.000000 -1.000000
    outer loop
      vertex 31.835443 36.440678 0.000000
      vertex 36.392405 36.949153 0.000000
      vertex 36.392405 36.440678 0.000000
    endloop
  endfacet
  facet normal 0.000000 0.000000 -1.000000
    outer loop
      vertex 31.835443 36.440678 0.000000
      vertex 31.835443 36.949153 0.000000
      vertex 36.392405 36.949153 0.000000
    endloop
  endfacet
  facet normal 0.000000 0.000000 1.000000
    outer loop
      vertex 31.835443 36.440678 0.400000
      vertex 36.392405 36.440678 0.400000
      vertex 36.392405 36.949153 0.400000
    endloop
  endfacet
  facet normal 0.000000 0.000000 1.000000
    outer loop
      vertex 31.835443 36.440678 0.400000
      vertex 36.392405 36.949153 0.400000
      vertex 31.835443 36.949153 0.400000
    endloop
  endfacet
  facet normal 0.000000 -1.000000 0.000000
    outer loop
      vertex 31.835443 36.440678 0.000000
      vertex 36.392405 36.440678 0.000000
      vertex 36.392405 36.440678 0.400000
    endloop
  endfacet
  facet normal 0.000000 -1.000000 0.000000
    outer loop
      vertex 31.835443 36.440678 0.000000
      vertex 36.392405 36.440678 0.400000
      vertex 31.835443 36.440678 0.400000
    endloop
  endfacet
  facet normal 0.000000 1.000000 0.000000
    outer loop
      vertex 31.835443 36.949153 0.000000
      vertex 36.392405 36.949153 0.400000
      vertex 36.392405 36.949153 0.000000
    endloop
  endfacet
  facet normal 0.000000 1.000000 0.000000
    outer loop
      vertex 31.835443 36.949153 0.000000
      vertex 31.835443 36.949153 0.400000
      vertex 36.392405 36.949153 0.400000
    endloop
  endfacet
  facet normal -1.000000 0.000000 0.000000
    outer loop
      vertex 31.835443 36.440678 0.000000
      vertex 31.835443 36.440678 0.400000
      vertex 31.835443 36.949153 0.400000
    endloop
  endfacet
  facet normal -1.000000 0.000000 0.000000
    outer loop
      vertex 31.835443 36.440678 0.000000
      vertex 31.835443 36.949153 0.400000
      vertex 31.835443 36.949153 0.000000
    endloop
  endfacet
  facet normal 1.000000 0.000000 0.000000
    outer loop
      vertex 36.392405 36.440678 0.000000
      vertex 36.392405 36.949153 0.000000
      vertex 36.392405 36.949153 0.400000
    endloop
  endfacet
  facet normal 1.000000 0.000000 0.000000
    outer loop
      vertex 36.392405 36.440678 0.000000
      vertex 36.392405 36.949153 0.400000
      vertex 36.392405 36.440678 0.400000
    endloop
  endfacet
  facet normal 0.000000 0.000000 -1.000000
    outer loop
      vertex 42.974684 36.440678 0.000000
      vertex 45.000000 36.949153 0.000000
      vertex 45.000000 36.440678 0.000000
    endloop
  endfacet
  facet normal 0.000000 0.000000 -1.000000
    outer loop
      vertex 42.974684 36.440678 0.000000
      vertex 42.974684 36.949153 0.000000
      vertex 45.000000 36.949153 0.000000
    endloop
  endfacet
  facet normal 0.000000 0.000000 1.000000
    outer loop
      vertex 42.974684 36.440678 0.400000
      vertex 45.000000 36.440678 0.400000
      vertex 45.000000 36.949153 0.400000
    endloop
  endfacet
  facet normal 0.000000 0.000000 1.000000
    outer loop
      vertex 42.974684 36.440678 0.400000
      vertex 45.000000 36.949153 0.400000
      vertex 42.974684 36.949153 0.400000
    endloop
  endfacet
  facet normal 0.000000 -1.000000 0.000000
    outer loop
      vertex 42.974684 36.440678 0.000000
      vertex 45.000000 36.440678 0.000000
      vertex 45.000000 36.440678 0.400000
    endloop
  endfacet
  facet normal 0.000000 -1.000000 0.000000
    outer loop
      vertex 42.974684 36.440678 0.000000
      vertex 45.000000 36.440678 0.400000
      vertex 42.974684 36.440678 0.400000
    endloop
  endfacet
  facet normal 0.000000 1.000000 0.000000
    outer loop
      vertex 42.974684 36.949153 0.000000
      vertex 45.000000 36.949153 0.400000
      vertex 45.000000 36.949153 0.000000
    endloop
  endfacet
  facet normal 0.000000 1.000000 0.000000
    outer loop
      vertex 42.974684 36.949153 0.000000
      vertex 42.974684 36.949153 0.400000
      vertex 45.000000 36.949153 0.400000
    endloop
  endfacet
  facet normal -1.000000 0.000000 0.000000
    outer loop
      vertex 42.974684 36.440678 0.000000
      vertex 42.974684 36.440678 0.400000
      vertex 42.974684 36.949153 0.400000
    endloop
  endfacet
  facet normal -1.000000 0.000000 0.000000
    outer loop
      vertex 42.974684 36.440678 0.000000
      vertex 42.974684 36.949153 0.400000
      vertex 42.974684 36.949153 0.000000
    endloop
  endfacet
  facet normal 1.000000 0.000000 0.000000
    outer loop
      vertex 45.000000 36.440678 0.000000
      vertex 45.000000 36.949153 0.000000
      vertex 45.000000 36.949153 0.400000
    endloop
  endfacet
  facet normal 1.000000 0.000000 0.000000
    outer loop
      vertex 45.000000 36.440678 0.000000
      vertex 45.000000 36.949153 0.400000
      vertex 45.000000 36.440678 0.400000
    endloop
  endfacet
  facet normal 0.000000 0.000000 -1.000000
    outer loop
      vertex 5.000000 35.932203 0.000000
      vertex 8.544304 36.440678 0.000000
      vertex 8.544304 35.932203 0.000000
    endloop
  endfacet
  facet normal 0.000000 0.000000 -1.000000
    outer loop
      vertex 5.000000 35.932203 0.000000
      vertex 5.000000 36.440678 0.000000
      vertex 8.544304 36.440678 0.000000
    endloop
  endfacet
  facet normal 0.000000 0.000000 1.000000
    outer loop
      vertex 5.000000 35.932203 0.400000
      vertex 8.544304 35.932203 0.400000
      vertex 8.544304 36.440678 0.400000
    endloop
  endfacet
  facet normal 0.000000 0.000000 1.000000
    outer loop
      vertex 5.000000 35.932203 0.400000
      vertex 8.544304 36.440678 0.400000
      vertex 5.000000 36.440678 0.400000
    endloop
  endfacet
  facet normal 0.000000 -1.000000 0.000000
    outer loop
      vertex 5.000000 35.932203 0.000000
      vertex 8.544304 35.932203 0.000000
      vertex 8.544304 35.932203 0.400000
    endloop
  endfacet
  facet normal 0.000000 -1.000000 0.000000
    outer loop
      vertex 5.000000 35.932203 0.000000
      vertex 8.544304 35.932203 0.400000
      vertex 5.000000 35.932203 0.400000
    endloop
  endfacet
  facet normal 0.000000 1.000000 0.000000
    outer loop
      vertex 5.000000 36.440678 0.000000
      vertex 8.544304 36.440678 0.400000
      vertex 8.544304 36.440678 0.000000
    endloop
  endfacet
  facet normal 0.000000 1.000000 0.000000
    outer loop
      vertex 5.000000 36.440678 0.000000
      vertex 5.000000 36.440678 0.400000
      vertex 8.544304 36.440678 0.400000
    endloop
  endfacet
  facet normal -1.000000 0.000000 0.000000
    outer loop
      vertex 5.000000 35.932203 0.000000
      vertex 5.000000 35.932203 0.400000
      vertex 5.000000 36.440678 0.400000
    endloop
  endfacet
  facet normal -1.000000 0.000000 0.000000
    outer loop
      vertex 5.000000 35.932203 0.000000
      vertex 5.000000 36.440678 0.400000
      vertex 5.000000 36.440678 0.000000
    endloop
  endfacet
  facet normal 1.000000 0.000000 0.000000
    outer loop
      vertex 8.544304 35.932203 0.000000
      vertex 8.544304 36.440678 0.000000
      vertex 8.544304 36.440678 0.400000
    endloop
  endfacet
  facet normal 1.000000 0.000000 0.000000
    outer loop
      vertex 8.544304 35.932203 0.000000
      vertex 8.544304 36.440678 0.400000
      vertex 8.544304 35.932203 0.400000
    endloop
  endfacet
  facet normal 0.000000 0.000000 -1.000000
    outer loop
      vertex 11.075949 35.932203 0.000000
      vertex 13.101266 36.440678 0.000000
      vertex 13.101266 35.932203 0.000000
    endloop
  endfacet
  facet normal 0.000000 0.000000 -1.000000
    outer loop
      vertex 11.075949 35.932203 0.000000
      vertex 11.075949 36.440678 0.000000
      vertex 13.101266 36.440678 0.000000
    endloop
  endfacet
  facet normal 0.000000 0.000000 1.000000
    outer loop
      vertex 11.075949 35.932203 0.400000
      vertex 13.101266 35.932203 0.400000
      vertex 13.101266 36.440678 0.400000
    endloop
  endfacet
  facet normal 0.000000 0.000000 1.000000
    outer loop
      vertex 11.075949 35.932203 0.400000
      vertex 13.101266 36.440678 0.400000
      vertex 11.075949 36.440678 0.400000
    endloop
  endfacet
  facet normal 0.000000 -1.000000 0.000000
    outer loop
      vertex 11.075949 35.932203 0.000000
      vertex 13.101266 35.932203 0.000000
      vertex 13.101266 35.932203 0.400000
    endloop
  endfacet
  facet normal 0.000000 -1.000000 0.000000
    outer loop
      vertex 11.075949 35.932203 0.000000
      vertex 13.101266 35.932203 0.400000
      vertex 11.075949 35.932203 0.400000
    endloop
  endfacet
  facet normal 0.000000 1.000000 0.000000
    outer loop
      vertex 11.075949 36.440678 0.000000
      vertex 13.101266 36.440678 0.400000
      vertex 13.101266 36.440678 0.000000
    endloop
  endfacet
  facet normal 0.000000 1.000000 0.000000
    outer loop
      vertex 11.075949 36.440678 0.000000
      vertex 11.075949 36.440678 0.400000
      vertex 13.101266 36.440678 0.400000
    endloop
  endfacet
  facet normal -1.000000 0.000000 0.000000
    outer loop
      vertex 11.075949 35.932203 0.000000
      vertex 11.075949 35.932203 0.400000
      vertex 11.075949 36.440678 0.400000
    endloop
  endfacet
  facet normal -1.000000 0.000000 0.000000
    outer loop
      vertex 11.075949 35.932203 0.000000
      vertex 11.075949 36.440678 0.400000
      vertex 11.075949 36.440678 0.000000
    endloop
  endfacet
  facet normal 1.000000 0.000000 0.000000
    outer loop
      vertex 13.101266 35.932203 0.000000
      vertex 13.101266 36.440678 0.000000
      vertex 13.101266 36.440678 0.400000
    endloop
  endfacet
  facet normal 1.000000 0.000000 0.000000
    outer loop
      vertex 13.101266 35.932203 0.000000
      vertex 13.101266 36.440678 0.400000
      vertex 13.101266 35.932203 0.400000
    endloop
  endfacet
  facet normal 0.000000 0.000000 -1.000000
    outer loop
      vertex 15.632911 35.932203 0.000000
      vertex 17.151899 36.440678 0.000000
      vertex 17.151899 35.932203 0.000000
    endloop
  endfacet
  facet normal 0.000000 0.000000 -1.000000
    outer loop
      vertex 15.632911 35.932203 0.000000
      vertex 15.632911 36.440678 0.000000
      vertex 17.151899 36.440678 0.000000
    endloop
  endfacet
  facet normal 0.000000 0.000000 1.000000
    outer loop
      vertex 15.632911 35.932203 0.400000
      vertex 17.151899 35.932203 0.400000
      vertex 17.151899 36.440678 0.400000
    endloop
  endfacet
  facet normal 0.000000 0.000000 1.000000
    outer loop
      vertex 15.632911 35.932203 0.400000
      vertex 17.151899 36.440678 0.400000
      vertex 15.632911 36.440678 0.400000
    endloop
  endfacet
  facet normal 0.000000 -1.000000 0.000000
    outer loop
      vertex 15.632911 35.932203 0.000000
      vertex 17.151899 35.932203 0.000000
      vertex 17.151899 35.932203 0.400000
    endloop
  endfacet
  facet normal 0.000000 -1.000000 0.000000
    outer loop
      vertex 15.632911 35.932203 0.000000
      vertex 17.151899 35.932203 0.400000
      vertex 15.632911 35.932203 0.400000
    endloop
  endfacet
  facet normal 0.000000 1.000000 0.000000
    outer loop
      vertex 15.632911 36.440678 0.000000
      vertex 17.151899 36.440678 0.400000
      vertex 17.151899 36.440678 0.000000
    endloop
  endfacet
  facet normal 0.000000 1.000000 0.000000
    outer loop
      vertex 15.632911 36.440678 0.000000
      vertex 15.632911 36.440678 0.400000
      vertex 17.151899 36.440678 0.400000
    endloop
  endfacet
  facet normal -1.000000 0.000000 0.000000
    outer loop
      vertex 15.632911 35.932203 0.000000
      vertex 15.632911 35.932203 0.400000
      vertex 15.632911 36.440678 0.400000
    endloop
  endfacet
  facet normal -1.000000 0.000000 0.000000
    outer loop
      vertex 15.632911 35.932203 0.000000
      vertex 15.632911 36.440678 0.400000
      vertex 15.632911 36.440678 0.000000
    endloop
  endfacet
  facet normal 1.000000 0.000000 0.000000
    outer loop
      vertex 17.151899 35.932203 0.000000
      vertex 17.151899 36.440678 0.000000
      vertex 17.151899 36.440678 0.400000
    endloop
  endfacet
  facet normal 1.000000 0.000000 0.000000
    outer loop
      vertex 17.151899 35.932203 0.000000
      vertex 17.151899 36.440678 0.400000
      vertex 17.151899 35.932203 0.400000
    endloop
  endfacet
  facet normal 0.000000 0.000000 -1.000000
    outer loop
      vertex 23.227848 35.932203 0.000000
      vertex 28.291139 36.440678 0.000000
      vertex 28.291139 35.932203 0.000000
    endloop
  endfacet
  facet normal 0.000000 0.000000 -1.000000
    outer loop
      vertex 23.227848 35.932203 0.000000
      vertex 23.227848 36.440678 0.000000
      vertex 28.291139 36.440678 0.000000
    endloop
  endfacet
  facet normal 0.000000 0.000000 1.000000
    outer loop
      vertex 23.227848 35.932203 0.400000
      vertex 28.291139 35.932203 0.400000
      vertex 28.291139 36.440678 0.400000
    endloop
  endfacet
  facet normal 0.000000 0.000000 1.000000
    outer loop
      vertex 23.227848 35.932203 0.400000
      vertex 28.291139 36.440678 0.400000
      vertex 23.227848 36.440678 0.400000
    endloop
  endfacet
  facet normal 0.000000 -1.000000 0.000000
    outer loop
      vertex 23.227848 35.932203 0.000000
      vertex 28.291139 35.932203 0.000000
      vertex 28.291139 35.932203 0.400000
    endloop
  endfacet
  facet normal 0.000000 -1.000000 0.000000
    outer loop
      vertex 23.227848 35.932203 0.000000
      vertex 28.291139 35.932203 0.400000
      vertex 23.227848 35.932203 0.400000
    endloop
  endfacet
  facet normal 0.000000 1.000000 0.000000
    outer loop
      vertex 23.227848 36.440678 0.000000
      vertex 28.291139 36.440678 0.400000
      vertex 28.291139 36.440678 0.000000
    endloop
  endfacet
  facet normal 0.000000 1.000000 0.000000
    outer loop
      vertex 23.227848 36.440678 0.000000
      vertex 23.227848 36.440678 0.400000
      vertex 28.291139 36.440678 0.400000
    endloop
  endfacet
  facet normal -1.000000 0.000000 0.000000
    outer loop
      vertex 23.227848 35.932203 0.000000
      vertex 23.227848 35.932203 0.400000
      vertex 23.227848 36.440678 0.400000
    endloop
  endfacet
  facet normal -1.000000 0.000000 0.000000
    outer loop
      vertex 23.227848 35.932203 0.000000
      vertex 23.227848 36.440678 0.400000
      vertex 23.227848 36.440678 0.000000
    endloop
  endfacet
  facet normal 1.000000 0.000000 0.000000
    outer loop
      vertex 28.291139 35.932203 0.000000
      vertex 28.291139 36.440678 0.000000
      vertex 28.291139 36.440678 0.400000
    endloop
  endfacet
  facet normal 1.000000 0.000000 0.000000
    outer loop
      vertex 28.291139 35.932203 0.000000
      vertex 28.291139 36.440678 0.400000
      vertex 28.291139 35.932203 0.400000
    endloop
  endfacet
  facet normal 0.000000 0.000000 -1.000000
    outer loop
      vertex 31.835443 35.932203 0.000000
      vertex 36.392405 36.440678 0.000000
      vertex 36.392405 35.932203 0.000000
    endloop
  endfacet
  facet normal 0.000000 0.000000 -1.000000
    outer loop
      vertex 31.835443 35.932203 0.000000
      vertex 31.835443 36.440678 0.000000
      vertex 36.392405 36.440678 0.000000
    endloop
  endfacet
  facet normal 0.000000 0.000000 1.000000
    outer loop
      vertex 31.835443 35.932203 0.400000
      vertex 36.392405 35.932203 0.400000
      vertex 36.392405 36.440678 0.400000
    endloop
  endfacet
  facet normal 0.000000 0.000000 1.000000
    outer loop
      vertex 31.835443 35.932203 0.400000
      vertex 36.392405 36.440678 0.400000
      vertex 31.835443 36.440678 0.400000
    endloop
  endfacet
  facet normal 0.000000 -1.000000 0.000000
    outer loop
      vertex 31.835443 35.932203 0.000000
      vertex 36.392405 35.932203 0.000000
      vertex 36.392405 35.932203 0.400000
    endloop
  endfacet
  facet normal 0.000000 -1.000000 0.000000
    outer loop
      vertex 31.835443 35.932203 0.000000
      vertex 36.392405 35.932203 0.400000
      vertex 31.835443 35.932203 0.400000
    endloop
  endfacet
  facet normal 0.000000 1.000000 0.000000
    outer loop
      vertex 31.835443 36.440678 0.000000
      vertex 36.392405 36.440678 0.400000
      vertex 36.392405 36.440678 0.000000
    endloop
  endfacet
  facet normal 0.000000 1.000000 0.000000
    outer loop
      vertex 31.835443 36.440678 0.000000
      vertex 31.835443 36.440678 0.400000
      vertex 36.392405 36.440678 0.400000
    endloop
  endfacet
  facet normal -1.000000 0.000000 0.000000
    outer loop
      vertex 31.835443 35.932203 0.000000
      vertex 31.835443 35.932203 0.400000
      vertex 31.835443 36.440678 0.400000
    endloop
  endfacet
  facet normal -1.000000 0.000000 0.000000
    outer loop
      vertex 31.835443 35.932203 0.000000
      vertex 31.835443 36.440678 0.400000
      vertex 31.835443 36.440678 0.000000
    endloop
  endfacet
  facet normal 1.000000 0.000000 0.000000
    outer loop
      vertex 36.392405 35.932203 0.000000
      vertex 36.392405 36.440678 0.000000
      vertex 36.392405 36.440678 0.400000
    endloop
  endfacet
  facet normal 1.000000 0.000000 0.000000
    outer loop
      vertex 36.392405 35.932203 0.000000
      vertex 36.392405 36.440678 0.400000
      vertex 36.392405 35.932203 0.400000
    endloop
  endfacet
  facet normal 0.000000 0.000000 -1.000000
    outer loop
      vertex 42.974684 35.932203 0.000000
      vertex 45.000000 36.440678 0.000000
      vertex 45.000000 35.932203 0.000000
    endloop
  endfacet
  facet normal 0.000000 0.000000 -1.000000
    outer loop
      vertex 42.974684 35.932203 0.000000
      vertex 42.974684 36.440678 0.000000
      vertex 45.000000 36.440678 0.000000
    endloop
  endfacet
  facet normal 0.000000 0.000000 1.000000
    outer loop
      vertex 42.974684 35.932203 0.400000
      vertex 45.000000 35.932203 0.400000
      vertex 45.000000 36.440678 0.400000
    endloop
  endfacet
  facet normal 0.000000 0.000000 1.000000
    outer loop
      vertex 42.974684 35.932203 0.400000
      vertex 45.000000 36.440678 0.400000
      vertex 42.974684 36.440678 0.400000
    endloop
  endfacet
  facet normal 0.000000 -1.000000 0.000000
    outer loop
      vertex 42.974684 35.932203 0.000000
      vertex 45.000000 35.932203 0.000000
      vertex 45.000000 35.932203 0.400000
    endloop
  endfacet
  facet normal 0.000000 -1.000000 0.000000
    outer loop
      vertex 42.974684 35.932203 0.000000
      vertex 45.000000 35.932203 0.400000
      vertex 42.974684 35.932203 0.400000
    endloop
  endfacet
  facet normal 0.000000 1.000000 0.000000
    outer loop
      vertex 42.974684 36.440678 0.000000
      vertex 45.000000 36.440678 0.400000
      vertex 45.000000 36.440678 0.000000
    endloop
  endfacet
  facet normal 0.000000 1.000000 0.000000
    outer loop
      vertex 42.974684 36.440678 0.000000
      vertex 42.974684 36.440678 0.400000
      vertex 45.000000 36.440678 0.400000
    endloop
  endfacet
  facet normal -1.000000 0.000000 0.000000
    outer loop
      vertex 42.974684 35.932203 0.000000
      vertex 42.974684 35.932203 0.400000
      vertex 42.974684 36.440678 0.400000
    endloop
  endfacet
  facet normal -1.000000 0.000000 0.000000
    outer loop
      vertex 42.974684 35.932203 0.000000
      vertex 42.974684 36.440678 0.400000
      vertex 42.974684 36.440678 0.000000
    endloop
  endfacet
  facet normal 1.000000 0.000000 0.000000
    outer loop
      vertex 45.000000 35.932203 0.000000
      vertex 45.000000 36.440678 0.000000
      vertex 45.000000 36.440678 0.400000
    endloop
  endfacet
  facet normal 1.000000 0.000000 0.000000
    outer loop
      vertex 45.000000 35.932203 0.000000
      vertex 45.000000 36.440678 0.400000
      vertex 45.000000 35.932203 0.400000
    endloop
  endfacet
  facet normal 0.000000 0.000000 -1.000000
    outer loop
      vertex 5.000000 35.423729 0.000000
      vertex 9.050633 35.932203 0.000000
      vertex 9.050633 35.423729 0.000000
    endloop
  endfacet
  facet normal 0.000000 0.000000 -1.000000
    outer loop
      vertex 5.000000 35.423729 0.000000
      vertex 5.000000 35.932203 0.000000
      vertex 9.050633 35.932203 0.000000
    endloop
  endfacet
  facet normal 0.000000 0.000000 1.000000
    outer loop
      vertex 5.000000 35.423729 0.400000
      vertex 9.050633 35.423729 0.400000
      vertex 9.050633 35.932203 0.400000
    endloop
  endfacet
  facet normal 0.000000 0.000000 1.000000
    outer loop
      vertex 5.000000 35.423729 0.400000
      vertex 9.050633 35.932203 0.400000
      vertex 5.000000 35.932203 0.400000
    endloop
  endfacet
  facet normal 0.000000 -1.000000 0.000000
    outer loop
      vertex 5.000000 35.423729 0.000000
      vertex 9.050633 35.423729 0.000000
      vertex 9.050633 35.423729 0.400000
    endloop
  endfacet
  facet normal 0.000000 -1.000000 0.000000
    outer loop
      vertex 5.000000 35.423729 0.000000
      vertex 9.050633 35.423729 0.400000
      vertex 5.000000 35.423729 0.400000
    endloop
  endfacet
  facet normal 0.000000 1.000000 0.000000
    outer loop
      vertex 5.000000 35.932203 0.000000
      vertex 9.050633 35.932203 0.400000
      vertex 9.050633 35.932203 0.000000
    endloop
  endfacet
  facet normal 0.000000 1.000000 0.000000
    outer loop
      vertex 5.000000 35.932203 0.000000
      vertex 5.000000 35.932203 0.400000
      vertex 9.050633 35.932203 0.400000
    endloop
  endfacet
  facet normal -1.000000 0.000000 0.000000
    outer loop
      vertex 5.000000 35.423729 0.000000
      vertex 5.000000 35.423729 0.400000
      vertex 5.000000 35.932203 0.400000
    endloop
  endfacet
  facet normal -1.000000 0.000000 0.000000
    outer loop
      vertex 5.000000 35.423729 0.000000
      vertex 5.000000 35.932203 0.400000
      vertex 5.000000 35.932203 0.000000
    endloop
  endfacet
  facet normal 1.000000 0.000000 0.000000
    outer loop
      vertex 9.050633 35.423729 0.000000
      vertex 9.050633 35.932203 0.000000
      vertex 9.050633 35.932203 0.400000
    endloop
  endfacet
  facet normal 1.000000 0.000000 0.000000
    outer loop
      vertex 9.050633 35.423729 0.000000
      vertex 9.050633 35.932203 0.400000
      vertex 9.050633 35.423729 0.400000
    endloop
  endfacet
  facet normal 0.000000 0.000000 -1.000000
    outer loop
      vertex 11.582278 35.423729 0.000000
      vertex 13.101266 35.932203 0.000000
      vertex 13.101266 35.423729 0.000000
    endloop
  endfacet
  facet normal 0.000000 0.000000 -1.000000
    outer loop
      vertex 11.582278 35.423729 0.000000
      vertex 11.582278 35.932203 0.000000
      vertex 13.101266 35.932203 0.000000
    endloop
  endfacet
  facet normal 0.000000 0.000000 1.000000
    outer loop
      vertex 11.582278 35.423729 0.400000
      vertex 13.101266 35.423729 0.400000
      vertex 13.101266 35.932203 0.400000
    endloop
  endfacet
  facet normal 0.000000 0.000000 1.000000
    outer loop
      vertex 11.582278 35.423729 0.400000
      vertex 13.101266 35.932203 0.400000
      vertex 11.582278 35.932203 0.400000
    endloop
  endfacet
  facet normal 0.000000 -1.000000 0.000000
    outer loop
      vertex 11.582278 35.423729 0.000000
      vertex 13.101266 35.423729 0.000000
      vertex 13.101266 35.423729 0.400000
    endloop
  endfacet
  facet normal 0.000000 -1.000000 0.000000
    outer loop
      vertex 11.582278 35.423729 0.000000
      vertex 13.101266 35.423729 0.400000
      vertex 11.582278 35.423729 0.400000
    endloop
  endfacet
  facet normal 0.000000 1.000000 0.000000
    outer loop
      vertex 11.582278 35.932203 0.000000
      vertex 13.101266 35.932203 0.400000
      vertex 13.101266 35.932203 0.000000
    endloop
  endfacet
  facet normal 0.000000 1.000000 0.000000
    outer loop
      vertex 11.582278 35.932203 0.000000
      vertex 11.582278 35.932203 0.400000
      vertex 13.101266 35.932203 0.400000
    endloop
  endfacet
  facet normal -1.000000 0.000000 0.000000
    outer loop
      vertex 11.582278 35.423729 0.000000
      vertex 11.582278 35.423729 0.400000
      vertex 11.582278 35.932203 0.400000
    endloop
  endfacet
  facet normal -1.000000 0.000000 0.000000
    outer loop
      vertex 11.582278 35.423729 0.000000
      vertex 11.582278 35.932203 0.400000
      vertex 11.582278 35.932203 0.000000
    endloop
  endfacet
  facet normal 1.000000 0.000000 0.000000
    outer loop
      vertex 13.101266 35.423729 0.000000
      vertex 13.101266 35.932203 0.000000
      vertex 13.101266 35.932203 0.400000
    endloop
  endfacet
  facet normal 1.000000 0.000000 0.000000
    outer loop
      vertex 13.101266 35.423729 0.000000
      vertex 13.101266 35.932203 0.400000
      vertex 13.101266 35.423729 0.400000
    endloop
  endfacet
  facet normal 0.000000 0.000000 -1.000000
    outer loop
      vertex 15.632911 35.423729 0.000000
      vertex 17.151899 35.932203 0.000000
      vertex 17.151899 35.423729 0.000000
    endloop
  endfacet
  facet normal 0.000000 0.000000 -1.000000
    outer loop
      vertex 15.632911 35.423729 0.000000
      vertex 15.632911 35.932203 0.000000
      vertex 17.151899 35.932203 0.000000
    endloop
  endfacet
  facet normal 0.000000 0.000000 1.000000
    outer loop
      vertex 15.632911 35.423729 0.400000
      vertex 17.151899 35.423729 0.400000
      vertex 17.151899 35.932203 0.400000
    endloop
  endfacet
  facet normal 0.000000 0.000000 1.000000
    outer loop
      vertex 15.632911 35.423729 0.400000
      vertex 17.151899 35.932203 0.400000
      vertex 15.632911 35.932203 0.400000
    endloop
  endfacet
  facet normal 0.000000 -1.000000 0.000000
    outer loop
      vertex 15.632911 35.423729 0.000000
      vertex 17.151899 35.423729 0.000000
      vertex 17.151899 35.423729 0.400000
    endloop
  endfacet
  facet normal 0.000000 -1.000000 0.000000
    outer loop
      vertex 15.632911 35.423729 0.000000
      vertex 17.151899 35.423729 0.400000
      vertex 15.632911 35.423729 0.400000
    endloop
  endfacet
  facet normal 0.000000 1.000000 0.000000
    outer loop
      vertex 15.632911 35.932203 0.000000
      vertex 17.151899 35.932203 0.400000
      vertex 17.151899 35.932203 0.000000
    endloop
  endfacet
  facet normal 0.000000 1.000000 0.000000
    outer loop
      vertex 15.632911 35.932203 0.000000
      vertex 15.632911 35.932203 0.400000
      vertex 17.151899 35.932203 0.400000
    endloop
  endfacet
  facet normal -1.000000 0.000000 0.000000
    outer loop
      vertex 15.632911 35.423729 0.000000
      vertex 15.632911 35.423729 0.400000
      vertex 15.632911 35.932203 0.400000
    endloop
  endfacet
  facet normal -1.000000 0.000000 0.000000
    outer loop
      vertex 15.632911 35.423729 0.000000
      vertex 15.632911 35.932203 0.400000
      vertex 15.632911 35.932203 0.000000
    endloop
  endfacet
  facet normal 1.000000 0.000000 0.000000
    outer loop
      vertex 17.151899 35.423729 0.000000
      vertex 17.151899 35.932203 0.000000
      vertex 17.151899 35.932203 0.400000
    endloop
  endfacet
  facet normal 1.000000 0.000000 0.000000
    outer loop
      vertex 17.151899 35.423729 0.000000
      vertex 17.151899 35.932203 0.400000
      vertex 17.151899 35.423729 0.400000
    endloop
  endfacet
  facet normal 0.000000 0.000000 -1.000000
    outer loop
      vertex 18.164557 35.423729 0.000000
      vertex 20.696203 35.932203 0.000000
      vertex 20.696203 35.423729 0.000000
    endloop
  endfacet
  facet normal 0.000000 0.000000 -1.000000
    outer loop
      vertex 18.164557 35.423729 0.000000
      vertex 18.164557 35.932203 0.000000
      vertex 20.696203 35.932203 0.000000
    endloop
  endfacet
  facet normal 0.000000 0.000000 1.000000
    outer loop
      vertex 18.164557 35.423729 0.400000
      vertex 20.696203 35.423729 0.400000
      vertex 20.696203 35.932203 0.400000
    endloop
  endfacet
  facet normal 0.000000 0.000000 1.000000
    outer loop
      vertex 18.164557 35.423729 0.400000
      vertex 20.696203 35.932203 0.400000
      vertex 18.164557 35.932203 0.400000
    endloop
  endfacet
  facet normal 0.000000 -1.000000 0.000000
    outer loop
      vertex 18.164557 35.423729 0.000000
      vertex 20.696203 35.423729 0.000000
      vertex 20.696203 35.423729 0.400000
    endloop
  endfacet
  facet normal 0.000000 -1.000000 0.000000
    outer loop
      vertex 18.164557 35.423729 0.000000
      vertex 20.696203 35.423729 0.400000
      vertex 18.164557 35.423729 0.400000
    endloop
  endfacet
  facet normal 0.000000 1.000000 0.000000
    outer loop
      vertex 18.164557 35.932203 0.000000
      vertex 20.696203 35.932203 0.400000
      vertex 20.696203 35.932203 0.000000
    endloop
  endfacet
  facet normal 0.000000 1.000000 0.000000
    outer loop
      vertex 18.164557 35.932203 0.000000
      vertex 18.164557 35.932203 0.400000
      vertex 20.696203 35.932203 0.400000
    endloop
  endfacet
  facet normal -1.000000 0.000000 0.000000
    outer loop
      vertex 18.164557 35.423729 0.000000
      vertex 18.164557 35.423729 0.400000
      vertex 18.164557 35.932203 0.400000
    endloop
  endfacet
  facet normal -1.000000 0.000000 0.000000
    outer loop
      vertex 18.164557 35.423729 0.000000
      vertex 18.164557 35.932203 0.400000
      vertex 18.164557 35.932203 0.000000
    endloop
  endfacet
  facet normal 1.000000 0.000000 0.000000
    outer loop
      vertex 20.696203 35.423729 0.000000
      vertex 20.696203 35.932203 0.000000
      vertex 20.696203 35.932203 0.400000
    endloop
  endfacet
  facet normal 1.000000 0.000000 0.000000
    outer loop
      vertex 20.696203 35.423729 0.000000
      vertex 20.696203 35.932203 0.400000
      vertex 20.696203 35.423729 0.400000
    endloop
  endfacet
  facet normal 0.000000 0.000000 -1.000000
    outer loop
      vertex 23.734177 35.423729 0.000000
      vertex 28.291139 35.932203 0.000000
      vertex 28.291139 35.423729 0.000000
    endloop
  endfacet
  facet normal 0.000000 0.000000 -1.000000
    outer loop
      vertex 23.734177 35.423729 0.000000
      vertex 23.734177 35.932203 0.000000
      vertex 28.291139 35.932203 0.000000
    endloop
  endfacet
  facet normal 0.000000 0.000000 1.000000
    outer loop
      vertex 23.734177 35.423729 0.400000
      vertex 28.291139 35.423729 0.400000
      vertex 28.291139 35.932203 0.400000
    endloop
  endfacet
  facet normal 0.000000 0.000000 1.000000
    outer loop
      vertex 23.734177 35.423729 0.400000
      vertex 28.291139 35.932203 0.400000
      vertex 23.734177 35.932203 0.400000
    endloop
  endfacet
  facet normal 0.000000 -1.000000 0.000000
    outer loop
      vertex 23.734177 35.423729 0.000000
      vertex 28.291139 35.423729 0.000000
      vertex 28.291139 35.423729 0.400000
    endloop
  endfacet
  facet normal 0.000000 -1.000000 0.000000
    outer loop
      vertex 23.734177 35.423729 0.000000
      vertex 28.291139 35.423729 0.400000
      vertex 23.734177 35.423729 0.400000
    endloop
  endfacet
  facet normal 0.000000 1.000000 0.000000
    outer loop
      vertex 23.734177 35.932203 0.000000
      vertex 28.291139 35.932203 0.400000
      vertex 28.291139 35.932203 0.000000
    endloop
  endfacet
  facet normal 0.000000 1.000000 0.000000
    outer loop
      vertex 23.734177 35.932203 0.000000
      vertex 23.734177 35.932203 0.400000
      vertex 28.291139 35.932203 0.400000
    endloop
  endfacet
  facet normal -1.000000 0.000000 0.000000
    outer loop
      vertex 23.734177 35.423729 0.000000
      vertex 23.734177 35.423729 0.400000
      vertex 23.734177 35.932203 0.400000
    endloop
  endfacet
  facet normal -1.000000 0.000000 0.000000
    outer loop
      vertex 23.734177 35.423729 0.000000
      vertex 23.734177 35.932203 0.400000
      vertex 23.734177 35.932203 0.000000
    endloop
  endfacet
  facet normal 1.000000 0.000000 0.000000
    outer loop
      vertex 28.291139 35.423729 0.000000
      vertex 28.291139 35.932203 0.000000
      vertex 28.291139 35.932203 0.400000
    endloop
  endfacet
  facet normal 1.000000 0.000000 0.000000
    outer loop
      vertex 28.291139 35.423729 0.000000
      vertex 28.291139 35.932203 0.400000
      vertex 28.291139 35.423729 0.400000
    endloop
  endfacet
  facet normal 0.000000 0.000000 -1.000000
    outer loop
      vertex 32.341772 35.423729 0.000000
      vertex 35.886076 35.932203 0.000000
      vertex 35.886076 35.423729 0.000000
    endloop
  endfacet
  facet normal 0.000000 0.000000 -1.000000
    outer loop
      vertex 32.341772 35.423729 0.000000
      vertex 32.341772 35.932203 0.000000
      vertex 35.886076 35.932203 0.000000
    endloop
  endfacet
  facet normal 0.000000 0.000000 1.000000
    outer loop
      vertex 32.341772 35.423729 0.400000
      vertex 35.886076 35.423729 0.400000
      vertex 35.886076 35.932203 0.400000
    endloop
  endfacet
  facet normal 0.000000 0.000000 1.000000
    outer loop
      vertex 32.341772 35.423729 0.400000
      vertex 35.886076 35.932203 0.400000
      vertex 32.341772 35.932203 0.400000
    endloop
  endfacet
  facet normal 0.000000 -1.000000 0.000000
    outer loop
      vertex 32.341772 35.423729 0.000000
      vertex 35.886076 35.423729 0.000000
      vertex 35.886076 35.423729 0.400000
    endloop
  endfacet
  facet normal 0.000000 -1.000000 0.000000
    outer loop
      vertex 32.341772 35.423729 0.000000
      vertex 35.886076 35.423729 0.400000
      vertex 32.341772 35.423729 0.400000
    endloop
  endfacet
  facet normal 0.000000 1.000000 0.000000
    outer loop
      vertex 32.341772 35.932203 0.000000
      vertex 35.886076 35.932203 0.400000
      vertex 35.886076 35.932203 0.000000
    endloop
  endfacet
  facet normal 0.000000 1.000000 0.000000
    outer loop
      vertex 32.341772 35.932203 0.000000
      vertex 32.341772 35.932203 0.400000
      vertex 35.886076 35.932203 0.400000
    endloop
  endfacet
  facet normal -1.000000 0.000000 0.000000
    outer loop
      vertex 32.341772 35.423729 0.000000
      vertex 32.341772 35.423729 0.400000
      vertex 32.341772 35.932203 0.400000
    endloop
  endfacet
  facet normal -1.000000 0.000000 0.000000
    outer loop
      vertex 32.341772 35.423729 0.000000
      vertex 32.341772 35.932203 0.400000
      vertex 32.341772 35.932203 0.000000
    endloop
  endfacet
  facet normal 1.000000 0.000000 0.000000
    outer loop
      vertex 35.886076 35.423729 0.000000
      vertex 35.886076 35.932203 0.000000
      vertex 35.886076 35.932203 0.400000
    endloop
  endfacet
  facet normal 1.000000 0.000000 0.000000
    outer loop
      vertex 35.886076 35.423729 0.000000
      vertex 35.886076 35.932203 0.400000
      vertex 35.886076 35.423729 0.400000
    endloop
  endfacet
  facet normal 0.000000 0.000000 -1.000000
    outer loop
      vertex 38.417722 35.423729 0.000000
      vertex 40.443038 35.932203 0.000000
      vertex 40.443038 35.423729 0.000000
    endloop
  endfacet
  facet normal 0.000000 0.000000 -1.000000
    outer loop
      vertex 38.417722 35.423729 0.000000
      vertex 38.417722 35.932203 0.000000
      vertex 40.443038 35.932203 0.000000
    endloop
  endfacet
  facet normal 0.000000 0.000000 1.000000
    outer loop
      vertex 38.417722 35.423729 0.400000
      vertex 40.443038 35.423729 0.400000
      vertex 40.443038 35.932203 0.400000
    endloop
  endfacet
  facet normal 0.000000 0.000000 1.000000
    outer loop
      vertex 38.417722 35.423729 0.400000
      vertex 40.443038 35.932203 0.400000
      vertex 38.417722 35.932203 0.400000
    endloop
  endfacet
  facet normal 0.000000 -1.000000 0.000000
    outer loop
      vertex 38.417722 35.423729 0.000000
      vertex 40.443038 35.423729 0.000000
      vertex 40.443038 35.423729 0.400000
    endloop
  endfacet
  facet normal 0.000000 -1.000000 0.000000
    outer loop
      vertex 38.417722 35.423729 0.000000
      vertex 40.443038 35.423729 0.400000
      vertex 38.417722 35.423729 0.400000
    endloop
  endfacet
  facet normal 0.000000 1.000000 0.000000
    outer loop
      vertex 38.417722 35.932203 0.000000
      vertex 40.443038 35.932203 0.400000
      vertex 40.443038 35.932203 0.000000
    endloop
  endfacet
  facet normal 0.000000 1.000000 0.000000
    outer loop
      vertex 38.417722 35.932203 0.000000
      vertex 38.417722 35.932203 0.400000
      vertex 40.443038 35.932203 0.400000
    endloop
  endfacet
  facet normal -1.000000 0.000000 0.000000
    outer loop
      vertex 38.417722 35.423729 0.000000
      vertex 38.417722 35.423729 0.400000
      vertex 38.417722 35.932203 0.400000
    endloop
  endfacet
  facet normal -1.000000 0.000000 0.000000
    outer loop
      vertex 38.417722 35.423729 0.000000
      vertex 38.417722 35.932203 0.400000
      vertex 38.417722 35.932203 0.000000
    endloop
  endfacet
  facet normal 1.000000 0.000000 0.000000
    outer loop
      vertex 40.443038 35.423729 0.000000
      vertex 40.443038 35.932203 0.000000
      vertex 40.443038 35.932203 0.400000
    endloop
  endfacet
  facet normal 1.000000 0.000000 0.000000
    outer loop
      vertex 40.443038 35.423729 0.000000
      vertex 40.443038 35.932203 0.400000
      vertex 40.443038 35.423729 0.400000
    endloop
  endfacet
  facet normal 0.000000 0.000000 -1.000000
    outer loop
      vertex 42.974684 35.423729 0.000000
      vertex 45.000000 35.932203 0.000000
      vertex 45.000000 35.423729 0.000000
    endloop
  endfacet
  facet normal 0.000000 0.000000 -1.000000
    outer loop
      vertex 42.974684 35.423729 0.000000
      vertex 42.974684 35.932203 0.000000
      vertex 45.000000 35.932203 0.000000
    endloop
  endfacet
  facet normal 0.000000 0.000000 1.000000
    outer loop
      vertex 42.974684 35.423729 0.400000
      vertex 45.000000 35.423729 0.400000
      vertex 45.000000 35.932203 0.400000
    endloop
  endfacet
  facet normal 0.000000 0.000000 1.000000
    outer loop
      vertex 42.974684 35.423729 0.400000
      vertex 45.000000 35.932203 0.400000
      vertex 42.974684 35.932203 0.400000
    endloop
  endfacet
  facet normal 0.000000 -1.000000 0.000000
    outer loop
      vertex 42.974684 35.423729 0.000000
      vertex 45.000000 35.423729 0.000000
      vertex 45.000000 35.423729 0.400000
    endloop
  endfacet
  facet normal 0.000000 -1.000000 0.000000
    outer loop
      vertex 42.974684 35.423729 0.000000
      vertex 45.000000 35.423729 0.400000
      vertex 42.974684 35.423729 0.400000
    endloop
  endfacet
  facet normal 0.000000 1.000000 0.000000
    outer loop
      vertex 42.974684 35.932203 0.000000
      vertex 45.000000 35.932203 0.400000
      vertex 45.000000 35.932203 0.000000
    endloop
  endfacet
  facet normal 0.000000 1.000000 0.000000
    outer loop
      vertex 42.974684 35.932203 0.000000
      vertex 42.974684 35.932203 0.400000
      vertex 45.000000 35.932203 0.400000
    endloop
  endfacet
  facet normal -1.000000 0.000000 0.000000
    outer loop
      vertex 42.974684 35.423729 0.000000
      vertex 42.974684 35.423729 0.400000
      vertex 42.974684 35.932203 0.400000
    endloop
  endfacet
  facet normal -1.000000 0.000000 0.000000
    outer loop
      vertex 42.974684 35.423729 0.000000
      vertex 42.974684 35.932203 0.400000
      vertex 42.974684 35.932203 0.000000
    endloop
  endfacet
  facet normal 1.000000 0.000000 0.000000
    outer loop
      vertex 45.000000 35.423729 0.000000
      vertex 45.000000 35.932203 0.000000
      vertex 45.000000 35.932203 0.400000
    endloop
  endfacet
  facet normal 1.000000 0.000000 0.000000
    outer loop
      vertex 45.000000 35.423729 0.000000
      vertex 45.000000 35.932203 0.400000
      vertex 45.000000 35.423729 0.400000
    endloop
  endfacet
  facet normal 0.000000 0.000000 -1.000000
    outer loop
      vertex 5.000000 34.915254 0.000000
      vertex 9.556962 35.423729 0.000000
      vertex 9.556962 34.915254 0.000000
    endloop
  endfacet
  facet normal 0.000000 0.000000 -1.000000
    outer loop
      vertex 5.000000 34.915254 0.000000
      vertex 5.000000 35.423729 0.000000
      vertex 9.556962 35.423729 0.000000
    endloop
  endfacet
  facet normal 0.000000 0.000000 1.000000
    outer loop
      vertex 5.000000 34.915254 0.400000
      vertex 9.556962 34.915254 0.400000
      vertex 9.556962 35.423729 0.400000
    endloop
  endfacet
  facet normal 0.000000 0.000000 1.000000
    outer loop
      vertex 5.000000 34.915254 0.400000
      vertex 9.556962 35.423729 0.400000
      vertex 5.000000 35.423729 0.400000
    endloop
  endfacet
  facet normal 0.000000 -1.000000 0.000000
    outer loop
      vertex 5.000000 34.915254 0.000000
      vertex 9.556962 34.915254 0.000000
      vertex 9.556962 34.915254 0.400000
    endloop
  endfacet
  facet normal 0.000000 -1.000000 0.000000
    outer loop
      vertex 5.000000 34.915254 0.000000
      vertex 9.556962 34.915254 0.400000
      vertex 5.000000 34.915254 0.400000
    endloop
  endfacet
  facet normal 0.000000 1.000000 0.000000
    outer loop
      vertex 5.000000 35.423729 0.000000
      vertex 9.556962 35.423729 0.400000
      vertex 9.556962 35.423729 0.000000
    endloop
  endfacet
  facet normal 0.000000 1.000000 0.000000
    outer loop
      vertex 5.000000 35.423729 0.000000
      vertex 5.000000 35.423729 0.400000
      vertex 9.556962 35.423729 0.400000
    endloop
  endfacet
  facet normal -1.000000 0.000000 0.000000
    outer loop
      vertex 5.000000 34.915254 0.000000
      vertex 5.000000 34.915254 0.400000
      vertex 5.000000 35.423729 0.400000
    endloop
  endfacet
  facet normal -1.000000 0.000000 0.000000
    outer loop
      vertex 5.000000 34.915254 0.000000
      vertex 5.000000 35.423729 0.400000
      vertex 5.000000 35.423729 0.000000
    endloop
  endfacet
  facet normal 1.000000 0.000000 0.000000
    outer loop
      vertex 9.556962 34.915254 0.000000
      vertex 9.556962 35.423729 0.000000
      vertex 9.556962 35.423729 0.400000
    endloop
  endfacet
  facet normal 1.000000 0.000000 0.000000
    outer loop
      vertex 9.556962 34.915254 0.000000
      vertex 9.556962 35.423729 0.400000
      vertex 9.556962 34.915254 0.400000
    endloop
  endfacet
  facet normal 0.000000 0.000000 -1.000000
    outer loop
      vertex 12.088608 34.915254 0.000000
      vertex 13.101266 35.423729 0.000000
      vertex 13.101266 34.915254 0.000000
    endloop
  endfacet
  facet normal 0.000000 0.000000 -1.000000
    outer loop
      vertex 12.088608 34.915254 0.000000
      vertex 12.088608 35.423729 0.000000
      vertex 13.101266 35.423729 0.000000
    endloop
  endfacet
  facet normal 0.000000 0.000000 1.000000
    outer loop
      vertex 12.088608 34.915254 0.400000
      vertex 13.101266 34.915254 0.400000
      vertex 13.101266 35.423729 0.400000
    endloop
  endfacet
  facet normal 0.000000 0.000000 1.000000
    outer loop
      vertex 12.088608 34.915254 0.400000
      vertex 13.101266 35.423729 0.400000
      vertex 12.088608 35.423729 0.400000
    endloop
  endfacet
  facet normal 0.000000 -1.000000 0.000000
    outer loop
      vertex 12.088608 34.915254 0.000000
      vertex 13.101266 34.915254 0.000000
      vertex 13.101266 34.915254 0.400000
    endloop
  endfacet
  facet normal 0.000000 -1.000000 0.000000
    outer loop
      vertex 12.088608 34.915254 0.000000
      vertex 13.101266 34.915254 0.400000
      vertex 12.088608 34.915254 0.400000
    endloop
  endfacet
  facet normal 0.000000 1.000000 0.000000
    outer loop
      vertex 12.088608 35.423729 0.000000
      vertex 13.101266 35.423729 0.400000
      vertex 13.101266 35.423729 0.000000
    endloop
  endfacet
  facet normal 0.000000 1.000000 0.000000
    outer loop
      vertex 12.088608 35.423729 0.000000
      vertex 12.088608 35.423729 0.400000
      vertex 13.101266 35.423729 0.400000
    endloop
  endfacet
  facet normal -1.000000 0.000000 0.000000
    outer loop
      vertex 12.088608 34.915254 0.000000
      vertex 12.088608 34.915254 0.400000
      vertex 12.088608 35.423729 0.400000
    endloop
  endfacet
  facet normal -1.000000 0.000000 0.000000
    outer loop
      vertex 12.088608 34.915254 0.000000
      vertex 12.088608 35.423729 0.400000
      vertex 12.088608 35.423729 0.000000
    endloop
  endfacet
  facet normal 1.000000 0.000000 0.000000
    outer loop
      vertex 13.101266 34.915254 0.000000
      vertex 13.101266 35.423729 0.000000
      vertex 13.101266 35.423729 0.400000
    endloop
  endfacet
  facet normal 1.000000 0.000000 0.000000
    outer loop
      vertex 13.101266 34.915254 0.000000
      vertex 13.101266 35.423729 0.400000
      vertex 13.101266 34.915254 0.400000
    endloop
  endfacet
  facet normal 0.000000 0.000000 -1.000000
    outer loop
      vertex 15.632911 34.915254 0.000000
      vertex 17.151899 35.423729 0.000000
      vertex 17.151899 34.915254 0.000000
    endloop
  endfacet
  facet normal 0.000000 0.000000 -1.000000
    outer loop
      vertex 15.632911 34.915254 0.000000
      vertex 15.632911 35.423729 0.000000
      vertex 17.151899 35.423729 0.000000
    endloop
  endfacet
  facet normal 0.000000 0.000000 1.000000
    outer loop
      vertex 15.632911 34.915254 0.400000
      vertex 17.151899 34.915254 0.400000
      vertex 17.151899 35.423729 0.400000
    endloop
  endfacet
  facet normal 0.000000 0.000000 1.000000
    outer loop
      vertex 15.632911 34.915254 0.400000
      vertex 17.151899 35.423729 0.400000
      vertex 15.632911 35.423729 0.400000
    endloop
  endfacet
  facet normal 0.000000 -1.000000 0.000000
    outer loop
      vertex 15.632911 34.915254 0.000000
      vertex 17.151899 34.915254 0.000000
      vertex 17.151899 34.915254 0.400000
    endloop
  endfacet
  facet normal 0.000000 -1.000000 0.000000
    outer loop
      vertex 15.632911 34.915254 0.000000
      vertex 17.151899 34.915254 0.400000
      vertex 15.632911 34.915254 0.400000
    endloop
  endfacet
  facet normal 0.000000 1.000000 0.000000
    outer loop
      vertex 15.632911 35.423729 0.000000
      vertex 17.151899 35.423729 0.400000
      vertex 17.151899 35.423729 0.000000
    endloop
  endfacet
  facet normal 0.000000 1.000000 0.000000
    outer loop
      vertex 15.632911 35.423729 0.000000
      vertex 15.632911 35.423729 0.400000
      vertex 17.151899 35.423729 0.400000
    endloop
  endfacet
  facet normal -1.000000 0.000000 0.000000
    outer loop
      vertex 15.632911 34.915254 0.000000
      vertex 15.632911 34.915254 0.400000
      vertex 15.632911 35.423729 0.400000
    endloop
  endfacet
  facet normal -1.000000 0.000000 0.000000
    outer loop
      vertex 15.632911 34.915254 0.000000
      vertex 15.632911 35.423729 0.400000
      vertex 15.632911 35.423729 0.000000
    endloop
  endfacet
  facet normal 1.000000 0.000000 0.000000
    outer loop
      vertex 17.151899 34.915254 0.000000
      vertex 17.151899 35.423729 0.000000
      vertex 17.151899 35.423729 0.400000
    endloop
  endfacet
  facet normal 1.000000 0.000000 0.000000
    outer loop
      vertex 17.151899 34.915254 0.000000
      vertex 17.151899 35.423729 0.400000
      vertex 17.151899 34.915254 0.400000
    endloop
  endfacet
  facet normal 0.000000 0.000000 -1.000000
    outer loop
      vertex 17.658228 34.915254 0.000000
      vertex 21.708861 35.423729 0.000000
      vertex 21.708861 34.915254 0.000000
    endloop
  endfacet
  facet normal 0.000000 0.000000 -1.000000
    outer loop
      vertex 17.658228 34.915254 0.000000
      vertex 17.658228 35.423729 0.000000
      vertex 21.708861 35.423729 0.000000
    endloop
  endfacet
  facet normal 0.000000 0.000000 1.000000
    outer loop
      vertex 17.658228 34.915254 0.400000
      vertex 21.708861 34.915254 0.400000
      vertex 21.708861 35.423729 0.400000
    endloop
  endfacet
  facet normal 0.000000 0.000000 1.000000
    outer loop
      vertex 17.658228 34.915254 0.400000
      vertex 21.708861 35.423729 0.400000
      vertex 17.658228 35.423729 0.400000
    endloop
  endfacet
  facet normal 0.000000 -1.000000 0.000000
    outer loop
      vertex 17.658228 34.915254 0.000000
      vertex 21.708861 34.915254 0.000000
      vertex 21.708861 34.915254 0.400000
    endloop
  endfacet
  facet normal 0.000000 -1.000000 0.000000
    outer loop
      vertex 17.658228 34.915254 0.000000
      vertex 21.708861 34.915254 0.400000
      vertex 17.658228 34.915254 0.400000
    endloop
  endfacet
  facet normal 0.000000 1.000000 0.000000
    outer loop
      vertex 17.658228 35.423729 0.000000
      vertex 21.708861 35.423729 0.400000
      vertex 21.708861 35.423729 0.000000
    endloop
  endfacet
  facet normal 0.000000 1.000000 0.000000
    outer loop
      vertex 17.658228 35.423729 0.000000
      vertex 17.658228 35.423729 0.400000
      vertex 21.708861 35.423729 0.400000
    endloop
  endfacet
  facet normal -1.000000 0.000000 0.000000
    outer loop
      vertex 17.658228 34.915254 0.000000
      vertex 17.658228 34.915254 0.400000
      vertex 17.658228 35.423729 0.400000
    endloop
  endfacet
  facet normal -1.000000 0.000000 0.000000
    outer loop
      vertex 17.658228 34.915254 0.000000
      vertex 17.658228 35.423729 0.400000
      vertex 17.658228 35.423729 0.000000
    endloop
  endfacet
  facet normal 1.000000 0.000000 0.000000
    outer loop
      vertex 21.708861 34.915254 0.000000
      vertex 21.708861 35.423729 0.000000
      vertex 21.708861 35.423729 0.400000
    endloop
  endfacet
  facet normal 1.000000 0.000000 0.000000
    outer loop
      vertex 21.708861 34.915254 0.000000
      vertex 21.708861 35.423729 0.400000
      vertex 21.708861 34.915254 0.400000
    endloop
  endfacet
  facet normal 0.000000 0.000000 -1.000000
    outer loop
      vertex 24.240506 34.915254 0.000000
      vertex 27.784810 35.423729 0.000000
      vertex 27.784810 34.915254 0.000000
    endloop
  endfacet
  facet normal 0.000000 0.000000 -1.000000
    outer loop
      vertex 24.240506 34.915254 0.000000
      vertex 24.240506 35.423729 0.000000
      vertex 27.784810 35.423729 0.000000
    endloop
  endfacet
  facet normal 0.000000 0.000000 1.000000
    outer loop
      vertex 24.240506 34.915254 0.400000
      vertex 27.784810 34.915254 0.400000
      vertex 27.784810 35.423729 0.400000
    endloop
  endfacet
  facet normal 0.000000 0.000000 1.000000
    outer loop
      vertex 24.240506 34.915254 0.400000
      vertex 27.784810 35.423729 0.400000
      vertex 24.240506 35.423729 0.400000
    endloop
  endfacet
  facet normal 0.000000 -1.000000 0.000000
    outer loop
      vertex 24.240506 34.915254 0.000000
      vertex 27.784810 34.915254 0.000000
      vertex 27.784810 34.915254 0.400000
    endloop
  endfacet
  facet normal 0.000000 -1.000000 0.000000
    outer loop
      vertex 24.240506 34.915254 0.000000
      vertex 27.784810 34.915254 0.400000
      vertex 24.240506 34.915254 0.400000
    endloop
  endfacet
  facet normal 0.000000 1.000000 0.000000
    outer loop
      vertex 24.240506 35.423729 0.000000
      vertex 27.784810 35.423729 0.400000
      vertex 27.784810 35.423729 0.000000
    endloop
  endfacet
  facet normal 0.000000 1.000000 0.000000
    outer loop
      vertex 24.240506 35.423729 0.000000
      vertex 24.240506 35.423729 0.400000
      vertex 27.784810 35.423729 0.400000
    endloop
  endfacet
  facet normal -1.000000 0.000000 0.000000
    outer loop
      vertex 24.240506 34.915254 0.000000
      vertex 24.240506 34.915254 0.400000
      vertex 24.240506 35.423729 0.400000
    endloop
  endfacet
  facet normal -1.000000 0.000000 0.000000
    outer loop
      vertex 24.240506 34.915254 0.000000
      vertex 24.240506 35.423729 0.400000
      vertex 24.240506 35.423729 0.000000
    endloop
  endfacet
  facet normal 1.000000 0.000000 0.000000
    outer loop
      vertex 27.784810 34.915254 0.000000
      vertex 27.784810 35.423729 0.000000
      vertex 27.784810 35.423729 0.400000
    endloop
  endfacet
  facet normal 1.000000 0.000000 0.000000
    outer loop
      vertex 27.784810 34.915254 0.000000
      vertex 27.784810 35.423729 0.400000
      vertex 27.784810 34.915254 0.400000
    endloop
  endfacet
  facet normal 0.000000 0.000000 -1.000000
    outer loop
      vertex 32.341772 34.915254 0.000000
      vertex 35.886076 35.423729 0.000000
      vertex 35.886076 34.915254 0.000000
    endloop
  endfacet
  facet normal 0.000000 0.000000 -1.000000
    outer loop
      vertex 32.341772 34.915254 0.000000
      vertex 32.341772 35.423729 0.000000
      vertex 35.886076 35.423729 0.000000
    endloop
  endfacet
  facet normal 0.000000 0.000000 1.000000
    outer loop
      vertex 32.341772 34.915254 0.400000
      vertex 35.886076 34.915254 0.400000
      vertex 35.886076 35.423729 0.400000
    endloop
  endfacet
  facet normal 0.000000 0.000000 1.000000
    outer loop
      vertex 32.341772 34.915254 0.400000
      vertex 35.886076 35.423729 0.400000
      vertex 32.341772 35.423729 0.400000
    endloop
  endfacet
  facet normal 0.000000 -1.000000 0.000000
    outer loop
      vertex 32.341772 34.915254 0.000000
      vertex 35.886076 34.915254 0.000000
      vertex 35.886076 34.915254 0.400000
    endloop
  endfacet
  facet normal 0.000000 -1.000000 0.000000
    outer loop
      vertex 32.341772 34.915254 0.000000
      vertex 35.886076 34.915254 0.400000
      vertex 32.341772 34.915254 0.400000
    endloop
  endfacet
  facet normal 0.000000 1.000000 0.000000
    outer loop
      vertex 32.341772 35.423729 0.000000
      vertex 35.886076 35.423729 0.400000
      vertex 35.886076 35.423729 0.000000
    endloop
  endfacet
  facet normal 0.000000 1.000000 0.000000
    outer loop
      vertex 32.341772 35.423729 0.000000
      vertex 32.341772 35.423729 0.400000
      vertex 35.886076 35.423729 0.400000
    endloop
  endfacet
  facet normal -1.000000 0.000000 0.000000
    outer loop
      vertex 32.341772 34.915254 0.000000
      vertex 32.341772 34.915254 0.400000
      vertex 32.341772 35.423729 0.400000
    endloop
  endfacet
  facet normal -1.000000 0.000000 0.000000
    outer loop
      vertex 32.341772 34.915254 0.000000
      vertex 32.341772 35.423729 0.400000
      vertex 32.341772 35.423729 0.000000
    endloop
  endfacet
  facet normal 1.000000 0.000000 0.000000
    outer loop
      vertex 35.886076 34.915254 0.000000
      vertex 35.886076 35.423729 0.000000
      vertex 35.886076 35.423729 0.400000
    endloop
  endfacet
  facet normal 1.000000 0.000000 0.000000
    outer loop
      vertex 35.886076 34.915254 0.000000
      vertex 35.886076 35.423729 0.400000
      vertex 35.886076 34.915254 0.400000
    endloop
  endfacet
  facet normal 0.000000 0.000000 -1.000000
    outer loop
      vertex 38.417722 34.915254 0.000000
      vertex 40.443038 35.423729 0.000000
      vertex 40.443038 34.915254 0.000000
    endloop
  endfacet
  facet normal 0.000000 0.000000 -1.000000
    outer loop
      vertex 38.417722 34.915254 0.000000
      vertex 38.417722 35.423729 0.000000
      vertex 40.443038 35.423729 0.000000
    endloop
  endfacet
  facet normal 0.000000 0.000000 1.000000
    outer loop
      vertex 38.417722 34.915254 0.400000
      vertex 40.443038 34.915254 0.400000
      vertex 40.443038 35.423729 0.400000
    endloop
  endfacet
  facet normal 0.000000 0.000000 1.000000
    outer loop
      vertex 38.417722 34.915254 0.400000
      vertex 40.443038 35.423729 0.400000
      vertex 38.417722 35.423729 0.400000
    endloop
  endfacet
  facet normal 0.000000 -1.000000 0.000000
    outer loop
      vertex 38.417722 34.915254 0.000000
      vertex 40.443038 34.915254 0.000000
      vertex 40.443038 34.915254 0.400000
    endloop
  endfacet
  facet normal 0.000000 -1.000000 0.000000
    outer loop
      vertex 38.417722 34.915254 0.000000
      vertex 40.443038 34.915254 0.400000
      vertex 38.417722 34.915254 0.400000
    endloop
  endfacet
  facet normal 0.000000 1.000000 0.000000
    outer loop
      vertex 38.417722 35.423729 0.000000
      vertex 40.443038 35.423729 0.400000
      vertex 40.443038 35.423729 0.000000
    endloop
  endfacet
  facet normal 0.000000 1.000000 0.000000
    outer loop
      vertex 38.417722 35.423729 0.000000
      vertex 38.417722 35.423729 0.400000
      vertex 40.443038 35.423729 0.400000
    endloop
  endfacet
  facet normal -1.000000 0.000000 0.000000
    outer loop
      vertex 38.417722 34.915254 0.000000
      vertex 38.417722 34.915254 0.400000
      vertex 38.417722 35.423729 0.400000
    endloop
  endfacet
  facet normal -1.000000 0.000000 0.000000
    outer loop
      vertex 38.417722 34.915254 0.000000
      vertex 38.417722 35.423729 0.400000
      vertex 38.417722 35.423729 0.000000
    endloop
  endfacet
  facet normal 1.000000 0.000000 0.000000
    outer loop
      vertex 40.443038 34.915254 0.000000
      vertex 40.443038 35.423729 0.000000
      vertex 40.443038 35.423729 0.400000
    endloop
  endfacet
  facet normal 1.000000 0.000000 0.000000
    outer loop
      vertex 40.443038 34.915254 0.000000
      vertex 40.443038 35.423729 0.400000
      vertex 40.443038 34.915254 0.400000
    endloop
  endfacet
  facet normal 0.000000 0.000000 -1.000000
    outer loop
      vertex 42.974684 34.915254 0.000000
      vertex 45.000000 35.423729 0.000000
      vertex 45.000000 34.915254 0.000000
    endloop
  endfacet
  facet normal 0.000000 0.000000 -1.000000
    outer loop
      vertex 42.974684 34.915254 0.000000
      vertex 42.974684 35.423729 0.000000
      vertex 45.000000 35.423729 0.000000
    endloop
  endfacet
  facet normal 0.000000 0.000000 1.000000
    outer loop
      vertex 42.974684 34.915254 0.400000
      vertex 45.000000 34.915254 0.400000
      vertex 45.000000 35.423729 0.400000
    endloop
  endfacet
  facet normal 0.000000 0.000000 1.000000
    outer loop
      vertex 42.974684 34.915254 0.400000
      vertex 45.000000 35.423729 0.400000
      vertex 42.974684 35.423729 0.400000
    endloop
  endfacet
  facet normal 0.000000 -1.000000 0.000000
    outer loop
      vertex 42.974684 34.915254 0.000000
      vertex 45.000000 34.915254 0.000000
      vertex 45.000000 34.915254 0.400000
    endloop
  endfacet
  facet normal 0.000000 -1.000000 0.000000
    outer loop
      vertex 42.974684 34.915254 0.000000
      vertex 45.000000 34.915254 0.400000
      vertex 42.974684 34.915254 0.400000
    endloop
  endfacet
  facet normal 0.000000 1.000000 0.000000
    outer loop
      vertex 42.974684 35.423729 0.000000
      vertex 45.000000 35.423729 0.400000
      vertex 45.000000 35.423729 0.000000
    endloop
  endfacet
  facet normal 0.000000 1.000000 0.000000
    outer loop
      vertex 42.974684 35.423729 0.000000
      vertex 42.974684 35.423729 0.400000
      vertex 45.000000 35.423729 0.400000
    endloop
  endfacet
  facet normal -1.000000 0.000000 0.000000
    outer loop
      vertex 42.974684 34.915254 0.000000
      vertex 42.974684 34.915254 0.400000
      vertex 42.974684 35.423729 0.400000
    endloop
  endfacet
  facet normal -1.000000 0.000000 0.000000
    outer loop
      vertex 42.974684 34.915254 0.000000
      vertex 42.974684 35.423729 0.400000
      vertex 42.974684 35.423729 0.000000
    endloop
  endfacet
  facet normal 1.000000 0.000000 0.000000
    outer loop
      vertex 45.000000 34.915254 0.000000
      vertex 45.000000 35.423729 0.000000
      vertex 45.000000 35.423729 0.400000
    endloop
  endfacet
  facet normal 1.000000 0.000000 0.000000
    outer loop
      vertex 45.000000 34.915254 0.000000
      vertex 45.000000 35.423729 0.400000
      vertex 45.000000 34.915254 0.400000
    endloop
  endfacet
  facet normal 0.000000 0.000000 -1.000000
    outer loop
      vertex 5.000000 34.406780 0.000000
      vertex 10.063291 34.915254 0.000000
      vertex 10.063291 34.406780 0.000000
    endloop
  endfacet
  facet normal 0.000000 0.000000 -1.000000
    outer loop
      vertex 5.000000 34.406780 0.000000
      vertex 5.000000 34.915254 0.000000
      vertex 10.063291 34.915254 0.000000
    endloop
  endfacet
  facet normal 0.000000 0.000000 1.000000
    outer loop
      vertex 5.000000 34.406780 0.400000
      vertex 10.063291 34.406780 0.400000
      vertex 10.063291 34.915254 0.400000
    endloop
  endfacet
  facet normal 0.000000 0.000000 1.000000
    outer loop
      vertex 5.000000 34.406780 0.400000
      vertex 10.063291 34.915254 0.400000
      vertex 5.000000 34.915254 0.400000
    endloop
  endfacet
  facet normal 0.000000 -1.000000 0.000000
    outer loop
      vertex 5.000000 34.406780 0.000000
      vertex 10.063291 34.406780 0.000000
      vertex 10.063291 34.406780 0.400000
    endloop
  endfacet
  facet normal 0.000000 -1.000000 0.000000
    outer loop
      vertex 5.000000 34.406780 0.000000
      vertex 10.063291 34.406780 0.400000
      vertex 5.000000 34.406780 0.400000
    endloop
  endfacet
  facet normal 0.000000 1.000000 0.000000
    outer loop
      vertex 5.000000 34.915254 0.000000
      vertex 10.063291 34.915254 0.400000
      vertex 10.063291 34.915254 0.000000
    endloop
  endfacet
  facet normal 0.000000 1.000000 0.000000
    outer loop
      vertex 5.000000 34.915254 0.000000
      vertex 5.000000 34.915254 0.400000
      vertex 10.063291 34.915254 0.400000
    endloop
  endfacet
  facet normal -1.000000 0.000000 0.000000
    outer loop
      vertex 5.000000 34.406780 0.000000
      vertex 5.000000 34.406780 0.400000
      vertex 5.000000 34.915254 0.400000
    endloop
  endfacet
  facet normal -1.000000 0.000000 0.000000
    outer loop
      vertex 5.000000 34.406780 0.000000
      vertex 5.000000 34.915254 0.400000
      vertex 5.000000 34.915254 0.000000
    endloop
  endfacet
  facet normal 1.000000 0.000000 0.000000
    outer loop
      vertex 10.063291 34.406780 0.000000
      vertex 10.063291 34.915254 0.000000
      vertex 10.063291 34.915254 0.400000
    endloop
  endfacet
  facet normal 1.000000 0.000000 0.000000
    outer loop
      vertex 10.063291 34.406780 0.000000
      vertex 10.063291 34.915254 0.400000
      vertex 10.063291 34.406780 0.400000
    endloop
  endfacet
  facet normal 0.000000 0.000000 -1.000000
    outer loop
      vertex 12.594937 34.406780 0.000000
      vertex 13.101266 34.915254 0.000000
      vertex 13.101266 34.406780 0.000000
    endloop
  endfacet
  facet normal 0.000000 0.000000 -1.000000
    outer loop
      vertex 12.594937 34.406780 0.000000
      vertex 12.594937 34.915254 0.000000
      vertex 13.101266 34.915254 0.000000
    endloop
  endfacet
  facet normal 0.000000 0.000000 1.000000
    outer loop
      vertex 12.594937 34.406780 0.400000
      vertex 13.101266 34.406780 0.400000
      vertex 13.101266 34.915254 0.400000
    endloop
  endfacet
  facet normal 0.000000 0.000000 1.000000
    outer loop
      vertex 12.594937 34.406780 0.400000
      vertex 13.101266 34.915254 0.400000
      vertex 12.594937 34.915254 0.400000
    endloop
  endfacet
  facet normal 0.000000 -1.000000 0.000000
    outer loop
      vertex 12.594937 34.406780 0.000000
      vertex 13.101266 34.406780 0.000000
      vertex 13.101266 34.406780 0.400000
    endloop
  endfacet
  facet normal 0.000000 -1.000000 0.000000
    outer loop
      vertex 12.594937 34.406780 0.000000
      vertex 13.101266 34.406780 0.400000
      vertex 12.594937 34.406780 0.400000
    endloop
  endfacet
  facet normal 0.000000 1.000000 0.000000
    outer loop
      vertex 12.594937 34.915254 0.000000
      vertex 13.101266 34.915254 0.400000
      vertex 13.101266 34.915254 0.000000
    endloop
  endfacet
  facet normal 0.000000 1.000000 0.000000
    outer loop
      vertex 12.594937 34.915254 0.000000
      vertex 12.594937 34.915254 0.400000
      vertex 13.101266 34.915254 0.400000
    endloop
  endfacet
  facet normal -1.000000 0.000000 0.000000
    outer loop
      vertex 12.594937 34.406780 0.000000
      vertex 12.594937 34.406780 0.400000
      vertex 12.594937 34.915254 0.400000
    endloop
  endfacet
  facet normal -1.000000 0.000000 0.000000
    outer loop
      vertex 12.594937 34.406780 0.000000
      vertex 12.594937 34.915254 0.400000
      vertex 12.594937 34.915254 0.000000
    endloop
  endfacet
  facet normal 1.000000 0.000000 0.000000
    outer loop
      vertex 13.101266 34.406780 0.000000
      vertex 13.101266 34.915254 0.000000
      vertex 13.101266 34.915254 0.400000
    endloop
  endfacet
  facet normal 1.000000 0.000000 0.000000
    outer loop
      vertex 13.101266 34.406780 0.000000
      vertex 13.101266 34.915254 0.400000
      vertex 13.101266 34.406780 0.400000
    endloop
  endfacet
  facet normal 0.000000 0.000000 -1.000000
    outer loop
      vertex 15.632911 34.406780 0.000000
      vertex 21.708861 34.915254 0.000000
      vertex 21.708861 34.406780 0.000000
    endloop
  endfacet
  facet normal 0.000000 0.000000 -1.000000
    outer loop
      vertex 15.632911 34.406780 0.000000
      vertex 15.632911 34.915254 0.000000
      vertex 21.708861 34.915254 0.000000
    endloop
  endfacet
  facet normal 0.000000 0.000000 1.000000
    outer loop
      vertex 15.632911 34.406780 0.400000
      vertex 21.708861 34.406780 0.400000
      vertex 21.708861 34.915254 0.400000
    endloop
  endfacet
  facet normal 0.000000 0.000000 1.000000
    outer loop
      vertex 15.632911 34.406780 0.400000
      vertex 21.708861 34.915254 0.400000
      vertex 15.632911 34.915254 0.400000
    endloop
  endfacet
  facet normal 0.000000 -1.000000 0.000000
    outer loop
      vertex 15.632911 34.406780 0.000000
      vertex 21.708861 34.406780 0.000000
      vertex 21.708861 34.406780 0.400000
    endloop
  endfacet
  facet normal 0.000000 -1.000000 0.000000
    outer loop
      vertex 15.632911 34.406780 0.000000
      vertex 21.708861 34.406780 0.400000
      vertex 15.632911 34.406780 0.400000
    endloop
  endfacet
  facet normal 0.000000 1.000000 0.000000
    outer loop
      vertex 15.632911 34.915254 0.000000
      vertex 21.708861 34.915254 0.400000
      vertex 21.708861 34.915254 0.000000
    endloop
  endfacet
  facet normal 0.000000 1.000000 0.000000
    outer loop
      vertex 15.632911 34.915254 0.000000
      vertex 15.632911 34.915254 0.400000
      vertex 21.708861 34.915254 0.400000
    endloop
  endfacet
  facet normal -1.000000 0.000000 0.000000
    outer loop
      vertex 15.632911 34.406780 0.000000
      vertex 15.632911 34.406780 0.400000
      vertex 15.632911 34.915254 0.400000
    endloop
  endfacet
  facet normal -1.000000 0.000000 0.000000
    outer loop
      vertex 15.632911 34.406780 0.000000
      vertex 15.632911 34.915254 0.400000
      vertex 15.632911 34.915254 0.000000
    endloop
  endfacet
  facet normal 1.000000 0.000000 0.000000
    outer loop
      vertex 21.708861 34.406780 0.000000
      vertex 21.708861 34.915254 0.000000
      vertex 21.708861 34.915254 0.400000
    endloop
  endfacet
  facet normal 1.000000 0.000000 0.000000
    outer loop
      vertex 21.708861 34.406780 0.000000
      vertex 21.708861 34.915254 0.400000
      vertex 21.708861 34.406780 0.400000
    endloop
  endfacet
  facet normal 0.000000 0.000000 -1.000000
    outer loop
      vertex 24.240506 34.406780 0.000000
      vertex 27.784810 34.915254 0.000000
      vertex 27.784810 34.406780 0.000000
    endloop
  endfacet
  facet normal 0.000000 0.000000 -1.000000
    outer loop
      vertex 24.240506 34.406780 0.000000
      vertex 24.240506 34.915254 0.000000
      vertex 27.784810 34.915254 0.000000
    endloop
  endfacet
  facet normal 0.000000 0.000000 1.000000
    outer loop
      vertex 24.240506 34.406780 0.400000
      vertex 27.784810 34.406780 0.400000
      vertex 27.784810 34.915254 0.400000
    endloop
  endfacet
  facet normal 0.000000 0.000000 1.000000
    outer loop
      vertex 24.240506 34.406780 0.400000
      vertex 27.784810 34.915254 0.400000
      vertex 24.240506 34.915254 0.400000
    endloop
  endfacet
  facet normal 0.000000 -1.000000 0.000000
    outer loop
      vertex 24.240506 34.406780 0.000000
      vertex 27.784810 34.406780 0.000000
      vertex 27.784810 34.406780 0.400000
    endloop
  endfacet
  facet normal 0.000000 -1.000000 0.000000
    outer loop
      vertex 24.240506 34.406780 0.000000
      vertex 27.784810 34.406780 0.400000
      vertex 24.240506 34.406780 0.400000
    endloop
  endfacet
  facet normal 0.000000 1.000000 0.000000
    outer loop
      vertex 24.240506 34.915254 0.000000
      vertex 27.784810 34.915254 0.400000
      vertex 27.784810 34.915254 0.000000
    endloop
  endfacet
  facet normal 0.000000 1.000000 0.000000
    outer loop
      vertex 24.240506 34.915254 0.000000
      vertex 24.240506 34.915254 0.400000
      vertex 27.784810 34.915254 0.400000
    endloop
  endfacet
  facet normal -1.000000 0.000000 0.000000
    outer loop
      vertex 24.240506 34.406780 0.000000
      vertex 24.240506 34.406780 0.400000
      vertex 24.240506 34.915254 0.400000
    endloop
  endfacet
  facet normal -1.000000 0.000000 0.000000
    outer loop
      vertex 24.240506 34.406780 0.000000
      vertex 24.240506 34.915254 0.400000
      vertex 24.240506 34.915254 0.000000
    endloop
  endfacet
  facet normal 1.000000 0.000000 0.000000
    outer loop
      vertex 27.784810 34.406780 0.000000
      vertex 27.784810 34.915254 0.000000
      vertex 27.784810 34.915254 0.400000
    endloop
  endfacet
  facet normal 1.000000 0.000000 0.000000
    outer loop
      vertex 27.784810 34.406780 0.000000
      vertex 27.784810 34.915254 0.400000
      vertex 27.784810 34.406780 0.400000
    endloop
  endfacet
  facet normal 0.000000 0.000000 -1.000000
    outer loop
      vertex 29.810127 34.406780 0.000000
      vertex 30.316456 34.915254 0.000000
      vertex 30.316456 34.406780 0.000000
    endloop
  endfacet
  facet normal 0.000000 0.000000 -1.000000
    outer loop
      vertex 29.810127 34.406780 0.000000
      vertex 29.810127 34.915254 0.000000
      vertex 30.316456 34.915254 0.000000
    endloop
  endfacet
  facet normal 0.000000 0.000000 1.000000
    outer loop
      vertex 29.810127 34.406780 0.400000
      vertex 30.316456 34.406780 0.400000
      vertex 30.316456 34.915254 0.400000
    endloop
  endfacet
  facet normal 0.000000 0.000000 1.000000
    outer loop
      vertex 29.810127 34.406780 0.400000
      vertex 30.316456 34.915254 0.400000
      vertex 29.810127 34.915254 0.400000
    endloop
  endfacet
  facet normal 0.000000 -1.000000 0.000000
    outer loop
      vertex 29.810127 34.406780 0.000000
      vertex 30.316456 34.406780 0.000000
      vertex 30.316456 34.406780 0.400000
    endloop
  endfacet
  facet normal 0.000000 -1.000000 0.000000
    outer loop
      vertex 29.810127 34.406780 0.000000
      vertex 30.316456 34.406780 0.400000
      vertex 29.810127 34.406780 0.400000
    endloop
  endfacet
  facet normal 0.000000 1.000000 0.000000
    outer loop
      vertex 29.810127 34.915254 0.000000
      vertex 30.316456 34.915254 0.400000
      vertex 30.316456 34.915254 0.000000
    endloop
  endfacet
  facet normal 0.000000 1.000000 0.000000
    outer loop
      vertex 29.810127 34.915254 0.000000
      vertex 29.810127 34.915254 0.400000
      vertex 30.316456 34.915254 0.400000
    endloop
  endfacet
  facet normal -1.000000 0.000000 0.000000
    outer loop
      vertex 29.810127 34.406780 0.000000
      vertex 29.810127 34.406780 0.400000
      vertex 29.810127 34.915254 0.400000
    endloop
  endfacet
  facet normal -1.000000 0.000000 0.000000
    outer loop
      vertex 29.810127 34.406780 0.000000
      vertex 29.810127 34.915254 0.400000
      vertex 29.810127 34.915254 0.000000
    endloop
  endfacet
  facet normal 1.000000 0.000000 0.000000
    outer loop
      vertex 30.316456 34.406780 0.000000
      vertex 30.316456 34.915254 0.000000
      vertex 30.316456 34.915254 0.400000
    endloop
  endfacet
  facet normal 1.000000 0.000000 0.000000
    outer loop
      vertex 30.316456 34.406780 0.000000
      vertex 30.316456 34.915254 0.400000
      vertex 30.316456 34.406780 0.400000
    endloop
  endfacet
  facet normal 0.000000 0.000000 -1.000000
    outer loop
      vertex 32.341772 34.406780 0.000000
      vertex 35.886076 34.915254 0.000000
      vertex 35.886076 34.406780 0.000000
    endloop
  endfacet
  facet normal 0.000000 0.000000 -1.000000
    outer loop
      vertex 32.341772 34.406780 0.000000
      vertex 32.341772 34.915254 0.000000
      vertex 35.886076 34.915254 0.000000
    endloop
  endfacet
  facet normal 0.000000 0.000000 1.000000
    outer loop
      vertex 32.341772 34.406780 0.400000
      vertex 35.886076 34.406780 0.400000
      vertex 35.886076 34.915254 0.400000
    endloop
  endfacet
  facet normal 0.000000 0.000000 1.000000
    outer loop
      vertex 32.341772 34.406780 0.400000
      vertex 35.886076 34.915254 0.400000
      vertex 32.341772 34.915254 0.400000
    endloop
  endfacet
  facet normal 0.000000 -1.000000 0.000000
    outer loop
      vertex 32.341772 34.406780 0.000000
      vertex 35.886076 34.406780 0.000000
      vertex 35.886076 34.406780 0.400000
    endloop
  endfacet
  facet normal 0.000000 -1.000000 0.000000
    outer loop
      vertex 32.341772 34.406780 0.000000
      vertex 35.886076 34.406780 0.400000
      vertex 32.341772 34.406780 0.400000
    endloop
  endfacet
  facet normal 0.000000 1.000000 0.000000
    outer loop
      vertex 32.341772 34.915254 0.000000
      vertex 35.886076 34.915254 0.400000
      vertex 35.886076 34.915254 0.000000
    endloop
  endfacet
  facet normal 0.000000 1.000000 0.000000
    outer loop
      vertex 32.341772 34.915254 0.000000
      vertex 32.341772 34.915254 0.400000
      vertex 35.886076 34.915254 0.400000
    endloop
  endfacet
  facet normal -1.000000 0.000000 0.000000
    outer loop
      vertex 32.341772 34.406780 0.000000
      vertex 32.341772 34.406780 0.400000
      vertex 32.341772 34.915254 0.400000
    endloop
  endfacet
  facet normal -1.000000 0.000000 0.000000
    outer loop
      vertex 32.341772 34.406780 0.000000
      vertex 32.341772 34.915254 0.400000
      vertex 32.341772 34.915254 0.000000
    endloop
  endfacet
  facet normal 1.000000 0.000000 0.000000
    outer loop
      vertex 35.886076 34.406780 0.000000
      vertex 35.886076 34.915254 0.000000
      vertex 35.886076 34.915254 0.400000
    endloop
  endfacet
  facet normal 1.000000 0.000000 0.000000
    outer loop
      vertex 35.886076 34.406780 0.000000
      vertex 35.886076 34.915254 0.400000
      vertex 35.886076 34.406780 0.400000
    endloop
  endfacet
  facet normal 0.000000 0.000000 -1.000000
    outer loop
      vertex 38.417722 34.406780 0.000000
      vertex 40.443038 34.915254 0.000000
      vertex 40.443038 34.406780 0.000000
    endloop
  endfacet
  facet normal 0.000000 0.000000 -1.000000
    outer loop
      vertex 38.417722 34.406780 0.000000
      vertex 38.417722 34.915254 0.000000
      vertex 40.443038 34.915254 0.000000
    endloop
  endfacet
  facet normal 0.000000 0.000000 1.000000
    outer loop
      vertex 38.417722 34.406780 0.400000
      vertex 40.443038 34.406780 0.400000
      vertex 40.443038 34.915254 0.400000
    endloop
  endfacet
  facet normal 0.000000 0.000000 1.000000
    outer loop
      vertex 38.417722 34.406780 0.400000
      vertex 40.443038 34.915254 0.400000
      vertex 38.417722 34.915254 0.400000
    endloop
  endfacet
  facet normal 0.000000 -1.000000 0.000000
    outer loop
      vertex 38.417722 34.406780 0.000000
      vertex 40.443038 34.406780 0.000000
      vertex 40.443038 34.406780 0.400000
    endloop
  endfacet
  facet normal 0.000000 -1.000000 0.000000
    outer loop
      vertex 38.417722 34.406780 0.000000
      vertex 40.443038 34.406780 0.400000
      vertex 38.417722 34.406780 0.400000
    endloop
  endfacet
  facet normal 0.000000 1.000000 0.000000
    outer loop
      vertex 38.417722 34.915254 0.000000
      vertex 40.443038 34.915254 0.400000
      vertex 40.443038 34.915254 0.000000
    endloop
  endfacet
  facet normal 0.000000 1.000000 0.000000
    outer loop
      vertex 38.417722 34.915254 0.000000
      vertex 38.417722 34.915254 0.400000
      vertex 40.443038 34.915254 0.400000
    endloop
  endfacet
  facet normal -1.000000 0.000000 0.000000
    outer loop
      vertex 38.417722 34.406780 0.000000
      vertex 38.417722 34.406780 0.400000
      vertex 38.417722 34.915254 0.400000
    endloop
  endfacet
  facet normal -1.000000 0.000000 0.000000
    outer loop
      vertex 38.417722 34.406780 0.000000
      vertex 38.417722 34.915254 0.400000
      vertex 38.417722 34.915254 0.000000
    endloop
  endfacet
  facet normal 1.000000 0.000000 0.000000
    outer loop
      vertex 40.443038 34.406780 0.000000
      vertex 40.443038 34.915254 0.000000
      vertex 40.443038 34.915254 0.400000
    endloop
  endfacet
  facet normal 1.000000 0.000000 0.000000
    outer loop
      vertex 40.443038 34.406780 0.000000
      vertex 40.443038 34.915254 0.400000
      vertex 40.443038 34.406780 0.400000
    endloop
  endfacet
  facet normal 0.000000 0.000000 -1.000000
    outer loop
      vertex 42.974684 34.406780 0.000000
      vertex 45.000000 34.915254 0.000000
      vertex 45.000000 34.406780 0.000000
    endloop
  endfacet
  facet normal 0.000000 0.000000 -1.000000
    outer loop
      vertex 42.974684 34.406780 0.000000
      vertex 42.974684 34.915254 0.000000
      vertex 45.000000 34.915254 0.000000
    endloop
  endfacet
  facet normal 0.000000 0.000000 1.000000
    outer loop
      vertex 42.974684 34.406780 0.400000
      vertex 45.000000 34.406780 0.400000
      vertex 45.000000 34.915254 0.400000
    endloop
  endfacet
  facet normal 0.000000 0.000000 1.000000
    outer loop
      vertex 42.974684 34.406780 0.400000
      vertex 45.000000 34.915254 0.400000
      vertex 42.974684 34.915254 0.400000
    endloop
  endfacet
  facet normal 0.000000 -1.000000 0.000000
    outer loop
      vertex 42.974684 34.406780 0.000000
      vertex 45.000000 34.406780 0.000000
      vertex 45.000000 34.406780 0.400000
    endloop
  endfacet
  facet normal 0.000000 -1.000000 0.000000
    outer loop
      vertex 42.974684 34.406780 0.000000
      vertex 45.000000 34.406780 0.400000
      vertex 42.974684 34.406780 0.400000
    endloop
  endfacet
  facet normal 0.000000 1.000000 0.000000
    outer loop
      vertex 42.974684 34.915254 0.000000
      vertex 45.000000 34.915254 0.400000
      vertex 45.000000 34.915254 0.000000
    endloop
  endfacet
  facet normal 0.000000 1.000000 0.000000
    outer loop
      vertex 42.974684 34.915254 0.000000
      vertex 42.974684 34.915254 0.400000
      vertex 45.000000 34.915254 0.400000
    endloop
  endfacet
  facet normal -1.000000 0.000000 0.000000
    outer loop
      vertex 42.974684 34.406780 0.000000
      vertex 42.974684 34.406780 0.400000
      vertex 42.974684 34.915254 0.400000
    endloop
  endfacet
  facet normal -1.000000 0.000000 0.000000
    outer loop
      vertex 42.974684 34.406780 0.000000
      vertex 42.974684 34.915254 0.400000
      vertex 42.974684 34.915254 0.000000
    endloop
  endfacet
  facet normal 1.000000 0.000000 0.000000
    outer loop
      vertex 45.000000 34.406780 0.000000
      vertex 45.000000 34.915254 0.000000
      vertex 45.000000 34.915254 0.400000
    endloop
  endfacet
  facet normal 1.000000 0.000000 0.000000
    outer loop
      vertex 45.000000 34.406780 0.000000
      vertex 45.000000 34.915254 0.400000
      vertex 45.000000 34.406780 0.400000
    endloop
  endfacet
  facet normal 0.000000 0.000000 -1.000000
    outer loop
      vertex 5.000000 33.898305 0.000000
      vertex 10.569620 34.406780 0.000000
      vertex 10.569620 33.898305 0.000000
    endloop
  endfacet
  facet normal 0.000000 0.000000 -1.000000
    outer loop
      vertex 5.000000 33.898305 0.000000
      vertex 5.000000 34.406780 0.000000
      vertex 10.569620 34.406780 0.000000
    endloop
  endfacet
  facet normal 0.000000 0.000000 1.000000
    outer loop
      vertex 5.000000 33.898305 0.400000
      vertex 10.569620 33.898305 0.400000
      vertex 10.569620 34.406780 0.400000
    endloop
  endfacet
  facet normal 0.000000 0.000000 1.000000
    outer loop
      vertex 5.000000 33.898305 0.400000
      vertex 10.569620 34.406780 0.400000
      vertex 5.000000 34.406780 0.400000
    endloop
  endfacet
  facet normal 0.000000 -1.000000 0.000000
    outer loop
      vertex 5.000000 33.898305 0.000000
      vertex 10.569620 33.898305 0.000000
      vertex 10.569620 33.898305 0.400000
    endloop
  endfacet
  facet normal 0.000000 -1.000000 0.000000
    outer loop
      vertex 5.000000 33.898305 0.000000
      vertex 10.569620 33.898305 0.400000
      vertex 5.000000 33.898305 0.400000
    endloop
  endfacet
  facet normal 0.000000 1.000000 0.000000
    outer loop
      vertex 5.000000 34.406780 0.000000
      vertex 10.569620 34.406780 0.400000
      vertex 10.569620 34.406780 0.000000
    endloop
  endfacet
  facet normal 0.000000 1.000000 0.000000
    outer loop
      vertex 5.000000 34.406780 0.000000
      vertex 5.000000 34.406780 0.400000
      vertex 10.569620 34.406780 0.400000
    endloop
  endfacet
  facet normal -1.000000 0.000000 0.000000
    outer loop
      vertex 5.000000 33.898305 0.000000
      vertex 5.000000 33.898305 0.400000
      vertex 5.000000 34.406780 0.400000
    endloop
  endfacet
  facet normal -1.000000 0.000000 0.000000
    outer loop
      vertex 5.000000 33.898305 0.000000
      vertex 5.000000 34.406780 0.400000
      vertex 5.000000 34.406780 0.000000
    endloop
  endfacet
  facet normal 1.000000 0.000000 0.000000
    outer loop
      vertex 10.569620 33.898305 0.000000
      vertex 10.569620 34.406780 0.000000
      vertex 10.569620 34.406780 0.400000
    endloop
  endfacet
  facet normal 1.000000 0.000000 0.000000
    outer loop
      vertex 10.569620 33.898305 0.000000
      vertex 10.569620 34.406780 0.400000
      vertex 10.569620 33.898305 0.400000
    endloop
  endfacet
  facet normal 0.000000 0.000000 -1.000000
    outer loop
      vertex 15.632911 33.898305 0.000000
      vertex 22.215190 34.406780 0.000000
      vertex 22.215190 33.898305 0.000000
    endloop
  endfacet
  facet normal 0.000000 0.000000 -1.000000
    outer loop
      vertex 15.632911 33.898305 0.000000
      vertex 15.632911 34.406780 0.000000
      vertex 22.215190 34.406780 0.000000
    endloop
  endfacet
  facet normal 0.000000 0.000000 1.000000
    outer loop
      vertex 15.632911 33.898305 0.400000
      vertex 22.215190 33.898305 0.400000
      vertex 22.215190 34.406780 0.400000
    endloop
  endfacet
  facet normal 0.000000 0.000000 1.000000
    outer loop
      vertex 15.632911 33.898305 0.400000
      vertex 22.215190 34.406780 0.400000
      vertex 15.632911 34.406780 0.400000
    endloop
  endfacet
  facet normal 0.000000 -1.000000 0.000000
    outer loop
      vertex 15.632911 33.898305 0.000000
      vertex 22.215190 33.898305 0.000000
      vertex 22.215190 33.898305 0.400000
    endloop
  endfacet
  facet normal 0.000000 -1.000000 0.000000
    outer loop
      vertex 15.632911 33.898305 0.000000
      vertex 22.215190 33.898305 0.400000
      vertex 15.632911 33.898305 0.400000
    endloop
  endfacet
  facet normal 0.000000 1.000000 0.000000
    outer loop
      vertex 15.632911 34.406780 0.000000
      vertex 22.215190 34.406780 0.400000
      vertex 22.215190 34.406780 0.000000
    endloop
  endfacet
  facet normal 0.000000 1.000000 0.000000
    outer loop
      vertex 15.632911 34.406780 0.000000
      vertex 15.632911 34.406780 0.400000
      vertex 22.215190 34.406780 0.400000
    endloop
  endfacet
  facet normal -1.000000 0.000000 0.000000
    outer loop
      vertex 15.632911 33.898305 0.000000
      vertex 15.632911 33.898305 0.400000
      vertex 15.632911 34.406780 0.400000
    endloop
  endfacet
  facet normal -1.000000 0.000000 0.000000
    outer loop
      vertex 15.632911 33.898305 0.000000
      vertex 15.632911 34.406780 0.400000
      vertex 15.632911 34.406780 0.000000
    endloop
  endfacet
  facet normal 1.000000 0.000000 0.000000
    outer loop
      vertex 22.215190 33.898305 0.000000
      vertex 22.215190 34.406780 0.000000
      vertex 22.215190 34.406780 0.400000
    endloop
  endfacet
  facet normal 1.000000 0.000000 0.000000
    outer loop
      vertex 22.215190 33.898305 0.000000
      vertex 22.215190 34.406780 0.400000
      vertex 22.215190 33.898305 0.400000
    endloop
  endfacet
  facet normal 0.000000 0.000000 -1.000000
    outer loop
      vertex 24.240506 33.898305 0.000000
      vertex 27.784810 34.406780 0.000000
      vertex 27.784810 33.898305 0.000000
    endloop
  endfacet
  facet normal 0.000000 0.000000 -1.000000
    outer loop
      vertex 24.240506 33.898305 0.000000
      vertex 24.240506 34.406780 0.000000
      vertex 27.784810 34.406780 0.000000
    endloop
  endfacet
  facet normal 0.000000 0.000000 1.000000
    outer loop
      vertex 24.240506 33.898305 0.400000
      vertex 27.784810 33.898305 0.400000
      vertex 27.784810 34.406780 0.400000
    endloop
  endfacet
  facet normal 0.000000 0.000000 1.000000
    outer loop
      vertex 24.240506 33.898305 0.400000
      vertex 27.784810 34.406780 0.400000
      vertex 24.240506 34.406780 0.400000
    endloop
  endfacet
  facet normal 0.000000 -1.000000 0.000000
    outer loop
      vertex 24.240506 33.898305 0.000000
      vertex 27.784810 33.898305 0.000000
      vertex 27.784810 33.898305 0.400000
    endloop
  endfacet
  facet normal 0.000000 -1.000000 0.000000
    outer loop
      vertex 24.240506 33.898305 0.000000
      vertex 27.784810 33.898305 0.400000
      vertex 24.240506 33.898305 0.400000
    endloop
  endfacet
  facet normal 0.000000 1.000000 0.000000
    outer loop
      vertex 24.240506 34.406780 0.000000
      vertex 27.784810 34.406780 0.400000
      vertex 27.784810 34.406780 0.000000
    endloop
  endfacet
  facet normal 0.000000 1.000000 0.000000
    outer loop
      vertex 24.240506 34.406780 0.000000
      vertex 24.240506 34.406780 0.400000
      vertex 27.784810 34.406780 0.400000
    endloop
  endfacet
  facet normal -1.000000 0.000000 0.000000
    outer loop
      vertex 24.240506 33.898305 0.000000
      vertex 24.240506 33.898305 0.400000
      vertex 24.240506 34.406780 0.400000
    endloop
  endfacet
  facet normal -1.000000 0.000000 0.000000
    outer loop
      vertex 24.240506 33.898305 0.000000
      vertex 24.240506 34.406780 0.400000
      vertex 24.240506 34.406780 0.000000
    endloop
  endfacet
  facet normal 1.000000 0.000000 0.000000
    outer loop
      vertex 27.784810 33.898305 0.000000
      vertex 27.784810 34.406780 0.000000
      vertex 27.784810 34.406780 0.400000
    endloop
  endfacet
  facet normal 1.000000 0.000000 0.000000
    outer loop
      vertex 27.784810 33.898305 0.000000
      vertex 27.784810 34.406780 0.400000
      vertex 27.784810 33.898305 0.400000
    endloop
  endfacet
  facet normal 0.000000 0.000000 -1.000000
    outer loop
      vertex 29.810127 33.898305 0.000000
      vertex 30.316456 34.406780 0.000000
      vertex 30.316456 33.898305 0.000000
    endloop
  endfacet
  facet normal 0.000000 0.000000 -1.000000
    outer loop
      vertex 29.810127 33.898305 0.000000
      vertex 29.810127 34.406780 0.000000
      vertex 30.316456 34.406780 0.000000
    endloop
  endfacet
  facet normal 0.000000 0.000000 1.000000
    outer loop
      vertex 29.810127 33.898305 0.400000
      vertex 30.316456 33.898305 0.400000
      vertex 30.316456 34.406780 0.400000
    endloop
  endfacet
  facet normal 0.000000 0.000000 1.000000
    outer loop
      vertex 29.810127 33.898305 0.400000
      vertex 30.316456 34.406780 0.400000
      vertex 29.810127 34.406780 0.400000
    endloop
  endfacet
  facet normal 0.000000 -1.000000 0.000000
    outer loop
      vertex 29.810127 33.898305 0.000000
      vertex 30.316456 33.898305 0.000000
      vertex 30.316456 33.898305 0.400000
    endloop
  endfacet
  facet normal 0.000000 -1.000000 0.000000
    outer loop
      vertex 29.810127 33.898305 0.000000
      vertex 30.316456 33.898305 0.400000
      vertex 29.810127 33.898305 0.400000
    endloop
  endfacet
  facet normal 0.000000 1.000000 0.000000
    outer loop
      vertex 29.810127 34.406780 0.000000
      vertex 30.316456 34.406780 0.400000
      vertex 30.316456 34.406780 0.000000
    endloop
  endfacet
  facet normal 0.000000 1.000000 0.000000
    outer loop
      vertex 29.810127 34.406780 0.000000
      vertex 29.810127 34.406780 0.400000
      vertex 30.316456 34.406780 0.400000
    endloop
  endfacet
  facet normal -1.000000 0.000000 0.000000
    outer loop
      vertex 29.810127 33.898305 0.000000
      vertex 29.810127 33.898305 0.400000
      vertex 29.810127 34.406780 0.400000
    endloop
  endfacet
  facet normal -1.000000 0.000000 0.000000
    outer loop
      vertex 29.810127 33.898305 0.000000
      vertex 29.810127 34.406780 0.400000
      vertex 29.810127 34.406780 0.000000
    endloop
  endfacet
  facet normal 1.000000 0.000000 0.000000
    outer loop
      vertex 30.316456 33.898305 0.000000
      vertex 30.316456 34.406780 0.000000
      vertex 30.316456 34.406780 0.400000
    endloop
  endfacet
  facet normal 1.000000 0.000000 0.000000
    outer loop
      vertex 30.316456 33.898305 0.000000
      vertex 30.316456 34.406780 0.400000
      vertex 30.316456 33.898305 0.400000
    endloop
  endfacet
  facet normal 0.000000 0.000000 -1.000000
    outer loop
      vertex 32.848101 33.898305 0.000000
      vertex 35.886076 34.406780 0.000000
      vertex 35.886076 33.898305 0.000000
    endloop
  endfacet
  facet normal 0.000000 0.000000 -1.000000
    outer loop
      vertex 32.848101 33.898305 0.000000
      vertex 32.848101 34.406780 0.000000
      vertex 35.886076 34.406780 0.000000
    endloop
  endfacet
  facet normal 0.000000 0.000000 1.000000
    outer loop
      vertex 32.848101 33.898305 0.400000
      vertex 35.886076 33.898305 0.400000
      vertex 35.886076 34.406780 0.400000
    endloop
  endfacet
  facet normal 0.000000 0.000000 1.000000
    outer loop
      vertex 32.848101 33.898305 0.400000
      vertex 35.886076 34.406780 0.400000
      vertex 32.848101 34.406780 0.400000
    endloop
  endfacet
  facet normal 0.000000 -1.000000 0.000000
    outer loop
      vertex 32.848101 33.898305 0.000000
      vertex 35.886076 33.898305 0.000000
      vertex 35.886076 33.898305 0.400000
    endloop
  endfacet
  facet normal 0.000000 -1.000000 0.000000
    outer loop
      vertex 32.848101 33.898305 0.000000
      vertex 35.886076 33.898305 0.400000
      vertex 32.848101 33.898305 0.400000
    endloop
  endfacet
  facet normal 0.000000 1.000000 0.000000
    outer loop
      vertex 32.848101 34.406780 0.000000
      vertex 35.886076 34.406780 0.400000
      vertex 35.886076 34.406780 0.000000
    endloop
  endfacet
  facet normal 0.000000 1.000000 0.000000
    outer loop
      vertex 32.848101 34.406780 0.000000
      vertex 32.848101 34.406780 0.400000
      vertex 35.886076 34.406780 0.400000
    endloop
  endfacet
  facet normal -1.000000 0.000000 0.000000
    outer loop
      vertex 32.848101 33.898305 0.000000
      vertex 32.848101 33.898305 0.400000
      vertex 32.848101 34.406780 0.400000
    endloop
  endfacet
  facet normal -1.000000 0.000000 0.000000
    outer loop
      vertex 32.848101 33.898305 0.000000
      vertex 32.848101 34.406780 0.400000
      vertex 32.848101 34.406780 0.000000
    endloop
  endfacet
  facet normal 1.000000 0.000000 0.000000
    outer loop
      vertex 35.886076 33.898305 0.000000
      vertex 35.886076 34.406780 0.000000
      vertex 35.886076 34.406780 0.400000
    endloop
  endfacet
  facet normal 1.000000 0.000000 0.000000
    outer loop
      vertex 35.886076 33.898305 0.000000
      vertex 35.886076 34.406780 0.400000
      vertex 35.886076 33.898305 0.400000
    endloop
  endfacet
  facet normal 0.000000 0.000000 -1.000000
    outer loop
      vertex 38.417722 33.898305 0.000000
      vertex 40.443038 34.406780 0.000000
      vertex 40.443038 33.898305 0.000000
    endloop
  endfacet
  facet normal 0.000000 0.000000 -1.000000
    outer loop
      vertex 38.417722 33.898305 0.000000
      vertex 38.417722 34.406780 0.000000
      vertex 40.443038 34.406780 0.000000
    endloop
  endfacet
  facet normal 0.000000 0.000000 1.000000
    outer loop
      vertex 38.417722 33.898305 0.400000
      vertex 40.443038 33.898305 0.400000
      vertex 40.443038 34.406780 0.400000
    endloop
  endfacet
  facet normal 0.000000 0.000000 1.000000
    outer loop
      vertex 38.417722 33.898305 0.400000
      vertex 40.443038 34.406780 0.400000
      vertex 38.417722 34.406780 0.400000
    endloop
  endfacet
  facet normal 0.000000 -1.000000 0.000000
    outer loop
      vertex 38.417722 33.898305 0.000000
      vertex 40.443038 33.898305 0.000000
      vertex 40.443038 33.898305 0.400000
    endloop
  endfacet
  facet normal 0.000000 -1.000000 0.000000
    outer loop
      vertex 38.417722 33.898305 0.000000
      vertex 40.443038 33.898305 0.400000
      vertex 38.417722 33.898305 0.400000
    endloop
  endfacet
  facet normal 0.000000 1.000000 0.000000
    outer loop
      vertex 38.417722 34.406780 0.000000
      vertex 40.443038 34.406780 0.400000
      vertex 40.443038 34.406780 0.000000
    endloop
  endfacet
  facet normal 0.000000 1.000000 0.000000
    outer loop
      vertex 38.417722 34.406780 0.000000
      vertex 38.417722 34.406780 0.400000
      vertex 40.443038 34.406780 0.400000
    endloop
  endfacet
  facet normal -1.000000 0.000000 0.000000
    outer loop
      vertex 38.417722 33.898305 0.000000
      vertex 38.417722 33.898305 0.400000
      vertex 38.417722 34.406780 0.400000
    endloop
  endfacet
  facet normal -1.000000 0.000000 0.000000
    outer loop
      vertex 38.417722 33.898305 0.000000
      vertex 38.417722 34.406780 0.400000
      vertex 38.417722 34.406780 0.000000
    endloop
  endfacet
  facet normal 1.000000 0.000000 0.000000
    outer loop
      vertex 40.443038 33.898305 0.000000
      vertex 40.443038 34.406780 0.000000
      vertex 40.443038 34.406780 0.400000
    endloop
  endfacet
  facet normal 1.000000 0.000000 0.000000
    outer loop
      vertex 40.443038 33.898305 0.000000
      vertex 40.443038 34.406780 0.400000
      vertex 40.443038 33.898305 0.400000
    endloop
  endfacet
  facet normal 0.000000 0.000000 -1.000000
    outer loop
      vertex 42.974684 33.898305 0.000000
      vertex 45.000000 34.406780 0.000000
      vertex 45.000000 33.898305 0.000000
    endloop
  endfacet
  facet normal 0.000000 0.000000 -1.000000
    outer loop
      vertex 42.974684 33.898305 0.000000
      vertex 42.974684 34.406780 0.000000
      vertex 45.000000 34.406780 0.000000
    endloop
  endfacet
  facet normal 0.000000 0.000000 1.000000
    outer loop
      vertex 42.974684 33.898305 0.400000
      vertex 45.000000 33.898305 0.400000
      vertex 45.000000 34.406780 0.400000
    endloop
  endfacet
  facet normal 0.000000 0.000000 1.000000
    outer loop
      vertex 42.974684 33.898305 0.400000
      vertex 45.000000 34.406780 0.400000
      vertex 42.974684 34.406780 0.400000
    endloop
  endfacet
  facet normal 0.000000 -1.000000 0.000000
    outer loop
      vertex 42.974684 33.898305 0.000000
      vertex 45.000000 33.898305 0.000000
      vertex 45.000000 33.898305 0.400000
    endloop
  endfacet
  facet normal 0.000000 -1.000000 0.000000
    outer loop
      vertex 42.974684 33.898305 0.000000
      vertex 45.000000 33.898305 0.400000
      vertex 42.974684 33.898305 0.400000
    endloop
  endfacet
  facet normal 0.000000 1.000000 0.000000
    outer loop
      vertex 42.974684 34.406780 0.000000
      vertex 45.000000 34.406780 0.400000
      vertex 45.000000 34.406780 0.000000
    endloop
  endfacet
  facet normal 0.000000 1.000000 0.000000
    outer loop
      vertex 42.974684 34.406780 0.000000
      vertex 42.974684 34.406780 0.400000
      vertex 45.000000 34.406780 0.400000
    endloop
  endfacet
  facet normal -1.000000 0.000000 0.000000
    outer loop
      vertex 42.974684 33.898305 0.000000
      vertex 42.974684 33.898305 0.400000
      vertex 42.974684 34.406780 0.400000
    endloop
  endfacet
  facet normal -1.000000 0.000000 0.000000
    outer loop
      vertex 42.974684 33.898305 0.000000
      vertex 42.974684 34.406780 0.400000
      vertex 42.974684 34.406780 0.000000
    endloop
  endfacet
  facet normal 1.000000 0.000000 0.000000
    outer loop
      vertex 45.000000 33.898305 0.000000
      vertex 45.000000 34.406780 0.000000
      vertex 45.000000 34.406780 0.400000
    endloop
  endfacet
  facet normal 1.000000 0.000000 0.000000
    outer loop
      vertex 45.000000 33.898305 0.000000
      vertex 45.000000 34.406780 0.400000
      vertex 45.000000 33.898305 0.400000
    endloop
  endfacet
  facet normal 0.000000 0.000000 -1.000000
    outer loop
      vertex 5.000000 33.389831 0.000000
      vertex 11.075949 33.898305 0.000000
      vertex 11.075949 33.389831 0.000000
    endloop
  endfacet
  facet normal 0.000000 0.000000 -1.000000
    outer loop
      vertex 5.000000 33.389831 0.000000
      vertex 5.000000 33.898305 0.000000
      vertex 11.075949 33.898305 0.000000
    endloop
  endfacet
  facet normal 0.000000 0.000000 1.000000
    outer loop
      vertex 5.000000 33.389831 0.400000
      vertex 11.075949 33.389831 0.400000
      vertex 11.075949 33.898305 0.400000
    endloop
  endfacet
  facet normal 0.000000 0.000000 1.000000
    outer loop
      vertex 5.000000 33.389831 0.400000
      vertex 11.075949 33.898305 0.400000
      vertex 5.000000 33.898305 0.400000
    endloop
  endfacet
  facet normal 0.000000 -1.000000 0.000000
    outer loop
      vertex 5.000000 33.389831 0.000000
      vertex 11.075949 33.389831 0.000000
      vertex 11.075949 33.389831 0.400000
    endloop
  endfacet
  facet normal 0.000000 -1.000000 0.000000
    outer loop
      vertex 5.000000 33.389831 0.000000
      vertex 11.075949 33.389831 0.400000
      vertex 5.000000 33.389831 0.400000
    endloop
  endfacet
  facet normal 0.000000 1.000000 0.000000
    outer loop
      vertex 5.000000 33.898305 0.000000
      vertex 11.075949 33.898305 0.400000
      vertex 11.075949 33.898305 0.000000
    endloop
  endfacet
  facet normal 0.000000 1.000000 0.000000
    outer loop
      vertex 5.000000 33.898305 0.000000
      vertex 5.000000 33.898305 0.400000
      vertex 11.075949 33.898305 0.400000
    endloop
  endfacet
  facet normal -1.000000 0.000000 0.000000
    outer loop
      vertex 5.000000 33.389831 0.000000
      vertex 5.000000 33.389831 0.400000
      vertex 5.000000 33.898305 0.400000
    endloop
  endfacet
  facet normal -1.000000 0.000000 0.000000
    outer loop
      vertex 5.000000 33.389831 0.000000
      vertex 5.000000 33.898305 0.400000
      vertex 5.000000 33.898305 0.000000
    endloop
  endfacet
  facet normal 1.000000 0.000000 0.000000
    outer loop
      vertex 11.075949 33.389831 0.000000
      vertex 11.075949 33.898305 0.000000
      vertex 11.075949 33.898305 0.400000
    endloop
  endfacet
  facet normal 1.000000 0.000000 0.000000
    outer loop
      vertex 11.075949 33.389831 0.000000
      vertex 11.075949 33.898305 0.400000
      vertex 11.075949 33.389831 0.400000
    endloop
  endfacet
  facet normal 0.000000 0.000000 -1.000000
    outer loop
      vertex 15.632911 33.389831 0.000000
      vertex 22.215190 33.898305 0.000000
      vertex 22.215190 33.389831 0.000000
    endloop
  endfacet
  facet normal 0.000000 0.000000 -1.000000
    outer loop
      vertex 15.632911 33.389831 0.000000
      vertex 15.632911 33.898305 0.000000
      vertex 22.215190 33.898305 0.000000
    endloop
  endfacet
  facet normal 0.000000 0.000000 1.000000
    outer loop
      vertex 15.632911 33.389831 0.400000
      vertex 22.215190 33.389831 0.400000
      vertex 22.215190 33.898305 0.400000
    endloop
  endfacet
  facet normal 0.000000 0.000000 1.000000
    outer loop
      vertex 15.632911 33.389831 0.400000
      vertex 22.215190 33.898305 0.400000
      vertex 15.632911 33.898305 0.400000
    endloop
  endfacet
  facet normal 0.000000 -1.000000 0.000000
    outer loop
      vertex 15.632911 33.389831 0.000000
      vertex 22.215190 33.389831 0.000000
      vertex 22.215190 33.389831 0.400000
    endloop
  endfacet
  facet normal 0.000000 -1.000000 0.000000
    outer loop
      vertex 15.632911 33.389831 0.000000
      vertex 22.215190 33.389831 0.400000
      vertex 15.632911 33.389831 0.400000
    endloop
  endfacet
  facet normal 0.000000 1.000000 0.000000
    outer loop
      vertex 15.632911 33.898305 0.000000
      vertex 22.215190 33.898305 0.400000
      vertex 22.215190 33.898305 0.000000
    endloop
  endfacet
  facet normal 0.000000 1.000000 0.000000
    outer loop
      vertex 15.632911 33.898305 0.000000
      vertex 15.632911 33.898305 0.400000
      vertex 22.215190 33.898305 0.400000
    endloop
  endfacet
  facet normal -1.000000 0.000000 0.000000
    outer loop
      vertex 15.632911 33.389831 0.000000
      vertex 15.632911 33.389831 0.400000
      vertex 15.632911 33.898305 0.400000
    endloop
  endfacet
  facet normal -1.000000 0.000000 0.000000
    outer loop
      vertex 15.632911 33.389831 0.000000
      vertex 15.632911 33.898305 0.400000
      vertex 15.632911 33.898305 0.000000
    endloop
  endfacet
  facet normal 1.000000 0.000000 0.000000
    outer loop
      vertex 22.215190 33.389831 0.000000
      vertex 22.215190 33.898305 0.000000
      vertex 22.215190 33.898305 0.400000
    endloop
  endfacet
  facet normal 1.000000 0.000000 0.000000
    outer loop
      vertex 22.215190 33.389831 0.000000
      vertex 22.215190 33.898305 0.400000
      vertex 22.215190 33.389831 0.400000
    endloop
  endfacet
  facet normal 0.000000 0.000000 -1.000000
    outer loop
      vertex 24.746835 33.389831 0.000000
      vertex 27.278481 33.898305 0.000000
      vertex 27.278481 33.389831 0.000000
    endloop
  endfacet
  facet normal 0.000000 0.000000 -1.000000
    outer loop
      vertex 24.746835 33.389831 0.000000
      vertex 24.746835 33.898305 0.000000
      vertex 27.278481 33.898305 0.000000
    endloop
  endfacet
  facet normal 0.000000 0.000000 1.000000
    outer loop
      vertex 24.746835 33.389831 0.400000
      vertex 27.278481 33.389831 0.400000
      vertex 27.278481 33.898305 0.400000
    endloop
  endfacet
  facet normal 0.000000 0.000000 1.000000
    outer loop
      vertex 24.746835 33.389831 0.400000
      vertex 27.278481 33.898305 0.400000
      vertex 24.746835 33.898305 0.400000
    endloop
  endfacet
  facet normal 0.000000 -1.000000 0.000000
    outer loop
      vertex 24.746835 33.389831 0.000000
      vertex 27.278481 33.389831 0.000000
      vertex 27.278481 33.389831 0.400000
    endloop
  endfacet
  facet normal 0.000000 -1.000000 0.000000
    outer loop
      vertex 24.746835 33.389831 0.000000
      vertex 27.278481 33.389831 0.400000
      vertex 24.746835 33.389831 0.400000
    endloop
  endfacet
  facet normal 0.000000 1.000000 0.000000
    outer loop
      vertex 24.746835 33.898305 0.000000
      vertex 27.278481 33.898305 0.400000
      vertex 27.278481 33.898305 0.000000
    endloop
  endfacet
  facet normal 0.000000 1.000000 0.000000
    outer loop
      vertex 24.746835 33.898305 0.000000
      vertex 24.746835 33.898305 0.400000
      vertex 27.278481 33.898305 0.400000
    endloop
  endfacet
  facet normal -1.000000 0.000000 0.000000
    outer loop
      vertex 24.746835 33.389831 0.000000
      vertex 24.746835 33.389831 0.400000
      vertex 24.746835 33.898305 0.400000
    endloop
  endfacet
  facet normal -1.000000 0.000000 0.000000
    outer loop
      vertex 24.746835 33.389831 0.000000
      vertex 24.746835 33.898305 0.400000
      vertex 24.746835 33.898305 0.000000
    endloop
  endfacet
  facet normal 1.000000 0.000000 0.000000
    outer loop
      vertex 27.278481 33.389831 0.000000
      vertex 27.278481 33.898305 0.000000
      vertex 27.278481 33.898305 0.400000
    endloop
  endfacet
  facet normal 1.000000 0.000000 0.000000
    outer loop
      vertex 27.278481 33.389831 0.000000
      vertex 27.278481 33.898305 0.400000
      vertex 27.278481 33.389831 0.400000
    endloop
  endfacet
  facet normal 0.000000 0.000000 -1.000000
    outer loop
      vertex 29.810127 33.389831 0.000000
      vertex 30.822785 33.898305 0.000000
      vertex 30.822785 33.389831 0.000000
    endloop
  endfacet
  facet normal 0.000000 0.000000 -1.000000
    outer loop
      vertex 29.810127 33.389831 0.000000
      vertex 29.810127 33.898305 0.000000
      vertex 30.822785 33.898305 0.000000
    endloop
  endfacet
  facet normal 0.000000 0.000000 1.000000
    outer loop
      vertex 29.810127 33.389831 0.400000
      vertex 30.822785 33.389831 0.400000
      vertex 30.822785 33.898305 0.400000
    endloop
  endfacet
  facet normal 0.000000 0.000000 1.000000
    outer loop
      vertex 29.810127 33.389831 0.400000
      vertex 30.822785 33.898305 0.400000
      vertex 29.810127 33.898305 0.400000
    endloop
  endfacet
  facet normal 0.000000 -1.000000 0.000000
    outer loop
      vertex 29.810127 33.389831 0.000000
      vertex 30.822785 33.389831 0.000000
      vertex 30.822785 33.389831 0.400000
    endloop
  endfacet
  facet normal 0.000000 -1.000000 0.000000
    outer loop
      vertex 29.810127 33.389831 0.000000
      vertex 30.822785 33.389831 0.400000
      vertex 29.810127 33.389831 0.400000
    endloop
  endfacet
  facet normal 0.000000 1.000000 0.000000
    outer loop
      vertex 29.810127 33.898305 0.000000
      vertex 30.822785 33.898305 0.400000
      vertex 30.822785 33.898305 0.000000
    endloop
  endfacet
  facet normal 0.000000 1.000000 0.000000
    outer loop
      vertex 29.810127 33.898305 0.000000
      vertex 29.810127 33.898305 0.400000
      vertex 30.822785 33.898305 0.400000
    endloop
  endfacet
  facet normal -1.000000 0.000000 0.000000
    outer loop
      vertex 29.810127 33.389831 0.000000
      vertex 29.810127 33.389831 0.400000
      vertex 29.810127 33.898305 0.400000
    endloop
  endfacet
  facet normal -1.000000 0.000000 0.000000
    outer loop
      vertex 29.810127 33.389831 0.000000
      vertex 29.810127 33.898305 0.400000
      vertex 29.810127 33.898305 0.000000
    endloop
  endfacet
  facet normal 1.000000 0.000000 0.000000
    outer loop
      vertex 30.822785 33.389831 0.000000
      vertex 30.822785 33.898305 0.000000
      vertex 30.822785 33.898305 0.400000
    endloop
  endfacet
  facet normal 1.000000 0.000000 0.000000
    outer loop
      vertex 30.822785 33.389831 0.000000
      vertex 30.822785 33.898305 0.400000
      vertex 30.822785 33.389831 0.400000
    endloop
  endfacet
  facet normal 0.000000 0.000000 -1.000000
    outer loop
      vertex 32.848101 33.389831 0.000000
      vertex 36.392405 33.898305 0.000000
      vertex 36.392405 33.389831 0.000000
    endloop
  endfacet
  facet normal 0.000000 0.000000 -1.000000
    outer loop
      vertex 32.848101 33.389831 0.000000
      vertex 32.848101 33.898305 0.000000
      vertex 36.392405 33.898305 0.000000
    endloop
  endfacet
  facet normal 0.000000 0.000000 1.000000
    outer loop
      vertex 32.848101 33.389831 0.400000
      vertex 36.392405 33.389831 0.400000
      vertex 36.392405 33.898305 0.400000
    endloop
  endfacet
  facet normal 0.000000 0.000000 1.000000
    outer loop
      vertex 32.848101 33.389831 0.400000
      vertex 36.392405 33.898305 0.400000
      vertex 32.848101 33.898305 0.400000
    endloop
  endfacet
  facet normal 0.000000 -1.000000 0.000000
    outer loop
      vertex 32.848101 33.389831 0.000000
      vertex 36.392405 33.389831 0.000000
      vertex 36.392405 33.389831 0.400000
    endloop
  endfacet
  facet normal 0.000000 -1.000000 0.000000
    outer loop
      vertex 32.848101 33.389831 0.000000
      vertex 36.392405 33.389831 0.400000
      vertex 32.848101 33.389831 0.400000
    endloop
  endfacet
  facet normal 0.000000 1.000000 0.000000
    outer loop
      vertex 32.848101 33.898305 0.000000
      vertex 36.392405 33.898305 0.400000
      vertex 36.392405 33.898305 0.000000
    endloop
  endfacet
  facet normal 0.000000 1.000000 0.000000
    outer loop
      vertex 32.848101 33.898305 0.000000
      vertex 32.848101 33.898305 0.400000
      vertex 36.392405 33.898305 0.400000
    endloop
  endfacet
  facet normal -1.000000 0.000000 0.000000
    outer loop
      vertex 32.848101 33.389831 0.000000
      vertex 32.848101 33.389831 0.400000
      vertex 32.848101 33.898305 0.400000
    endloop
  endfacet
  facet normal -1.000000 0.000000 0.000000
    outer loop
      vertex 32.848101 33.389831 0.000000
      vertex 32.848101 33.898305 0.400000
      vertex 32.848101 33.898305 0.000000
    endloop
  endfacet
  facet normal 1.000000 0.000000 0.000000
    outer loop
      vertex 36.392405 33.389831 0.000000
      vertex 36.392405 33.898305 0.000000
      vertex 36.392405 33.898305 0.400000
    endloop
  endfacet
  facet normal 1.000000 0.000000 0.000000
    outer loop
      vertex 36.392405 33.389831 0.000000
      vertex 36.392405 33.898305 0.400000
      vertex 36.392405 33.389831 0.400000
    endloop
  endfacet
  facet normal 0.000000 0.000000 -1.000000
    outer loop
      vertex 42.974684 33.389831 0.000000
      vertex 45.000000 33.898305 0.000000
      vertex 45.000000 33.389831 0.000000
    endloop
  endfacet
  facet normal 0.000000 0.000000 -1.000000
    outer loop
      vertex 42.974684 33.389831 0.000000
      vertex 42.974684 33.898305 0.000000
      vertex 45.000000 33.898305 0.000000
    endloop
  endfacet
  facet normal 0.000000 0.000000 1.000000
    outer loop
      vertex 42.974684 33.389831 0.400000
      vertex 45.000000 33.389831 0.400000
      vertex 45.000000 33.898305 0.400000
    endloop
  endfacet
  facet normal 0.000000 0.000000 1.000000
    outer loop
      vertex 42.974684 33.389831 0.400000
      vertex 45.000000 33.898305 0.400000
      vertex 42.974684 33.898305 0.400000
    endloop
  endfacet
  facet normal 0.000000 -1.000000 0.000000
    outer loop
      vertex 42.974684 33.389831 0.000000
      vertex 45.000000 33.389831 0.000000
      vertex 45.000000 33.389831 0.400000
    endloop
  endfacet
  facet normal 0.000000 -1.000000 0.000000
    outer loop
      vertex 42.974684 33.389831 0.000000
      vertex 45.000000 33.389831 0.400000
      vertex 42.974684 33.389831 0.400000
    endloop
  endfacet
  facet normal 0.000000 1.000000 0.000000
    outer loop
      vertex 42.974684 33.898305 0.000000
      vertex 45.000000 33.898305 0.400000
      vertex 45.000000 33.898305 0.000000
    endloop
  endfacet
  facet normal 0.000000 1.000000 0.000000
    outer loop
      vertex 42.974684 33.898305 0.000000
      vertex 42.974684 33.898305 0.400000
      vertex 45.000000 33.898305 0.400000
    endloop
  endfacet
  facet normal -1.000000 0.000000 0.000000
    outer loop
      vertex 42.974684 33.389831 0.000000
      vertex 42.974684 33.389831 0.400000
      vertex 42.974684 33.898305 0.400000
    endloop
  endfacet
  facet normal -1.000000 0.000000 0.000000
    outer loop
      vertex 42.974684 33.389831 0.000000
      vertex 42.974684 33.898305 0.400000
      vertex 42.974684 33.898305 0.000000
    endloop
  endfacet
  facet normal 1.000000 0.000000 0.000000
    outer loop
      vertex 45.000000 33.389831 0.000000
      vertex 45.000000 33.898305 0.000000
      vertex 45.000000 33.898305 0.400000
    endloop
  endfacet
  facet normal 1.000000 0.000000 0.000000
    outer loop
      vertex 45.000000 33.389831 0.000000
      vertex 45.000000 33.898305 0.400000
      vertex 45.000000 33.389831 0.400000
    endloop
  endfacet
  facet normal 0.000000 0.000000 -1.000000
    outer loop
      vertex 5.000000 32.881356 0.000000
      vertex 11.582278 33.389831 0.000000
      vertex 11.582278 32.881356 0.000000
    endloop
  endfacet
  facet normal 0.000000 0.000000 -1.000000
    outer loop
      vertex 5.000000 32.881356 0.000000
      vertex 5.000000 33.389831 0.000000
      vertex 11.582278 33.389831 0.000000
    endloop
  endfacet
  facet normal 0.000000 0.000000 1.000000
    outer loop
      vertex 5.000000 32.881356 0.400000
      vertex 11.582278 32.881356 0.400000
      vertex 11.582278 33.389831 0.400000
    endloop
  endfacet
  facet normal 0.000000 0.000000 1.000000
    outer loop
      vertex 5.000000 32.881356 0.400000
      vertex 11.582278 33.389831 0.400000
      vertex 5.000000 33.389831 0.400000
    endloop
  endfacet
  facet normal 0.000000 -1.000000 0.000000
    outer loop
      vertex 5.000000 32.881356 0.000000
      vertex 11.582278 32.881356 0.000000
      vertex 11.582278 32.881356 0.400000
    endloop
  endfacet
  facet normal 0.000000 -1.000000 0.000000
    outer loop
      vertex 5.000000 32.881356 0.000000
      vertex 11.582278 32.881356 0.400000
      vertex 5.000000 32.881356 0.400000
    endloop
  endfacet
  facet normal 0.000000 1.000000 0.000000
    outer loop
      vertex 5.000000 33.389831 0.000000
      vertex 11.582278 33.389831 0.400000
      vertex 11.582278 33.389831 0.000000
    endloop
  endfacet
  facet normal 0.000000 1.000000 0.000000
    outer loop
      vertex 5.000000 33.389831 0.000000
      vertex 5.000000 33.389831 0.400000
      vertex 11.582278 33.389831 0.400000
    endloop
  endfacet
  facet normal -1.000000 0.000000 0.000000
    outer loop
      vertex 5.000000 32.881356 0.000000
      vertex 5.000000 32.881356 0.400000
      vertex 5.000000 33.389831 0.400000
    endloop
  endfacet
  facet normal -1.000000 0.000000 0.000000
    outer loop
      vertex 5.000000 32.881356 0.000000
      vertex 5.000000 33.389831 0.400000
      vertex 5.000000 33.389831 0.000000
    endloop
  endfacet
  facet normal 1.000000 0.000000 0.000000
    outer loop
      vertex 11.582278 32.881356 0.000000
      vertex 11.582278 33.389831 0.000000
      vertex 11.582278 33.389831 0.400000
    endloop
  endfacet
  facet normal 1.000000 0.000000 0.000000
    outer loop
      vertex 11.582278 32.881356 0.000000
      vertex 11.582278 33.389831 0.400000
      vertex 11.582278 32.881356 0.400000
    endloop
  endfacet
  facet normal 0.000000 0.000000 -1.000000
    outer loop
      vertex 15.632911 32.881356 0.000000
      vertex 22.215190 33.389831 0.000000
      vertex 22.215190 32.881356 0.000000
    endloop
  endfacet
  facet normal 0.000000 0.000000 -1.000000
    outer loop
      vertex 15.632911 32.881356 0.000000
      vertex 15.632911 33.389831 0.000000
      vertex 22.215190 33.389831 0.000000
    endloop
  endfacet
  facet normal 0.000000 0.000000 1.000000
    outer loop
      vertex 15.632911 32.881356 0.400000
      vertex 22.215190 32.881356 0.400000
      vertex 22.215190 33.389831 0.400000
    endloop
  endfacet
  facet normal 0.000000 0.000000 1.000000
    outer loop
      vertex 15.632911 32.881356 0.400000
      vertex 22.215190 33.389831 0.400000
      vertex 15.632911 33.389831 0.400000
    endloop
  endfacet
  facet normal 0.000000 -1.000000 0.000000
    outer loop
      vertex 15.632911 32.881356 0.000000
      vertex 22.215190 32.881356 0.000000
      vertex 22.215190 32.881356 0.400000
    endloop
  endfacet
  facet normal 0.000000 -1.000000 0.000000
    outer loop
      vertex 15.632911 32.881356 0.000000
      vertex 22.215190 32.881356 0.400000
      vertex 15.632911 32.881356 0.400000
    endloop
  endfacet
  facet normal 0.000000 1.000000 0.000000
    outer loop
      vertex 15.632911 33.389831 0.000000
      vertex 22.215190 33.389831 0.400000
      vertex 22.215190 33.389831 0.000000
    endloop
  endfacet
  facet normal 0.000000 1.000000 0.000000
    outer loop
      vertex 15.632911 33.389831 0.000000
      vertex 15.632911 33.389831 0.400000
      vertex 22.215190 33.389831 0.400000
    endloop
  endfacet
  facet normal -1.000000 0.000000 0.000000
    outer loop
      vertex 15.632911 32.881356 0.000000
      vertex 15.632911 32.881356 0.400000
      vertex 15.632911 33.389831 0.400000
    endloop
  endfacet
  facet normal -1.000000 0.000000 0.000000
    outer loop
      vertex 15.632911 32.881356 0.000000
      vertex 15.632911 33.389831 0.400000
      vertex 15.632911 33.389831 0.000000
    endloop
  endfacet
  facet normal 1.000000 0.000000 0.000000
    outer loop
      vertex 22.215190 32.881356 0.000000
      vertex 22.215190 33.389831 0.000000
      vertex 22.215190 33.389831 0.400000
    endloop
  endfacet
  facet normal 1.000000 0.000000 0.000000
    outer loop
      vertex 22.215190 32.881356 0.000000
      vertex 22.215190 33.389831 0.400000
      vertex 22.215190 32.881356 0.400000
    endloop
  endfacet
  facet normal 0.000000 0.000000 -1.000000
    outer loop
      vertex 24.746835 32.881356 0.000000
      vertex 27.278481 33.389831 0.000000
      vertex 27.278481 32.881356 0.000000
    endloop
  endfacet
  facet normal 0.000000 0.000000 -1.000000
    outer loop
      vertex 24.746835 32.881356 0.000000
      vertex 24.746835 33.389831 0.000000
      vertex 27.278481 33.389831 0.000000
    endloop
  endfacet
  facet normal 0.000000 0.000000 1.000000
    outer loop
      vertex 24.746835 32.881356 0.400000
      vertex 27.278481 32.881356 0.400000
      vertex 27.278481 33.389831 0.400000
    endloop
  endfacet
  facet normal 0.000000 0.000000 1.000000
    outer loop
      vertex 24.746835 32.881356 0.400000
      vertex 27.278481 33.389831 0.400000
      vertex 24.746835 33.389831 0.400000
    endloop
  endfacet
  facet normal 0.000000 -1.000000 0.000000
    outer loop
      vertex 24.746835 32.881356 0.000000
      vertex 27.278481 32.881356 0.000000
      vertex 27.278481 32.881356 0.400000
    endloop
  endfacet
  facet normal 0.000000 -1.000000 0.000000
    outer loop
      vertex 24.746835 32.881356 0.000000
      vertex 27.278481 32.881356 0.400000
      vertex 24.746835 32.881356 0.400000
    endloop
  endfacet
  facet normal 0.000000 1.000000 0.000000
    outer loop
      vertex 24.746835 33.389831 0.000000
      vertex 27.278481 33.389831 0.400000
      vertex 27.278481 33.389831 0.000000
    endloop
  endfacet
  facet normal 0.000000 1.000000 0.000000
    outer loop
      vertex 24.746835 33.389831 0.000000
      vertex 24.746835 33.389831 0.400000
      vertex 27.278481 33.389831 0.400000
    endloop
  endfacet
  facet normal -1.000000 0.000000 0.000000
    outer loop
      vertex 24.746835 32.881356 0.000000
      vertex 24.746835 32.881356 0.400000
      vertex 24.746835 33.389831 0.400000
    endloop
  endfacet
  facet normal -1.000000 0.000000 0.000000
    outer loop
      vertex 24.746835 32.881356 0.000000
      vertex 24.746835 33.389831 0.400000
      vertex 24.746835 33.389831 0.000000
    endloop
  endfacet
  facet normal 1.000000 0.000000 0.000000
    outer loop
      vertex 27.278481 32.881356 0.000000
      vertex 27.278481 33.389831 0.000000
      vertex 27.278481 33.389831 0.400000
    endloop
  endfacet
  facet normal 1.000000 0.000000 0.000000
    outer loop
      vertex 27.278481 32.881356 0.000000
      vertex 27.278481 33.389831 0.400000
      vertex 27.278481 32.881356 0.400000
    endloop
  endfacet
  facet normal 0.000000 0.000000 -1.000000
    outer loop
      vertex 29.303797 32.881356 0.000000
      vertex 30.822785 33.389831 0.000000
      vertex 30.822785 32.881356 0.000000
    endloop
  endfacet
  facet normal 0.000000 0.000000 -1.000000
    outer loop
      vertex 29.303797 32.881356 0.000000
      vertex 29.303797 33.389831 0.000000
      vertex 30.822785 33.389831 0.000000
    endloop
  endfacet
  facet normal 0.000000 0.000000 1.000000
    outer loop
      vertex 29.303797 32.881356 0.400000
      vertex 30.822785 32.881356 0.400000
      vertex 30.822785 33.389831 0.400000
    endloop
  endfacet
  facet normal 0.000000 0.000000 1.000000
    outer loop
      vertex 29.303797 32.881356 0.400000
      vertex 30.822785 33.389831 0.400000
      vertex 29.303797 33.389831 0.400000
    endloop
  endfacet
  facet normal 0.000000 -1.000000 0.000000
    outer loop
      vertex 29.303797 32.881356 0.000000
      vertex 30.822785 32.881356 0.000000
      vertex 30.822785 32.881356 0.400000
    endloop
  endfacet
  facet normal 0.000000 -1.000000 0.000000
    outer loop
      vertex 29.303797 32.881356 0.000000
      vertex 30.822785 32.881356 0.400000
      vertex 29.303797 32.881356 0.400000
    endloop
  endfacet
  facet normal 0.000000 1.000000 0.000000
    outer loop
      vertex 29.303797 33.389831 0.000000
      vertex 30.822785 33.389831 0.400000
      vertex 30.822785 33.389831 0.000000
    endloop
  endfacet
  facet normal 0.000000 1.000000 0.000000
    outer loop
      vertex 29.303797 33.389831 0.000000
      vertex 29.303797 33.389831 0.400000
      vertex 30.822785 33.389831 0.400000
    endloop
  endfacet
  facet normal -1.000000 0.000000 0.000000
    outer loop
      vertex 29.303797 32.881356 0.000000
      vertex 29.303797 32.881356 0.400000
      vertex 29.303797 33.389831 0.400000
    endloop
  endfacet
  facet normal -1.000000 0.000000 0.000000
    outer loop
      vertex 29.303797 32.881356 0.000000
      vertex 29.303797 33.389831 0.400000
      vertex 29.303797 33.389831 0.000000
    endloop
  endfacet
  facet normal 1.000000 0.000000 0.000000
    outer loop
      vertex 30.822785 32.881356 0.000000
      vertex 30.822785 33.389831 0.000000
      vertex 30.822785 33.389831 0.400000
    endloop
  endfacet
  facet normal 1.000000 0.000000 0.000000
    outer loop
      vertex 30.822785 32.881356 0.000000
      vertex 30.822785 33.389831 0.400000
      vertex 30.822785 32.881356 0.400000
    endloop
  endfacet
  facet normal 0.000000 0.000000 -1.000000
    outer loop
      vertex 32.848101 32.881356 0.000000
      vertex 36.898734 33.389831 0.000000
      vertex 36.898734 32.881356 0.000000
    endloop
  endfacet
  facet normal 0.000000 0.000000 -1.000000
    outer loop
      vertex 32.848101 32.881356 0.000000
      vertex 32.848101 33.389831 0.000000
      vertex 36.898734 33.389831 0.000000
    endloop
  endfacet
  facet normal 0.000000 0.000000 1.000000
    outer loop
      vertex 32.848101 32.881356 0.400000
      vertex 36.898734 32.881356 0.400000
      vertex 36.898734 33.389831 0.400000
    endloop
  endfacet
  facet normal 0.000000 0.000000 1.000000
    outer loop
      vertex 32.848101 32.881356 0.400000
      vertex 36.898734 33.389831 0.400000
      vertex 32.848101 33.389831 0.400000
    endloop
  endfacet
  facet normal 0.000000 -1.000000 0.000000
    outer loop
      vertex 32.848101 32.881356 0.000000
      vertex 36.898734 32.881356 0.000000
      vertex 36.898734 32.881356 0.400000
    endloop
  endfacet
  facet normal 0.000000 -1.000000 0.000000
    outer loop
      vertex 32.848101 32.881356 0.000000
      vertex 36.898734 32.881356 0.400000
      vertex 32.848101 32.881356 0.400000
    endloop
  endfacet
  facet normal 0.000000 1.000000 0.000000
    outer loop
      vertex 32.848101 33.389831 0.000000
      vertex 36.898734 33.389831 0.400000
      vertex 36.898734 33.389831 0.000000
    endloop
  endfacet
  facet normal 0.000000 1.000000 0.000000
    outer loop
      vertex 32.848101 33.389831 0.000000
      vertex 32.848101 33.389831 0.400000
      vertex 36.898734 33.389831 0.400000
    endloop
  endfacet
  facet normal -1.000000 0.000000 0.000000
    outer loop
      vertex 32.848101 32.881356 0.000000
      vertex 32.848101 32.881356 0.400000
      vertex 32.848101 33.389831 0.400000
    endloop
  endfacet
  facet normal -1.000000 0.000000 0.000000
    outer loop
      vertex 32.848101 32.881356 0.000000
      vertex 32.848101 33.389831 0.400000
      vertex 32.848101 33.389831 0.000000
    endloop
  endfacet
  facet normal 1.000000 0.000000 0.000000
    outer loop
      vertex 36.898734 32.881356 0.000000
      vertex 36.898734 33.389831 0.000000
      vertex 36.898734 33.389831 0.400000
    endloop
  endfacet
  facet normal 1.000000 0.000000 0.000000
    outer loop
      vertex 36.898734 32.881356 0.000000
      vertex 36.898734 33.389831 0.400000
      vertex 36.898734 32.881356 0.400000
    endloop
  endfacet
  facet normal 0.000000 0.000000 -1.000000
    outer loop
      vertex 42.974684 32.881356 0.000000
      vertex 45.000000 33.389831 0.000000
      vertex 45.000000 32.881356 0.000000
    endloop
  endfacet
  facet normal 0.000000 0.000000 -1.000000
    outer loop
      vertex 42.974684 32.881356 0.000000
      vertex 42.974684 33.389831 0.000000
      vertex 45.000000 33.389831 0.000000
    endloop
  endfacet
  facet normal 0.000000 0.000000 1.000000
    outer loop
      vertex 42.974684 32.881356 0.400000
      vertex 45.000000 32.881356 0.400000
      vertex 45.000000 33.389831 0.400000
    endloop
  endfacet
  facet normal 0.000000 0.000000 1.000000
    outer loop
      vertex 42.974684 32.881356 0.400000
      vertex 45.000000 33.389831 0.400000
      vertex 42.974684 33.389831 0.400000
    endloop
  endfacet
  facet normal 0.000000 -1.000000 0.000000
    outer loop
      vertex 42.974684 32.881356 0.000000
      vertex 45.000000 32.881356 0.000000
      vertex 45.000000 32.881356 0.400000
    endloop
  endfacet
  facet normal 0.000000 -1.000000 0.000000
    outer loop
      vertex 42.974684 32.881356 0.000000
      vertex 45.000000 32.881356 0.400000
      vertex 42.974684 32.881356 0.400000
    endloop
  endfacet
  facet normal 0.000000 1.000000 0.000000
    outer loop
      vertex 42.974684 33.389831 0.000000
      vertex 45.000000 33.389831 0.400000
      vertex 45.000000 33.389831 0.000000
    endloop
  endfacet
  facet normal 0.000000 1.000000 0.000000
    outer loop
      vertex 42.974684 33.389831 0.000000
      vertex 42.974684 33.389831 0.400000
      vertex 45.000000 33.389831 0.400000
    endloop
  endfacet
  facet normal -1.000000 0.000000 0.000000
    outer loop
      vertex 42.974684 32.881356 0.000000
      vertex 42.974684 32.881356 0.400000
      vertex 42.974684 33.389831 0.400000
    endloop
  endfacet
  facet normal -1.000000 0.000000 0.000000
    outer loop
      vertex 42.974684 32.881356 0.000000
      vertex 42.974684 33.389831 0.400000
      vertex 42.974684 33.389831 0.000000
    endloop
  endfacet
  facet normal 1.000000 0.000000 0.000000
    outer loop
      vertex 45.000000 32.881356 0.000000
      vertex 45.000000 33.389831 0.000000
      vertex 45.000000 33.389831 0.400000
    endloop
  endfacet
  facet normal 1.000000 0.000000 0.000000
    outer loop
      vertex 45.000000 32.881356 0.000000
      vertex 45.000000 33.389831 0.400000
      vertex 45.000000 32.881356 0.400000
    endloop
  endfacet
  facet normal 0.000000 0.000000 -1.000000
    outer loop
      vertex 5.000000 32.372881 0.000000
      vertex 11.075949 32.881356 0.000000
      vertex 11.075949 32.372881 0.000000
    endloop
  endfacet
  facet normal 0.000000 0.000000 -1.000000
    outer loop
      vertex 5.000000 32.372881 0.000000
      vertex 5.000000 32.881356 0.000000
      vertex 11.075949 32.881356 0.000000
    endloop
  endfacet
  facet normal 0.000000 0.000000 1.000000
    outer loop
      vertex 5.000000 32.372881 0.400000
      vertex 11.075949 32.372881 0.400000
      vertex 11.075949 32.881356 0.400000
    endloop
  endfacet
  facet normal 0.000000 0.000000 1.000000
    outer loop
      vertex 5.000000 32.372881 0.400000
      vertex 11.075949 32.881356 0.400000
      vertex 5.000000 32.881356 0.400000
    endloop
  endfacet
  facet normal 0.000000 -1.000000 0.000000
    outer loop
      vertex 5.000000 32.372881 0.000000
      vertex 11.075949 32.372881 0.000000
      vertex 11.075949 32.372881 0.400000
    endloop
  endfacet
  facet normal 0.000000 -1.000000 0.000000
    outer loop
      vertex 5.000000 32.372881 0.000000
      vertex 11.075949 32.372881 0.400000
      vertex 5.000000 32.372881 0.400000
    endloop
  endfacet
  facet normal 0.000000 1.000000 0.000000
    outer loop
      vertex 5.000000 32.881356 0.000000
      vertex 11.075949 32.881356 0.400000
      vertex 11.075949 32.881356 0.000000
    endloop
  endfacet
  facet normal 0.000000 1.000000 0.000000
    outer loop
      vertex 5.000000 32.881356 0.000000
      vertex 5.000000 32.881356 0.400000
      vertex 11.075949 32.881356 0.400000
    endloop
  endfacet
  facet normal -1.000000 0.000000 0.000000
    outer loop
      vertex 5.000000 32.372881 0.000000
      vertex 5.000000 32.372881 0.400000
      vertex 5.000000 32.881356 0.400000
    endloop
  endfacet
  facet normal -1.000000 0.000000 0.000000
    outer loop
      vertex 5.000000 32.372881 0.000000
      vertex 5.000000 32.881356 0.400000
      vertex 5.000000 32.881356 0.000000
    endloop
  endfacet
  facet normal 1.000000 0.000000 0.000000
    outer loop
      vertex 11.075949 32.372881 0.000000
      vertex 11.075949 32.881356 0.000000
      vertex 11.075949 32.881356 0.400000
    endloop
  endfacet
  facet normal 1.000000 0.000000 0.000000
    outer loop
      vertex 11.075949 32.372881 0.000000
      vertex 11.075949 32.881356 0.400000
      vertex 11.075949 32.372881 0.400000
    endloop
  endfacet
  facet normal 0.000000 0.000000 -1.000000
    outer loop
      vertex 15.632911 32.372881 0.000000
      vertex 22.215190 32.881356 0.000000
      vertex 22.215190 32.372881 0.000000
    endloop
  endfacet
  facet normal 0.000000 0.000000 -1.000000
    outer loop
      vertex 15.632911 32.372881 0.000000
      vertex 15.632911 32.881356 0.000000
      vertex 22.215190 32.881356 0.000000
    endloop
  endfacet
  facet normal 0.000000 0.000000 1.000000
    outer loop
      vertex 15.632911 32.372881 0.400000
      vertex 22.215190 32.372881 0.400000
      vertex 22.215190 32.881356 0.400000
    endloop
  endfacet
  facet normal 0.000000 0.000000 1.000000
    outer loop
      vertex 15.632911 32.372881 0.400000
      vertex 22.215190 32.881356 0.400000
      vertex 15.632911 32.881356 0.400000
    endloop
  endfacet
  facet normal 0.000000 -1.000000 0.000000
    outer loop
      vertex 15.632911 32.372881 0.000000
      vertex 22.215190 32.372881 0.000000
      vertex 22.215190 32.372881 0.400000
    endloop
  endfacet
  facet normal 0.000000 -1.000000 0.000000
    outer loop
      vertex 15.632911 32.372881 0.000000
      vertex 22.215190 32.372881 0.400000
      vertex 15.632911 32.372881 0.400000
    endloop
  endfacet
  facet normal 0.000000 1.000000 0.000000
    outer loop
      vertex 15.632911 32.881356 0.000000
      vertex 22.215190 32.881356 0.400000
      vertex 22.215190 32.881356 0.000000
    endloop
  endfacet
  facet normal 0.000000 1.000000 0.000000
    outer loop
      vertex 15.632911 32.881356 0.000000
      vertex 15.632911 32.881356 0.400000
      vertex 22.215190 32.881356 0.400000
    endloop
  endfacet
  facet normal -1.000000 0.000000 0.000000
    outer loop
      vertex 15.632911 32.372881 0.000000
      vertex 15.632911 32.372881 0.400000
      vertex 15.632911 32.881356 0.400000
    endloop
  endfacet
  facet normal -1.000000 0.000000 0.000000
    outer loop
      vertex 15.632911 32.372881 0.000000
      vertex 15.632911 32.881356 0.400000
      vertex 15.632911 32.881356 0.000000
    endloop
  endfacet
  facet normal 1.000000 0.000000 0.000000
    outer loop
      vertex 22.215190 32.372881 0.000000
      vertex 22.215190 32.881356 0.000000
      vertex 22.215190 32.881356 0.400000
    endloop
  endfacet
  facet normal 1.000000 0.000000 0.000000
    outer loop
      vertex 22.215190 32.372881 0.000000
      vertex 22.215190 32.881356 0.400000
      vertex 22.215190 32.372881 0.400000
    endloop
  endfacet
  facet normal 0.000000 0.000000 -1.000000
    outer loop
      vertex 24.746835 32.372881 0.000000
      vertex 27.278481 32.881356 0.000000
      vertex 27.278481 32.372881 0.000000
    endloop
  endfacet
  facet normal 0.000000 0.000000 -1.000000
    outer loop
      vertex 24.746835 32.372881 0.000000
      vertex 24.746835 32.881356 0.000000
      vertex 27.278481 32.881356 0.000000
    endloop
  endfacet
  facet normal 0.000000 0.000000 1.000000
    outer loop
      vertex 24.746835 32.372881 0.400000
      vertex 27.278481 32.372881 0.400000
      vertex 27.278481 32.881356 0.400000
    endloop
  endfacet
  facet normal 0.000000 0.000000 1.000000
    outer loop
      vertex 24.746835 32.372881 0.400000
      vertex 27.278481 32.881356 0.400000
      vertex 24.746835 32.881356 0.400000
    endloop
  endfacet
  facet normal 0.000000 -1.000000 0.000000
    outer loop
      vertex 24.746835 32.372881 0.000000
      vertex 27.278481 32.372881 0.000000
      vertex 27.278481 32.372881 0.400000
    endloop
  endfacet
  facet normal 0.000000 -1.000000 0.000000
    outer loop
      vertex 24.746835 32.372881 0.000000
      vertex 27.278481 32.372881 0.400000
      vertex 24.746835 32.372881 0.400000
    endloop
  endfacet
  facet normal 0.000000 1.000000 0.000000
    outer loop
      vertex 24.746835 32.881356 0.000000
      vertex 27.278481 32.881356 0.400000
      vertex 27.278481 32.881356 0.000000
    endloop
  endfacet
  facet normal 0.000000 1.000000 0.000000
    outer loop
      vertex 24.746835 32.881356 0.000000
      vertex 24.746835 32.881356 0.400000
      vertex 27.278481 32.881356 0.400000
    endloop
  endfacet
  facet normal -1.000000 0.000000 0.000000
    outer loop
      vertex 24.746835 32.372881 0.000000
      vertex 24.746835 32.372881 0.400000
      vertex 24.746835 32.881356 0.400000
    endloop
  endfacet
  facet normal -1.000000 0.000000 0.000000
    outer loop
      vertex 24.746835 32.372881 0.000000
      vertex 24.746835 32.881356 0.400000
      vertex 24.746835 32.881356 0.000000
    endloop
  endfacet
  facet normal 1.000000 0.000000 0.000000
    outer loop
      vertex 27.278481 32.372881 0.000000
      vertex 27.278481 32.881356 0.000000
      vertex 27.278481 32.881356 0.400000
    endloop
  endfacet
  facet normal 1.000000 0.000000 0.000000
    outer loop
      vertex 27.278481 32.372881 0.000000
      vertex 27.278481 32.881356 0.400000
      vertex 27.278481 32.372881 0.400000
    endloop
  endfacet
  facet normal 0.000000 0.000000 -1.000000
    outer loop
      vertex 29.303797 32.372881 0.000000
      vertex 30.822785 32.881356 0.000000
      vertex 30.822785 32.372881 0.000000
    endloop
  endfacet
  facet normal 0.000000 0.000000 -1.000000
    outer loop
      vertex 29.303797 32.372881 0.000000
      vertex 29.303797 32.881356 0.000000
      vertex 30.822785 32.881356 0.000000
    endloop
  endfacet
  facet normal 0.000000 0.000000 1.000000
    outer loop
      vertex 29.303797 32.372881 0.400000
      vertex 30.822785 32.372881 0.400000
      vertex 30.822785 32.881356 0.400000
    endloop
  endfacet
  facet normal 0.000000 0.000000 1.000000
    outer loop
      vertex 29.303797 32.372881 0.400000
      vertex 30.822785 32.881356 0.400000
      vertex 29.303797 32.881356 0.400000
    endloop
  endfacet
  facet normal 0.000000 -1.000000 0.000000
    outer loop
      vertex 29.303797 32.372881 0.000000
      vertex 30.822785 32.372881 0.000000
      vertex 30.822785 32.372881 0.400000
    endloop
  endfacet
  facet normal 0.000000 -1.000000 0.000000
    outer loop
      vertex 29.303797 32.372881 0.000000
      vertex 30.822785 32.372881 0.400000
      vertex 29.303797 32.372881 0.400000
    endloop
  endfacet
  facet normal 0.000000 1.000000 0.000000
    outer loop
      vertex 29.303797 32.881356 0.000000
      vertex 30.822785 32.881356 0.400000
      vertex 30.822785 32.881356 0.000000
    endloop
  endfacet
  facet normal 0.000000 1.000000 0.000000
    outer loop
      vertex 29.303797 32.881356 0.000000
      vertex 29.303797 32.881356 0.400000
      vertex 30.822785 32.881356 0.400000
    endloop
  endfacet
  facet normal -1.000000 0.000000 0.000000
    outer loop
      vertex 29.303797 32.372881 0.000000
      vertex 29.303797 32.372881 0.400000
      vertex 29.303797 32.881356 0.400000
    endloop
  endfacet
  facet normal -1.000000 0.000000 0.000000
    outer loop
      vertex 29.303797 32.372881 0.000000
      vertex 29.303797 32.881356 0.400000
      vertex 29.303797 32.881356 0.000000
    endloop
  endfacet
  facet normal 1.000000 0.000000 0.000000
    outer loop
      vertex 30.822785 32.372881 0.000000
      vertex 30.822785 32.881356 0.000000
      vertex 30.822785 32.881356 0.400000
    endloop
  endfacet
  facet normal 1.000000 0.000000 0.000000
    outer loop
      vertex 30.822785 32.372881 0.000000
      vertex 30.822785 32.881356 0.400000
      vertex 30.822785 32.372881 0.400000
    endloop
  endfacet
  facet normal 0.000000 0.000000 -1.000000
    outer loop
      vertex 33.354430 32.372881 0.000000
      vertex 36.392405 32.881356 0.000000
      vertex 36.392405 32.372881 0.000000
    endloop
  endfacet
  facet normal 0.000000 0.000000 -1.000000
    outer loop
      vertex 33.354430 32.372881 0.000000
      vertex 33.354430 32.881356 0.000000
      vertex 36.392405 32.881356 0.000000
    endloop
  endfacet
  facet normal 0.000000 0.000000 1.000000
    outer loop
      vertex 33.354430 32.372881 0.400000
      vertex 36.392405 32.372881 0.400000
      vertex 36.392405 32.881356 0.400000
    endloop
  endfacet
  facet normal 0.000000 0.000000 1.000000
    outer loop
      vertex 33.354430 32.372881 0.400000
      vertex 36.392405 32.881356 0.400000
      vertex 33.354430 32.881356 0.400000
    endloop
  endfacet
  facet normal 0.000000 -1.000000 0.000000
    outer loop
      vertex 33.354430 32.372881 0.000000
      vertex 36.392405 32.372881 0.000000
      vertex 36.392405 32.372881 0.400000
    endloop
  endfacet
  facet normal 0.000000 -1.000000 0.000000
    outer loop
      vertex 33.354430 32.372881 0.000000
      vertex 36.392405 32.372881 0.400000
      vertex 33.354430 32.372881 0.400000
    endloop
  endfacet
  facet normal 0.000000 1.000000 0.000000
    outer loop
      vertex 33.354430 32.881356 0.000000
      vertex 36.392405 32.881356 0.400000
      vertex 36.392405 32.881356 0.000000
    endloop
  endfacet
  facet normal 0.000000 1.000000 0.000000
    outer loop
      vertex 33.354430 32.881356 0.000000
      vertex 33.354430 32.881356 0.400000
      vertex 36.392405 32.881356 0.400000
    endloop
  endfacet
  facet normal -1.000000 0.000000 0.000000
    outer loop
      vertex 33.354430 32.372881 0.000000
      vertex 33.354430 32.372881 0.400000
      vertex 33.354430 32.881356 0.400000
    endloop
  endfacet
  facet normal -1.000000 0.000000 0.000000
    outer loop
      vertex 33.354430 32.372881 0.000000
      vertex 33.354430 32.881356 0.400000
      vertex 33.354430 32.881356 0.000000
    endloop
  endfacet
  facet normal 1.000000 0.000000 0.000000
    outer loop
      vertex 36.392405 32.372881 0.000000
      vertex 36.392405 32.881356 0.000000
      vertex 36.392405 32.881356 0.400000
    endloop
  endfacet
  facet normal 1.000000 0.000000 0.000000
    outer loop
      vertex 36.392405 32.372881 0.000000
      vertex 36.392405 32.881356 0.400000
      vertex 36.392405 32.372881 0.400000
    endloop
  endfacet
  facet normal 0.000000 0.000000 -1.000000
    outer loop
      vertex 42.974684 32.372881 0.000000
      vertex 45.000000 32.881356 0.000000
      vertex 45.000000 32.372881 0.000000
    endloop
  endfacet
  facet normal 0.000000 0.000000 -1.000000
    outer loop
      vertex 42.974684 32.372881 0.000000
      vertex 42.974684 32.881356 0.000000
      vertex 45.000000 32.881356 0.000000
    endloop
  endfacet
  facet normal 0.000000 0.000000 1.000000
    outer loop
      vertex 42.974684 32.372881 0.400000
      vertex 45.000000 32.372881 0.400000
      vertex 45.000000 32.881356 0.400000
    endloop
  endfacet
  facet normal 0.000000 0.000000 1.000000
    outer loop
      vertex 42.974684 32.372881 0.400000
      vertex 45.000000 32.881356 0.400000
      vertex 42.974684 32.881356 0.400000
    endloop
  endfacet
  facet normal 0.000000 -1.000000 0.000000
    outer loop
      vertex 42.974684 32.372881 0.000000
      vertex 45.000000 32.372881 0.000000
      vertex 45.000000 32.372881 0.400000
    endloop
  endfacet
  facet normal 0.000000 -1.000000 0.000000
    outer loop
      vertex 42.974684 32.372881 0.000000
      vertex 45.000000 32.372881 0.400000
      vertex 42.974684 32.372881 0.400000
    endloop
  endfacet
  facet normal 0.000000 1.000000 0.000000
    outer loop
      vertex 42.974684 32.881356 0.000000
      vertex 45.000000 32.881356 0.400000
      vertex 45.000000 32.881356 0.000000
    endloop
  endfacet
  facet normal 0.000000 1.000000 0.000000
    outer loop
      vertex 42.974684 32.881356 0.000000
      vertex 42.974684 32.881356 0.400000
      vertex 45.000000 32.881356 0.400000
    endloop
  endfacet
  facet normal -1.000000 0.000000 0.000000
    outer loop
      vertex 42.974684 32.372881 0.000000
      vertex 42.974684 32.372881 0.400000
      vertex 42.974684 32.881356 0.400000
    endloop
  endfacet
  facet normal -1.000000 0.000000 0.000000
    outer loop
      vertex 42.974684 32.372881 0.000000
      vertex 42.974684 32.881356 0.400000
      vertex 42.974684 32.881356 0.000000
    endloop
  endfacet
  facet normal 1.000000 0.000000 0.000000
    outer loop
      vertex 45.000000 32.372881 0.000000
      vertex 45.000000 32.881356 0.000000
      vertex 45.000000 32.881356 0.400000
    endloop
  endfacet
  facet normal 1.000000 0.000000 0.000000
    outer loop
      vertex 45.000000 32.372881 0.000000
      vertex 45.000000 32.881356 0.400000
      vertex 45.000000 32.372881 0.400000
    endloop
  endfacet
  facet normal 0.000000 0.000000 -1.000000
    outer loop
      vertex 5.000000 31.864407 0.000000
      vertex 10.569620 32.372881 0.000000
      vertex 10.569620 31.864407 0.000000
    endloop
  endfacet
  facet normal 0.000000 0.000000 -1.000000
    outer loop
      vertex 5.000000 31.864407 0.000000
      vertex 5.000000 32.372881 0.000000
      vertex 10.569620 32.372881 0.000000
    endloop
  endfacet
  facet normal 0.000000 0.000000 1.000000
    outer loop
      vertex 5.000000 31.864407 0.400000
      vertex 10.569620 31.864407 0.400000
      vertex 10.569620 32.372881 0.400000
    endloop
  endfacet
  facet normal 0.000000 0.000000 1.000000
    outer loop
      vertex 5.000000 31.864407 0.400000
      vertex 10.569620 32.372881 0.400000
      vertex 5.000000 32.372881 0.400000
    endloop
  endfacet
  facet normal 0.000000 -1.000000 0.000000
    outer loop
      vertex 5.000000 31.864407 0.000000
      vertex 10.569620 31.864407 0.000000
      vertex 10.569620 31.864407 0.400000
    endloop
  endfacet
  facet normal 0.000000 -1.000000 0.000000
    outer loop
      vertex 5.000000 31.864407 0.000000
      vertex 10.569620 31.864407 0.400000
      vertex 5.000000 31.864407 0.400000
    endloop
  endfacet
  facet normal 0.000000 1.000000 0.000000
    outer loop
      vertex 5.000000 32.372881 0.000000
      vertex 10.569620 32.372881 0.400000
      vertex 10.569620 32.372881 0.000000
    endloop
  endfacet
  facet normal 0.000000 1.000000 0.000000
    outer loop
      vertex 5.000000 32.372881 0.000000
      vertex 5.000000 32.372881 0.400000
      vertex 10.569620 32.372881 0.400000
    endloop
  endfacet
  facet normal -1.000000 0.000000 0.000000
    outer loop
      vertex 5.000000 31.864407 0.000000
      vertex 5.000000 31.864407 0.400000
      vertex 5.000000 32.372881 0.400000
    endloop
  endfacet
  facet normal -1.000000 0.000000 0.000000
    outer loop
      vertex 5.000000 31.864407 0.000000
      vertex 5.000000 32.372881 0.400000
      vertex 5.000000 32.372881 0.000000
    endloop
  endfacet
  facet normal 1.000000 0.000000 0.000000
    outer loop
      vertex 10.569620 31.864407 0.000000
      vertex 10.569620 32.372881 0.000000
      vertex 10.569620 32.372881 0.400000
    endloop
  endfacet
  facet normal 1.000000 0.000000 0.000000
    outer loop
      vertex 10.569620 31.864407 0.000000
      vertex 10.569620 32.372881 0.400000
      vertex 10.569620 31.864407 0.400000
    endloop
  endfacet
  facet normal 0.000000 0.000000 -1.000000
    outer loop
      vertex 15.632911 31.864407 0.000000
      vertex 22.215190 32.372881 0.000000
      vertex 22.215190 31.864407 0.000000
    endloop
  endfacet
  facet normal 0.000000 0.000000 -1.000000
    outer loop
      vertex 15.632911 31.864407 0.000000
      vertex 15.632911 32.372881 0.000000
      vertex 22.215190 32.372881 0.000000
    endloop
  endfacet
  facet normal 0.000000 0.000000 1.000000
    outer loop
      vertex 15.632911 31.864407 0.400000
      vertex 22.215190 31.864407 0.400000
      vertex 22.215190 32.372881 0.400000
    endloop
  endfacet
  facet normal 0.000000 0.000000 1.000000
    outer loop
      vertex 15.632911 31.864407 0.400000
      vertex 22.215190 32.372881 0.400000
      vertex 15.632911 32.372881 0.400000
    endloop
  endfacet
  facet normal 0.000000 -1.000000 0.000000
    outer loop
      vertex 15.632911 31.864407 0.000000
      vertex 22.215190 31.864407 0.000000
      vertex 22.215190 31.864407 0.400000
    endloop
  endfacet
  facet normal 0.000000 -1.000000 0.000000
    outer loop
      vertex 15.632911 31.864407 0.000000
      vertex 22.215190 31.864407 0.400000
      vertex 15.632911 31.864407 0.400000
    endloop
  endfacet
  facet normal 0.000000 1.000000 0.000000
    outer loop
      vertex 15.632911 32.372881 0.000000
      vertex 22.215190 32.372881 0.400000
      vertex 22.215190 32.372881 0.000000
    endloop
  endfacet
  facet normal 0.000000 1.000000 0.000000
    outer loop
      vertex 15.632911 32.372881 0.000000
      vertex 15.632911 32.372881 0.400000
      vertex 22.215190 32.372881 0.400000
    endloop
  endfacet
  facet normal -1.000000 0.000000 0.000000
    outer loop
      vertex 15.632911 31.864407 0.000000
      vertex 15.632911 31.864407 0.400000
      vertex 15.632911 32.372881 0.400000
    endloop
  endfacet
  facet normal -1.000000 0.000000 0.000000
    outer loop
      vertex 15.632911 31.864407 0.000000
      vertex 15.632911 32.372881 0.400000
      vertex 15.632911 32.372881 0.000000
    endloop
  endfacet
  facet normal 1.000000 0.000000 0.000000
    outer loop
      vertex 22.215190 31.864407 0.000000
      vertex 22.215190 32.372881 0.000000
      vertex 22.215190 32.372881 0.400000
    endloop
  endfacet
  facet normal 1.000000 0.000000 0.000000
    outer loop
      vertex 22.215190 31.864407 0.000000
      vertex 22.215190 32.372881 0.400000
      vertex 22.215190 31.864407 0.400000
    endloop
  endfacet
  facet normal 0.000000 0.000000 -1.000000
    outer loop
      vertex 24.746835 31.864407 0.000000
      vertex 26.772152 32.372881 0.000000
      vertex 26.772152 31.864407 0.000000
    endloop
  endfacet
  facet normal 0.000000 0.000000 -1.000000
    outer loop
      vertex 24.746835 31.864407 0.000000
      vertex 24.746835 32.372881 0.000000
      vertex 26.772152 32.372881 0.000000
    endloop
  endfacet
  facet normal 0.000000 0.000000 1.000000
    outer loop
      vertex 24.746835 31.864407 0.400000
      vertex 26.772152 31.864407 0.400000
      vertex 26.772152 32.372881 0.400000
    endloop
  endfacet
  facet normal 0.000000 0.000000 1.000000
    outer loop
      vertex 24.746835 31.864407 0.400000
      vertex 26.772152 32.372881 0.400000
      vertex 24.746835 32.372881 0.400000
    endloop
  endfacet
  facet normal 0.000000 -1.000000 0.000000
    outer loop
      vertex 24.746835 31.864407 0.000000
      vertex 26.772152 31.864407 0.000000
      vertex 26.772152 31.864407 0.400000
    endloop
  endfacet
  facet normal 0.000000 -1.000000 0.000000
    outer loop
      vertex 24.746835 31.864407 0.000000
      vertex 26.772152 31.864407 0.400000
      vertex 24.746835 31.864407 0.400000
    endloop
  endfacet
  facet normal 0.000000 1.000000 0.000000
    outer loop
      vertex 24.746835 32.372881 0.000000
      vertex 26.772152 32.372881 0.400000
      vertex 26.772152 32.372881 0.000000
    endloop
  endfacet
  facet normal 0.000000 1.000000 0.000000
    outer loop
      vertex 24.746835 32.372881 0.000000
      vertex 24.746835 32.372881 0.400000
      vertex 26.772152 32.372881 0.400000
    endloop
  endfacet
  facet normal -1.000000 0.000000 0.000000
    outer loop
      vertex 24.746835 31.864407 0.000000
      vertex 24.746835 31.864407 0.400000
      vertex 24.746835 32.372881 0.400000
    endloop
  endfacet
  facet normal -1.000000 0.000000 0.000000
    outer loop
      vertex 24.746835 31.864407 0.000000
      vertex 24.746835 32.372881 0.400000
      vertex 24.746835 32.372881 0.000000
    endloop
  endfacet
  facet normal 1.000000 0.000000 0.000000
    outer loop
      vertex 26.772152 31.864407 0.000000
      vertex 26.772152 32.372881 0.000000
      vertex 26.772152 32.372881 0.400000
    endloop
  endfacet
  facet normal 1.000000 0.000000 0.000000
    outer loop
      vertex 26.772152 31.864407 0.000000
      vertex 26.772152 32.372881 0.400000
      vertex 26.772152 31.864407 0.400000
    endloop
  endfacet
  facet normal 0.000000 0.000000 -1.000000
    outer loop
      vertex 29.303797 31.864407 0.000000
      vertex 31.329114 32.372881 0.000000
      vertex 31.329114 31.864407 0.000000
    endloop
  endfacet
  facet normal 0.000000 0.000000 -1.000000
    outer loop
      vertex 29.303797 31.864407 0.000000
      vertex 29.303797 32.372881 0.000000
      vertex 31.329114 32.372881 0.000000
    endloop
  endfacet
  facet normal 0.000000 0.000000 1.000000
    outer loop
      vertex 29.303797 31.864407 0.400000
      vertex 31.329114 31.864407 0.400000
      vertex 31.329114 32.372881 0.400000
    endloop
  endfacet
  facet normal 0.000000 0.000000 1.000000
    outer loop
      vertex 29.303797 31.864407 0.400000
      vertex 31.329114 32.372881 0.400000
      vertex 29.303797 32.372881 0.400000
    endloop
  endfacet
  facet normal 0.000000 -1.000000 0.000000
    outer loop
      vertex 29.303797 31.864407 0.000000
      vertex 31.329114 31.864407 0.000000
      vertex 31.329114 31.864407 0.400000
    endloop
  endfacet
  facet normal 0.000000 -1.000000 0.000000
    outer loop
      vertex 29.303797 31.864407 0.000000
      vertex 31.329114 31.864407 0.400000
      vertex 29.303797 31.864407 0.400000
    endloop
  endfacet
  facet normal 0.000000 1.000000 0.000000
    outer loop
      vertex 29.303797 32.372881 0.000000
      vertex 31.329114 32.372881 0.400000
      vertex 31.329114 32.372881 0.000000
    endloop
  endfacet
  facet normal 0.000000 1.000000 0.000000
    outer loop
      vertex 29.303797 32.372881 0.000000
      vertex 29.303797 32.372881 0.400000
      vertex 31.329114 32.372881 0.400000
    endloop
  endfacet
  facet normal -1.000000 0.000000 0.000000
    outer loop
      vertex 29.303797 31.864407 0.000000
      vertex 29.303797 31.864407 0.400000
      vertex 29.303797 32.372881 0.400000
    endloop
  endfacet
  facet normal -1.000000 0.000000 0.000000
    outer loop
      vertex 29.303797 31.864407 0.000000
      vertex 29.303797 32.372881 0.400000
      vertex 29.303797 32.372881 0.000000
    endloop
  endfacet
  facet normal 1.000000 0.000000 0.000000
    outer loop
      vertex 31.329114 31.864407 0.000000
      vertex 31.329114 32.372881 0.000000
      vertex 31.329114 32.372881 0.400000
    endloop
  endfacet
  facet normal 1.000000 0.000000 0.000000
    outer loop
      vertex 31.329114 31.864407 0.000000
      vertex 31.329114 32.372881 0.400000
      vertex 31.329114 31.864407 0.400000
    endloop
  endfacet
  facet normal 0.000000 0.000000 -1.000000
    outer loop
      vertex 33.354430 31.864407 0.000000
      vertex 35.886076 32.372881 0.000000
      vertex 35.886076 31.864407 0.000000
    endloop
  endfacet
  facet normal 0.000000 0.000000 -1.000000
    outer loop
      vertex 33.354430 31.864407 0.000000
      vertex 33.354430 32.372881 0.000000
      vertex 35.886076 32.372881 0.000000
    endloop
  endfacet
  facet normal 0.000000 0.000000 1.000000
    outer loop
      vertex 33.354430 31.864407 0.400000
      vertex 35.886076 31.864407 0.400000
      vertex 35.886076 32.372881 0.400000
    endloop
  endfacet
  facet normal 0.000000 0.000000 1.000000
    outer loop
      vertex 33.354430 31.864407 0.400000
      vertex 35.886076 32.372881 0.400000
      vertex 33.354430 32.372881 0.400000
    endloop
  endfacet
  facet normal 0.000000 -1.000000 0.000000
    outer loop
      vertex 33.354430 31.864407 0.000000
      vertex 35.886076 31.864407 0.000000
      vertex 35.886076 31.864407 0.400000
    endloop
  endfacet
  facet normal 0.000000 -1.000000 0.000000
    outer loop
      vertex 33.354430 31.864407 0.000000
      vertex 35.886076 31.864407 0.400000
      vertex 33.354430 31.864407 0.400000
    endloop
  endfacet
  facet normal 0.000000 1.000000 0.000000
    outer loop
      vertex 33.354430 32.372881 0.000000
      vertex 35.886076 32.372881 0.400000
      vertex 35.886076 32.372881 0.000000
    endloop
  endfacet
  facet normal 0.000000 1.000000 0.000000
    outer loop
      vertex 33.354430 32.372881 0.000000
      vertex 33.354430 32.372881 0.400000
      vertex 35.886076 32.372881 0.400000
    endloop
  endfacet
  facet normal -1.000000 0.000000 0.000000
    outer loop
      vertex 33.354430 31.864407 0.000000
      vertex 33.354430 31.864407 0.400000
      vertex 33.354430 32.372881 0.400000
    endloop
  endfacet
  facet normal -1.000000 0.000000 0.000000
    outer loop
      vertex 33.354430 31.864407 0.000000
      vertex 33.354430 32.372881 0.400000
      vertex 33.354430 32.372881 0.000000
    endloop
  endfacet
  facet normal 1.000000 0.000000 0.000000
    outer loop
      vertex 35.886076 31.864407 0.000000
      vertex 35.886076 32.372881 0.000000
      vertex 35.886076 32.372881 0.400000
    endloop
  endfacet
  facet normal 1.000000 0.000000 0.000000
    outer loop
      vertex 35.886076 31.864407 0.000000
      vertex 35.886076 32.372881 0.400000
      vertex 35.886076 31.864407 0.400000
    endloop
  endfacet
  facet normal 0.000000 0.000000 -1.000000
    outer loop
      vertex 38.417722 31.864407 0.000000
      vertex 40.443038 32.372881 0.000000
      vertex 40.443038 31.864407 0.000000
    endloop
  endfacet
  facet normal 0.000000 0.000000 -1.000000
    outer loop
      vertex 38.417722 31.864407 0.000000
      vertex 38.417722 32.372881 0.000000
      vertex 40.443038 32.372881 0.000000
    endloop
  endfacet
  facet normal 0.000000 0.000000 1.000000
    outer loop
      vertex 38.417722 31.864407 0.400000
      vertex 40.443038 31.864407 0.400000
      vertex 40.443038 32.372881 0.400000
    endloop
  endfacet
  facet normal 0.000000 0.000000 1.000000
    outer loop
      vertex 38.417722 31.864407 0.400000
      vertex 40.443038 32.372881 0.400000
      vertex 38.417722 32.372881 0.400000
    endloop
  endfacet
  facet normal 0.000000 -1.000000 0.000000
    outer loop
      vertex 38.417722 31.864407 0.000000
      vertex 40.443038 31.864407 0.000000
      vertex 40.443038 31.864407 0.400000
    endloop
  endfacet
  facet normal 0.000000 -1.000000 0.000000
    outer loop
      vertex 38.417722 31.864407 0.000000
      vertex 40.443038 31.864407 0.400000
      vertex 38.417722 31.864407 0.400000
    endloop
  endfacet
  facet normal 0.000000 1.000000 0.000000
    outer loop
      vertex 38.417722 32.372881 0.000000
      vertex 40.443038 32.372881 0.400000
      vertex 40.443038 32.372881 0.000000
    endloop
  endfacet
  facet normal 0.000000 1.000000 0.000000
    outer loop
      vertex 38.417722 32.372881 0.000000
      vertex 38.417722 32.372881 0.400000
      vertex 40.443038 32.372881 0.400000
    endloop
  endfacet
  facet normal -1.000000 0.000000 0.000000
    outer loop
      vertex 38.417722 31.864407 0.000000
      vertex 38.417722 31.864407 0.400000
      vertex 38.417722 32.372881 0.400000
    endloop
  endfacet
  facet normal -1.000000 0.000000 0.000000
    outer loop
      vertex 38.417722 31.864407 0.000000
      vertex 38.417722 32.372881 0.400000
      vertex 38.417722 32.372881 0.000000
    endloop
  endfacet
  facet normal 1.000000 0.000000 0.000000
    outer loop
      vertex 40.443038 31.864407 0.000000
      vertex 40.443038 32.372881 0.000000
      vertex 40.443038 32.372881 0.400000
    endloop
  endfacet
  facet normal 1.000000 0.000000 0.000000
    outer loop
      vertex 40.443038 31.864407 0.000000
      vertex 40.443038 32.372881 0.400000
      vertex 40.443038 31.864407 0.400000
    endloop
  endfacet
  facet normal 0.000000 0.000000 -1.000000
    outer loop
      vertex 42.974684 31.864407 0.000000
      vertex 45.000000 32.372881 0.000000
      vertex 45.000000 31.864407 0.000000
    endloop
  endfacet
  facet normal 0.000000 0.000000 -1.000000
    outer loop
      vertex 42.974684 31.864407 0.000000
      vertex 42.974684 32.372881 0.000000
      vertex 45.000000 32.372881 0.000000
    endloop
  endfacet
  facet normal 0.000000 0.000000 1.000000
    outer loop
      vertex 42.974684 31.864407 0.400000
      vertex 45.000000 31.864407 0.400000
      vertex 45.000000 32.372881 0.400000
    endloop
  endfacet
  facet normal 0.000000 0.000000 1.000000
    outer loop
      vertex 42.974684 31.864407 0.400000
      vertex 45.000000 32.372881 0.400000
      vertex 42.974684 32.372881 0.400000
    endloop
  endfacet
  facet normal 0.000000 -1.000000 0.000000
    outer loop
      vertex 42.974684 31.864407 0.000000
      vertex 45.000000 31.864407 0.000000
      vertex 45.000000 31.864407 0.400000
    endloop
  endfacet
  facet normal 0.000000 -1.000000 0.000000
    outer loop
      vertex 42.974684 31.864407 0.000000
      vertex 45.000000 31.864407 0.400000
      vertex 42.974684 31.864407 0.400000
    endloop
  endfacet
  facet normal 0.000000 1.000000 0.000000
    outer loop
      vertex 42.974684 32.372881 0.000000
      vertex 45.000000 32.372881 0.400000
      vertex 45.000000 32.372881 0.000000
    endloop
  endfacet
  facet normal 0.000000 1.000000 0.000000
    outer loop
      vertex 42.974684 32.372881 0.000000
      vertex 42.974684 32.372881 0.400000
      vertex 45.000000 32.372881 0.400000
    endloop
  endfacet
  facet normal -1.000000 0.000000 0.000000
    outer loop
      vertex 42.974684 31.864407 0.000000
      vertex 42.974684 31.864407 0.400000
      vertex 42.974684 32.372881 0.400000
    endloop
  endfacet
  facet normal -1.000000 0.000000 0.000000
    outer loop
      vertex 42.974684 31.864407 0.000000
      vertex 42.974684 32.372881 0.400000
      vertex 42.974684 32.372881 0.000000
    endloop
  endfacet
  facet normal 1.000000 0.000000 0.000000
    outer loop
      vertex 45.000000 31.864407 0.000000
      vertex 45.000000 32.372881 0.000000
      vertex 45.000000 32.372881 0.400000
    endloop
  endfacet
  facet normal 1.000000 0.000000 0.000000
    outer loop
      vertex 45.000000 31.864407 0.000000
      vertex 45.000000 32.372881 0.400000
      vertex 45.000000 31.864407 0.400000
    endloop
  endfacet
  facet normal 0.000000 0.000000 -1.000000
    outer loop
      vertex 5.000000 31.355932 0.000000
      vertex 10.063291 31.864407 0.000000
      vertex 10.063291 31.355932 0.000000
    endloop
  endfacet
  facet normal 0.000000 0.000000 -1.000000
    outer loop
      vertex 5.000000 31.355932 0.000000
      vertex 5.000000 31.864407 0.000000
      vertex 10.063291 31.864407 0.000000
    endloop
  endfacet
  facet normal 0.000000 0.000000 1.000000
    outer loop
      vertex 5.000000 31.355932 0.400000
      vertex 10.063291 31.355932 0.400000
      vertex 10.063291 31.864407 0.400000
    endloop
  endfacet
  facet normal 0.000000 0.000000 1.000000
    outer loop
      vertex 5.000000 31.355932 0.400000
      vertex 10.063291 31.864407 0.400000
      vertex 5.000000 31.864407 0.400000
    endloop
  endfacet
  facet normal 0.000000 -1.000000 0.000000
    outer loop
      vertex 5.000000 31.355932 0.000000
      vertex 10.063291 31.355932 0.000000
      vertex 10.063291 31.355932 0.400000
    endloop
  endfacet
  facet normal 0.000000 -1.000000 0.000000
    outer loop
      vertex 5.000000 31.355932 0.000000
      vertex 10.063291 31.355932 0.400000
      vertex 5.000000 31.355932 0.400000
    endloop
  endfacet
  facet normal 0.000000 1.000000 0.000000
    outer loop
      vertex 5.000000 31.864407 0.000000
      vertex 10.063291 31.864407 0.400000
      vertex 10.063291 31.864407 0.000000
    endloop
  endfacet
  facet normal 0.000000 1.000000 0.000000
    outer loop
      vertex 5.000000 31.864407 0.000000
      vertex 5.000000 31.864407 0.400000
      vertex 10.063291 31.864407 0.400000
    endloop
  endfacet
  facet normal -1.000000 0.000000 0.000000
    outer loop
      vertex 5.000000 31.355932 0.000000
      vertex 5.000000 31.355932 0.400000
      vertex 5.000000 31.864407 0.400000
    endloop
  endfacet
  facet normal -1.000000 0.000000 0.000000
    outer loop
      vertex 5.000000 31.355932 0.000000
      vertex 5.000000 31.864407 0.400000
      vertex 5.000000 31.864407 0.000000
    endloop
  endfacet
  facet normal 1.000000 0.000000 0.000000
    outer loop
      vertex 10.063291 31.355932 0.000000
      vertex 10.063291 31.864407 0.000000
      vertex 10.063291 31.864407 0.400000
    endloop
  endfacet
  facet normal 1.000000 0.000000 0.000000
    outer loop
      vertex 10.063291 31.355932 0.000000
      vertex 10.063291 31.864407 0.400000
      vertex 10.063291 31.355932 0.400000
    endloop
  endfacet
  facet normal 0.000000 0.000000 -1.000000
    outer loop
      vertex 15.632911 31.355932 0.000000
      vertex 22.215190 31.864407 0.000000
      vertex 22.215190 31.355932 0.000000
    endloop
  endfacet
  facet normal 0.000000 0.000000 -1.000000
    outer loop
      vertex 15.632911 31.355932 0.000000
      vertex 15.632911 31.864407 0.000000
      vertex 22.215190 31.864407 0.000000
    endloop
  endfacet
  facet normal 0.000000 0.000000 1.000000
    outer loop
      vertex 15.632911 31.355932 0.400000
      vertex 22.215190 31.355932 0.400000
      vertex 22.215190 31.864407 0.400000
    endloop
  endfacet
  facet normal 0.000000 0.000000 1.000000
    outer loop
      vertex 15.632911 31.355932 0.400000
      vertex 22.215190 31.864407 0.400000
      vertex 15.632911 31.864407 0.400000
    endloop
  endfacet
  facet normal 0.000000 -1.000000 0.000000
    outer loop
      vertex 15.632911 31.355932 0.000000
      vertex 22.215190 31.355932 0.000000
      vertex 22.215190 31.355932 0.400000
    endloop
  endfacet
  facet normal 0.000000 -1.000000 0.000000
    outer loop
      vertex 15.632911 31.355932 0.000000
      vertex 22.215190 31.355932 0.400000
      vertex 15.632911 31.355932 0.400000
    endloop
  endfacet
  facet normal 0.000000 1.000000 0.000000
    outer loop
      vertex 15.632911 31.864407 0.000000
      vertex 22.215190 31.864407 0.400000
      vertex 22.215190 31.864407 0.000000
    endloop
  endfacet
  facet normal 0.000000 1.000000 0.000000
    outer loop
      vertex 15.632911 31.864407 0.000000
      vertex 15.632911 31.864407 0.400000
      vertex 22.215190 31.864407 0.400000
    endloop
  endfacet
  facet normal -1.000000 0.000000 0.000000
    outer loop
      vertex 15.632911 31.355932 0.000000
      vertex 15.632911 31.355932 0.400000
      vertex 15.632911 31.864407 0.400000
    endloop
  endfacet
  facet normal -1.000000 0.000000 0.000000
    outer loop
      vertex 15.632911 31.355932 0.000000
      vertex 15.632911 31.864407 0.400000
      vertex 15.632911 31.864407 0.000000
    endloop
  endfacet
  facet normal 1.000000 0.000000 0.000000
    outer loop
      vertex 22.215190 31.355932 0.000000
      vertex 22.215190 31.864407 0.000000
      vertex 22.215190 31.864407 0.400000
    endloop
  endfacet
  facet normal 1.000000 0.000000 0.000000
    outer loop
      vertex 22.215190 31.355932 0.000000
      vertex 22.215190 31.864407 0.400000
      vertex 22.215190 31.355932 0.400000
    endloop
  endfacet
  facet normal 0.000000 0.000000 -1.000000
    outer loop
      vertex 24.240506 31.355932 0.000000
      vertex 26.772152 31.864407 0.000000
      vertex 26.772152 31.355932 0.000000
    endloop
  endfacet
  facet normal 0.000000 0.000000 -1.000000
    outer loop
      vertex 24.240506 31.355932 0.000000
      vertex 24.240506 31.864407 0.000000
      vertex 26.772152 31.864407 0.000000
    endloop
  endfacet
  facet normal 0.000000 0.000000 1.000000
    outer loop
      vertex 24.240506 31.355932 0.400000
      vertex 26.772152 31.355932 0.400000
      vertex 26.772152 31.864407 0.400000
    endloop
  endfacet
  facet normal 0.000000 0.000000 1.000000
    outer loop
      vertex 24.240506 31.355932 0.400000
      vertex 26.772152 31.864407 0.400000
      vertex 24.240506 31.864407 0.400000
    endloop
  endfacet
  facet normal 0.000000 -1.000000 0.000000
    outer loop
      vertex 24.240506 31.355932 0.000000
      vertex 26.772152 31.355932 0.000000
      vertex 26.772152 31.355932 0.400000
    endloop
  endfacet
  facet normal 0.000000 -1.000000 0.000000
    outer loop
      vertex 24.240506 31.355932 0.000000
      vertex 26.772152 31.355932 0.400000
      vertex 24.240506 31.355932 0.400000
    endloop
  endfacet
  facet normal 0.000000 1.000000 0.000000
    outer loop
      vertex 24.240506 31.864407 0.000000
      vertex 26.772152 31.864407 0.400000
      vertex 26.772152 31.864407 0.000000
    endloop
  endfacet
  facet normal 0.000000 1.000000 0.000000
    outer loop
      vertex 24.240506 31.864407 0.000000
      vertex 24.240506 31.864407 0.400000
      vertex 26.772152 31.864407 0.400000
    endloop
  endfacet
  facet normal -1.000000 0.000000 0.000000
    outer loop
      vertex 24.240506 31.355932 0.000000
      vertex 24.240506 31.355932 0.400000
      vertex 24.240506 31.864407 0.400000
    endloop
  endfacet
  facet normal -1.000000 0.000000 0.000000
    outer loop
      vertex 24.240506 31.355932 0.000000
      vertex 24.240506 31.864407 0.400000
      vertex 24.240506 31.864407 0.000000
    endloop
  endfacet
  facet normal 1.000000 0.000000 0.000000
    outer loop
      vertex 26.772152 31.355932 0.000000
      vertex 26.772152 31.864407 0.000000
      vertex 26.772152 31.864407 0.400000
    endloop
  endfacet
  facet normal 1.000000 0.000000 0.000000
    outer loop
      vertex 26.772152 31.355932 0.000000
      vertex 26.772152 31.864407 0.400000
      vertex 26.772152 31.355932 0.400000
    endloop
  endfacet
  facet normal 0.000000 0.000000 -1.000000
    outer loop
      vertex 28.797468 31.355932 0.000000
      vertex 31.329114 31.864407 0.000000
      vertex 31.329114 31.355932 0.000000
    endloop
  endfacet
  facet normal 0.000000 0.000000 -1.000000
    outer loop
      vertex 28.797468 31.355932 0.000000
      vertex 28.797468 31.864407 0.000000
      vertex 31.329114 31.864407 0.000000
    endloop
  endfacet
  facet normal 0.000000 0.000000 1.000000
    outer loop
      vertex 28.797468 31.355932 0.400000
      vertex 31.329114 31.355932 0.400000
      vertex 31.329114 31.864407 0.400000
    endloop
  endfacet
  facet normal 0.000000 0.000000 1.000000
    outer loop
      vertex 28.797468 31.355932 0.400000
      vertex 31.329114 31.864407 0.400000
      vertex 28.797468 31.864407 0.400000
    endloop
  endfacet
  facet normal 0.000000 -1.000000 0.000000
    outer loop
      vertex 28.797468 31.355932 0.000000
      vertex 31.329114 31.355932 0.000000
      vertex 31.329114 31.355932 0.400000
    endloop
  endfacet
  facet normal 0.000000 -1.000000 0.000000
    outer loop
      vertex 28.797468 31.355932 0.000000
      vertex 31.329114 31.355932 0.400000
      vertex 28.797468 31.355932 0.400000
    endloop
  endfacet
  facet normal 0.000000 1.000000 0.000000
    outer loop
      vertex 28.797468 31.864407 0.000000
      vertex 31.329114 31.864407 0.400000
      vertex 31.329114 31.864407 0.000000
    endloop
  endfacet
  facet normal 0.000000 1.000000 0.000000
    outer loop
      vertex 28.797468 31.864407 0.000000
      vertex 28.797468 31.864407 0.400000
      vertex 31.329114 31.864407 0.400000
    endloop
  endfacet
  facet normal -1.000000 0.000000 0.000000
    outer loop
      vertex 28.797468 31.355932 0.000000
      vertex 28.797468 31.355932 0.400000
      vertex 28.797468 31.864407 0.400000
    endloop
  endfacet
  facet normal -1.000000 0.000000 0.000000
    outer loop
      vertex 28.797468 31.355932 0.000000
      vertex 28.797468 31.864407 0.400000
      vertex 28.797468 31.864407 0.000000
    endloop
  endfacet
  facet normal 1.000000 0.000000 0.000000
    outer loop
      vertex 31.329114 31.355932 0.000000
      vertex 31.329114 31.864407 0.000000
      vertex 31.329114 31.864407 0.400000
    endloop
  endfacet
  facet normal 1.000000 0.000000 0.000000
    outer loop
      vertex 31.329114 31.355932 0.000000
      vertex 31.329114 31.864407 0.400000
      vertex 31.329114 31.355932 0.400000
    endloop
  endfacet
  facet normal 0.000000 0.000000 -1.000000
    outer loop
      vertex 33.860759 31.355932 0.000000
      vertex 35.886076 31.864407 0.000000
      vertex 35.886076 31.355932 0.000000
    endloop
  endfacet
  facet normal 0.000000 0.000000 -1.000000
    outer loop
      vertex 33.860759 31.355932 0.000000
      vertex 33.860759 31.864407 0.000000
      vertex 35.886076 31.864407 0.000000
    endloop
  endfacet
  facet normal 0.000000 0.000000 1.000000
    outer loop
      vertex 33.860759 31.355932 0.400000
      vertex 35.886076 31.355932 0.400000
      vertex 35.886076 31.864407 0.400000
    endloop
  endfacet
  facet normal 0.000000 0.000000 1.000000
    outer loop
      vertex 33.860759 31.355932 0.400000
      vertex 35.886076 31.864407 0.400000
      vertex 33.860759 31.864407 0.400000
    endloop
  endfacet
  facet normal 0.000000 -1.000000 0.000000
    outer loop
      vertex 33.860759 31.355932 0.000000
      vertex 35.886076 31.355932 0.000000
      vertex 35.886076 31.355932 0.400000
    endloop
  endfacet
  facet normal 0.000000 -1.000000 0.000000
    outer loop
      vertex 33.860759 31.355932 0.000000
      vertex 35.886076 31.355932 0.400000
      vertex 33.860759 31.355932 0.400000
    endloop
  endfacet
  facet normal 0.000000 1.000000 0.000000
    outer loop
      vertex 33.860759 31.864407 0.000000
      vertex 35.886076 31.864407 0.400000
      vertex 35.886076 31.864407 0.000000
    endloop
  endfacet
  facet normal 0.000000 1.000000 0.000000
    outer loop
      vertex 33.860759 31.864407 0.000000
      vertex 33.860759 31.864407 0.400000
      vertex 35.886076 31.864407 0.400000
    endloop
  endfacet
  facet normal -1.000000 0.000000 0.000000
    outer loop
      vertex 33.860759 31.355932 0.000000
      vertex 33.860759 31.355932 0.400000
      vertex 33.860759 31.864407 0.400000
    endloop
  endfacet
  facet normal -1.000000 0.000000 0.000000
    outer loop
      vertex 33.860759 31.355932 0.000000
      vertex 33.860759 31.864407 0.400000
      vertex 33.860759 31.864407 0.000000
    endloop
  endfacet
  facet normal 1.000000 0.000000 0.000000
    outer loop
      vertex 35.886076 31.355932 0.000000
      vertex 35.886076 31.864407 0.000000
      vertex 35.886076 31.864407 0.400000
    endloop
  endfacet
  facet normal 1.000000 0.000000 0.000000
    outer loop
      vertex 35.886076 31.355932 0.000000
      vertex 35.886076 31.864407 0.400000
      vertex 35.886076 31.355932 0.400000
    endloop
  endfacet
  facet normal 0.000000 0.000000 -1.000000
    outer loop
      vertex 37.911392 31.355932 0.000000
      vertex 40.443038 31.864407 0.000000
      vertex 40.443038 31.355932 0.000000
    endloop
  endfacet
  facet normal 0.000000 0.000000 -1.000000
    outer loop
      vertex 37.911392 31.355932 0.000000
      vertex 37.911392 31.864407 0.000000
      vertex 40.443038 31.864407 0.000000
    endloop
  endfacet
  facet normal 0.000000 0.000000 1.000000
    outer loop
      vertex 37.911392 31.355932 0.400000
      vertex 40.443038 31.355932 0.400000
      vertex 40.443038 31.864407 0.400000
    endloop
  endfacet
  facet normal 0.000000 0.000000 1.000000
    outer loop
      vertex 37.911392 31.355932 0.400000
      vertex 40.443038 31.864407 0.400000
      vertex 37.911392 31.864407 0.400000
    endloop
  endfacet
  facet normal 0.000000 -1.000000 0.000000
    outer loop
      vertex 37.911392 31.355932 0.000000
      vertex 40.443038 31.355932 0.000000
      vertex 40.443038 31.355932 0.400000
    endloop
  endfacet
  facet normal 0.000000 -1.000000 0.000000
    outer loop
      vertex 37.911392 31.355932 0.000000
      vertex 40.443038 31.355932 0.400000
      vertex 37.911392 31.355932 0.400000
    endloop
  endfacet
  facet normal 0.000000 1.000000 0.000000
    outer loop
      vertex 37.911392 31.864407 0.000000
      vertex 40.443038 31.864407 0.400000
      vertex 40.443038 31.864407 0.000000
    endloop
  endfacet
  facet normal 0.000000 1.000000 0.000000
    outer loop
      vertex 37.911392 31.864407 0.000000
      vertex 37.911392 31.864407 0.400000
      vertex 40.443038 31.864407 0.400000
    endloop
  endfacet
  facet normal -1.000000 0.000000 0.000000
    outer loop
      vertex 37.911392 31.355932 0.000000
      vertex 37.911392 31.355932 0.400000
      vertex 37.911392 31.864407 0.400000
    endloop
  endfacet
  facet normal -1.000000 0.000000 0.000000
    outer loop
      vertex 37.911392 31.355932 0.000000
      vertex 37.911392 31.864407 0.400000
      vertex 37.911392 31.864407 0.000000
    endloop
  endfacet
  facet normal 1.000000 0.000000 0.000000
    outer loop
      vertex 40.443038 31.355932 0.000000
      vertex 40.443038 31.864407 0.000000
      vertex 40.443038 31.864407 0.400000
    endloop
  endfacet
  facet normal 1.000000 0.000000 0.000000
    outer loop
      vertex 40.443038 31.355932 0.000000
      vertex 40.443038 31.864407 0.400000
      vertex 40.443038 31.355932 0.400000
    endloop
  endfacet
  facet normal 0.000000 0.000000 -1.000000
    outer loop
      vertex 42.974684 31.355932 0.000000
      vertex 45.000000 31.864407 0.000000
      vertex 45.000000 31.355932 0.000000
    endloop
  endfacet
  facet normal 0.000000 0.000000 -1.000000
    outer loop
      vertex 42.974684 31.355932 0.000000
      vertex 42.974684 31.864407 0.000000
      vertex 45.000000 31.864407 0.000000
    endloop
  endfacet
  facet normal 0.000000 0.000000 1.000000
    outer loop
      vertex 42.974684 31.355932 0.400000
      vertex 45.000000 31.355932 0.400000
      vertex 45.000000 31.864407 0.400000
    endloop
  endfacet
  facet normal 0.000000 0.000000 1.000000
    outer loop
      vertex 42.974684 31.355932 0.400000
      vertex 45.000000 31.864407 0.400000
      vertex 42.974684 31.864407 0.400000
    endloop
  endfacet
  facet normal 0.000000 -1.000000 0.000000
    outer loop
      vertex 42.974684 31.355932 0.000000
      vertex 45.000000 31.355932 0.000000
      vertex 45.000000 31.355932 0.400000
    endloop
  endfacet
  facet normal 0.000000 -1.000000 0.000000
    outer loop
      vertex 42.974684 31.355932 0.000000
      vertex 45.000000 31.355932 0.400000
      vertex 42.974684 31.355932 0.400000
    endloop
  endfacet
  facet normal 0.000000 1.000000 0.000000
    outer loop
      vertex 42.974684 31.864407 0.000000
      vertex 45.000000 31.864407 0.400000
      vertex 45.000000 31.864407 0.000000
    endloop
  endfacet
  facet normal 0.000000 1.000000 0.000000
    outer loop
      vertex 42.974684 31.864407 0.000000
      vertex 42.974684 31.864407 0.400000
      vertex 45.000000 31.864407 0.400000
    endloop
  endfacet
  facet normal -1.000000 0.000000 0.000000
    outer loop
      vertex 42.974684 31.355932 0.000000
      vertex 42.974684 31.355932 0.400000
      vertex 42.974684 31.864407 0.400000
    endloop
  endfacet
  facet normal -1.000000 0.000000 0.000000
    outer loop
      vertex 42.974684 31.355932 0.000000
      vertex 42.974684 31.864407 0.400000
      vertex 42.974684 31.864407 0.000000
    endloop
  endfacet
  facet normal 1.000000 0.000000 0.000000
    outer loop
      vertex 45.000000 31.355932 0.000000
      vertex 45.000000 31.864407 0.000000
      vertex 45.000000 31.864407 0.400000
    endloop
  endfacet
  facet normal 1.000000 0.000000 0.000000
    outer loop
      vertex 45.000000 31.355932 0.000000
      vertex 45.000000 31.864407 0.400000
      vertex 45.000000 31.355932 0.400000
    endloop
  endfacet
  facet normal 0.000000 0.000000 -1.000000
    outer loop
      vertex 5.000000 30.847458 0.000000
      vertex 9.556962 31.355932 0.000000
      vertex 9.556962 30.847458 0.000000
    endloop
  endfacet
  facet normal 0.000000 0.000000 -1.000000
    outer loop
      vertex 5.000000 30.847458 0.000000
      vertex 5.000000 31.355932 0.000000
      vertex 9.556962 31.355932 0.000000
    endloop
  endfacet
  facet normal 0.000000 0.000000 1.000000
    outer loop
      vertex 5.000000 30.847458 0.400000
      vertex 9.556962 30.847458 0.400000
      vertex 9.556962 31.355932 0.400000
    endloop
  endfacet
  facet normal 0.000000 0.000000 1.000000
    outer loop
      vertex 5.000000 30.847458 0.400000
      vertex 9.556962 31.355932 0.400000
      vertex 5.000000 31.355932 0.400000
    endloop
  endfacet
  facet normal 0.000000 -1.000000 0.000000
    outer loop
      vertex 5.000000 30.847458 0.000000
      vertex 9.556962 30.847458 0.000000
      vertex 9.556962 30.847458 0.400000
    endloop
  endfacet
  facet normal 0.000000 -1.000000 0.000000
    outer loop
      vertex 5.000000 30.847458 0.000000
      vertex 9.556962 30.847458 0.400000
      vertex 5.000000 30.847458 0.400000
    endloop
  endfacet
  facet normal 0.000000 1.000000 0.000000
    outer loop
      vertex 5.000000 31.355932 0.000000
      vertex 9.556962 31.355932 0.400000
      vertex 9.556962 31.355932 0.000000
    endloop
  endfacet
  facet normal 0.000000 1.000000 0.000000
    outer loop
      vertex 5.000000 31.355932 0.000000
      vertex 5.000000 31.355932 0.400000
      vertex 9.556962 31.355932 0.400000
    endloop
  endfacet
  facet normal -1.000000 0.000000 0.000000
    outer loop
      vertex 5.000000 30.847458 0.000000
      vertex 5.000000 30.847458 0.400000
      vertex 5.000000 31.355932 0.400000
    endloop
  endfacet
  facet normal -1.000000 0.000000 0.000000
    outer loop
      vertex 5.000000 30.847458 0.000000
      vertex 5.000000 31.355932 0.400000
      vertex 5.000000 31.355932 0.000000
    endloop
  endfacet
  facet normal 1.000000 0.000000 0.000000
    outer loop
      vertex 9.556962 30.847458 0.000000
      vertex 9.556962 31.355932 0.000000
      vertex 9.556962 31.355932 0.400000
    endloop
  endfacet
  facet normal 1.000000 0.000000 0.000000
    outer loop
      vertex 9.556962 30.847458 0.000000
      vertex 9.556962 31.355932 0.400000
      vertex 9.556962 30.847458 0.400000
    endloop
  endfacet
  facet normal 0.000000 0.000000 -1.000000
    outer loop
      vertex 12.594937 30.847458 0.000000
      vertex 13.101266 31.355932 0.000000
      vertex 13.101266 30.847458 0.000000
    endloop
  endfacet
  facet normal 0.000000 0.000000 -1.000000
    outer loop
      vertex 12.594937 30.847458 0.000000
      vertex 12.594937 31.355932 0.000000
      vertex 13.101266 31.355932 0.000000
    endloop
  endfacet
  facet normal 0.000000 0.000000 1.000000
    outer loop
      vertex 12.594937 30.847458 0.400000
      vertex 13.101266 30.847458 0.400000
      vertex 13.101266 31.355932 0.400000
    endloop
  endfacet
  facet normal 0.000000 0.000000 1.000000
    outer loop
      vertex 12.594937 30.847458 0.400000
      vertex 13.101266 31.355932 0.400000
      vertex 12.594937 31.355932 0.400000
    endloop
  endfacet
  facet normal 0.000000 -1.000000 0.000000
    outer loop
      vertex 12.594937 30.847458 0.000000
      vertex 13.101266 30.847458 0.000000
      vertex 13.101266 30.847458 0.400000
    endloop
  endfacet
  facet normal 0.000000 -1.000000 0.000000
    outer loop
      vertex 12.594937 30.847458 0.000000
      vertex 13.101266 30.847458 0.400000
      vertex 12.594937 30.847458 0.400000
    endloop
  endfacet
  facet normal 0.000000 1.000000 0.000000
    outer loop
      vertex 12.594937 31.355932 0.000000
      vertex 13.101266 31.355932 0.400000
      vertex 13.101266 31.355932 0.000000
    endloop
  endfacet
  facet normal 0.000000 1.000000 0.000000
    outer loop
      vertex 12.594937 31.355932 0.000000
      vertex 12.594937 31.355932 0.400000
      vertex 13.101266 31.355932 0.400000
    endloop
  endfacet
  facet normal -1.000000 0.000000 0.000000
    outer loop
      vertex 12.594937 30.847458 0.000000
      vertex 12.594937 30.847458 0.400000
      vertex 12.594937 31.355932 0.400000
    endloop
  endfacet
  facet normal -1.000000 0.000000 0.000000
    outer loop
      vertex 12.594937 30.847458 0.000000
      vertex 12.594937 31.355932 0.400000
      vertex 12.594937 31.355932 0.000000
    endloop
  endfacet
  facet normal 1.000000 0.000000 0.000000
    outer loop
      vertex 13.101266 30.847458 0.000000
      vertex 13.101266 31.355932 0.000000
      vertex 13.101266 31.355932 0.400000
    endloop
  endfacet
  facet normal 1.000000 0.000000 0.000000
    outer loop
      vertex 13.101266 30.847458 0.000000
      vertex 13.101266 31.355932 0.400000
      vertex 13.101266 30.847458 0.400000
    endloop
  endfacet
  facet normal 0.000000 0.000000 -1.000000
    outer loop
      vertex 15.632911 30.847458 0.000000
      vertex 21.708861 31.355932 0.000000
      vertex 21.708861 30.847458 0.000000
    endloop
  endfacet
  facet normal 0.000000 0.000000 -1.000000
    outer loop
      vertex 15.632911 30.847458 0.000000
      vertex 15.632911 31.355932 0.000000
      vertex 21.708861 31.355932 0.000000
    endloop
  endfacet
  facet normal 0.000000 0.000000 1.000000
    outer loop
      vertex 15.632911 30.847458 0.400000
      vertex 21.708861 30.847458 0.400000
      vertex 21.708861 31.355932 0.400000
    endloop
  endfacet
  facet normal 0.000000 0.000000 1.000000
    outer loop
      vertex 15.632911 30.847458 0.400000
      vertex 21.708861 31.355932 0.400000
      vertex 15.632911 31.355932 0.400000
    endloop
  endfacet
  facet normal 0.000000 -1.000000 0.000000
    outer loop
      vertex 15.632911 30.847458 0.000000
      vertex 21.708861 30.847458 0.000000
      vertex 21.708861 30.847458 0.400000
    endloop
  endfacet
  facet normal 0.000000 -1.000000 0.000000
    outer loop
      vertex 15.632911 30.847458 0.000000
      vertex 21.708861 30.847458 0.400000
      vertex 15.632911 30.847458 0.400000
    endloop
  endfacet
  facet normal 0.000000 1.000000 0.000000
    outer loop
      vertex 15.632911 31.355932 0.000000
      vertex 21.708861 31.355932 0.400000
      vertex 21.708861 31.355932 0.000000
    endloop
  endfacet
  facet normal 0.000000 1.000000 0.000000
    outer loop
      vertex 15.632911 31.355932 0.000000
      vertex 15.632911 31.355932 0.400000
      vertex 21.708861 31.355932 0.400000
    endloop
  endfacet
  facet normal -1.000000 0.000000 0.000000
    outer loop
      vertex 15.632911 30.847458 0.000000
      vertex 15.632911 30.847458 0.400000
      vertex 15.632911 31.355932 0.400000
    endloop
  endfacet
  facet normal -1.000000 0.000000 0.000000
    outer loop
      vertex 15.632911 30.847458 0.000000
      vertex 15.632911 31.355932 0.400000
      vertex 15.632911 31.355932 0.000000
    endloop
  endfacet
  facet normal 1.000000 0.000000 0.000000
    outer loop
      vertex 21.708861 30.847458 0.000000
      vertex 21.708861 31.355932 0.000000
      vertex 21.708861 31.355932 0.400000
    endloop
  endfacet
  facet normal 1.000000 0.000000 0.000000
    outer loop
      vertex 21.708861 30.847458 0.000000
      vertex 21.708861 31.355932 0.400000
      vertex 21.708861 30.847458 0.400000
    endloop
  endfacet
  facet normal 0.000000 0.000000 -1.000000
    outer loop
      vertex 24.240506 30.847458 0.000000
      vertex 26.772152 31.355932 0.000000
      vertex 26.772152 30.847458 0.000000
    endloop
  endfacet
  facet normal 0.000000 0.000000 -1.000000
    outer loop
      vertex 24.240506 30.847458 0.000000
      vertex 24.240506 31.355932 0.000000
      vertex 26.772152 31.355932 0.000000
    endloop
  endfacet
  facet normal 0.000000 0.000000 1.000000
    outer loop
      vertex 24.240506 30.847458 0.400000
      vertex 26.772152 30.847458 0.400000
      vertex 26.772152 31.355932 0.400000
    endloop
  endfacet
  facet normal 0.000000 0.000000 1.000000
    outer loop
      vertex 24.240506 30.847458 0.400000
      vertex 26.772152 31.355932 0.400000
      vertex 24.240506 31.355932 0.400000
    endloop
  endfacet
  facet normal 0.000000 -1.000000 0.000000
    outer loop
      vertex 24.240506 30.847458 0.000000
      vertex 26.772152 30.847458 0.000000
      vertex 26.772152 30.847458 0.400000
    endloop
  endfacet
  facet normal 0.000000 -1.000000 0.000000
    outer loop
      vertex 24.240506 30.847458 0.000000
      vertex 26.772152 30.847458 0.400000
      vertex 24.240506 30.847458 0.400000
    endloop
  endfacet
  facet normal 0.000000 1.000000 0.000000
    outer loop
      vertex 24.240506 31.355932 0.000000
      vertex 26.772152 31.355932 0.400000
      vertex 26.772152 31.355932 0.000000
    endloop
  endfacet
  facet normal 0.000000 1.000000 0.000000
    outer loop
      vertex 24.240506 31.355932 0.000000
      vertex 24.240506 31.355932 0.400000
      vertex 26.772152 31.355932 0.400000
    endloop
  endfacet
  facet normal -1.000000 0.000000 0.000000
    outer loop
      vertex 24.240506 30.847458 0.000000
      vertex 24.240506 30.847458 0.400000
      vertex 24.240506 31.355932 0.400000
    endloop
  endfacet
  facet normal -1.000000 0.000000 0.000000
    outer loop
      vertex 24.240506 30.847458 0.000000
      vertex 24.240506 31.355932 0.400000
      vertex 24.240506 31.355932 0.000000
    endloop
  endfacet
  facet normal 1.000000 0.000000 0.000000
    outer loop
      vertex 26.772152 30.847458 0.000000
      vertex 26.772152 31.355932 0.000000
      vertex 26.772152 31.355932 0.400000
    endloop
  endfacet
  facet normal 1.000000 0.000000 0.000000
    outer loop
      vertex 26.772152 30.847458 0.000000
      vertex 26.772152 31.355932 0.400000
      vertex 26.772152 30.847458 0.400000
    endloop
  endfacet
  facet normal 0.000000 0.000000 -1.000000
    outer loop
      vertex 33.860759 30.847458 0.000000
      vertex 35.379747 31.355932 0.000000
      vertex 35.379747 30.847458 0.000000
    endloop
  endfacet
  facet normal 0.000000 0.000000 -1.000000
    outer loop
      vertex 33.860759 30.847458 0.000000
      vertex 33.860759 31.355932 0.000000
      vertex 35.379747 31.355932 0.000000
    endloop
  endfacet
  facet normal 0.000000 0.000000 1.000000
    outer loop
      vertex 33.860759 30.847458 0.400000
      vertex 35.379747 30.847458 0.400000
      vertex 35.379747 31.355932 0.400000
    endloop
  endfacet
  facet normal 0.000000 0.000000 1.000000
    outer loop
      vertex 33.860759 30.847458 0.400000
      vertex 35.379747 31.355932 0.400000
      vertex 33.860759 31.355932 0.400000
    endloop
  endfacet
  facet normal 0.000000 -1.000000 0.000000
    outer loop
      vertex 33.860759 30.847458 0.000000
      vertex 35.379747 30.847458 0.000000
      vertex 35.379747 30.847458 0.400000
    endloop
  endfacet
  facet normal 0.000000 -1.000000 0.000000
    outer loop
      vertex 33.860759 30.847458 0.000000
      vertex 35.379747 30.847458 0.400000
      vertex 33.860759 30.847458 0.400000
    endloop
  endfacet
  facet normal 0.000000 1.000000 0.000000
    outer loop
      vertex 33.860759 31.355932 0.000000
      vertex 35.379747 31.355932 0.400000
      vertex 35.379747 31.355932 0.000000
    endloop
  endfacet
  facet normal 0.000000 1.000000 0.000000
    outer loop
      vertex 33.860759 31.355932 0.000000
      vertex 33.860759 31.355932 0.400000
      vertex 35.379747 31.355932 0.400000
    endloop
  endfacet
  facet normal -1.000000 0.000000 0.000000
    outer loop
      vertex 33.860759 30.847458 0.000000
      vertex 33.860759 30.847458 0.400000
      vertex 33.860759 31.355932 0.400000
    endloop
  endfacet
  facet normal -1.000000 0.000000 0.000000
    outer loop
      vertex 33.860759 30.847458 0.000000
      vertex 33.860759 31.355932 0.400000
      vertex 33.860759 31.355932 0.000000
    endloop
  endfacet
  facet normal 1.000000 0.000000 0.000000
    outer loop
      vertex 35.379747 30.847458 0.000000
      vertex 35.379747 31.355932 0.000000
      vertex 35.379747 31.355932 0.400000
    endloop
  endfacet
  facet normal 1.000000 0.000000 0.000000
    outer loop
      vertex 35.379747 30.847458 0.000000
      vertex 35.379747 31.355932 0.400000
      vertex 35.379747 30.847458 0.400000
    endloop
  endfacet
  facet normal 0.000000 0.000000 -1.000000
    outer loop
      vertex 37.911392 30.847458 0.000000
      vertex 40.443038 31.355932 0.000000
      vertex 40.443038 30.847458 0.000000
    endloop
  endfacet
  facet normal 0.000000 0.000000 -1.000000
    outer loop
      vertex 37.911392 30.847458 0.000000
      vertex 37.911392 31.355932 0.000000
      vertex 40.443038 31.355932 0.000000
    endloop
  endfacet
  facet normal 0.000000 0.000000 1.000000
    outer loop
      vertex 37.911392 30.847458 0.400000
      vertex 40.443038 30.847458 0.400000
      vertex 40.443038 31.355932 0.400000
    endloop
  endfacet
  facet normal 0.000000 0.000000 1.000000
    outer loop
      vertex 37.911392 30.847458 0.400000
      vertex 40.443038 31.355932 0.400000
      vertex 37.911392 31.355932 0.400000
    endloop
  endfacet
  facet normal 0.000000 -1.000000 0.000000
    outer loop
      vertex 37.911392 30.847458 0.000000
      vertex 40.443038 30.847458 0.000000
      vertex 40.443038 30.847458 0.400000
    endloop
  endfacet
  facet normal 0.000000 -1.000000 0.000000
    outer loop
      vertex 37.911392 30.847458 0.000000
      vertex 40.443038 30.847458 0.400000
      vertex 37.911392 30.847458 0.400000
    endloop
  endfacet
  facet normal 0.000000 1.000000 0.000000
    outer loop
      vertex 37.911392 31.355932 0.000000
      vertex 40.443038 31.355932 0.400000
      vertex 40.443038 31.355932 0.000000
    endloop
  endfacet
  facet normal 0.000000 1.000000 0.000000
    outer loop
      vertex 37.911392 31.355932 0.000000
      vertex 37.911392 31.355932 0.400000
      vertex 40.443038 31.355932 0.400000
    endloop
  endfacet
  facet normal -1.000000 0.000000 0.000000
    outer loop
      vertex 37.911392 30.847458 0.000000
      vertex 37.911392 30.847458 0.400000
      vertex 37.911392 31.355932 0.400000
    endloop
  endfacet
  facet normal -1.000000 0.000000 0.000000
    outer loop
      vertex 37.911392 30.847458 0.000000
      vertex 37.911392 31.355932 0.400000
      vertex 37.911392 31.355932 0.000000
    endloop
  endfacet
  facet normal 1.000000 0.000000 0.000000
    outer loop
      vertex 40.443038 30.847458 0.000000
      vertex 40.443038 31.355932 0.000000
      vertex 40.443038 31.355932 0.400000
    endloop
  endfacet
  facet normal 1.000000 0.000000 0.000000
    outer loop
      vertex 40.443038 30.847458 0.000000
      vertex 40.443038 31.355932 0.400000
      vertex 40.443038 30.847458 0.400000
    endloop
  endfacet
  facet normal 0.000000 0.000000 -1.000000
    outer loop
      vertex 42.974684 30.847458 0.000000
      vertex 45.000000 31.355932 0.000000
      vertex 45.000000 30.847458 0.000000
    endloop
  endfacet
  facet normal 0.000000 0.000000 -1.000000
    outer loop
      vertex 42.974684 30.847458 0.000000
      vertex 42.974684 31.355932 0.000000
      vertex 45.000000 31.355932 0.000000
    endloop
  endfacet
  facet normal 0.000000 0.000000 1.000000
    outer loop
      vertex 42.974684 30.847458 0.400000
      vertex 45.000000 30.847458 0.400000
      vertex 45.000000 31.355932 0.400000
    endloop
  endfacet
  facet normal 0.000000 0.000000 1.000000
    outer loop
      vertex 42.974684 30.847458 0.400000
      vertex 45.000000 31.355932 0.400000
      vertex 42.974684 31.355932 0.400000
    endloop
  endfacet
  facet normal 0.000000 -1.000000 0.000000
    outer loop
      vertex 42.974684 30.847458 0.000000
      vertex 45.000000 30.847458 0.000000
      vertex 45.000000 30.847458 0.400000
    endloop
  endfacet
  facet normal 0.000000 -1.000000 0.000000
    outer loop
      vertex 42.974684 30.847458 0.000000
      vertex 45.000000 30.847458 0.400000
      vertex 42.974684 30.847458 0.400000
    endloop
  endfacet
  facet normal 0.000000 1.000000 0.000000
    outer loop
      vertex 42.974684 31.355932 0.000000
      vertex 45.000000 31.355932 0.400000
      vertex 45.000000 31.355932 0.000000
    endloop
  endfacet
  facet normal 0.000000 1.000000 0.000000
    outer loop
      vertex 42.974684 31.355932 0.000000
      vertex 42.974684 31.355932 0.400000
      vertex 45.000000 31.355932 0.400000
    endloop
  endfacet
  facet normal -1.000000 0.000000 0.000000
    outer loop
      vertex 42.974684 30.847458 0.000000
      vertex 42.974684 30.847458 0.400000
      vertex 42.974684 31.355932 0.400000
    endloop
  endfacet
  facet normal -1.000000 0.000000 0.000000
    outer loop
      vertex 42.974684 30.847458 0.000000
      vertex 42.974684 31.355932 0.400000
      vertex 42.974684 31.355932 0.000000
    endloop
  endfacet
  facet normal 1.000000 0.000000 0.000000
    outer loop
      vertex 45.000000 30.847458 0.000000
      vertex 45.000000 31.355932 0.000000
      vertex 45.000000 31.355932 0.400000
    endloop
  endfacet
  facet normal 1.000000 0.000000 0.000000
    outer loop
      vertex 45.000000 30.847458 0.000000
      vertex 45.000000 31.355932 0.400000
      vertex 45.000000 30.847458 0.400000
    endloop
  endfacet
  facet normal 0.000000 0.000000 -1.000000
    outer loop
      vertex 5.000000 30.338983 0.000000
      vertex 9.050633 30.847458 0.000000
      vertex 9.050633 30.338983 0.000000
    endloop
  endfacet
  facet normal 0.000000 0.000000 -1.000000
    outer loop
      vertex 5.000000 30.338983 0.000000
      vertex 5.000000 30.847458 0.000000
      vertex 9.050633 30.847458 0.000000
    endloop
  endfacet
  facet normal 0.000000 0.000000 1.000000
    outer loop
      vertex 5.000000 30.338983 0.400000
      vertex 9.050633 30.338983 0.400000
      vertex 9.050633 30.847458 0.400000
    endloop
  endfacet
  facet normal 0.000000 0.000000 1.000000
    outer loop
      vertex 5.000000 30.338983 0.400000
      vertex 9.050633 30.847458 0.400000
      vertex 5.000000 30.847458 0.400000
    endloop
  endfacet
  facet normal 0.000000 -1.000000 0.000000
    outer loop
      vertex 5.000000 30.338983 0.000000
      vertex 9.050633 30.338983 0.000000
      vertex 9.050633 30.338983 0.400000
    endloop
  endfacet
  facet normal 0.000000 -1.000000 0.000000
    outer loop
      vertex 5.000000 30.338983 0.000000
      vertex 9.050633 30.338983 0.400000
      vertex 5.000000 30.338983 0.400000
    endloop
  endfacet
  facet normal 0.000000 1.000000 0.000000
    outer loop
      vertex 5.000000 30.847458 0.000000
      vertex 9.050633 30.847458 0.400000
      vertex 9.050633 30.847458 0.000000
    endloop
  endfacet
  facet normal 0.000000 1.000000 0.000000
    outer loop
      vertex 5.000000 30.847458 0.000000
      vertex 5.000000 30.847458 0.400000
      vertex 9.050633 30.847458 0.400000
    endloop
  endfacet
  facet normal -1.000000 0.000000 0.000000
    outer loop
      vertex 5.000000 30.338983 0.000000
      vertex 5.000000 30.338983 0.400000
      vertex 5.000000 30.847458 0.400000
    endloop
  endfacet
  facet normal -1.000000 0.000000 0.000000
    outer loop
      vertex 5.000000 30.338983 0.000000
      vertex 5.000000 30.847458 0.400000
      vertex 5.000000 30.847458 0.000000
    endloop
  endfacet
  facet normal 1.000000 0.000000 0.000000
    outer loop
      vertex 9.050633 30.338983 0.000000
      vertex 9.050633 30.847458 0.000000
      vertex 9.050633 30.847458 0.400000
    endloop
  endfacet
  facet normal 1.000000 0.000000 0.000000
    outer loop
      vertex 9.050633 30.338983 0.000000
      vertex 9.050633 30.847458 0.400000
      vertex 9.050633 30.338983 0.400000
    endloop
  endfacet
  facet normal 0.000000 0.000000 -1.000000
    outer loop
      vertex 12.088608 30.338983 0.000000
      vertex 13.101266 30.847458 0.000000
      vertex 13.101266 30.338983 0.000000
    endloop
  endfacet
  facet normal 0.000000 0.000000 -1.000000
    outer loop
      vertex 12.088608 30.338983 0.000000
      vertex 12.088608 30.847458 0.000000
      vertex 13.101266 30.847458 0.000000
    endloop
  endfacet
  facet normal 0.000000 0.000000 1.000000
    outer loop
      vertex 12.088608 30.338983 0.400000
      vertex 13.101266 30.338983 0.400000
      vertex 13.101266 30.847458 0.400000
    endloop
  endfacet
  facet normal 0.000000 0.000000 1.000000
    outer loop
      vertex 12.088608 30.338983 0.400000
      vertex 13.101266 30.847458 0.400000
      vertex 12.088608 30.847458 0.400000
    endloop
  endfacet
  facet normal 0.000000 -1.000000 0.000000
    outer loop
      vertex 12.088608 30.338983 0.000000
      vertex 13.101266 30.338983 0.000000
      vertex 13.101266 30.338983 0.400000
    endloop
  endfacet
  facet normal 0.000000 -1.000000 0.000000
    outer loop
      vertex 12.088608 30.338983 0.000000
      vertex 13.101266 30.338983 0.400000
      vertex 12.088608 30.338983 0.400000
    endloop
  endfacet
  facet normal 0.000000 1.000000 0.000000
    outer loop
      vertex 12.088608 30.847458 0.000000
      vertex 13.101266 30.847458 0.400000
      vertex 13.101266 30.847458 0.000000
    endloop
  endfacet
  facet normal 0.000000 1.000000 0.000000
    outer loop
      vertex 12.088608 30.847458 0.000000
      vertex 12.088608 30.847458 0.400000
      vertex 13.101266 30.847458 0.400000
    endloop
  endfacet
  facet normal -1.000000 0.000000 0.000000
    outer loop
      vertex 12.088608 30.338983 0.000000
      vertex 12.088608 30.338983 0.400000
      vertex 12.088608 30.847458 0.400000
    endloop
  endfacet
  facet normal -1.000000 0.000000 0.000000
    outer loop
      vertex 12.088608 30.338983 0.000000
      vertex 12.088608 30.847458 0.400000
      vertex 12.088608 30.847458 0.000000
    endloop
  endfacet
  facet normal 1.000000 0.000000 0.000000
    outer loop
      vertex 13.101266 30.338983 0.000000
      vertex 13.101266 30.847458 0.000000
      vertex 13.101266 30.847458 0.400000
    endloop
  endfacet
  facet normal 1.000000 0.000000 0.000000
    outer loop
      vertex 13.101266 30.338983 0.000000
      vertex 13.101266 30.847458 0.400000
      vertex 13.101266 30.338983 0.400000
    endloop
  endfacet
  facet normal 0.000000 0.000000 -1.000000
    outer loop
      vertex 15.632911 30.338983 0.000000
      vertex 17.151899 30.847458 0.000000
      vertex 17.151899 30.338983 0.000000
    endloop
  endfacet
  facet normal 0.000000 0.000000 -1.000000
    outer loop
      vertex 15.632911 30.338983 0.000000
      vertex 15.632911 30.847458 0.000000
      vertex 17.151899 30.847458 0.000000
    endloop
  endfacet
  facet normal 0.000000 0.000000 1.000000
    outer loop
      vertex 15.632911 30.338983 0.400000
      vertex 17.151899 30.338983 0.400000
      vertex 17.151899 30.847458 0.400000
    endloop
  endfacet
  facet normal 0.000000 0.000000 1.000000
    outer loop
      vertex 15.632911 30.338983 0.400000
      vertex 17.151899 30.847458 0.400000
      vertex 15.632911 30.847458 0.400000
    endloop
  endfacet
  facet normal 0.000000 -1.000000 0.000000
    outer loop
      vertex 15.632911 30.338983 0.000000
      vertex 17.151899 30.338983 0.000000
      vertex 17.151899 30.338983 0.400000
    endloop
  endfacet
  facet normal 0.000000 -1.000000 0.000000
    outer loop
      vertex 15.632911 30.338983 0.000000
      vertex 17.151899 30.338983 0.400000
      vertex 15.632911 30.338983 0.400000
    endloop
  endfacet
  facet normal 0.000000 1.000000 0.000000
    outer loop
      vertex 15.632911 30.847458 0.000000
      vertex 17.151899 30.847458 0.400000
      vertex 17.151899 30.847458 0.000000
    endloop
  endfacet
  facet normal 0.000000 1.000000 0.000000
    outer loop
      vertex 15.632911 30.847458 0.000000
      vertex 15.632911 30.847458 0.400000
      vertex 17.151899 30.847458 0.400000
    endloop
  endfacet
  facet normal -1.000000 0.000000 0.000000
    outer loop
      vertex 15.632911 30.338983 0.000000
      vertex 15.632911 30.338983 0.400000
      vertex 15.632911 30.847458 0.400000
    endloop
  endfacet
  facet normal -1.000000 0.000000 0.000000
    outer loop
      vertex 15.632911 30.338983 0.000000
      vertex 15.632911 30.847458 0.400000
      vertex 15.632911 30.847458 0.000000
    endloop
  endfacet
  facet normal 1.000000 0.000000 0.000000
    outer loop
      vertex 17.151899 30.338983 0.000000
      vertex 17.151899 30.847458 0.000000
      vertex 17.151899 30.847458 0.400000
    endloop
  endfacet
  facet normal 1.000000 0.000000 0.000000
    outer loop
      vertex 17.151899 30.338983 0.000000
      vertex 17.151899 30.847458 0.400000
      vertex 17.151899 30.338983 0.400000
    endloop
  endfacet
  facet normal 0.000000 0.000000 -1.000000
    outer loop
      vertex 17.658228 30.338983 0.000000
      vertex 21.708861 30.847458 0.000000
      vertex 21.708861 30.338983 0.000000
    endloop
  endfacet
  facet normal 0.000000 0.000000 -1.000000
    outer loop
      vertex 17.658228 30.338983 0.000000
      vertex 17.658228 30.847458 0.000000
      vertex 21.708861 30.847458 0.000000
    endloop
  endfacet
  facet normal 0.000000 0.000000 1.000000
    outer loop
      vertex 17.658228 30.338983 0.400000
      vertex 21.708861 30.338983 0.400000
      vertex 21.708861 30.847458 0.400000
    endloop
  endfacet
  facet normal 0.000000 0.000000 1.000000
    outer loop
      vertex 17.658228 30.338983 0.400000
      vertex 21.708861 30.847458 0.400000
      vertex 17.658228 30.847458 0.400000
    endloop
  endfacet
  facet normal 0.000000 -1.000000 0.000000
    outer loop
      vertex 17.658228 30.338983 0.000000
      vertex 21.708861 30.338983 0.000000
      vertex 21.708861 30.338983 0.400000
    endloop
  endfacet
  facet normal 0.000000 -1.000000 0.000000
    outer loop
      vertex 17.658228 30.338983 0.000000
      vertex 21.708861 30.338983 0.400000
      vertex 17.658228 30.338983 0.400000
    endloop
  endfacet
  facet normal 0.000000 1.000000 0.000000
    outer loop
      vertex 17.658228 30.847458 0.000000
      vertex 21.708861 30.847458 0.400000
      vertex 21.708861 30.847458 0.000000
    endloop
  endfacet
  facet normal 0.000000 1.000000 0.000000
    outer loop
      vertex 17.658228 30.847458 0.000000
      vertex 17.658228 30.847458 0.400000
      vertex 21.708861 30.847458 0.400000
    endloop
  endfacet
  facet normal -1.000000 0.000000 0.000000
    outer loop
      vertex 17.658228 30.338983 0.000000
      vertex 17.658228 30.338983 0.400000
      vertex 17.658228 30.847458 0.400000
    endloop
  endfacet
  facet normal -1.000000 0.000000 0.000000
    outer loop
      vertex 17.658228 30.338983 0.000000
      vertex 17.658228 30.847458 0.400000
      vertex 17.658228 30.847458 0.000000
    endloop
  endfacet
  facet normal 1.000000 0.000000 0.000000
    outer loop
      vertex 21.708861 30.338983 0.000000
      vertex 21.708861 30.847458 0.000000
      vertex 21.708861 30.847458 0.400000
    endloop
  endfacet
  facet normal 1.000000 0.000000 0.000000
    outer loop
      vertex 21.708861 30.338983 0.000000
      vertex 21.708861 30.847458 0.400000
      vertex 21.708861 30.338983 0.400000
    endloop
  endfacet
  facet normal 0.000000 0.000000 -1.000000
    outer loop
      vertex 24.240506 30.338983 0.000000
      vertex 26.265823 30.847458 0.000000
      vertex 26.265823 30.338983 0.000000
    endloop
  endfacet
  facet normal 0.000000 0.000000 -1.000000
    outer loop
      vertex 24.240506 30.338983 0.000000
      vertex 24.240506 30.847458 0.000000
      vertex 26.265823 30.847458 0.000000
    endloop
  endfacet
  facet normal 0.000000 0.000000 1.000000
    outer loop
      vertex 24.240506 30.338983 0.400000
      vertex 26.265823 30.338983 0.400000
      vertex 26.265823 30.847458 0.400000
    endloop
  endfacet
  facet normal 0.000000 0.000000 1.000000
    outer loop
      vertex 24.240506 30.338983 0.400000
      vertex 26.265823 30.847458 0.400000
      vertex 24.240506 30.847458 0.400000
    endloop
  endfacet
  facet normal 0.000000 -1.000000 0.000000
    outer loop
      vertex 24.240506 30.338983 0.000000
      vertex 26.265823 30.338983 0.000000
      vertex 26.265823 30.338983 0.400000
    endloop
  endfacet
  facet normal 0.000000 -1.000000 0.000000
    outer loop
      vertex 24.240506 30.338983 0.000000
      vertex 26.265823 30.338983 0.400000
      vertex 24.240506 30.338983 0.400000
    endloop
  endfacet
  facet normal 0.000000 1.000000 0.000000
    outer loop
      vertex 24.240506 30.847458 0.000000
      vertex 26.265823 30.847458 0.400000
      vertex 26.265823 30.847458 0.000000
    endloop
  endfacet
  facet normal 0.000000 1.000000 0.000000
    outer loop
      vertex 24.240506 30.847458 0.000000
      vertex 24.240506 30.847458 0.400000
      vertex 26.265823 30.847458 0.400000
    endloop
  endfacet
  facet normal -1.000000 0.000000 0.000000
    outer loop
      vertex 24.240506 30.338983 0.000000
      vertex 24.240506 30.338983 0.400000
      vertex 24.240506 30.847458 0.400000
    endloop
  endfacet
  facet normal -1.000000 0.000000 0.000000
    outer loop
      vertex 24.240506 30.338983 0.000000
      vertex 24.240506 30.847458 0.400000
      vertex 24.240506 30.847458 0.000000
    endloop
  endfacet
  facet normal 1.000000 0.000000 0.000000
    outer loop
      vertex 26.265823 30.338983 0.000000
      vertex 26.265823 30.847458 0.000000
      vertex 26.265823 30.847458 0.400000
    endloop
  endfacet
  facet normal 1.000000 0.000000 0.000000
    outer loop
      vertex 26.265823 30.338983 0.000000
      vertex 26.265823 30.847458 0.400000
      vertex 26.265823 30.338983 0.400000
    endloop
  endfacet
  facet normal 0.000000 0.000000 -1.000000
    outer loop
      vertex 33.860759 30.338983 0.000000
      vertex 35.379747 30.847458 0.000000
      vertex 35.379747 30.338983 0.000000
    endloop
  endfacet
  facet normal 0.000000 0.000000 -1.000000
    outer loop
      vertex 33.860759 30.338983 0.000000
      vertex 33.860759 30.847458 0.000000
      vertex 35.379747 30.847458 0.000000
    endloop
  endfacet
  facet normal 0.000000 0.000000 1.000000
    outer loop
      vertex 33.860759 30.338983 0.400000
      vertex 35.379747 30.338983 0.400000
      vertex 35.379747 30.847458 0.400000
    endloop
  endfacet
  facet normal 0.000000 0.000000 1.000000
    outer loop
      vertex 33.860759 30.338983 0.400000
      vertex 35.379747 30.847458 0.400000
      vertex 33.860759 30.847458 0.400000
    endloop
  endfacet
  facet normal 0.000000 -1.000000 0.000000
    outer loop
      vertex 33.860759 30.338983 0.000000
      vertex 35.379747 30.338983 0.000000
      vertex 35.379747 30.338983 0.400000
    endloop
  endfacet
  facet normal 0.000000 -1.000000 0.000000
    outer loop
      vertex 33.860759 30.338983 0.000000
      vertex 35.379747 30.338983 0.400000
      vertex 33.860759 30.338983 0.400000
    endloop
  endfacet
  facet normal 0.000000 1.000000 0.000000
    outer loop
      vertex 33.860759 30.847458 0.000000
      vertex 35.379747 30.847458 0.400000
      vertex 35.379747 30.847458 0.000000
    endloop
  endfacet
  facet normal 0.000000 1.000000 0.000000
    outer loop
      vertex 33.860759 30.847458 0.000000
      vertex 33.860759 30.847458 0.400000
      vertex 35.379747 30.847458 0.400000
    endloop
  endfacet
  facet normal -1.000000 0.000000 0.000000
    outer loop
      vertex 33.860759 30.338983 0.000000
      vertex 33.860759 30.338983 0.400000
      vertex 33.860759 30.847458 0.400000
    endloop
  endfacet
  facet normal -1.000000 0.000000 0.000000
    outer loop
      vertex 33.860759 30.338983 0.000000
      vertex 33.860759 30.847458 0.400000
      vertex 33.860759 30.847458 0.000000
    endloop
  endfacet
  facet normal 1.000000 0.000000 0.000000
    outer loop
      vertex 35.379747 30.338983 0.000000
      vertex 35.379747 30.847458 0.000000
      vertex 35.379747 30.847458 0.400000
    endloop
  endfacet
  facet normal 1.000000 0.000000 0.000000
    outer loop
      vertex 35.379747 30.338983 0.000000
      vertex 35.379747 30.847458 0.400000
      vertex 35.379747 30.338983 0.400000
    endloop
  endfacet
  facet normal 0.000000 0.000000 -1.000000
    outer loop
      vertex 37.911392 30.338983 0.000000
      vertex 40.443038 30.847458 0.000000
      vertex 40.443038 30.338983 0.000000
    endloop
  endfacet
  facet normal 0.000000 0.000000 -1.000000
    outer loop
      vertex 37.911392 30.338983 0.000000
      vertex 37.911392 30.847458 0.000000
      vertex 40.443038 30.847458 0.000000
    endloop
  endfacet
  facet normal 0.000000 0.000000 1.000000
    outer loop
      vertex 37.911392 30.338983 0.400000
      vertex 40.443038 30.338983 0.400000
      vertex 40.443038 30.847458 0.400000
    endloop
  endfacet
  facet normal 0.000000 0.000000 1.000000
    outer loop
      vertex 37.911392 30.338983 0.400000
      vertex 40.443038 30.847458 0.400000
      vertex 37.911392 30.847458 0.400000
    endloop
  endfacet
  facet normal 0.000000 -1.000000 0.000000
    outer loop
      vertex 37.911392 30.338983 0.000000
      vertex 40.443038 30.338983 0.000000
      vertex 40.443038 30.338983 0.400000
    endloop
  endfacet
  facet normal 0.000000 -1.000000 0.000000
    outer loop
      vertex 37.911392 30.338983 0.000000
      vertex 40.443038 30.338983 0.400000
      vertex 37.911392 30.338983 0.400000
    endloop
  endfacet
  facet normal 0.000000 1.000000 0.000000
    outer loop
      vertex 37.911392 30.847458 0.000000
      vertex 40.443038 30.847458 0.400000
      vertex 40.443038 30.847458 0.000000
    endloop
  endfacet
  facet normal 0.000000 1.000000 0.000000
    outer loop
      vertex 37.911392 30.847458 0.000000
      vertex 37.911392 30.847458 0.400000
      vertex 40.443038 30.847458 0.400000
    endloop
  endfacet
  facet normal -1.000000 0.000000 0.000000
    outer loop
      vertex 37.911392 30.338983 0.000000
      vertex 37.911392 30.338983 0.400000
      vertex 37.911392 30.847458 0.400000
    endloop
  endfacet
  facet normal -1.000000 0.000000 0.000000
    outer loop
      vertex 37.911392 30.338983 0.000000
      vertex 37.911392 30.847458 0.400000
      vertex 37.911392 30.847458 0.000000
    endloop
  endfacet
  facet normal 1.000000 0.000000 0.000000
    outer loop
      vertex 40.443038 30.338983 0.000000
      vertex 40.443038 30.847458 0.000000
      vertex 40.443038 30.847458 0.400000
    endloop
  endfacet
  facet normal 1.000000 0.000000 0.000000
    outer loop
      vertex 40.443038 30.338983 0.000000
      vertex 40.443038 30.847458 0.400000
      vertex 40.443038 30.338983 0.400000
    endloop
  endfacet
  facet normal 0.000000 0.000000 -1.000000
    outer loop
      vertex 42.974684 30.338983 0.000000
      vertex 45.000000 30.847458 0.000000
      vertex 45.000000 30.338983 0.000000
    endloop
  endfacet
  facet normal 0.000000 0.000000 -1.000000
    outer loop
      vertex 42.974684 30.338983 0.000000
      vertex 42.974684 30.847458 0.000000
      vertex 45.000000 30.847458 0.000000
    endloop
  endfacet
  facet normal 0.000000 0.000000 1.000000
    outer loop
      vertex 42.974684 30.338983 0.400000
      vertex 45.000000 30.338983 0.400000
      vertex 45.000000 30.847458 0.400000
    endloop
  endfacet
  facet normal 0.000000 0.000000 1.000000
    outer loop
      vertex 42.974684 30.338983 0.400000
      vertex 45.000000 30.847458 0.400000
      vertex 42.974684 30.847458 0.400000
    endloop
  endfacet
  facet normal 0.000000 -1.000000 0.000000
    outer loop
      vertex 42.974684 30.338983 0.000000
      vertex 45.000000 30.338983 0.000000
      vertex 45.000000 30.338983 0.400000
    endloop
  endfacet
  facet normal 0.000000 -1.000000 0.000000
    outer loop
      vertex 42.974684 30.338983 0.000000
      vertex 45.000000 30.338983 0.400000
      vertex 42.974684 30.338983 0.400000
    endloop
  endfacet
  facet normal 0.000000 1.000000 0.000000
    outer loop
      vertex 42.974684 30.847458 0.000000
      vertex 45.000000 30.847458 0.400000
      vertex 45.000000 30.847458 0.000000
    endloop
  endfacet
  facet normal 0.000000 1.000000 0.000000
    outer loop
      vertex 42.974684 30.847458 0.000000
      vertex 42.974684 30.847458 0.400000
      vertex 45.000000 30.847458 0.400000
    endloop
  endfacet
  facet normal -1.000000 0.000000 0.000000
    outer loop
      vertex 42.974684 30.338983 0.000000
      vertex 42.974684 30.338983 0.400000
      vertex 42.974684 30.847458 0.400000
    endloop
  endfacet
  facet normal -1.000000 0.000000 0.000000
    outer loop
      vertex 42.974684 30.338983 0.000000
      vertex 42.974684 30.847458 0.400000
      vertex 42.974684 30.847458 0.000000
    endloop
  endfacet
  facet normal 1.000000 0.000000 0.000000
    outer loop
      vertex 45.000000 30.338983 0.000000
      vertex 45.000000 30.847458 0.000000
      vertex 45.000000 30.847458 0.400000
    endloop
  endfacet
  facet normal 1.000000 0.000000 0.000000
    outer loop
      vertex 45.000000 30.338983 0.000000
      vertex 45.000000 30.847458 0.400000
      vertex 45.000000 30.338983 0.400000
    endloop
  endfacet
  facet normal 0.000000 0.000000 -1.000000
    outer loop
      vertex 5.000000 29.830508 0.000000
      vertex 8.544304 30.338983 0.000000
      vertex 8.544304 29.830508 0.000000
    endloop
  endfacet
  facet normal 0.000000 0.000000 -1.000000
    outer loop
      vertex 5.000000 29.830508 0.000000
      vertex 5.000000 30.338983 0.000000
      vertex 8.544304 30.338983 0.000000
    endloop
  endfacet
  facet normal 0.000000 0.000000 1.000000
    outer loop
      vertex 5.000000 29.830508 0.400000
      vertex 8.544304 29.830508 0.400000
      vertex 8.544304 30.338983 0.400000
    endloop
  endfacet
  facet normal 0.000000 0.000000 1.000000
    outer loop
      vertex 5.000000 29.830508 0.400000
      vertex 8.544304 30.338983 0.400000
      vertex 5.000000 30.338983 0.400000
    endloop
  endfacet
  facet normal 0.000000 -1.000000 0.000000
    outer loop
      vertex 5.000000 29.830508 0.000000
      vertex 8.544304 29.830508 0.000000
      vertex 8.544304 29.830508 0.400000
    endloop
  endfacet
  facet normal 0.000000 -1.000000 0.000000
    outer loop
      vertex 5.000000 29.830508 0.000000
      vertex 8.544304 29.830508 0.400000
      vertex 5.000000 29.830508 0.400000
    endloop
  endfacet
  facet normal 0.000000 1.000000 0.000000
    outer loop
      vertex 5.000000 30.338983 0.000000
      vertex 8.544304 30.338983 0.400000
      vertex 8.544304 30.338983 0.000000
    endloop
  endfacet
  facet normal 0.000000 1.000000 0.000000
    outer loop
      vertex 5.000000 30.338983 0.000000
      vertex 5.000000 30.338983 0.400000
      vertex 8.544304 30.338983 0.400000
    endloop
  endfacet
  facet normal -1.000000 0.000000 0.000000
    outer loop
      vertex 5.000000 29.830508 0.000000
      vertex 5.000000 29.830508 0.400000
      vertex 5.000000 30.338983 0.400000
    endloop
  endfacet
  facet normal -1.000000 0.000000 0.000000
    outer loop
      vertex 5.000000 29.830508 0.000000
      vertex 5.000000 30.338983 0.400000
      vertex 5.000000 30.338983 0.000000
    endloop
  endfacet
  facet normal 1.000000 0.000000 0.000000
    outer loop
      vertex 8.544304 29.830508 0.000000
      vertex 8.544304 30.338983 0.000000
      vertex 8.544304 30.338983 0.400000
    endloop
  endfacet
  facet normal 1.000000 0.000000 0.000000
    outer loop
      vertex 8.544304 29.830508 0.000000
      vertex 8.544304 30.338983 0.400000
      vertex 8.544304 29.830508 0.400000
    endloop
  endfacet
  facet normal 0.000000 0.000000 -1.000000
    outer loop
      vertex 11.582278 29.830508 0.000000
      vertex 13.101266 30.338983 0.000000
      vertex 13.101266 29.830508 0.000000
    endloop
  endfacet
  facet normal 0.000000 0.000000 -1.000000
    outer loop
      vertex 11.582278 29.830508 0.000000
      vertex 11.582278 30.338983 0.000000
      vertex 13.101266 30.338983 0.000000
    endloop
  endfacet
  facet normal 0.000000 0.000000 1.000000
    outer loop
      vertex 11.582278 29.830508 0.400000
      vertex 13.101266 29.830508 0.400000
      vertex 13.101266 30.338983 0.400000
    endloop
  endfacet
  facet normal 0.000000 0.000000 1.000000
    outer loop
      vertex 11.582278 29.830508 0.400000
      vertex 13.101266 30.338983 0.400000
      vertex 11.582278 30.338983 0.400000
    endloop
  endfacet
  facet normal 0.000000 -1.000000 0.000000
    outer loop
      vertex 11.582278 29.830508 0.000000
      vertex 13.101266 29.830508 0.000000
      vertex 13.101266 29.830508 0.400000
    endloop
  endfacet
  facet normal 0.000000 -1.000000 0.000000
    outer loop
      vertex 11.582278 29.830508 0.000000
      vertex 13.101266 29.830508 0.400000
      vertex 11.582278 29.830508 0.400000
    endloop
  endfacet
  facet normal 0.000000 1.000000 0.000000
    outer loop
      vertex 11.582278 30.338983 0.000000
      vertex 13.101266 30.338983 0.400000
      vertex 13.101266 30.338983 0.000000
    endloop
  endfacet
  facet normal 0.000000 1.000000 0.000000
    outer loop
      vertex 11.582278 30.338983 0.000000
      vertex 11.582278 30.338983 0.400000
      vertex 13.101266 30.338983 0.400000
    endloop
  endfacet
  facet normal -1.000000 0.000000 0.000000
    outer loop
      vertex 11.582278 29.830508 0.000000
      vertex 11.582278 29.830508 0.400000
      vertex 11.582278 30.338983 0.400000
    endloop
  endfacet
  facet normal -1.000000 0.000000 0.000000
    outer loop
      vertex 11.582278 29.830508 0.000000
      vertex 11.582278 30.338983 0.400000
      vertex 11.582278 30.338983 0.000000
    endloop
  endfacet
  facet normal 1.000000 0.000000 0.000000
    outer loop
      vertex 13.101266 29.830508 0.000000
      vertex 13.101266 30.338983 0.000000
      vertex 13.101266 30.338983 0.400000
    endloop
  endfacet
  facet normal 1.000000 0.000000 0.000000
    outer loop
      vertex 13.101266 29.830508 0.000000
      vertex 13.101266 30.338983 0.400000
      vertex 13.101266 29.830508 0.400000
    endloop
  endfacet
  facet normal 0.000000 0.000000 -1.000000
    outer loop
      vertex 15.632911 29.830508 0.000000
      vertex 17.151899 30.338983 0.000000
      vertex 17.151899 29.830508 0.000000
    endloop
  endfacet
  facet normal 0.000000 0.000000 -1.000000
    outer loop
      vertex 15.632911 29.830508 0.000000
      vertex 15.632911 30.338983 0.000000
      vertex 17.151899 30.338983 0.000000
    endloop
  endfacet
  facet normal 0.000000 0.000000 1.000000
    outer loop
      vertex 15.632911 29.830508 0.400000
      vertex 17.151899 29.830508 0.400000
      vertex 17.151899 30.338983 0.400000
    endloop
  endfacet
  facet normal 0.000000 0.000000 1.000000
    outer loop
      vertex 15.632911 29.830508 0.400000
      vertex 17.151899 30.338983 0.400000
      vertex 15.632911 30.338983 0.400000
    endloop
  endfacet
  facet normal 0.000000 -1.000000 0.000000
    outer loop
      vertex 15.632911 29.830508 0.000000
      vertex 17.151899 29.830508 0.000000
      vertex 17.151899 29.830508 0.400000
    endloop
  endfacet
  facet normal 0.000000 -1.000000 0.000000
    outer loop
      vertex 15.632911 29.830508 0.000000
      vertex 17.151899 29.830508 0.400000
      vertex 15.632911 29.830508 0.400000
    endloop
  endfacet
  facet normal 0.000000 1.000000 0.000000
    outer loop
      vertex 15.632911 30.338983 0.000000
      vertex 17.151899 30.338983 0.400000
      vertex 17.151899 30.338983 0.000000
    endloop
  endfacet
  facet normal 0.000000 1.000000 0.000000
    outer loop
      vertex 15.632911 30.338983 0.000000
      vertex 15.632911 30.338983 0.400000
      vertex 17.151899 30.338983 0.400000
    endloop
  endfacet
  facet normal -1.000000 0.000000 0.000000
    outer loop
      vertex 15.632911 29.830508 0.000000
      vertex 15.632911 29.830508 0.400000
      vertex 15.632911 30.338983 0.400000
    endloop
  endfacet
  facet normal -1.000000 0.000000 0.000000
    outer loop
      vertex 15.632911 29.830508 0.000000
      vertex 15.632911 30.338983 0.400000
      vertex 15.632911 30.338983 0.000000
    endloop
  endfacet
  facet normal 1.000000 0.000000 0.000000
    outer loop
      vertex 17.151899 29.830508 0.000000
      vertex 17.151899 30.338983 0.000000
      vertex 17.151899 30.338983 0.400000
    endloop
  endfacet
  facet normal 1.000000 0.000000 0.000000
    outer loop
      vertex 17.151899 29.830508 0.000000
      vertex 17.151899 30.338983 0.400000
      vertex 17.151899 29.830508 0.400000
    endloop
  endfacet
  facet normal 0.000000 0.000000 -1.000000
    outer loop
      vertex 18.164557 29.830508 0.000000
      vertex 20.696203 30.338983 0.000000
      vertex 20.696203 29.830508 0.000000
    endloop
  endfacet
  facet normal 0.000000 0.000000 -1.000000
    outer loop
      vertex 18.164557 29.830508 0.000000
      vertex 18.164557 30.338983 0.000000
      vertex 20.696203 30.338983 0.000000
    endloop
  endfacet
  facet normal 0.000000 0.000000 1.000000
    outer loop
      vertex 18.164557 29.830508 0.400000
      vertex 20.696203 29.830508 0.400000
      vertex 20.696203 30.338983 0.400000
    endloop
  endfacet
  facet normal 0.000000 0.000000 1.000000
    outer loop
      vertex 18.164557 29.830508 0.400000
      vertex 20.696203 30.338983 0.400000
      vertex 18.164557 30.338983 0.400000
    endloop
  endfacet
  facet normal 0.000000 -1.000000 0.000000
    outer loop
      vertex 18.164557 29.830508 0.000000
      vertex 20.696203 29.830508 0.000000
      vertex 20.696203 29.830508 0.400000
    endloop
  endfacet
  facet normal 0.000000 -1.000000 0.000000
    outer loop
      vertex 18.164557 29.830508 0.000000
      vertex 20.696203 29.830508 0.400000
      vertex 18.164557 29.830508 0.400000
    endloop
  endfacet
  facet normal 0.000000 1.000000 0.000000
    outer loop
      vertex 18.164557 30.338983 0.000000
      vertex 20.696203 30.338983 0.400000
      vertex 20.696203 30.338983 0.000000
    endloop
  endfacet
  facet normal 0.000000 1.000000 0.000000
    outer loop
      vertex 18.164557 30.338983 0.000000
      vertex 18.164557 30.338983 0.400000
      vertex 20.696203 30.338983 0.400000
    endloop
  endfacet
  facet normal -1.000000 0.000000 0.000000
    outer loop
      vertex 18.164557 29.830508 0.000000
      vertex 18.164557 29.830508 0.400000
      vertex 18.164557 30.338983 0.400000
    endloop
  endfacet
  facet normal -1.000000 0.000000 0.000000
    outer loop
      vertex 18.164557 29.830508 0.000000
      vertex 18.164557 30.338983 0.400000
      vertex 18.164557 30.338983 0.000000
    endloop
  endfacet
  facet normal 1.000000 0.000000 0.000000
    outer loop
      vertex 20.696203 29.830508 0.000000
      vertex 20.696203 30.338983 0.000000
      vertex 20.696203 30.338983 0.400000
    endloop
  endfacet
  facet normal 1.000000 0.000000 0.000000
    outer loop
      vertex 20.696203 29.830508 0.000000
      vertex 20.696203 30.338983 0.400000
      vertex 20.696203 29.830508 0.400000
    endloop
  endfacet
  facet normal 0.000000 0.000000 -1.000000
    outer loop
      vertex 23.734177 29.830508 0.000000
      vertex 26.265823 30.338983 0.000000
      vertex 26.265823 29.830508 0.000000
    endloop
  endfacet
  facet normal 0.000000 0.000000 -1.000000
    outer loop
      vertex 23.734177 29.830508 0.000000
      vertex 23.734177 30.338983 0.000000
      vertex 26.265823 30.338983 0.000000
    endloop
  endfacet
  facet normal 0.000000 0.000000 1.000000
    outer loop
      vertex 23.734177 29.830508 0.400000
      vertex 26.265823 29.830508 0.400000
      vertex 26.265823 30.338983 0.400000
    endloop
  endfacet
  facet normal 0.000000 0.000000 1.000000
    outer loop
      vertex 23.734177 29.830508 0.400000
      vertex 26.265823 30.338983 0.400000
      vertex 23.734177 30.338983 0.400000
    endloop
  endfacet
  facet normal 0.000000 -1.000000 0.000000
    outer loop
      vertex 23.734177 29.830508 0.000000
      vertex 26.265823 29.830508 0.000000
      vertex 26.265823 29.830508 0.400000
    endloop
  endfacet
  facet normal 0.000000 -1.000000 0.000000
    outer loop
      vertex 23.734177 29.830508 0.000000
      vertex 26.265823 29.830508 0.400000
      vertex 23.734177 29.830508 0.400000
    endloop
  endfacet
  facet normal 0.000000 1.000000 0.000000
    outer loop
      vertex 23.734177 30.338983 0.000000
      vertex 26.265823 30.338983 0.400000
      vertex 26.265823 30.338983 0.000000
    endloop
  endfacet
  facet normal 0.000000 1.000000 0.000000
    outer loop
      vertex 23.734177 30.338983 0.000000
      vertex 23.734177 30.338983 0.400000
      vertex 26.265823 30.338983 0.400000
    endloop
  endfacet
  facet normal -1.000000 0.000000 0.000000
    outer loop
      vertex 23.734177 29.830508 0.000000
      vertex 23.734177 29.830508 0.400000
      vertex 23.734177 30.338983 0.400000
    endloop
  endfacet
  facet normal -1.000000 0.000000 0.000000
    outer loop
      vertex 23.734177 29.830508 0.000000
      vertex 23.734177 30.338983 0.400000
      vertex 23.734177 30.338983 0.000000
    endloop
  endfacet
  facet normal 1.000000 0.000000 0.000000
    outer loop
      vertex 26.265823 29.830508 0.000000
      vertex 26.265823 30.338983 0.000000
      vertex 26.265823 30.338983 0.400000
    endloop
  endfacet
  facet normal 1.000000 0.000000 0.000000
    outer loop
      vertex 26.265823 29.830508 0.000000
      vertex 26.265823 30.338983 0.400000
      vertex 26.265823 29.830508 0.400000
    endloop
  endfacet
  facet normal 0.000000 0.000000 -1.000000
    outer loop
      vertex 34.367089 29.830508 0.000000
      vertex 35.886076 30.338983 0.000000
      vertex 35.886076 29.830508 0.000000
    endloop
  endfacet
  facet normal 0.000000 0.000000 -1.000000
    outer loop
      vertex 34.367089 29.830508 0.000000
      vertex 34.367089 30.338983 0.000000
      vertex 35.886076 30.338983 0.000000
    endloop
  endfacet
  facet normal 0.000000 0.000000 1.000000
    outer loop
      vertex 34.367089 29.830508 0.400000
      vertex 35.886076 29.830508 0.400000
      vertex 35.886076 30.338983 0.400000
    endloop
  endfacet
  facet normal 0.000000 0.000000 1.000000
    outer loop
      vertex 34.367089 29.830508 0.400000
      vertex 35.886076 30.338983 0.400000
      vertex 34.367089 30.338983 0.400000
    endloop
  endfacet
  facet normal 0.000000 -1.000000 0.000000
    outer loop
      vertex 34.367089 29.830508 0.000000
      vertex 35.886076 29.830508 0.000000
      vertex 35.886076 29.830508 0.400000
    endloop
  endfacet
  facet normal 0.000000 -1.000000 0.000000
    outer loop
      vertex 34.367089 29.830508 0.000000
      vertex 35.886076 29.830508 0.400000
      vertex 34.367089 29.830508 0.400000
    endloop
  endfacet
  facet normal 0.000000 1.000000 0.000000
    outer loop
      vertex 34.367089 30.338983 0.000000
      vertex 35.886076 30.338983 0.400000
      vertex 35.886076 30.338983 0.000000
    endloop
  endfacet
  facet normal 0.000000 1.000000 0.000000
    outer loop
      vertex 34.367089 30.338983 0.000000
      vertex 34.367089 30.338983 0.400000
      vertex 35.886076 30.338983 0.400000
    endloop
  endfacet
  facet normal -1.000000 0.000000 0.000000
    outer loop
      vertex 34.367089 29.830508 0.000000
      vertex 34.367089 29.830508 0.400000
      vertex 34.367089 30.338983 0.400000
    endloop
  endfacet
  facet normal -1.000000 0.000000 0.000000
    outer loop
      vertex 34.367089 29.830508 0.000000
      vertex 34.367089 30.338983 0.400000
      vertex 34.367089 30.338983 0.000000
    endloop
  endfacet
  facet normal 1.000000 0.000000 0.000000
    outer loop
      vertex 35.886076 29.830508 0.000000
      vertex 35.886076 30.338983 0.000000
      vertex 35.886076 30.338983 0.400000
    endloop
  endfacet
  facet normal 1.000000 0.000000 0.000000
    outer loop
      vertex 35.886076 29.830508 0.000000
      vertex 35.886076 30.338983 0.400000
      vertex 35.886076 29.830508 0.400000
    endloop
  endfacet
  facet normal 0.000000 0.000000 -1.000000
    outer loop
      vertex 38.417722 29.830508 0.000000
      vertex 40.443038 30.338983 0.000000
      vertex 40.443038 29.830508 0.000000
    endloop
  endfacet
  facet normal 0.000000 0.000000 -1.000000
    outer loop
      vertex 38.417722 29.830508 0.000000
      vertex 38.417722 30.338983 0.000000
      vertex 40.443038 30.338983 0.000000
    endloop
  endfacet
  facet normal 0.000000 0.000000 1.000000
    outer loop
      vertex 38.417722 29.830508 0.400000
      vertex 40.443038 29.830508 0.400000
      vertex 40.443038 30.338983 0.400000
    endloop
  endfacet
  facet normal 0.000000 0.000000 1.000000
    outer loop
      vertex 38.417722 29.830508 0.400000
      vertex 40.443038 30.338983 0.400000
      vertex 38.417722 30.338983 0.400000
    endloop
  endfacet
  facet normal 0.000000 -1.000000 0.000000
    outer loop
      vertex 38.417722 29.830508 0.000000
      vertex 40.443038 29.830508 0.000000
      vertex 40.443038 29.830508 0.400000
    endloop
  endfacet
  facet normal 0.000000 -1.000000 0.000000
    outer loop
      vertex 38.417722 29.830508 0.000000
      vertex 40.443038 29.830508 0.400000
      vertex 38.417722 29.830508 0.400000
    endloop
  endfacet
  facet normal 0.000000 1.000000 0.000000
    outer loop
      vertex 38.417722 30.338983 0.000000
      vertex 40.443038 30.338983 0.400000
      vertex 40.443038 30.338983 0.000000
    endloop
  endfacet
  facet normal 0.000000 1.000000 0.000000
    outer loop
      vertex 38.417722 30.338983 0.000000
      vertex 38.417722 30.338983 0.400000
      vertex 40.443038 30.338983 0.400000
    endloop
  endfacet
  facet normal -1.000000 0.000000 0.000000
    outer loop
      vertex 38.417722 29.830508 0.000000
      vertex 38.417722 29.830508 0.400000
      vertex 38.417722 30.338983 0.400000
    endloop
  endfacet
  facet normal -1.000000 0.000000 0.000000
    outer loop
      vertex 38.417722 29.830508 0.000000
      vertex 38.417722 30.338983 0.400000
      vertex 38.417722 30.338983 0.000000
    endloop
  endfacet
  facet normal 1.000000 0.000000 0.000000
    outer loop
      vertex 40.443038 29.830508 0.000000
      vertex 40.443038 30.338983 0.000000
      vertex 40.443038 30.338983 0.400000
    endloop
  endfacet
  facet normal 1.000000 0.000000 0.000000
    outer loop
      vertex 40.443038 29.830508 0.000000
      vertex 40.443038 30.338983 0.400000
      vertex 40.443038 29.830508 0.400000
    endloop
  endfacet
  facet normal 0.000000 0.000000 -1.000000
    outer loop
      vertex 42.974684 29.830508 0.000000
      vertex 45.000000 30.338983 0.000000
      vertex 45.000000 29.830508 0.000000
    endloop
  endfacet
  facet normal 0.000000 0.000000 -1.000000
    outer loop
      vertex 42.974684 29.830508 0.000000
      vertex 42.974684 30.338983 0.000000
      vertex 45.000000 30.338983 0.000000
    endloop
  endfacet
  facet normal 0.000000 0.000000 1.000000
    outer loop
      vertex 42.974684 29.830508 0.400000
      vertex 45.000000 29.830508 0.400000
      vertex 45.000000 30.338983 0.400000
    endloop
  endfacet
  facet normal 0.000000 0.000000 1.000000
    outer loop
      vertex 42.974684 29.830508 0.400000
      vertex 45.000000 30.338983 0.400000
      vertex 42.974684 30.338983 0.400000
    endloop
  endfacet
  facet normal 0.000000 -1.000000 0.000000
    outer loop
      vertex 42.974684 29.830508 0.000000
      vertex 45.000000 29.830508 0.000000
      vertex 45.000000 29.830508 0.400000
    endloop
  endfacet
  facet normal 0.000000 -1.000000 0.000000
    outer loop
      vertex 42.974684 29.830508 0.000000
      vertex 45.000000 29.830508 0.400000
      vertex 42.974684 29.830508 0.400000
    endloop
  endfacet
  facet normal 0.000000 1.000000 0.000000
    outer loop
      vertex 42.974684 30.338983 0.000000
      vertex 45.000000 30.338983 0.400000
      vertex 45.000000 30.338983 0.000000
    endloop
  endfacet
  facet normal 0.000000 1.000000 0.000000
    outer loop
      vertex 42.974684 30.338983 0.000000
      vertex 42.974684 30.338983 0.400000
      vertex 45.000000 30.338983 0.400000
    endloop
  endfacet
  facet normal -1.000000 0.000000 0.000000
    outer loop
      vertex 42.974684 29.830508 0.000000
      vertex 42.974684 29.830508 0.400000
      vertex 42.974684 30.338983 0.400000
    endloop
  endfacet
  facet normal -1.000000 0.000000 0.000000
    outer loop
      vertex 42.974684 29.830508 0.000000
      vertex 42.974684 30.338983 0.400000
      vertex 42.974684 30.338983 0.000000
    endloop
  endfacet
  facet normal 1.000000 0.000000 0.000000
    outer loop
      vertex 45.000000 29.830508 0.000000
      vertex 45.000000 30.338983 0.000000
      vertex 45.000000 30.338983 0.400000
    endloop
  endfacet
  facet normal 1.000000 0.000000 0.000000
    outer loop
      vertex 45.000000 29.830508 0.000000
      vertex 45.000000 30.338983 0.400000
      vertex 45.000000 29.830508 0.400000
    endloop
  endfacet
  facet normal 0.000000 0.000000 -1.000000
    outer loop
      vertex 5.000000 29.322034 0.000000
      vertex 8.037975 29.830508 0.000000
      vertex 8.037975 29.322034 0.000000
    endloop
  endfacet
  facet normal 0.000000 0.000000 -1.000000
    outer loop
      vertex 5.000000 29.322034 0.000000
      vertex 5.000000 29.830508 0.000000
      vertex 8.037975 29.830508 0.000000
    endloop
  endfacet
  facet normal 0.000000 0.000000 1.000000
    outer loop
      vertex 5.000000 29.322034 0.400000
      vertex 8.037975 29.322034 0.400000
      vertex 8.037975 29.830508 0.400000
    endloop
  endfacet
  facet normal 0.000000 0.000000 1.000000
    outer loop
      vertex 5.000000 29.322034 0.400000
      vertex 8.037975 29.830508 0.400000
      vertex 5.000000 29.830508 0.400000
    endloop
  endfacet
  facet normal 0.000000 -1.000000 0.000000
    outer loop
      vertex 5.000000 29.322034 0.000000
      vertex 8.037975 29.322034 0.000000
      vertex 8.037975 29.322034 0.400000
    endloop
  endfacet
  facet normal 0.000000 -1.000000 0.000000
    outer loop
      vertex 5.000000 29.322034 0.000000
      vertex 8.037975 29.322034 0.400000
      vertex 5.000000 29.322034 0.400000
    endloop
  endfacet
  facet normal 0.000000 1.000000 0.000000
    outer loop
      vertex 5.000000 29.830508 0.000000
      vertex 8.037975 29.830508 0.400000
      vertex 8.037975 29.830508 0.000000
    endloop
  endfacet
  facet normal 0.000000 1.000000 0.000000
    outer loop
      vertex 5.000000 29.830508 0.000000
      vertex 5.000000 29.830508 0.400000
      vertex 8.037975 29.830508 0.400000
    endloop
  endfacet
  facet normal -1.000000 0.000000 0.000000
    outer loop
      vertex 5.000000 29.322034 0.000000
      vertex 5.000000 29.322034 0.400000
      vertex 5.000000 29.830508 0.400000
    endloop
  endfacet
  facet normal -1.000000 0.000000 0.000000
    outer loop
      vertex 5.000000 29.322034 0.000000
      vertex 5.000000 29.830508 0.400000
      vertex 5.000000 29.830508 0.000000
    endloop
  endfacet
  facet normal 1.000000 0.000000 0.000000
    outer loop
      vertex 8.037975 29.322034 0.000000
      vertex 8.037975 29.830508 0.000000
      vertex 8.037975 29.830508 0.400000
    endloop
  endfacet
  facet normal 1.000000 0.000000 0.000000
    outer loop
      vertex 8.037975 29.322034 0.000000
      vertex 8.037975 29.830508 0.400000
      vertex 8.037975 29.322034 0.400000
    endloop
  endfacet
  facet normal 0.000000 0.000000 -1.000000
    outer loop
      vertex 11.075949 29.322034 0.000000
      vertex 13.101266 29.830508 0.000000
      vertex 13.101266 29.322034 0.000000
    endloop
  endfacet
  facet normal 0.000000 0.000000 -1.000000
    outer loop
      vertex 11.075949 29.322034 0.000000
      vertex 11.075949 29.830508 0.000000
      vertex 13.101266 29.830508 0.000000
    endloop
  endfacet
  facet normal 0.000000 0.000000 1.000000
    outer loop
      vertex 11.075949 29.322034 0.400000
      vertex 13.101266 29.322034 0.400000
      vertex 13.101266 29.830508 0.400000
    endloop
  endfacet
  facet normal 0.000000 0.000000 1.000000
    outer loop
      vertex 11.075949 29.322034 0.400000
      vertex 13.101266 29.830508 0.400000
      vertex 11.075949 29.830508 0.400000
    endloop
  endfacet
  facet normal 0.000000 -1.000000 0.000000
    outer loop
      vertex 11.075949 29.322034 0.000000
      vertex 13.101266 29.322034 0.000000
      vertex 13.101266 29.322034 0.400000
    endloop
  endfacet
  facet normal 0.000000 -1.000000 0.000000
    outer loop
      vertex 11.075949 29.322034 0.000000
      vertex 13.101266 29.322034 0.400000
      vertex 11.075949 29.322034 0.400000
    endloop
  endfacet
  facet normal 0.000000 1.000000 0.000000
    outer loop
      vertex 11.075949 29.830508 0.000000
      vertex 13.101266 29.830508 0.400000
      vertex 13.101266 29.830508 0.000000
    endloop
  endfacet
  facet normal 0.000000 1.000000 0.000000
    outer loop
      vertex 11.075949 29.830508 0.000000
      vertex 11.075949 29.830508 0.400000
      vertex 13.101266 29.830508 0.400000
    endloop
  endfacet
  facet normal -1.000000 0.000000 0.000000
    outer loop
      vertex 11.075949 29.322034 0.000000
      vertex 11.075949 29.322034 0.400000
      vertex 11.075949 29.830508 0.400000
    endloop
  endfacet
  facet normal -1.000000 0.000000 0.000000
    outer loop
      vertex 11.075949 29.322034 0.000000
      vertex 11.075949 29.830508 0.400000
      vertex 11.075949 29.830508 0.000000
    endloop
  endfacet
  facet normal 1.000000 0.000000 0.000000
    outer loop
      vertex 13.101266 29.322034 0.000000
      vertex 13.101266 29.830508 0.000000
      vertex 13.101266 29.830508 0.400000
    endloop
  endfacet
  facet normal 1.000000 0.000000 0.000000
    outer loop
      vertex 13.101266 29.322034 0.000000
      vertex 13.101266 29.830508 0.400000
      vertex 13.101266 29.322034 0.400000
    endloop
  endfacet
  facet normal 0.000000 0.000000 -1.000000
    outer loop
      vertex 15.632911 29.322034 0.000000
      vertex 17.151899 29.830508 0.000000
      vertex 17.151899 29.322034 0.000000
    endloop
  endfacet
  facet normal 0.000000 0.000000 -1.000000
    outer loop
      vertex 15.632911 29.322034 0.000000
      vertex 15.632911 29.830508 0.000000
      vertex 17.151899 29.830508 0.000000
    endloop
  endfacet
  facet normal 0.000000 0.000000 1.000000
    outer loop
      vertex 15.632911 29.322034 0.400000
      vertex 17.151899 29.322034 0.400000
      vertex 17.151899 29.830508 0.400000
    endloop
  endfacet
  facet normal 0.000000 0.000000 1.000000
    outer loop
      vertex 15.632911 29.322034 0.400000
      vertex 17.151899 29.830508 0.400000
      vertex 15.632911 29.830508 0.400000
    endloop
  endfacet
  facet normal 0.000000 -1.000000 0.000000
    outer loop
      vertex 15.632911 29.322034 0.000000
      vertex 17.151899 29.322034 0.000000
      vertex 17.151899 29.322034 0.400000
    endloop
  endfacet
  facet normal 0.000000 -1.000000 0.000000
    outer loop
      vertex 15.632911 29.322034 0.000000
      vertex 17.151899 29.322034 0.400000
      vertex 15.632911 29.322034 0.400000
    endloop
  endfacet
  facet normal 0.000000 1.000000 0.000000
    outer loop
      vertex 15.632911 29.830508 0.000000
      vertex 17.151899 29.830508 0.400000
      vertex 17.151899 29.830508 0.000000
    endloop
  endfacet
  facet normal 0.000000 1.000000 0.000000
    outer loop
      vertex 15.632911 29.830508 0.000000
      vertex 15.632911 29.830508 0.400000
      vertex 17.151899 29.830508 0.400000
    endloop
  endfacet
  facet normal -1.000000 0.000000 0.000000
    outer loop
      vertex 15.632911 29.322034 0.000000
      vertex 15.632911 29.322034 0.400000
      vertex 15.632911 29.830508 0.400000
    endloop
  endfacet
  facet normal -1.000000 0.000000 0.000000
    outer loop
      vertex 15.632911 29.322034 0.000000
      vertex 15.632911 29.830508 0.400000
      vertex 15.632911 29.830508 0.000000
    endloop
  endfacet
  facet normal 1.000000 0.000000 0.000000
    outer loop
      vertex 17.151899 29.322034 0.000000
      vertex 17.151899 29.830508 0.000000
      vertex 17.151899 29.830508 0.400000
    endloop
  endfacet
  facet normal 1.000000 0.000000 0.000000
    outer loop
      vertex 17.151899 29.322034 0.000000
      vertex 17.151899 29.830508 0.400000
      vertex 17.151899 29.322034 0.400000
    endloop
  endfacet
  facet normal 0.000000 0.000000 -1.000000
    outer loop
      vertex 23.227848 29.322034 0.000000
      vertex 25.759494 29.830508 0.000000
      vertex 25.759494 29.322034 0.000000
    endloop
  endfacet
  facet normal 0.000000 0.000000 -1.000000
    outer loop
      vertex 23.227848 29.322034 0.000000
      vertex 23.227848 29.830508 0.000000
      vertex 25.759494 29.830508 0.000000
    endloop
  endfacet
  facet normal 0.000000 0.000000 1.000000
    outer loop
      vertex 23.227848 29.322034 0.400000
      vertex 25.759494 29.322034 0.400000
      vertex 25.759494 29.830508 0.400000
    endloop
  endfacet
  facet normal 0.000000 0.000000 1.000000
    outer loop
      vertex 23.227848 29.322034 0.400000
      vertex 25.759494 29.830508 0.400000
      vertex 23.227848 29.830508 0.400000
    endloop
  endfacet
  facet normal 0.000000 -1.000000 0.000000
    outer loop
      vertex 23.227848 29.322034 0.000000
      vertex 25.759494 29.322034 0.000000
      vertex 25.759494 29.322034 0.400000
    endloop
  endfacet
  facet normal 0.000000 -1.000000 0.000000
    outer loop
      vertex 23.227848 29.322034 0.000000
      vertex 25.759494 29.322034 0.400000
      vertex 23.227848 29.322034 0.400000
    endloop
  endfacet
  facet normal 0.000000 1.000000 0.000000
    outer loop
      vertex 23.227848 29.830508 0.000000
      vertex 25.759494 29.830508 0.400000
      vertex 25.759494 29.830508 0.000000
    endloop
  endfacet
  facet normal 0.000000 1.000000 0.000000
    outer loop
      vertex 23.227848 29.830508 0.000000
      vertex 23.227848 29.830508 0.400000
      vertex 25.759494 29.830508 0.400000
    endloop
  endfacet
  facet normal -1.000000 0.000000 0.000000
    outer loop
      vertex 23.227848 29.322034 0.000000
      vertex 23.227848 29.322034 0.400000
      vertex 23.227848 29.830508 0.400000
    endloop
  endfacet
  facet normal -1.000000 0.000000 0.000000
    outer loop
      vertex 23.227848 29.322034 0.000000
      vertex 23.227848 29.830508 0.400000
      vertex 23.227848 29.830508 0.000000
    endloop
  endfacet
  facet normal 1.000000 0.000000 0.000000
    outer loop
      vertex 25.759494 29.322034 0.000000
      vertex 25.759494 29.830508 0.000000
      vertex 25.759494 29.830508 0.400000
    endloop
  endfacet
  facet normal 1.000000 0.000000 0.000000
    outer loop
      vertex 25.759494 29.322034 0.000000
      vertex 25.759494 29.830508 0.400000
      vertex 25.759494 29.322034 0.400000
    endloop
  endfacet
  facet normal 0.000000 0.000000 -1.000000
    outer loop
      vertex 28.291139 29.322034 0.000000
      vertex 31.835443 29.830508 0.000000
      vertex 31.835443 29.322034 0.000000
    endloop
  endfacet
  facet normal 0.000000 0.000000 -1.000000
    outer loop
      vertex 28.291139 29.322034 0.000000
      vertex 28.291139 29.830508 0.000000
      vertex 31.835443 29.830508 0.000000
    endloop
  endfacet
  facet normal 0.000000 0.000000 1.000000
    outer loop
      vertex 28.291139 29.322034 0.400000
      vertex 31.835443 29.322034 0.400000
      vertex 31.835443 29.830508 0.400000
    endloop
  endfacet
  facet normal 0.000000 0.000000 1.000000
    outer loop
      vertex 28.291139 29.322034 0.400000
      vertex 31.835443 29.830508 0.400000
      vertex 28.291139 29.830508 0.400000
    endloop
  endfacet
  facet normal 0.000000 -1.000000 0.000000
    outer loop
      vertex 28.291139 29.322034 0.000000
      vertex 31.835443 29.322034 0.000000
      vertex 31.835443 29.322034 0.400000
    endloop
  endfacet
  facet normal 0.000000 -1.000000 0.000000
    outer loop
      vertex 28.291139 29.322034 0.000000
      vertex 31.835443 29.322034 0.400000
      vertex 28.291139 29.322034 0.400000
    endloop
  endfacet
  facet normal 0.000000 1.000000 0.000000
    outer loop
      vertex 28.291139 29.830508 0.000000
      vertex 31.835443 29.830508 0.400000
      vertex 31.835443 29.830508 0.000000
    endloop
  endfacet
  facet normal 0.000000 1.000000 0.000000
    outer loop
      vertex 28.291139 29.830508 0.000000
      vertex 28.291139 29.830508 0.400000
      vertex 31.835443 29.830508 0.400000
    endloop
  endfacet
  facet normal -1.000000 0.000000 0.000000
    outer loop
      vertex 28.291139 29.322034 0.000000
      vertex 28.291139 29.322034 0.400000
      vertex 28.291139 29.830508 0.400000
    endloop
  endfacet
  facet normal -1.000000 0.000000 0.000000
    outer loop
      vertex 28.291139 29.322034 0.000000
      vertex 28.291139 29.830508 0.400000
      vertex 28.291139 29.830508 0.000000
    endloop
  endfacet
  facet normal 1.000000 0.000000 0.000000
    outer loop
      vertex 31.835443 29.322034 0.000000
      vertex 31.835443 29.830508 0.000000
      vertex 31.835443 29.830508 0.400000
    endloop
  endfacet
  facet normal 1.000000 0.000000 0.000000
    outer loop
      vertex 31.835443 29.322034 0.000000
      vertex 31.835443 29.830508 0.400000
      vertex 31.835443 29.322034 0.400000
    endloop
  endfacet
  facet normal 0.000000 0.000000 -1.000000
    outer loop
      vertex 34.367089 29.322034 0.000000
      vertex 35.886076 29.830508 0.000000
      vertex 35.886076 29.322034 0.000000
    endloop
  endfacet
  facet normal 0.000000 0.000000 -1.000000
    outer loop
      vertex 34.367089 29.322034 0.000000
      vertex 34.367089 29.830508 0.000000
      vertex 35.886076 29.830508 0.000000
    endloop
  endfacet
  facet normal 0.000000 0.000000 1.000000
    outer loop
      vertex 34.367089 29.322034 0.400000
      vertex 35.886076 29.322034 0.400000
      vertex 35.886076 29.830508 0.400000
    endloop
  endfacet
  facet normal 0.000000 0.000000 1.000000
    outer loop
      vertex 34.367089 29.322034 0.400000
      vertex 35.886076 29.830508 0.400000
      vertex 34.367089 29.830508 0.400000
    endloop
  endfacet
  facet normal 0.000000 -1.000000 0.000000
    outer loop
      vertex 34.367089 29.322034 0.000000
      vertex 35.886076 29.322034 0.000000
      vertex 35.886076 29.322034 0.400000
    endloop
  endfacet
  facet normal 0.000000 -1.000000 0.000000
    outer loop
      vertex 34.367089 29.322034 0.000000
      vertex 35.886076 29.322034 0.400000
      vertex 34.367089 29.322034 0.400000
    endloop
  endfacet
  facet normal 0.000000 1.000000 0.000000
    outer loop
      vertex 34.367089 29.830508 0.000000
      vertex 35.886076 29.830508 0.400000
      vertex 35.886076 29.830508 0.000000
    endloop
  endfacet
  facet normal 0.000000 1.000000 0.000000
    outer loop
      vertex 34.367089 29.830508 0.000000
      vertex 34.367089 29.830508 0.400000
      vertex 35.886076 29.830508 0.400000
    endloop
  endfacet
  facet normal -1.000000 0.000000 0.000000
    outer loop
      vertex 34.367089 29.322034 0.000000
      vertex 34.367089 29.322034 0.400000
      vertex 34.367089 29.830508 0.400000
    endloop
  endfacet
  facet normal -1.000000 0.000000 0.000000
    outer loop
      vertex 34.367089 29.322034 0.000000
      vertex 34.367089 29.830508 0.400000
      vertex 34.367089 29.830508 0.000000
    endloop
  endfacet
  facet normal 1.000000 0.000000 0.000000
    outer loop
      vertex 35.886076 29.322034 0.000000
      vertex 35.886076 29.830508 0.000000
      vertex 35.886076 29.830508 0.400000
    endloop
  endfacet
  facet normal 1.000000 0.000000 0.000000
    outer loop
      vertex 35.886076 29.322034 0.000000
      vertex 35.886076 29.830508 0.400000
      vertex 35.886076 29.322034 0.400000
    endloop
  endfacet
  facet normal 0.000000 0.000000 -1.000000
    outer loop
      vertex 42.974684 29.322034 0.000000
      vertex 45.000000 29.830508 0.000000
      vertex 45.000000 29.322034 0.000000
    endloop
  endfacet
  facet normal 0.000000 0.000000 -1.000000
    outer loop
      vertex 42.974684 29.322034 0.000000
      vertex 42.974684 29.830508 0.000000
      vertex 45.000000 29.830508 0.000000
    endloop
  endfacet
  facet normal 0.000000 0.000000 1.000000
    outer loop
      vertex 42.974684 29.322034 0.400000
      vertex 45.000000 29.322034 0.400000
      vertex 45.000000 29.830508 0.400000
    endloop
  endfacet
  facet normal 0.000000 0.000000 1.000000
    outer loop
      vertex 42.974684 29.322034 0.400000
      vertex 45.000000 29.830508 0.400000
      vertex 42.974684 29.830508 0.400000
    endloop
  endfacet
  facet normal 0.000000 -1.000000 0.000000
    outer loop
      vertex 42.974684 29.322034 0.000000
      vertex 45.000000 29.322034 0.000000
      vertex 45.000000 29.322034 0.400000
    endloop
  endfacet
  facet normal 0.000000 -1.000000 0.000000
    outer loop
      vertex 42.974684 29.322034 0.000000
      vertex 45.000000 29.322034 0.400000
      vertex 42.974684 29.322034 0.400000
    endloop
  endfacet
  facet normal 0.000000 1.000000 0.000000
    outer loop
      vertex 42.974684 29.830508 0.000000
      vertex 45.000000 29.830508 0.400000
      vertex 45.000000 29.830508 0.000000
    endloop
  endfacet
  facet normal 0.000000 1.000000 0.000000
    outer loop
      vertex 42.974684 29.830508 0.000000
      vertex 42.974684 29.830508 0.400000
      vertex 45.000000 29.830508 0.400000
    endloop
  endfacet
  facet normal -1.000000 0.000000 0.000000
    outer loop
      vertex 42.974684 29.322034 0.000000
      vertex 42.974684 29.322034 0.400000
      vertex 42.974684 29.830508 0.400000
    endloop
  endfacet
  facet normal -1.000000 0.000000 0.000000
    outer loop
      vertex 42.974684 29.322034 0.000000
      vertex 42.974684 29.830508 0.400000
      vertex 42.974684 29.830508 0.000000
    endloop
  endfacet
  facet normal 1.000000 0.000000 0.000000
    outer loop
      vertex 45.000000 29.322034 0.000000
      vertex 45.000000 29.830508 0.000000
      vertex 45.000000 29.830508 0.400000
    endloop
  endfacet
  facet normal 1.000000 0.000000 0.000000
    outer loop
      vertex 45.000000 29.322034 0.000000
      vertex 45.000000 29.830508 0.400000
      vertex 45.000000 29.322034 0.400000
    endloop
  endfacet
  facet normal 0.000000 0.000000 -1.000000
    outer loop
      vertex 5.000000 28.813559 0.000000
      vertex 7.531646 29.322034 0.000000
      vertex 7.531646 28.813559 0.000000
    endloop
  endfacet
  facet normal 0.000000 0.000000 -1.000000
    outer loop
      vertex 5.000000 28.813559 0.000000
      vertex 5.000000 29.322034 0.000000
      vertex 7.531646 29.322034 0.000000
    endloop
  endfacet
  facet normal 0.000000 0.000000 1.000000
    outer loop
      vertex 5.000000 28.813559 0.400000
      vertex 7.531646 28.813559 0.400000
      vertex 7.531646 29.322034 0.400000
    endloop
  endfacet
  facet normal 0.000000 0.000000 1.000000
    outer loop
      vertex 5.000000 28.813559 0.400000
      vertex 7.531646 29.322034 0.400000
      vertex 5.000000 29.322034 0.400000
    endloop
  endfacet
  facet normal 0.000000 -1.000000 0.000000
    outer loop
      vertex 5.000000 28.813559 0.000000
      vertex 7.531646 28.813559 0.000000
      vertex 7.531646 28.813559 0.400000
    endloop
  endfacet
  facet normal 0.000000 -1.000000 0.000000
    outer loop
      vertex 5.000000 28.813559 0.000000
      vertex 7.531646 28.813559 0.400000
      vertex 5.000000 28.813559 0.400000
    endloop
  endfacet
  facet normal 0.000000 1.000000 0.000000
    outer loop
      vertex 5.000000 29.322034 0.000000
      vertex 7.531646 29.322034 0.400000
      vertex 7.531646 29.322034 0.000000
    endloop
  endfacet
  facet normal 0.000000 1.000000 0.000000
    outer loop
      vertex 5.000000 29.322034 0.000000
      vertex 5.000000 29.322034 0.400000
      vertex 7.531646 29.322034 0.400000
    endloop
  endfacet
  facet normal -1.000000 0.000000 0.000000
    outer loop
      vertex 5.000000 28.813559 0.000000
      vertex 5.000000 28.813559 0.400000
      vertex 5.000000 29.322034 0.400000
    endloop
  endfacet
  facet normal -1.000000 0.000000 0.000000
    outer loop
      vertex 5.000000 28.813559 0.000000
      vertex 5.000000 29.322034 0.400000
      vertex 5.000000 29.322034 0.000000
    endloop
  endfacet
  facet normal 1.000000 0.000000 0.000000
    outer loop
      vertex 7.531646 28.813559 0.000000
      vertex 7.531646 29.322034 0.000000
      vertex 7.531646 29.322034 0.400000
    endloop
  endfacet
  facet normal 1.000000 0.000000 0.000000
    outer loop
      vertex 7.531646 28.813559 0.000000
      vertex 7.531646 29.322034 0.400000
      vertex 7.531646 28.813559 0.400000
    endloop
  endfacet
  facet normal 0.000000 0.000000 -1.000000
    outer loop
      vertex 10.569620 28.813559 0.000000
      vertex 13.101266 29.322034 0.000000
      vertex 13.101266 28.813559 0.000000
    endloop
  endfacet
  facet normal 0.000000 0.000000 -1.000000
    outer loop
      vertex 10.569620 28.813559 0.000000
      vertex 10.569620 29.322034 0.000000
      vertex 13.101266 29.322034 0.000000
    endloop
  endfacet
  facet normal 0.000000 0.000000 1.000000
    outer loop
      vertex 10.569620 28.813559 0.400000
      vertex 13.101266 28.813559 0.400000
      vertex 13.101266 29.322034 0.400000
    endloop
  endfacet
  facet normal 0.000000 0.000000 1.000000
    outer loop
      vertex 10.569620 28.813559 0.400000
      vertex 13.101266 29.322034 0.400000
      vertex 10.569620 29.322034 0.400000
    endloop
  endfacet
  facet normal 0.000000 -1.000000 0.000000
    outer loop
      vertex 10.569620 28.813559 0.000000
      vertex 13.101266 28.813559 0.000000
      vertex 13.101266 28.813559 0.400000
    endloop
  endfacet
  facet normal 0.000000 -1.000000 0.000000
    outer loop
      vertex 10.569620 28.813559 0.000000
      vertex 13.101266 28.813559 0.400000
      vertex 10.569620 28.813559 0.400000
    endloop
  endfacet
  facet normal 0.000000 1.000000 0.000000
    outer loop
      vertex 10.569620 29.322034 0.000000
      vertex 13.101266 29.322034 0.400000
      vertex 13.101266 29.322034 0.000000
    endloop
  endfacet
  facet normal 0.000000 1.000000 0.000000
    outer loop
      vertex 10.569620 29.322034 0.000000
      vertex 10.569620 29.322034 0.400000
      vertex 13.101266 29.322034 0.400000
    endloop
  endfacet
  facet normal -1.000000 0.000000 0.000000
    outer loop
      vertex 10.569620 28.813559 0.000000
      vertex 10.569620 28.813559 0.400000
      vertex 10.569620 29.322034 0.400000
    endloop
  endfacet
  facet normal -1.000000 0.000000 0.000000
    outer loop
      vertex 10.569620 28.813559 0.000000
      vertex 10.569620 29.322034 0.400000
      vertex 10.569620 29.322034 0.000000
    endloop
  endfacet
  facet normal 1.000000 0.000000 0.000000
    outer loop
      vertex 13.101266 28.813559 0.000000
      vertex 13.101266 29.322034 0.000000
      vertex 13.101266 29.322034 0.400000
    endloop
  endfacet
  facet normal 1.000000 0.000000 0.000000
    outer loop
      vertex 13.101266 28.813559 0.000000
      vertex 13.101266 29.322034 0.400000
      vertex 13.101266 28.813559 0.400000
    endloop
  endfacet
  facet normal 0.000000 0.000000 -1.000000
    outer loop
      vertex 15.632911 28.813559 0.000000
      vertex 17.151899 29.322034 0.000000
      vertex 17.151899 28.813559 0.000000
    endloop
  endfacet
  facet normal 0.000000 0.000000 -1.000000
    outer loop
      vertex 15.632911 28.813559 0.000000
      vertex 15.632911 29.322034 0.000000
      vertex 17.151899 29.322034 0.000000
    endloop
  endfacet
  facet normal 0.000000 0.000000 1.000000
    outer loop
      vertex 15.632911 28.813559 0.400000
      vertex 17.151899 28.813559 0.400000
      vertex 17.151899 29.322034 0.400000
    endloop
  endfacet
  facet normal 0.000000 0.000000 1.000000
    outer loop
      vertex 15.632911 28.813559 0.400000
      vertex 17.151899 29.322034 0.400000
      vertex 15.632911 29.322034 0.400000
    endloop
  endfacet
  facet normal 0.000000 -1.000000 0.000000
    outer loop
      vertex 15.632911 28.813559 0.000000
      vertex 17.151899 28.813559 0.000000
      vertex 17.151899 28.813559 0.400000
    endloop
  endfacet
  facet normal 0.000000 -1.000000 0.000000
    outer loop
      vertex 15.632911 28.813559 0.000000
      vertex 17.151899 28.813559 0.400000
      vertex 15.632911 28.813559 0.400000
    endloop
  endfacet
  facet normal 0.000000 1.000000 0.000000
    outer loop
      vertex 15.632911 29.322034 0.000000
      vertex 17.151899 29.322034 0.400000
      vertex 17.151899 29.322034 0.000000
    endloop
  endfacet
  facet normal 0.000000 1.000000 0.000000
    outer loop
      vertex 15.632911 29.322034 0.000000
      vertex 15.632911 29.322034 0.400000
      vertex 17.151899 29.322034 0.400000
    endloop
  endfacet
  facet normal -1.000000 0.000000 0.000000
    outer loop
      vertex 15.632911 28.813559 0.000000
      vertex 15.632911 28.813559 0.400000
      vertex 15.632911 29.322034 0.400000
    endloop
  endfacet
  facet normal -1.000000 0.000000 0.000000
    outer loop
      vertex 15.632911 28.813559 0.000000
      vertex 15.632911 29.322034 0.400000
      vertex 15.632911 29.322034 0.000000
    endloop
  endfacet
  facet normal 1.000000 0.000000 0.000000
    outer loop
      vertex 17.151899 28.813559 0.000000
      vertex 17.151899 29.322034 0.000000
      vertex 17.151899 29.322034 0.400000
    endloop
  endfacet
  facet normal 1.000000 0.000000 0.000000
    outer loop
      vertex 17.151899 28.813559 0.000000
      vertex 17.151899 29.322034 0.400000
      vertex 17.151899 28.813559 0.400000
    endloop
  endfacet
  facet normal 0.000000 0.000000 -1.000000
    outer loop
      vertex 22.721519 28.813559 0.000000
      vertex 25.759494 29.322034 0.000000
      vertex 25.759494 28.813559 0.000000
    endloop
  endfacet
  facet normal 0.000000 0.000000 -1.000000
    outer loop
      vertex 22.721519 28.813559 0.000000
      vertex 22.721519 29.322034 0.000000
      vertex 25.759494 29.322034 0.000000
    endloop
  endfacet
  facet normal 0.000000 0.000000 1.000000
    outer loop
      vertex 22.721519 28.813559 0.400000
      vertex 25.759494 28.813559 0.400000
      vertex 25.759494 29.322034 0.400000
    endloop
  endfacet
  facet normal 0.000000 0.000000 1.000000
    outer loop
      vertex 22.721519 28.813559 0.400000
      vertex 25.759494 29.322034 0.400000
      vertex 22.721519 29.322034 0.400000
    endloop
  endfacet
  facet normal 0.000000 -1.000000 0.000000
    outer loop
      vertex 22.721519 28.813559 0.000000
      vertex 25.759494 28.813559 0.000000
      vertex 25.759494 28.813559 0.400000
    endloop
  endfacet
  facet normal 0.000000 -1.000000 0.000000
    outer loop
      vertex 22.721519 28.813559 0.000000
      vertex 25.759494 28.813559 0.400000
      vertex 22.721519 28.813559 0.400000
    endloop
  endfacet
  facet normal 0.000000 1.000000 0.000000
    outer loop
      vertex 22.721519 29.322034 0.000000
      vertex 25.759494 29.322034 0.400000
      vertex 25.759494 29.322034 0.000000
    endloop
  endfacet
  facet normal 0.000000 1.000000 0.000000
    outer loop
      vertex 22.721519 29.322034 0.000000
      vertex 22.721519 29.322034 0.400000
      vertex 25.759494 29.322034 0.400000
    endloop
  endfacet
  facet normal -1.000000 0.000000 0.000000
    outer loop
      vertex 22.721519 28.813559 0.000000
      vertex 22.721519 28.813559 0.400000
      vertex 22.721519 29.322034 0.400000
    endloop
  endfacet
  facet normal -1.000000 0.000000 0.000000
    outer loop
      vertex 22.721519 28.813559 0.000000
      vertex 22.721519 29.322034 0.400000
      vertex 22.721519 29.322034 0.000000
    endloop
  endfacet
  facet normal 1.000000 0.000000 0.000000
    outer loop
      vertex 25.759494 28.813559 0.000000
      vertex 25.759494 29.322034 0.000000
      vertex 25.759494 29.322034 0.400000
    endloop
  endfacet
  facet normal 1.000000 0.000000 0.000000
    outer loop
      vertex 25.759494 28.813559 0.000000
      vertex 25.759494 29.322034 0.400000
      vertex 25.759494 28.813559 0.400000
    endloop
  endfacet
  facet normal 0.000000 0.000000 -1.000000
    outer loop
      vertex 28.291139 28.813559 0.000000
      vertex 32.341772 29.322034 0.000000
      vertex 32.341772 28.813559 0.000000
    endloop
  endfacet
  facet normal 0.000000 0.000000 -1.000000
    outer loop
      vertex 28.291139 28.813559 0.000000
      vertex 28.291139 29.322034 0.000000
      vertex 32.341772 29.322034 0.000000
    endloop
  endfacet
  facet normal 0.000000 0.000000 1.000000
    outer loop
      vertex 28.291139 28.813559 0.400000
      vertex 32.341772 28.813559 0.400000
      vertex 32.341772 29.322034 0.400000
    endloop
  endfacet
  facet normal 0.000000 0.000000 1.000000
    outer loop
      vertex 28.291139 28.813559 0.400000
      vertex 32.341772 29.322034 0.400000
      vertex 28.291139 29.322034 0.400000
    endloop
  endfacet
  facet normal 0.000000 -1.000000 0.000000
    outer loop
      vertex 28.291139 28.813559 0.000000
      vertex 32.341772 28.813559 0.000000
      vertex 32.341772 28.813559 0.400000
    endloop
  endfacet
  facet normal 0.000000 -1.000000 0.000000
    outer loop
      vertex 28.291139 28.813559 0.000000
      vertex 32.341772 28.813559 0.400000
      vertex 28.291139 28.813559 0.400000
    endloop
  endfacet
  facet normal 0.000000 1.000000 0.000000
    outer loop
      vertex 28.291139 29.322034 0.000000
      vertex 32.341772 29.322034 0.400000
      vertex 32.341772 29.322034 0.000000
    endloop
  endfacet
  facet normal 0.000000 1.000000 0.000000
    outer loop
      vertex 28.291139 29.322034 0.000000
      vertex 28.291139 29.322034 0.400000
      vertex 32.341772 29.322034 0.400000
    endloop
  endfacet
  facet normal -1.000000 0.000000 0.000000
    outer loop
      vertex 28.291139 28.813559 0.000000
      vertex 28.291139 28.813559 0.400000
      vertex 28.291139 29.322034 0.400000
    endloop
  endfacet
  facet normal -1.000000 0.000000 0.000000
    outer loop
      vertex 28.291139 28.813559 0.000000
      vertex 28.291139 29.322034 0.400000
      vertex 28.291139 29.322034 0.000000
    endloop
  endfacet
  facet normal 1.000000 0.000000 0.000000
    outer loop
      vertex 32.341772 28.813559 0.000000
      vertex 32.341772 29.322034 0.000000
      vertex 32.341772 29.322034 0.400000
    endloop
  endfacet
  facet normal 1.000000 0.000000 0.000000
    outer loop
      vertex 32.341772 28.813559 0.000000
      vertex 32.341772 29.322034 0.400000
      vertex 32.341772 28.813559 0.400000
    endloop
  endfacet
  facet normal 0.000000 0.000000 -1.000000
    outer loop
      vertex 34.367089 28.813559 0.000000
      vertex 36.392405 29.322034 0.000000
      vertex 36.392405 28.813559 0.000000
    endloop
  endfacet
  facet normal 0.000000 0.000000 -1.000000
    outer loop
      vertex 34.367089 28.813559 0.000000
      vertex 34.367089 29.322034 0.000000
      vertex 36.392405 29.322034 0.000000
    endloop
  endfacet
  facet normal 0.000000 0.000000 1.000000
    outer loop
      vertex 34.367089 28.813559 0.400000
      vertex 36.392405 28.813559 0.400000
      vertex 36.392405 29.322034 0.400000
    endloop
  endfacet
  facet normal 0.000000 0.000000 1.000000
    outer loop
      vertex 34.367089 28.813559 0.400000
      vertex 36.392405 29.322034 0.400000
      vertex 34.367089 29.322034 0.400000
    endloop
  endfacet
  facet normal 0.000000 -1.000000 0.000000
    outer loop
      vertex 34.367089 28.813559 0.000000
      vertex 36.392405 28.813559 0.000000
      vertex 36.392405 28.813559 0.400000
    endloop
  endfacet
  facet normal 0.000000 -1.000000 0.000000
    outer loop
      vertex 34.367089 28.813559 0.000000
      vertex 36.392405 28.813559 0.400000
      vertex 34.367089 28.813559 0.400000
    endloop
  endfacet
  facet normal 0.000000 1.000000 0.000000
    outer loop
      vertex 34.367089 29.322034 0.000000
      vertex 36.392405 29.322034 0.400000
      vertex 36.392405 29.322034 0.000000
    endloop
  endfacet
  facet normal 0.000000 1.000000 0.000000
    outer loop
      vertex 34.367089 29.322034 0.000000
      vertex 34.367089 29.322034 0.400000
      vertex 36.392405 29.322034 0.400000
    endloop
  endfacet
  facet normal -1.000000 0.000000 0.000000
    outer loop
      vertex 34.367089 28.813559 0.000000
      vertex 34.367089 28.813559 0.400000
      vertex 34.367089 29.322034 0.400000
    endloop
  endfacet
  facet normal -1.000000 0.000000 0.000000
    outer loop
      vertex 34.367089 28.813559 0.000000
      vertex 34.367089 29.322034 0.400000
      vertex 34.367089 29.322034 0.000000
    endloop
  endfacet
  facet normal 1.000000 0.000000 0.000000
    outer loop
      vertex 36.392405 28.813559 0.000000
      vertex 36.392405 29.322034 0.000000
      vertex 36.392405 29.322034 0.400000
    endloop
  endfacet
  facet normal 1.000000 0.000000 0.000000
    outer loop
      vertex 36.392405 28.813559 0.000000
      vertex 36.392405 29.322034 0.400000
      vertex 36.392405 28.813559 0.400000
    endloop
  endfacet
  facet normal 0.000000 0.000000 -1.000000
    outer loop
      vertex 42.974684 28.813559 0.000000
      vertex 45.000000 29.322034 0.000000
      vertex 45.000000 28.813559 0.000000
    endloop
  endfacet
  facet normal 0.000000 0.000000 -1.000000
    outer loop
      vertex 42.974684 28.813559 0.000000
      vertex 42.974684 29.322034 0.000000
      vertex 45.000000 29.322034 0.000000
    endloop
  endfacet
  facet normal 0.000000 0.000000 1.000000
    outer loop
      vertex 42.974684 28.813559 0.400000
      vertex 45.000000 28.813559 0.400000
      vertex 45.000000 29.322034 0.400000
    endloop
  endfacet
  facet normal 0.000000 0.000000 1.000000
    outer loop
      vertex 42.974684 28.813559 0.400000
      vertex 45.000000 29.322034 0.400000
      vertex 42.974684 29.322034 0.400000
    endloop
  endfacet
  facet normal 0.000000 -1.000000 0.000000
    outer loop
      vertex 42.974684 28.813559 0.000000
      vertex 45.000000 28.813559 0.000000
      vertex 45.000000 28.813559 0.400000
    endloop
  endfacet
  facet normal 0.000000 -1.000000 0.000000
    outer loop
      vertex 42.974684 28.813559 0.000000
      vertex 45.000000 28.813559 0.400000
      vertex 42.974684 28.813559 0.400000
    endloop
  endfacet
  facet normal 0.000000 1.000000 0.000000
    outer loop
      vertex 42.974684 29.322034 0.000000
      vertex 45.000000 29.322034 0.400000
      vertex 45.000000 29.322034 0.000000
    endloop
  endfacet
  facet normal 0.000000 1.000000 0.000000
    outer loop
      vertex 42.974684 29.322034 0.000000
      vertex 42.974684 29.322034 0.400000
      vertex 45.000000 29.322034 0.400000
    endloop
  endfacet
  facet normal -1.000000 0.000000 0.000000
    outer loop
      vertex 42.974684 28.813559 0.000000
      vertex 42.974684 28.813559 0.400000
      vertex 42.974684 29.322034 0.400000
    endloop
  endfacet
  facet normal -1.000000 0.000000 0.000000
    outer loop
      vertex 42.974684 28.813559 0.000000
      vertex 42.974684 29.322034 0.400000
      vertex 42.974684 29.322034 0.000000
    endloop
  endfacet
  facet normal 1.000000 0.000000 0.000000
    outer loop
      vertex 45.000000 28.813559 0.000000
      vertex 45.000000 29.322034 0.000000
      vertex 45.000000 29.322034 0.400000
    endloop
  endfacet
  facet normal 1.000000 0.000000 0.000000
    outer loop
      vertex 45.000000 28.813559 0.000000
      vertex 45.000000 29.322034 0.400000
      vertex 45.000000 28.813559 0.400000
    endloop
  endfacet
  facet normal 0.000000 0.000000 -1.000000
    outer loop
      vertex 5.000000 28.305085 0.000000
      vertex 7.025316 28.813559 0.000000
      vertex 7.025316 28.305085 0.000000
    endloop
  endfacet
  facet normal 0.000000 0.000000 -1.000000
    outer loop
      vertex 5.000000 28.305085 0.000000
      vertex 5.000000 28.813559 0.000000
      vertex 7.025316 28.813559 0.000000
    endloop
  endfacet
  facet normal 0.000000 0.000000 1.000000
    outer loop
      vertex 5.000000 28.305085 0.400000
      vertex 7.025316 28.305085 0.400000
      vertex 7.025316 28.813559 0.400000
    endloop
  endfacet
  facet normal 0.000000 0.000000 1.000000
    outer loop
      vertex 5.000000 28.305085 0.400000
      vertex 7.025316 28.813559 0.400000
      vertex 5.000000 28.813559 0.400000
    endloop
  endfacet
  facet normal 0.000000 -1.000000 0.000000
    outer loop
      vertex 5.000000 28.305085 0.000000
      vertex 7.025316 28.305085 0.000000
      vertex 7.025316 28.305085 0.400000
    endloop
  endfacet
  facet normal 0.000000 -1.000000 0.000000
    outer loop
      vertex 5.000000 28.305085 0.000000
      vertex 7.025316 28.305085 0.400000
      vertex 5.000000 28.305085 0.400000
    endloop
  endfacet
  facet normal 0.000000 1.000000 0.000000
    outer loop
      vertex 5.000000 28.813559 0.000000
      vertex 7.025316 28.813559 0.400000
      vertex 7.025316 28.813559 0.000000
    endloop
  endfacet
  facet normal 0.000000 1.000000 0.000000
    outer loop
      vertex 5.000000 28.813559 0.000000
      vertex 5.000000 28.813559 0.400000
      vertex 7.025316 28.813559 0.400000
    endloop
  endfacet
  facet normal -1.000000 0.000000 0.000000
    outer loop
      vertex 5.000000 28.305085 0.000000
      vertex 5.000000 28.305085 0.400000
      vertex 5.000000 28.813559 0.400000
    endloop
  endfacet
  facet normal -1.000000 0.000000 0.000000
    outer loop
      vertex 5.000000 28.305085 0.000000
      vertex 5.000000 28.813559 0.400000
      vertex 5.000000 28.813559 0.000000
    endloop
  endfacet
  facet normal 1.000000 0.000000 0.000000
    outer loop
      vertex 7.025316 28.305085 0.000000
      vertex 7.025316 28.813559 0.000000
      vertex 7.025316 28.813559 0.400000
    endloop
  endfacet
  facet normal 1.000000 0.000000 0.000000
    outer loop
      vertex 7.025316 28.305085 0.000000
      vertex 7.025316 28.813559 0.400000
      vertex 7.025316 28.305085 0.400000
    endloop
  endfacet
  facet normal 0.000000 0.000000 -1.000000
    outer loop
      vertex 10.063291 28.305085 0.000000
      vertex 13.101266 28.813559 0.000000
      vertex 13.101266 28.305085 0.000000
    endloop
  endfacet
  facet normal 0.000000 0.000000 -1.000000
    outer loop
      vertex 10.063291 28.305085 0.000000
      vertex 10.063291 28.813559 0.000000
      vertex 13.101266 28.813559 0.000000
    endloop
  endfacet
  facet normal 0.000000 0.000000 1.000000
    outer loop
      vertex 10.063291 28.305085 0.400000
      vertex 13.101266 28.305085 0.400000
      vertex 13.101266 28.813559 0.400000
    endloop
  endfacet
  facet normal 0.000000 0.000000 1.000000
    outer loop
      vertex 10.063291 28.305085 0.400000
      vertex 13.101266 28.813559 0.400000
      vertex 10.063291 28.813559 0.400000
    endloop
  endfacet
  facet normal 0.000000 -1.000000 0.000000
    outer loop
      vertex 10.063291 28.305085 0.000000
      vertex 13.101266 28.305085 0.000000
      vertex 13.101266 28.305085 0.400000
    endloop
  endfacet
  facet normal 0.000000 -1.000000 0.000000
    outer loop
      vertex 10.063291 28.305085 0.000000
      vertex 13.101266 28.305085 0.400000
      vertex 10.063291 28.305085 0.400000
    endloop
  endfacet
  facet normal 0.000000 1.000000 0.000000
    outer loop
      vertex 10.063291 28.813559 0.000000
      vertex 13.101266 28.813559 0.400000
      vertex 13.101266 28.813559 0.000000
    endloop
  endfacet
  facet normal 0.000000 1.000000 0.000000
    outer loop
      vertex 10.063291 28.813559 0.000000
      vertex 10.063291 28.813559 0.400000
      vertex 13.101266 28.813559 0.400000
    endloop
  endfacet
  facet normal -1.000000 0.000000 0.000000
    outer loop
      vertex 10.063291 28.305085 0.000000
      vertex 10.063291 28.305085 0.400000
      vertex 10.063291 28.813559 0.400000
    endloop
  endfacet
  facet normal -1.000000 0.000000 0.000000
    outer loop
      vertex 10.063291 28.305085 0.000000
      vertex 10.063291 28.813559 0.400000
      vertex 10.063291 28.813559 0.000000
    endloop
  endfacet
  facet normal 1.000000 0.000000 0.000000
    outer loop
      vertex 13.101266 28.305085 0.000000
      vertex 13.101266 28.813559 0.000000
      vertex 13.101266 28.813559 0.400000
    endloop
  endfacet
  facet normal 1.000000 0.000000 0.000000
    outer loop
      vertex 13.101266 28.305085 0.000000
      vertex 13.101266 28.813559 0.400000
      vertex 13.101266 28.305085 0.400000
    endloop
  endfacet
  facet normal 0.000000 0.000000 -1.000000
    outer loop
      vertex 15.632911 28.305085 0.000000
      vertex 18.164557 28.813559 0.000000
      vertex 18.164557 28.305085 0.000000
    endloop
  endfacet
  facet normal 0.000000 0.000000 -1.000000
    outer loop
      vertex 15.632911 28.305085 0.000000
      vertex 15.632911 28.813559 0.000000
      vertex 18.164557 28.813559 0.000000
    endloop
  endfacet
  facet normal 0.000000 0.000000 1.000000
    outer loop
      vertex 15.632911 28.305085 0.400000
      vertex 18.164557 28.305085 0.400000
      vertex 18.164557 28.813559 0.400000
    endloop
  endfacet
  facet normal 0.000000 0.000000 1.000000
    outer loop
      vertex 15.632911 28.305085 0.400000
      vertex 18.164557 28.813559 0.400000
      vertex 15.632911 28.813559 0.400000
    endloop
  endfacet
  facet normal 0.000000 -1.000000 0.000000
    outer loop
      vertex 15.632911 28.305085 0.000000
      vertex 18.164557 28.305085 0.000000
      vertex 18.164557 28.305085 0.400000
    endloop
  endfacet
  facet normal 0.000000 -1.000000 0.000000
    outer loop
      vertex 15.632911 28.305085 0.000000
      vertex 18.164557 28.305085 0.400000
      vertex 15.632911 28.305085 0.400000
    endloop
  endfacet
  facet normal 0.000000 1.000000 0.000000
    outer loop
      vertex 15.632911 28.813559 0.000000
      vertex 18.164557 28.813559 0.400000
      vertex 18.164557 28.813559 0.000000
    endloop
  endfacet
  facet normal 0.000000 1.000000 0.000000
    outer loop
      vertex 15.632911 28.813559 0.000000
      vertex 15.632911 28.813559 0.400000
      vertex 18.164557 28.813559 0.400000
    endloop
  endfacet
  facet normal -1.000000 0.000000 0.000000
    outer loop
      vertex 15.632911 28.305085 0.000000
      vertex 15.632911 28.305085 0.400000
      vertex 15.632911 28.813559 0.400000
    endloop
  endfacet
  facet normal -1.000000 0.000000 0.000000
    outer loop
      vertex 15.632911 28.305085 0.000000
      vertex 15.632911 28.813559 0.400000
      vertex 15.632911 28.813559 0.000000
    endloop
  endfacet
  facet normal 1.000000 0.000000 0.000000
    outer loop
      vertex 18.164557 28.305085 0.000000
      vertex 18.164557 28.813559 0.000000
      vertex 18.164557 28.813559 0.400000
    endloop
  endfacet
  facet normal 1.000000 0.000000 0.000000
    outer loop
      vertex 18.164557 28.305085 0.000000
      vertex 18.164557 28.813559 0.400000
      vertex 18.164557 28.305085 0.400000
    endloop
  endfacet
  facet normal 0.000000 0.000000 -1.000000
    outer loop
      vertex 21.708861 28.305085 0.000000
      vertex 25.759494 28.813559 0.000000
      vertex 25.759494 28.305085 0.000000
    endloop
  endfacet
  facet normal 0.000000 0.000000 -1.000000
    outer loop
      vertex 21.708861 28.305085 0.000000
      vertex 21.708861 28.813559 0.000000
      vertex 25.759494 28.813559 0.000000
    endloop
  endfacet
  facet normal 0.000000 0.000000 1.000000
    outer loop
      vertex 21.708861 28.305085 0.400000
      vertex 25.759494 28.305085 0.400000
      vertex 25.759494 28.813559 0.400000
    endloop
  endfacet
  facet normal 0.000000 0.000000 1.000000
    outer loop
      vertex 21.708861 28.305085 0.400000
      vertex 25.759494 28.813559 0.400000
      vertex 21.708861 28.813559 0.400000
    endloop
  endfacet
  facet normal 0.000000 -1.000000 0.000000
    outer loop
      vertex 21.708861 28.305085 0.000000
      vertex 25.759494 28.305085 0.000000
      vertex 25.759494 28.305085 0.400000
    endloop
  endfacet
  facet normal 0.000000 -1.000000 0.000000
    outer loop
      vertex 21.708861 28.305085 0.000000
      vertex 25.759494 28.305085 0.400000
      vertex 21.708861 28.305085 0.400000
    endloop
  endfacet
  facet normal 0.000000 1.000000 0.000000
    outer loop
      vertex 21.708861 28.813559 0.000000
      vertex 25.759494 28.813559 0.400000
      vertex 25.759494 28.813559 0.000000
    endloop
  endfacet
  facet normal 0.000000 1.000000 0.000000
    outer loop
      vertex 21.708861 28.813559 0.000000
      vertex 21.708861 28.813559 0.400000
      vertex 25.759494 28.813559 0.400000
    endloop
  endfacet
  facet normal -1.000000 0.000000 0.000000
    outer loop
      vertex 21.708861 28.305085 0.000000
      vertex 21.708861 28.305085 0.400000
      vertex 21.708861 28.813559 0.400000
    endloop
  endfacet
  facet normal -1.000000 0.000000 0.000000
    outer loop
      vertex 21.708861 28.305085 0.000000
      vertex 21.708861 28.813559 0.400000
      vertex 21.708861 28.813559 0.000000
    endloop
  endfacet
  facet normal 1.000000 0.000000 0.000000
    outer loop
      vertex 25.759494 28.305085 0.000000
      vertex 25.759494 28.813559 0.000000
      vertex 25.759494 28.813559 0.400000
    endloop
  endfacet
  facet normal 1.000000 0.000000 0.000000
    outer loop
      vertex 25.759494 28.305085 0.000000
      vertex 25.759494 28.813559 0.400000
      vertex 25.759494 28.305085 0.400000
    endloop
  endfacet
  facet normal 0.000000 0.000000 -1.000000
    outer loop
      vertex 27.784810 28.305085 0.000000
      vertex 32.341772 28.813559 0.000000
      vertex 32.341772 28.305085 0.000000
    endloop
  endfacet
  facet normal 0.000000 0.000000 -1.000000
    outer loop
      vertex 27.784810 28.305085 0.000000
      vertex 27.784810 28.813559 0.000000
      vertex 32.341772 28.813559 0.000000
    endloop
  endfacet
  facet normal 0.000000 0.000000 1.000000
    outer loop
      vertex 27.784810 28.305085 0.400000
      vertex 32.341772 28.305085 0.400000
      vertex 32.341772 28.813559 0.400000
    endloop
  endfacet
  facet normal 0.000000 0.000000 1.000000
    outer loop
      vertex 27.784810 28.305085 0.400000
      vertex 32.341772 28.813559 0.400000
      vertex 27.784810 28.813559 0.400000
    endloop
  endfacet
  facet normal 0.000000 -1.000000 0.000000
    outer loop
      vertex 27.784810 28.305085 0.000000
      vertex 32.341772 28.305085 0.000000
      vertex 32.341772 28.305085 0.400000
    endloop
  endfacet
  facet normal 0.000000 -1.000000 0.000000
    outer loop
      vertex 27.784810 28.305085 0.000000
      vertex 32.341772 28.305085 0.400000
      vertex 27.784810 28.305085 0.400000
    endloop
  endfacet
  facet normal 0.000000 1.000000 0.000000
    outer loop
      vertex 27.784810 28.813559 0.000000
      vertex 32.341772 28.813559 0.400000
      vertex 32.341772 28.813559 0.000000
    endloop
  endfacet
  facet normal 0.000000 1.000000 0.000000
    outer loop
      vertex 27.784810 28.813559 0.000000
      vertex 27.784810 28.813559 0.400000
      vertex 32.341772 28.813559 0.400000
    endloop
  endfacet
  facet normal -1.000000 0.000000 0.000000
    outer loop
      vertex 27.784810 28.305085 0.000000
      vertex 27.784810 28.305085 0.400000
      vertex 27.784810 28.813559 0.400000
    endloop
  endfacet
  facet normal -1.000000 0.000000 0.000000
    outer loop
      vertex 27.784810 28.305085 0.000000
      vertex 27.784810 28.813559 0.400000
      vertex 27.784810 28.813559 0.000000
    endloop
  endfacet
  facet normal 1.000000 0.000000 0.000000
    outer loop
      vertex 32.341772 28.305085 0.000000
      vertex 32.341772 28.813559 0.000000
      vertex 32.341772 28.813559 0.400000
    endloop
  endfacet
  facet normal 1.000000 0.000000 0.000000
    outer loop
      vertex 32.341772 28.305085 0.000000
      vertex 32.341772 28.813559 0.400000
      vertex 32.341772 28.305085 0.400000
    endloop
  endfacet
  facet normal 0.000000 0.000000 -1.000000
    outer loop
      vertex 34.873418 28.305085 0.000000
      vertex 37.405063 28.813559 0.000000
      vertex 37.405063 28.305085 0.000000
    endloop
  endfacet
  facet normal 0.000000 0.000000 -1.000000
    outer loop
      vertex 34.873418 28.305085 0.000000
      vertex 34.873418 28.813559 0.000000
      vertex 37.405063 28.813559 0.000000
    endloop
  endfacet
  facet normal 0.000000 0.000000 1.000000
    outer loop
      vertex 34.873418 28.305085 0.400000
      vertex 37.405063 28.305085 0.400000
      vertex 37.405063 28.813559 0.400000
    endloop
  endfacet
  facet normal 0.000000 0.000000 1.000000
    outer loop
      vertex 34.873418 28.305085 0.400000
      vertex 37.405063 28.813559 0.400000
      vertex 34.873418 28.813559 0.400000
    endloop
  endfacet
  facet normal 0.000000 -1.000000 0.000000
    outer loop
      vertex 34.873418 28.305085 0.000000
      vertex 37.405063 28.305085 0.000000
      vertex 37.405063 28.305085 0.400000
    endloop
  endfacet
  facet normal 0.000000 -1.000000 0.000000
    outer loop
      vertex 34.873418 28.305085 0.000000
      vertex 37.405063 28.305085 0.400000
      vertex 34.873418 28.305085 0.400000
    endloop
  endfacet
  facet normal 0.000000 1.000000 0.000000
    outer loop
      vertex 34.873418 28.813559 0.000000
      vertex 37.405063 28.813559 0.400000
      vertex 37.405063 28.813559 0.000000
    endloop
  endfacet
  facet normal 0.000000 1.000000 0.000000
    outer loop
      vertex 34.873418 28.813559 0.000000
      vertex 34.873418 28.813559 0.400000
      vertex 37.405063 28.813559 0.400000
    endloop
  endfacet
  facet normal -1.000000 0.000000 0.000000
    outer loop
      vertex 34.873418 28.305085 0.000000
      vertex 34.873418 28.305085 0.400000
      vertex 34.873418 28.813559 0.400000
    endloop
  endfacet
  facet normal -1.000000 0.000000 0.000000
    outer loop
      vertex 34.873418 28.305085 0.000000
      vertex 34.873418 28.813559 0.400000
      vertex 34.873418 28.813559 0.000000
    endloop
  endfacet
  facet normal 1.000000 0.000000 0.000000
    outer loop
      vertex 37.405063 28.305085 0.000000
      vertex 37.405063 28.813559 0.000000
      vertex 37.405063 28.813559 0.400000
    endloop
  endfacet
  facet normal 1.000000 0.000000 0.000000
    outer loop
      vertex 37.405063 28.305085 0.000000
      vertex 37.405063 28.813559 0.400000
      vertex 37.405063 28.305085 0.400000
    endloop
  endfacet
  facet normal 0.000000 0.000000 -1.000000
    outer loop
      vertex 42.974684 28.305085 0.000000
      vertex 45.000000 28.813559 0.000000
      vertex 45.000000 28.305085 0.000000
    endloop
  endfacet
  facet normal 0.000000 0.000000 -1.000000
    outer loop
      vertex 42.974684 28.305085 0.000000
      vertex 42.974684 28.813559 0.000000
      vertex 45.000000 28.813559 0.000000
    endloop
  endfacet
  facet normal 0.000000 0.000000 1.000000
    outer loop
      vertex 42.974684 28.305085 0.400000
      vertex 45.000000 28.305085 0.400000
      vertex 45.000000 28.813559 0.400000
    endloop
  endfacet
  facet normal 0.000000 0.000000 1.000000
    outer loop
      vertex 42.974684 28.305085 0.400000
      vertex 45.000000 28.813559 0.400000
      vertex 42.974684 28.813559 0.400000
    endloop
  endfacet
  facet normal 0.000000 -1.000000 0.000000
    outer loop
      vertex 42.974684 28.305085 0.000000
      vertex 45.000000 28.305085 0.000000
      vertex 45.000000 28.305085 0.400000
    endloop
  endfacet
  facet normal 0.000000 -1.000000 0.000000
    outer loop
      vertex 42.974684 28.305085 0.000000
      vertex 45.000000 28.305085 0.400000
      vertex 42.974684 28.305085 0.400000
    endloop
  endfacet
  facet normal 0.000000 1.000000 0.000000
    outer loop
      vertex 42.974684 28.813559 0.000000
      vertex 45.000000 28.813559 0.400000
      vertex 45.000000 28.813559 0.000000
    endloop
  endfacet
  facet normal 0.000000 1.000000 0.000000
    outer loop
      vertex 42.974684 28.813559 0.000000
      vertex 42.974684 28.813559 0.400000
      vertex 45.000000 28.813559 0.400000
    endloop
  endfacet
  facet normal -1.000000 0.000000 0.000000
    outer loop
      vertex 42.974684 28.305085 0.000000
      vertex 42.974684 28.305085 0.400000
      vertex 42.974684 28.813559 0.400000
    endloop
  endfacet
  facet normal -1.000000 0.000000 0.000000
    outer loop
      vertex 42.974684 28.305085 0.000000
      vertex 42.974684 28.813559 0.400000
      vertex 42.974684 28.813559 0.000000
    endloop
  endfacet
  facet normal 1.000000 0.000000 0.000000
    outer loop
      vertex 45.000000 28.305085 0.000000
      vertex 45.000000 28.813559 0.000000
      vertex 45.000000 28.813559 0.400000
    endloop
  endfacet
  facet normal 1.000000 0.000000 0.000000
    outer loop
      vertex 45.000000 28.305085 0.000000
      vertex 45.000000 28.813559 0.400000
      vertex 45.000000 28.305085 0.400000
    endloop
  endfacet
  facet normal 0.000000 0.000000 -1.000000
    outer loop
      vertex 5.000000 27.796610 0.000000
      vertex 45.000000 28.305085 0.000000
      vertex 45.000000 27.796610 0.000000
    endloop
  endfacet
  facet normal 0.000000 0.000000 -1.000000
    outer loop
      vertex 5.000000 27.796610 0.000000
      vertex 5.000000 28.305085 0.000000
      vertex 45.000000 28.305085 0.000000
    endloop
  endfacet
  facet normal 0.000000 0.000000 1.000000
    outer loop
      vertex 5.000000 27.796610 0.400000
      vertex 45.000000 27.796610 0.400000
      vertex 45.000000 28.305085 0.400000
    endloop
  endfacet
  facet normal 0.000000 0.000000 1.000000
    outer loop
      vertex 5.000000 27.796610 0.400000
      vertex 45.000000 28.305085 0.400000
      vertex 5.000000 28.305085 0.400000
    endloop
  endfacet
  facet normal 0.000000 -1.000000 0.000000
    outer loop
      vertex 5.000000 27.796610 0.000000
      vertex 45.000000 27.796610 0.000000
      vertex 45.000000 27.796610 0.400000
    endloop
  endfacet
  facet normal 0.000000 -1.000000 0.000000
    outer loop
      vertex 5.000000 27.796610 0.000000
      vertex 45.000000 27.796610 0.400000
      vertex 5.000000 27.796610 0.400000
    endloop
  endfacet
  facet normal 0.000000 1.000000 0.000000
    outer loop
      vertex 5.000000 28.305085 0.000000
      vertex 45.000000 28.305085 0.400000
      vertex 45.000000 28.305085 0.000000
    endloop
  endfacet
  facet normal 0.000000 1.000000 0.000000
    outer loop
      vertex 5.000000 28.305085 0.000000
      vertex 5.000000 28.305085 0.400000
      vertex 45.000000 28.305085 0.400000
    endloop
  endfacet
  facet normal -1.000000 0.000000 0.000000
    outer loop
      vertex 5.000000 27.796610 0.000000
      vertex 5.000000 27.796610 0.400000
      vertex 5.000000 28.305085 0.400000
    endloop
  endfacet
  facet normal -1.000000 0.000000 0.000000
    outer loop
      vertex 5.000000 27.796610 0.000000
      vertex 5.000000 28.305085 0.400000
      vertex 5.000000 28.305085 0.000000
    endloop
  endfacet
  facet normal 1.000000 0.000000 0.000000
    outer loop
      vertex 45.000000 27.796610 0.000000
      vertex 45.000000 28.305085 0.000000
      vertex 45.000000 28.305085 0.400000
    endloop
  endfacet
  facet normal 1.000000 0.000000 0.000000
    outer loop
      vertex 45.000000 27.796610 0.000000
      vertex 45.000000 28.305085 0.400000
      vertex 45.000000 27.796610 0.400000
    endloop
  endfacet
  facet normal 0.000000 0.000000 -1.000000
    outer loop
      vertex 5.000000 27.288136 0.000000
      vertex 45.000000 27.796610 0.000000
      vertex 45.000000 27.288136 0.000000
    endloop
  endfacet
  facet normal 0.000000 0.000000 -1.000000
    outer loop
      vertex 5.000000 27.288136 0.000000
      vertex 5.000000 27.796610 0.000000
      vertex 45.000000 27.796610 0.000000
    endloop
  endfacet
  facet normal 0.000000 0.000000 1.000000
    outer loop
      vertex 5.000000 27.288136 0.400000
      vertex 45.000000 27.288136 0.400000
      vertex 45.000000 27.796610 0.400000
    endloop
  endfacet
  facet normal 0.000000 0.000000 1.000000
    outer loop
      vertex 5.000000 27.288136 0.400000
      vertex 45.000000 27.796610 0.400000
      vertex 5.000000 27.796610 0.400000
    endloop
  endfacet
  facet normal 0.000000 -1.000000 0.000000
    outer loop
      vertex 5.000000 27.288136 0.000000
      vertex 45.000000 27.288136 0.000000
      vertex 45.000000 27.288136 0.400000
    endloop
  endfacet
  facet normal 0.000000 -1.000000 0.000000
    outer loop
      vertex 5.000000 27.288136 0.000000
      vertex 45.000000 27.288136 0.400000
      vertex 5.000000 27.288136 0.400000
    endloop
  endfacet
  facet normal 0.000000 1.000000 0.000000
    outer loop
      vertex 5.000000 27.796610 0.000000
      vertex 45.000000 27.796610 0.400000
      vertex 45.000000 27.796610 0.000000
    endloop
  endfacet
  facet normal 0.000000 1.000000 0.000000
    outer loop
      vertex 5.000000 27.796610 0.000000
      vertex 5.000000 27.796610 0.400000
      vertex 45.000000 27.796610 0.400000
    endloop
  endfacet
  facet normal -1.000000 0.000000 0.000000
    outer loop
      vertex 5.000000 27.288136 0.000000
      vertex 5.000000 27.288136 0.400000
      vertex 5.000000 27.796610 0.400000
    endloop
  endfacet
  facet normal -1.000000 0.000000 0.000000
    outer loop
      vertex 5.000000 27.288136 0.000000
      vertex 5.000000 27.796610 0.400000
      vertex 5.000000 27.796610 0.000000
    endloop
  endfacet
  facet normal 1.000000 0.000000 0.000000
    outer loop
      vertex 45.000000 27.288136 0.000000
      vertex 45.000000 27.796610 0.000000
      vertex 45.000000 27.796610 0.400000
    endloop
  endfacet
  facet normal 1.000000 0.000000 0.000000
    outer loop
      vertex 45.000000 27.288136 0.000000
      vertex 45.000000 27.796610 0.400000
      vertex 45.000000 27.288136 0.400000
    endloop
  endfacet
  facet normal 0.000000 0.000000 -1.000000
    outer loop
      vertex 5.000000 26.779661 0.000000
      vertex 45.000000 27.288136 0.000000
      vertex 45.000000 26.779661 0.000000
    endloop
  endfacet
  facet normal 0.000000 0.000000 -1.000000
    outer loop
      vertex 5.000000 26.779661 0.000000
      vertex 5.000000 27.288136 0.000000
      vertex 45.000000 27.288136 0.000000
    endloop
  endfacet
  facet normal 0.000000 0.000000 1.000000
    outer loop
      vertex 5.000000 26.779661 0.400000
      vertex 45.000000 26.779661 0.400000
      vertex 45.000000 27.288136 0.400000
    endloop
  endfacet
  facet normal 0.000000 0.000000 1.000000
    outer loop
      vertex 5.000000 26.779661 0.400000
      vertex 45.000000 27.288136 0.400000
      vertex 5.000000 27.288136 0.400000
    endloop
  endfacet
  facet normal 0.000000 -1.000000 0.000000
    outer loop
      vertex 5.000000 26.779661 0.000000
      vertex 45.000000 26.779661 0.000000
      vertex 45.000000 26.779661 0.400000
    endloop
  endfacet
  facet normal 0.000000 -1.000000 0.000000
    outer loop
      vertex 5.000000 26.779661 0.000000
      vertex 45.000000 26.779661 0.400000
      vertex 5.000000 26.779661 0.400000
    endloop
  endfacet
  facet normal 0.000000 1.000000 0.000000
    outer loop
      vertex 5.000000 27.288136 0.000000
      vertex 45.000000 27.288136 0.400000
      vertex 45.000000 27.288136 0.000000
    endloop
  endfacet
  facet normal 0.000000 1.000000 0.000000
    outer loop
      vertex 5.000000 27.288136 0.000000
      vertex 5.000000 27.288136 0.400000
      vertex 45.000000 27.288136 0.400000
    endloop
  endfacet
  facet normal -1.000000 0.000000 0.000000
    outer loop
      vertex 5.000000 26.779661 0.000000
      vertex 5.000000 26.779661 0.400000
      vertex 5.000000 27.288136 0.400000
    endloop
  endfacet
  facet normal -1.000000 0.000000 0.000000
    outer loop
      vertex 5.000000 26.779661 0.000000
      vertex 5.000000 27.288136 0.400000
      vertex 5.000000 27.288136 0.000000
    endloop
  endfacet
  facet normal 1.000000 0.000000 0.000000
    outer loop
      vertex 45.000000 26.779661 0.000000
      vertex 45.000000 27.288136 0.000000
      vertex 45.000000 27.288136 0.400000
    endloop
  endfacet
  facet normal 1.000000 0.000000 0.000000
    outer loop
      vertex 45.000000 26.779661 0.000000
      vertex 45.000000 27.288136 0.400000
      vertex 45.000000 26.779661 0.400000
    endloop
  endfacet
  facet normal 0.000000 0.000000 -1.000000
    outer loop
      vertex 5.000000 26.271186 0.000000
      vertex 45.000000 26.779661 0.000000
      vertex 45.000000 26.271186 0.000000
    endloop
  endfacet
  facet normal 0.000000 0.000000 -1.000000
    outer loop
      vertex 5.000000 26.271186 0.000000
      vertex 5.000000 26.779661 0.000000
      vertex 45.000000 26.779661 0.000000
    endloop
  endfacet
  facet normal 0.000000 0.000000 1.000000
    outer loop
      vertex 5.000000 26.271186 0.400000
      vertex 45.000000 26.271186 0.400000
      vertex 45.000000 26.779661 0.400000
    endloop
  endfacet
  facet normal 0.000000 0.000000 1.000000
    outer loop
      vertex 5.000000 26.271186 0.400000
      vertex 45.000000 26.779661 0.400000
      vertex 5.000000 26.779661 0.400000
    endloop
  endfacet
  facet normal 0.000000 -1.000000 0.000000
    outer loop
      vertex 5.000000 26.271186 0.000000
      vertex 45.000000 26.271186 0.000000
      vertex 45.000000 26.271186 0.400000
    endloop
  endfacet
  facet normal 0.000000 -1.000000 0.000000
    outer loop
      vertex 5.000000 26.271186 0.000000
      vertex 45.000000 26.271186 0.400000
      vertex 5.000000 26.271186 0.400000
    endloop
  endfacet
  facet normal 0.000000 1.000000 0.000000
    outer loop
      vertex 5.000000 26.779661 0.000000
      vertex 45.000000 26.779661 0.400000
      vertex 45.000000 26.779661 0.000000
    endloop
  endfacet
  facet normal 0.000000 1.000000 0.000000
    outer loop
      vertex 5.000000 26.779661 0.000000
      vertex 5.000000 26.779661 0.400000
      vertex 45.000000 26.779661 0.400000
    endloop
  endfacet
  facet normal -1.000000 0.000000 0.000000
    outer loop
      vertex 5.000000 26.271186 0.000000
      vertex 5.000000 26.271186 0.400000
      vertex 5.000000 26.779661 0.400000
    endloop
  endfacet
  facet normal -1.000000 0.000000 0.000000
    outer loop
      vertex 5.000000 26.271186 0.000000
      vertex 5.000000 26.779661 0.400000
      vertex 5.000000 26.779661 0.000000
    endloop
  endfacet
  facet normal 1.000000 0.000000 0.000000
    outer loop
      vertex 45.000000 26.271186 0.000000
      vertex 45.000000 26.779661 0.000000
      vertex 45.000000 26.779661 0.400000
    endloop
  endfacet
  facet normal 1.000000 0.000000 0.000000
    outer loop
      vertex 45.000000 26.271186 0.000000
      vertex 45.000000 26.779661 0.400000
      vertex 45.000000 26.271186 0.400000
    endloop
  endfacet
  facet normal 0.000000 0.000000 -1.000000
    outer loop
      vertex 5.000000 25.762712 0.000000
      vertex 45.000000 26.271186 0.000000
      vertex 45.000000 25.762712 0.000000
    endloop
  endfacet
  facet normal 0.000000 0.000000 -1.000000
    outer loop
      vertex 5.000000 25.762712 0.000000
      vertex 5.000000 26.271186 0.000000
      vertex 45.000000 26.271186 0.000000
    endloop
  endfacet
  facet normal 0.000000 0.000000 1.000000
    outer loop
      vertex 5.000000 25.762712 0.400000
      vertex 45.000000 25.762712 0.400000
      vertex 45.000000 26.271186 0.400000
    endloop
  endfacet
  facet normal 0.000000 0.000000 1.000000
    outer loop
      vertex 5.000000 25.762712 0.400000
      vertex 45.000000 26.271186 0.400000
      vertex 5.000000 26.271186 0.400000
    endloop
  endfacet
  facet normal 0.000000 -1.000000 0.000000
    outer loop
      vertex 5.000000 25.762712 0.000000
      vertex 45.000000 25.762712 0.000000
      vertex 45.000000 25.762712 0.400000
    endloop
  endfacet
  facet normal 0.000000 -1.000000 0.000000
    outer loop
      vertex 5.000000 25.762712 0.000000
      vertex 45.000000 25.762712 0.400000
      vertex 5.000000 25.762712 0.400000
    endloop
  endfacet
  facet normal 0.000000 1.000000 0.000000
    outer loop
      vertex 5.000000 26.271186 0.000000
      vertex 45.000000 26.271186 0.400000
      vertex 45.000000 26.271186 0.000000
    endloop
  endfacet
  facet normal 0.000000 1.000000 0.000000
    outer loop
      vertex 5.000000 26.271186 0.000000
      vertex 5.000000 26.271186 0.400000
      vertex 45.000000 26.271186 0.400000
    endloop
  endfacet
  facet normal -1.000000 0.000000 0.000000
    outer loop
      vertex 5.000000 25.762712 0.000000
      vertex 5.000000 25.762712 0.400000
      vertex 5.000000 26.271186 0.400000
    endloop
  endfacet
  facet normal -1.000000 0.000000 0.000000
    outer loop
      vertex 5.000000 25.762712 0.000000
      vertex 5.000000 26.271186 0.400000
      vertex 5.000000 26.271186 0.000000
    endloop
  endfacet
  facet normal 1.000000 0.000000 0.000000
    outer loop
      vertex 45.000000 25.762712 0.000000
      vertex 45.000000 26.271186 0.000000
      vertex 45.000000 26.271186 0.400000
    endloop
  endfacet
  facet normal 1.000000 0.000000 0.000000
    outer loop
      vertex 45.000000 25.762712 0.000000
      vertex 45.000000 26.271186 0.400000
      vertex 45.000000 25.762712 0.400000
    endloop
  endfacet
  facet normal 0.000000 0.000000 -1.000000
    outer loop
      vertex 5.000000 25.254237 0.000000
      vertex 45.000000 25.762712 0.000000
      vertex 45.000000 25.254237 0.000000
    endloop
  endfacet
  facet normal 0.000000 0.000000 -1.000000
    outer loop
      vertex 5.000000 25.254237 0.000000
      vertex 5.000000 25.762712 0.000000
      vertex 45.000000 25.762712 0.000000
    endloop
  endfacet
  facet normal 0.000000 0.000000 1.000000
    outer loop
      vertex 5.000000 25.254237 0.400000
      vertex 45.000000 25.254237 0.400000
      vertex 45.000000 25.762712 0.400000
    endloop
  endfacet
  facet normal 0.000000 0.000000 1.000000
    outer loop
      vertex 5.000000 25.254237 0.400000
      vertex 45.000000 25.762712 0.400000
      vertex 5.000000 25.762712 0.400000
    endloop
  endfacet
  facet normal 0.000000 -1.000000 0.000000
    outer loop
      vertex 5.000000 25.254237 0.000000
      vertex 45.000000 25.254237 0.000000
      vertex 45.000000 25.254237 0.400000
    endloop
  endfacet
  facet normal 0.000000 -1.000000 0.000000
    outer loop
      vertex 5.000000 25.254237 0.000000
      vertex 45.000000 25.254237 0.400000
      vertex 5.000000 25.254237 0.400000
    endloop
  endfacet
  facet normal 0.000000 1.000000 0.000000
    outer loop
      vertex 5.000000 25.762712 0.000000
      vertex 45.000000 25.762712 0.400000
      vertex 45.000000 25.762712 0.000000
    endloop
  endfacet
  facet normal 0.000000 1.000000 0.000000
    outer loop
      vertex 5.000000 25.762712 0.000000
      vertex 5.000000 25.762712 0.400000
      vertex 45.000000 25.762712 0.400000
    endloop
  endfacet
  facet normal -1.000000 0.000000 0.000000
    outer loop
      vertex 5.000000 25.254237 0.000000
      vertex 5.000000 25.254237 0.400000
      vertex 5.000000 25.762712 0.400000
    endloop
  endfacet
  facet normal -1.000000 0.000000 0.000000
    outer loop
      vertex 5.000000 25.254237 0.000000
      vertex 5.000000 25.762712 0.400000
      vertex 5.000000 25.762712 0.000000
    endloop
  endfacet
  facet normal 1.000000 0.000000 0.000000
    outer loop
      vertex 45.000000 25.254237 0.000000
      vertex 45.000000 25.762712 0.000000
      vertex 45.000000 25.762712 0.400000
    endloop
  endfacet
  facet normal 1.000000 0.000000 0.000000
    outer loop
      vertex 45.000000 25.254237 0.000000
      vertex 45.000000 25.762712 0.400000
      vertex 45.000000 25.254237 0.400000
    endloop
  endfacet
  facet normal 0.000000 0.000000 -1.000000
    outer loop
      vertex 5.000000 24.745763 0.000000
      vertex 45.000000 25.254237 0.000000
      vertex 45.000000 24.745763 0.000000
    endloop
  endfacet
  facet normal 0.000000 0.000000 -1.000000
    outer loop
      vertex 5.000000 24.745763 0.000000
      vertex 5.000000 25.254237 0.000000
      vertex 45.000000 25.254237 0.000000
    endloop
  endfacet
  facet normal 0.000000 0.000000 1.000000
    outer loop
      vertex 5.000000 24.745763 0.400000
      vertex 45.000000 24.745763 0.400000
      vertex 45.000000 25.254237 0.400000
    endloop
  endfacet
  facet normal 0.000000 0.000000 1.000000
    outer loop
      vertex 5.000000 24.745763 0.400000
      vertex 45.000000 25.254237 0.400000
      vertex 5.000000 25.254237 0.400000
    endloop
  endfacet
  facet normal 0.000000 -1.000000 0.000000
    outer loop
      vertex 5.000000 24.745763 0.000000
      vertex 45.000000 24.745763 0.000000
      vertex 45.000000 24.745763 0.400000
    endloop
  endfacet
  facet normal 0.000000 -1.000000 0.000000
    outer loop
      vertex 5.000000 24.745763 0.000000
      vertex 45.000000 24.745763 0.400000
      vertex 5.000000 24.745763 0.400000
    endloop
  endfacet
  facet normal 0.000000 1.000000 0.000000
    outer loop
      vertex 5.000000 25.254237 0.000000
      vertex 45.000000 25.254237 0.400000
      vertex 45.000000 25.254237 0.000000
    endloop
  endfacet
  facet normal 0.000000 1.000000 0.000000
    outer loop
      vertex 5.000000 25.254237 0.000000
      vertex 5.000000 25.254237 0.400000
      vertex 45.000000 25.254237 0.400000
    endloop
  endfacet
  facet normal -1.000000 0.000000 0.000000
    outer loop
      vertex 5.000000 24.745763 0.000000
      vertex 5.000000 24.745763 0.400000
      vertex 5.000000 25.254237 0.400000
    endloop
  endfacet
  facet normal -1.000000 0.000000 0.000000
    outer loop
      vertex 5.000000 24.745763 0.000000
      vertex 5.000000 25.254237 0.400000
      vertex 5.000000 25.254237 0.000000
    endloop
  endfacet
  facet normal 1.000000 0.000000 0.000000
    outer loop
      vertex 45.000000 24.745763 0.000000
      vertex 45.000000 25.254237 0.000000
      vertex 45.000000 25.254237 0.400000
    endloop
  endfacet
  facet normal 1.000000 0.000000 0.000000
    outer loop
      vertex 45.000000 24.745763 0.000000
      vertex 45.000000 25.254237 0.400000
      vertex 45.000000 24.745763 0.400000
    endloop
  endfacet
  facet normal 0.000000 0.000000 -1.000000
    outer loop
      vertex 5.000000 24.237288 0.000000
      vertex 45.000000 24.745763 0.000000
      vertex 45.000000 24.237288 0.000000
    endloop
  endfacet
  facet normal 0.000000 0.000000 -1.000000
    outer loop
      vertex 5.000000 24.237288 0.000000
      vertex 5.000000 24.745763 0.000000
      vertex 45.000000 24.745763 0.000000
    endloop
  endfacet
  facet normal 0.000000 0.000000 1.000000
    outer loop
      vertex 5.000000 24.237288 0.400000
      vertex 45.000000 24.237288 0.400000
      vertex 45.000000 24.745763 0.400000
    endloop
  endfacet
  facet normal 0.000000 0.000000 1.000000
    outer loop
      vertex 5.000000 24.237288 0.400000
      vertex 45.000000 24.745763 0.400000
      vertex 5.000000 24.745763 0.400000
    endloop
  endfacet
  facet normal 0.000000 -1.000000 0.000000
    outer loop
      vertex 5.000000 24.237288 0.000000
      vertex 45.000000 24.237288 0.000000
      vertex 45.000000 24.237288 0.400000
    endloop
  endfacet
  facet normal 0.000000 -1.000000 0.000000
    outer loop
      vertex 5.000000 24.237288 0.000000
      vertex 45.000000 24.237288 0.400000
      vertex 5.000000 24.237288 0.400000
    endloop
  endfacet
  facet normal 0.000000 1.000000 0.000000
    outer loop
      vertex 5.000000 24.745763 0.000000
      vertex 45.000000 24.745763 0.400000
      vertex 45.000000 24.745763 0.000000
    endloop
  endfacet
  facet normal 0.000000 1.000000 0.000000
    outer loop
      vertex 5.000000 24.745763 0.000000
      vertex 5.000000 24.745763 0.400000
      vertex 45.000000 24.745763 0.400000
    endloop
  endfacet
  facet normal -1.000000 0.000000 0.000000
    outer loop
      vertex 5.000000 24.237288 0.000000
      vertex 5.000000 24.237288 0.400000
      vertex 5.000000 24.745763 0.400000
    endloop
  endfacet
  facet normal -1.000000 0.000000 0.000000
    outer loop
      vertex 5.000000 24.237288 0.000000
      vertex 5.000000 24.745763 0.400000
      vertex 5.000000 24.745763 0.000000
    endloop
  endfacet
  facet normal 1.000000 0.000000 0.000000
    outer loop
      vertex 45.000000 24.237288 0.000000
      vertex 45.000000 24.745763 0.000000
      vertex 45.000000 24.745763 0.400000
    endloop
  endfacet
  facet normal 1.000000 0.000000 0.000000
    outer loop
      vertex 45.000000 24.237288 0.000000
      vertex 45.000000 24.745763 0.400000
      vertex 45.000000 24.237288 0.400000
    endloop
  endfacet
  facet normal 0.000000 0.000000 -1.000000
    outer loop
      vertex 5.000000 23.728814 0.000000
      vertex 45.000000 24.237288 0.000000
      vertex 45.000000 23.728814 0.000000
    endloop
  endfacet
  facet normal 0.000000 0.000000 -1.000000
    outer loop
      vertex 5.000000 23.728814 0.000000
      vertex 5.000000 24.237288 0.000000
      vertex 45.000000 24.237288 0.000000
    endloop
  endfacet
  facet normal 0.000000 0.000000 1.000000
    outer loop
      vertex 5.000000 23.728814 0.400000
      vertex 45.000000 23.728814 0.400000
      vertex 45.000000 24.237288 0.400000
    endloop
  endfacet
  facet normal 0.000000 0.000000 1.000000
    outer loop
      vertex 5.000000 23.728814 0.400000
      vertex 45.000000 24.237288 0.400000
      vertex 5.000000 24.237288 0.400000
    endloop
  endfacet
  facet normal 0.000000 -1.000000 0.000000
    outer loop
      vertex 5.000000 23.728814 0.000000
      vertex 45.000000 23.728814 0.000000
      vertex 45.000000 23.728814 0.400000
    endloop
  endfacet
  facet normal 0.000000 -1.000000 0.000000
    outer loop
      vertex 5.000000 23.728814 0.000000
      vertex 45.000000 23.728814 0.400000
      vertex 5.000000 23.728814 0.400000
    endloop
  endfacet
  facet normal 0.000000 1.000000 0.000000
    outer loop
      vertex 5.000000 24.237288 0.000000
      vertex 45.000000 24.237288 0.400000
      vertex 45.000000 24.237288 0.000000
    endloop
  endfacet
  facet normal 0.000000 1.000000 0.000000
    outer loop
      vertex 5.000000 24.237288 0.000000
      vertex 5.000000 24.237288 0.400000
      vertex 45.000000 24.237288 0.400000
    endloop
  endfacet
  facet normal -1.000000 0.000000 0.000000
    outer loop
      vertex 5.000000 23.728814 0.000000
      vertex 5.000000 23.728814 0.400000
      vertex 5.000000 24.237288 0.400000
    endloop
  endfacet
  facet normal -1.000000 0.000000 0.000000
    outer loop
      vertex 5.000000 23.728814 0.000000
      vertex 5.000000 24.237288 0.400000
      vertex 5.000000 24.237288 0.000000
    endloop
  endfacet
  facet normal 1.000000 0.000000 0.000000
    outer loop
      vertex 45.000000 23.728814 0.000000
      vertex 45.000000 24.237288 0.000000
      vertex 45.000000 24.237288 0.400000
    endloop
  endfacet
  facet normal 1.000000 0.000000 0.000000
    outer loop
      vertex 45.000000 23.728814 0.000000
      vertex 45.000000 24.237288 0.400000
      vertex 45.000000 23.728814 0.400000
    endloop
  endfacet
  facet normal 0.000000 0.000000 -1.000000
    outer loop
      vertex 5.000000 23.220339 0.000000
      vertex 45.000000 23.728814 0.000000
      vertex 45.000000 23.220339 0.000000
    endloop
  endfacet
  facet normal 0.000000 0.000000 -1.000000
    outer loop
      vertex 5.000000 23.220339 0.000000
      vertex 5.000000 23.728814 0.000000
      vertex 45.000000 23.728814 0.000000
    endloop
  endfacet
  facet normal 0.000000 0.000000 1.000000
    outer loop
      vertex 5.000000 23.220339 0.400000
      vertex 45.000000 23.220339 0.400000
      vertex 45.000000 23.728814 0.400000
    endloop
  endfacet
  facet normal 0.000000 0.000000 1.000000
    outer loop
      vertex 5.000000 23.220339 0.400000
      vertex 45.000000 23.728814 0.400000
      vertex 5.000000 23.728814 0.400000
    endloop
  endfacet
  facet normal 0.000000 -1.000000 0.000000
    outer loop
      vertex 5.000000 23.220339 0.000000
      vertex 45.000000 23.220339 0.000000
      vertex 45.000000 23.220339 0.400000
    endloop
  endfacet
  facet normal 0.000000 -1.000000 0.000000
    outer loop
      vertex 5.000000 23.220339 0.000000
      vertex 45.000000 23.220339 0.400000
      vertex 5.000000 23.220339 0.400000
    endloop
  endfacet
  facet normal 0.000000 1.000000 0.000000
    outer loop
      vertex 5.000000 23.728814 0.000000
      vertex 45.000000 23.728814 0.400000
      vertex 45.000000 23.728814 0.000000
    endloop
  endfacet
  facet normal 0.000000 1.000000 0.000000
    outer loop
      vertex 5.000000 23.728814 0.000000
      vertex 5.000000 23.728814 0.400000
      vertex 45.000000 23.728814 0.400000
    endloop
  endfacet
  facet normal -1.000000 0.000000 0.000000
    outer loop
      vertex 5.000000 23.220339 0.000000
      vertex 5.000000 23.220339 0.400000
      vertex 5.000000 23.728814 0.400000
    endloop
  endfacet
  facet normal -1.000000 0.000000 0.000000
    outer loop
      vertex 5.000000 23.220339 0.000000
      vertex 5.000000 23.728814 0.400000
      vertex 5.000000 23.728814 0.000000
    endloop
  endfacet
  facet normal 1.000000 0.000000 0.000000
    outer loop
      vertex 45.000000 23.220339 0.000000
      vertex 45.000000 23.728814 0.000000
      vertex 45.000000 23.728814 0.400000
    endloop
  endfacet
  facet normal 1.000000 0.000000 0.000000
    outer loop
      vertex 45.000000 23.220339 0.000000
      vertex 45.000000 23.728814 0.400000
      vertex 45.000000 23.220339 0.400000
    endloop
  endfacet
  facet normal 0.000000 0.000000 -1.000000
    outer loop
      vertex 5.000000 22.711864 0.000000
      vertex 18.670886 23.220339 0.000000
      vertex 18.670886 22.711864 0.000000
    endloop
  endfacet
  facet normal 0.000000 0.000000 -1.000000
    outer loop
      vertex 5.000000 22.711864 0.000000
      vertex 5.000000 23.220339 0.000000
      vertex 18.670886 23.220339 0.000000
    endloop
  endfacet
  facet normal 0.000000 0.000000 1.000000
    outer loop
      vertex 5.000000 22.711864 0.400000
      vertex 18.670886 22.711864 0.400000
      vertex 18.670886 23.220339 0.400000
    endloop
  endfacet
  facet normal 0.000000 0.000000 1.000000
    outer loop
      vertex 5.000000 22.711864 0.400000
      vertex 18.670886 23.220339 0.400000
      vertex 5.000000 23.220339 0.400000
    endloop
  endfacet
  facet normal 0.000000 -1.000000 0.000000
    outer loop
      vertex 5.000000 22.711864 0.000000
      vertex 18.670886 22.711864 0.000000
      vertex 18.670886 22.711864 0.400000
    endloop
  endfacet
  facet normal 0.000000 -1.000000 0.000000
    outer loop
      vertex 5.000000 22.711864 0.000000
      vertex 18.670886 22.711864 0.400000
      vertex 5.000000 22.711864 0.400000
    endloop
  endfacet
  facet normal 0.000000 1.000000 0.000000
    outer loop
      vertex 5.000000 23.220339 0.000000
      vertex 18.670886 23.220339 0.400000
      vertex 18.670886 23.220339 0.000000
    endloop
  endfacet
  facet normal 0.000000 1.000000 0.000000
    outer loop
      vertex 5.000000 23.220339 0.000000
      vertex 5.000000 23.220339 0.400000
      vertex 18.670886 23.220339 0.400000
    endloop
  endfacet
  facet normal -1.000000 0.000000 0.000000
    outer loop
      vertex 5.000000 22.711864 0.000000
      vertex 5.000000 22.711864 0.400000
      vertex 5.000000 23.220339 0.400000
    endloop
  endfacet
  facet normal -1.000000 0.000000 0.000000
    outer loop
      vertex 5.000000 22.711864 0.000000
      vertex 5.000000 23.220339 0.400000
      vertex 5.000000 23.220339 0.000000
    endloop
  endfacet
  facet normal 1.000000 0.000000 0.000000
    outer loop
      vertex 18.670886 22.711864 0.000000
      vertex 18.670886 23.220339 0.000000
      vertex 18.670886 23.220339 0.400000
    endloop
  endfacet
  facet normal 1.000000 0.000000 0.000000
    outer loop
      vertex 18.670886 22.711864 0.000000
      vertex 18.670886 23.220339 0.400000
      vertex 18.670886 22.711864 0.400000
    endloop
  endfacet
  facet normal 0.000000 0.000000 -1.000000
    outer loop
      vertex 21.708861 22.711864 0.000000
      vertex 28.291139 23.220339 0.000000
      vertex 28.291139 22.711864 0.000000
    endloop
  endfacet
  facet normal 0.000000 0.000000 -1.000000
    outer loop
      vertex 21.708861 22.711864 0.000000
      vertex 21.708861 23.220339 0.000000
      vertex 28.291139 23.220339 0.000000
    endloop
  endfacet
  facet normal 0.000000 0.000000 1.000000
    outer loop
      vertex 21.708861 22.711864 0.400000
      vertex 28.291139 22.711864 0.400000
      vertex 28.291139 23.220339 0.400000
    endloop
  endfacet
  facet normal 0.000000 0.000000 1.000000
    outer loop
      vertex 21.708861 22.711864 0.400000
      vertex 28.291139 23.220339 0.400000
      vertex 21.708861 23.220339 0.400000
    endloop
  endfacet
  facet normal 0.000000 -1.000000 0.000000
    outer loop
      vertex 21.708861 22.711864 0.000000
      vertex 28.291139 22.711864 0.000000
      vertex 28.291139 22.711864 0.400000
    endloop
  endfacet
  facet normal 0.000000 -1.000000 0.000000
    outer loop
      vertex 21.708861 22.711864 0.000000
      vertex 28.291139 22.711864 0.400000
      vertex 21.708861 22.711864 0.400000
    endloop
  endfacet
  facet normal 0.000000 1.000000 0.000000
    outer loop
      vertex 21.708861 23.220339 0.000000
      vertex 28.291139 23.220339 0.400000
      vertex 28.291139 23.220339 0.000000
    endloop
  endfacet
  facet normal 0.000000 1.000000 0.000000
    outer loop
      vertex 21.708861 23.220339 0.000000
      vertex 21.708861 23.220339 0.400000
      vertex 28.291139 23.220339 0.400000
    endloop
  endfacet
  facet normal -1.000000 0.000000 0.000000
    outer loop
      vertex 21.708861 22.711864 0.000000
      vertex 21.708861 22.711864 0.400000
      vertex 21.708861 23.220339 0.400000
    endloop
  endfacet
  facet normal -1.000000 0.000000 0.000000
    outer loop
      vertex 21.708861 22.711864 0.000000
      vertex 21.708861 23.220339 0.400000
      vertex 21.708861 23.220339 0.000000
    endloop
  endfacet
  facet normal 1.000000 0.000000 0.000000
    outer loop
      vertex 28.291139 22.711864 0.000000
      vertex 28.291139 23.220339 0.000000
      vertex 28.291139 23.220339 0.400000
    endloop
  endfacet
  facet normal 1.000000 0.000000 0.000000
    outer loop
      vertex 28.291139 22.711864 0.000000
      vertex 28.291139 23.220339 0.400000
      vertex 28.291139 22.711864 0.400000
    endloop
  endfacet
  facet normal 0.000000 0.000000 -1.000000
    outer loop
      vertex 31.329114 22.711864 0.000000
      vertex 37.911392 23.220339 0.000000
      vertex 37.911392 22.711864 0.000000
    endloop
  endfacet
  facet normal 0.000000 0.000000 -1.000000
    outer loop
      vertex 31.329114 22.711864 0.000000
      vertex 31.329114 23.220339 0.000000
      vertex 37.911392 23.220339 0.000000
    endloop
  endfacet
  facet normal 0.000000 0.000000 1.000000
    outer loop
      vertex 31.329114 22.711864 0.400000
      vertex 37.911392 22.711864 0.400000
      vertex 37.911392 23.220339 0.400000
    endloop
  endfacet
  facet normal 0.000000 0.000000 1.000000
    outer loop
      vertex 31.329114 22.711864 0.400000
      vertex 37.911392 23.220339 0.400000
      vertex 31.329114 23.220339 0.400000
    endloop
  endfacet
  facet normal 0.000000 -1.000000 0.000000
    outer loop
      vertex 31.329114 22.711864 0.000000
      vertex 37.911392 22.711864 0.000000
      vertex 37.911392 22.711864 0.400000
    endloop
  endfacet
  facet normal 0.000000 -1.000000 0.000000
    outer loop
      vertex 31.329114 22.711864 0.000000
      vertex 37.911392 22.711864 0.400000
      vertex 31.329114 22.711864 0.400000
    endloop
  endfacet
  facet normal 0.000000 1.000000 0.000000
    outer loop
      vertex 31.329114 23.220339 0.000000
      vertex 37.911392 23.220339 0.400000
      vertex 37.911392 23.220339 0.000000
    endloop
  endfacet
  facet normal 0.000000 1.000000 0.000000
    outer loop
      vertex 31.329114 23.220339 0.000000
      vertex 31.329114 23.220339 0.400000
      vertex 37.911392 23.220339 0.400000
    endloop
  endfacet
  facet normal -1.000000 0.000000 0.000000
    outer loop
      vertex 31.329114 22.711864 0.000000
      vertex 31.329114 22.711864 0.400000
      vertex 31.329114 23.220339 0.400000
    endloop
  endfacet
  facet normal -1.000000 0.000000 0.000000
    outer loop
      vertex 31.329114 22.711864 0.000000
      vertex 31.329114 23.220339 0.400000
      vertex 31.329114 23.220339 0.000000
    endloop
  endfacet
  facet normal 1.000000 0.000000 0.000000
    outer loop
      vertex 37.911392 22.711864 0.000000
      vertex 37.911392 23.220339 0.000000
      vertex 37.911392 23.220339 0.400000
    endloop
  endfacet
  facet normal 1.000000 0.000000 0.000000
    outer loop
      vertex 37.911392 22.711864 0.000000
      vertex 37.911392 23.220339 0.400000
      vertex 37.911392 22.711864 0.400000
    endloop
  endfacet
  facet normal 0.000000 0.000000 -1.000000
    outer loop
      vertex 41.455696 22.711864 0.000000
      vertex 45.000000 23.220339 0.000000
      vertex 45.000000 22.711864 0.000000
    endloop
  endfacet
  facet normal 0.000000 0.000000 -1.000000
    outer loop
      vertex 41.455696 22.711864 0.000000
      vertex 41.455696 23.220339 0.000000
      vertex 45.000000 23.220339 0.000000
    endloop
  endfacet
  facet normal 0.000000 0.000000 1.000000
    outer loop
      vertex 41.455696 22.711864 0.400000
      vertex 45.000000 22.711864 0.400000
      vertex 45.000000 23.220339 0.400000
    endloop
  endfacet
  facet normal 0.000000 0.000000 1.000000
    outer loop
      vertex 41.455696 22.711864 0.400000
      vertex 45.000000 23.220339 0.400000
      vertex 41.455696 23.220339 0.400000
    endloop
  endfacet
  facet normal 0.000000 -1.000000 0.000000
    outer loop
      vertex 41.455696 22.711864 0.000000
      vertex 45.000000 22.711864 0.000000
      vertex 45.000000 22.711864 0.400000
    endloop
  endfacet
  facet normal 0.000000 -1.000000 0.000000
    outer loop
      vertex 41.455696 22.711864 0.000000
      vertex 45.000000 22.711864 0.400000
      vertex 41.455696 22.711864 0.400000
    endloop
  endfacet
  facet normal 0.000000 1.000000 0.000000
    outer loop
      vertex 41.455696 23.220339 0.000000
      vertex 45.000000 23.220339 0.400000
      vertex 45.000000 23.220339 0.000000
    endloop
  endfacet
  facet normal 0.000000 1.000000 0.000000
    outer loop
      vertex 41.455696 23.220339 0.000000
      vertex 41.455696 23.220339 0.400000
      vertex 45.000000 23.220339 0.400000
    endloop
  endfacet
  facet normal -1.000000 0.000000 0.000000
    outer loop
      vertex 41.455696 22.711864 0.000000
      vertex 41.455696 22.711864 0.400000
      vertex 41.455696 23.220339 0.400000
    endloop
  endfacet
  facet normal -1.000000 0.000000 0.000000
    outer loop
      vertex 41.455696 22.711864 0.000000
      vertex 41.455696 23.220339 0.400000
      vertex 41.455696 23.220339 0.000000
    endloop
  endfacet
  facet normal 1.000000 0.000000 0.000000
    outer loop
      vertex 45.000000 22.711864 0.000000
      vertex 45.000000 23.220339 0.000000
      vertex 45.000000 23.220339 0.400000
    endloop
  endfacet
  facet normal 1.000000 0.000000 0.000000
    outer loop
      vertex 45.000000 22.711864 0.000000
      vertex 45.000000 23.220339 0.400000
      vertex 45.000000 22.711864 0.400000
    endloop
  endfacet
  facet normal 0.000000 0.000000 -1.000000
    outer loop
      vertex 5.000000 22.203390 0.000000
      vertex 17.658228 22.711864 0.000000
      vertex 17.658228 22.203390 0.000000
    endloop
  endfacet
  facet normal 0.000000 0.000000 -1.000000
    outer loop
      vertex 5.000000 22.203390 0.000000
      vertex 5.000000 22.711864 0.000000
      vertex 17.658228 22.711864 0.000000
    endloop
  endfacet
  facet normal 0.000000 0.000000 1.000000
    outer loop
      vertex 5.000000 22.203390 0.400000
      vertex 17.658228 22.203390 0.400000
      vertex 17.658228 22.711864 0.400000
    endloop
  endfacet
  facet normal 0.000000 0.000000 1.000000
    outer loop
      vertex 5.000000 22.203390 0.400000
      vertex 17.658228 22.711864 0.400000
      vertex 5.000000 22.711864 0.400000
    endloop
  endfacet
  facet normal 0.000000 -1.000000 0.000000
    outer loop
      vertex 5.000000 22.203390 0.000000
      vertex 17.658228 22.203390 0.000000
      vertex 17.658228 22.203390 0.400000
    endloop
  endfacet
  facet normal 0.000000 -1.000000 0.000000
    outer loop
      vertex 5.000000 22.203390 0.000000
      vertex 17.658228 22.203390 0.400000
      vertex 5.000000 22.203390 0.400000
    endloop
  endfacet
  facet normal 0.000000 1.000000 0.000000
    outer loop
      vertex 5.000000 22.711864 0.000000
      vertex 17.658228 22.711864 0.400000
      vertex 17.658228 22.711864 0.000000
    endloop
  endfacet
  facet normal 0.000000 1.000000 0.000000
    outer loop
      vertex 5.000000 22.711864 0.000000
      vertex 5.000000 22.711864 0.400000
      vertex 17.658228 22.711864 0.400000
    endloop
  endfacet
  facet normal -1.000000 0.000000 0.000000
    outer loop
      vertex 5.000000 22.203390 0.000000
      vertex 5.000000 22.203390 0.400000
      vertex 5.000000 22.711864 0.400000
    endloop
  endfacet
  facet normal -1.000000 0.000000 0.000000
    outer loop
      vertex 5.000000 22.203390 0.000000
      vertex 5.000000 22.711864 0.400000
      vertex 5.000000 22.711864 0.000000
    endloop
  endfacet
  facet normal 1.000000 0.000000 0.000000
    outer loop
      vertex 17.658228 22.203390 0.000000
      vertex 17.658228 22.711864 0.000000
      vertex 17.658228 22.711864 0.400000
    endloop
  endfacet
  facet normal 1.000000 0.000000 0.000000
    outer loop
      vertex 17.658228 22.203390 0.000000
      vertex 17.658228 22.711864 0.400000
      vertex 17.658228 22.203390 0.400000
    endloop
  endfacet
  facet normal 0.000000 0.000000 -1.000000
    outer loop
      vertex 22.215190 22.203390 0.000000
      vertex 27.278481 22.711864 0.000000
      vertex 27.278481 22.203390 0.000000
    endloop
  endfacet
  facet normal 0.000000 0.000000 -1.000000
    outer loop
      vertex 22.215190 22.203390 0.000000
      vertex 22.215190 22.711864 0.000000
      vertex 27.278481 22.711864 0.000000
    endloop
  endfacet
  facet normal 0.000000 0.000000 1.000000
    outer loop
      vertex 22.215190 22.203390 0.400000
      vertex 27.278481 22.203390 0.400000
      vertex 27.278481 22.711864 0.400000
    endloop
  endfacet
  facet normal 0.000000 0.000000 1.000000
    outer loop
      vertex 22.215190 22.203390 0.400000
      vertex 27.278481 22.711864 0.400000
      vertex 22.215190 22.711864 0.400000
    endloop
  endfacet
  facet normal 0.000000 -1.000000 0.000000
    outer loop
      vertex 22.215190 22.203390 0.000000
      vertex 27.278481 22.203390 0.000000
      vertex 27.278481 22.203390 0.400000
    endloop
  endfacet
  facet normal 0.000000 -1.000000 0.000000
    outer loop
      vertex 22.215190 22.203390 0.000000
      vertex 27.278481 22.203390 0.400000
      vertex 22.215190 22.203390 0.400000
    endloop
  endfacet
  facet normal 0.000000 1.000000 0.000000
    outer loop
      vertex 22.215190 22.711864 0.000000
      vertex 27.278481 22.711864 0.400000
      vertex 27.278481 22.711864 0.000000
    endloop
  endfacet
  facet normal 0.000000 1.000000 0.000000
    outer loop
      vertex 22.215190 22.711864 0.000000
      vertex 22.215190 22.711864 0.400000
      vertex 27.278481 22.711864 0.400000
    endloop
  endfacet
  facet normal -1.000000 0.000000 0.000000
    outer loop
      vertex 22.215190 22.203390 0.000000
      vertex 22.215190 22.203390 0.400000
      vertex 22.215190 22.711864 0.400000
    endloop
  endfacet
  facet normal -1.000000 0.000000 0.000000
    outer loop
      vertex 22.215190 22.203390 0.000000
      vertex 22.215190 22.711864 0.400000
      vertex 22.215190 22.711864 0.000000
    endloop
  endfacet
  facet normal 1.000000 0.000000 0.000000
    outer loop
      vertex 27.278481 22.203390 0.000000
      vertex 27.278481 22.711864 0.000000
      vertex 27.278481 22.711864 0.400000
    endloop
  endfacet
  facet normal 1.000000 0.000000 0.000000
    outer loop
      vertex 27.278481 22.203390 0.000000
      vertex 27.278481 22.711864 0.400000
      vertex 27.278481 22.203390 0.400000
    endloop
  endfacet
  facet normal 0.000000 0.000000 -1.000000
    outer loop
      vertex 31.835443 22.203390 0.000000
      vertex 37.911392 22.711864 0.000000
      vertex 37.911392 22.203390 0.000000
    endloop
  endfacet
  facet normal 0.000000 0.000000 -1.000000
    outer loop
      vertex 31.835443 22.203390 0.000000
      vertex 31.835443 22.711864 0.000000
      vertex 37.911392 22.711864 0.000000
    endloop
  endfacet
  facet normal 0.000000 0.000000 1.000000
    outer loop
      vertex 31.835443 22.203390 0.400000
      vertex 37.911392 22.203390 0.400000
      vertex 37.911392 22.711864 0.400000
    endloop
  endfacet
  facet normal 0.000000 0.000000 1.000000
    outer loop
      vertex 31.835443 22.203390 0.400000
      vertex 37.911392 22.711864 0.400000
      vertex 31.835443 22.711864 0.400000
    endloop
  endfacet
  facet normal 0.000000 -1.000000 0.000000
    outer loop
      vertex 31.835443 22.203390 0.000000
      vertex 37.911392 22.203390 0.000000
      vertex 37.911392 22.203390 0.400000
    endloop
  endfacet
  facet normal 0.000000 -1.000000 0.000000
    outer loop
      vertex 31.835443 22.203390 0.000000
      vertex 37.911392 22.203390 0.400000
      vertex 31.835443 22.203390 0.400000
    endloop
  endfacet
  facet normal 0.000000 1.000000 0.000000
    outer loop
      vertex 31.835443 22.711864 0.000000
      vertex 37.911392 22.711864 0.400000
      vertex 37.911392 22.711864 0.000000
    endloop
  endfacet
  facet normal 0.000000 1.000000 0.000000
    outer loop
      vertex 31.835443 22.711864 0.000000
      vertex 31.835443 22.711864 0.400000
      vertex 37.911392 22.711864 0.400000
    endloop
  endfacet
  facet normal -1.000000 0.000000 0.000000
    outer loop
      vertex 31.835443 22.203390 0.000000
      vertex 31.835443 22.203390 0.400000
      vertex 31.835443 22.711864 0.400000
    endloop
  endfacet
  facet normal -1.000000 0.000000 0.000000
    outer loop
      vertex 31.835443 22.203390 0.000000
      vertex 31.835443 22.711864 0.400000
      vertex 31.835443 22.711864 0.000000
    endloop
  endfacet
  facet normal 1.000000 0.000000 0.000000
    outer loop
      vertex 37.911392 22.203390 0.000000
      vertex 37.911392 22.711864 0.000000
      vertex 37.911392 22.711864 0.400000
    endloop
  endfacet
  facet normal 1.000000 0.000000 0.000000
    outer loop
      vertex 37.911392 22.203390 0.000000
      vertex 37.911392 22.711864 0.400000
      vertex 37.911392 22.203390 0.400000
    endloop
  endfacet
  facet normal 0.000000 0.000000 -1.000000
    outer loop
      vertex 42.468354 22.203390 0.000000
      vertex 45.000000 22.711864 0.000000
      vertex 45.000000 22.203390 0.000000
    endloop
  endfacet
  facet normal 0.000000 0.000000 -1.000000
    outer loop
      vertex 42.468354 22.203390 0.000000
      vertex 42.468354 22.711864 0.000000
      vertex 45.000000 22.711864 0.000000
    endloop
  endfacet
  facet normal 0.000000 0.000000 1.000000
    outer loop
      vertex 42.468354 22.203390 0.400000
      vertex 45.000000 22.203390 0.400000
      vertex 45.000000 22.711864 0.400000
    endloop
  endfacet
  facet normal 0.000000 0.000000 1.000000
    outer loop
      vertex 42.468354 22.203390 0.400000
      vertex 45.000000 22.711864 0.400000
      vertex 42.468354 22.711864 0.400000
    endloop
  endfacet
  facet normal 0.000000 -1.000000 0.000000
    outer loop
      vertex 42.468354 22.203390 0.000000
      vertex 45.000000 22.203390 0.000000
      vertex 45.000000 22.203390 0.400000
    endloop
  endfacet
  facet normal 0.000000 -1.000000 0.000000
    outer loop
      vertex 42.468354 22.203390 0.000000
      vertex 45.000000 22.203390 0.400000
      vertex 42.468354 22.203390 0.400000
    endloop
  endfacet
  facet normal 0.000000 1.000000 0.000000
    outer loop
      vertex 42.468354 22.711864 0.000000
      vertex 45.000000 22.711864 0.400000
      vertex 45.000000 22.711864 0.000000
    endloop
  endfacet
  facet normal 0.000000 1.000000 0.000000
    outer loop
      vertex 42.468354 22.711864 0.000000
      vertex 42.468354 22.711864 0.400000
      vertex 45.000000 22.711864 0.400000
    endloop
  endfacet
  facet normal -1.000000 0.000000 0.000000
    outer loop
      vertex 42.468354 22.203390 0.000000
      vertex 42.468354 22.203390 0.400000
      vertex 42.468354 22.711864 0.400000
    endloop
  endfacet
  facet normal -1.000000 0.000000 0.000000
    outer loop
      vertex 42.468354 22.203390 0.000000
      vertex 42.468354 22.711864 0.400000
      vertex 42.468354 22.711864 0.000000
    endloop
  endfacet
  facet normal 1.000000 0.000000 0.000000
    outer loop
      vertex 45.000000 22.203390 0.000000
      vertex 45.000000 22.711864 0.000000
      vertex 45.000000 22.711864 0.400000
    endloop
  endfacet
  facet normal 1.000000 0.000000 0.000000
    outer loop
      vertex 45.000000 22.203390 0.000000
      vertex 45.000000 22.711864 0.400000
      vertex 45.000000 22.203390 0.400000
    endloop
  endfacet
  facet normal 0.000000 0.000000 -1.000000
    outer loop
      vertex 5.000000 21.694915 0.000000
      vertex 17.151899 22.203390 0.000000
      vertex 17.151899 21.694915 0.000000
    endloop
  endfacet
  facet normal 0.000000 0.000000 -1.000000
    outer loop
      vertex 5.000000 21.694915 0.000000
      vertex 5.000000 22.203390 0.000000
      vertex 17.151899 22.203390 0.000000
    endloop
  endfacet
  facet normal 0.000000 0.000000 1.000000
    outer loop
      vertex 5.000000 21.694915 0.400000
      vertex 17.151899 21.694915 0.400000
      vertex 17.151899 22.203390 0.400000
    endloop
  endfacet
  facet normal 0.000000 0.000000 1.000000
    outer loop
      vertex 5.000000 21.694915 0.400000
      vertex 17.151899 22.203390 0.400000
      vertex 5.000000 22.203390 0.400000
    endloop
  endfacet
  facet normal 0.000000 -1.000000 0.000000
    outer loop
      vertex 5.000000 21.694915 0.000000
      vertex 17.151899 21.694915 0.000000
      vertex 17.151899 21.694915 0.400000
    endloop
  endfacet
  facet normal 0.000000 -1.000000 0.000000
    outer loop
      vertex 5.000000 21.694915 0.000000
      vertex 17.151899 21.694915 0.400000
      vertex 5.000000 21.694915 0.400000
    endloop
  endfacet
  facet normal 0.000000 1.000000 0.000000
    outer loop
      vertex 5.000000 22.203390 0.000000
      vertex 17.151899 22.203390 0.400000
      vertex 17.151899 22.203390 0.000000
    endloop
  endfacet
  facet normal 0.000000 1.000000 0.000000
    outer loop
      vertex 5.000000 22.203390 0.000000
      vertex 5.000000 22.203390 0.400000
      vertex 17.151899 22.203390 0.400000
    endloop
  endfacet
  facet normal -1.000000 0.000000 0.000000
    outer loop
      vertex 5.000000 21.694915 0.000000
      vertex 5.000000 21.694915 0.400000
      vertex 5.000000 22.203390 0.400000
    endloop
  endfacet
  facet normal -1.000000 0.000000 0.000000
    outer loop
      vertex 5.000000 21.694915 0.000000
      vertex 5.000000 22.203390 0.400000
      vertex 5.000000 22.203390 0.000000
    endloop
  endfacet
  facet normal 1.000000 0.000000 0.000000
    outer loop
      vertex 17.151899 21.694915 0.000000
      vertex 17.151899 22.203390 0.000000
      vertex 17.151899 22.203390 0.400000
    endloop
  endfacet
  facet normal 1.000000 0.000000 0.000000
    outer loop
      vertex 17.151899 21.694915 0.000000
      vertex 17.151899 22.203390 0.400000
      vertex 17.151899 21.694915 0.400000
    endloop
  endfacet
  facet normal 0.000000 0.000000 -1.000000
    outer loop
      vertex 22.721519 21.694915 0.000000
      vertex 26.772152 22.203390 0.000000
      vertex 26.772152 21.694915 0.000000
    endloop
  endfacet
  facet normal 0.000000 0.000000 -1.000000
    outer loop
      vertex 22.721519 21.694915 0.000000
      vertex 22.721519 22.203390 0.000000
      vertex 26.772152 22.203390 0.000000
    endloop
  endfacet
  facet normal 0.000000 0.000000 1.000000
    outer loop
      vertex 22.721519 21.694915 0.400000
      vertex 26.772152 21.694915 0.400000
      vertex 26.772152 22.203390 0.400000
    endloop
  endfacet
  facet normal 0.000000 0.000000 1.000000
    outer loop
      vertex 22.721519 21.694915 0.400000
      vertex 26.772152 22.203390 0.400000
      vertex 22.721519 22.203390 0.400000
    endloop
  endfacet
  facet normal 0.000000 -1.000000 0.000000
    outer loop
      vertex 22.721519 21.694915 0.000000
      vertex 26.772152 21.694915 0.000000
      vertex 26.772152 21.694915 0.400000
    endloop
  endfacet
  facet normal 0.000000 -1.000000 0.000000
    outer loop
      vertex 22.721519 21.694915 0.000000
      vertex 26.772152 21.694915 0.400000
      vertex 22.721519 21.694915 0.400000
    endloop
  endfacet
  facet normal 0.000000 1.000000 0.000000
    outer loop
      vertex 22.721519 22.203390 0.000000
      vertex 26.772152 22.203390 0.400000
      vertex 26.772152 22.203390 0.000000
    endloop
  endfacet
  facet normal 0.000000 1.000000 0.000000
    outer loop
      vertex 22.721519 22.203390 0.000000
      vertex 22.721519 22.203390 0.400000
      vertex 26.772152 22.203390 0.400000
    endloop
  endfacet
  facet normal -1.000000 0.000000 0.000000
    outer loop
      vertex 22.721519 21.694915 0.000000
      vertex 22.721519 21.694915 0.400000
      vertex 22.721519 22.203390 0.400000
    endloop
  endfacet
  facet normal -1.000000 0.000000 0.000000
    outer loop
      vertex 22.721519 21.694915 0.000000
      vertex 22.721519 22.203390 0.400000
      vertex 22.721519 22.203390 0.000000
    endloop
  endfacet
  facet normal 1.000000 0.000000 0.000000
    outer loop
      vertex 26.772152 21.694915 0.000000
      vertex 26.772152 22.203390 0.000000
      vertex 26.772152 22.203390 0.400000
    endloop
  endfacet
  facet normal 1.000000 0.000000 0.000000
    outer loop
      vertex 26.772152 21.694915 0.000000
      vertex 26.772152 22.203390 0.400000
      vertex 26.772152 21.694915 0.400000
    endloop
  endfacet
  facet normal 0.000000 0.000000 -1.000000
    outer loop
      vertex 32.341772 21.694915 0.000000
      vertex 37.911392 22.203390 0.000000
      vertex 37.911392 21.694915 0.000000
    endloop
  endfacet
  facet normal 0.000000 0.000000 -1.000000
    outer loop
      vertex 32.341772 21.694915 0.000000
      vertex 32.341772 22.203390 0.000000
      vertex 37.911392 22.203390 0.000000
    endloop
  endfacet
  facet normal 0.000000 0.000000 1.000000
    outer loop
      vertex 32.341772 21.694915 0.400000
      vertex 37.911392 21.694915 0.400000
      vertex 37.911392 22.203390 0.400000
    endloop
  endfacet
  facet normal 0.000000 0.000000 1.000000
    outer loop
      vertex 32.341772 21.694915 0.400000
      vertex 37.911392 22.203390 0.400000
      vertex 32.341772 22.203390 0.400000
    endloop
  endfacet
  facet normal 0.000000 -1.000000 0.000000
    outer loop
      vertex 32.341772 21.694915 0.000000
      vertex 37.911392 21.694915 0.000000
      vertex 37.911392 21.694915 0.400000
    endloop
  endfacet
  facet normal 0.000000 -1.000000 0.000000
    outer loop
      vertex 32.341772 21.694915 0.000000
      vertex 37.911392 21.694915 0.400000
      vertex 32.341772 21.694915 0.400000
    endloop
  endfacet
  facet normal 0.000000 1.000000 0.000000
    outer loop
      vertex 32.341772 22.203390 0.000000
      vertex 37.911392 22.203390 0.400000
      vertex 37.911392 22.203390 0.000000
    endloop
  endfacet
  facet normal 0.000000 1.000000 0.000000
    outer loop
      vertex 32.341772 22.203390 0.000000
      vertex 32.341772 22.203390 0.400000
      vertex 37.911392 22.203390 0.400000
    endloop
  endfacet
  facet normal -1.000000 0.000000 0.000000
    outer loop
      vertex 32.341772 21.694915 0.000000
      vertex 32.341772 21.694915 0.400000
      vertex 32.341772 22.203390 0.400000
    endloop
  endfacet
  facet normal -1.000000 0.000000 0.000000
    outer loop
      vertex 32.341772 21.694915 0.000000
      vertex 32.341772 22.203390 0.400000
      vertex 32.341772 22.203390 0.000000
    endloop
  endfacet
  facet normal 1.000000 0.000000 0.000000
    outer loop
      vertex 37.911392 21.694915 0.000000
      vertex 37.911392 22.203390 0.000000
      vertex 37.911392 22.203390 0.400000
    endloop
  endfacet
  facet normal 1.000000 0.000000 0.000000
    outer loop
      vertex 37.911392 21.694915 0.000000
      vertex 37.911392 22.203390 0.400000
      vertex 37.911392 21.694915 0.400000
    endloop
  endfacet
  facet normal 0.000000 0.000000 -1.000000
    outer loop
      vertex 42.468354 21.694915 0.000000
      vertex 45.000000 22.203390 0.000000
      vertex 45.000000 21.694915 0.000000
    endloop
  endfacet
  facet normal 0.000000 0.000000 -1.000000
    outer loop
      vertex 42.468354 21.694915 0.000000
      vertex 42.468354 22.203390 0.000000
      vertex 45.000000 22.203390 0.000000
    endloop
  endfacet
  facet normal 0.000000 0.000000 1.000000
    outer loop
      vertex 42.468354 21.694915 0.400000
      vertex 45.000000 21.694915 0.400000
      vertex 45.000000 22.203390 0.400000
    endloop
  endfacet
  facet normal 0.000000 0.000000 1.000000
    outer loop
      vertex 42.468354 21.694915 0.400000
      vertex 45.000000 22.203390 0.400000
      vertex 42.468354 22.203390 0.400000
    endloop
  endfacet
  facet normal 0.000000 -1.000000 0.000000
    outer loop
      vertex 42.468354 21.694915 0.000000
      vertex 45.000000 21.694915 0.000000
      vertex 45.000000 21.694915 0.400000
    endloop
  endfacet
  facet normal 0.000000 -1.000000 0.000000
    outer loop
      vertex 42.468354 21.694915 0.000000
      vertex 45.000000 21.694915 0.400000
      vertex 42.468354 21.694915 0.400000
    endloop
  endfacet
  facet normal 0.000000 1.000000 0.000000
    outer loop
      vertex 42.468354 22.203390 0.000000
      vertex 45.000000 22.203390 0.400000
      vertex 45.000000 22.203390 0.000000
    endloop
  endfacet
  facet normal 0.000000 1.000000 0.000000
    outer loop
      vertex 42.468354 22.203390 0.000000
      vertex 42.468354 22.203390 0.400000
      vertex 45.000000 22.203390 0.400000
    endloop
  endfacet
  facet normal -1.000000 0.000000 0.000000
    outer loop
      vertex 42.468354 21.694915 0.000000
      vertex 42.468354 21.694915 0.400000
      vertex 42.468354 22.203390 0.400000
    endloop
  endfacet
  facet normal -1.000000 0.000000 0.000000
    outer loop
      vertex 42.468354 21.694915 0.000000
      vertex 42.468354 22.203390 0.400000
      vertex 42.468354 22.203390 0.000000
    endloop
  endfacet
  facet normal 1.000000 0.000000 0.000000
    outer loop
      vertex 45.000000 21.694915 0.000000
      vertex 45.000000 22.203390 0.000000
      vertex 45.000000 22.203390 0.400000
    endloop
  endfacet
  facet normal 1.000000 0.000000 0.000000
    outer loop
      vertex 45.000000 21.694915 0.000000
      vertex 45.000000 22.203390 0.400000
      vertex 45.000000 21.694915 0.400000
    endloop
  endfacet
  facet normal 0.000000 0.000000 -1.000000
    outer loop
      vertex 5.000000 21.186441 0.000000
      vertex 16.645570 21.694915 0.000000
      vertex 16.645570 21.186441 0.000000
    endloop
  endfacet
  facet normal 0.000000 0.000000 -1.000000
    outer loop
      vertex 5.000000 21.186441 0.000000
      vertex 5.000000 21.694915 0.000000
      vertex 16.645570 21.694915 0.000000
    endloop
  endfacet
  facet normal 0.000000 0.000000 1.000000
    outer loop
      vertex 5.000000 21.186441 0.400000
      vertex 16.645570 21.186441 0.400000
      vertex 16.645570 21.694915 0.400000
    endloop
  endfacet
  facet normal 0.000000 0.000000 1.000000
    outer loop
      vertex 5.000000 21.186441 0.400000
      vertex 16.645570 21.694915 0.400000
      vertex 5.000000 21.694915 0.400000
    endloop
  endfacet
  facet normal 0.000000 -1.000000 0.000000
    outer loop
      vertex 5.000000 21.186441 0.000000
      vertex 16.645570 21.186441 0.000000
      vertex 16.645570 21.186441 0.400000
    endloop
  endfacet
  facet normal 0.000000 -1.000000 0.000000
    outer loop
      vertex 5.000000 21.186441 0.000000
      vertex 16.645570 21.186441 0.400000
      vertex 5.000000 21.186441 0.400000
    endloop
  endfacet
  facet normal 0.000000 1.000000 0.000000
    outer loop
      vertex 5.000000 21.694915 0.000000
      vertex 16.645570 21.694915 0.400000
      vertex 16.645570 21.694915 0.000000
    endloop
  endfacet
  facet normal 0.000000 1.000000 0.000000
    outer loop
      vertex 5.000000 21.694915 0.000000
      vertex 5.000000 21.694915 0.400000
      vertex 16.645570 21.694915 0.400000
    endloop
  endfacet
  facet normal -1.000000 0.000000 0.000000
    outer loop
      vertex 5.000000 21.186441 0.000000
      vertex 5.000000 21.186441 0.400000
      vertex 5.000000 21.694915 0.400000
    endloop
  endfacet
  facet normal -1.000000 0.000000 0.000000
    outer loop
      vertex 5.000000 21.186441 0.000000
      vertex 5.000000 21.694915 0.400000
      vertex 5.000000 21.694915 0.000000
    endloop
  endfacet
  facet normal 1.000000 0.000000 0.000000
    outer loop
      vertex 16.645570 21.186441 0.000000
      vertex 16.645570 21.694915 0.000000
      vertex 16.645570 21.694915 0.400000
    endloop
  endfacet
  facet normal 1.000000 0.000000 0.000000
    outer loop
      vertex 16.645570 21.186441 0.000000
      vertex 16.645570 21.694915 0.400000
      vertex 16.645570 21.186441 0.400000
    endloop
  endfacet
  facet normal 0.000000 0.000000 -1.000000
    outer loop
      vertex 19.177215 21.186441 0.000000
      vertex 20.696203 21.694915 0.000000
      vertex 20.696203 21.186441 0.000000
    endloop
  endfacet
  facet normal 0.000000 0.000000 -1.000000
    outer loop
      vertex 19.177215 21.186441 0.000000
      vertex 19.177215 21.694915 0.000000
      vertex 20.696203 21.694915 0.000000
    endloop
  endfacet
  facet normal 0.000000 0.000000 1.000000
    outer loop
      vertex 19.177215 21.186441 0.400000
      vertex 20.696203 21.186441 0.400000
      vertex 20.696203 21.694915 0.400000
    endloop
  endfacet
  facet normal 0.000000 0.000000 1.000000
    outer loop
      vertex 19.177215 21.186441 0.400000
      vertex 20.696203 21.694915 0.400000
      vertex 19.177215 21.694915 0.400000
    endloop
  endfacet
  facet normal 0.000000 -1.000000 0.000000
    outer loop
      vertex 19.177215 21.186441 0.000000
      vertex 20.696203 21.186441 0.000000
      vertex 20.696203 21.186441 0.400000
    endloop
  endfacet
  facet normal 0.000000 -1.000000 0.000000
    outer loop
      vertex 19.177215 21.186441 0.000000
      vertex 20.696203 21.186441 0.400000
      vertex 19.177215 21.186441 0.400000
    endloop
  endfacet
  facet normal 0.000000 1.000000 0.000000
    outer loop
      vertex 19.177215 21.694915 0.000000
      vertex 20.696203 21.694915 0.400000
      vertex 20.696203 21.694915 0.000000
    endloop
  endfacet
  facet normal 0.000000 1.000000 0.000000
    outer loop
      vertex 19.177215 21.694915 0.000000
      vertex 19.177215 21.694915 0.400000
      vertex 20.696203 21.694915 0.400000
    endloop
  endfacet
  facet normal -1.000000 0.000000 0.000000
    outer loop
      vertex 19.177215 21.186441 0.000000
      vertex 19.177215 21.186441 0.400000
      vertex 19.177215 21.694915 0.400000
    endloop
  endfacet
  facet normal -1.000000 0.000000 0.000000
    outer loop
      vertex 19.177215 21.186441 0.000000
      vertex 19.177215 21.694915 0.400000
      vertex 19.177215 21.694915 0.000000
    endloop
  endfacet
  facet normal 1.000000 0.000000 0.000000
    outer loop
      vertex 20.696203 21.186441 0.000000
      vertex 20.696203 21.694915 0.000000
      vertex 20.696203 21.694915 0.400000
    endloop
  endfacet
  facet normal 1.000000 0.000000 0.000000
    outer loop
      vertex 20.696203 21.186441 0.000000
      vertex 20.696203 21.694915 0.400000
      vertex 20.696203 21.186441 0.400000
    endloop
  endfacet
  facet normal 0.000000 0.000000 -1.000000
    outer loop
      vertex 23.227848 21.186441 0.000000
      vertex 26.265823 21.694915 0.000000
      vertex 26.265823 21.186441 0.000000
    endloop
  endfacet
  facet normal 0.000000 0.000000 -1.000000
    outer loop
      vertex 23.227848 21.186441 0.000000
      vertex 23.227848 21.694915 0.000000
      vertex 26.265823 21.694915 0.000000
    endloop
  endfacet
  facet normal 0.000000 0.000000 1.000000
    outer loop
      vertex 23.227848 21.186441 0.400000
      vertex 26.265823 21.186441 0.400000
      vertex 26.265823 21.694915 0.400000
    endloop
  endfacet
  facet normal 0.000000 0.000000 1.000000
    outer loop
      vertex 23.227848 21.186441 0.400000
      vertex 26.265823 21.694915 0.400000
      vertex 23.227848 21.694915 0.400000
    endloop
  endfacet
  facet normal 0.000000 -1.000000 0.000000
    outer loop
      vertex 23.227848 21.186441 0.000000
      vertex 26.265823 21.186441 0.000000
      vertex 26.265823 21.186441 0.400000
    endloop
  endfacet
  facet normal 0.000000 -1.000000 0.000000
    outer loop
      vertex 23.227848 21.186441 0.000000
      vertex 26.265823 21.186441 0.400000
      vertex 23.227848 21.186441 0.400000
    endloop
  endfacet
  facet normal 0.000000 1.000000 0.000000
    outer loop
      vertex 23.227848 21.694915 0.000000
      vertex 26.265823 21.694915 0.400000
      vertex 26.265823 21.694915 0.000000
    endloop
  endfacet
  facet normal 0.000000 1.000000 0.000000
    outer loop
      vertex 23.227848 21.694915 0.000000
      vertex 23.227848 21.694915 0.400000
      vertex 26.265823 21.694915 0.400000
    endloop
  endfacet
  facet normal -1.000000 0.000000 0.000000
    outer loop
      vertex 23.227848 21.186441 0.000000
      vertex 23.227848 21.186441 0.400000
      vertex 23.227848 21.694915 0.400000
    endloop
  endfacet
  facet normal -1.000000 0.000000 0.000000
    outer loop
      vertex 23.227848 21.186441 0.000000
      vertex 23.227848 21.694915 0.400000
      vertex 23.227848 21.694915 0.000000
    endloop
  endfacet
  facet normal 1.000000 0.000000 0.000000
    outer loop
      vertex 26.265823 21.186441 0.000000
      vertex 26.265823 21.694915 0.000000
      vertex 26.265823 21.694915 0.400000
    endloop
  endfacet
  facet normal 1.000000 0.000000 0.000000
    outer loop
      vertex 26.265823 21.186441 0.000000
      vertex 26.265823 21.694915 0.400000
      vertex 26.265823 21.186441 0.400000
    endloop
  endfacet
  facet normal 0.000000 0.000000 -1.000000
    outer loop
      vertex 28.797468 21.186441 0.000000
      vertex 30.316456 21.694915 0.000000
      vertex 30.316456 21.186441 0.000000
    endloop
  endfacet
  facet normal 0.000000 0.000000 -1.000000
    outer loop
      vertex 28.797468 21.186441 0.000000
      vertex 28.797468 21.694915 0.000000
      vertex 30.316456 21.694915 0.000000
    endloop
  endfacet
  facet normal 0.000000 0.000000 1.000000
    outer loop
      vertex 28.797468 21.186441 0.400000
      vertex 30.316456 21.186441 0.400000
      vertex 30.316456 21.694915 0.400000
    endloop
  endfacet
  facet normal 0.000000 0.000000 1.000000
    outer loop
      vertex 28.797468 21.186441 0.400000
      vertex 30.316456 21.694915 0.400000
      vertex 28.797468 21.694915 0.400000
    endloop
  endfacet
  facet normal 0.000000 -1.000000 0.000000
    outer loop
      vertex 28.797468 21.186441 0.000000
      vertex 30.316456 21.186441 0.000000
      vertex 30.316456 21.186441 0.400000
    endloop
  endfacet
  facet normal 0.000000 -1.000000 0.000000
    outer loop
      vertex 28.797468 21.186441 0.000000
      vertex 30.316456 21.186441 0.400000
      vertex 28.797468 21.186441 0.400000
    endloop
  endfacet
  facet normal 0.000000 1.000000 0.000000
    outer loop
      vertex 28.797468 21.694915 0.000000
      vertex 30.316456 21.694915 0.400000
      vertex 30.316456 21.694915 0.000000
    endloop
  endfacet
  facet normal 0.000000 1.000000 0.000000
    outer loop
      vertex 28.797468 21.694915 0.000000
      vertex 28.797468 21.694915 0.400000
      vertex 30.316456 21.694915 0.400000
    endloop
  endfacet
  facet normal -1.000000 0.000000 0.000000
    outer loop
      vertex 28.797468 21.186441 0.000000
      vertex 28.797468 21.186441 0.400000
      vertex 28.797468 21.694915 0.400000
    endloop
  endfacet
  facet normal -1.000000 0.000000 0.000000
    outer loop
      vertex 28.797468 21.186441 0.000000
      vertex 28.797468 21.694915 0.400000
      vertex 28.797468 21.694915 0.000000
    endloop
  endfacet
  facet normal 1.000000 0.000000 0.000000
    outer loop
      vertex 30.316456 21.186441 0.000000
      vertex 30.316456 21.694915 0.000000
      vertex 30.316456 21.694915 0.400000
    endloop
  endfacet
  facet normal 1.000000 0.000000 0.000000
    outer loop
      vertex 30.316456 21.186441 0.000000
      vertex 30.316456 21.694915 0.400000
      vertex 30.316456 21.186441 0.400000
    endloop
  endfacet
  facet normal 0.000000 0.000000 -1.000000
    outer loop
      vertex 32.848101 21.186441 0.000000
      vertex 37.911392 21.694915 0.000000
      vertex 37.911392 21.186441 0.000000
    endloop
  endfacet
  facet normal 0.000000 0.000000 -1.000000
    outer loop
      vertex 32.848101 21.186441 0.000000
      vertex 32.848101 21.694915 0.000000
      vertex 37.911392 21.694915 0.000000
    endloop
  endfacet
  facet normal 0.000000 0.000000 1.000000
    outer loop
      vertex 32.848101 21.186441 0.400000
      vertex 37.911392 21.186441 0.400000
      vertex 37.911392 21.694915 0.400000
    endloop
  endfacet
  facet normal 0.000000 0.000000 1.000000
    outer loop
      vertex 32.848101 21.186441 0.400000
      vertex 37.911392 21.694915 0.400000
      vertex 32.848101 21.694915 0.400000
    endloop
  endfacet
  facet normal 0.000000 -1.000000 0.000000
    outer loop
      vertex 32.848101 21.186441 0.000000
      vertex 37.911392 21.186441 0.000000
      vertex 37.911392 21.186441 0.400000
    endloop
  endfacet
  facet normal 0.000000 -1.000000 0.000000
    outer loop
      vertex 32.848101 21.186441 0.000000
      vertex 37.911392 21.186441 0.400000
      vertex 32.848101 21.186441 0.400000
    endloop
  endfacet
  facet normal 0.000000 1.000000 0.000000
    outer loop
      vertex 32.848101 21.694915 0.000000
      vertex 37.911392 21.694915 0.400000
      vertex 37.911392 21.694915 0.000000
    endloop
  endfacet
  facet normal 0.000000 1.000000 0.000000
    outer loop
      vertex 32.848101 21.694915 0.000000
      vertex 32.848101 21.694915 0.400000
      vertex 37.911392 21.694915 0.400000
    endloop
  endfacet
  facet normal -1.000000 0.000000 0.000000
    outer loop
      vertex 32.848101 21.186441 0.000000
      vertex 32.848101 21.186441 0.400000
      vertex 32.848101 21.694915 0.400000
    endloop
  endfacet
  facet normal -1.000000 0.000000 0.000000
    outer loop
      vertex 32.848101 21.186441 0.000000
      vertex 32.848101 21.694915 0.400000
      vertex 32.848101 21.694915 0.000000
    endloop
  endfacet
  facet normal 1.000000 0.000000 0.000000
    outer loop
      vertex 37.911392 21.186441 0.000000
      vertex 37.911392 21.694915 0.000000
      vertex 37.911392 21.694915 0.400000
    endloop
  endfacet
  facet normal 1.000000 0.000000 0.000000
    outer loop
      vertex 37.911392 21.186441 0.000000
      vertex 37.911392 21.694915 0.400000
      vertex 37.911392 21.186441 0.400000
    endloop
  endfacet
  facet normal 0.000000 0.000000 -1.000000
    outer loop
      vertex 39.936709 21.186441 0.000000
      vertex 41.455696 21.694915 0.000000
      vertex 41.455696 21.186441 0.000000
    endloop
  endfacet
  facet normal 0.000000 0.000000 -1.000000
    outer loop
      vertex 39.936709 21.186441 0.000000
      vertex 39.936709 21.694915 0.000000
      vertex 41.455696 21.694915 0.000000
    endloop
  endfacet
  facet normal 0.000000 0.000000 1.000000
    outer loop
      vertex 39.936709 21.186441 0.400000
      vertex 41.455696 21.186441 0.400000
      vertex 41.455696 21.694915 0.400000
    endloop
  endfacet
  facet normal 0.000000 0.000000 1.000000
    outer loop
      vertex 39.936709 21.186441 0.400000
      vertex 41.455696 21.694915 0.400000
      vertex 39.936709 21.694915 0.400000
    endloop
  endfacet
  facet normal 0.000000 -1.000000 0.000000
    outer loop
      vertex 39.936709 21.186441 0.000000
      vertex 41.455696 21.186441 0.000000
      vertex 41.455696 21.186441 0.400000
    endloop
  endfacet
  facet normal 0.000000 -1.000000 0.000000
    outer loop
      vertex 39.936709 21.186441 0.000000
      vertex 41.455696 21.186441 0.400000
      vertex 39.936709 21.186441 0.400000
    endloop
  endfacet
  facet normal 0.000000 1.000000 0.000000
    outer loop
      vertex 39.936709 21.694915 0.000000
      vertex 41.455696 21.694915 0.400000
      vertex 41.455696 21.694915 0.000000
    endloop
  endfacet
  facet normal 0.000000 1.000000 0.000000
    outer loop
      vertex 39.936709 21.694915 0.000000
      vertex 39.936709 21.694915 0.400000
      vertex 41.455696 21.694915 0.400000
    endloop
  endfacet
  facet normal -1.000000 0.000000 0.000000
    outer loop
      vertex 39.936709 21.186441 0.000000
      vertex 39.936709 21.186441 0.400000
      vertex 39.936709 21.694915 0.400000
    endloop
  endfacet
  facet normal -1.000000 0.000000 0.000000
    outer loop
      vertex 39.936709 21.186441 0.000000
      vertex 39.936709 21.694915 0.400000
      vertex 39.936709 21.694915 0.000000
    endloop
  endfacet
  facet normal 1.000000 0.000000 0.000000
    outer loop
      vertex 41.455696 21.186441 0.000000
      vertex 41.455696 21.694915 0.000000
      vertex 41.455696 21.694915 0.400000
    endloop
  endfacet
  facet normal 1.000000 0.000000 0.000000
    outer loop
      vertex 41.455696 21.186441 0.000000
      vertex 41.455696 21.694915 0.400000
      vertex 41.455696 21.186441 0.400000
    endloop
  endfacet
  facet normal 0.000000 0.000000 -1.000000
    outer loop
      vertex 42.468354 21.186441 0.000000
      vertex 45.000000 21.694915 0.000000
      vertex 45.000000 21.186441 0.000000
    endloop
  endfacet
  facet normal 0.000000 0.000000 -1.000000
    outer loop
      vertex 42.468354 21.186441 0.000000
      vertex 42.468354 21.694915 0.000000
      vertex 45.000000 21.694915 0.000000
    endloop
  endfacet
  facet normal 0.000000 0.000000 1.000000
    outer loop
      vertex 42.468354 21.186441 0.400000
      vertex 45.000000 21.186441 0.400000
      vertex 45.000000 21.694915 0.400000
    endloop
  endfacet
  facet normal 0.000000 0.000000 1.000000
    outer loop
      vertex 42.468354 21.186441 0.400000
      vertex 45.000000 21.694915 0.400000
      vertex 42.468354 21.694915 0.400000
    endloop
  endfacet
  facet normal 0.000000 -1.000000 0.000000
    outer loop
      vertex 42.468354 21.186441 0.000000
      vertex 45.000000 21.186441 0.000000
      vertex 45.000000 21.186441 0.400000
    endloop
  endfacet
  facet normal 0.000000 -1.000000 0.000000
    outer loop
      vertex 42.468354 21.186441 0.000000
      vertex 45.000000 21.186441 0.400000
      vertex 42.468354 21.186441 0.400000
    endloop
  endfacet
  facet normal 0.000000 1.000000 0.000000
    outer loop
      vertex 42.468354 21.694915 0.000000
      vertex 45.000000 21.694915 0.400000
      vertex 45.000000 21.694915 0.000000
    endloop
  endfacet
  facet normal 0.000000 1.000000 0.000000
    outer loop
      vertex 42.468354 21.694915 0.000000
      vertex 42.468354 21.694915 0.400000
      vertex 45.000000 21.694915 0.400000
    endloop
  endfacet
  facet normal -1.000000 0.000000 0.000000
    outer loop
      vertex 42.468354 21.186441 0.000000
      vertex 42.468354 21.186441 0.400000
      vertex 42.468354 21.694915 0.400000
    endloop
  endfacet
  facet normal -1.000000 0.000000 0.000000
    outer loop
      vertex 42.468354 21.186441 0.000000
      vertex 42.468354 21.694915 0.400000
      vertex 42.468354 21.694915 0.000000
    endloop
  endfacet
  facet normal 1.000000 0.000000 0.000000
    outer loop
      vertex 45.000000 21.186441 0.000000
      vertex 45.000000 21.694915 0.000000
      vertex 45.000000 21.694915 0.400000
    endloop
  endfacet
  facet normal 1.000000 0.000000 0.000000
    outer loop
      vertex 45.000000 21.186441 0.000000
      vertex 45.000000 21.694915 0.400000
      vertex 45.000000 21.186441 0.400000
    endloop
  endfacet
  facet normal 0.000000 0.000000 -1.000000
    outer loop
      vertex 5.000000 20.677966 0.000000
      vertex 16.645570 21.186441 0.000000
      vertex 16.645570 20.677966 0.000000
    endloop
  endfacet
  facet normal 0.000000 0.000000 -1.000000
    outer loop
      vertex 5.000000 20.677966 0.000000
      vertex 5.000000 21.186441 0.000000
      vertex 16.645570 21.186441 0.000000
    endloop
  endfacet
  facet normal 0.000000 0.000000 1.000000
    outer loop
      vertex 5.000000 20.677966 0.400000
      vertex 16.645570 20.677966 0.400000
      vertex 16.645570 21.186441 0.400000
    endloop
  endfacet
  facet normal 0.000000 0.000000 1.000000
    outer loop
      vertex 5.000000 20.677966 0.400000
      vertex 16.645570 21.186441 0.400000
      vertex 5.000000 21.186441 0.400000
    endloop
  endfacet
  facet normal 0.000000 -1.000000 0.000000
    outer loop
      vertex 5.000000 20.677966 0.000000
      vertex 16.645570 20.677966 0.000000
      vertex 16.645570 20.677966 0.400000
    endloop
  endfacet
  facet normal 0.000000 -1.000000 0.000000
    outer loop
      vertex 5.000000 20.677966 0.000000
      vertex 16.645570 20.677966 0.400000
      vertex 5.000000 20.677966 0.400000
    endloop
  endfacet
  facet normal 0.000000 1.000000 0.000000
    outer loop
      vertex 5.000000 21.186441 0.000000
      vertex 16.645570 21.186441 0.400000
      vertex 16.645570 21.186441 0.000000
    endloop
  endfacet
  facet normal 0.000000 1.000000 0.000000
    outer loop
      vertex 5.000000 21.186441 0.000000
      vertex 5.000000 21.186441 0.400000
      vertex 16.645570 21.186441 0.400000
    endloop
  endfacet
  facet normal -1.000000 0.000000 0.000000
    outer loop
      vertex 5.000000 20.677966 0.000000
      vertex 5.000000 20.677966 0.400000
      vertex 5.000000 21.186441 0.400000
    endloop
  endfacet
  facet normal -1.000000 0.000000 0.000000
    outer loop
      vertex 5.000000 20.677966 0.000000
      vertex 5.000000 21.186441 0.400000
      vertex 5.000000 21.186441 0.000000
    endloop
  endfacet
  facet normal 1.000000 0.000000 0.000000
    outer loop
      vertex 16.645570 20.677966 0.000000
      vertex 16.645570 21.186441 0.000000
      vertex 16.645570 21.186441 0.400000
    endloop
  endfacet
  facet normal 1.000000 0.000000 0.000000
    outer loop
      vertex 16.645570 20.677966 0.000000
      vertex 16.645570 21.186441 0.400000
      vertex 16.645570 20.677966 0.400000
    endloop
  endfacet
  facet normal 0.000000 0.000000 -1.000000
    outer loop
      vertex 18.670886 20.677966 0.000000
      vertex 21.202532 21.186441 0.000000
      vertex 21.202532 20.677966 0.000000
    endloop
  endfacet
  facet normal 0.000000 0.000000 -1.000000
    outer loop
      vertex 18.670886 20.677966 0.000000
      vertex 18.670886 21.186441 0.000000
      vertex 21.202532 21.186441 0.000000
    endloop
  endfacet
  facet normal 0.000000 0.000000 1.000000
    outer loop
      vertex 18.670886 20.677966 0.400000
      vertex 21.202532 20.677966 0.400000
      vertex 21.202532 21.186441 0.400000
    endloop
  endfacet
  facet normal 0.000000 0.000000 1.000000
    outer loop
      vertex 18.670886 20.677966 0.400000
      vertex 21.202532 21.186441 0.400000
      vertex 18.670886 21.186441 0.400000
    endloop
  endfacet
  facet normal 0.000000 -1.000000 0.000000
    outer loop
      vertex 18.670886 20.677966 0.000000
      vertex 21.202532 20.677966 0.000000
      vertex 21.202532 20.677966 0.400000
    endloop
  endfacet
  facet normal 0.000000 -1.000000 0.000000
    outer loop
      vertex 18.670886 20.677966 0.000000
      vertex 21.202532 20.677966 0.400000
      vertex 18.670886 20.677966 0.400000
    endloop
  endfacet
  facet normal 0.000000 1.000000 0.000000
    outer loop
      vertex 18.670886 21.186441 0.000000
      vertex 21.202532 21.186441 0.400000
      vertex 21.202532 21.186441 0.000000
    endloop
  endfacet
  facet normal 0.000000 1.000000 0.000000
    outer loop
      vertex 18.670886 21.186441 0.000000
      vertex 18.670886 21.186441 0.400000
      vertex 21.202532 21.186441 0.400000
    endloop
  endfacet
  facet normal -1.000000 0.000000 0.000000
    outer loop
      vertex 18.670886 20.677966 0.000000
      vertex 18.670886 20.677966 0.400000
      vertex 18.670886 21.186441 0.400000
    endloop
  endfacet
  facet normal -1.000000 0.000000 0.000000
    outer loop
      vertex 18.670886 20.677966 0.000000
      vertex 18.670886 21.186441 0.400000
      vertex 18.670886 21.186441 0.000000
    endloop
  endfacet
  facet normal 1.000000 0.000000 0.000000
    outer loop
      vertex 21.202532 20.677966 0.000000
      vertex 21.202532 21.186441 0.000000
      vertex 21.202532 21.186441 0.400000
    endloop
  endfacet
  facet normal 1.000000 0.000000 0.000000
    outer loop
      vertex 21.202532 20.677966 0.000000
      vertex 21.202532 21.186441 0.400000
      vertex 21.202532 20.677966 0.400000
    endloop
  endfacet
  facet normal 0.000000 0.000000 -1.000000
    outer loop
      vertex 23.734177 20.677966 0.000000
      vertex 26.265823 21.186441 0.000000
      vertex 26.265823 20.677966 0.000000
    endloop
  endfacet
  facet normal 0.000000 0.000000 -1.000000
    outer loop
      vertex 23.734177 20.677966 0.000000
      vertex 23.734177 21.186441 0.000000
      vertex 26.265823 21.186441 0.000000
    endloop
  endfacet
  facet normal 0.000000 0.000000 1.000000
    outer loop
      vertex 23.734177 20.677966 0.400000
      vertex 26.265823 20.677966 0.400000
      vertex 26.265823 21.186441 0.400000
    endloop
  endfacet
  facet normal 0.000000 0.000000 1.000000
    outer loop
      vertex 23.734177 20.677966 0.400000
      vertex 26.265823 21.186441 0.400000
      vertex 23.734177 21.186441 0.400000
    endloop
  endfacet
  facet normal 0.000000 -1.000000 0.000000
    outer loop
      vertex 23.734177 20.677966 0.000000
      vertex 26.265823 20.677966 0.000000
      vertex 26.265823 20.677966 0.400000
    endloop
  endfacet
  facet normal 0.000000 -1.000000 0.000000
    outer loop
      vertex 23.734177 20.677966 0.000000
      vertex 26.265823 20.677966 0.400000
      vertex 23.734177 20.677966 0.400000
    endloop
  endfacet
  facet normal 0.000000 1.000000 0.000000
    outer loop
      vertex 23.734177 21.186441 0.000000
      vertex 26.265823 21.186441 0.400000
      vertex 26.265823 21.186441 0.000000
    endloop
  endfacet
  facet normal 0.000000 1.000000 0.000000
    outer loop
      vertex 23.734177 21.186441 0.000000
      vertex 23.734177 21.186441 0.400000
      vertex 26.265823 21.186441 0.400000
    endloop
  endfacet
  facet normal -1.000000 0.000000 0.000000
    outer loop
      vertex 23.734177 20.677966 0.000000
      vertex 23.734177 20.677966 0.400000
      vertex 23.734177 21.186441 0.400000
    endloop
  endfacet
  facet normal -1.000000 0.000000 0.000000
    outer loop
      vertex 23.734177 20.677966 0.000000
      vertex 23.734177 21.186441 0.400000
      vertex 23.734177 21.186441 0.000000
    endloop
  endfacet
  facet normal 1.000000 0.000000 0.000000
    outer loop
      vertex 26.265823 20.677966 0.000000
      vertex 26.265823 21.186441 0.000000
      vertex 26.265823 21.186441 0.400000
    endloop
  endfacet
  facet normal 1.000000 0.000000 0.000000
    outer loop
      vertex 26.265823 20.677966 0.000000
      vertex 26.265823 21.186441 0.400000
      vertex 26.265823 20.677966 0.400000
    endloop
  endfacet
  facet normal 0.000000 0.000000 -1.000000
    outer loop
      vertex 28.291139 20.677966 0.000000
      vertex 30.822785 21.186441 0.000000
      vertex 30.822785 20.677966 0.000000
    endloop
  endfacet
  facet normal 0.000000 0.000000 -1.000000
    outer loop
      vertex 28.291139 20.677966 0.000000
      vertex 28.291139 21.186441 0.000000
      vertex 30.822785 21.186441 0.000000
    endloop
  endfacet
  facet normal 0.000000 0.000000 1.000000
    outer loop
      vertex 28.291139 20.677966 0.400000
      vertex 30.822785 20.677966 0.400000
      vertex 30.822785 21.186441 0.400000
    endloop
  endfacet
  facet normal 0.000000 0.000000 1.000000
    outer loop
      vertex 28.291139 20.677966 0.400000
      vertex 30.822785 21.186441 0.400000
      vertex 28.291139 21.186441 0.400000
    endloop
  endfacet
  facet normal 0.000000 -1.000000 0.000000
    outer loop
      vertex 28.291139 20.677966 0.000000
      vertex 30.822785 20.677966 0.000000
      vertex 30.822785 20.677966 0.400000
    endloop
  endfacet
  facet normal 0.000000 -1.000000 0.000000
    outer loop
      vertex 28.291139 20.677966 0.000000
      vertex 30.822785 20.677966 0.400000
      vertex 28.291139 20.677966 0.400000
    endloop
  endfacet
  facet normal 0.000000 1.000000 0.000000
    outer loop
      vertex 28.291139 21.186441 0.000000
      vertex 30.822785 21.186441 0.400000
      vertex 30.822785 21.186441 0.000000
    endloop
  endfacet
  facet normal 0.000000 1.000000 0.000000
    outer loop
      vertex 28.291139 21.186441 0.000000
      vertex 28.291139 21.186441 0.400000
      vertex 30.822785 21.186441 0.400000
    endloop
  endfacet
  facet normal -1.000000 0.000000 0.000000
    outer loop
      vertex 28.291139 20.677966 0.000000
      vertex 28.291139 20.677966 0.400000
      vertex 28.291139 21.186441 0.400000
    endloop
  endfacet
  facet normal -1.000000 0.000000 0.000000
    outer loop
      vertex 28.291139 20.677966 0.000000
      vertex 28.291139 21.186441 0.400000
      vertex 28.291139 21.186441 0.000000
    endloop
  endfacet
  facet normal 1.000000 0.000000 0.000000
    outer loop
      vertex 30.822785 20.677966 0.000000
      vertex 30.822785 21.186441 0.000000
      vertex 30.822785 21.186441 0.400000
    endloop
  endfacet
  facet normal 1.000000 0.000000 0.000000
    outer loop
      vertex 30.822785 20.677966 0.000000
      vertex 30.822785 21.186441 0.400000
      vertex 30.822785 20.677966 0.400000
    endloop
  endfacet
  facet normal 0.000000 0.000000 -1.000000
    outer loop
      vertex 33.354430 20.677966 0.000000
      vertex 37.911392 21.186441 0.000000
      vertex 37.911392 20.677966 0.000000
    endloop
  endfacet
  facet normal 0.000000 0.000000 -1.000000
    outer loop
      vertex 33.354430 20.677966 0.000000
      vertex 33.354430 21.186441 0.000000
      vertex 37.911392 21.186441 0.000000
    endloop
  endfacet
  facet normal 0.000000 0.000000 1.000000
    outer loop
      vertex 33.354430 20.677966 0.400000
      vertex 37.911392 20.677966 0.400000
      vertex 37.911392 21.186441 0.400000
    endloop
  endfacet
  facet normal 0.000000 0.000000 1.000000
    outer loop
      vertex 33.354430 20.677966 0.400000
      vertex 37.911392 21.186441 0.400000
      vertex 33.354430 21.186441 0.400000
    endloop
  endfacet
  facet normal 0.000000 -1.000000 0.000000
    outer loop
      vertex 33.354430 20.677966 0.000000
      vertex 37.911392 20.677966 0.000000
      vertex 37.911392 20.677966 0.400000
    endloop
  endfacet
  facet normal 0.000000 -1.000000 0.000000
    outer loop
      vertex 33.354430 20.677966 0.000000
      vertex 37.911392 20.677966 0.400000
      vertex 33.354430 20.677966 0.400000
    endloop
  endfacet
  facet normal 0.000000 1.000000 0.000000
    outer loop
      vertex 33.354430 21.186441 0.000000
      vertex 37.911392 21.186441 0.400000
      vertex 37.911392 21.186441 0.000000
    endloop
  endfacet
  facet normal 0.000000 1.000000 0.000000
    outer loop
      vertex 33.354430 21.186441 0.000000
      vertex 33.354430 21.186441 0.400000
      vertex 37.911392 21.186441 0.400000
    endloop
  endfacet
  facet normal -1.000000 0.000000 0.000000
    outer loop
      vertex 33.354430 20.677966 0.000000
      vertex 33.354430 20.677966 0.400000
      vertex 33.354430 21.186441 0.400000
    endloop
  endfacet
  facet normal -1.000000 0.000000 0.000000
    outer loop
      vertex 33.354430 20.677966 0.000000
      vertex 33.354430 21.186441 0.400000
      vertex 33.354430 21.186441 0.000000
    endloop
  endfacet
  facet normal 1.000000 0.000000 0.000000
    outer loop
      vertex 37.911392 20.677966 0.000000
      vertex 37.911392 21.186441 0.000000
      vertex 37.911392 21.186441 0.400000
    endloop
  endfacet
  facet normal 1.000000 0.000000 0.000000
    outer loop
      vertex 37.911392 20.677966 0.000000
      vertex 37.911392 21.186441 0.400000
      vertex 37.911392 20.677966 0.400000
    endloop
  endfacet
  facet normal 0.000000 0.000000 -1.000000
    outer loop
      vertex 39.936709 20.677966 0.000000
      vertex 45.000000 21.186441 0.000000
      vertex 45.000000 20.677966 0.000000
    endloop
  endfacet
  facet normal 0.000000 0.000000 -1.000000
    outer loop
      vertex 39.936709 20.677966 0.000000
      vertex 39.936709 21.186441 0.000000
      vertex 45.000000 21.186441 0.000000
    endloop
  endfacet
  facet normal 0.000000 0.000000 1.000000
    outer loop
      vertex 39.936709 20.677966 0.400000
      vertex 45.000000 20.677966 0.400000
      vertex 45.000000 21.186441 0.400000
    endloop
  endfacet
  facet normal 0.000000 0.000000 1.000000
    outer loop
      vertex 39.936709 20.677966 0.400000
      vertex 45.000000 21.186441 0.400000
      vertex 39.936709 21.186441 0.400000
    endloop
  endfacet
  facet normal 0.000000 -1.000000 0.000000
    outer loop
      vertex 39.936709 20.677966 0.000000
      vertex 45.000000 20.677966 0.000000
      vertex 45.000000 20.677966 0.400000
    endloop
  endfacet
  facet normal 0.000000 -1.000000 0.000000
    outer loop
      vertex 39.936709 20.677966 0.000000
      vertex 45.000000 20.677966 0.400000
      vertex 39.936709 20.677966 0.400000
    endloop
  endfacet
  facet normal 0.000000 1.000000 0.000000
    outer loop
      vertex 39.936709 21.186441 0.000000
      vertex 45.000000 21.186441 0.400000
      vertex 45.000000 21.186441 0.000000
    endloop
  endfacet
  facet normal 0.000000 1.000000 0.000000
    outer loop
      vertex 39.936709 21.186441 0.000000
      vertex 39.936709 21.186441 0.400000
      vertex 45.000000 21.186441 0.400000
    endloop
  endfacet
  facet normal -1.000000 0.000000 0.000000
    outer loop
      vertex 39.936709 20.677966 0.000000
      vertex 39.936709 20.677966 0.400000
      vertex 39.936709 21.186441 0.400000
    endloop
  endfacet
  facet normal -1.000000 0.000000 0.000000
    outer loop
      vertex 39.936709 20.677966 0.000000
      vertex 39.936709 21.186441 0.400000
      vertex 39.936709 21.186441 0.000000
    endloop
  endfacet
  facet normal 1.000000 0.000000 0.000000
    outer loop
      vertex 45.000000 20.677966 0.000000
      vertex 45.000000 21.186441 0.000000
      vertex 45.000000 21.186441 0.400000
    endloop
  endfacet
  facet normal 1.000000 0.000000 0.000000
    outer loop
      vertex 45.000000 20.677966 0.000000
      vertex 45.000000 21.186441 0.400000
      vertex 45.000000 20.677966 0.400000
    endloop
  endfacet
  facet normal 0.000000 0.000000 -1.000000
    outer loop
      vertex 5.000000 20.169492 0.000000
      vertex 9.556962 20.677966 0.000000
      vertex 9.556962 20.169492 0.000000
    endloop
  endfacet
  facet normal 0.000000 0.000000 -1.000000
    outer loop
      vertex 5.000000 20.169492 0.000000
      vertex 5.000000 20.677966 0.000000
      vertex 9.556962 20.677966 0.000000
    endloop
  endfacet
  facet normal 0.000000 0.000000 1.000000
    outer loop
      vertex 5.000000 20.169492 0.400000
      vertex 9.556962 20.169492 0.400000
      vertex 9.556962 20.677966 0.400000
    endloop
  endfacet
  facet normal 0.000000 0.000000 1.000000
    outer loop
      vertex 5.000000 20.169492 0.400000
      vertex 9.556962 20.677966 0.400000
      vertex 5.000000 20.677966 0.400000
    endloop
  endfacet
  facet normal 0.000000 -1.000000 0.000000
    outer loop
      vertex 5.000000 20.169492 0.000000
      vertex 9.556962 20.169492 0.000000
      vertex 9.556962 20.169492 0.400000
    endloop
  endfacet
  facet normal 0.000000 -1.000000 0.000000
    outer loop
      vertex 5.000000 20.169492 0.000000
      vertex 9.556962 20.169492 0.400000
      vertex 5.000000 20.169492 0.400000
    endloop
  endfacet
  facet normal 0.000000 1.000000 0.000000
    outer loop
      vertex 5.000000 20.677966 0.000000
      vertex 9.556962 20.677966 0.400000
      vertex 9.556962 20.677966 0.000000
    endloop
  endfacet
  facet normal 0.000000 1.000000 0.000000
    outer loop
      vertex 5.000000 20.677966 0.000000
      vertex 5.000000 20.677966 0.400000
      vertex 9.556962 20.677966 0.400000
    endloop
  endfacet
  facet normal -1.000000 0.000000 0.000000
    outer loop
      vertex 5.000000 20.169492 0.000000
      vertex 5.000000 20.169492 0.400000
      vertex 5.000000 20.677966 0.400000
    endloop
  endfacet
  facet normal -1.000000 0.000000 0.000000
    outer loop
      vertex 5.000000 20.169492 0.000000
      vertex 5.000000 20.677966 0.400000
      vertex 5.000000 20.677966 0.000000
    endloop
  endfacet
  facet normal 1.000000 0.000000 0.000000
    outer loop
      vertex 9.556962 20.169492 0.000000
      vertex 9.556962 20.677966 0.000000
      vertex 9.556962 20.677966 0.400000
    endloop
  endfacet
  facet normal 1.000000 0.000000 0.000000
    outer loop
      vertex 9.556962 20.169492 0.000000
      vertex 9.556962 20.677966 0.400000
      vertex 9.556962 20.169492 0.400000
    endloop
  endfacet
  facet normal 0.000000 0.000000 -1.000000
    outer loop
      vertex 13.101266 20.169492 0.000000
      vertex 16.139241 20.677966 0.000000
      vertex 16.139241 20.169492 0.000000
    endloop
  endfacet
  facet normal 0.000000 0.000000 -1.000000
    outer loop
      vertex 13.101266 20.169492 0.000000
      vertex 13.101266 20.677966 0.000000
      vertex 16.139241 20.677966 0.000000
    endloop
  endfacet
  facet normal 0.000000 0.000000 1.000000
    outer loop
      vertex 13.101266 20.169492 0.400000
      vertex 16.139241 20.169492 0.400000
      vertex 16.139241 20.677966 0.400000
    endloop
  endfacet
  facet normal 0.000000 0.000000 1.000000
    outer loop
      vertex 13.101266 20.169492 0.400000
      vertex 16.139241 20.677966 0.400000
      vertex 13.101266 20.677966 0.400000
    endloop
  endfacet
  facet normal 0.000000 -1.000000 0.000000
    outer loop
      vertex 13.101266 20.169492 0.000000
      vertex 16.139241 20.169492 0.000000
      vertex 16.139241 20.169492 0.400000
    endloop
  endfacet
  facet normal 0.000000 -1.000000 0.000000
    outer loop
      vertex 13.101266 20.169492 0.000000
      vertex 16.139241 20.169492 0.400000
      vertex 13.101266 20.169492 0.400000
    endloop
  endfacet
  facet normal 0.000000 1.000000 0.000000
    outer loop
      vertex 13.101266 20.677966 0.000000
      vertex 16.139241 20.677966 0.400000
      vertex 16.139241 20.677966 0.000000
    endloop
  endfacet
  facet normal 0.000000 1.000000 0.000000
    outer loop
      vertex 13.101266 20.677966 0.000000
      vertex 13.101266 20.677966 0.400000
      vertex 16.139241 20.677966 0.400000
    endloop
  endfacet
  facet normal -1.000000 0.000000 0.000000
    outer loop
      vertex 13.101266 20.169492 0.000000
      vertex 13.101266 20.169492 0.400000
      vertex 13.101266 20.677966 0.400000
    endloop
  endfacet
  facet normal -1.000000 0.000000 0.000000
    outer loop
      vertex 13.101266 20.169492 0.000000
      vertex 13.101266 20.677966 0.400000
      vertex 13.101266 20.677966 0.000000
    endloop
  endfacet
  facet normal 1.000000 0.000000 0.000000
    outer loop
      vertex 16.139241 20.169492 0.000000
      vertex 16.139241 20.677966 0.000000
      vertex 16.139241 20.677966 0.400000
    endloop
  endfacet
  facet normal 1.000000 0.000000 0.000000
    outer loop
      vertex 16.139241 20.169492 0.000000
      vertex 16.139241 20.677966 0.400000
      vertex 16.139241 20.169492 0.400000
    endloop
  endfacet
  facet normal 0.000000 0.000000 -1.000000
    outer loop
      vertex 18.670886 20.169492 0.000000
      vertex 21.202532 20.677966 0.000000
      vertex 21.202532 20.169492 0.000000
    endloop
  endfacet
  facet normal 0.000000 0.000000 -1.000000
    outer loop
      vertex 18.670886 20.169492 0.000000
      vertex 18.670886 20.677966 0.000000
      vertex 21.202532 20.677966 0.000000
    endloop
  endfacet
  facet normal 0.000000 0.000000 1.000000
    outer loop
      vertex 18.670886 20.169492 0.400000
      vertex 21.202532 20.169492 0.400000
      vertex 21.202532 20.677966 0.400000
    endloop
  endfacet
  facet normal 0.000000 0.000000 1.000000
    outer loop
      vertex 18.670886 20.169492 0.400000
      vertex 21.202532 20.677966 0.400000
      vertex 18.670886 20.677966 0.400000
    endloop
  endfacet
  facet normal 0.000000 -1.000000 0.000000
    outer loop
      vertex 18.670886 20.169492 0.000000
      vertex 21.202532 20.169492 0.000000
      vertex 21.202532 20.169492 0.400000
    endloop
  endfacet
  facet normal 0.000000 -1.000000 0.000000
    outer loop
      vertex 18.670886 20.169492 0.000000
      vertex 21.202532 20.169492 0.400000
      vertex 18.670886 20.169492 0.400000
    endloop
  endfacet
  facet normal 0.000000 1.000000 0.000000
    outer loop
      vertex 18.670886 20.677966 0.000000
      vertex 21.202532 20.677966 0.400000
      vertex 21.202532 20.677966 0.000000
    endloop
  endfacet
  facet normal 0.000000 1.000000 0.000000
    outer loop
      vertex 18.670886 20.677966 0.000000
      vertex 18.670886 20.677966 0.400000
      vertex 21.202532 20.677966 0.400000
    endloop
  endfacet
  facet normal -1.000000 0.000000 0.000000
    outer loop
      vertex 18.670886 20.169492 0.000000
      vertex 18.670886 20.169492 0.400000
      vertex 18.670886 20.677966 0.400000
    endloop
  endfacet
  facet normal -1.000000 0.000000 0.000000
    outer loop
      vertex 18.670886 20.169492 0.000000
      vertex 18.670886 20.677966 0.400000
      vertex 18.670886 20.677966 0.000000
    endloop
  endfacet
  facet normal 1.000000 0.000000 0.000000
    outer loop
      vertex 21.202532 20.169492 0.000000
      vertex 21.202532 20.677966 0.000000
      vertex 21.202532 20.677966 0.400000
    endloop
  endfacet
  facet normal 1.000000 0.000000 0.000000
    outer loop
      vertex 21.202532 20.169492 0.000000
      vertex 21.202532 20.677966 0.400000
      vertex 21.202532 20.169492 0.400000
    endloop
  endfacet
  facet normal 0.000000 0.000000 -1.000000
    outer loop
      vertex 23.734177 20.169492 0.000000
      vertex 25.759494 20.677966 0.000000
      vertex 25.759494 20.169492 0.000000
    endloop
  endfacet
  facet normal 0.000000 0.000000 -1.000000
    outer loop
      vertex 23.734177 20.169492 0.000000
      vertex 23.734177 20.677966 0.000000
      vertex 25.759494 20.677966 0.000000
    endloop
  endfacet
  facet normal 0.000000 0.000000 1.000000
    outer loop
      vertex 23.734177 20.169492 0.400000
      vertex 25.759494 20.169492 0.400000
      vertex 25.759494 20.677966 0.400000
    endloop
  endfacet
  facet normal 0.000000 0.000000 1.000000
    outer loop
      vertex 23.734177 20.169492 0.400000
      vertex 25.759494 20.677966 0.400000
      vertex 23.734177 20.677966 0.400000
    endloop
  endfacet
  facet normal 0.000000 -1.000000 0.000000
    outer loop
      vertex 23.734177 20.169492 0.000000
      vertex 25.759494 20.169492 0.000000
      vertex 25.759494 20.169492 0.400000
    endloop
  endfacet
  facet normal 0.000000 -1.000000 0.000000
    outer loop
      vertex 23.734177 20.169492 0.000000
      vertex 25.759494 20.169492 0.400000
      vertex 23.734177 20.169492 0.400000
    endloop
  endfacet
  facet normal 0.000000 1.000000 0.000000
    outer loop
      vertex 23.734177 20.677966 0.000000
      vertex 25.759494 20.677966 0.400000
      vertex 25.759494 20.677966 0.000000
    endloop
  endfacet
  facet normal 0.000000 1.000000 0.000000
    outer loop
      vertex 23.734177 20.677966 0.000000
      vertex 23.734177 20.677966 0.400000
      vertex 25.759494 20.677966 0.400000
    endloop
  endfacet
  facet normal -1.000000 0.000000 0.000000
    outer loop
      vertex 23.734177 20.169492 0.000000
      vertex 23.734177 20.169492 0.400000
      vertex 23.734177 20.677966 0.400000
    endloop
  endfacet
  facet normal -1.000000 0.000000 0.000000
    outer loop
      vertex 23.734177 20.169492 0.000000
      vertex 23.734177 20.677966 0.400000
      vertex 23.734177 20.677966 0.000000
    endloop
  endfacet
  facet normal 1.000000 0.000000 0.000000
    outer loop
      vertex 25.759494 20.169492 0.000000
      vertex 25.759494 20.677966 0.000000
      vertex 25.759494 20.677966 0.400000
    endloop
  endfacet
  facet normal 1.000000 0.000000 0.000000
    outer loop
      vertex 25.759494 20.169492 0.000000
      vertex 25.759494 20.677966 0.400000
      vertex 25.759494 20.169492 0.400000
    endloop
  endfacet
  facet normal 0.000000 0.000000 -1.000000
    outer loop
      vertex 28.291139 20.169492 0.000000
      vertex 30.822785 20.677966 0.000000
      vertex 30.822785 20.169492 0.000000
    endloop
  endfacet
  facet normal 0.000000 0.000000 -1.000000
    outer loop
      vertex 28.291139 20.169492 0.000000
      vertex 28.291139 20.677966 0.000000
      vertex 30.822785 20.677966 0.000000
    endloop
  endfacet
  facet normal 0.000000 0.000000 1.000000
    outer loop
      vertex 28.291139 20.169492 0.400000
      vertex 30.822785 20.169492 0.400000
      vertex 30.822785 20.677966 0.400000
    endloop
  endfacet
  facet normal 0.000000 0.000000 1.000000
    outer loop
      vertex 28.291139 20.169492 0.400000
      vertex 30.822785 20.677966 0.400000
      vertex 28.291139 20.677966 0.400000
    endloop
  endfacet
  facet normal 0.000000 -1.000000 0.000000
    outer loop
      vertex 28.291139 20.169492 0.000000
      vertex 30.822785 20.169492 0.000000
      vertex 30.822785 20.169492 0.400000
    endloop
  endfacet
  facet normal 0.000000 -1.000000 0.000000
    outer loop
      vertex 28.291139 20.169492 0.000000
      vertex 30.822785 20.169492 0.400000
      vertex 28.291139 20.169492 0.400000
    endloop
  endfacet
  facet normal 0.000000 1.000000 0.000000
    outer loop
      vertex 28.291139 20.677966 0.000000
      vertex 30.822785 20.677966 0.400000
      vertex 30.822785 20.677966 0.000000
    endloop
  endfacet
  facet normal 0.000000 1.000000 0.000000
    outer loop
      vertex 28.291139 20.677966 0.000000
      vertex 28.291139 20.677966 0.400000
      vertex 30.822785 20.677966 0.400000
    endloop
  endfacet
  facet normal -1.000000 0.000000 0.000000
    outer loop
      vertex 28.291139 20.169492 0.000000
      vertex 28.291139 20.169492 0.400000
      vertex 28.291139 20.677966 0.400000
    endloop
  endfacet
  facet normal -1.000000 0.000000 0.000000
    outer loop
      vertex 28.291139 20.169492 0.000000
      vertex 28.291139 20.677966 0.400000
      vertex 28.291139 20.677966 0.000000
    endloop
  endfacet
  facet normal 1.000000 0.000000 0.000000
    outer loop
      vertex 30.822785 20.169492 0.000000
      vertex 30.822785 20.677966 0.000000
      vertex 30.822785 20.677966 0.400000
    endloop
  endfacet
  facet normal 1.000000 0.000000 0.000000
    outer loop
      vertex 30.822785 20.169492 0.000000
      vertex 30.822785 20.677966 0.400000
      vertex 30.822785 20.169492 0.400000
    endloop
  endfacet
  facet normal 0.000000 0.000000 -1.000000
    outer loop
      vertex 33.354430 20.169492 0.000000
      vertex 37.911392 20.677966 0.000000
      vertex 37.911392 20.169492 0.000000
    endloop
  endfacet
  facet normal 0.000000 0.000000 -1.000000
    outer loop
      vertex 33.354430 20.169492 0.000000
      vertex 33.354430 20.677966 0.000000
      vertex 37.911392 20.677966 0.000000
    endloop
  endfacet
  facet normal 0.000000 0.000000 1.000000
    outer loop
      vertex 33.354430 20.169492 0.400000
      vertex 37.911392 20.169492 0.400000
      vertex 37.911392 20.677966 0.400000
    endloop
  endfacet
  facet normal 0.000000 0.000000 1.000000
    outer loop
      vertex 33.354430 20.169492 0.400000
      vertex 37.911392 20.677966 0.400000
      vertex 33.354430 20.677966 0.400000
    endloop
  endfacet
  facet normal 0.000000 -1.000000 0.000000
    outer loop
      vertex 33.354430 20.169492 0.000000
      vertex 37.911392 20.169492 0.000000
      vertex 37.911392 20.169492 0.400000
    endloop
  endfacet
  facet normal 0.000000 -1.000000 0.000000
    outer loop
      vertex 33.354430 20.169492 0.000000
      vertex 37.911392 20.169492 0.400000
      vertex 33.354430 20.169492 0.400000
    endloop
  endfacet
  facet normal 0.000000 1.000000 0.000000
    outer loop
      vertex 33.354430 20.677966 0.000000
      vertex 37.911392 20.677966 0.400000
      vertex 37.911392 20.677966 0.000000
    endloop
  endfacet
  facet normal 0.000000 1.000000 0.000000
    outer loop
      vertex 33.354430 20.677966 0.000000
      vertex 33.354430 20.677966 0.400000
      vertex 37.911392 20.677966 0.400000
    endloop
  endfacet
  facet normal -1.000000 0.000000 0.000000
    outer loop
      vertex 33.354430 20.169492 0.000000
      vertex 33.354430 20.169492 0.400000
      vertex 33.354430 20.677966 0.400000
    endloop
  endfacet
  facet normal -1.000000 0.000000 0.000000
    outer loop
      vertex 33.354430 20.169492 0.000000
      vertex 33.354430 20.677966 0.400000
      vertex 33.354430 20.677966 0.000000
    endloop
  endfacet
  facet normal 1.000000 0.000000 0.000000
    outer loop
      vertex 37.911392 20.169492 0.000000
      vertex 37.911392 20.677966 0.000000
      vertex 37.911392 20.677966 0.400000
    endloop
  endfacet
  facet normal 1.000000 0.000000 0.000000
    outer loop
      vertex 37.911392 20.169492 0.000000
      vertex 37.911392 20.677966 0.400000
      vertex 37.911392 20.169492 0.400000
    endloop
  endfacet
  facet normal 0.000000 0.000000 -1.000000
    outer loop
      vertex 39.936709 20.169492 0.000000
      vertex 45.000000 20.677966 0.000000
      vertex 45.000000 20.169492 0.000000
    endloop
  endfacet
  facet normal 0.000000 0.000000 -1.000000
    outer loop
      vertex 39.936709 20.169492 0.000000
      vertex 39.936709 20.677966 0.000000
      vertex 45.000000 20.677966 0.000000
    endloop
  endfacet
  facet normal 0.000000 0.000000 1.000000
    outer loop
      vertex 39.936709 20.169492 0.400000
      vertex 45.000000 20.169492 0.400000
      vertex 45.000000 20.677966 0.400000
    endloop
  endfacet
  facet normal 0.000000 0.000000 1.000000
    outer loop
      vertex 39.936709 20.169492 0.400000
      vertex 45.000000 20.677966 0.400000
      vertex 39.936709 20.677966 0.400000
    endloop
  endfacet
  facet normal 0.000000 -1.000000 0.000000
    outer loop
      vertex 39.936709 20.169492 0.000000
      vertex 45.000000 20.169492 0.000000
      vertex 45.000000 20.169492 0.400000
    endloop
  endfacet
  facet normal 0.000000 -1.000000 0.000000
    outer loop
      vertex 39.936709 20.169492 0.000000
      vertex 45.000000 20.169492 0.400000
      vertex 39.936709 20.169492 0.400000
    endloop
  endfacet
  facet normal 0.000000 1.000000 0.000000
    outer loop
      vertex 39.936709 20.677966 0.000000
      vertex 45.000000 20.677966 0.400000
      vertex 45.000000 20.677966 0.000000
    endloop
  endfacet
  facet normal 0.000000 1.000000 0.000000
    outer loop
      vertex 39.936709 20.677966 0.000000
      vertex 39.936709 20.677966 0.400000
      vertex 45.000000 20.677966 0.400000
    endloop
  endfacet
  facet normal -1.000000 0.000000 0.000000
    outer loop
      vertex 39.936709 20.169492 0.000000
      vertex 39.936709 20.169492 0.400000
      vertex 39.936709 20.677966 0.400000
    endloop
  endfacet
  facet normal -1.000000 0.000000 0.000000
    outer loop
      vertex 39.936709 20.169492 0.000000
      vertex 39.936709 20.677966 0.400000
      vertex 39.936709 20.677966 0.000000
    endloop
  endfacet
  facet normal 1.000000 0.000000 0.000000
    outer loop
      vertex 45.000000 20.169492 0.000000
      vertex 45.000000 20.677966 0.000000
      vertex 45.000000 20.677966 0.400000
    endloop
  endfacet
  facet normal 1.000000 0.000000 0.000000
    outer loop
      vertex 45.000000 20.169492 0.000000
      vertex 45.000000 20.677966 0.400000
      vertex 45.000000 20.169492 0.400000
    endloop
  endfacet
  facet normal 0.000000 0.000000 -1.000000
    outer loop
      vertex 5.000000 19.661017 0.000000
      vertex 8.544304 20.169492 0.000000
      vertex 8.544304 19.661017 0.000000
    endloop
  endfacet
  facet normal 0.000000 0.000000 -1.000000
    outer loop
      vertex 5.000000 19.661017 0.000000
      vertex 5.000000 20.169492 0.000000
      vertex 8.544304 20.169492 0.000000
    endloop
  endfacet
  facet normal 0.000000 0.000000 1.000000
    outer loop
      vertex 5.000000 19.661017 0.400000
      vertex 8.544304 19.661017 0.400000
      vertex 8.544304 20.169492 0.400000
    endloop
  endfacet
  facet normal 0.000000 0.000000 1.000000
    outer loop
      vertex 5.000000 19.661017 0.400000
      vertex 8.544304 20.169492 0.400000
      vertex 5.000000 20.169492 0.400000
    endloop
  endfacet
  facet normal 0.000000 -1.000000 0.000000
    outer loop
      vertex 5.000000 19.661017 0.000000
      vertex 8.544304 19.661017 0.000000
      vertex 8.544304 19.661017 0.400000
    endloop
  endfacet
  facet normal 0.000000 -1.000000 0.000000
    outer loop
      vertex 5.000000 19.661017 0.000000
      vertex 8.544304 19.661017 0.400000
      vertex 5.000000 19.661017 0.400000
    endloop
  endfacet
  facet normal 0.000000 1.000000 0.000000
    outer loop
      vertex 5.000000 20.169492 0.000000
      vertex 8.544304 20.169492 0.400000
      vertex 8.544304 20.169492 0.000000
    endloop
  endfacet
  facet normal 0.000000 1.000000 0.000000
    outer loop
      vertex 5.000000 20.169492 0.000000
      vertex 5.000000 20.169492 0.400000
      vertex 8.544304 20.169492 0.400000
    endloop
  endfacet
  facet normal -1.000000 0.000000 0.000000
    outer loop
      vertex 5.000000 19.661017 0.000000
      vertex 5.000000 19.661017 0.400000
      vertex 5.000000 20.169492 0.400000
    endloop
  endfacet
  facet normal -1.000000 0.000000 0.000000
    outer loop
      vertex 5.000000 19.661017 0.000000
      vertex 5.000000 20.169492 0.400000
      vertex 5.000000 20.169492 0.000000
    endloop
  endfacet
  facet normal 1.000000 0.000000 0.000000
    outer loop
      vertex 8.544304 19.661017 0.000000
      vertex 8.544304 20.169492 0.000000
      vertex 8.544304 20.169492 0.400000
    endloop
  endfacet
  facet normal 1.000000 0.000000 0.000000
    outer loop
      vertex 8.544304 19.661017 0.000000
      vertex 8.544304 20.169492 0.400000
      vertex 8.544304 19.661017 0.400000
    endloop
  endfacet
  facet normal 0.000000 0.000000 -1.000000
    outer loop
      vertex 14.620253 19.661017 0.000000
      vertex 16.139241 20.169492 0.000000
      vertex 16.139241 19.661017 0.000000
    endloop
  endfacet
  facet normal 0.000000 0.000000 -1.000000
    outer loop
      vertex 14.620253 19.661017 0.000000
      vertex 14.620253 20.169492 0.000000
      vertex 16.139241 20.169492 0.000000
    endloop
  endfacet
  facet normal 0.000000 0.000000 1.000000
    outer loop
      vertex 14.620253 19.661017 0.400000
      vertex 16.139241 19.661017 0.400000
      vertex 16.139241 20.169492 0.400000
    endloop
  endfacet
  facet normal 0.000000 0.000000 1.000000
    outer loop
      vertex 14.620253 19.661017 0.400000
      vertex 16.139241 20.169492 0.400000
      vertex 14.620253 20.169492 0.400000
    endloop
  endfacet
  facet normal 0.000000 -1.000000 0.000000
    outer loop
      vertex 14.620253 19.661017 0.000000
      vertex 16.139241 19.661017 0.000000
      vertex 16.139241 19.661017 0.400000
    endloop
  endfacet
  facet normal 0.000000 -1.000000 0.000000
    outer loop
      vertex 14.620253 19.661017 0.000000
      vertex 16.139241 19.661017 0.400000
      vertex 14.620253 19.661017 0.400000
    endloop
  endfacet
  facet normal 0.000000 1.000000 0.000000
    outer loop
      vertex 14.620253 20.169492 0.000000
      vertex 16.139241 20.169492 0.400000
      vertex 16.139241 20.169492 0.000000
    endloop
  endfacet
  facet normal 0.000000 1.000000 0.000000
    outer loop
      vertex 14.620253 20.169492 0.000000
      vertex 14.620253 20.169492 0.400000
      vertex 16.139241 20.169492 0.400000
    endloop
  endfacet
  facet normal -1.000000 0.000000 0.000000
    outer loop
      vertex 14.620253 19.661017 0.000000
      vertex 14.620253 19.661017 0.400000
      vertex 14.620253 20.169492 0.400000
    endloop
  endfacet
  facet normal -1.000000 0.000000 0.000000
    outer loop
      vertex 14.620253 19.661017 0.000000
      vertex 14.620253 20.169492 0.400000
      vertex 14.620253 20.169492 0.000000
    endloop
  endfacet
  facet normal 1.000000 0.000000 0.000000
    outer loop
      vertex 16.139241 19.661017 0.000000
      vertex 16.139241 20.169492 0.000000
      vertex 16.139241 20.169492 0.400000
    endloop
  endfacet
  facet normal 1.000000 0.000000 0.000000
    outer loop
      vertex 16.139241 19.661017 0.000000
      vertex 16.139241 20.169492 0.400000
      vertex 16.139241 19.661017 0.400000
    endloop
  endfacet
  facet normal 0.000000 0.000000 -1.000000
    outer loop
      vertex 18.670886 19.661017 0.000000
      vertex 21.202532 20.169492 0.000000
      vertex 21.202532 19.661017 0.000000
    endloop
  endfacet
  facet normal 0.000000 0.000000 -1.000000
    outer loop
      vertex 18.670886 19.661017 0.000000
      vertex 18.670886 20.169492 0.000000
      vertex 21.202532 20.169492 0.000000
    endloop
  endfacet
  facet normal 0.000000 0.000000 1.000000
    outer loop
      vertex 18.670886 19.661017 0.400000
      vertex 21.202532 19.661017 0.400000
      vertex 21.202532 20.169492 0.400000
    endloop
  endfacet
  facet normal 0.000000 0.000000 1.000000
    outer loop
      vertex 18.670886 19.661017 0.400000
      vertex 21.202532 20.169492 0.400000
      vertex 18.670886 20.169492 0.400000
    endloop
  endfacet
  facet normal 0.000000 -1.000000 0.000000
    outer loop
      vertex 18.670886 19.661017 0.000000
      vertex 21.202532 19.661017 0.000000
      vertex 21.202532 19.661017 0.400000
    endloop
  endfacet
  facet normal 0.000000 -1.000000 0.000000
    outer loop
      vertex 18.670886 19.661017 0.000000
      vertex 21.202532 19.661017 0.400000
      vertex 18.670886 19.661017 0.400000
    endloop
  endfacet
  facet normal 0.000000 1.000000 0.000000
    outer loop
      vertex 18.670886 20.169492 0.000000
      vertex 21.202532 20.169492 0.400000
      vertex 21.202532 20.169492 0.000000
    endloop
  endfacet
  facet normal 0.000000 1.000000 0.000000
    outer loop
      vertex 18.670886 20.169492 0.000000
      vertex 18.670886 20.169492 0.400000
      vertex 21.202532 20.169492 0.400000
    endloop
  endfacet
  facet normal -1.000000 0.000000 0.000000
    outer loop
      vertex 18.670886 19.661017 0.000000
      vertex 18.670886 19.661017 0.400000
      vertex 18.670886 20.169492 0.400000
    endloop
  endfacet
  facet normal -1.000000 0.000000 0.000000
    outer loop
      vertex 18.670886 19.661017 0.000000
      vertex 18.670886 20.169492 0.400000
      vertex 18.670886 20.169492 0.000000
    endloop
  endfacet
  facet normal 1.000000 0.000000 0.000000
    outer loop
      vertex 21.202532 19.661017 0.000000
      vertex 21.202532 20.169492 0.000000
      vertex 21.202532 20.169492 0.400000
    endloop
  endfacet
  facet normal 1.000000 0.000000 0.000000
    outer loop
      vertex 21.202532 19.661017 0.000000
      vertex 21.202532 20.169492 0.400000
      vertex 21.202532 19.661017 0.400000
    endloop
  endfacet
  facet normal 0.000000 0.000000 -1.000000
    outer loop
      vertex 23.734177 19.661017 0.000000
      vertex 25.759494 20.169492 0.000000
      vertex 25.759494 19.661017 0.000000
    endloop
  endfacet
  facet normal 0.000000 0.000000 -1.000000
    outer loop
      vertex 23.734177 19.661017 0.000000
      vertex 23.734177 20.169492 0.000000
      vertex 25.759494 20.169492 0.000000
    endloop
  endfacet
  facet normal 0.000000 0.000000 1.000000
    outer loop
      vertex 23.734177 19.661017 0.400000
      vertex 25.759494 19.661017 0.400000
      vertex 25.759494 20.169492 0.400000
    endloop
  endfacet
  facet normal 0.000000 0.000000 1.000000
    outer loop
      vertex 23.734177 19.661017 0.400000
      vertex 25.759494 20.169492 0.400000
      vertex 23.734177 20.169492 0.400000
    endloop
  endfacet
  facet normal 0.000000 -1.000000 0.000000
    outer loop
      vertex 23.734177 19.661017 0.000000
      vertex 25.759494 19.661017 0.000000
      vertex 25.759494 19.661017 0.400000
    endloop
  endfacet
  facet normal 0.000000 -1.000000 0.000000
    outer loop
      vertex 23.734177 19.661017 0.000000
      vertex 25.759494 19.661017 0.400000
      vertex 23.734177 19.661017 0.400000
    endloop
  endfacet
  facet normal 0.000000 1.000000 0.000000
    outer loop
      vertex 23.734177 20.169492 0.000000
      vertex 25.759494 20.169492 0.400000
      vertex 25.759494 20.169492 0.000000
    endloop
  endfacet
  facet normal 0.000000 1.000000 0.000000
    outer loop
      vertex 23.734177 20.169492 0.000000
      vertex 23.734177 20.169492 0.400000
      vertex 25.759494 20.169492 0.400000
    endloop
  endfacet
  facet normal -1.000000 0.000000 0.000000
    outer loop
      vertex 23.734177 19.661017 0.000000
      vertex 23.734177 19.661017 0.400000
      vertex 23.734177 20.169492 0.400000
    endloop
  endfacet
  facet normal -1.000000 0.000000 0.000000
    outer loop
      vertex 23.734177 19.661017 0.000000
      vertex 23.734177 20.169492 0.400000
      vertex 23.734177 20.169492 0.000000
    endloop
  endfacet
  facet normal 1.000000 0.000000 0.000000
    outer loop
      vertex 25.759494 19.661017 0.000000
      vertex 25.759494 20.169492 0.000000
      vertex 25.759494 20.169492 0.400000
    endloop
  endfacet
  facet normal 1.000000 0.000000 0.000000
    outer loop
      vertex 25.759494 19.661017 0.000000
      vertex 25.759494 20.169492 0.400000
      vertex 25.759494 19.661017 0.400000
    endloop
  endfacet
  facet normal 0.000000 0.000000 -1.000000
    outer loop
      vertex 28.291139 19.661017 0.000000
      vertex 30.822785 20.169492 0.000000
      vertex 30.822785 19.661017 0.000000
    endloop
  endfacet
  facet normal 0.000000 0.000000 -1.000000
    outer loop
      vertex 28.291139 19.661017 0.000000
      vertex 28.291139 20.169492 0.000000
      vertex 30.822785 20.169492 0.000000
    endloop
  endfacet
  facet normal 0.000000 0.000000 1.000000
    outer loop
      vertex 28.291139 19.661017 0.400000
      vertex 30.822785 19.661017 0.400000
      vertex 30.822785 20.169492 0.400000
    endloop
  endfacet
  facet normal 0.000000 0.000000 1.000000
    outer loop
      vertex 28.291139 19.661017 0.400000
      vertex 30.822785 20.169492 0.400000
      vertex 28.291139 20.169492 0.400000
    endloop
  endfacet
  facet normal 0.000000 -1.000000 0.000000
    outer loop
      vertex 28.291139 19.661017 0.000000
      vertex 30.822785 19.661017 0.000000
      vertex 30.822785 19.661017 0.400000
    endloop
  endfacet
  facet normal 0.000000 -1.000000 0.000000
    outer loop
      vertex 28.291139 19.661017 0.000000
      vertex 30.822785 19.661017 0.400000
      vertex 28.291139 19.661017 0.400000
    endloop
  endfacet
  facet normal 0.000000 1.000000 0.000000
    outer loop
      vertex 28.291139 20.169492 0.000000
      vertex 30.822785 20.169492 0.400000
      vertex 30.822785 20.169492 0.000000
    endloop
  endfacet
  facet normal 0.000000 1.000000 0.000000
    outer loop
      vertex 28.291139 20.169492 0.000000
      vertex 28.291139 20.169492 0.400000
      vertex 30.822785 20.169492 0.400000
    endloop
  endfacet
  facet normal -1.000000 0.000000 0.000000
    outer loop
      vertex 28.291139 19.661017 0.000000
      vertex 28.291139 19.661017 0.400000
      vertex 28.291139 20.169492 0.400000
    endloop
  endfacet
  facet normal -1.000000 0.000000 0.000000
    outer loop
      vertex 28.291139 19.661017 0.000000
      vertex 28.291139 20.169492 0.400000
      vertex 28.291139 20.169492 0.000000
    endloop
  endfacet
  facet normal 1.000000 0.000000 0.000000
    outer loop
      vertex 30.822785 19.661017 0.000000
      vertex 30.822785 20.169492 0.000000
      vertex 30.822785 20.169492 0.400000
    endloop
  endfacet
  facet normal 1.000000 0.000000 0.000000
    outer loop
      vertex 30.822785 19.661017 0.000000
      vertex 30.822785 20.169492 0.400000
      vertex 30.822785 19.661017 0.400000
    endloop
  endfacet
  facet normal 0.000000 0.000000 -1.000000
    outer loop
      vertex 33.354430 19.661017 0.000000
      vertex 37.911392 20.169492 0.000000
      vertex 37.911392 19.661017 0.000000
    endloop
  endfacet
  facet normal 0.000000 0.000000 -1.000000
    outer loop
      vertex 33.354430 19.661017 0.000000
      vertex 33.354430 20.169492 0.000000
      vertex 37.911392 20.169492 0.000000
    endloop
  endfacet
  facet normal 0.000000 0.000000 1.000000
    outer loop
      vertex 33.354430 19.661017 0.400000
      vertex 37.911392 19.661017 0.400000
      vertex 37.911392 20.169492 0.400000
    endloop
  endfacet
  facet normal 0.000000 0.000000 1.000000
    outer loop
      vertex 33.354430 19.661017 0.400000
      vertex 37.911392 20.169492 0.400000
      vertex 33.354430 20.169492 0.400000
    endloop
  endfacet
  facet normal 0.000000 -1.000000 0.000000
    outer loop
      vertex 33.354430 19.661017 0.000000
      vertex 37.911392 19.661017 0.000000
      vertex 37.911392 19.661017 0.400000
    endloop
  endfacet
  facet normal 0.000000 -1.000000 0.000000
    outer loop
      vertex 33.354430 19.661017 0.000000
      vertex 37.911392 19.661017 0.400000
      vertex 33.354430 19.661017 0.400000
    endloop
  endfacet
  facet normal 0.000000 1.000000 0.000000
    outer loop
      vertex 33.354430 20.169492 0.000000
      vertex 37.911392 20.169492 0.400000
      vertex 37.911392 20.169492 0.000000
    endloop
  endfacet
  facet normal 0.000000 1.000000 0.000000
    outer loop
      vertex 33.354430 20.169492 0.000000
      vertex 33.354430 20.169492 0.400000
      vertex 37.911392 20.169492 0.400000
    endloop
  endfacet
  facet normal -1.000000 0.000000 0.000000
    outer loop
      vertex 33.354430 19.661017 0.000000
      vertex 33.354430 19.661017 0.400000
      vertex 33.354430 20.169492 0.400000
    endloop
  endfacet
  facet normal -1.000000 0.000000 0.000000
    outer loop
      vertex 33.354430 19.661017 0.000000
      vertex 33.354430 20.169492 0.400000
      vertex 33.354430 20.169492 0.000000
    endloop
  endfacet
  facet normal 1.000000 0.000000 0.000000
    outer loop
      vertex 37.911392 19.661017 0.000000
      vertex 37.911392 20.169492 0.000000
      vertex 37.911392 20.169492 0.400000
    endloop
  endfacet
  facet normal 1.000000 0.000000 0.000000
    outer loop
      vertex 37.911392 19.661017 0.000000
      vertex 37.911392 20.169492 0.400000
      vertex 37.911392 19.661017 0.400000
    endloop
  endfacet
  facet normal 0.000000 0.000000 -1.000000
    outer loop
      vertex 39.936709 19.661017 0.000000
      vertex 45.000000 20.169492 0.000000
      vertex 45.000000 19.661017 0.000000
    endloop
  endfacet
  facet normal 0.000000 0.000000 -1.000000
    outer loop
      vertex 39.936709 19.661017 0.000000
      vertex 39.936709 20.169492 0.000000
      vertex 45.000000 20.169492 0.000000
    endloop
  endfacet
  facet normal 0.000000 0.000000 1.000000
    outer loop
      vertex 39.936709 19.661017 0.400000
      vertex 45.000000 19.661017 0.400000
      vertex 45.000000 20.169492 0.400000
    endloop
  endfacet
  facet normal 0.000000 0.000000 1.000000
    outer loop
      vertex 39.936709 19.661017 0.400000
      vertex 45.000000 20.169492 0.400000
      vertex 39.936709 20.169492 0.400000
    endloop
  endfacet
  facet normal 0.000000 -1.000000 0.000000
    outer loop
      vertex 39.936709 19.661017 0.000000
      vertex 45.000000 19.661017 0.000000
      vertex 45.000000 19.661017 0.400000
    endloop
  endfacet
  facet normal 0.000000 -1.000000 0.000000
    outer loop
      vertex 39.936709 19.661017 0.000000
      vertex 45.000000 19.661017 0.400000
      vertex 39.936709 19.661017 0.400000
    endloop
  endfacet
  facet normal 0.000000 1.000000 0.000000
    outer loop
      vertex 39.936709 20.169492 0.000000
      vertex 45.000000 20.169492 0.400000
      vertex 45.000000 20.169492 0.000000
    endloop
  endfacet
  facet normal 0.000000 1.000000 0.000000
    outer loop
      vertex 39.936709 20.169492 0.000000
      vertex 39.936709 20.169492 0.400000
      vertex 45.000000 20.169492 0.400000
    endloop
  endfacet
  facet normal -1.000000 0.000000 0.000000
    outer loop
      vertex 39.936709 19.661017 0.000000
      vertex 39.936709 19.661017 0.400000
      vertex 39.936709 20.169492 0.400000
    endloop
  endfacet
  facet normal -1.000000 0.000000 0.000000
    outer loop
      vertex 39.936709 19.661017 0.000000
      vertex 39.936709 20.169492 0.400000
      vertex 39.936709 20.169492 0.000000
    endloop
  endfacet
  facet normal 1.000000 0.000000 0.000000
    outer loop
      vertex 45.000000 19.661017 0.000000
      vertex 45.000000 20.169492 0.000000
      vertex 45.000000 20.169492 0.400000
    endloop
  endfacet
  facet normal 1.000000 0.000000 0.000000
    outer loop
      vertex 45.000000 19.661017 0.000000
      vertex 45.000000 20.169492 0.400000
      vertex 45.000000 19.661017 0.400000
    endloop
  endfacet
  facet normal 0.000000 0.000000 -1.000000
    outer loop
      vertex 5.000000 19.152542 0.000000
      vertex 8.037975 19.661017 0.000000
      vertex 8.037975 19.152542 0.000000
    endloop
  endfacet
  facet normal 0.000000 0.000000 -1.000000
    outer loop
      vertex 5.000000 19.152542 0.000000
      vertex 5.000000 19.661017 0.000000
      vertex 8.037975 19.661017 0.000000
    endloop
  endfacet
  facet normal 0.000000 0.000000 1.000000
    outer loop
      vertex 5.000000 19.152542 0.400000
      vertex 8.037975 19.152542 0.400000
      vertex 8.037975 19.661017 0.400000
    endloop
  endfacet
  facet normal 0.000000 0.000000 1.000000
    outer loop
      vertex 5.000000 19.152542 0.400000
      vertex 8.037975 19.661017 0.400000
      vertex 5.000000 19.661017 0.400000
    endloop
  endfacet
  facet normal 0.000000 -1.000000 0.000000
    outer loop
      vertex 5.000000 19.152542 0.000000
      vertex 8.037975 19.152542 0.000000
      vertex 8.037975 19.152542 0.400000
    endloop
  endfacet
  facet normal 0.000000 -1.000000 0.000000
    outer loop
      vertex 5.000000 19.152542 0.000000
      vertex 8.037975 19.152542 0.400000
      vertex 5.000000 19.152542 0.400000
    endloop
  endfacet
  facet normal 0.000000 1.000000 0.000000
    outer loop
      vertex 5.000000 19.661017 0.000000
      vertex 8.037975 19.661017 0.400000
      vertex 8.037975 19.661017 0.000000
    endloop
  endfacet
  facet normal 0.000000 1.000000 0.000000
    outer loop
      vertex 5.000000 19.661017 0.000000
      vertex 5.000000 19.661017 0.400000
      vertex 8.037975 19.661017 0.400000
    endloop
  endfacet
  facet normal -1.000000 0.000000 0.000000
    outer loop
      vertex 5.000000 19.152542 0.000000
      vertex 5.000000 19.152542 0.400000
      vertex 5.000000 19.661017 0.400000
    endloop
  endfacet
  facet normal -1.000000 0.000000 0.000000
    outer loop
      vertex 5.000000 19.152542 0.000000
      vertex 5.000000 19.661017 0.400000
      vertex 5.000000 19.661017 0.000000
    endloop
  endfacet
  facet normal 1.000000 0.000000 0.000000
    outer loop
      vertex 8.037975 19.152542 0.000000
      vertex 8.037975 19.661017 0.000000
      vertex 8.037975 19.661017 0.400000
    endloop
  endfacet
  facet normal 1.000000 0.000000 0.000000
    outer loop
      vertex 8.037975 19.152542 0.000000
      vertex 8.037975 19.661017 0.400000
      vertex 8.037975 19.152542 0.400000
    endloop
  endfacet
  facet normal 0.000000 0.000000 -1.000000
    outer loop
      vertex 14.620253 19.152542 0.000000
      vertex 16.139241 19.661017 0.000000
      vertex 16.139241 19.152542 0.000000
    endloop
  endfacet
  facet normal 0.000000 0.000000 -1.000000
    outer loop
      vertex 14.620253 19.152542 0.000000
      vertex 14.620253 19.661017 0.000000
      vertex 16.139241 19.661017 0.000000
    endloop
  endfacet
  facet normal 0.000000 0.000000 1.000000
    outer loop
      vertex 14.620253 19.152542 0.400000
      vertex 16.139241 19.152542 0.400000
      vertex 16.139241 19.661017 0.400000
    endloop
  endfacet
  facet normal 0.000000 0.000000 1.000000
    outer loop
      vertex 14.620253 19.152542 0.400000
      vertex 16.139241 19.661017 0.400000
      vertex 14.620253 19.661017 0.400000
    endloop
  endfacet
  facet normal 0.000000 -1.000000 0.000000
    outer loop
      vertex 14.620253 19.152542 0.000000
      vertex 16.139241 19.152542 0.000000
      vertex 16.139241 19.152542 0.400000
    endloop
  endfacet
  facet normal 0.000000 -1.000000 0.000000
    outer loop
      vertex 14.620253 19.152542 0.000000
      vertex 16.139241 19.152542 0.400000
      vertex 14.620253 19.152542 0.400000
    endloop
  endfacet
  facet normal 0.000000 1.000000 0.000000
    outer loop
      vertex 14.620253 19.661017 0.000000
      vertex 16.139241 19.661017 0.400000
      vertex 16.139241 19.661017 0.000000
    endloop
  endfacet
  facet normal 0.000000 1.000000 0.000000
    outer loop
      vertex 14.620253 19.661017 0.000000
      vertex 14.620253 19.661017 0.400000
      vertex 16.139241 19.661017 0.400000
    endloop
  endfacet
  facet normal -1.000000 0.000000 0.000000
    outer loop
      vertex 14.620253 19.152542 0.000000
      vertex 14.620253 19.152542 0.400000
      vertex 14.620253 19.661017 0.400000
    endloop
  endfacet
  facet normal -1.000000 0.000000 0.000000
    outer loop
      vertex 14.620253 19.152542 0.000000
      vertex 14.620253 19.661017 0.400000
      vertex 14.620253 19.661017 0.000000
    endloop
  endfacet
  facet normal 1.000000 0.000000 0.000000
    outer loop
      vertex 16.139241 19.152542 0.000000
      vertex 16.139241 19.661017 0.000000
      vertex 16.139241 19.661017 0.400000
    endloop
  endfacet
  facet normal 1.000000 0.000000 0.000000
    outer loop
      vertex 16.139241 19.152542 0.000000
      vertex 16.139241 19.661017 0.400000
      vertex 16.139241 19.152542 0.400000
    endloop
  endfacet
  facet normal 0.000000 0.000000 -1.000000
    outer loop
      vertex 18.670886 19.152542 0.000000
      vertex 21.708861 19.661017 0.000000
      vertex 21.708861 19.152542 0.000000
    endloop
  endfacet
  facet normal 0.000000 0.000000 -1.000000
    outer loop
      vertex 18.670886 19.152542 0.000000
      vertex 18.670886 19.661017 0.000000
      vertex 21.708861 19.661017 0.000000
    endloop
  endfacet
  facet normal 0.000000 0.000000 1.000000
    outer loop
      vertex 18.670886 19.152542 0.400000
      vertex 21.708861 19.152542 0.400000
      vertex 21.708861 19.661017 0.400000
    endloop
  endfacet
  facet normal 0.000000 0.000000 1.000000
    outer loop
      vertex 18.670886 19.152542 0.400000
      vertex 21.708861 19.661017 0.400000
      vertex 18.670886 19.661017 0.400000
    endloop
  endfacet
  facet normal 0.000000 -1.000000 0.000000
    outer loop
      vertex 18.670886 19.152542 0.000000
      vertex 21.708861 19.152542 0.000000
      vertex 21.708861 19.152542 0.400000
    endloop
  endfacet
  facet normal 0.000000 -1.000000 0.000000
    outer loop
      vertex 18.670886 19.152542 0.000000
      vertex 21.708861 19.152542 0.400000
      vertex 18.670886 19.152542 0.400000
    endloop
  endfacet
  facet normal 0.000000 1.000000 0.000000
    outer loop
      vertex 18.670886 19.661017 0.000000
      vertex 21.708861 19.661017 0.400000
      vertex 21.708861 19.661017 0.000000
    endloop
  endfacet
  facet normal 0.000000 1.000000 0.000000
    outer loop
      vertex 18.670886 19.661017 0.000000
      vertex 18.670886 19.661017 0.400000
      vertex 21.708861 19.661017 0.400000
    endloop
  endfacet
  facet normal -1.000000 0.000000 0.000000
    outer loop
      vertex 18.670886 19.152542 0.000000
      vertex 18.670886 19.152542 0.400000
      vertex 18.670886 19.661017 0.400000
    endloop
  endfacet
  facet normal -1.000000 0.000000 0.000000
    outer loop
      vertex 18.670886 19.152542 0.000000
      vertex 18.670886 19.661017 0.400000
      vertex 18.670886 19.661017 0.000000
    endloop
  endfacet
  facet normal 1.000000 0.000000 0.000000
    outer loop
      vertex 21.708861 19.152542 0.000000
      vertex 21.708861 19.661017 0.000000
      vertex 21.708861 19.661017 0.400000
    endloop
  endfacet
  facet normal 1.000000 0.000000 0.000000
    outer loop
      vertex 21.708861 19.152542 0.000000
      vertex 21.708861 19.661017 0.400000
      vertex 21.708861 19.152542 0.400000
    endloop
  endfacet
  facet normal 0.000000 0.000000 -1.000000
    outer loop
      vertex 24.240506 19.152542 0.000000
      vertex 25.759494 19.661017 0.000000
      vertex 25.759494 19.152542 0.000000
    endloop
  endfacet
  facet normal 0.000000 0.000000 -1.000000
    outer loop
      vertex 24.240506 19.152542 0.000000
      vertex 24.240506 19.661017 0.000000
      vertex 25.759494 19.661017 0.000000
    endloop
  endfacet
  facet normal 0.000000 0.000000 1.000000
    outer loop
      vertex 24.240506 19.152542 0.400000
      vertex 25.759494 19.152542 0.400000
      vertex 25.759494 19.661017 0.400000
    endloop
  endfacet
  facet normal 0.000000 0.000000 1.000000
    outer loop
      vertex 24.240506 19.152542 0.400000
      vertex 25.759494 19.661017 0.400000
      vertex 24.240506 19.661017 0.400000
    endloop
  endfacet
  facet normal 0.000000 -1.000000 0.000000
    outer loop
      vertex 24.240506 19.152542 0.000000
      vertex 25.759494 19.152542 0.000000
      vertex 25.759494 19.152542 0.400000
    endloop
  endfacet
  facet normal 0.000000 -1.000000 0.000000
    outer loop
      vertex 24.240506 19.152542 0.000000
      vertex 25.759494 19.152542 0.400000
      vertex 24.240506 19.152542 0.400000
    endloop
  endfacet
  facet normal 0.000000 1.000000 0.000000
    outer loop
      vertex 24.240506 19.661017 0.000000
      vertex 25.759494 19.661017 0.400000
      vertex 25.759494 19.661017 0.000000
    endloop
  endfacet
  facet normal 0.000000 1.000000 0.000000
    outer loop
      vertex 24.240506 19.661017 0.000000
      vertex 24.240506 19.661017 0.400000
      vertex 25.759494 19.661017 0.400000
    endloop
  endfacet
  facet normal -1.000000 0.000000 0.000000
    outer loop
      vertex 24.240506 19.152542 0.000000
      vertex 24.240506 19.152542 0.400000
      vertex 24.240506 19.661017 0.400000
    endloop
  endfacet
  facet normal -1.000000 0.000000 0.000000
    outer loop
      vertex 24.240506 19.152542 0.000000
      vertex 24.240506 19.661017 0.400000
      vertex 24.240506 19.661017 0.000000
    endloop
  endfacet
  facet normal 1.000000 0.000000 0.000000
    outer loop
      vertex 25.759494 19.152542 0.000000
      vertex 25.759494 19.661017 0.000000
      vertex 25.759494 19.661017 0.400000
    endloop
  endfacet
  facet normal 1.000000 0.000000 0.000000
    outer loop
      vertex 25.759494 19.152542 0.000000
      vertex 25.759494 19.661017 0.400000
      vertex 25.759494 19.152542 0.400000
    endloop
  endfacet
  facet normal 0.000000 0.000000 -1.000000
    outer loop
      vertex 28.291139 19.152542 0.000000
      vertex 31.329114 19.661017 0.000000
      vertex 31.329114 19.152542 0.000000
    endloop
  endfacet
  facet normal 0.000000 0.000000 -1.000000
    outer loop
      vertex 28.291139 19.152542 0.000000
      vertex 28.291139 19.661017 0.000000
      vertex 31.329114 19.661017 0.000000
    endloop
  endfacet
  facet normal 0.000000 0.000000 1.000000
    outer loop
      vertex 28.291139 19.152542 0.400000
      vertex 31.329114 19.152542 0.400000
      vertex 31.329114 19.661017 0.400000
    endloop
  endfacet
  facet normal 0.000000 0.000000 1.000000
    outer loop
      vertex 28.291139 19.152542 0.400000
      vertex 31.329114 19.661017 0.400000
      vertex 28.291139 19.661017 0.400000
    endloop
  endfacet
  facet normal 0.000000 -1.000000 0.000000
    outer loop
      vertex 28.291139 19.152542 0.000000
      vertex 31.329114 19.152542 0.000000
      vertex 31.329114 19.152542 0.400000
    endloop
  endfacet
  facet normal 0.000000 -1.000000 0.000000
    outer loop
      vertex 28.291139 19.152542 0.000000
      vertex 31.329114 19.152542 0.400000
      vertex 28.291139 19.152542 0.400000
    endloop
  endfacet
  facet normal 0.000000 1.000000 0.000000
    outer loop
      vertex 28.291139 19.661017 0.000000
      vertex 31.329114 19.661017 0.400000
      vertex 31.329114 19.661017 0.000000
    endloop
  endfacet
  facet normal 0.000000 1.000000 0.000000
    outer loop
      vertex 28.291139 19.661017 0.000000
      vertex 28.291139 19.661017 0.400000
      vertex 31.329114 19.661017 0.400000
    endloop
  endfacet
  facet normal -1.000000 0.000000 0.000000
    outer loop
      vertex 28.291139 19.152542 0.000000
      vertex 28.291139 19.152542 0.400000
      vertex 28.291139 19.661017 0.400000
    endloop
  endfacet
  facet normal -1.000000 0.000000 0.000000
    outer loop
      vertex 28.291139 19.152542 0.000000
      vertex 28.291139 19.661017 0.400000
      vertex 28.291139 19.661017 0.000000
    endloop
  endfacet
  facet normal 1.000000 0.000000 0.000000
    outer loop
      vertex 31.329114 19.152542 0.000000
      vertex 31.329114 19.661017 0.000000
      vertex 31.329114 19.661017 0.400000
    endloop
  endfacet
  facet normal 1.000000 0.000000 0.000000
    outer loop
      vertex 31.329114 19.152542 0.000000
      vertex 31.329114 19.661017 0.400000
      vertex 31.329114 19.152542 0.400000
    endloop
  endfacet
  facet normal 0.000000 0.000000 -1.000000
    outer loop
      vertex 33.860759 19.152542 0.000000
      vertex 37.911392 19.661017 0.000000
      vertex 37.911392 19.152542 0.000000
    endloop
  endfacet
  facet normal 0.000000 0.000000 -1.000000
    outer loop
      vertex 33.860759 19.152542 0.000000
      vertex 33.860759 19.661017 0.000000
      vertex 37.911392 19.661017 0.000000
    endloop
  endfacet
  facet normal 0.000000 0.000000 1.000000
    outer loop
      vertex 33.860759 19.152542 0.400000
      vertex 37.911392 19.152542 0.400000
      vertex 37.911392 19.661017 0.400000
    endloop
  endfacet
  facet normal 0.000000 0.000000 1.000000
    outer loop
      vertex 33.860759 19.152542 0.400000
      vertex 37.911392 19.661017 0.400000
      vertex 33.860759 19.661017 0.400000
    endloop
  endfacet
  facet normal 0.000000 -1.000000 0.000000
    outer loop
      vertex 33.860759 19.152542 0.000000
      vertex 37.911392 19.152542 0.000000
      vertex 37.911392 19.152542 0.400000
    endloop
  endfacet
  facet normal 0.000000 -1.000000 0.000000
    outer loop
      vertex 33.860759 19.152542 0.000000
      vertex 37.911392 19.152542 0.400000
      vertex 33.860759 19.152542 0.400000
    endloop
  endfacet
  facet normal 0.000000 1.000000 0.000000
    outer loop
      vertex 33.860759 19.661017 0.000000
      vertex 37.911392 19.661017 0.400000
      vertex 37.911392 19.661017 0.000000
    endloop
  endfacet
  facet normal 0.000000 1.000000 0.000000
    outer loop
      vertex 33.860759 19.661017 0.000000
      vertex 33.860759 19.661017 0.400000
      vertex 37.911392 19.661017 0.400000
    endloop
  endfacet
  facet normal -1.000000 0.000000 0.000000
    outer loop
      vertex 33.860759 19.152542 0.000000
      vertex 33.860759 19.152542 0.400000
      vertex 33.860759 19.661017 0.400000
    endloop
  endfacet
  facet normal -1.000000 0.000000 0.000000
    outer loop
      vertex 33.860759 19.152542 0.000000
      vertex 33.860759 19.661017 0.400000
      vertex 33.860759 19.661017 0.000000
    endloop
  endfacet
  facet normal 1.000000 0.000000 0.000000
    outer loop
      vertex 37.911392 19.152542 0.000000
      vertex 37.911392 19.661017 0.000000
      vertex 37.911392 19.661017 0.400000
    endloop
  endfacet
  facet normal 1.000000 0.000000 0.000000
    outer loop
      vertex 37.911392 19.152542 0.000000
      vertex 37.911392 19.661017 0.400000
      vertex 37.911392 19.152542 0.400000
    endloop
  endfacet
  facet normal 0.000000 0.000000 -1.000000
    outer loop
      vertex 39.936709 19.152542 0.000000
      vertex 45.000000 19.661017 0.000000
      vertex 45.000000 19.152542 0.000000
    endloop
  endfacet
  facet normal 0.000000 0.000000 -1.000000
    outer loop
      vertex 39.936709 19.152542 0.000000
      vertex 39.936709 19.661017 0.000000
      vertex 45.000000 19.661017 0.000000
    endloop
  endfacet
  facet normal 0.000000 0.000000 1.000000
    outer loop
      vertex 39.936709 19.152542 0.400000
      vertex 45.000000 19.152542 0.400000
      vertex 45.000000 19.661017 0.400000
    endloop
  endfacet
  facet normal 0.000000 0.000000 1.000000
    outer loop
      vertex 39.936709 19.152542 0.400000
      vertex 45.000000 19.661017 0.400000
      vertex 39.936709 19.661017 0.400000
    endloop
  endfacet
  facet normal 0.000000 -1.000000 0.000000
    outer loop
      vertex 39.936709 19.152542 0.000000
      vertex 45.000000 19.152542 0.000000
      vertex 45.000000 19.152542 0.400000
    endloop
  endfacet
  facet normal 0.000000 -1.000000 0.000000
    outer loop
      vertex 39.936709 19.152542 0.000000
      vertex 45.000000 19.152542 0.400000
      vertex 39.936709 19.152542 0.400000
    endloop
  endfacet
  facet normal 0.000000 1.000000 0.000000
    outer loop
      vertex 39.936709 19.661017 0.000000
      vertex 45.000000 19.661017 0.400000
      vertex 45.000000 19.661017 0.000000
    endloop
  endfacet
  facet normal 0.000000 1.000000 0.000000
    outer loop
      vertex 39.936709 19.661017 0.000000
      vertex 39.936709 19.661017 0.400000
      vertex 45.000000 19.661017 0.400000
    endloop
  endfacet
  facet normal -1.000000 0.000000 0.000000
    outer loop
      vertex 39.936709 19.152542 0.000000
      vertex 39.936709 19.152542 0.400000
      vertex 39.936709 19.661017 0.400000
    endloop
  endfacet
  facet normal -1.000000 0.000000 0.000000
    outer loop
      vertex 39.936709 19.152542 0.000000
      vertex 39.936709 19.661017 0.400000
      vertex 39.936709 19.661017 0.000000
    endloop
  endfacet
  facet normal 1.000000 0.000000 0.000000
    outer loop
      vertex 45.000000 19.152542 0.000000
      vertex 45.000000 19.661017 0.000000
      vertex 45.000000 19.661017 0.400000
    endloop
  endfacet
  facet normal 1.000000 0.000000 0.000000
    outer loop
      vertex 45.000000 19.152542 0.000000
      vertex 45.000000 19.661017 0.400000
      vertex 45.000000 19.152542 0.400000
    endloop
  endfacet
  facet normal 0.000000 0.000000 -1.000000
    outer loop
      vertex 5.000000 18.644068 0.000000
      vertex 8.037975 19.152542 0.000000
      vertex 8.037975 18.644068 0.000000
    endloop
  endfacet
  facet normal 0.000000 0.000000 -1.000000
    outer loop
      vertex 5.000000 18.644068 0.000000
      vertex 5.000000 19.152542 0.000000
      vertex 8.037975 19.152542 0.000000
    endloop
  endfacet
  facet normal 0.000000 0.000000 1.000000
    outer loop
      vertex 5.000000 18.644068 0.400000
      vertex 8.037975 18.644068 0.400000
      vertex 8.037975 19.152542 0.400000
    endloop
  endfacet
  facet normal 0.000000 0.000000 1.000000
    outer loop
      vertex 5.000000 18.644068 0.400000
      vertex 8.037975 19.152542 0.400000
      vertex 5.000000 19.152542 0.400000
    endloop
  endfacet
  facet normal 0.000000 -1.000000 0.000000
    outer loop
      vertex 5.000000 18.644068 0.000000
      vertex 8.037975 18.644068 0.000000
      vertex 8.037975 18.644068 0.400000
    endloop
  endfacet
  facet normal 0.000000 -1.000000 0.000000
    outer loop
      vertex 5.000000 18.644068 0.000000
      vertex 8.037975 18.644068 0.400000
      vertex 5.000000 18.644068 0.400000
    endloop
  endfacet
  facet normal 0.000000 1.000000 0.000000
    outer loop
      vertex 5.000000 19.152542 0.000000
      vertex 8.037975 19.152542 0.400000
      vertex 8.037975 19.152542 0.000000
    endloop
  endfacet
  facet normal 0.000000 1.000000 0.000000
    outer loop
      vertex 5.000000 19.152542 0.000000
      vertex 5.000000 19.152542 0.400000
      vertex 8.037975 19.152542 0.400000
    endloop
  endfacet
  facet normal -1.000000 0.000000 0.000000
    outer loop
      vertex 5.000000 18.644068 0.000000
      vertex 5.000000 18.644068 0.400000
      vertex 5.000000 19.152542 0.400000
    endloop
  endfacet
  facet normal -1.000000 0.000000 0.000000
    outer loop
      vertex 5.000000 18.644068 0.000000
      vertex 5.000000 19.152542 0.400000
      vertex 5.000000 19.152542 0.000000
    endloop
  endfacet
  facet normal 1.000000 0.000000 0.000000
    outer loop
      vertex 8.037975 18.644068 0.000000
      vertex 8.037975 19.152542 0.000000
      vertex 8.037975 19.152542 0.400000
    endloop
  endfacet
  facet normal 1.000000 0.000000 0.000000
    outer loop
      vertex 8.037975 18.644068 0.000000
      vertex 8.037975 19.152542 0.400000
      vertex 8.037975 18.644068 0.400000
    endloop
  endfacet
  facet normal 0.000000 0.000000 -1.000000
    outer loop
      vertex 10.569620 18.644068 0.000000
      vertex 13.607595 19.152542 0.000000
      vertex 13.607595 18.644068 0.000000
    endloop
  endfacet
  facet normal 0.000000 0.000000 -1.000000
    outer loop
      vertex 10.569620 18.644068 0.000000
      vertex 10.569620 19.152542 0.000000
      vertex 13.607595 19.152542 0.000000
    endloop
  endfacet
  facet normal 0.000000 0.000000 1.000000
    outer loop
      vertex 10.569620 18.644068 0.400000
      vertex 13.607595 18.644068 0.400000
      vertex 13.607595 19.152542 0.400000
    endloop
  endfacet
  facet normal 0.000000 0.000000 1.000000
    outer loop
      vertex 10.569620 18.644068 0.400000
      vertex 13.607595 19.152542 0.400000
      vertex 10.569620 19.152542 0.400000
    endloop
  endfacet
  facet normal 0.000000 -1.000000 0.000000
    outer loop
      vertex 10.569620 18.644068 0.000000
      vertex 13.607595 18.644068 0.000000
      vertex 13.607595 18.644068 0.400000
    endloop
  endfacet
  facet normal 0.000000 -1.000000 0.000000
    outer loop
      vertex 10.569620 18.644068 0.000000
      vertex 13.607595 18.644068 0.400000
      vertex 10.569620 18.644068 0.400000
    endloop
  endfacet
  facet normal 0.000000 1.000000 0.000000
    outer loop
      vertex 10.569620 19.152542 0.000000
      vertex 13.607595 19.152542 0.400000
      vertex 13.607595 19.152542 0.000000
    endloop
  endfacet
  facet normal 0.000000 1.000000 0.000000
    outer loop
      vertex 10.569620 19.152542 0.000000
      vertex 10.569620 19.152542 0.400000
      vertex 13.607595 19.152542 0.400000
    endloop
  endfacet
  facet normal -1.000000 0.000000 0.000000
    outer loop
      vertex 10.569620 18.644068 0.000000
      vertex 10.569620 18.644068 0.400000
      vertex 10.569620 19.152542 0.400000
    endloop
  endfacet
  facet normal -1.000000 0.000000 0.000000
    outer loop
      vertex 10.569620 18.644068 0.000000
      vertex 10.569620 19.152542 0.400000
      vertex 10.569620 19.152542 0.000000
    endloop
  endfacet
  facet normal 1.000000 0.000000 0.000000
    outer loop
      vertex 13.607595 18.644068 0.000000
      vertex 13.607595 19.152542 0.000000
      vertex 13.607595 19.152542 0.400000
    endloop
  endfacet
  facet normal 1.000000 0.000000 0.000000
    outer loop
      vertex 13.607595 18.644068 0.000000
      vertex 13.607595 19.152542 0.400000
      vertex 13.607595 18.644068 0.400000
    endloop
  endfacet
  facet normal 0.000000 0.000000 -1.000000
    outer loop
      vertex 14.620253 18.644068 0.000000
      vertex 16.139241 19.152542 0.000000
      vertex 16.139241 18.644068 0.000000
    endloop
  endfacet
  facet normal 0.000000 0.000000 -1.000000
    outer loop
      vertex 14.620253 18.644068 0.000000
      vertex 14.620253 19.152542 0.000000
      vertex 16.139241 19.152542 0.000000
    endloop
  endfacet
  facet normal 0.000000 0.000000 1.000000
    outer loop
      vertex 14.620253 18.644068 0.400000
      vertex 16.139241 18.644068 0.400000
      vertex 16.139241 19.152542 0.400000
    endloop
  endfacet
  facet normal 0.000000 0.000000 1.000000
    outer loop
      vertex 14.620253 18.644068 0.400000
      vertex 16.139241 19.152542 0.400000
      vertex 14.620253 19.152542 0.400000
    endloop
  endfacet
  facet normal 0.000000 -1.000000 0.000000
    outer loop
      vertex 14.620253 18.644068 0.000000
      vertex 16.139241 18.644068 0.000000
      vertex 16.139241 18.644068 0.400000
    endloop
  endfacet
  facet normal 0.000000 -1.000000 0.000000
    outer loop
      vertex 14.620253 18.644068 0.000000
      vertex 16.139241 18.644068 0.400000
      vertex 14.620253 18.644068 0.400000
    endloop
  endfacet
  facet normal 0.000000 1.000000 0.000000
    outer loop
      vertex 14.620253 19.152542 0.000000
      vertex 16.139241 19.152542 0.400000
      vertex 16.139241 19.152542 0.000000
    endloop
  endfacet
  facet normal 0.000000 1.000000 0.000000
    outer loop
      vertex 14.620253 19.152542 0.000000
      vertex 14.620253 19.152542 0.400000
      vertex 16.139241 19.152542 0.400000
    endloop
  endfacet
  facet normal -1.000000 0.000000 0.000000
    outer loop
      vertex 14.620253 18.644068 0.000000
      vertex 14.620253 18.644068 0.400000
      vertex 14.620253 19.152542 0.400000
    endloop
  endfacet
  facet normal -1.000000 0.000000 0.000000
    outer loop
      vertex 14.620253 18.644068 0.000000
      vertex 14.620253 19.152542 0.400000
      vertex 14.620253 19.152542 0.000000
    endloop
  endfacet
  facet normal 1.000000 0.000000 0.000000
    outer loop
      vertex 16.139241 18.644068 0.000000
      vertex 16.139241 19.152542 0.000000
      vertex 16.139241 19.152542 0.400000
    endloop
  endfacet
  facet normal 1.000000 0.000000 0.000000
    outer loop
      vertex 16.139241 18.644068 0.000000
      vertex 16.139241 19.152542 0.400000
      vertex 16.139241 18.644068 0.400000
    endloop
  endfacet
  facet normal 0.000000 0.000000 -1.000000
    outer loop
      vertex 18.670886 18.644068 0.000000
      vertex 21.708861 19.152542 0.000000
      vertex 21.708861 18.644068 0.000000
    endloop
  endfacet
  facet normal 0.000000 0.000000 -1.000000
    outer loop
      vertex 18.670886 18.644068 0.000000
      vertex 18.670886 19.152542 0.000000
      vertex 21.708861 19.152542 0.000000
    endloop
  endfacet
  facet normal 0.000000 0.000000 1.000000
    outer loop
      vertex 18.670886 18.644068 0.400000
      vertex 21.708861 18.644068 0.400000
      vertex 21.708861 19.152542 0.400000
    endloop
  endfacet
  facet normal 0.000000 0.000000 1.000000
    outer loop
      vertex 18.670886 18.644068 0.400000
      vertex 21.708861 19.152542 0.400000
      vertex 18.670886 19.152542 0.400000
    endloop
  endfacet
  facet normal 0.000000 -1.000000 0.000000
    outer loop
      vertex 18.670886 18.644068 0.000000
      vertex 21.708861 18.644068 0.000000
      vertex 21.708861 18.644068 0.400000
    endloop
  endfacet
  facet normal 0.000000 -1.000000 0.000000
    outer loop
      vertex 18.670886 18.644068 0.000000
      vertex 21.708861 18.644068 0.400000
      vertex 18.670886 18.644068 0.400000
    endloop
  endfacet
  facet normal 0.000000 1.000000 0.000000
    outer loop
      vertex 18.670886 19.152542 0.000000
      vertex 21.708861 19.152542 0.400000
      vertex 21.708861 19.152542 0.000000
    endloop
  endfacet
  facet normal 0.000000 1.000000 0.000000
    outer loop
      vertex 18.670886 19.152542 0.000000
      vertex 18.670886 19.152542 0.400000
      vertex 21.708861 19.152542 0.400000
    endloop
  endfacet
  facet normal -1.000000 0.000000 0.000000
    outer loop
      vertex 18.670886 18.644068 0.000000
      vertex 18.670886 18.644068 0.400000
      vertex 18.670886 19.152542 0.400000
    endloop
  endfacet
  facet normal -1.000000 0.000000 0.000000
    outer loop
      vertex 18.670886 18.644068 0.000000
      vertex 18.670886 19.152542 0.400000
      vertex 18.670886 19.152542 0.000000
    endloop
  endfacet
  facet normal 1.000000 0.000000 0.000000
    outer loop
      vertex 21.708861 18.644068 0.000000
      vertex 21.708861 19.152542 0.000000
      vertex 21.708861 19.152542 0.400000
    endloop
  endfacet
  facet normal 1.000000 0.000000 0.000000
    outer loop
      vertex 21.708861 18.644068 0.000000
      vertex 21.708861 19.152542 0.400000
      vertex 21.708861 18.644068 0.400000
    endloop
  endfacet
  facet normal 0.000000 0.000000 -1.000000
    outer loop
      vertex 24.240506 18.644068 0.000000
      vertex 25.759494 19.152542 0.000000
      vertex 25.759494 18.644068 0.000000
    endloop
  endfacet
  facet normal 0.000000 0.000000 -1.000000
    outer loop
      vertex 24.240506 18.644068 0.000000
      vertex 24.240506 19.152542 0.000000
      vertex 25.759494 19.152542 0.000000
    endloop
  endfacet
  facet normal 0.000000 0.000000 1.000000
    outer loop
      vertex 24.240506 18.644068 0.400000
      vertex 25.759494 18.644068 0.400000
      vertex 25.759494 19.152542 0.400000
    endloop
  endfacet
  facet normal 0.000000 0.000000 1.000000
    outer loop
      vertex 24.240506 18.644068 0.400000
      vertex 25.759494 19.152542 0.400000
      vertex 24.240506 19.152542 0.400000
    endloop
  endfacet
  facet normal 0.000000 -1.000000 0.000000
    outer loop
      vertex 24.240506 18.644068 0.000000
      vertex 25.759494 18.644068 0.000000
      vertex 25.759494 18.644068 0.400000
    endloop
  endfacet
  facet normal 0.000000 -1.000000 0.000000
    outer loop
      vertex 24.240506 18.644068 0.000000
      vertex 25.759494 18.644068 0.400000
      vertex 24.240506 18.644068 0.400000
    endloop
  endfacet
  facet normal 0.000000 1.000000 0.000000
    outer loop
      vertex 24.240506 19.152542 0.000000
      vertex 25.759494 19.152542 0.400000
      vertex 25.759494 19.152542 0.000000
    endloop
  endfacet
  facet normal 0.000000 1.000000 0.000000
    outer loop
      vertex 24.240506 19.152542 0.000000
      vertex 24.240506 19.152542 0.400000
      vertex 25.759494 19.152542 0.400000
    endloop
  endfacet
  facet normal -1.000000 0.000000 0.000000
    outer loop
      vertex 24.240506 18.644068 0.000000
      vertex 24.240506 18.644068 0.400000
      vertex 24.240506 19.152542 0.400000
    endloop
  endfacet
  facet normal -1.000000 0.000000 0.000000
    outer loop
      vertex 24.240506 18.644068 0.000000
      vertex 24.240506 19.152542 0.400000
      vertex 24.240506 19.152542 0.000000
    endloop
  endfacet
  facet normal 1.000000 0.000000 0.000000
    outer loop
      vertex 25.759494 18.644068 0.000000
      vertex 25.759494 19.152542 0.000000
      vertex 25.759494 19.152542 0.400000
    endloop
  endfacet
  facet normal 1.000000 0.000000 0.000000
    outer loop
      vertex 25.759494 18.644068 0.000000
      vertex 25.759494 19.152542 0.400000
      vertex 25.759494 18.644068 0.400000
    endloop
  endfacet
  facet normal 0.000000 0.000000 -1.000000
    outer loop
      vertex 28.291139 18.644068 0.000000
      vertex 31.329114 19.152542 0.000000
      vertex 31.329114 18.644068 0.000000
    endloop
  endfacet
  facet normal 0.000000 0.000000 -1.000000
    outer loop
      vertex 28.291139 18.644068 0.000000
      vertex 28.291139 19.152542 0.000000
      vertex 31.329114 19.152542 0.000000
    endloop
  endfacet
  facet normal 0.000000 0.000000 1.000000
    outer loop
      vertex 28.291139 18.644068 0.400000
      vertex 31.329114 18.644068 0.400000
      vertex 31.329114 19.152542 0.400000
    endloop
  endfacet
  facet normal 0.000000 0.000000 1.000000
    outer loop
      vertex 28.291139 18.644068 0.400000
      vertex 31.329114 19.152542 0.400000
      vertex 28.291139 19.152542 0.400000
    endloop
  endfacet
  facet normal 0.000000 -1.000000 0.000000
    outer loop
      vertex 28.291139 18.644068 0.000000
      vertex 31.329114 18.644068 0.000000
      vertex 31.329114 18.644068 0.400000
    endloop
  endfacet
  facet normal 0.000000 -1.000000 0.000000
    outer loop
      vertex 28.291139 18.644068 0.000000
      vertex 31.329114 18.644068 0.400000
      vertex 28.291139 18.644068 0.400000
    endloop
  endfacet
  facet normal 0.000000 1.000000 0.000000
    outer loop
      vertex 28.291139 19.152542 0.000000
      vertex 31.329114 19.152542 0.400000
      vertex 31.329114 19.152542 0.000000
    endloop
  endfacet
  facet normal 0.000000 1.000000 0.000000
    outer loop
      vertex 28.291139 19.152542 0.000000
      vertex 28.291139 19.152542 0.400000
      vertex 31.329114 19.152542 0.400000
    endloop
  endfacet
  facet normal -1.000000 0.000000 0.000000
    outer loop
      vertex 28.291139 18.644068 0.000000
      vertex 28.291139 18.644068 0.400000
      vertex 28.291139 19.152542 0.400000
    endloop
  endfacet
  facet normal -1.000000 0.000000 0.000000
    outer loop
      vertex 28.291139 18.644068 0.000000
      vertex 28.291139 19.152542 0.400000
      vertex 28.291139 19.152542 0.000000
    endloop
  endfacet
  facet normal 1.000000 0.000000 0.000000
    outer loop
      vertex 31.329114 18.644068 0.000000
      vertex 31.329114 19.152542 0.000000
      vertex 31.329114 19.152542 0.400000
    endloop
  endfacet
  facet normal 1.000000 0.000000 0.000000
    outer loop
      vertex 31.329114 18.644068 0.000000
      vertex 31.329114 19.152542 0.400000
      vertex 31.329114 18.644068 0.400000
    endloop
  endfacet
  facet normal 0.000000 0.000000 -1.000000
    outer loop
      vertex 33.860759 18.644068 0.000000
      vertex 37.911392 19.152542 0.000000
      vertex 37.911392 18.644068 0.000000
    endloop
  endfacet
  facet normal 0.000000 0.000000 -1.000000
    outer loop
      vertex 33.860759 18.644068 0.000000
      vertex 33.860759 19.152542 0.000000
      vertex 37.911392 19.152542 0.000000
    endloop
  endfacet
  facet normal 0.000000 0.000000 1.000000
    outer loop
      vertex 33.860759 18.644068 0.400000
      vertex 37.911392 18.644068 0.400000
      vertex 37.911392 19.152542 0.400000
    endloop
  endfacet
  facet normal 0.000000 0.000000 1.000000
    outer loop
      vertex 33.860759 18.644068 0.400000
      vertex 37.911392 19.152542 0.400000
      vertex 33.860759 19.152542 0.400000
    endloop
  endfacet
  facet normal 0.000000 -1.000000 0.000000
    outer loop
      vertex 33.860759 18.644068 0.000000
      vertex 37.911392 18.644068 0.000000
      vertex 37.911392 18.644068 0.400000
    endloop
  endfacet
  facet normal 0.000000 -1.000000 0.000000
    outer loop
      vertex 33.860759 18.644068 0.000000
      vertex 37.911392 18.644068 0.400000
      vertex 33.860759 18.644068 0.400000
    endloop
  endfacet
  facet normal 0.000000 1.000000 0.000000
    outer loop
      vertex 33.860759 19.152542 0.000000
      vertex 37.911392 19.152542 0.400000
      vertex 37.911392 19.152542 0.000000
    endloop
  endfacet
  facet normal 0.000000 1.000000 0.000000
    outer loop
      vertex 33.860759 19.152542 0.000000
      vertex 33.860759 19.152542 0.400000
      vertex 37.911392 19.152542 0.400000
    endloop
  endfacet
  facet normal -1.000000 0.000000 0.000000
    outer loop
      vertex 33.860759 18.644068 0.000000
      vertex 33.860759 18.644068 0.400000
      vertex 33.860759 19.152542 0.400000
    endloop
  endfacet
  facet normal -1.000000 0.000000 0.000000
    outer loop
      vertex 33.860759 18.644068 0.000000
      vertex 33.860759 19.152542 0.400000
      vertex 33.860759 19.152542 0.000000
    endloop
  endfacet
  facet normal 1.000000 0.000000 0.000000
    outer loop
      vertex 37.911392 18.644068 0.000000
      vertex 37.911392 19.152542 0.000000
      vertex 37.911392 19.152542 0.400000
    endloop
  endfacet
  facet normal 1.000000 0.000000 0.000000
    outer loop
      vertex 37.911392 18.644068 0.000000
      vertex 37.911392 19.152542 0.400000
      vertex 37.911392 18.644068 0.400000
    endloop
  endfacet
  facet normal 0.000000 0.000000 -1.000000
    outer loop
      vertex 39.936709 18.644068 0.000000
      vertex 45.000000 19.152542 0.000000
      vertex 45.000000 18.644068 0.000000
    endloop
  endfacet
  facet normal 0.000000 0.000000 -1.000000
    outer loop
      vertex 39.936709 18.644068 0.000000
      vertex 39.936709 19.152542 0.000000
      vertex 45.000000 19.152542 0.000000
    endloop
  endfacet
  facet normal 0.000000 0.000000 1.000000
    outer loop
      vertex 39.936709 18.644068 0.400000
      vertex 45.000000 18.644068 0.400000
      vertex 45.000000 19.152542 0.400000
    endloop
  endfacet
  facet normal 0.000000 0.000000 1.000000
    outer loop
      vertex 39.936709 18.644068 0.400000
      vertex 45.000000 19.152542 0.400000
      vertex 39.936709 19.152542 0.400000
    endloop
  endfacet
  facet normal 0.000000 -1.000000 0.000000
    outer loop
      vertex 39.936709 18.644068 0.000000
      vertex 45.000000 18.644068 0.000000
      vertex 45.000000 18.644068 0.400000
    endloop
  endfacet
  facet normal 0.000000 -1.000000 0.000000
    outer loop
      vertex 39.936709 18.644068 0.000000
      vertex 45.000000 18.644068 0.400000
      vertex 39.936709 18.644068 0.400000
    endloop
  endfacet
  facet normal 0.000000 1.000000 0.000000
    outer loop
      vertex 39.936709 19.152542 0.000000
      vertex 45.000000 19.152542 0.400000
      vertex 45.000000 19.152542 0.000000
    endloop
  endfacet
  facet normal 0.000000 1.000000 0.000000
    outer loop
      vertex 39.936709 19.152542 0.000000
      vertex 39.936709 19.152542 0.400000
      vertex 45.000000 19.152542 0.400000
    endloop
  endfacet
  facet normal -1.000000 0.000000 0.000000
    outer loop
      vertex 39.936709 18.644068 0.000000
      vertex 39.936709 18.644068 0.400000
      vertex 39.936709 19.152542 0.400000
    endloop
  endfacet
  facet normal -1.000000 0.000000 0.000000
    outer loop
      vertex 39.936709 18.644068 0.000000
      vertex 39.936709 19.152542 0.400000
      vertex 39.936709 19.152542 0.000000
    endloop
  endfacet
  facet normal 1.000000 0.000000 0.000000
    outer loop
      vertex 45.000000 18.644068 0.000000
      vertex 45.000000 19.152542 0.000000
      vertex 45.000000 19.152542 0.400000
    endloop
  endfacet
  facet normal 1.000000 0.000000 0.000000
    outer loop
      vertex 45.000000 18.644068 0.000000
      vertex 45.000000 19.152542 0.400000
      vertex 45.000000 18.644068 0.400000
    endloop
  endfacet
  facet normal 0.000000 0.000000 -1.000000
    outer loop
      vertex 5.000000 18.135593 0.000000
      vertex 7.531646 18.644068 0.000000
      vertex 7.531646 18.135593 0.000000
    endloop
  endfacet
  facet normal 0.000000 0.000000 -1.000000
    outer loop
      vertex 5.000000 18.135593 0.000000
      vertex 5.000000 18.644068 0.000000
      vertex 7.531646 18.644068 0.000000
    endloop
  endfacet
  facet normal 0.000000 0.000000 1.000000
    outer loop
      vertex 5.000000 18.135593 0.400000
      vertex 7.531646 18.135593 0.400000
      vertex 7.531646 18.644068 0.400000
    endloop
  endfacet
  facet normal 0.000000 0.000000 1.000000
    outer loop
      vertex 5.000000 18.135593 0.400000
      vertex 7.531646 18.644068 0.400000
      vertex 5.000000 18.644068 0.400000
    endloop
  endfacet
  facet normal 0.000000 -1.000000 0.000000
    outer loop
      vertex 5.000000 18.135593 0.000000
      vertex 7.531646 18.135593 0.000000
      vertex 7.531646 18.135593 0.400000
    endloop
  endfacet
  facet normal 0.000000 -1.000000 0.000000
    outer loop
      vertex 5.000000 18.135593 0.000000
      vertex 7.531646 18.135593 0.400000
      vertex 5.000000 18.135593 0.400000
    endloop
  endfacet
  facet normal 0.000000 1.000000 0.000000
    outer loop
      vertex 5.000000 18.644068 0.000000
      vertex 7.531646 18.644068 0.400000
      vertex 7.531646 18.644068 0.000000
    endloop
  endfacet
  facet normal 0.000000 1.000000 0.000000
    outer loop
      vertex 5.000000 18.644068 0.000000
      vertex 5.000000 18.644068 0.400000
      vertex 7.531646 18.644068 0.400000
    endloop
  endfacet
  facet normal -1.000000 0.000000 0.000000
    outer loop
      vertex 5.000000 18.135593 0.000000
      vertex 5.000000 18.135593 0.400000
      vertex 5.000000 18.644068 0.400000
    endloop
  endfacet
  facet normal -1.000000 0.000000 0.000000
    outer loop
      vertex 5.000000 18.135593 0.000000
      vertex 5.000000 18.644068 0.400000
      vertex 5.000000 18.644068 0.000000
    endloop
  endfacet
  facet normal 1.000000 0.000000 0.000000
    outer loop
      vertex 7.531646 18.135593 0.000000
      vertex 7.531646 18.644068 0.000000
      vertex 7.531646 18.644068 0.400000
    endloop
  endfacet
  facet normal 1.000000 0.000000 0.000000
    outer loop
      vertex 7.531646 18.135593 0.000000
      vertex 7.531646 18.644068 0.400000
      vertex 7.531646 18.135593 0.400000
    endloop
  endfacet
  facet normal 0.000000 0.000000 -1.000000
    outer loop
      vertex 10.063291 18.135593 0.000000
      vertex 16.139241 18.644068 0.000000
      vertex 16.139241 18.135593 0.000000
    endloop
  endfacet
  facet normal 0.000000 0.000000 -1.000000
    outer loop
      vertex 10.063291 18.135593 0.000000
      vertex 10.063291 18.644068 0.000000
      vertex 16.139241 18.644068 0.000000
    endloop
  endfacet
  facet normal 0.000000 0.000000 1.000000
    outer loop
      vertex 10.063291 18.135593 0.400000
      vertex 16.139241 18.135593 0.400000
      vertex 16.139241 18.644068 0.400000
    endloop
  endfacet
  facet normal 0.000000 0.000000 1.000000
    outer loop
      vertex 10.063291 18.135593 0.400000
      vertex 16.139241 18.644068 0.400000
      vertex 10.063291 18.644068 0.400000
    endloop
  endfacet
  facet normal 0.000000 -1.000000 0.000000
    outer loop
      vertex 10.063291 18.135593 0.000000
      vertex 16.139241 18.135593 0.000000
      vertex 16.139241 18.135593 0.400000
    endloop
  endfacet
  facet normal 0.000000 -1.000000 0.000000
    outer loop
      vertex 10.063291 18.135593 0.000000
      vertex 16.139241 18.135593 0.400000
      vertex 10.063291 18.135593 0.400000
    endloop
  endfacet
  facet normal 0.000000 1.000000 0.000000
    outer loop
      vertex 10.063291 18.644068 0.000000
      vertex 16.139241 18.644068 0.400000
      vertex 16.139241 18.644068 0.000000
    endloop
  endfacet
  facet normal 0.000000 1.000000 0.000000
    outer loop
      vertex 10.063291 18.644068 0.000000
      vertex 10.063291 18.644068 0.400000
      vertex 16.139241 18.644068 0.400000
    endloop
  endfacet
  facet normal -1.000000 0.000000 0.000000
    outer loop
      vertex 10.063291 18.135593 0.000000
      vertex 10.063291 18.135593 0.400000
      vertex 10.063291 18.644068 0.400000
    endloop
  endfacet
  facet normal -1.000000 0.000000 0.000000
    outer loop
      vertex 10.063291 18.135593 0.000000
      vertex 10.063291 18.644068 0.400000
      vertex 10.063291 18.644068 0.000000
    endloop
  endfacet
  facet normal 1.000000 0.000000 0.000000
    outer loop
      vertex 16.139241 18.135593 0.000000
      vertex 16.139241 18.644068 0.000000
      vertex 16.139241 18.644068 0.400000
    endloop
  endfacet
  facet normal 1.000000 0.000000 0.000000
    outer loop
      vertex 16.139241 18.135593 0.000000
      vertex 16.139241 18.644068 0.400000
      vertex 16.139241 18.135593 0.400000
    endloop
  endfacet
  facet normal 0.000000 0.000000 -1.000000
    outer loop
      vertex 18.670886 18.135593 0.000000
      vertex 21.708861 18.644068 0.000000
      vertex 21.708861 18.135593 0.000000
    endloop
  endfacet
  facet normal 0.000000 0.000000 -1.000000
    outer loop
      vertex 18.670886 18.135593 0.000000
      vertex 18.670886 18.644068 0.000000
      vertex 21.708861 18.644068 0.000000
    endloop
  endfacet
  facet normal 0.000000 0.000000 1.000000
    outer loop
      vertex 18.670886 18.135593 0.400000
      vertex 21.708861 18.135593 0.400000
      vertex 21.708861 18.644068 0.400000
    endloop
  endfacet
  facet normal 0.000000 0.000000 1.000000
    outer loop
      vertex 18.670886 18.135593 0.400000
      vertex 21.708861 18.644068 0.400000
      vertex 18.670886 18.644068 0.400000
    endloop
  endfacet
  facet normal 0.000000 -1.000000 0.000000
    outer loop
      vertex 18.670886 18.135593 0.000000
      vertex 21.708861 18.135593 0.000000
      vertex 21.708861 18.135593 0.400000
    endloop
  endfacet
  facet normal 0.000000 -1.000000 0.000000
    outer loop
      vertex 18.670886 18.135593 0.000000
      vertex 21.708861 18.135593 0.400000
      vertex 18.670886 18.135593 0.400000
    endloop
  endfacet
  facet normal 0.000000 1.000000 0.000000
    outer loop
      vertex 18.670886 18.644068 0.000000
      vertex 21.708861 18.644068 0.400000
      vertex 21.708861 18.644068 0.000000
    endloop
  endfacet
  facet normal 0.000000 1.000000 0.000000
    outer loop
      vertex 18.670886 18.644068 0.000000
      vertex 18.670886 18.644068 0.400000
      vertex 21.708861 18.644068 0.400000
    endloop
  endfacet
  facet normal -1.000000 0.000000 0.000000
    outer loop
      vertex 18.670886 18.135593 0.000000
      vertex 18.670886 18.135593 0.400000
      vertex 18.670886 18.644068 0.400000
    endloop
  endfacet
  facet normal -1.000000 0.000000 0.000000
    outer loop
      vertex 18.670886 18.135593 0.000000
      vertex 18.670886 18.644068 0.400000
      vertex 18.670886 18.644068 0.000000
    endloop
  endfacet
  facet normal 1.000000 0.000000 0.000000
    outer loop
      vertex 21.708861 18.135593 0.000000
      vertex 21.708861 18.644068 0.000000
      vertex 21.708861 18.644068 0.400000
    endloop
  endfacet
  facet normal 1.000000 0.000000 0.000000
    outer loop
      vertex 21.708861 18.135593 0.000000
      vertex 21.708861 18.644068 0.400000
      vertex 21.708861 18.135593 0.400000
    endloop
  endfacet
  facet normal 0.000000 0.000000 -1.000000
    outer loop
      vertex 24.240506 18.135593 0.000000
      vertex 25.759494 18.644068 0.000000
      vertex 25.759494 18.135593 0.000000
    endloop
  endfacet
  facet normal 0.000000 0.000000 -1.000000
    outer loop
      vertex 24.240506 18.135593 0.000000
      vertex 24.240506 18.644068 0.000000
      vertex 25.759494 18.644068 0.000000
    endloop
  endfacet
  facet normal 0.000000 0.000000 1.000000
    outer loop
      vertex 24.240506 18.135593 0.400000
      vertex 25.759494 18.135593 0.400000
      vertex 25.759494 18.644068 0.400000
    endloop
  endfacet
  facet normal 0.000000 0.000000 1.000000
    outer loop
      vertex 24.240506 18.135593 0.400000
      vertex 25.759494 18.644068 0.400000
      vertex 24.240506 18.644068 0.400000
    endloop
  endfacet
  facet normal 0.000000 -1.000000 0.000000
    outer loop
      vertex 24.240506 18.135593 0.000000
      vertex 25.759494 18.135593 0.000000
      vertex 25.759494 18.135593 0.400000
    endloop
  endfacet
  facet normal 0.000000 -1.000000 0.000000
    outer loop
      vertex 24.240506 18.135593 0.000000
      vertex 25.759494 18.135593 0.400000
      vertex 24.240506 18.135593 0.400000
    endloop
  endfacet
  facet normal 0.000000 1.000000 0.000000
    outer loop
      vertex 24.240506 18.644068 0.000000
      vertex 25.759494 18.644068 0.400000
      vertex 25.759494 18.644068 0.000000
    endloop
  endfacet
  facet normal 0.000000 1.000000 0.000000
    outer loop
      vertex 24.240506 18.644068 0.000000
      vertex 24.240506 18.644068 0.400000
      vertex 25.759494 18.644068 0.400000
    endloop
  endfacet
  facet normal -1.000000 0.000000 0.000000
    outer loop
      vertex 24.240506 18.135593 0.000000
      vertex 24.240506 18.135593 0.400000
      vertex 24.240506 18.644068 0.400000
    endloop
  endfacet
  facet normal -1.000000 0.000000 0.000000
    outer loop
      vertex 24.240506 18.135593 0.000000
      vertex 24.240506 18.644068 0.400000
      vertex 24.240506 18.644068 0.000000
    endloop
  endfacet
  facet normal 1.000000 0.000000 0.000000
    outer loop
      vertex 25.759494 18.135593 0.000000
      vertex 25.759494 18.644068 0.000000
      vertex 25.759494 18.644068 0.400000
    endloop
  endfacet
  facet normal 1.000000 0.000000 0.000000
    outer loop
      vertex 25.759494 18.135593 0.000000
      vertex 25.759494 18.644068 0.400000
      vertex 25.759494 18.135593 0.400000
    endloop
  endfacet
  facet normal 0.000000 0.000000 -1.000000
    outer loop
      vertex 28.291139 18.135593 0.000000
      vertex 31.329114 18.644068 0.000000
      vertex 31.329114 18.135593 0.000000
    endloop
  endfacet
  facet normal 0.000000 0.000000 -1.000000
    outer loop
      vertex 28.291139 18.135593 0.000000
      vertex 28.291139 18.644068 0.000000
      vertex 31.329114 18.644068 0.000000
    endloop
  endfacet
  facet normal 0.000000 0.000000 1.000000
    outer loop
      vertex 28.291139 18.135593 0.400000
      vertex 31.329114 18.135593 0.400000
      vertex 31.329114 18.644068 0.400000
    endloop
  endfacet
  facet normal 0.000000 0.000000 1.000000
    outer loop
      vertex 28.291139 18.135593 0.400000
      vertex 31.329114 18.644068 0.400000
      vertex 28.291139 18.644068 0.400000
    endloop
  endfacet
  facet normal 0.000000 -1.000000 0.000000
    outer loop
      vertex 28.291139 18.135593 0.000000
      vertex 31.329114 18.135593 0.000000
      vertex 31.329114 18.135593 0.400000
    endloop
  endfacet
  facet normal 0.000000 -1.000000 0.000000
    outer loop
      vertex 28.291139 18.135593 0.000000
      vertex 31.329114 18.135593 0.400000
      vertex 28.291139 18.135593 0.400000
    endloop
  endfacet
  facet normal 0.000000 1.000000 0.000000
    outer loop
      vertex 28.291139 18.644068 0.000000
      vertex 31.329114 18.644068 0.400000
      vertex 31.329114 18.644068 0.000000
    endloop
  endfacet
  facet normal 0.000000 1.000000 0.000000
    outer loop
      vertex 28.291139 18.644068 0.000000
      vertex 28.291139 18.644068 0.400000
      vertex 31.329114 18.644068 0.400000
    endloop
  endfacet
  facet normal -1.000000 0.000000 0.000000
    outer loop
      vertex 28.291139 18.135593 0.000000
      vertex 28.291139 18.135593 0.400000
      vertex 28.291139 18.644068 0.400000
    endloop
  endfacet
  facet normal -1.000000 0.000000 0.000000
    outer loop
      vertex 28.291139 18.135593 0.000000
      vertex 28.291139 18.644068 0.400000
      vertex 28.291139 18.644068 0.000000
    endloop
  endfacet
  facet normal 1.000000 0.000000 0.000000
    outer loop
      vertex 31.329114 18.135593 0.000000
      vertex 31.329114 18.644068 0.000000
      vertex 31.329114 18.644068 0.400000
    endloop
  endfacet
  facet normal 1.000000 0.000000 0.000000
    outer loop
      vertex 31.329114 18.135593 0.000000
      vertex 31.329114 18.644068 0.400000
      vertex 31.329114 18.135593 0.400000
    endloop
  endfacet
  facet normal 0.000000 0.000000 -1.000000
    outer loop
      vertex 33.860759 18.135593 0.000000
      vertex 37.911392 18.644068 0.000000
      vertex 37.911392 18.135593 0.000000
    endloop
  endfacet
  facet normal 0.000000 0.000000 -1.000000
    outer loop
      vertex 33.860759 18.135593 0.000000
      vertex 33.860759 18.644068 0.000000
      vertex 37.911392 18.644068 0.000000
    endloop
  endfacet
  facet normal 0.000000 0.000000 1.000000
    outer loop
      vertex 33.860759 18.135593 0.400000
      vertex 37.911392 18.135593 0.400000
      vertex 37.911392 18.644068 0.400000
    endloop
  endfacet
  facet normal 0.000000 0.000000 1.000000
    outer loop
      vertex 33.860759 18.135593 0.400000
      vertex 37.911392 18.644068 0.400000
      vertex 33.860759 18.644068 0.400000
    endloop
  endfacet
  facet normal 0.000000 -1.000000 0.000000
    outer loop
      vertex 33.860759 18.135593 0.000000
      vertex 37.911392 18.135593 0.000000
      vertex 37.911392 18.135593 0.400000
    endloop
  endfacet
  facet normal 0.000000 -1.000000 0.000000
    outer loop
      vertex 33.860759 18.135593 0.000000
      vertex 37.911392 18.135593 0.400000
      vertex 33.860759 18.135593 0.400000
    endloop
  endfacet
  facet normal 0.000000 1.000000 0.000000
    outer loop
      vertex 33.860759 18.644068 0.000000
      vertex 37.911392 18.644068 0.400000
      vertex 37.911392 18.644068 0.000000
    endloop
  endfacet
  facet normal 0.000000 1.000000 0.000000
    outer loop
      vertex 33.860759 18.644068 0.000000
      vertex 33.860759 18.644068 0.400000
      vertex 37.911392 18.644068 0.400000
    endloop
  endfacet
  facet normal -1.000000 0.000000 0.000000
    outer loop
      vertex 33.860759 18.135593 0.000000
      vertex 33.860759 18.135593 0.400000
      vertex 33.860759 18.644068 0.400000
    endloop
  endfacet
  facet normal -1.000000 0.000000 0.000000
    outer loop
      vertex 33.860759 18.135593 0.000000
      vertex 33.860759 18.644068 0.400000
      vertex 33.860759 18.644068 0.000000
    endloop
  endfacet
  facet normal 1.000000 0.000000 0.000000
    outer loop
      vertex 37.911392 18.135593 0.000000
      vertex 37.911392 18.644068 0.000000
      vertex 37.911392 18.644068 0.400000
    endloop
  endfacet
  facet normal 1.000000 0.000000 0.000000
    outer loop
      vertex 37.911392 18.135593 0.000000
      vertex 37.911392 18.644068 0.400000
      vertex 37.911392 18.135593 0.400000
    endloop
  endfacet
  facet normal 0.000000 0.000000 -1.000000
    outer loop
      vertex 39.936709 18.135593 0.000000
      vertex 45.000000 18.644068 0.000000
      vertex 45.000000 18.135593 0.000000
    endloop
  endfacet
  facet normal 0.000000 0.000000 -1.000000
    outer loop
      vertex 39.936709 18.135593 0.000000
      vertex 39.936709 18.644068 0.000000
      vertex 45.000000 18.644068 0.000000
    endloop
  endfacet
  facet normal 0.000000 0.000000 1.000000
    outer loop
      vertex 39.936709 18.135593 0.400000
      vertex 45.000000 18.135593 0.400000
      vertex 45.000000 18.644068 0.400000
    endloop
  endfacet
  facet normal 0.000000 0.000000 1.000000
    outer loop
      vertex 39.936709 18.135593 0.400000
      vertex 45.000000 18.644068 0.400000
      vertex 39.936709 18.644068 0.400000
    endloop
  endfacet
  facet normal 0.000000 -1.000000 0.000000
    outer loop
      vertex 39.936709 18.135593 0.000000
      vertex 45.000000 18.135593 0.000000
      vertex 45.000000 18.135593 0.400000
    endloop
  endfacet
  facet normal 0.000000 -1.000000 0.000000
    outer loop
      vertex 39.936709 18.135593 0.000000
      vertex 45.000000 18.135593 0.400000
      vertex 39.936709 18.135593 0.400000
    endloop
  endfacet
  facet normal 0.000000 1.000000 0.000000
    outer loop
      vertex 39.936709 18.644068 0.000000
      vertex 45.000000 18.644068 0.400000
      vertex 45.000000 18.644068 0.000000
    endloop
  endfacet
  facet normal 0.000000 1.000000 0.000000
    outer loop
      vertex 39.936709 18.644068 0.000000
      vertex 39.936709 18.644068 0.400000
      vertex 45.000000 18.644068 0.400000
    endloop
  endfacet
  facet normal -1.000000 0.000000 0.000000
    outer loop
      vertex 39.936709 18.135593 0.000000
      vertex 39.936709 18.135593 0.400000
      vertex 39.936709 18.644068 0.400000
    endloop
  endfacet
  facet normal -1.000000 0.000000 0.000000
    outer loop
      vertex 39.936709 18.135593 0.000000
      vertex 39.936709 18.644068 0.400000
      vertex 39.936709 18.644068 0.000000
    endloop
  endfacet
  facet normal 1.000000 0.000000 0.000000
    outer loop
      vertex 45.000000 18.135593 0.000000
      vertex 45.000000 18.644068 0.000000
      vertex 45.000000 18.644068 0.400000
    endloop
  endfacet
  facet normal 1.000000 0.000000 0.000000
    outer loop
      vertex 45.000000 18.135593 0.000000
      vertex 45.000000 18.644068 0.400000
      vertex 45.000000 18.135593 0.400000
    endloop
  endfacet
  facet normal 0.000000 0.000000 -1.000000
    outer loop
      vertex 5.000000 17.627119 0.000000
      vertex 7.531646 18.135593 0.000000
      vertex 7.531646 17.627119 0.000000
    endloop
  endfacet
  facet normal 0.000000 0.000000 -1.000000
    outer loop
      vertex 5.000000 17.627119 0.000000
      vertex 5.000000 18.135593 0.000000
      vertex 7.531646 18.135593 0.000000
    endloop
  endfacet
  facet normal 0.000000 0.000000 1.000000
    outer loop
      vertex 5.000000 17.627119 0.400000
      vertex 7.531646 17.627119 0.400000
      vertex 7.531646 18.135593 0.400000
    endloop
  endfacet
  facet normal 0.000000 0.000000 1.000000
    outer loop
      vertex 5.000000 17.627119 0.400000
      vertex 7.531646 18.135593 0.400000
      vertex 5.000000 18.135593 0.400000
    endloop
  endfacet
  facet normal 0.000000 -1.000000 0.000000
    outer loop
      vertex 5.000000 17.627119 0.000000
      vertex 7.531646 17.627119 0.000000
      vertex 7.531646 17.627119 0.400000
    endloop
  endfacet
  facet normal 0.000000 -1.000000 0.000000
    outer loop
      vertex 5.000000 17.627119 0.000000
      vertex 7.531646 17.627119 0.400000
      vertex 5.000000 17.627119 0.400000
    endloop
  endfacet
  facet normal 0.000000 1.000000 0.000000
    outer loop
      vertex 5.000000 18.135593 0.000000
      vertex 7.531646 18.135593 0.400000
      vertex 7.531646 18.135593 0.000000
    endloop
  endfacet
  facet normal 0.000000 1.000000 0.000000
    outer loop
      vertex 5.000000 18.135593 0.000000
      vertex 5.000000 18.135593 0.400000
      vertex 7.531646 18.135593 0.400000
    endloop
  endfacet
  facet normal -1.000000 0.000000 0.000000
    outer loop
      vertex 5.000000 17.627119 0.000000
      vertex 5.000000 17.627119 0.400000
      vertex 5.000000 18.135593 0.400000
    endloop
  endfacet
  facet normal -1.000000 0.000000 0.000000
    outer loop
      vertex 5.000000 17.627119 0.000000
      vertex 5.000000 18.135593 0.400000
      vertex 5.000000 18.135593 0.000000
    endloop
  endfacet
  facet normal 1.000000 0.000000 0.000000
    outer loop
      vertex 7.531646 17.627119 0.000000
      vertex 7.531646 18.135593 0.000000
      vertex 7.531646 18.135593 0.400000
    endloop
  endfacet
  facet normal 1.000000 0.000000 0.000000
    outer loop
      vertex 7.531646 17.627119 0.000000
      vertex 7.531646 18.135593 0.400000
      vertex 7.531646 17.627119 0.400000
    endloop
  endfacet
  facet normal 0.000000 0.000000 -1.000000
    outer loop
      vertex 10.063291 17.627119 0.000000
      vertex 16.139241 18.135593 0.000000
      vertex 16.139241 17.627119 0.000000
    endloop
  endfacet
  facet normal 0.000000 0.000000 -1.000000
    outer loop
      vertex 10.063291 17.627119 0.000000
      vertex 10.063291 18.135593 0.000000
      vertex 16.139241 18.135593 0.000000
    endloop
  endfacet
  facet normal 0.000000 0.000000 1.000000
    outer loop
      vertex 10.063291 17.627119 0.400000
      vertex 16.139241 17.627119 0.400000
      vertex 16.139241 18.135593 0.400000
    endloop
  endfacet
  facet normal 0.000000 0.000000 1.000000
    outer loop
      vertex 10.063291 17.627119 0.400000
      vertex 16.139241 18.135593 0.400000
      vertex 10.063291 18.135593 0.400000
    endloop
  endfacet
  facet normal 0.000000 -1.000000 0.000000
    outer loop
      vertex 10.063291 17.627119 0.000000
      vertex 16.139241 17.627119 0.000000
      vertex 16.139241 17.627119 0.400000
    endloop
  endfacet
  facet normal 0.000000 -1.000000 0.000000
    outer loop
      vertex 10.063291 17.627119 0.000000
      vertex 16.139241 17.627119 0.400000
      vertex 10.063291 17.627119 0.400000
    endloop
  endfacet
  facet normal 0.000000 1.000000 0.000000
    outer loop
      vertex 10.063291 18.135593 0.000000
      vertex 16.139241 18.135593 0.400000
      vertex 16.139241 18.135593 0.000000
    endloop
  endfacet
  facet normal 0.000000 1.000000 0.000000
    outer loop
      vertex 10.063291 18.135593 0.000000
      vertex 10.063291 18.135593 0.400000
      vertex 16.139241 18.135593 0.400000
    endloop
  endfacet
  facet normal -1.000000 0.000000 0.000000
    outer loop
      vertex 10.063291 17.627119 0.000000
      vertex 10.063291 17.627119 0.400000
      vertex 10.063291 18.135593 0.400000
    endloop
  endfacet
  facet normal -1.000000 0.000000 0.000000
    outer loop
      vertex 10.063291 17.627119 0.000000
      vertex 10.063291 18.135593 0.400000
      vertex 10.063291 18.135593 0.000000
    endloop
  endfacet
  facet normal 1.000000 0.000000 0.000000
    outer loop
      vertex 16.139241 17.627119 0.000000
      vertex 16.139241 18.135593 0.000000
      vertex 16.139241 18.135593 0.400000
    endloop
  endfacet
  facet normal 1.000000 0.000000 0.000000
    outer loop
      vertex 16.139241 17.627119 0.000000
      vertex 16.139241 18.135593 0.400000
      vertex 16.139241 17.627119 0.400000
    endloop
  endfacet
  facet normal 0.000000 0.000000 -1.000000
    outer loop
      vertex 18.670886 17.627119 0.000000
      vertex 21.708861 18.135593 0.000000
      vertex 21.708861 17.627119 0.000000
    endloop
  endfacet
  facet normal 0.000000 0.000000 -1.000000
    outer loop
      vertex 18.670886 17.627119 0.000000
      vertex 18.670886 18.135593 0.000000
      vertex 21.708861 18.135593 0.000000
    endloop
  endfacet
  facet normal 0.000000 0.000000 1.000000
    outer loop
      vertex 18.670886 17.627119 0.400000
      vertex 21.708861 17.627119 0.400000
      vertex 21.708861 18.135593 0.400000
    endloop
  endfacet
  facet normal 0.000000 0.000000 1.000000
    outer loop
      vertex 18.670886 17.627119 0.400000
      vertex 21.708861 18.135593 0.400000
      vertex 18.670886 18.135593 0.400000
    endloop
  endfacet
  facet normal 0.000000 -1.000000 0.000000
    outer loop
      vertex 18.670886 17.627119 0.000000
      vertex 21.708861 17.627119 0.000000
      vertex 21.708861 17.627119 0.400000
    endloop
  endfacet
  facet normal 0.000000 -1.000000 0.000000
    outer loop
      vertex 18.670886 17.627119 0.000000
      vertex 21.708861 17.627119 0.400000
      vertex 18.670886 17.627119 0.400000
    endloop
  endfacet
  facet normal 0.000000 1.000000 0.000000
    outer loop
      vertex 18.670886 18.135593 0.000000
      vertex 21.708861 18.135593 0.400000
      vertex 21.708861 18.135593 0.000000
    endloop
  endfacet
  facet normal 0.000000 1.000000 0.000000
    outer loop
      vertex 18.670886 18.135593 0.000000
      vertex 18.670886 18.135593 0.400000
      vertex 21.708861 18.135593 0.400000
    endloop
  endfacet
  facet normal -1.000000 0.000000 0.000000
    outer loop
      vertex 18.670886 17.627119 0.000000
      vertex 18.670886 17.627119 0.400000
      vertex 18.670886 18.135593 0.400000
    endloop
  endfacet
  facet normal -1.000000 0.000000 0.000000
    outer loop
      vertex 18.670886 17.627119 0.000000
      vertex 18.670886 18.135593 0.400000
      vertex 18.670886 18.135593 0.000000
    endloop
  endfacet
  facet normal 1.000000 0.000000 0.000000
    outer loop
      vertex 21.708861 17.627119 0.000000
      vertex 21.708861 18.135593 0.000000
      vertex 21.708861 18.135593 0.400000
    endloop
  endfacet
  facet normal 1.000000 0.000000 0.000000
    outer loop
      vertex 21.708861 17.627119 0.000000
      vertex 21.708861 18.135593 0.400000
      vertex 21.708861 17.627119 0.400000
    endloop
  endfacet
  facet normal 0.000000 0.000000 -1.000000
    outer loop
      vertex 24.240506 17.627119 0.000000
      vertex 25.759494 18.135593 0.000000
      vertex 25.759494 17.627119 0.000000
    endloop
  endfacet
  facet normal 0.000000 0.000000 -1.000000
    outer loop
      vertex 24.240506 17.627119 0.000000
      vertex 24.240506 18.135593 0.000000
      vertex 25.759494 18.135593 0.000000
    endloop
  endfacet
  facet normal 0.000000 0.000000 1.000000
    outer loop
      vertex 24.240506 17.627119 0.400000
      vertex 25.759494 17.627119 0.400000
      vertex 25.759494 18.135593 0.400000
    endloop
  endfacet
  facet normal 0.000000 0.000000 1.000000
    outer loop
      vertex 24.240506 17.627119 0.400000
      vertex 25.759494 18.135593 0.400000
      vertex 24.240506 18.135593 0.400000
    endloop
  endfacet
  facet normal 0.000000 -1.000000 0.000000
    outer loop
      vertex 24.240506 17.627119 0.000000
      vertex 25.759494 17.627119 0.000000
      vertex 25.759494 17.627119 0.400000
    endloop
  endfacet
  facet normal 0.000000 -1.000000 0.000000
    outer loop
      vertex 24.240506 17.627119 0.000000
      vertex 25.759494 17.627119 0.400000
      vertex 24.240506 17.627119 0.400000
    endloop
  endfacet
  facet normal 0.000000 1.000000 0.000000
    outer loop
      vertex 24.240506 18.135593 0.000000
      vertex 25.759494 18.135593 0.400000
      vertex 25.759494 18.135593 0.000000
    endloop
  endfacet
  facet normal 0.000000 1.000000 0.000000
    outer loop
      vertex 24.240506 18.135593 0.000000
      vertex 24.240506 18.135593 0.400000
      vertex 25.759494 18.135593 0.400000
    endloop
  endfacet
  facet normal -1.000000 0.000000 0.000000
    outer loop
      vertex 24.240506 17.627119 0.000000
      vertex 24.240506 17.627119 0.400000
      vertex 24.240506 18.135593 0.400000
    endloop
  endfacet
  facet normal -1.000000 0.000000 0.000000
    outer loop
      vertex 24.240506 17.627119 0.000000
      vertex 24.240506 18.135593 0.400000
      vertex 24.240506 18.135593 0.000000
    endloop
  endfacet
  facet normal 1.000000 0.000000 0.000000
    outer loop
      vertex 25.759494 17.627119 0.000000
      vertex 25.759494 18.135593 0.000000
      vertex 25.759494 18.135593 0.400000
    endloop
  endfacet
  facet normal 1.000000 0.000000 0.000000
    outer loop
      vertex 25.759494 17.627119 0.000000
      vertex 25.759494 18.135593 0.400000
      vertex 25.759494 17.627119 0.400000
    endloop
  endfacet
  facet normal 0.000000 0.000000 -1.000000
    outer loop
      vertex 28.291139 17.627119 0.000000
      vertex 31.329114 18.135593 0.000000
      vertex 31.329114 17.627119 0.000000
    endloop
  endfacet
  facet normal 0.000000 0.000000 -1.000000
    outer loop
      vertex 28.291139 17.627119 0.000000
      vertex 28.291139 18.135593 0.000000
      vertex 31.329114 18.135593 0.000000
    endloop
  endfacet
  facet normal 0.000000 0.000000 1.000000
    outer loop
      vertex 28.291139 17.627119 0.400000
      vertex 31.329114 17.627119 0.400000
      vertex 31.329114 18.135593 0.400000
    endloop
  endfacet
  facet normal 0.000000 0.000000 1.000000
    outer loop
      vertex 28.291139 17.627119 0.400000
      vertex 31.329114 18.135593 0.400000
      vertex 28.291139 18.135593 0.400000
    endloop
  endfacet
  facet normal 0.000000 -1.000000 0.000000
    outer loop
      vertex 28.291139 17.627119 0.000000
      vertex 31.329114 17.627119 0.000000
      vertex 31.329114 17.627119 0.400000
    endloop
  endfacet
  facet normal 0.000000 -1.000000 0.000000
    outer loop
      vertex 28.291139 17.627119 0.000000
      vertex 31.329114 17.627119 0.400000
      vertex 28.291139 17.627119 0.400000
    endloop
  endfacet
  facet normal 0.000000 1.000000 0.000000
    outer loop
      vertex 28.291139 18.135593 0.000000
      vertex 31.329114 18.135593 0.400000
      vertex 31.329114 18.135593 0.000000
    endloop
  endfacet
  facet normal 0.000000 1.000000 0.000000
    outer loop
      vertex 28.291139 18.135593 0.000000
      vertex 28.291139 18.135593 0.400000
      vertex 31.329114 18.135593 0.400000
    endloop
  endfacet
  facet normal -1.000000 0.000000 0.000000
    outer loop
      vertex 28.291139 17.627119 0.000000
      vertex 28.291139 17.627119 0.400000
      vertex 28.291139 18.135593 0.400000
    endloop
  endfacet
  facet normal -1.000000 0.000000 0.000000
    outer loop
      vertex 28.291139 17.627119 0.000000
      vertex 28.291139 18.135593 0.400000
      vertex 28.291139 18.135593 0.000000
    endloop
  endfacet
  facet normal 1.000000 0.000000 0.000000
    outer loop
      vertex 31.329114 17.627119 0.000000
      vertex 31.329114 18.135593 0.000000
      vertex 31.329114 18.135593 0.400000
    endloop
  endfacet
  facet normal 1.000000 0.000000 0.000000
    outer loop
      vertex 31.329114 17.627119 0.000000
      vertex 31.329114 18.135593 0.400000
      vertex 31.329114 17.627119 0.400000
    endloop
  endfacet
  facet normal 0.000000 0.000000 -1.000000
    outer loop
      vertex 33.860759 17.627119 0.000000
      vertex 37.911392 18.135593 0.000000
      vertex 37.911392 17.627119 0.000000
    endloop
  endfacet
  facet normal 0.000000 0.000000 -1.000000
    outer loop
      vertex 33.860759 17.627119 0.000000
      vertex 33.860759 18.135593 0.000000
      vertex 37.911392 18.135593 0.000000
    endloop
  endfacet
  facet normal 0.000000 0.000000 1.000000
    outer loop
      vertex 33.860759 17.627119 0.400000
      vertex 37.911392 17.627119 0.400000
      vertex 37.911392 18.135593 0.400000
    endloop
  endfacet
  facet normal 0.000000 0.000000 1.000000
    outer loop
      vertex 33.860759 17.627119 0.400000
      vertex 37.911392 18.135593 0.400000
      vertex 33.860759 18.135593 0.400000
    endloop
  endfacet
  facet normal 0.000000 -1.000000 0.000000
    outer loop
      vertex 33.860759 17.627119 0.000000
      vertex 37.911392 17.627119 0.000000
      vertex 37.911392 17.627119 0.400000
    endloop
  endfacet
  facet normal 0.000000 -1.000000 0.000000
    outer loop
      vertex 33.860759 17.627119 0.000000
      vertex 37.911392 17.627119 0.400000
      vertex 33.860759 17.627119 0.400000
    endloop
  endfacet
  facet normal 0.000000 1.000000 0.000000
    outer loop
      vertex 33.860759 18.135593 0.000000
      vertex 37.911392 18.135593 0.400000
      vertex 37.911392 18.135593 0.000000
    endloop
  endfacet
  facet normal 0.000000 1.000000 0.000000
    outer loop
      vertex 33.860759 18.135593 0.000000
      vertex 33.860759 18.135593 0.400000
      vertex 37.911392 18.135593 0.400000
    endloop
  endfacet
  facet normal -1.000000 0.000000 0.000000
    outer loop
      vertex 33.860759 17.627119 0.000000
      vertex 33.860759 17.627119 0.400000
      vertex 33.860759 18.135593 0.400000
    endloop
  endfacet
  facet normal -1.000000 0.000000 0.000000
    outer loop
      vertex 33.860759 17.627119 0.000000
      vertex 33.860759 18.135593 0.400000
      vertex 33.860759 18.135593 0.000000
    endloop
  endfacet
  facet normal 1.000000 0.000000 0.000000
    outer loop
      vertex 37.911392 17.627119 0.000000
      vertex 37.911392 18.135593 0.000000
      vertex 37.911392 18.135593 0.400000
    endloop
  endfacet
  facet normal 1.000000 0.000000 0.000000
    outer loop
      vertex 37.911392 17.627119 0.000000
      vertex 37.911392 18.135593 0.400000
      vertex 37.911392 17.627119 0.400000
    endloop
  endfacet
  facet normal 0.000000 0.000000 -1.000000
    outer loop
      vertex 39.936709 17.627119 0.000000
      vertex 45.000000 18.135593 0.000000
      vertex 45.000000 17.627119 0.000000
    endloop
  endfacet
  facet normal 0.000000 0.000000 -1.000000
    outer loop
      vertex 39.936709 17.627119 0.000000
      vertex 39.936709 18.135593 0.000000
      vertex 45.000000 18.135593 0.000000
    endloop
  endfacet
  facet normal 0.000000 0.000000 1.000000
    outer loop
      vertex 39.936709 17.627119 0.400000
      vertex 45.000000 17.627119 0.400000
      vertex 45.000000 18.135593 0.400000
    endloop
  endfacet
  facet normal 0.000000 0.000000 1.000000
    outer loop
      vertex 39.936709 17.627119 0.400000
      vertex 45.000000 18.135593 0.400000
      vertex 39.936709 18.135593 0.400000
    endloop
  endfacet
  facet normal 0.000000 -1.000000 0.000000
    outer loop
      vertex 39.936709 17.627119 0.000000
      vertex 45.000000 17.627119 0.000000
      vertex 45.000000 17.627119 0.400000
    endloop
  endfacet
  facet normal 0.000000 -1.000000 0.000000
    outer loop
      vertex 39.936709 17.627119 0.000000
      vertex 45.000000 17.627119 0.400000
      vertex 39.936709 17.627119 0.400000
    endloop
  endfacet
  facet normal 0.000000 1.000000 0.000000
    outer loop
      vertex 39.936709 18.135593 0.000000
      vertex 45.000000 18.135593 0.400000
      vertex 45.000000 18.135593 0.000000
    endloop
  endfacet
  facet normal 0.000000 1.000000 0.000000
    outer loop
      vertex 39.936709 18.135593 0.000000
      vertex 39.936709 18.135593 0.400000
      vertex 45.000000 18.135593 0.400000
    endloop
  endfacet
  facet normal -1.000000 0.000000 0.000000
    outer loop
      vertex 39.936709 17.627119 0.000000
      vertex 39.936709 17.627119 0.400000
      vertex 39.936709 18.135593 0.400000
    endloop
  endfacet
  facet normal -1.000000 0.000000 0.000000
    outer loop
      vertex 39.936709 17.627119 0.000000
      vertex 39.936709 18.135593 0.400000
      vertex 39.936709 18.135593 0.000000
    endloop
  endfacet
  facet normal 1.000000 0.000000 0.000000
    outer loop
      vertex 45.000000 17.627119 0.000000
      vertex 45.000000 18.135593 0.000000
      vertex 45.000000 18.135593 0.400000
    endloop
  endfacet
  facet normal 1.000000 0.000000 0.000000
    outer loop
      vertex 45.000000 17.627119 0.000000
      vertex 45.000000 18.135593 0.400000
      vertex 45.000000 17.627119 0.400000
    endloop
  endfacet
  facet normal 0.000000 0.000000 -1.000000
    outer loop
      vertex 5.000000 17.118644 0.000000
      vertex 7.531646 17.627119 0.000000
      vertex 7.531646 17.118644 0.000000
    endloop
  endfacet
  facet normal 0.000000 0.000000 -1.000000
    outer loop
      vertex 5.000000 17.118644 0.000000
      vertex 5.000000 17.627119 0.000000
      vertex 7.531646 17.627119 0.000000
    endloop
  endfacet
  facet normal 0.000000 0.000000 1.000000
    outer loop
      vertex 5.000000 17.118644 0.400000
      vertex 7.531646 17.118644 0.400000
      vertex 7.531646 17.627119 0.400000
    endloop
  endfacet
  facet normal 0.000000 0.000000 1.000000
    outer loop
      vertex 5.000000 17.118644 0.400000
      vertex 7.531646 17.627119 0.400000
      vertex 5.000000 17.627119 0.400000
    endloop
  endfacet
  facet normal 0.000000 -1.000000 0.000000
    outer loop
      vertex 5.000000 17.118644 0.000000
      vertex 7.531646 17.118644 0.000000
      vertex 7.531646 17.118644 0.400000
    endloop
  endfacet
  facet normal 0.000000 -1.000000 0.000000
    outer loop
      vertex 5.000000 17.118644 0.000000
      vertex 7.531646 17.118644 0.400000
      vertex 5.000000 17.118644 0.400000
    endloop
  endfacet
  facet normal 0.000000 1.000000 0.000000
    outer loop
      vertex 5.000000 17.627119 0.000000
      vertex 7.531646 17.627119 0.400000
      vertex 7.531646 17.627119 0.000000
    endloop
  endfacet
  facet normal 0.000000 1.000000 0.000000
    outer loop
      vertex 5.000000 17.627119 0.000000
      vertex 5.000000 17.627119 0.400000
      vertex 7.531646 17.627119 0.400000
    endloop
  endfacet
  facet normal -1.000000 0.000000 0.000000
    outer loop
      vertex 5.000000 17.118644 0.000000
      vertex 5.000000 17.118644 0.400000
      vertex 5.000000 17.627119 0.400000
    endloop
  endfacet
  facet normal -1.000000 0.000000 0.000000
    outer loop
      vertex 5.000000 17.118644 0.000000
      vertex 5.000000 17.627119 0.400000
      vertex 5.000000 17.627119 0.000000
    endloop
  endfacet
  facet normal 1.000000 0.000000 0.000000
    outer loop
      vertex 7.531646 17.118644 0.000000
      vertex 7.531646 17.627119 0.000000
      vertex 7.531646 17.627119 0.400000
    endloop
  endfacet
  facet normal 1.000000 0.000000 0.000000
    outer loop
      vertex 7.531646 17.118644 0.000000
      vertex 7.531646 17.627119 0.400000
      vertex 7.531646 17.118644 0.400000
    endloop
  endfacet
  facet normal 0.000000 0.000000 -1.000000
    outer loop
      vertex 13.607595 17.118644 0.000000
      vertex 16.139241 17.627119 0.000000
      vertex 16.139241 17.118644 0.000000
    endloop
  endfacet
  facet normal 0.000000 0.000000 -1.000000
    outer loop
      vertex 13.607595 17.118644 0.000000
      vertex 13.607595 17.627119 0.000000
      vertex 16.139241 17.627119 0.000000
    endloop
  endfacet
  facet normal 0.000000 0.000000 1.000000
    outer loop
      vertex 13.607595 17.118644 0.400000
      vertex 16.139241 17.118644 0.400000
      vertex 16.139241 17.627119 0.400000
    endloop
  endfacet
  facet normal 0.000000 0.000000 1.000000
    outer loop
      vertex 13.607595 17.118644 0.400000
      vertex 16.139241 17.627119 0.400000
      vertex 13.607595 17.627119 0.400000
    endloop
  endfacet
  facet normal 0.000000 -1.000000 0.000000
    outer loop
      vertex 13.607595 17.118644 0.000000
      vertex 16.139241 17.118644 0.000000
      vertex 16.139241 17.118644 0.400000
    endloop
  endfacet
  facet normal 0.000000 -1.000000 0.000000
    outer loop
      vertex 13.607595 17.118644 0.000000
      vertex 16.139241 17.118644 0.400000
      vertex 13.607595 17.118644 0.400000
    endloop
  endfacet
  facet normal 0.000000 1.000000 0.000000
    outer loop
      vertex 13.607595 17.627119 0.000000
      vertex 16.139241 17.627119 0.400000
      vertex 16.139241 17.627119 0.000000
    endloop
  endfacet
  facet normal 0.000000 1.000000 0.000000
    outer loop
      vertex 13.607595 17.627119 0.000000
      vertex 13.607595 17.627119 0.400000
      vertex 16.139241 17.627119 0.400000
    endloop
  endfacet
  facet normal -1.000000 0.000000 0.000000
    outer loop
      vertex 13.607595 17.118644 0.000000
      vertex 13.607595 17.118644 0.400000
      vertex 13.607595 17.627119 0.400000
    endloop
  endfacet
  facet normal -1.000000 0.000000 0.000000
    outer loop
      vertex 13.607595 17.118644 0.000000
      vertex 13.607595 17.627119 0.400000
      vertex 13.607595 17.627119 0.000000
    endloop
  endfacet
  facet normal 1.000000 0.000000 0.000000
    outer loop
      vertex 16.139241 17.118644 0.000000
      vertex 16.139241 17.627119 0.000000
      vertex 16.139241 17.627119 0.400000
    endloop
  endfacet
  facet normal 1.000000 0.000000 0.000000
    outer loop
      vertex 16.139241 17.118644 0.000000
      vertex 16.139241 17.627119 0.400000
      vertex 16.139241 17.118644 0.400000
    endloop
  endfacet
  facet normal 0.000000 0.000000 -1.000000
    outer loop
      vertex 18.670886 17.118644 0.000000
      vertex 21.708861 17.627119 0.000000
      vertex 21.708861 17.118644 0.000000
    endloop
  endfacet
  facet normal 0.000000 0.000000 -1.000000
    outer loop
      vertex 18.670886 17.118644 0.000000
      vertex 18.670886 17.627119 0.000000
      vertex 21.708861 17.627119 0.000000
    endloop
  endfacet
  facet normal 0.000000 0.000000 1.000000
    outer loop
      vertex 18.670886 17.118644 0.400000
      vertex 21.708861 17.118644 0.400000
      vertex 21.708861 17.627119 0.400000
    endloop
  endfacet
  facet normal 0.000000 0.000000 1.000000
    outer loop
      vertex 18.670886 17.118644 0.400000
      vertex 21.708861 17.627119 0.400000
      vertex 18.670886 17.627119 0.400000
    endloop
  endfacet
  facet normal 0.000000 -1.000000 0.000000
    outer loop
      vertex 18.670886 17.118644 0.000000
      vertex 21.708861 17.118644 0.000000
      vertex 21.708861 17.118644 0.400000
    endloop
  endfacet
  facet normal 0.000000 -1.000000 0.000000
    outer loop
      vertex 18.670886 17.118644 0.000000
      vertex 21.708861 17.118644 0.400000
      vertex 18.670886 17.118644 0.400000
    endloop
  endfacet
  facet normal 0.000000 1.000000 0.000000
    outer loop
      vertex 18.670886 17.627119 0.000000
      vertex 21.708861 17.627119 0.400000
      vertex 21.708861 17.627119 0.000000
    endloop
  endfacet
  facet normal 0.000000 1.000000 0.000000
    outer loop
      vertex 18.670886 17.627119 0.000000
      vertex 18.670886 17.627119 0.400000
      vertex 21.708861 17.627119 0.400000
    endloop
  endfacet
  facet normal -1.000000 0.000000 0.000000
    outer loop
      vertex 18.670886 17.118644 0.000000
      vertex 18.670886 17.118644 0.400000
      vertex 18.670886 17.627119 0.400000
    endloop
  endfacet
  facet normal -1.000000 0.000000 0.000000
    outer loop
      vertex 18.670886 17.118644 0.000000
      vertex 18.670886 17.627119 0.400000
      vertex 18.670886 17.627119 0.000000
    endloop
  endfacet
  facet normal 1.000000 0.000000 0.000000
    outer loop
      vertex 21.708861 17.118644 0.000000
      vertex 21.708861 17.627119 0.000000
      vertex 21.708861 17.627119 0.400000
    endloop
  endfacet
  facet normal 1.000000 0.000000 0.000000
    outer loop
      vertex 21.708861 17.118644 0.000000
      vertex 21.708861 17.627119 0.400000
      vertex 21.708861 17.118644 0.400000
    endloop
  endfacet
  facet normal 0.000000 0.000000 -1.000000
    outer loop
      vertex 24.240506 17.118644 0.000000
      vertex 25.759494 17.627119 0.000000
      vertex 25.759494 17.118644 0.000000
    endloop
  endfacet
  facet normal 0.000000 0.000000 -1.000000
    outer loop
      vertex 24.240506 17.118644 0.000000
      vertex 24.240506 17.627119 0.000000
      vertex 25.759494 17.627119 0.000000
    endloop
  endfacet
  facet normal 0.000000 0.000000 1.000000
    outer loop
      vertex 24.240506 17.118644 0.400000
      vertex 25.759494 17.118644 0.400000
      vertex 25.759494 17.627119 0.400000
    endloop
  endfacet
  facet normal 0.000000 0.000000 1.000000
    outer loop
      vertex 24.240506 17.118644 0.400000
      vertex 25.759494 17.627119 0.400000
      vertex 24.240506 17.627119 0.400000
    endloop
  endfacet
  facet normal 0.000000 -1.000000 0.000000
    outer loop
      vertex 24.240506 17.118644 0.000000
      vertex 25.759494 17.118644 0.000000
      vertex 25.759494 17.118644 0.400000
    endloop
  endfacet
  facet normal 0.000000 -1.000000 0.000000
    outer loop
      vertex 24.240506 17.118644 0.000000
      vertex 25.759494 17.118644 0.400000
      vertex 24.240506 17.118644 0.400000
    endloop
  endfacet
  facet normal 0.000000 1.000000 0.000000
    outer loop
      vertex 24.240506 17.627119 0.000000
      vertex 25.759494 17.627119 0.400000
      vertex 25.759494 17.627119 0.000000
    endloop
  endfacet
  facet normal 0.000000 1.000000 0.000000
    outer loop
      vertex 24.240506 17.627119 0.000000
      vertex 24.240506 17.627119 0.400000
      vertex 25.759494 17.627119 0.400000
    endloop
  endfacet
  facet normal -1.000000 0.000000 0.000000
    outer loop
      vertex 24.240506 17.118644 0.000000
      vertex 24.240506 17.118644 0.400000
      vertex 24.240506 17.627119 0.400000
    endloop
  endfacet
  facet normal -1.000000 0.000000 0.000000
    outer loop
      vertex 24.240506 17.118644 0.000000
      vertex 24.240506 17.627119 0.400000
      vertex 24.240506 17.627119 0.000000
    endloop
  endfacet
  facet normal 1.000000 0.000000 0.000000
    outer loop
      vertex 25.759494 17.118644 0.000000
      vertex 25.759494 17.627119 0.000000
      vertex 25.759494 17.627119 0.400000
    endloop
  endfacet
  facet normal 1.000000 0.000000 0.000000
    outer loop
      vertex 25.759494 17.118644 0.000000
      vertex 25.759494 17.627119 0.400000
      vertex 25.759494 17.118644 0.400000
    endloop
  endfacet
  facet normal 0.000000 0.000000 -1.000000
    outer loop
      vertex 28.291139 17.118644 0.000000
      vertex 31.329114 17.627119 0.000000
      vertex 31.329114 17.118644 0.000000
    endloop
  endfacet
  facet normal 0.000000 0.000000 -1.000000
    outer loop
      vertex 28.291139 17.118644 0.000000
      vertex 28.291139 17.627119 0.000000
      vertex 31.329114 17.627119 0.000000
    endloop
  endfacet
  facet normal 0.000000 0.000000 1.000000
    outer loop
      vertex 28.291139 17.118644 0.400000
      vertex 31.329114 17.118644 0.400000
      vertex 31.329114 17.627119 0.400000
    endloop
  endfacet
  facet normal 0.000000 0.000000 1.000000
    outer loop
      vertex 28.291139 17.118644 0.400000
      vertex 31.329114 17.627119 0.400000
      vertex 28.291139 17.627119 0.400000
    endloop
  endfacet
  facet normal 0.000000 -1.000000 0.000000
    outer loop
      vertex 28.291139 17.118644 0.000000
      vertex 31.329114 17.118644 0.000000
      vertex 31.329114 17.118644 0.400000
    endloop
  endfacet
  facet normal 0.000000 -1.000000 0.000000
    outer loop
      vertex 28.291139 17.118644 0.000000
      vertex 31.329114 17.118644 0.400000
      vertex 28.291139 17.118644 0.400000
    endloop
  endfacet
  facet normal 0.000000 1.000000 0.000000
    outer loop
      vertex 28.291139 17.627119 0.000000
      vertex 31.329114 17.627119 0.400000
      vertex 31.329114 17.627119 0.000000
    endloop
  endfacet
  facet normal 0.000000 1.000000 0.000000
    outer loop
      vertex 28.291139 17.627119 0.000000
      vertex 28.291139 17.627119 0.400000
      vertex 31.329114 17.627119 0.400000
    endloop
  endfacet
  facet normal -1.000000 0.000000 0.000000
    outer loop
      vertex 28.291139 17.118644 0.000000
      vertex 28.291139 17.118644 0.400000
      vertex 28.291139 17.627119 0.400000
    endloop
  endfacet
  facet normal -1.000000 0.000000 0.000000
    outer loop
      vertex 28.291139 17.118644 0.000000
      vertex 28.291139 17.627119 0.400000
      vertex 28.291139 17.627119 0.000000
    endloop
  endfacet
  facet normal 1.000000 0.000000 0.000000
    outer loop
      vertex 31.329114 17.118644 0.000000
      vertex 31.329114 17.627119 0.000000
      vertex 31.329114 17.627119 0.400000
    endloop
  endfacet
  facet normal 1.000000 0.000000 0.000000
    outer loop
      vertex 31.329114 17.118644 0.000000
      vertex 31.329114 17.627119 0.400000
      vertex 31.329114 17.118644 0.400000
    endloop
  endfacet
  facet normal 0.000000 0.000000 -1.000000
    outer loop
      vertex 33.860759 17.118644 0.000000
      vertex 37.911392 17.627119 0.000000
      vertex 37.911392 17.118644 0.000000
    endloop
  endfacet
  facet normal 0.000000 0.000000 -1.000000
    outer loop
      vertex 33.860759 17.118644 0.000000
      vertex 33.860759 17.627119 0.000000
      vertex 37.911392 17.627119 0.000000
    endloop
  endfacet
  facet normal 0.000000 0.000000 1.000000
    outer loop
      vertex 33.860759 17.118644 0.400000
      vertex 37.911392 17.118644 0.400000
      vertex 37.911392 17.627119 0.400000
    endloop
  endfacet
  facet normal 0.000000 0.000000 1.000000
    outer loop
      vertex 33.860759 17.118644 0.400000
      vertex 37.911392 17.627119 0.400000
      vertex 33.860759 17.627119 0.400000
    endloop
  endfacet
  facet normal 0.000000 -1.000000 0.000000
    outer loop
      vertex 33.860759 17.118644 0.000000
      vertex 37.911392 17.118644 0.000000
      vertex 37.911392 17.118644 0.400000
    endloop
  endfacet
  facet normal 0.000000 -1.000000 0.000000
    outer loop
      vertex 33.860759 17.118644 0.000000
      vertex 37.911392 17.118644 0.400000
      vertex 33.860759 17.118644 0.400000
    endloop
  endfacet
  facet normal 0.000000 1.000000 0.000000
    outer loop
      vertex 33.860759 17.627119 0.000000
      vertex 37.911392 17.627119 0.400000
      vertex 37.911392 17.627119 0.000000
    endloop
  endfacet
  facet normal 0.000000 1.000000 0.000000
    outer loop
      vertex 33.860759 17.627119 0.000000
      vertex 33.860759 17.627119 0.400000
      vertex 37.911392 17.627119 0.400000
    endloop
  endfacet
  facet normal -1.000000 0.000000 0.000000
    outer loop
      vertex 33.860759 17.118644 0.000000
      vertex 33.860759 17.118644 0.400000
      vertex 33.860759 17.627119 0.400000
    endloop
  endfacet
  facet normal -1.000000 0.000000 0.000000
    outer loop
      vertex 33.860759 17.118644 0.000000
      vertex 33.860759 17.627119 0.400000
      vertex 33.860759 17.627119 0.000000
    endloop
  endfacet
  facet normal 1.000000 0.000000 0.000000
    outer loop
      vertex 37.911392 17.118644 0.000000
      vertex 37.911392 17.627119 0.000000
      vertex 37.911392 17.627119 0.400000
    endloop
  endfacet
  facet normal 1.000000 0.000000 0.000000
    outer loop
      vertex 37.911392 17.118644 0.000000
      vertex 37.911392 17.627119 0.400000
      vertex 37.911392 17.118644 0.400000
    endloop
  endfacet
  facet normal 0.000000 0.000000 -1.000000
    outer loop
      vertex 39.936709 17.118644 0.000000
      vertex 45.000000 17.627119 0.000000
      vertex 45.000000 17.118644 0.000000
    endloop
  endfacet
  facet normal 0.000000 0.000000 -1.000000
    outer loop
      vertex 39.936709 17.118644 0.000000
      vertex 39.936709 17.627119 0.000000
      vertex 45.000000 17.627119 0.000000
    endloop
  endfacet
  facet normal 0.000000 0.000000 1.000000
    outer loop
      vertex 39.936709 17.118644 0.400000
      vertex 45.000000 17.118644 0.400000
      vertex 45.000000 17.627119 0.400000
    endloop
  endfacet
  facet normal 0.000000 0.000000 1.000000
    outer loop
      vertex 39.936709 17.118644 0.400000
      vertex 45.000000 17.627119 0.400000
      vertex 39.936709 17.627119 0.400000
    endloop
  endfacet
  facet normal 0.000000 -1.000000 0.000000
    outer loop
      vertex 39.936709 17.118644 0.000000
      vertex 45.000000 17.118644 0.000000
      vertex 45.000000 17.118644 0.400000
    endloop
  endfacet
  facet normal 0.000000 -1.000000 0.000000
    outer loop
      vertex 39.936709 17.118644 0.000000
      vertex 45.000000 17.118644 0.400000
      vertex 39.936709 17.118644 0.400000
    endloop
  endfacet
  facet normal 0.000000 1.000000 0.000000
    outer loop
      vertex 39.936709 17.627119 0.000000
      vertex 45.000000 17.627119 0.400000
      vertex 45.000000 17.627119 0.000000
    endloop
  endfacet
  facet normal 0.000000 1.000000 0.000000
    outer loop
      vertex 39.936709 17.627119 0.000000
      vertex 39.936709 17.627119 0.400000
      vertex 45.000000 17.627119 0.400000
    endloop
  endfacet
  facet normal -1.000000 0.000000 0.000000
    outer loop
      vertex 39.936709 17.118644 0.000000
      vertex 39.936709 17.118644 0.400000
      vertex 39.936709 17.627119 0.400000
    endloop
  endfacet
  facet normal -1.000000 0.000000 0.000000
    outer loop
      vertex 39.936709 17.118644 0.000000
      vertex 39.936709 17.627119 0.400000
      vertex 39.936709 17.627119 0.000000
    endloop
  endfacet
  facet normal 1.000000 0.000000 0.000000
    outer loop
      vertex 45.000000 17.118644 0.000000
      vertex 45.000000 17.627119 0.000000
      vertex 45.000000 17.627119 0.400000
    endloop
  endfacet
  facet normal 1.000000 0.000000 0.000000
    outer loop
      vertex 45.000000 17.118644 0.000000
      vertex 45.000000 17.627119 0.400000
      vertex 45.000000 17.118644 0.400000
    endloop
  endfacet
  facet normal 0.000000 0.000000 -1.000000
    outer loop
      vertex 5.000000 16.610169 0.000000
      vertex 7.531646 17.118644 0.000000
      vertex 7.531646 16.610169 0.000000
    endloop
  endfacet
  facet normal 0.000000 0.000000 -1.000000
    outer loop
      vertex 5.000000 16.610169 0.000000
      vertex 5.000000 17.118644 0.000000
      vertex 7.531646 17.118644 0.000000
    endloop
  endfacet
  facet normal 0.000000 0.000000 1.000000
    outer loop
      vertex 5.000000 16.610169 0.400000
      vertex 7.531646 16.610169 0.400000
      vertex 7.531646 17.118644 0.400000
    endloop
  endfacet
  facet normal 0.000000 0.000000 1.000000
    outer loop
      vertex 5.000000 16.610169 0.400000
      vertex 7.531646 17.118644 0.400000
      vertex 5.000000 17.118644 0.400000
    endloop
  endfacet
  facet normal 0.000000 -1.000000 0.000000
    outer loop
      vertex 5.000000 16.610169 0.000000
      vertex 7.531646 16.610169 0.000000
      vertex 7.531646 16.610169 0.400000
    endloop
  endfacet
  facet normal 0.000000 -1.000000 0.000000
    outer loop
      vertex 5.000000 16.610169 0.000000
      vertex 7.531646 16.610169 0.400000
      vertex 5.000000 16.610169 0.400000
    endloop
  endfacet
  facet normal 0.000000 1.000000 0.000000
    outer loop
      vertex 5.000000 17.118644 0.000000
      vertex 7.531646 17.118644 0.400000
      vertex 7.531646 17.118644 0.000000
    endloop
  endfacet
  facet normal 0.000000 1.000000 0.000000
    outer loop
      vertex 5.000000 17.118644 0.000000
      vertex 5.000000 17.118644 0.400000
      vertex 7.531646 17.118644 0.400000
    endloop
  endfacet
  facet normal -1.000000 0.000000 0.000000
    outer loop
      vertex 5.000000 16.610169 0.000000
      vertex 5.000000 16.610169 0.400000
      vertex 5.000000 17.118644 0.400000
    endloop
  endfacet
  facet normal -1.000000 0.000000 0.000000
    outer loop
      vertex 5.000000 16.610169 0.000000
      vertex 5.000000 17.118644 0.400000
      vertex 5.000000 17.118644 0.000000
    endloop
  endfacet
  facet normal 1.000000 0.000000 0.000000
    outer loop
      vertex 7.531646 16.610169 0.000000
      vertex 7.531646 17.118644 0.000000
      vertex 7.531646 17.118644 0.400000
    endloop
  endfacet
  facet normal 1.000000 0.000000 0.000000
    outer loop
      vertex 7.531646 16.610169 0.000000
      vertex 7.531646 17.118644 0.400000
      vertex 7.531646 16.610169 0.400000
    endloop
  endfacet
  facet normal 0.000000 0.000000 -1.000000
    outer loop
      vertex 14.620253 16.610169 0.000000
      vertex 16.139241 17.118644 0.000000
      vertex 16.139241 16.610169 0.000000
    endloop
  endfacet
  facet normal 0.000000 0.000000 -1.000000
    outer loop
      vertex 14.620253 16.610169 0.000000
      vertex 14.620253 17.118644 0.000000
      vertex 16.139241 17.118644 0.000000
    endloop
  endfacet
  facet normal 0.000000 0.000000 1.000000
    outer loop
      vertex 14.620253 16.610169 0.400000
      vertex 16.139241 16.610169 0.400000
      vertex 16.139241 17.118644 0.400000
    endloop
  endfacet
  facet normal 0.000000 0.000000 1.000000
    outer loop
      vertex 14.620253 16.610169 0.400000
      vertex 16.139241 17.118644 0.400000
      vertex 14.620253 17.118644 0.400000
    endloop
  endfacet
  facet normal 0.000000 -1.000000 0.000000
    outer loop
      vertex 14.620253 16.610169 0.000000
      vertex 16.139241 16.610169 0.000000
      vertex 16.139241 16.610169 0.400000
    endloop
  endfacet
  facet normal 0.000000 -1.000000 0.000000
    outer loop
      vertex 14.620253 16.610169 0.000000
      vertex 16.139241 16.610169 0.400000
      vertex 14.620253 16.610169 0.400000
    endloop
  endfacet
  facet normal 0.000000 1.000000 0.000000
    outer loop
      vertex 14.620253 17.118644 0.000000
      vertex 16.139241 17.118644 0.400000
      vertex 16.139241 17.118644 0.000000
    endloop
  endfacet
  facet normal 0.000000 1.000000 0.000000
    outer loop
      vertex 14.620253 17.118644 0.000000
      vertex 14.620253 17.118644 0.400000
      vertex 16.139241 17.118644 0.400000
    endloop
  endfacet
  facet normal -1.000000 0.000000 0.000000
    outer loop
      vertex 14.620253 16.610169 0.000000
      vertex 14.620253 16.610169 0.400000
      vertex 14.620253 17.118644 0.400000
    endloop
  endfacet
  facet normal -1.000000 0.000000 0.000000
    outer loop
      vertex 14.620253 16.610169 0.000000
      vertex 14.620253 17.118644 0.400000
      vertex 14.620253 17.118644 0.000000
    endloop
  endfacet
  facet normal 1.000000 0.000000 0.000000
    outer loop
      vertex 16.139241 16.610169 0.000000
      vertex 16.139241 17.118644 0.000000
      vertex 16.139241 17.118644 0.400000
    endloop
  endfacet
  facet normal 1.000000 0.000000 0.000000
    outer loop
      vertex 16.139241 16.610169 0.000000
      vertex 16.139241 17.118644 0.400000
      vertex 16.139241 16.610169 0.400000
    endloop
  endfacet
  facet normal 0.000000 0.000000 -1.000000
    outer loop
      vertex 18.670886 16.610169 0.000000
      vertex 21.708861 17.118644 0.000000
      vertex 21.708861 16.610169 0.000000
    endloop
  endfacet
  facet normal 0.000000 0.000000 -1.000000
    outer loop
      vertex 18.670886 16.610169 0.000000
      vertex 18.670886 17.118644 0.000000
      vertex 21.708861 17.118644 0.000000
    endloop
  endfacet
  facet normal 0.000000 0.000000 1.000000
    outer loop
      vertex 18.670886 16.610169 0.400000
      vertex 21.708861 16.610169 0.400000
      vertex 21.708861 17.118644 0.400000
    endloop
  endfacet
  facet normal 0.000000 0.000000 1.000000
    outer loop
      vertex 18.670886 16.610169 0.400000
      vertex 21.708861 17.118644 0.400000
      vertex 18.670886 17.118644 0.400000
    endloop
  endfacet
  facet normal 0.000000 -1.000000 0.000000
    outer loop
      vertex 18.670886 16.610169 0.000000
      vertex 21.708861 16.610169 0.000000
      vertex 21.708861 16.610169 0.400000
    endloop
  endfacet
  facet normal 0.000000 -1.000000 0.000000
    outer loop
      vertex 18.670886 16.610169 0.000000
      vertex 21.708861 16.610169 0.400000
      vertex 18.670886 16.610169 0.400000
    endloop
  endfacet
  facet normal 0.000000 1.000000 0.000000
    outer loop
      vertex 18.670886 17.118644 0.000000
      vertex 21.708861 17.118644 0.400000
      vertex 21.708861 17.118644 0.000000
    endloop
  endfacet
  facet normal 0.000000 1.000000 0.000000
    outer loop
      vertex 18.670886 17.118644 0.000000
      vertex 18.670886 17.118644 0.400000
      vertex 21.708861 17.118644 0.400000
    endloop
  endfacet
  facet normal -1.000000 0.000000 0.000000
    outer loop
      vertex 18.670886 16.610169 0.000000
      vertex 18.670886 16.610169 0.400000
      vertex 18.670886 17.118644 0.400000
    endloop
  endfacet
  facet normal -1.000000 0.000000 0.000000
    outer loop
      vertex 18.670886 16.610169 0.000000
      vertex 18.670886 17.118644 0.400000
      vertex 18.670886 17.118644 0.000000
    endloop
  endfacet
  facet normal 1.000000 0.000000 0.000000
    outer loop
      vertex 21.708861 16.610169 0.000000
      vertex 21.708861 17.118644 0.000000
      vertex 21.708861 17.118644 0.400000
    endloop
  endfacet
  facet normal 1.000000 0.000000 0.000000
    outer loop
      vertex 21.708861 16.610169 0.000000
      vertex 21.708861 17.118644 0.400000
      vertex 21.708861 16.610169 0.400000
    endloop
  endfacet
  facet normal 0.000000 0.000000 -1.000000
    outer loop
      vertex 24.240506 16.610169 0.000000
      vertex 25.759494 17.118644 0.000000
      vertex 25.759494 16.610169 0.000000
    endloop
  endfacet
  facet normal 0.000000 0.000000 -1.000000
    outer loop
      vertex 24.240506 16.610169 0.000000
      vertex 24.240506 17.118644 0.000000
      vertex 25.759494 17.118644 0.000000
    endloop
  endfacet
  facet normal 0.000000 0.000000 1.000000
    outer loop
      vertex 24.240506 16.610169 0.400000
      vertex 25.759494 16.610169 0.400000
      vertex 25.759494 17.118644 0.400000
    endloop
  endfacet
  facet normal 0.000000 0.000000 1.000000
    outer loop
      vertex 24.240506 16.610169 0.400000
      vertex 25.759494 17.118644 0.400000
      vertex 24.240506 17.118644 0.400000
    endloop
  endfacet
  facet normal 0.000000 -1.000000 0.000000
    outer loop
      vertex 24.240506 16.610169 0.000000
      vertex 25.759494 16.610169 0.000000
      vertex 25.759494 16.610169 0.400000
    endloop
  endfacet
  facet normal 0.000000 -1.000000 0.000000
    outer loop
      vertex 24.240506 16.610169 0.000000
      vertex 25.759494 16.610169 0.400000
      vertex 24.240506 16.610169 0.400000
    endloop
  endfacet
  facet normal 0.000000 1.000000 0.000000
    outer loop
      vertex 24.240506 17.118644 0.000000
      vertex 25.759494 17.118644 0.400000
      vertex 25.759494 17.118644 0.000000
    endloop
  endfacet
  facet normal 0.000000 1.000000 0.000000
    outer loop
      vertex 24.240506 17.118644 0.000000
      vertex 24.240506 17.118644 0.400000
      vertex 25.759494 17.118644 0.400000
    endloop
  endfacet
  facet normal -1.000000 0.000000 0.000000
    outer loop
      vertex 24.240506 16.610169 0.000000
      vertex 24.240506 16.610169 0.400000
      vertex 24.240506 17.118644 0.400000
    endloop
  endfacet
  facet normal -1.000000 0.000000 0.000000
    outer loop
      vertex 24.240506 16.610169 0.000000
      vertex 24.240506 17.118644 0.400000
      vertex 24.240506 17.118644 0.000000
    endloop
  endfacet
  facet normal 1.000000 0.000000 0.000000
    outer loop
      vertex 25.759494 16.610169 0.000000
      vertex 25.759494 17.118644 0.000000
      vertex 25.759494 17.118644 0.400000
    endloop
  endfacet
  facet normal 1.000000 0.000000 0.000000
    outer loop
      vertex 25.759494 16.610169 0.000000
      vertex 25.759494 17.118644 0.400000
      vertex 25.759494 16.610169 0.400000
    endloop
  endfacet
  facet normal 0.000000 0.000000 -1.000000
    outer loop
      vertex 28.291139 16.610169 0.000000
      vertex 31.329114 17.118644 0.000000
      vertex 31.329114 16.610169 0.000000
    endloop
  endfacet
  facet normal 0.000000 0.000000 -1.000000
    outer loop
      vertex 28.291139 16.610169 0.000000
      vertex 28.291139 17.118644 0.000000
      vertex 31.329114 17.118644 0.000000
    endloop
  endfacet
  facet normal 0.000000 0.000000 1.000000
    outer loop
      vertex 28.291139 16.610169 0.400000
      vertex 31.329114 16.610169 0.400000
      vertex 31.329114 17.118644 0.400000
    endloop
  endfacet
  facet normal 0.000000 0.000000 1.000000
    outer loop
      vertex 28.291139 16.610169 0.400000
      vertex 31.329114 17.118644 0.400000
      vertex 28.291139 17.118644 0.400000
    endloop
  endfacet
  facet normal 0.000000 -1.000000 0.000000
    outer loop
      vertex 28.291139 16.610169 0.000000
      vertex 31.329114 16.610169 0.000000
      vertex 31.329114 16.610169 0.400000
    endloop
  endfacet
  facet normal 0.000000 -1.000000 0.000000
    outer loop
      vertex 28.291139 16.610169 0.000000
      vertex 31.329114 16.610169 0.400000
      vertex 28.291139 16.610169 0.400000
    endloop
  endfacet
  facet normal 0.000000 1.000000 0.000000
    outer loop
      vertex 28.291139 17.118644 0.000000
      vertex 31.329114 17.118644 0.400000
      vertex 31.329114 17.118644 0.000000
    endloop
  endfacet
  facet normal 0.000000 1.000000 0.000000
    outer loop
      vertex 28.291139 17.118644 0.000000
      vertex 28.291139 17.118644 0.400000
      vertex 31.329114 17.118644 0.400000
    endloop
  endfacet
  facet normal -1.000000 0.000000 0.000000
    outer loop
      vertex 28.291139 16.610169 0.000000
      vertex 28.291139 16.610169 0.400000
      vertex 28.291139 17.118644 0.400000
    endloop
  endfacet
  facet normal -1.000000 0.000000 0.000000
    outer loop
      vertex 28.291139 16.610169 0.000000
      vertex 28.291139 17.118644 0.400000
      vertex 28.291139 17.118644 0.000000
    endloop
  endfacet
  facet normal 1.000000 0.000000 0.000000
    outer loop
      vertex 31.329114 16.610169 0.000000
      vertex 31.329114 17.118644 0.000000
      vertex 31.329114 17.118644 0.400000
    endloop
  endfacet
  facet normal 1.000000 0.000000 0.000000
    outer loop
      vertex 31.329114 16.610169 0.000000
      vertex 31.329114 17.118644 0.400000
      vertex 31.329114 16.610169 0.400000
    endloop
  endfacet
  facet normal 0.000000 0.000000 -1.000000
    outer loop
      vertex 33.860759 16.610169 0.000000
      vertex 37.911392 17.118644 0.000000
      vertex 37.911392 16.610169 0.000000
    endloop
  endfacet
  facet normal 0.000000 0.000000 -1.000000
    outer loop
      vertex 33.860759 16.610169 0.000000
      vertex 33.860759 17.118644 0.000000
      vertex 37.911392 17.118644 0.000000
    endloop
  endfacet
  facet normal 0.000000 0.000000 1.000000
    outer loop
      vertex 33.860759 16.610169 0.400000
      vertex 37.911392 16.610169 0.400000
      vertex 37.911392 17.118644 0.400000
    endloop
  endfacet
  facet normal 0.000000 0.000000 1.000000
    outer loop
      vertex 33.860759 16.610169 0.400000
      vertex 37.911392 17.118644 0.400000
      vertex 33.860759 17.118644 0.400000
    endloop
  endfacet
  facet normal 0.000000 -1.000000 0.000000
    outer loop
      vertex 33.860759 16.610169 0.000000
      vertex 37.911392 16.610169 0.000000
      vertex 37.911392 16.610169 0.400000
    endloop
  endfacet
  facet normal 0.000000 -1.000000 0.000000
    outer loop
      vertex 33.860759 16.610169 0.000000
      vertex 37.911392 16.610169 0.400000
      vertex 33.860759 16.610169 0.400000
    endloop
  endfacet
  facet normal 0.000000 1.000000 0.000000
    outer loop
      vertex 33.860759 17.118644 0.000000
      vertex 37.911392 17.118644 0.400000
      vertex 37.911392 17.118644 0.000000
    endloop
  endfacet
  facet normal 0.000000 1.000000 0.000000
    outer loop
      vertex 33.860759 17.118644 0.000000
      vertex 33.860759 17.118644 0.400000
      vertex 37.911392 17.118644 0.400000
    endloop
  endfacet
  facet normal -1.000000 0.000000 0.000000
    outer loop
      vertex 33.860759 16.610169 0.000000
      vertex 33.860759 16.610169 0.400000
      vertex 33.860759 17.118644 0.400000
    endloop
  endfacet
  facet normal -1.000000 0.000000 0.000000
    outer loop
      vertex 33.860759 16.610169 0.000000
      vertex 33.860759 17.118644 0.400000
      vertex 33.860759 17.118644 0.000000
    endloop
  endfacet
  facet normal 1.000000 0.000000 0.000000
    outer loop
      vertex 37.911392 16.610169 0.000000
      vertex 37.911392 17.118644 0.000000
      vertex 37.911392 17.118644 0.400000
    endloop
  endfacet
  facet normal 1.000000 0.000000 0.000000
    outer loop
      vertex 37.911392 16.610169 0.000000
      vertex 37.911392 17.118644 0.400000
      vertex 37.911392 16.610169 0.400000
    endloop
  endfacet
  facet normal 0.000000 0.000000 -1.000000
    outer loop
      vertex 39.936709 16.610169 0.000000
      vertex 45.000000 17.118644 0.000000
      vertex 45.000000 16.610169 0.000000
    endloop
  endfacet
  facet normal 0.000000 0.000000 -1.000000
    outer loop
      vertex 39.936709 16.610169 0.000000
      vertex 39.936709 17.118644 0.000000
      vertex 45.000000 17.118644 0.000000
    endloop
  endfacet
  facet normal 0.000000 0.000000 1.000000
    outer loop
      vertex 39.936709 16.610169 0.400000
      vertex 45.000000 16.610169 0.400000
      vertex 45.000000 17.118644 0.400000
    endloop
  endfacet
  facet normal 0.000000 0.000000 1.000000
    outer loop
      vertex 39.936709 16.610169 0.400000
      vertex 45.000000 17.118644 0.400000
      vertex 39.936709 17.118644 0.400000
    endloop
  endfacet
  facet normal 0.000000 -1.000000 0.000000
    outer loop
      vertex 39.936709 16.610169 0.000000
      vertex 45.000000 16.610169 0.000000
      vertex 45.000000 16.610169 0.400000
    endloop
  endfacet
  facet normal 0.000000 -1.000000 0.000000
    outer loop
      vertex 39.936709 16.610169 0.000000
      vertex 45.000000 16.610169 0.400000
      vertex 39.936709 16.610169 0.400000
    endloop
  endfacet
  facet normal 0.000000 1.000000 0.000000
    outer loop
      vertex 39.936709 17.118644 0.000000
      vertex 45.000000 17.118644 0.400000
      vertex 45.000000 17.118644 0.000000
    endloop
  endfacet
  facet normal 0.000000 1.000000 0.000000
    outer loop
      vertex 39.936709 17.118644 0.000000
      vertex 39.936709 17.118644 0.400000
      vertex 45.000000 17.118644 0.400000
    endloop
  endfacet
  facet normal -1.000000 0.000000 0.000000
    outer loop
      vertex 39.936709 16.610169 0.000000
      vertex 39.936709 16.610169 0.400000
      vertex 39.936709 17.118644 0.400000
    endloop
  endfacet
  facet normal -1.000000 0.000000 0.000000
    outer loop
      vertex 39.936709 16.610169 0.000000
      vertex 39.936709 17.118644 0.400000
      vertex 39.936709 17.118644 0.000000
    endloop
  endfacet
  facet normal 1.000000 0.000000 0.000000
    outer loop
      vertex 45.000000 16.610169 0.000000
      vertex 45.000000 17.118644 0.000000
      vertex 45.000000 17.118644 0.400000
    endloop
  endfacet
  facet normal 1.000000 0.000000 0.000000
    outer loop
      vertex 45.000000 16.610169 0.000000
      vertex 45.000000 17.118644 0.400000
      vertex 45.000000 16.610169 0.400000
    endloop
  endfacet
  facet normal 0.000000 0.000000 -1.000000
    outer loop
      vertex 5.000000 16.101695 0.000000
      vertex 7.531646 16.610169 0.000000
      vertex 7.531646 16.101695 0.000000
    endloop
  endfacet
  facet normal 0.000000 0.000000 -1.000000
    outer loop
      vertex 5.000000 16.101695 0.000000
      vertex 5.000000 16.610169 0.000000
      vertex 7.531646 16.610169 0.000000
    endloop
  endfacet
  facet normal 0.000000 0.000000 1.000000
    outer loop
      vertex 5.000000 16.101695 0.400000
      vertex 7.531646 16.101695 0.400000
      vertex 7.531646 16.610169 0.400000
    endloop
  endfacet
  facet normal 0.000000 0.000000 1.000000
    outer loop
      vertex 5.000000 16.101695 0.400000
      vertex 7.531646 16.610169 0.400000
      vertex 5.000000 16.610169 0.400000
    endloop
  endfacet
  facet normal 0.000000 -1.000000 0.000000
    outer loop
      vertex 5.000000 16.101695 0.000000
      vertex 7.531646 16.101695 0.000000
      vertex 7.531646 16.101695 0.400000
    endloop
  endfacet
  facet normal 0.000000 -1.000000 0.000000
    outer loop
      vertex 5.000000 16.101695 0.000000
      vertex 7.531646 16.101695 0.400000
      vertex 5.000000 16.101695 0.400000
    endloop
  endfacet
  facet normal 0.000000 1.000000 0.000000
    outer loop
      vertex 5.000000 16.610169 0.000000
      vertex 7.531646 16.610169 0.400000
      vertex 7.531646 16.610169 0.000000
    endloop
  endfacet
  facet normal 0.000000 1.000000 0.000000
    outer loop
      vertex 5.000000 16.610169 0.000000
      vertex 5.000000 16.610169 0.400000
      vertex 7.531646 16.610169 0.400000
    endloop
  endfacet
  facet normal -1.000000 0.000000 0.000000
    outer loop
      vertex 5.000000 16.101695 0.000000
      vertex 5.000000 16.101695 0.400000
      vertex 5.000000 16.610169 0.400000
    endloop
  endfacet
  facet normal -1.000000 0.000000 0.000000
    outer loop
      vertex 5.000000 16.101695 0.000000
      vertex 5.000000 16.610169 0.400000
      vertex 5.000000 16.610169 0.000000
    endloop
  endfacet
  facet normal 1.000000 0.000000 0.000000
    outer loop
      vertex 7.531646 16.101695 0.000000
      vertex 7.531646 16.610169 0.000000
      vertex 7.531646 16.610169 0.400000
    endloop
  endfacet
  facet normal 1.000000 0.000000 0.000000
    outer loop
      vertex 7.531646 16.101695 0.000000
      vertex 7.531646 16.610169 0.400000
      vertex 7.531646 16.101695 0.400000
    endloop
  endfacet
  facet normal 0.000000 0.000000 -1.000000
    outer loop
      vertex 14.620253 16.101695 0.000000
      vertex 16.139241 16.610169 0.000000
      vertex 16.139241 16.101695 0.000000
    endloop
  endfacet
  facet normal 0.000000 0.000000 -1.000000
    outer loop
      vertex 14.620253 16.101695 0.000000
      vertex 14.620253 16.610169 0.000000
      vertex 16.139241 16.610169 0.000000
    endloop
  endfacet
  facet normal 0.000000 0.000000 1.000000
    outer loop
      vertex 14.620253 16.101695 0.400000
      vertex 16.139241 16.101695 0.400000
      vertex 16.139241 16.610169 0.400000
    endloop
  endfacet
  facet normal 0.000000 0.000000 1.000000
    outer loop
      vertex 14.620253 16.101695 0.400000
      vertex 16.139241 16.610169 0.400000
      vertex 14.620253 16.610169 0.400000
    endloop
  endfacet
  facet normal 0.000000 -1.000000 0.000000
    outer loop
      vertex 14.620253 16.101695 0.000000
      vertex 16.139241 16.101695 0.000000
      vertex 16.139241 16.101695 0.400000
    endloop
  endfacet
  facet normal 0.000000 -1.000000 0.000000
    outer loop
      vertex 14.620253 16.101695 0.000000
      vertex 16.139241 16.101695 0.400000
      vertex 14.620253 16.101695 0.400000
    endloop
  endfacet
  facet normal 0.000000 1.000000 0.000000
    outer loop
      vertex 14.620253 16.610169 0.000000
      vertex 16.139241 16.610169 0.400000
      vertex 16.139241 16.610169 0.000000
    endloop
  endfacet
  facet normal 0.000000 1.000000 0.000000
    outer loop
      vertex 14.620253 16.610169 0.000000
      vertex 14.620253 16.610169 0.400000
      vertex 16.139241 16.610169 0.400000
    endloop
  endfacet
  facet normal -1.000000 0.000000 0.000000
    outer loop
      vertex 14.620253 16.101695 0.000000
      vertex 14.620253 16.101695 0.400000
      vertex 14.620253 16.610169 0.400000
    endloop
  endfacet
  facet normal -1.000000 0.000000 0.000000
    outer loop
      vertex 14.620253 16.101695 0.000000
      vertex 14.620253 16.610169 0.400000
      vertex 14.620253 16.610169 0.000000
    endloop
  endfacet
  facet normal 1.000000 0.000000 0.000000
    outer loop
      vertex 16.139241 16.101695 0.000000
      vertex 16.139241 16.610169 0.000000
      vertex 16.139241 16.610169 0.400000
    endloop
  endfacet
  facet normal 1.000000 0.000000 0.000000
    outer loop
      vertex 16.139241 16.101695 0.000000
      vertex 16.139241 16.610169 0.400000
      vertex 16.139241 16.101695 0.400000
    endloop
  endfacet
  facet normal 0.000000 0.000000 -1.000000
    outer loop
      vertex 18.670886 16.101695 0.000000
      vertex 21.202532 16.610169 0.000000
      vertex 21.202532 16.101695 0.000000
    endloop
  endfacet
  facet normal 0.000000 0.000000 -1.000000
    outer loop
      vertex 18.670886 16.101695 0.000000
      vertex 18.670886 16.610169 0.000000
      vertex 21.202532 16.610169 0.000000
    endloop
  endfacet
  facet normal 0.000000 0.000000 1.000000
    outer loop
      vertex 18.670886 16.101695 0.400000
      vertex 21.202532 16.101695 0.400000
      vertex 21.202532 16.610169 0.400000
    endloop
  endfacet
  facet normal 0.000000 0.000000 1.000000
    outer loop
      vertex 18.670886 16.101695 0.400000
      vertex 21.202532 16.610169 0.400000
      vertex 18.670886 16.610169 0.400000
    endloop
  endfacet
  facet normal 0.000000 -1.000000 0.000000
    outer loop
      vertex 18.670886 16.101695 0.000000
      vertex 21.202532 16.101695 0.000000
      vertex 21.202532 16.101695 0.400000
    endloop
  endfacet
  facet normal 0.000000 -1.000000 0.000000
    outer loop
      vertex 18.670886 16.101695 0.000000
      vertex 21.202532 16.101695 0.400000
      vertex 18.670886 16.101695 0.400000
    endloop
  endfacet
  facet normal 0.000000 1.000000 0.000000
    outer loop
      vertex 18.670886 16.610169 0.000000
      vertex 21.202532 16.610169 0.400000
      vertex 21.202532 16.610169 0.000000
    endloop
  endfacet
  facet normal 0.000000 1.000000 0.000000
    outer loop
      vertex 18.670886 16.610169 0.000000
      vertex 18.670886 16.610169 0.400000
      vertex 21.202532 16.610169 0.400000
    endloop
  endfacet
  facet normal -1.000000 0.000000 0.000000
    outer loop
      vertex 18.670886 16.101695 0.000000
      vertex 18.670886 16.101695 0.400000
      vertex 18.670886 16.610169 0.400000
    endloop
  endfacet
  facet normal -1.000000 0.000000 0.000000
    outer loop
      vertex 18.670886 16.101695 0.000000
      vertex 18.670886 16.610169 0.400000
      vertex 18.670886 16.610169 0.000000
    endloop
  endfacet
  facet normal 1.000000 0.000000 0.000000
    outer loop
      vertex 21.202532 16.101695 0.000000
      vertex 21.202532 16.610169 0.000000
      vertex 21.202532 16.610169 0.400000
    endloop
  endfacet
  facet normal 1.000000 0.000000 0.000000
    outer loop
      vertex 21.202532 16.101695 0.000000
      vertex 21.202532 16.610169 0.400000
      vertex 21.202532 16.101695 0.400000
    endloop
  endfacet
  facet normal 0.000000 0.000000 -1.000000
    outer loop
      vertex 23.734177 16.101695 0.000000
      vertex 25.759494 16.610169 0.000000
      vertex 25.759494 16.101695 0.000000
    endloop
  endfacet
  facet normal 0.000000 0.000000 -1.000000
    outer loop
      vertex 23.734177 16.101695 0.000000
      vertex 23.734177 16.610169 0.000000
      vertex 25.759494 16.610169 0.000000
    endloop
  endfacet
  facet normal 0.000000 0.000000 1.000000
    outer loop
      vertex 23.734177 16.101695 0.400000
      vertex 25.759494 16.101695 0.400000
      vertex 25.759494 16.610169 0.400000
    endloop
  endfacet
  facet normal 0.000000 0.000000 1.000000
    outer loop
      vertex 23.734177 16.101695 0.400000
      vertex 25.759494 16.610169 0.400000
      vertex 23.734177 16.610169 0.400000
    endloop
  endfacet
  facet normal 0.000000 -1.000000 0.000000
    outer loop
      vertex 23.734177 16.101695 0.000000
      vertex 25.759494 16.101695 0.000000
      vertex 25.759494 16.101695 0.400000
    endloop
  endfacet
  facet normal 0.000000 -1.000000 0.000000
    outer loop
      vertex 23.734177 16.101695 0.000000
      vertex 25.759494 16.101695 0.400000
      vertex 23.734177 16.101695 0.400000
    endloop
  endfacet
  facet normal 0.000000 1.000000 0.000000
    outer loop
      vertex 23.734177 16.610169 0.000000
      vertex 25.759494 16.610169 0.400000
      vertex 25.759494 16.610169 0.000000
    endloop
  endfacet
  facet normal 0.000000 1.000000 0.000000
    outer loop
      vertex 23.734177 16.610169 0.000000
      vertex 23.734177 16.610169 0.400000
      vertex 25.759494 16.610169 0.400000
    endloop
  endfacet
  facet normal -1.000000 0.000000 0.000000
    outer loop
      vertex 23.734177 16.101695 0.000000
      vertex 23.734177 16.101695 0.400000
      vertex 23.734177 16.610169 0.400000
    endloop
  endfacet
  facet normal -1.000000 0.000000 0.000000
    outer loop
      vertex 23.734177 16.101695 0.000000
      vertex 23.734177 16.610169 0.400000
      vertex 23.734177 16.610169 0.000000
    endloop
  endfacet
  facet normal 1.000000 0.000000 0.000000
    outer loop
      vertex 25.759494 16.101695 0.000000
      vertex 25.759494 16.610169 0.000000
      vertex 25.759494 16.610169 0.400000
    endloop
  endfacet
  facet normal 1.000000 0.000000 0.000000
    outer loop
      vertex 25.759494 16.101695 0.000000
      vertex 25.759494 16.610169 0.400000
      vertex 25.759494 16.101695 0.400000
    endloop
  endfacet
  facet normal 0.000000 0.000000 -1.000000
    outer loop
      vertex 28.291139 16.101695 0.000000
      vertex 30.822785 16.610169 0.000000
      vertex 30.822785 16.101695 0.000000
    endloop
  endfacet
  facet normal 0.000000 0.000000 -1.000000
    outer loop
      vertex 28.291139 16.101695 0.000000
      vertex 28.291139 16.610169 0.000000
      vertex 30.822785 16.610169 0.000000
    endloop
  endfacet
  facet normal 0.000000 0.000000 1.000000
    outer loop
      vertex 28.291139 16.101695 0.400000
      vertex 30.822785 16.101695 0.400000
      vertex 30.822785 16.610169 0.400000
    endloop
  endfacet
  facet normal 0.000000 0.000000 1.000000
    outer loop
      vertex 28.291139 16.101695 0.400000
      vertex 30.822785 16.610169 0.400000
      vertex 28.291139 16.610169 0.400000
    endloop
  endfacet
  facet normal 0.000000 -1.000000 0.000000
    outer loop
      vertex 28.291139 16.101695 0.000000
      vertex 30.822785 16.101695 0.000000
      vertex 30.822785 16.101695 0.400000
    endloop
  endfacet
  facet normal 0.000000 -1.000000 0.000000
    outer loop
      vertex 28.291139 16.101695 0.000000
      vertex 30.822785 16.101695 0.400000
      vertex 28.291139 16.101695 0.400000
    endloop
  endfacet
  facet normal 0.000000 1.000000 0.000000
    outer loop
      vertex 28.291139 16.610169 0.000000
      vertex 30.822785 16.610169 0.400000
      vertex 30.822785 16.610169 0.000000
    endloop
  endfacet
  facet normal 0.000000 1.000000 0.000000
    outer loop
      vertex 28.291139 16.610169 0.000000
      vertex 28.291139 16.610169 0.400000
      vertex 30.822785 16.610169 0.400000
    endloop
  endfacet
  facet normal -1.000000 0.000000 0.000000
    outer loop
      vertex 28.291139 16.101695 0.000000
      vertex 28.291139 16.101695 0.400000
      vertex 28.291139 16.610169 0.400000
    endloop
  endfacet
  facet normal -1.000000 0.000000 0.000000
    outer loop
      vertex 28.291139 16.101695 0.000000
      vertex 28.291139 16.610169 0.400000
      vertex 28.291139 16.610169 0.000000
    endloop
  endfacet
  facet normal 1.000000 0.000000 0.000000
    outer loop
      vertex 30.822785 16.101695 0.000000
      vertex 30.822785 16.610169 0.000000
      vertex 30.822785 16.610169 0.400000
    endloop
  endfacet
  facet normal 1.000000 0.000000 0.000000
    outer loop
      vertex 30.822785 16.101695 0.000000
      vertex 30.822785 16.610169 0.400000
      vertex 30.822785 16.101695 0.400000
    endloop
  endfacet
  facet normal 0.000000 0.000000 -1.000000
    outer loop
      vertex 33.354430 16.101695 0.000000
      vertex 37.911392 16.610169 0.000000
      vertex 37.911392 16.101695 0.000000
    endloop
  endfacet
  facet normal 0.000000 0.000000 -1.000000
    outer loop
      vertex 33.354430 16.101695 0.000000
      vertex 33.354430 16.610169 0.000000
      vertex 37.911392 16.610169 0.000000
    endloop
  endfacet
  facet normal 0.000000 0.000000 1.000000
    outer loop
      vertex 33.354430 16.101695 0.400000
      vertex 37.911392 16.101695 0.400000
      vertex 37.911392 16.610169 0.400000
    endloop
  endfacet
  facet normal 0.000000 0.000000 1.000000
    outer loop
      vertex 33.354430 16.101695 0.400000
      vertex 37.911392 16.610169 0.400000
      vertex 33.354430 16.610169 0.400000
    endloop
  endfacet
  facet normal 0.000000 -1.000000 0.000000
    outer loop
      vertex 33.354430 16.101695 0.000000
      vertex 37.911392 16.101695 0.000000
      vertex 37.911392 16.101695 0.400000
    endloop
  endfacet
  facet normal 0.000000 -1.000000 0.000000
    outer loop
      vertex 33.354430 16.101695 0.000000
      vertex 37.911392 16.101695 0.400000
      vertex 33.354430 16.101695 0.400000
    endloop
  endfacet
  facet normal 0.000000 1.000000 0.000000
    outer loop
      vertex 33.354430 16.610169 0.000000
      vertex 37.911392 16.610169 0.400000
      vertex 37.911392 16.610169 0.000000
    endloop
  endfacet
  facet normal 0.000000 1.000000 0.000000
    outer loop
      vertex 33.354430 16.610169 0.000000
      vertex 33.354430 16.610169 0.400000
      vertex 37.911392 16.610169 0.400000
    endloop
  endfacet
  facet normal -1.000000 0.000000 0.000000
    outer loop
      vertex 33.354430 16.101695 0.000000
      vertex 33.354430 16.101695 0.400000
      vertex 33.354430 16.610169 0.400000
    endloop
  endfacet
  facet normal -1.000000 0.000000 0.000000
    outer loop
      vertex 33.354430 16.101695 0.000000
      vertex 33.354430 16.610169 0.400000
      vertex 33.354430 16.610169 0.000000
    endloop
  endfacet
  facet normal 1.000000 0.000000 0.000000
    outer loop
      vertex 37.911392 16.101695 0.000000
      vertex 37.911392 16.610169 0.000000
      vertex 37.911392 16.610169 0.400000
    endloop
  endfacet
  facet normal 1.000000 0.000000 0.000000
    outer loop
      vertex 37.911392 16.101695 0.000000
      vertex 37.911392 16.610169 0.400000
      vertex 37.911392 16.101695 0.400000
    endloop
  endfacet
  facet normal 0.000000 0.000000 -1.000000
    outer loop
      vertex 39.936709 16.101695 0.000000
      vertex 45.000000 16.610169 0.000000
      vertex 45.000000 16.101695 0.000000
    endloop
  endfacet
  facet normal 0.000000 0.000000 -1.000000
    outer loop
      vertex 39.936709 16.101695 0.000000
      vertex 39.936709 16.610169 0.000000
      vertex 45.000000 16.610169 0.000000
    endloop
  endfacet
  facet normal 0.000000 0.000000 1.000000
    outer loop
      vertex 39.936709 16.101695 0.400000
      vertex 45.000000 16.101695 0.400000
      vertex 45.000000 16.610169 0.400000
    endloop
  endfacet
  facet normal 0.000000 0.000000 1.000000
    outer loop
      vertex 39.936709 16.101695 0.400000
      vertex 45.000000 16.610169 0.400000
      vertex 39.936709 16.610169 0.400000
    endloop
  endfacet
  facet normal 0.000000 -1.000000 0.000000
    outer loop
      vertex 39.936709 16.101695 0.000000
      vertex 45.000000 16.101695 0.000000
      vertex 45.000000 16.101695 0.400000
    endloop
  endfacet
  facet normal 0.000000 -1.000000 0.000000
    outer loop
      vertex 39.936709 16.101695 0.000000
      vertex 45.000000 16.101695 0.400000
      vertex 39.936709 16.101695 0.400000
    endloop
  endfacet
  facet normal 0.000000 1.000000 0.000000
    outer loop
      vertex 39.936709 16.610169 0.000000
      vertex 45.000000 16.610169 0.400000
      vertex 45.000000 16.610169 0.000000
    endloop
  endfacet
  facet normal 0.000000 1.000000 0.000000
    outer loop
      vertex 39.936709 16.610169 0.000000
      vertex 39.936709 16.610169 0.400000
      vertex 45.000000 16.610169 0.400000
    endloop
  endfacet
  facet normal -1.000000 0.000000 0.000000
    outer loop
      vertex 39.936709 16.101695 0.000000
      vertex 39.936709 16.101695 0.400000
      vertex 39.936709 16.610169 0.400000
    endloop
  endfacet
  facet normal -1.000000 0.000000 0.000000
    outer loop
      vertex 39.936709 16.101695 0.000000
      vertex 39.936709 16.610169 0.400000
      vertex 39.936709 16.610169 0.000000
    endloop
  endfacet
  facet normal 1.000000 0.000000 0.000000
    outer loop
      vertex 45.000000 16.101695 0.000000
      vertex 45.000000 16.610169 0.000000
      vertex 45.000000 16.610169 0.400000
    endloop
  endfacet
  facet normal 1.000000 0.000000 0.000000
    outer loop
      vertex 45.000000 16.101695 0.000000
      vertex 45.000000 16.610169 0.400000
      vertex 45.000000 16.101695 0.400000
    endloop
  endfacet
  facet normal 0.000000 0.000000 -1.000000
    outer loop
      vertex 5.000000 15.593220 0.000000
      vertex 7.531646 16.101695 0.000000
      vertex 7.531646 15.593220 0.000000
    endloop
  endfacet
  facet normal 0.000000 0.000000 -1.000000
    outer loop
      vertex 5.000000 15.593220 0.000000
      vertex 5.000000 16.101695 0.000000
      vertex 7.531646 16.101695 0.000000
    endloop
  endfacet
  facet normal 0.000000 0.000000 1.000000
    outer loop
      vertex 5.000000 15.593220 0.400000
      vertex 7.531646 15.593220 0.400000
      vertex 7.531646 16.101695 0.400000
    endloop
  endfacet
  facet normal 0.000000 0.000000 1.000000
    outer loop
      vertex 5.000000 15.593220 0.400000
      vertex 7.531646 16.101695 0.400000
      vertex 5.000000 16.101695 0.400000
    endloop
  endfacet
  facet normal 0.000000 -1.000000 0.000000
    outer loop
      vertex 5.000000 15.593220 0.000000
      vertex 7.531646 15.593220 0.000000
      vertex 7.531646 15.593220 0.400000
    endloop
  endfacet
  facet normal 0.000000 -1.000000 0.000000
    outer loop
      vertex 5.000000 15.593220 0.000000
      vertex 7.531646 15.593220 0.400000
      vertex 5.000000 15.593220 0.400000
    endloop
  endfacet
  facet normal 0.000000 1.000000 0.000000
    outer loop
      vertex 5.000000 16.101695 0.000000
      vertex 7.531646 16.101695 0.400000
      vertex 7.531646 16.101695 0.000000
    endloop
  endfacet
  facet normal 0.000000 1.000000 0.000000
    outer loop
      vertex 5.000000 16.101695 0.000000
      vertex 5.000000 16.101695 0.400000
      vertex 7.531646 16.101695 0.400000
    endloop
  endfacet
  facet normal -1.000000 0.000000 0.000000
    outer loop
      vertex 5.000000 15.593220 0.000000
      vertex 5.000000 15.593220 0.400000
      vertex 5.000000 16.101695 0.400000
    endloop
  endfacet
  facet normal -1.000000 0.000000 0.000000
    outer loop
      vertex 5.000000 15.593220 0.000000
      vertex 5.000000 16.101695 0.400000
      vertex 5.000000 16.101695 0.000000
    endloop
  endfacet
  facet normal 1.000000 0.000000 0.000000
    outer loop
      vertex 7.531646 15.593220 0.000000
      vertex 7.531646 16.101695 0.000000
      vertex 7.531646 16.101695 0.400000
    endloop
  endfacet
  facet normal 1.000000 0.000000 0.000000
    outer loop
      vertex 7.531646 15.593220 0.000000
      vertex 7.531646 16.101695 0.400000
      vertex 7.531646 15.593220 0.400000
    endloop
  endfacet
  facet normal 0.000000 0.000000 -1.000000
    outer loop
      vertex 10.063291 15.593220 0.000000
      vertex 12.088608 16.101695 0.000000
      vertex 12.088608 15.593220 0.000000
    endloop
  endfacet
  facet normal 0.000000 0.000000 -1.000000
    outer loop
      vertex 10.063291 15.593220 0.000000
      vertex 10.063291 16.101695 0.000000
      vertex 12.088608 16.101695 0.000000
    endloop
  endfacet
  facet normal 0.000000 0.000000 1.000000
    outer loop
      vertex 10.063291 15.593220 0.400000
      vertex 12.088608 15.593220 0.400000
      vertex 12.088608 16.101695 0.400000
    endloop
  endfacet
  facet normal 0.000000 0.000000 1.000000
    outer loop
      vertex 10.063291 15.593220 0.400000
      vertex 12.088608 16.101695 0.400000
      vertex 10.063291 16.101695 0.400000
    endloop
  endfacet
  facet normal 0.000000 -1.000000 0.000000
    outer loop
      vertex 10.063291 15.593220 0.000000
      vertex 12.088608 15.593220 0.000000
      vertex 12.088608 15.593220 0.400000
    endloop
  endfacet
  facet normal 0.000000 -1.000000 0.000000
    outer loop
      vertex 10.063291 15.593220 0.000000
      vertex 12.088608 15.593220 0.400000
      vertex 10.063291 15.593220 0.400000
    endloop
  endfacet
  facet normal 0.000000 1.000000 0.000000
    outer loop
      vertex 10.063291 16.101695 0.000000
      vertex 12.088608 16.101695 0.400000
      vertex 12.088608 16.101695 0.000000
    endloop
  endfacet
  facet normal 0.000000 1.000000 0.000000
    outer loop
      vertex 10.063291 16.101695 0.000000
      vertex 10.063291 16.101695 0.400000
      vertex 12.088608 16.101695 0.400000
    endloop
  endfacet
  facet normal -1.000000 0.000000 0.000000
    outer loop
      vertex 10.063291 15.593220 0.000000
      vertex 10.063291 15.593220 0.400000
      vertex 10.063291 16.101695 0.400000
    endloop
  endfacet
  facet normal -1.000000 0.000000 0.000000
    outer loop
      vertex 10.063291 15.593220 0.000000
      vertex 10.063291 16.101695 0.400000
      vertex 10.063291 16.101695 0.000000
    endloop
  endfacet
  facet normal 1.000000 0.000000 0.000000
    outer loop
      vertex 12.088608 15.593220 0.000000
      vertex 12.088608 16.101695 0.000000
      vertex 12.088608 16.101695 0.400000
    endloop
  endfacet
  facet normal 1.000000 0.000000 0.000000
    outer loop
      vertex 12.088608 15.593220 0.000000
      vertex 12.088608 16.101695 0.400000
      vertex 12.088608 15.593220 0.400000
    endloop
  endfacet
  facet normal 0.000000 0.000000 -1.000000
    outer loop
      vertex 15.126582 15.593220 0.000000
      vertex 16.139241 16.101695 0.000000
      vertex 16.139241 15.593220 0.000000
    endloop
  endfacet
  facet normal 0.000000 0.000000 -1.000000
    outer loop
      vertex 15.126582 15.593220 0.000000
      vertex 15.126582 16.101695 0.000000
      vertex 16.139241 16.101695 0.000000
    endloop
  endfacet
  facet normal 0.000000 0.000000 1.000000
    outer loop
      vertex 15.126582 15.593220 0.400000
      vertex 16.139241 15.593220 0.400000
      vertex 16.139241 16.101695 0.400000
    endloop
  endfacet
  facet normal 0.000000 0.000000 1.000000
    outer loop
      vertex 15.126582 15.593220 0.400000
      vertex 16.139241 16.101695 0.400000
      vertex 15.126582 16.101695 0.400000
    endloop
  endfacet
  facet normal 0.000000 -1.000000 0.000000
    outer loop
      vertex 15.126582 15.593220 0.000000
      vertex 16.139241 15.593220 0.000000
      vertex 16.139241 15.593220 0.400000
    endloop
  endfacet
  facet normal 0.000000 -1.000000 0.000000
    outer loop
      vertex 15.126582 15.593220 0.000000
      vertex 16.139241 15.593220 0.400000
      vertex 15.126582 15.593220 0.400000
    endloop
  endfacet
  facet normal 0.000000 1.000000 0.000000
    outer loop
      vertex 15.126582 16.101695 0.000000
      vertex 16.139241 16.101695 0.400000
      vertex 16.139241 16.101695 0.000000
    endloop
  endfacet
  facet normal 0.000000 1.000000 0.000000
    outer loop
      vertex 15.126582 16.101695 0.000000
      vertex 15.126582 16.101695 0.400000
      vertex 16.139241 16.101695 0.400000
    endloop
  endfacet
  facet normal -1.000000 0.000000 0.000000
    outer loop
      vertex 15.126582 15.593220 0.000000
      vertex 15.126582 15.593220 0.400000
      vertex 15.126582 16.101695 0.400000
    endloop
  endfacet
  facet normal -1.000000 0.000000 0.000000
    outer loop
      vertex 15.126582 15.593220 0.000000
      vertex 15.126582 16.101695 0.400000
      vertex 15.126582 16.101695 0.000000
    endloop
  endfacet
  facet normal 1.000000 0.000000 0.000000
    outer loop
      vertex 16.139241 15.593220 0.000000
      vertex 16.139241 16.101695 0.000000
      vertex 16.139241 16.101695 0.400000
    endloop
  endfacet
  facet normal 1.000000 0.000000 0.000000
    outer loop
      vertex 16.139241 15.593220 0.000000
      vertex 16.139241 16.101695 0.400000
      vertex 16.139241 15.593220 0.400000
    endloop
  endfacet
  facet normal 0.000000 0.000000 -1.000000
    outer loop
      vertex 18.670886 15.593220 0.000000
      vertex 21.202532 16.101695 0.000000
      vertex 21.202532 15.593220 0.000000
    endloop
  endfacet
  facet normal 0.000000 0.000000 -1.000000
    outer loop
      vertex 18.670886 15.593220 0.000000
      vertex 18.670886 16.101695 0.000000
      vertex 21.202532 16.101695 0.000000
    endloop
  endfacet
  facet normal 0.000000 0.000000 1.000000
    outer loop
      vertex 18.670886 15.593220 0.400000
      vertex 21.202532 15.593220 0.400000
      vertex 21.202532 16.101695 0.400000
    endloop
  endfacet
  facet normal 0.000000 0.000000 1.000000
    outer loop
      vertex 18.670886 15.593220 0.400000
      vertex 21.202532 16.101695 0.400000
      vertex 18.670886 16.101695 0.400000
    endloop
  endfacet
  facet normal 0.000000 -1.000000 0.000000
    outer loop
      vertex 18.670886 15.593220 0.000000
      vertex 21.202532 15.593220 0.000000
      vertex 21.202532 15.593220 0.400000
    endloop
  endfacet
  facet normal 0.000000 -1.000000 0.000000
    outer loop
      vertex 18.670886 15.593220 0.000000
      vertex 21.202532 15.593220 0.400000
      vertex 18.670886 15.593220 0.400000
    endloop
  endfacet
  facet normal 0.000000 1.000000 0.000000
    outer loop
      vertex 18.670886 16.101695 0.000000
      vertex 21.202532 16.101695 0.400000
      vertex 21.202532 16.101695 0.000000
    endloop
  endfacet
  facet normal 0.000000 1.000000 0.000000
    outer loop
      vertex 18.670886 16.101695 0.000000
      vertex 18.670886 16.101695 0.400000
      vertex 21.202532 16.101695 0.400000
    endloop
  endfacet
  facet normal -1.000000 0.000000 0.000000
    outer loop
      vertex 18.670886 15.593220 0.000000
      vertex 18.670886 15.593220 0.400000
      vertex 18.670886 16.101695 0.400000
    endloop
  endfacet
  facet normal -1.000000 0.000000 0.000000
    outer loop
      vertex 18.670886 15.593220 0.000000
      vertex 18.670886 16.101695 0.400000
      vertex 18.670886 16.101695 0.000000
    endloop
  endfacet
  facet normal 1.000000 0.000000 0.000000
    outer loop
      vertex 21.202532 15.593220 0.000000
      vertex 21.202532 16.101695 0.000000
      vertex 21.202532 16.101695 0.400000
    endloop
  endfacet
  facet normal 1.000000 0.000000 0.000000
    outer loop
      vertex 21.202532 15.593220 0.000000
      vertex 21.202532 16.101695 0.400000
      vertex 21.202532 15.593220 0.400000
    endloop
  endfacet
  facet normal 0.000000 0.000000 -1.000000
    outer loop
      vertex 23.734177 15.593220 0.000000
      vertex 25.759494 16.101695 0.000000
      vertex 25.759494 15.593220 0.000000
    endloop
  endfacet
  facet normal 0.000000 0.000000 -1.000000
    outer loop
      vertex 23.734177 15.593220 0.000000
      vertex 23.734177 16.101695 0.000000
      vertex 25.759494 16.101695 0.000000
    endloop
  endfacet
  facet normal 0.000000 0.000000 1.000000
    outer loop
      vertex 23.734177 15.593220 0.400000
      vertex 25.759494 15.593220 0.400000
      vertex 25.759494 16.101695 0.400000
    endloop
  endfacet
  facet normal 0.000000 0.000000 1.000000
    outer loop
      vertex 23.734177 15.593220 0.400000
      vertex 25.759494 16.101695 0.400000
      vertex 23.734177 16.101695 0.400000
    endloop
  endfacet
  facet normal 0.000000 -1.000000 0.000000
    outer loop
      vertex 23.734177 15.593220 0.000000
      vertex 25.759494 15.593220 0.000000
      vertex 25.759494 15.593220 0.400000
    endloop
  endfacet
  facet normal 0.000000 -1.000000 0.000000
    outer loop
      vertex 23.734177 15.593220 0.000000
      vertex 25.759494 15.593220 0.400000
      vertex 23.734177 15.593220 0.400000
    endloop
  endfacet
  facet normal 0.000000 1.000000 0.000000
    outer loop
      vertex 23.734177 16.101695 0.000000
      vertex 25.759494 16.101695 0.400000
      vertex 25.759494 16.101695 0.000000
    endloop
  endfacet
  facet normal 0.000000 1.000000 0.000000
    outer loop
      vertex 23.734177 16.101695 0.000000
      vertex 23.734177 16.101695 0.400000
      vertex 25.759494 16.101695 0.400000
    endloop
  endfacet
  facet normal -1.000000 0.000000 0.000000
    outer loop
      vertex 23.734177 15.593220 0.000000
      vertex 23.734177 15.593220 0.400000
      vertex 23.734177 16.101695 0.400000
    endloop
  endfacet
  facet normal -1.000000 0.000000 0.000000
    outer loop
      vertex 23.734177 15.593220 0.000000
      vertex 23.734177 16.101695 0.400000
      vertex 23.734177 16.101695 0.000000
    endloop
  endfacet
  facet normal 1.000000 0.000000 0.000000
    outer loop
      vertex 25.759494 15.593220 0.000000
      vertex 25.759494 16.101695 0.000000
      vertex 25.759494 16.101695 0.400000
    endloop
  endfacet
  facet normal 1.000000 0.000000 0.000000
    outer loop
      vertex 25.759494 15.593220 0.000000
      vertex 25.759494 16.101695 0.400000
      vertex 25.759494 15.593220 0.400000
    endloop
  endfacet
  facet normal 0.000000 0.000000 -1.000000
    outer loop
      vertex 28.291139 15.593220 0.000000
      vertex 30.822785 16.101695 0.000000
      vertex 30.822785 15.593220 0.000000
    endloop
  endfacet
  facet normal 0.000000 0.000000 -1.000000
    outer loop
      vertex 28.291139 15.593220 0.000000
      vertex 28.291139 16.101695 0.000000
      vertex 30.822785 16.101695 0.000000
    endloop
  endfacet
  facet normal 0.000000 0.000000 1.000000
    outer loop
      vertex 28.291139 15.593220 0.400000
      vertex 30.822785 15.593220 0.400000
      vertex 30.822785 16.101695 0.400000
    endloop
  endfacet
  facet normal 0.000000 0.000000 1.000000
    outer loop
      vertex 28.291139 15.593220 0.400000
      vertex 30.822785 16.101695 0.400000
      vertex 28.291139 16.101695 0.400000
    endloop
  endfacet
  facet normal 0.000000 -1.000000 0.000000
    outer loop
      vertex 28.291139 15.593220 0.000000
      vertex 30.822785 15.593220 0.000000
      vertex 30.822785 15.593220 0.400000
    endloop
  endfacet
  facet normal 0.000000 -1.000000 0.000000
    outer loop
      vertex 28.291139 15.593220 0.000000
      vertex 30.822785 15.593220 0.400000
      vertex 28.291139 15.593220 0.400000
    endloop
  endfacet
  facet normal 0.000000 1.000000 0.000000
    outer loop
      vertex 28.291139 16.101695 0.000000
      vertex 30.822785 16.101695 0.400000
      vertex 30.822785 16.101695 0.000000
    endloop
  endfacet
  facet normal 0.000000 1.000000 0.000000
    outer loop
      vertex 28.291139 16.101695 0.000000
      vertex 28.291139 16.101695 0.400000
      vertex 30.822785 16.101695 0.400000
    endloop
  endfacet
  facet normal -1.000000 0.000000 0.000000
    outer loop
      vertex 28.291139 15.593220 0.000000
      vertex 28.291139 15.593220 0.400000
      vertex 28.291139 16.101695 0.400000
    endloop
  endfacet
  facet normal -1.000000 0.000000 0.000000
    outer loop
      vertex 28.291139 15.593220 0.000000
      vertex 28.291139 16.101695 0.400000
      vertex 28.291139 16.101695 0.000000
    endloop
  endfacet
  facet normal 1.000000 0.000000 0.000000
    outer loop
      vertex 30.822785 15.593220 0.000000
      vertex 30.822785 16.101695 0.000000
      vertex 30.822785 16.101695 0.400000
    endloop
  endfacet
  facet normal 1.000000 0.000000 0.000000
    outer loop
      vertex 30.822785 15.593220 0.000000
      vertex 30.822785 16.101695 0.400000
      vertex 30.822785 15.593220 0.400000
    endloop
  endfacet
  facet normal 0.000000 0.000000 -1.000000
    outer loop
      vertex 33.354430 15.593220 0.000000
      vertex 37.911392 16.101695 0.000000
      vertex 37.911392 15.593220 0.000000
    endloop
  endfacet
  facet normal 0.000000 0.000000 -1.000000
    outer loop
      vertex 33.354430 15.593220 0.000000
      vertex 33.354430 16.101695 0.000000
      vertex 37.911392 16.101695 0.000000
    endloop
  endfacet
  facet normal 0.000000 0.000000 1.000000
    outer loop
      vertex 33.354430 15.593220 0.400000
      vertex 37.911392 15.593220 0.400000
      vertex 37.911392 16.101695 0.400000
    endloop
  endfacet
  facet normal 0.000000 0.000000 1.000000
    outer loop
      vertex 33.354430 15.593220 0.400000
      vertex 37.911392 16.101695 0.400000
      vertex 33.354430 16.101695 0.400000
    endloop
  endfacet
  facet normal 0.000000 -1.000000 0.000000
    outer loop
      vertex 33.354430 15.593220 0.000000
      vertex 37.911392 15.593220 0.000000
      vertex 37.911392 15.593220 0.400000
    endloop
  endfacet
  facet normal 0.000000 -1.000000 0.000000
    outer loop
      vertex 33.354430 15.593220 0.000000
      vertex 37.911392 15.593220 0.400000
      vertex 33.354430 15.593220 0.400000
    endloop
  endfacet
  facet normal 0.000000 1.000000 0.000000
    outer loop
      vertex 33.354430 16.101695 0.000000
      vertex 37.911392 16.101695 0.400000
      vertex 37.911392 16.101695 0.000000
    endloop
  endfacet
  facet normal 0.000000 1.000000 0.000000
    outer loop
      vertex 33.354430 16.101695 0.000000
      vertex 33.354430 16.101695 0.400000
      vertex 37.911392 16.101695 0.400000
    endloop
  endfacet
  facet normal -1.000000 0.000000 0.000000
    outer loop
      vertex 33.354430 15.593220 0.000000
      vertex 33.354430 15.593220 0.400000
      vertex 33.354430 16.101695 0.400000
    endloop
  endfacet
  facet normal -1.000000 0.000000 0.000000
    outer loop
      vertex 33.354430 15.593220 0.000000
      vertex 33.354430 16.101695 0.400000
      vertex 33.354430 16.101695 0.000000
    endloop
  endfacet
  facet normal 1.000000 0.000000 0.000000
    outer loop
      vertex 37.911392 15.593220 0.000000
      vertex 37.911392 16.101695 0.000000
      vertex 37.911392 16.101695 0.400000
    endloop
  endfacet
  facet normal 1.000000 0.000000 0.000000
    outer loop
      vertex 37.911392 15.593220 0.000000
      vertex 37.911392 16.101695 0.400000
      vertex 37.911392 15.593220 0.400000
    endloop
  endfacet
  facet normal 0.000000 0.000000 -1.000000
    outer loop
      vertex 39.936709 15.593220 0.000000
      vertex 45.000000 16.101695 0.000000
      vertex 45.000000 15.593220 0.000000
    endloop
  endfacet
  facet normal 0.000000 0.000000 -1.000000
    outer loop
      vertex 39.936709 15.593220 0.000000
      vertex 39.936709 16.101695 0.000000
      vertex 45.000000 16.101695 0.000000
    endloop
  endfacet
  facet normal 0.000000 0.000000 1.000000
    outer loop
      vertex 39.936709 15.593220 0.400000
      vertex 45.000000 15.593220 0.400000
      vertex 45.000000 16.101695 0.400000
    endloop
  endfacet
  facet normal 0.000000 0.000000 1.000000
    outer loop
      vertex 39.936709 15.593220 0.400000
      vertex 45.000000 16.101695 0.400000
      vertex 39.936709 16.101695 0.400000
    endloop
  endfacet
  facet normal 0.000000 -1.000000 0.000000
    outer loop
      vertex 39.936709 15.593220 0.000000
      vertex 45.000000 15.593220 0.000000
      vertex 45.000000 15.593220 0.400000
    endloop
  endfacet
  facet normal 0.000000 -1.000000 0.000000
    outer loop
      vertex 39.936709 15.593220 0.000000
      vertex 45.000000 15.593220 0.400000
      vertex 39.936709 15.593220 0.400000
    endloop
  endfacet
  facet normal 0.000000 1.000000 0.000000
    outer loop
      vertex 39.936709 16.101695 0.000000
      vertex 45.000000 16.101695 0.400000
      vertex 45.000000 16.101695 0.000000
    endloop
  endfacet
  facet normal 0.000000 1.000000 0.000000
    outer loop
      vertex 39.936709 16.101695 0.000000
      vertex 39.936709 16.101695 0.400000
      vertex 45.000000 16.101695 0.400000
    endloop
  endfacet
  facet normal -1.000000 0.000000 0.000000
    outer loop
      vertex 39.936709 15.593220 0.000000
      vertex 39.936709 15.593220 0.400000
      vertex 39.936709 16.101695 0.400000
    endloop
  endfacet
  facet normal -1.000000 0.000000 0.000000
    outer loop
      vertex 39.936709 15.593220 0.000000
      vertex 39.936709 16.101695 0.400000
      vertex 39.936709 16.101695 0.000000
    endloop
  endfacet
  facet normal 1.000000 0.000000 0.000000
    outer loop
      vertex 45.000000 15.593220 0.000000
      vertex 45.000000 16.101695 0.000000
      vertex 45.000000 16.101695 0.400000
    endloop
  endfacet
  facet normal 1.000000 0.000000 0.000000
    outer loop
      vertex 45.000000 15.593220 0.000000
      vertex 45.000000 16.101695 0.400000
      vertex 45.000000 15.593220 0.400000
    endloop
  endfacet
  facet normal 0.000000 0.000000 -1.000000
    outer loop
      vertex 5.000000 15.084746 0.000000
      vertex 7.531646 15.593220 0.000000
      vertex 7.531646 15.084746 0.000000
    endloop
  endfacet
  facet normal 0.000000 0.000000 -1.000000
    outer loop
      vertex 5.000000 15.084746 0.000000
      vertex 5.000000 15.593220 0.000000
      vertex 7.531646 15.593220 0.000000
    endloop
  endfacet
  facet normal 0.000000 0.000000 1.000000
    outer loop
      vertex 5.000000 15.084746 0.400000
      vertex 7.531646 15.084746 0.400000
      vertex 7.531646 15.593220 0.400000
    endloop
  endfacet
  facet normal 0.000000 0.000000 1.000000
    outer loop
      vertex 5.000000 15.084746 0.400000
      vertex 7.531646 15.593220 0.400000
      vertex 5.000000 15.593220 0.400000
    endloop
  endfacet
  facet normal 0.000000 -1.000000 0.000000
    outer loop
      vertex 5.000000 15.084746 0.000000
      vertex 7.531646 15.084746 0.000000
      vertex 7.531646 15.084746 0.400000
    endloop
  endfacet
  facet normal 0.000000 -1.000000 0.000000
    outer loop
      vertex 5.000000 15.084746 0.000000
      vertex 7.531646 15.084746 0.400000
      vertex 5.000000 15.084746 0.400000
    endloop
  endfacet
  facet normal 0.000000 1.000000 0.000000
    outer loop
      vertex 5.000000 15.593220 0.000000
      vertex 7.531646 15.593220 0.400000
      vertex 7.531646 15.593220 0.000000
    endloop
  endfacet
  facet normal 0.000000 1.000000 0.000000
    outer loop
      vertex 5.000000 15.593220 0.000000
      vertex 5.000000 15.593220 0.400000
      vertex 7.531646 15.593220 0.400000
    endloop
  endfacet
  facet normal -1.000000 0.000000 0.000000
    outer loop
      vertex 5.000000 15.084746 0.000000
      vertex 5.000000 15.084746 0.400000
      vertex 5.000000 15.593220 0.400000
    endloop
  endfacet
  facet normal -1.000000 0.000000 0.000000
    outer loop
      vertex 5.000000 15.084746 0.000000
      vertex 5.000000 15.593220 0.400000
      vertex 5.000000 15.593220 0.000000
    endloop
  endfacet
  facet normal 1.000000 0.000000 0.000000
    outer loop
      vertex 7.531646 15.084746 0.000000
      vertex 7.531646 15.593220 0.000000
      vertex 7.531646 15.593220 0.400000
    endloop
  endfacet
  facet normal 1.000000 0.000000 0.000000
    outer loop
      vertex 7.531646 15.084746 0.000000
      vertex 7.531646 15.593220 0.400000
      vertex 7.531646 15.084746 0.400000
    endloop
  endfacet
  facet normal 0.000000 0.000000 -1.000000
    outer loop
      vertex 10.063291 15.084746 0.000000
      vertex 12.594937 15.593220 0.000000
      vertex 12.594937 15.084746 0.000000
    endloop
  endfacet
  facet normal 0.000000 0.000000 -1.000000
    outer loop
      vertex 10.063291 15.084746 0.000000
      vertex 10.063291 15.593220 0.000000
      vertex 12.594937 15.593220 0.000000
    endloop
  endfacet
  facet normal 0.000000 0.000000 1.000000
    outer loop
      vertex 10.063291 15.084746 0.400000
      vertex 12.594937 15.084746 0.400000
      vertex 12.594937 15.593220 0.400000
    endloop
  endfacet
  facet normal 0.000000 0.000000 1.000000
    outer loop
      vertex 10.063291 15.084746 0.400000
      vertex 12.594937 15.593220 0.400000
      vertex 10.063291 15.593220 0.400000
    endloop
  endfacet
  facet normal 0.000000 -1.000000 0.000000
    outer loop
      vertex 10.063291 15.084746 0.000000
      vertex 12.594937 15.084746 0.000000
      vertex 12.594937 15.084746 0.400000
    endloop
  endfacet
  facet normal 0.000000 -1.000000 0.000000
    outer loop
      vertex 10.063291 15.084746 0.000000
      vertex 12.594937 15.084746 0.400000
      vertex 10.063291 15.084746 0.400000
    endloop
  endfacet
  facet normal 0.000000 1.000000 0.000000
    outer loop
      vertex 10.063291 15.593220 0.000000
      vertex 12.594937 15.593220 0.400000
      vertex 12.594937 15.593220 0.000000
    endloop
  endfacet
  facet normal 0.000000 1.000000 0.000000
    outer loop
      vertex 10.063291 15.593220 0.000000
      vertex 10.063291 15.593220 0.400000
      vertex 12.594937 15.593220 0.400000
    endloop
  endfacet
  facet normal -1.000000 0.000000 0.000000
    outer loop
      vertex 10.063291 15.084746 0.000000
      vertex 10.063291 15.084746 0.400000
      vertex 10.063291 15.593220 0.400000
    endloop
  endfacet
  facet normal -1.000000 0.000000 0.000000
    outer loop
      vertex 10.063291 15.084746 0.000000
      vertex 10.063291 15.593220 0.400000
      vertex 10.063291 15.593220 0.000000
    endloop
  endfacet
  facet normal 1.000000 0.000000 0.000000
    outer loop
      vertex 12.594937 15.084746 0.000000
      vertex 12.594937 15.593220 0.000000
      vertex 12.594937 15.593220 0.400000
    endloop
  endfacet
  facet normal 1.000000 0.000000 0.000000
    outer loop
      vertex 12.594937 15.084746 0.000000
      vertex 12.594937 15.593220 0.400000
      vertex 12.594937 15.084746 0.400000
    endloop
  endfacet
  facet normal 0.000000 0.000000 -1.000000
    outer loop
      vertex 15.126582 15.084746 0.000000
      vertex 16.645570 15.593220 0.000000
      vertex 16.645570 15.084746 0.000000
    endloop
  endfacet
  facet normal 0.000000 0.000000 -1.000000
    outer loop
      vertex 15.126582 15.084746 0.000000
      vertex 15.126582 15.593220 0.000000
      vertex 16.645570 15.593220 0.000000
    endloop
  endfacet
  facet normal 0.000000 0.000000 1.000000
    outer loop
      vertex 15.126582 15.084746 0.400000
      vertex 16.645570 15.084746 0.400000
      vertex 16.645570 15.593220 0.400000
    endloop
  endfacet
  facet normal 0.000000 0.000000 1.000000
    outer loop
      vertex 15.126582 15.084746 0.400000
      vertex 16.645570 15.593220 0.400000
      vertex 15.126582 15.593220 0.400000
    endloop
  endfacet
  facet normal 0.000000 -1.000000 0.000000
    outer loop
      vertex 15.126582 15.084746 0.000000
      vertex 16.645570 15.084746 0.000000
      vertex 16.645570 15.084746 0.400000
    endloop
  endfacet
  facet normal 0.000000 -1.000000 0.000000
    outer loop
      vertex 15.126582 15.084746 0.000000
      vertex 16.645570 15.084746 0.400000
      vertex 15.126582 15.084746 0.400000
    endloop
  endfacet
  facet normal 0.000000 1.000000 0.000000
    outer loop
      vertex 15.126582 15.593220 0.000000
      vertex 16.645570 15.593220 0.400000
      vertex 16.645570 15.593220 0.000000
    endloop
  endfacet
  facet normal 0.000000 1.000000 0.000000
    outer loop
      vertex 15.126582 15.593220 0.000000
      vertex 15.126582 15.593220 0.400000
      vertex 16.645570 15.593220 0.400000
    endloop
  endfacet
  facet normal -1.000000 0.000000 0.000000
    outer loop
      vertex 15.126582 15.084746 0.000000
      vertex 15.126582 15.084746 0.400000
      vertex 15.126582 15.593220 0.400000
    endloop
  endfacet
  facet normal -1.000000 0.000000 0.000000
    outer loop
      vertex 15.126582 15.084746 0.000000
      vertex 15.126582 15.593220 0.400000
      vertex 15.126582 15.593220 0.000000
    endloop
  endfacet
  facet normal 1.000000 0.000000 0.000000
    outer loop
      vertex 16.645570 15.084746 0.000000
      vertex 16.645570 15.593220 0.000000
      vertex 16.645570 15.593220 0.400000
    endloop
  endfacet
  facet normal 1.000000 0.000000 0.000000
    outer loop
      vertex 16.645570 15.084746 0.000000
      vertex 16.645570 15.593220 0.400000
      vertex 16.645570 15.084746 0.400000
    endloop
  endfacet
  facet normal 0.000000 0.000000 -1.000000
    outer loop
      vertex 18.670886 15.084746 0.000000
      vertex 21.202532 15.593220 0.000000
      vertex 21.202532 15.084746 0.000000
    endloop
  endfacet
  facet normal 0.000000 0.000000 -1.000000
    outer loop
      vertex 18.670886 15.084746 0.000000
      vertex 18.670886 15.593220 0.000000
      vertex 21.202532 15.593220 0.000000
    endloop
  endfacet
  facet normal 0.000000 0.000000 1.000000
    outer loop
      vertex 18.670886 15.084746 0.400000
      vertex 21.202532 15.084746 0.400000
      vertex 21.202532 15.593220 0.400000
    endloop
  endfacet
  facet normal 0.000000 0.000000 1.000000
    outer loop
      vertex 18.670886 15.084746 0.400000
      vertex 21.202532 15.593220 0.400000
      vertex 18.670886 15.593220 0.400000
    endloop
  endfacet
  facet normal 0.000000 -1.000000 0.000000
    outer loop
      vertex 18.670886 15.084746 0.000000
      vertex 21.202532 15.084746 0.000000
      vertex 21.202532 15.084746 0.400000
    endloop
  endfacet
  facet normal 0.000000 -1.000000 0.000000
    outer loop
      vertex 18.670886 15.084746 0.000000
      vertex 21.202532 15.084746 0.400000
      vertex 18.670886 15.084746 0.400000
    endloop
  endfacet
  facet normal 0.000000 1.000000 0.000000
    outer loop
      vertex 18.670886 15.593220 0.000000
      vertex 21.202532 15.593220 0.400000
      vertex 21.202532 15.593220 0.000000
    endloop
  endfacet
  facet normal 0.000000 1.000000 0.000000
    outer loop
      vertex 18.670886 15.593220 0.000000
      vertex 18.670886 15.593220 0.400000
      vertex 21.202532 15.593220 0.400000
    endloop
  endfacet
  facet normal -1.000000 0.000000 0.000000
    outer loop
      vertex 18.670886 15.084746 0.000000
      vertex 18.670886 15.084746 0.400000
      vertex 18.670886 15.593220 0.400000
    endloop
  endfacet
  facet normal -1.000000 0.000000 0.000000
    outer loop
      vertex 18.670886 15.084746 0.000000
      vertex 18.670886 15.593220 0.400000
      vertex 18.670886 15.593220 0.000000
    endloop
  endfacet
  facet normal 1.000000 0.000000 0.000000
    outer loop
      vertex 21.202532 15.084746 0.000000
      vertex 21.202532 15.593220 0.000000
      vertex 21.202532 15.593220 0.400000
    endloop
  endfacet
  facet normal 1.000000 0.000000 0.000000
    outer loop
      vertex 21.202532 15.084746 0.000000
      vertex 21.202532 15.593220 0.400000
      vertex 21.202532 15.084746 0.400000
    endloop
  endfacet
  facet normal 0.000000 0.000000 -1.000000
    outer loop
      vertex 23.734177 15.084746 0.000000
      vertex 26.265823 15.593220 0.000000
      vertex 26.265823 15.084746 0.000000
    endloop
  endfacet
  facet normal 0.000000 0.000000 -1.000000
    outer loop
      vertex 23.734177 15.084746 0.000000
      vertex 23.734177 15.593220 0.000000
      vertex 26.265823 15.593220 0.000000
    endloop
  endfacet
  facet normal 0.000000 0.000000 1.000000
    outer loop
      vertex 23.734177 15.084746 0.400000
      vertex 26.265823 15.084746 0.400000
      vertex 26.265823 15.593220 0.400000
    endloop
  endfacet
  facet normal 0.000000 0.000000 1.000000
    outer loop
      vertex 23.734177 15.084746 0.400000
      vertex 26.265823 15.593220 0.400000
      vertex 23.734177 15.593220 0.400000
    endloop
  endfacet
  facet normal 0.000000 -1.000000 0.000000
    outer loop
      vertex 23.734177 15.084746 0.000000
      vertex 26.265823 15.084746 0.000000
      vertex 26.265823 15.084746 0.400000
    endloop
  endfacet
  facet normal 0.000000 -1.000000 0.000000
    outer loop
      vertex 23.734177 15.084746 0.000000
      vertex 26.265823 15.084746 0.400000
      vertex 23.734177 15.084746 0.400000
    endloop
  endfacet
  facet normal 0.000000 1.000000 0.000000
    outer loop
      vertex 23.734177 15.593220 0.000000
      vertex 26.265823 15.593220 0.400000
      vertex 26.265823 15.593220 0.000000
    endloop
  endfacet
  facet normal 0.000000 1.000000 0.000000
    outer loop
      vertex 23.734177 15.593220 0.000000
      vertex 23.734177 15.593220 0.400000
      vertex 26.265823 15.593220 0.400000
    endloop
  endfacet
  facet normal -1.000000 0.000000 0.000000
    outer loop
      vertex 23.734177 15.084746 0.000000
      vertex 23.734177 15.084746 0.400000
      vertex 23.734177 15.593220 0.400000
    endloop
  endfacet
  facet normal -1.000000 0.000000 0.000000
    outer loop
      vertex 23.734177 15.084746 0.000000
      vertex 23.734177 15.593220 0.400000
      vertex 23.734177 15.593220 0.000000
    endloop
  endfacet
  facet normal 1.000000 0.000000 0.000000
    outer loop
      vertex 26.265823 15.084746 0.000000
      vertex 26.265823 15.593220 0.000000
      vertex 26.265823 15.593220 0.400000
    endloop
  endfacet
  facet normal 1.000000 0.000000 0.000000
    outer loop
      vertex 26.265823 15.084746 0.000000
      vertex 26.265823 15.593220 0.400000
      vertex 26.265823 15.084746 0.400000
    endloop
  endfacet
  facet normal 0.000000 0.000000 -1.000000
    outer loop
      vertex 28.291139 15.084746 0.000000
      vertex 30.822785 15.593220 0.000000
      vertex 30.822785 15.084746 0.000000
    endloop
  endfacet
  facet normal 0.000000 0.000000 -1.000000
    outer loop
      vertex 28.291139 15.084746 0.000000
      vertex 28.291139 15.593220 0.000000
      vertex 30.822785 15.593220 0.000000
    endloop
  endfacet
  facet normal 0.000000 0.000000 1.000000
    outer loop
      vertex 28.291139 15.084746 0.400000
      vertex 30.822785 15.084746 0.400000
      vertex 30.822785 15.593220 0.400000
    endloop
  endfacet
  facet normal 0.000000 0.000000 1.000000
    outer loop
      vertex 28.291139 15.084746 0.400000
      vertex 30.822785 15.593220 0.400000
      vertex 28.291139 15.593220 0.400000
    endloop
  endfacet
  facet normal 0.000000 -1.000000 0.000000
    outer loop
      vertex 28.291139 15.084746 0.000000
      vertex 30.822785 15.084746 0.000000
      vertex 30.822785 15.084746 0.400000
    endloop
  endfacet
  facet normal 0.000000 -1.000000 0.000000
    outer loop
      vertex 28.291139 15.084746 0.000000
      vertex 30.822785 15.084746 0.400000
      vertex 28.291139 15.084746 0.400000
    endloop
  endfacet
  facet normal 0.000000 1.000000 0.000000
    outer loop
      vertex 28.291139 15.593220 0.000000
      vertex 30.822785 15.593220 0.400000
      vertex 30.822785 15.593220 0.000000
    endloop
  endfacet
  facet normal 0.000000 1.000000 0.000000
    outer loop
      vertex 28.291139 15.593220 0.000000
      vertex 28.291139 15.593220 0.400000
      vertex 30.822785 15.593220 0.400000
    endloop
  endfacet
  facet normal -1.000000 0.000000 0.000000
    outer loop
      vertex 28.291139 15.084746 0.000000
      vertex 28.291139 15.084746 0.400000
      vertex 28.291139 15.593220 0.400000
    endloop
  endfacet
  facet normal -1.000000 0.000000 0.000000
    outer loop
      vertex 28.291139 15.084746 0.000000
      vertex 28.291139 15.593220 0.400000
      vertex 28.291139 15.593220 0.000000
    endloop
  endfacet
  facet normal 1.000000 0.000000 0.000000
    outer loop
      vertex 30.822785 15.084746 0.000000
      vertex 30.822785 15.593220 0.000000
      vertex 30.822785 15.593220 0.400000
    endloop
  endfacet
  facet normal 1.000000 0.000000 0.000000
    outer loop
      vertex 30.822785 15.084746 0.000000
      vertex 30.822785 15.593220 0.400000
      vertex 30.822785 15.084746 0.400000
    endloop
  endfacet
  facet normal 0.000000 0.000000 -1.000000
    outer loop
      vertex 33.354430 15.084746 0.000000
      vertex 37.911392 15.593220 0.000000
      vertex 37.911392 15.084746 0.000000
    endloop
  endfacet
  facet normal 0.000000 0.000000 -1.000000
    outer loop
      vertex 33.354430 15.084746 0.000000
      vertex 33.354430 15.593220 0.000000
      vertex 37.911392 15.593220 0.000000
    endloop
  endfacet
  facet normal 0.000000 0.000000 1.000000
    outer loop
      vertex 33.354430 15.084746 0.400000
      vertex 37.911392 15.084746 0.400000
      vertex 37.911392 15.593220 0.400000
    endloop
  endfacet
  facet normal 0.000000 0.000000 1.000000
    outer loop
      vertex 33.354430 15.084746 0.400000
      vertex 37.911392 15.593220 0.400000
      vertex 33.354430 15.593220 0.400000
    endloop
  endfacet
  facet normal 0.000000 -1.000000 0.000000
    outer loop
      vertex 33.354430 15.084746 0.000000
      vertex 37.911392 15.084746 0.000000
      vertex 37.911392 15.084746 0.400000
    endloop
  endfacet
  facet normal 0.000000 -1.000000 0.000000
    outer loop
      vertex 33.354430 15.084746 0.000000
      vertex 37.911392 15.084746 0.400000
      vertex 33.354430 15.084746 0.400000
    endloop
  endfacet
  facet normal 0.000000 1.000000 0.000000
    outer loop
      vertex 33.354430 15.593220 0.000000
      vertex 37.911392 15.593220 0.400000
      vertex 37.911392 15.593220 0.000000
    endloop
  endfacet
  facet normal 0.000000 1.000000 0.000000
    outer loop
      vertex 33.354430 15.593220 0.000000
      vertex 33.354430 15.593220 0.400000
      vertex 37.911392 15.593220 0.400000
    endloop
  endfacet
  facet normal -1.000000 0.000000 0.000000
    outer loop
      vertex 33.354430 15.084746 0.000000
      vertex 33.354430 15.084746 0.400000
      vertex 33.354430 15.593220 0.400000
    endloop
  endfacet
  facet normal -1.000000 0.000000 0.000000
    outer loop
      vertex 33.354430 15.084746 0.000000
      vertex 33.354430 15.593220 0.400000
      vertex 33.354430 15.593220 0.000000
    endloop
  endfacet
  facet normal 1.000000 0.000000 0.000000
    outer loop
      vertex 37.911392 15.084746 0.000000
      vertex 37.911392 15.593220 0.000000
      vertex 37.911392 15.593220 0.400000
    endloop
  endfacet
  facet normal 1.000000 0.000000 0.000000
    outer loop
      vertex 37.911392 15.084746 0.000000
      vertex 37.911392 15.593220 0.400000
      vertex 37.911392 15.084746 0.400000
    endloop
  endfacet
  facet normal 0.000000 0.000000 -1.000000
    outer loop
      vertex 39.936709 15.084746 0.000000
      vertex 45.000000 15.593220 0.000000
      vertex 45.000000 15.084746 0.000000
    endloop
  endfacet
  facet normal 0.000000 0.000000 -1.000000
    outer loop
      vertex 39.936709 15.084746 0.000000
      vertex 39.936709 15.593220 0.000000
      vertex 45.000000 15.593220 0.000000
    endloop
  endfacet
  facet normal 0.000000 0.000000 1.000000
    outer loop
      vertex 39.936709 15.084746 0.400000
      vertex 45.000000 15.084746 0.400000
      vertex 45.000000 15.593220 0.400000
    endloop
  endfacet
  facet normal 0.000000 0.000000 1.000000
    outer loop
      vertex 39.936709 15.084746 0.400000
      vertex 45.000000 15.593220 0.400000
      vertex 39.936709 15.593220 0.400000
    endloop
  endfacet
  facet normal 0.000000 -1.000000 0.000000
    outer loop
      vertex 39.936709 15.084746 0.000000
      vertex 45.000000 15.084746 0.000000
      vertex 45.000000 15.084746 0.400000
    endloop
  endfacet
  facet normal 0.000000 -1.000000 0.000000
    outer loop
      vertex 39.936709 15.084746 0.000000
      vertex 45.000000 15.084746 0.400000
      vertex 39.936709 15.084746 0.400000
    endloop
  endfacet
  facet normal 0.000000 1.000000 0.000000
    outer loop
      vertex 39.936709 15.593220 0.000000
      vertex 45.000000 15.593220 0.400000
      vertex 45.000000 15.593220 0.000000
    endloop
  endfacet
  facet normal 0.000000 1.000000 0.000000
    outer loop
      vertex 39.936709 15.593220 0.000000
      vertex 39.936709 15.593220 0.400000
      vertex 45.000000 15.593220 0.400000
    endloop
  endfacet
  facet normal -1.000000 0.000000 0.000000
    outer loop
      vertex 39.936709 15.084746 0.000000
      vertex 39.936709 15.084746 0.400000
      vertex 39.936709 15.593220 0.400000
    endloop
  endfacet
  facet normal -1.000000 0.000000 0.000000
    outer loop
      vertex 39.936709 15.084746 0.000000
      vertex 39.936709 15.593220 0.400000
      vertex 39.936709 15.593220 0.000000
    endloop
  endfacet
  facet normal 1.000000 0.000000 0.000000
    outer loop
      vertex 45.000000 15.084746 0.000000
      vertex 45.000000 15.593220 0.000000
      vertex 45.000000 15.593220 0.400000
    endloop
  endfacet
  facet normal 1.000000 0.000000 0.000000
    outer loop
      vertex 45.000000 15.084746 0.000000
      vertex 45.000000 15.593220 0.400000
      vertex 45.000000 15.084746 0.400000
    endloop
  endfacet
  facet normal 0.000000 0.000000 -1.000000
    outer loop
      vertex 5.000000 14.576271 0.000000
      vertex 7.531646 15.084746 0.000000
      vertex 7.531646 14.576271 0.000000
    endloop
  endfacet
  facet normal 0.000000 0.000000 -1.000000
    outer loop
      vertex 5.000000 14.576271 0.000000
      vertex 5.000000 15.084746 0.000000
      vertex 7.531646 15.084746 0.000000
    endloop
  endfacet
  facet normal 0.000000 0.000000 1.000000
    outer loop
      vertex 5.000000 14.576271 0.400000
      vertex 7.531646 14.576271 0.400000
      vertex 7.531646 15.084746 0.400000
    endloop
  endfacet
  facet normal 0.000000 0.000000 1.000000
    outer loop
      vertex 5.000000 14.576271 0.400000
      vertex 7.531646 15.084746 0.400000
      vertex 5.000000 15.084746 0.400000
    endloop
  endfacet
  facet normal 0.000000 -1.000000 0.000000
    outer loop
      vertex 5.000000 14.576271 0.000000
      vertex 7.531646 14.576271 0.000000
      vertex 7.531646 14.576271 0.400000
    endloop
  endfacet
  facet normal 0.000000 -1.000000 0.000000
    outer loop
      vertex 5.000000 14.576271 0.000000
      vertex 7.531646 14.576271 0.400000
      vertex 5.000000 14.576271 0.400000
    endloop
  endfacet
  facet normal 0.000000 1.000000 0.000000
    outer loop
      vertex 5.000000 15.084746 0.000000
      vertex 7.531646 15.084746 0.400000
      vertex 7.531646 15.084746 0.000000
    endloop
  endfacet
  facet normal 0.000000 1.000000 0.000000
    outer loop
      vertex 5.000000 15.084746 0.000000
      vertex 5.000000 15.084746 0.400000
      vertex 7.531646 15.084746 0.400000
    endloop
  endfacet
  facet normal -1.000000 0.000000 0.000000
    outer loop
      vertex 5.000000 14.576271 0.000000
      vertex 5.000000 14.576271 0.400000
      vertex 5.000000 15.084746 0.400000
    endloop
  endfacet
  facet normal -1.000000 0.000000 0.000000
    outer loop
      vertex 5.000000 14.576271 0.000000
      vertex 5.000000 15.084746 0.400000
      vertex 5.000000 15.084746 0.000000
    endloop
  endfacet
  facet normal 1.000000 0.000000 0.000000
    outer loop
      vertex 7.531646 14.576271 0.000000
      vertex 7.531646 15.084746 0.000000
      vertex 7.531646 15.084746 0.400000
    endloop
  endfacet
  facet normal 1.000000 0.000000 0.000000
    outer loop
      vertex 7.531646 14.576271 0.000000
      vertex 7.531646 15.084746 0.400000
      vertex 7.531646 14.576271 0.400000
    endloop
  endfacet
  facet normal 0.000000 0.000000 -1.000000
    outer loop
      vertex 10.569620 14.576271 0.000000
      vertex 12.594937 15.084746 0.000000
      vertex 12.594937 14.576271 0.000000
    endloop
  endfacet
  facet normal 0.000000 0.000000 -1.000000
    outer loop
      vertex 10.569620 14.576271 0.000000
      vertex 10.569620 15.084746 0.000000
      vertex 12.594937 15.084746 0.000000
    endloop
  endfacet
  facet normal 0.000000 0.000000 1.000000
    outer loop
      vertex 10.569620 14.576271 0.400000
      vertex 12.594937 14.576271 0.400000
      vertex 12.594937 15.084746 0.400000
    endloop
  endfacet
  facet normal 0.000000 0.000000 1.000000
    outer loop
      vertex 10.569620 14.576271 0.400000
      vertex 12.594937 15.084746 0.400000
      vertex 10.569620 15.084746 0.400000
    endloop
  endfacet
  facet normal 0.000000 -1.000000 0.000000
    outer loop
      vertex 10.569620 14.576271 0.000000
      vertex 12.594937 14.576271 0.000000
      vertex 12.594937 14.576271 0.400000
    endloop
  endfacet
  facet normal 0.000000 -1.000000 0.000000
    outer loop
      vertex 10.569620 14.576271 0.000000
      vertex 12.594937 14.576271 0.400000
      vertex 10.569620 14.576271 0.400000
    endloop
  endfacet
  facet normal 0.000000 1.000000 0.000000
    outer loop
      vertex 10.569620 15.084746 0.000000
      vertex 12.594937 15.084746 0.400000
      vertex 12.594937 15.084746 0.000000
    endloop
  endfacet
  facet normal 0.000000 1.000000 0.000000
    outer loop
      vertex 10.569620 15.084746 0.000000
      vertex 10.569620 15.084746 0.400000
      vertex 12.594937 15.084746 0.400000
    endloop
  endfacet
  facet normal -1.000000 0.000000 0.000000
    outer loop
      vertex 10.569620 14.576271 0.000000
      vertex 10.569620 14.576271 0.400000
      vertex 10.569620 15.084746 0.400000
    endloop
  endfacet
  facet normal -1.000000 0.000000 0.000000
    outer loop
      vertex 10.569620 14.576271 0.000000
      vertex 10.569620 15.084746 0.400000
      vertex 10.569620 15.084746 0.000000
    endloop
  endfacet
  facet normal 1.000000 0.000000 0.000000
    outer loop
      vertex 12.594937 14.576271 0.000000
      vertex 12.594937 15.084746 0.000000
      vertex 12.594937 15.084746 0.400000
    endloop
  endfacet
  facet normal 1.000000 0.000000 0.000000
    outer loop
      vertex 12.594937 14.576271 0.000000
      vertex 12.594937 15.084746 0.400000
      vertex 12.594937 14.576271 0.400000
    endloop
  endfacet
  facet normal 0.000000 0.000000 -1.000000
    outer loop
      vertex 15.126582 14.576271 0.000000
      vertex 16.645570 15.084746 0.000000
      vertex 16.645570 14.576271 0.000000
    endloop
  endfacet
  facet normal 0.000000 0.000000 -1.000000
    outer loop
      vertex 15.126582 14.576271 0.000000
      vertex 15.126582 15.084746 0.000000
      vertex 16.645570 15.084746 0.000000
    endloop
  endfacet
  facet normal 0.000000 0.000000 1.000000
    outer loop
      vertex 15.126582 14.576271 0.400000
      vertex 16.645570 14.576271 0.400000
      vertex 16.645570 15.084746 0.400000
    endloop
  endfacet
  facet normal 0.000000 0.000000 1.000000
    outer loop
      vertex 15.126582 14.576271 0.400000
      vertex 16.645570 15.084746 0.400000
      vertex 15.126582 15.084746 0.400000
    endloop
  endfacet
  facet normal 0.000000 -1.000000 0.000000
    outer loop
      vertex 15.126582 14.576271 0.000000
      vertex 16.645570 14.576271 0.000000
      vertex 16.645570 14.576271 0.400000
    endloop
  endfacet
  facet normal 0.000000 -1.000000 0.000000
    outer loop
      vertex 15.126582 14.576271 0.000000
      vertex 16.645570 14.576271 0.400000
      vertex 15.126582 14.576271 0.400000
    endloop
  endfacet
  facet normal 0.000000 1.000000 0.000000
    outer loop
      vertex 15.126582 15.084746 0.000000
      vertex 16.645570 15.084746 0.400000
      vertex 16.645570 15.084746 0.000000
    endloop
  endfacet
  facet normal 0.000000 1.000000 0.000000
    outer loop
      vertex 15.126582 15.084746 0.000000
      vertex 15.126582 15.084746 0.400000
      vertex 16.645570 15.084746 0.400000
    endloop
  endfacet
  facet normal -1.000000 0.000000 0.000000
    outer loop
      vertex 15.126582 14.576271 0.000000
      vertex 15.126582 14.576271 0.400000
      vertex 15.126582 15.084746 0.400000
    endloop
  endfacet
  facet normal -1.000000 0.000000 0.000000
    outer loop
      vertex 15.126582 14.576271 0.000000
      vertex 15.126582 15.084746 0.400000
      vertex 15.126582 15.084746 0.000000
    endloop
  endfacet
  facet normal 1.000000 0.000000 0.000000
    outer loop
      vertex 16.645570 14.576271 0.000000
      vertex 16.645570 15.084746 0.000000
      vertex 16.645570 15.084746 0.400000
    endloop
  endfacet
  facet normal 1.000000 0.000000 0.000000
    outer loop
      vertex 16.645570 14.576271 0.000000
      vertex 16.645570 15.084746 0.400000
      vertex 16.645570 14.576271 0.400000
    endloop
  endfacet
  facet normal 0.000000 0.000000 -1.000000
    outer loop
      vertex 19.177215 14.576271 0.000000
      vertex 20.696203 15.084746 0.000000
      vertex 20.696203 14.576271 0.000000
    endloop
  endfacet
  facet normal 0.000000 0.000000 -1.000000
    outer loop
      vertex 19.177215 14.576271 0.000000
      vertex 19.177215 15.084746 0.000000
      vertex 20.696203 15.084746 0.000000
    endloop
  endfacet
  facet normal 0.000000 0.000000 1.000000
    outer loop
      vertex 19.177215 14.576271 0.400000
      vertex 20.696203 14.576271 0.400000
      vertex 20.696203 15.084746 0.400000
    endloop
  endfacet
  facet normal 0.000000 0.000000 1.000000
    outer loop
      vertex 19.177215 14.576271 0.400000
      vertex 20.696203 15.084746 0.400000
      vertex 19.177215 15.084746 0.400000
    endloop
  endfacet
  facet normal 0.000000 -1.000000 0.000000
    outer loop
      vertex 19.177215 14.576271 0.000000
      vertex 20.696203 14.576271 0.000000
      vertex 20.696203 14.576271 0.400000
    endloop
  endfacet
  facet normal 0.000000 -1.000000 0.000000
    outer loop
      vertex 19.177215 14.576271 0.000000
      vertex 20.696203 14.576271 0.400000
      vertex 19.177215 14.576271 0.400000
    endloop
  endfacet
  facet normal 0.000000 1.000000 0.000000
    outer loop
      vertex 19.177215 15.084746 0.000000
      vertex 20.696203 15.084746 0.400000
      vertex 20.696203 15.084746 0.000000
    endloop
  endfacet
  facet normal 0.000000 1.000000 0.000000
    outer loop
      vertex 19.177215 15.084746 0.000000
      vertex 19.177215 15.084746 0.400000
      vertex 20.696203 15.084746 0.400000
    endloop
  endfacet
  facet normal -1.000000 0.000000 0.000000
    outer loop
      vertex 19.177215 14.576271 0.000000
      vertex 19.177215 14.576271 0.400000
      vertex 19.177215 15.084746 0.400000
    endloop
  endfacet
  facet normal -1.000000 0.000000 0.000000
    outer loop
      vertex 19.177215 14.576271 0.000000
      vertex 19.177215 15.084746 0.400000
      vertex 19.177215 15.084746 0.000000
    endloop
  endfacet
  facet normal 1.000000 0.000000 0.000000
    outer loop
      vertex 20.696203 14.576271 0.000000
      vertex 20.696203 15.084746 0.000000
      vertex 20.696203 15.084746 0.400000
    endloop
  endfacet
  facet normal 1.000000 0.000000 0.000000
    outer loop
      vertex 20.696203 14.576271 0.000000
      vertex 20.696203 15.084746 0.400000
      vertex 20.696203 14.576271 0.400000
    endloop
  endfacet
  facet normal 0.000000 0.000000 -1.000000
    outer loop
      vertex 23.227848 14.576271 0.000000
      vertex 26.265823 15.084746 0.000000
      vertex 26.265823 14.576271 0.000000
    endloop
  endfacet
  facet normal 0.000000 0.000000 -1.000000
    outer loop
      vertex 23.227848 14.576271 0.000000
      vertex 23.227848 15.084746 0.000000
      vertex 26.265823 15.084746 0.000000
    endloop
  endfacet
  facet normal 0.000000 0.000000 1.000000
    outer loop
      vertex 23.227848 14.576271 0.400000
      vertex 26.265823 14.576271 0.400000
      vertex 26.265823 15.084746 0.400000
    endloop
  endfacet
  facet normal 0.000000 0.000000 1.000000
    outer loop
      vertex 23.227848 14.576271 0.400000
      vertex 26.265823 15.084746 0.400000
      vertex 23.227848 15.084746 0.400000
    endloop
  endfacet
  facet normal 0.000000 -1.000000 0.000000
    outer loop
      vertex 23.227848 14.576271 0.000000
      vertex 26.265823 14.576271 0.000000
      vertex 26.265823 14.576271 0.400000
    endloop
  endfacet
  facet normal 0.000000 -1.000000 0.000000
    outer loop
      vertex 23.227848 14.576271 0.000000
      vertex 26.265823 14.576271 0.400000
      vertex 23.227848 14.576271 0.400000
    endloop
  endfacet
  facet normal 0.000000 1.000000 0.000000
    outer loop
      vertex 23.227848 15.084746 0.000000
      vertex 26.265823 15.084746 0.400000
      vertex 26.265823 15.084746 0.000000
    endloop
  endfacet
  facet normal 0.000000 1.000000 0.000000
    outer loop
      vertex 23.227848 15.084746 0.000000
      vertex 23.227848 15.084746 0.400000
      vertex 26.265823 15.084746 0.400000
    endloop
  endfacet
  facet normal -1.000000 0.000000 0.000000
    outer loop
      vertex 23.227848 14.576271 0.000000
      vertex 23.227848 14.576271 0.400000
      vertex 23.227848 15.084746 0.400000
    endloop
  endfacet
  facet normal -1.000000 0.000000 0.000000
    outer loop
      vertex 23.227848 14.576271 0.000000
      vertex 23.227848 15.084746 0.400000
      vertex 23.227848 15.084746 0.000000
    endloop
  endfacet
  facet normal 1.000000 0.000000 0.000000
    outer loop
      vertex 26.265823 14.576271 0.000000
      vertex 26.265823 15.084746 0.000000
      vertex 26.265823 15.084746 0.400000
    endloop
  endfacet
  facet normal 1.000000 0.000000 0.000000
    outer loop
      vertex 26.265823 14.576271 0.000000
      vertex 26.265823 15.084746 0.400000
      vertex 26.265823 14.576271 0.400000
    endloop
  endfacet
  facet normal 0.000000 0.000000 -1.000000
    outer loop
      vertex 28.797468 14.576271 0.000000
      vertex 30.316456 15.084746 0.000000
      vertex 30.316456 14.576271 0.000000
    endloop
  endfacet
  facet normal 0.000000 0.000000 -1.000000
    outer loop
      vertex 28.797468 14.576271 0.000000
      vertex 28.797468 15.084746 0.000000
      vertex 30.316456 15.084746 0.000000
    endloop
  endfacet
  facet normal 0.000000 0.000000 1.000000
    outer loop
      vertex 28.797468 14.576271 0.400000
      vertex 30.316456 14.576271 0.400000
      vertex 30.316456 15.084746 0.400000
    endloop
  endfacet
  facet normal 0.000000 0.000000 1.000000
    outer loop
      vertex 28.797468 14.576271 0.400000
      vertex 30.316456 15.084746 0.400000
      vertex 28.797468 15.084746 0.400000
    endloop
  endfacet
  facet normal 0.000000 -1.000000 0.000000
    outer loop
      vertex 28.797468 14.576271 0.000000
      vertex 30.316456 14.576271 0.000000
      vertex 30.316456 14.576271 0.400000
    endloop
  endfacet
  facet normal 0.000000 -1.000000 0.000000
    outer loop
      vertex 28.797468 14.576271 0.000000
      vertex 30.316456 14.576271 0.400000
      vertex 28.797468 14.576271 0.400000
    endloop
  endfacet
  facet normal 0.000000 1.000000 0.000000
    outer loop
      vertex 28.797468 15.084746 0.000000
      vertex 30.316456 15.084746 0.400000
      vertex 30.316456 15.084746 0.000000
    endloop
  endfacet
  facet normal 0.000000 1.000000 0.000000
    outer loop
      vertex 28.797468 15.084746 0.000000
      vertex 28.797468 15.084746 0.400000
      vertex 30.316456 15.084746 0.400000
    endloop
  endfacet
  facet normal -1.000000 0.000000 0.000000
    outer loop
      vertex 28.797468 14.576271 0.000000
      vertex 28.797468 14.576271 0.400000
      vertex 28.797468 15.084746 0.400000
    endloop
  endfacet
  facet normal -1.000000 0.000000 0.000000
    outer loop
      vertex 28.797468 14.576271 0.000000
      vertex 28.797468 15.084746 0.400000
      vertex 28.797468 15.084746 0.000000
    endloop
  endfacet
  facet normal 1.000000 0.000000 0.000000
    outer loop
      vertex 30.316456 14.576271 0.000000
      vertex 30.316456 15.084746 0.000000
      vertex 30.316456 15.084746 0.400000
    endloop
  endfacet
  facet normal 1.000000 0.000000 0.000000
    outer loop
      vertex 30.316456 14.576271 0.000000
      vertex 30.316456 15.084746 0.400000
      vertex 30.316456 14.576271 0.400000
    endloop
  endfacet
  facet normal 0.000000 0.000000 -1.000000
    outer loop
      vertex 32.848101 14.576271 0.000000
      vertex 37.911392 15.084746 0.000000
      vertex 37.911392 14.576271 0.000000
    endloop
  endfacet
  facet normal 0.000000 0.000000 -1.000000
    outer loop
      vertex 32.848101 14.576271 0.000000
      vertex 32.848101 15.084746 0.000000
      vertex 37.911392 15.084746 0.000000
    endloop
  endfacet
  facet normal 0.000000 0.000000 1.000000
    outer loop
      vertex 32.848101 14.576271 0.400000
      vertex 37.911392 14.576271 0.400000
      vertex 37.911392 15.084746 0.400000
    endloop
  endfacet
  facet normal 0.000000 0.000000 1.000000
    outer loop
      vertex 32.848101 14.576271 0.400000
      vertex 37.911392 15.084746 0.400000
      vertex 32.848101 15.084746 0.400000
    endloop
  endfacet
  facet normal 0.000000 -1.000000 0.000000
    outer loop
      vertex 32.848101 14.576271 0.000000
      vertex 37.911392 14.576271 0.000000
      vertex 37.911392 14.576271 0.400000
    endloop
  endfacet
  facet normal 0.000000 -1.000000 0.000000
    outer loop
      vertex 32.848101 14.576271 0.000000
      vertex 37.911392 14.576271 0.400000
      vertex 32.848101 14.576271 0.400000
    endloop
  endfacet
  facet normal 0.000000 1.000000 0.000000
    outer loop
      vertex 32.848101 15.084746 0.000000
      vertex 37.911392 15.084746 0.400000
      vertex 37.911392 15.084746 0.000000
    endloop
  endfacet
  facet normal 0.000000 1.000000 0.000000
    outer loop
      vertex 32.848101 15.084746 0.000000
      vertex 32.848101 15.084746 0.400000
      vertex 37.911392 15.084746 0.400000
    endloop
  endfacet
  facet normal -1.000000 0.000000 0.000000
    outer loop
      vertex 32.848101 14.576271 0.000000
      vertex 32.848101 14.576271 0.400000
      vertex 32.848101 15.084746 0.400000
    endloop
  endfacet
  facet normal -1.000000 0.000000 0.000000
    outer loop
      vertex 32.848101 14.576271 0.000000
      vertex 32.848101 15.084746 0.400000
      vertex 32.848101 15.084746 0.000000
    endloop
  endfacet
  facet normal 1.000000 0.000000 0.000000
    outer loop
      vertex 37.911392 14.576271 0.000000
      vertex 37.911392 15.084746 0.000000
      vertex 37.911392 15.084746 0.400000
    endloop
  endfacet
  facet normal 1.000000 0.000000 0.000000
    outer loop
      vertex 37.911392 14.576271 0.000000
      vertex 37.911392 15.084746 0.400000
      vertex 37.911392 14.576271 0.400000
    endloop
  endfacet
  facet normal 0.000000 0.000000 -1.000000
    outer loop
      vertex 39.936709 14.576271 0.000000
      vertex 45.000000 15.084746 0.000000
      vertex 45.000000 14.576271 0.000000
    endloop
  endfacet
  facet normal 0.000000 0.000000 -1.000000
    outer loop
      vertex 39.936709 14.576271 0.000000
      vertex 39.936709 15.084746 0.000000
      vertex 45.000000 15.084746 0.000000
    endloop
  endfacet
  facet normal 0.000000 0.000000 1.000000
    outer loop
      vertex 39.936709 14.576271 0.400000
      vertex 45.000000 14.576271 0.400000
      vertex 45.000000 15.084746 0.400000
    endloop
  endfacet
  facet normal 0.000000 0.000000 1.000000
    outer loop
      vertex 39.936709 14.576271 0.400000
      vertex 45.000000 15.084746 0.400000
      vertex 39.936709 15.084746 0.400000
    endloop
  endfacet
  facet normal 0.000000 -1.000000 0.000000
    outer loop
      vertex 39.936709 14.576271 0.000000
      vertex 45.000000 14.576271 0.000000
      vertex 45.000000 14.576271 0.400000
    endloop
  endfacet
  facet normal 0.000000 -1.000000 0.000000
    outer loop
      vertex 39.936709 14.576271 0.000000
      vertex 45.000000 14.576271 0.400000
      vertex 39.936709 14.576271 0.400000
    endloop
  endfacet
  facet normal 0.000000 1.000000 0.000000
    outer loop
      vertex 39.936709 15.084746 0.000000
      vertex 45.000000 15.084746 0.400000
      vertex 45.000000 15.084746 0.000000
    endloop
  endfacet
  facet normal 0.000000 1.000000 0.000000
    outer loop
      vertex 39.936709 15.084746 0.000000
      vertex 39.936709 15.084746 0.400000
      vertex 45.000000 15.084746 0.400000
    endloop
  endfacet
  facet normal -1.000000 0.000000 0.000000
    outer loop
      vertex 39.936709 14.576271 0.000000
      vertex 39.936709 14.576271 0.400000
      vertex 39.936709 15.084746 0.400000
    endloop
  endfacet
  facet normal -1.000000 0.000000 0.000000
    outer loop
      vertex 39.936709 14.576271 0.000000
      vertex 39.936709 15.084746 0.400000
      vertex 39.936709 15.084746 0.000000
    endloop
  endfacet
  facet normal 1.000000 0.000000 0.000000
    outer loop
      vertex 45.000000 14.576271 0.000000
      vertex 45.000000 15.084746 0.000000
      vertex 45.000000 15.084746 0.400000
    endloop
  endfacet
  facet normal 1.000000 0.000000 0.000000
    outer loop
      vertex 45.000000 14.576271 0.000000
      vertex 45.000000 15.084746 0.400000
      vertex 45.000000 14.576271 0.400000
    endloop
  endfacet
  facet normal 0.000000 0.000000 -1.000000
    outer loop
      vertex 5.000000 14.067797 0.000000
      vertex 7.531646 14.576271 0.000000
      vertex 7.531646 14.067797 0.000000
    endloop
  endfacet
  facet normal 0.000000 0.000000 -1.000000
    outer loop
      vertex 5.000000 14.067797 0.000000
      vertex 5.000000 14.576271 0.000000
      vertex 7.531646 14.576271 0.000000
    endloop
  endfacet
  facet normal 0.000000 0.000000 1.000000
    outer loop
      vertex 5.000000 14.067797 0.400000
      vertex 7.531646 14.067797 0.400000
      vertex 7.531646 14.576271 0.400000
    endloop
  endfacet
  facet normal 0.000000 0.000000 1.000000
    outer loop
      vertex 5.000000 14.067797 0.400000
      vertex 7.531646 14.576271 0.400000
      vertex 5.000000 14.576271 0.400000
    endloop
  endfacet
  facet normal 0.000000 -1.000000 0.000000
    outer loop
      vertex 5.000000 14.067797 0.000000
      vertex 7.531646 14.067797 0.000000
      vertex 7.531646 14.067797 0.400000
    endloop
  endfacet
  facet normal 0.000000 -1.000000 0.000000
    outer loop
      vertex 5.000000 14.067797 0.000000
      vertex 7.531646 14.067797 0.400000
      vertex 5.000000 14.067797 0.400000
    endloop
  endfacet
  facet normal 0.000000 1.000000 0.000000
    outer loop
      vertex 5.000000 14.576271 0.000000
      vertex 7.531646 14.576271 0.400000
      vertex 7.531646 14.576271 0.000000
    endloop
  endfacet
  facet normal 0.000000 1.000000 0.000000
    outer loop
      vertex 5.000000 14.576271 0.000000
      vertex 5.000000 14.576271 0.400000
      vertex 7.531646 14.576271 0.400000
    endloop
  endfacet
  facet normal -1.000000 0.000000 0.000000
    outer loop
      vertex 5.000000 14.067797 0.000000
      vertex 5.000000 14.067797 0.400000
      vertex 5.000000 14.576271 0.400000
    endloop
  endfacet
  facet normal -1.000000 0.000000 0.000000
    outer loop
      vertex 5.000000 14.067797 0.000000
      vertex 5.000000 14.576271 0.400000
      vertex 5.000000 14.576271 0.000000
    endloop
  endfacet
  facet normal 1.000000 0.000000 0.000000
    outer loop
      vertex 7.531646 14.067797 0.000000
      vertex 7.531646 14.576271 0.000000
      vertex 7.531646 14.576271 0.400000
    endloop
  endfacet
  facet normal 1.000000 0.000000 0.000000
    outer loop
      vertex 7.531646 14.067797 0.000000
      vertex 7.531646 14.576271 0.400000
      vertex 7.531646 14.067797 0.400000
    endloop
  endfacet
  facet normal 0.000000 0.000000 -1.000000
    outer loop
      vertex 14.620253 14.067797 0.000000
      vertex 17.151899 14.576271 0.000000
      vertex 17.151899 14.067797 0.000000
    endloop
  endfacet
  facet normal 0.000000 0.000000 -1.000000
    outer loop
      vertex 14.620253 14.067797 0.000000
      vertex 14.620253 14.576271 0.000000
      vertex 17.151899 14.576271 0.000000
    endloop
  endfacet
  facet normal 0.000000 0.000000 1.000000
    outer loop
      vertex 14.620253 14.067797 0.400000
      vertex 17.151899 14.067797 0.400000
      vertex 17.151899 14.576271 0.400000
    endloop
  endfacet
  facet normal 0.000000 0.000000 1.000000
    outer loop
      vertex 14.620253 14.067797 0.400000
      vertex 17.151899 14.576271 0.400000
      vertex 14.620253 14.576271 0.400000
    endloop
  endfacet
  facet normal 0.000000 -1.000000 0.000000
    outer loop
      vertex 14.620253 14.067797 0.000000
      vertex 17.151899 14.067797 0.000000
      vertex 17.151899 14.067797 0.400000
    endloop
  endfacet
  facet normal 0.000000 -1.000000 0.000000
    outer loop
      vertex 14.620253 14.067797 0.000000
      vertex 17.151899 14.067797 0.400000
      vertex 14.620253 14.067797 0.400000
    endloop
  endfacet
  facet normal 0.000000 1.000000 0.000000
    outer loop
      vertex 14.620253 14.576271 0.000000
      vertex 17.151899 14.576271 0.400000
      vertex 17.151899 14.576271 0.000000
    endloop
  endfacet
  facet normal 0.000000 1.000000 0.000000
    outer loop
      vertex 14.620253 14.576271 0.000000
      vertex 14.620253 14.576271 0.400000
      vertex 17.151899 14.576271 0.400000
    endloop
  endfacet
  facet normal -1.000000 0.000000 0.000000
    outer loop
      vertex 14.620253 14.067797 0.000000
      vertex 14.620253 14.067797 0.400000
      vertex 14.620253 14.576271 0.400000
    endloop
  endfacet
  facet normal -1.000000 0.000000 0.000000
    outer loop
      vertex 14.620253 14.067797 0.000000
      vertex 14.620253 14.576271 0.400000
      vertex 14.620253 14.576271 0.000000
    endloop
  endfacet
  facet normal 1.000000 0.000000 0.000000
    outer loop
      vertex 17.151899 14.067797 0.000000
      vertex 17.151899 14.576271 0.000000
      vertex 17.151899 14.576271 0.400000
    endloop
  endfacet
  facet normal 1.000000 0.000000 0.000000
    outer loop
      vertex 17.151899 14.067797 0.000000
      vertex 17.151899 14.576271 0.400000
      vertex 17.151899 14.067797 0.400000
    endloop
  endfacet
  facet normal 0.000000 0.000000 -1.000000
    outer loop
      vertex 22.721519 14.067797 0.000000
      vertex 26.772152 14.576271 0.000000
      vertex 26.772152 14.067797 0.000000
    endloop
  endfacet
  facet normal 0.000000 0.000000 -1.000000
    outer loop
      vertex 22.721519 14.067797 0.000000
      vertex 22.721519 14.576271 0.000000
      vertex 26.772152 14.576271 0.000000
    endloop
  endfacet
  facet normal 0.000000 0.000000 1.000000
    outer loop
      vertex 22.721519 14.067797 0.400000
      vertex 26.772152 14.067797 0.400000
      vertex 26.772152 14.576271 0.400000
    endloop
  endfacet
  facet normal 0.000000 0.000000 1.000000
    outer loop
      vertex 22.721519 14.067797 0.400000
      vertex 26.772152 14.576271 0.400000
      vertex 22.721519 14.576271 0.400000
    endloop
  endfacet
  facet normal 0.000000 -1.000000 0.000000
    outer loop
      vertex 22.721519 14.067797 0.000000
      vertex 26.772152 14.067797 0.000000
      vertex 26.772152 14.067797 0.400000
    endloop
  endfacet
  facet normal 0.000000 -1.000000 0.000000
    outer loop
      vertex 22.721519 14.067797 0.000000
      vertex 26.772152 14.067797 0.400000
      vertex 22.721519 14.067797 0.400000
    endloop
  endfacet
  facet normal 0.000000 1.000000 0.000000
    outer loop
      vertex 22.721519 14.576271 0.000000
      vertex 26.772152 14.576271 0.400000
      vertex 26.772152 14.576271 0.000000
    endloop
  endfacet
  facet normal 0.000000 1.000000 0.000000
    outer loop
      vertex 22.721519 14.576271 0.000000
      vertex 22.721519 14.576271 0.400000
      vertex 26.772152 14.576271 0.400000
    endloop
  endfacet
  facet normal -1.000000 0.000000 0.000000
    outer loop
      vertex 22.721519 14.067797 0.000000
      vertex 22.721519 14.067797 0.400000
      vertex 22.721519 14.576271 0.400000
    endloop
  endfacet
  facet normal -1.000000 0.000000 0.000000
    outer loop
      vertex 22.721519 14.067797 0.000000
      vertex 22.721519 14.576271 0.400000
      vertex 22.721519 14.576271 0.000000
    endloop
  endfacet
  facet normal 1.000000 0.000000 0.000000
    outer loop
      vertex 26.772152 14.067797 0.000000
      vertex 26.772152 14.576271 0.000000
      vertex 26.772152 14.576271 0.400000
    endloop
  endfacet
  facet normal 1.000000 0.000000 0.000000
    outer loop
      vertex 26.772152 14.067797 0.000000
      vertex 26.772152 14.576271 0.400000
      vertex 26.772152 14.067797 0.400000
    endloop
  endfacet
  facet normal 0.000000 0.000000 -1.000000
    outer loop
      vertex 32.341772 14.067797 0.000000
      vertex 35.379747 14.576271 0.000000
      vertex 35.379747 14.067797 0.000000
    endloop
  endfacet
  facet normal 0.000000 0.000000 -1.000000
    outer loop
      vertex 32.341772 14.067797 0.000000
      vertex 32.341772 14.576271 0.000000
      vertex 35.379747 14.576271 0.000000
    endloop
  endfacet
  facet normal 0.000000 0.000000 1.000000
    outer loop
      vertex 32.341772 14.067797 0.400000
      vertex 35.379747 14.067797 0.400000
      vertex 35.379747 14.576271 0.400000
    endloop
  endfacet
  facet normal 0.000000 0.000000 1.000000
    outer loop
      vertex 32.341772 14.067797 0.400000
      vertex 35.379747 14.576271 0.400000
      vertex 32.341772 14.576271 0.400000
    endloop
  endfacet
  facet normal 0.000000 -1.000000 0.000000
    outer loop
      vertex 32.341772 14.067797 0.000000
      vertex 35.379747 14.067797 0.000000
      vertex 35.379747 14.067797 0.400000
    endloop
  endfacet
  facet normal 0.000000 -1.000000 0.000000
    outer loop
      vertex 32.341772 14.067797 0.000000
      vertex 35.379747 14.067797 0.400000
      vertex 32.341772 14.067797 0.400000
    endloop
  endfacet
  facet normal 0.000000 1.000000 0.000000
    outer loop
      vertex 32.341772 14.576271 0.000000
      vertex 35.379747 14.576271 0.400000
      vertex 35.379747 14.576271 0.000000
    endloop
  endfacet
  facet normal 0.000000 1.000000 0.000000
    outer loop
      vertex 32.341772 14.576271 0.000000
      vertex 32.341772 14.576271 0.400000
      vertex 35.379747 14.576271 0.400000
    endloop
  endfacet
  facet normal -1.000000 0.000000 0.000000
    outer loop
      vertex 32.341772 14.067797 0.000000
      vertex 32.341772 14.067797 0.400000
      vertex 32.341772 14.576271 0.400000
    endloop
  endfacet
  facet normal -1.000000 0.000000 0.000000
    outer loop
      vertex 32.341772 14.067797 0.000000
      vertex 32.341772 14.576271 0.400000
      vertex 32.341772 14.576271 0.000000
    endloop
  endfacet
  facet normal 1.000000 0.000000 0.000000
    outer loop
      vertex 35.379747 14.067797 0.000000
      vertex 35.379747 14.576271 0.000000
      vertex 35.379747 14.576271 0.400000
    endloop
  endfacet
  facet normal 1.000000 0.000000 0.000000
    outer loop
      vertex 35.379747 14.067797 0.000000
      vertex 35.379747 14.576271 0.400000
      vertex 35.379747 14.067797 0.400000
    endloop
  endfacet
  facet normal 0.000000 0.000000 -1.000000
    outer loop
      vertex 42.468354 14.067797 0.000000
      vertex 45.000000 14.576271 0.000000
      vertex 45.000000 14.067797 0.000000
    endloop
  endfacet
  facet normal 0.000000 0.000000 -1.000000
    outer loop
      vertex 42.468354 14.067797 0.000000
      vertex 42.468354 14.576271 0.000000
      vertex 45.000000 14.576271 0.000000
    endloop
  endfacet
  facet normal 0.000000 0.000000 1.000000
    outer loop
      vertex 42.468354 14.067797 0.400000
      vertex 45.000000 14.067797 0.400000
      vertex 45.000000 14.576271 0.400000
    endloop
  endfacet
  facet normal 0.000000 0.000000 1.000000
    outer loop
      vertex 42.468354 14.067797 0.400000
      vertex 45.000000 14.576271 0.400000
      vertex 42.468354 14.576271 0.400000
    endloop
  endfacet
  facet normal 0.000000 -1.000000 0.000000
    outer loop
      vertex 42.468354 14.067797 0.000000
      vertex 45.000000 14.067797 0.000000
      vertex 45.000000 14.067797 0.400000
    endloop
  endfacet
  facet normal 0.000000 -1.000000 0.000000
    outer loop
      vertex 42.468354 14.067797 0.000000
      vertex 45.000000 14.067797 0.400000
      vertex 42.468354 14.067797 0.400000
    endloop
  endfacet
  facet normal 0.000000 1.000000 0.000000
    outer loop
      vertex 42.468354 14.576271 0.000000
      vertex 45.000000 14.576271 0.400000
      vertex 45.000000 14.576271 0.000000
    endloop
  endfacet
  facet normal 0.000000 1.000000 0.000000
    outer loop
      vertex 42.468354 14.576271 0.000000
      vertex 42.468354 14.576271 0.400000
      vertex 45.000000 14.576271 0.400000
    endloop
  endfacet
  facet normal -1.000000 0.000000 0.000000
    outer loop
      vertex 42.468354 14.067797 0.000000
      vertex 42.468354 14.067797 0.400000
      vertex 42.468354 14.576271 0.400000
    endloop
  endfacet
  facet normal -1.000000 0.000000 0.000000
    outer loop
      vertex 42.468354 14.067797 0.000000
      vertex 42.468354 14.576271 0.400000
      vertex 42.468354 14.576271 0.000000
    endloop
  endfacet
  facet normal 1.000000 0.000000 0.000000
    outer loop
      vertex 45.000000 14.067797 0.000000
      vertex 45.000000 14.576271 0.000000
      vertex 45.000000 14.576271 0.400000
    endloop
  endfacet
  facet normal 1.000000 0.000000 0.000000
    outer loop
      vertex 45.000000 14.067797 0.000000
      vertex 45.000000 14.576271 0.400000
      vertex 45.000000 14.067797 0.400000
    endloop
  endfacet
  facet normal 0.000000 0.000000 -1.000000
    outer loop
      vertex 5.000000 13.559322 0.000000
      vertex 7.531646 14.067797 0.000000
      vertex 7.531646 13.559322 0.000000
    endloop
  endfacet
  facet normal 0.000000 0.000000 -1.000000
    outer loop
      vertex 5.000000 13.559322 0.000000
      vertex 5.000000 14.067797 0.000000
      vertex 7.531646 14.067797 0.000000
    endloop
  endfacet
  facet normal 0.000000 0.000000 1.000000
    outer loop
      vertex 5.000000 13.559322 0.400000
      vertex 7.531646 13.559322 0.400000
      vertex 7.531646 14.067797 0.400000
    endloop
  endfacet
  facet normal 0.000000 0.000000 1.000000
    outer loop
      vertex 5.000000 13.559322 0.400000
      vertex 7.531646 14.067797 0.400000
      vertex 5.000000 14.067797 0.400000
    endloop
  endfacet
  facet normal 0.000000 -1.000000 0.000000
    outer loop
      vertex 5.000000 13.559322 0.000000
      vertex 7.531646 13.559322 0.000000
      vertex 7.531646 13.559322 0.400000
    endloop
  endfacet
  facet normal 0.000000 -1.000000 0.000000
    outer loop
      vertex 5.000000 13.559322 0.000000
      vertex 7.531646 13.559322 0.400000
      vertex 5.000000 13.559322 0.400000
    endloop
  endfacet
  facet normal 0.000000 1.000000 0.000000
    outer loop
      vertex 5.000000 14.067797 0.000000
      vertex 7.531646 14.067797 0.400000
      vertex 7.531646 14.067797 0.000000
    endloop
  endfacet
  facet normal 0.000000 1.000000 0.000000
    outer loop
      vertex 5.000000 14.067797 0.000000
      vertex 5.000000 14.067797 0.400000
      vertex 7.531646 14.067797 0.400000
    endloop
  endfacet
  facet normal -1.000000 0.000000 0.000000
    outer loop
      vertex 5.000000 13.559322 0.000000
      vertex 5.000000 13.559322 0.400000
      vertex 5.000000 14.067797 0.400000
    endloop
  endfacet
  facet normal -1.000000 0.000000 0.000000
    outer loop
      vertex 5.000000 13.559322 0.000000
      vertex 5.000000 14.067797 0.400000
      vertex 5.000000 14.067797 0.000000
    endloop
  endfacet
  facet normal 1.000000 0.000000 0.000000
    outer loop
      vertex 7.531646 13.559322 0.000000
      vertex 7.531646 14.067797 0.000000
      vertex 7.531646 14.067797 0.400000
    endloop
  endfacet
  facet normal 1.000000 0.000000 0.000000
    outer loop
      vertex 7.531646 13.559322 0.000000
      vertex 7.531646 14.067797 0.400000
      vertex 7.531646 13.559322 0.400000
    endloop
  endfacet
  facet normal 0.000000 0.000000 -1.000000
    outer loop
      vertex 10.063291 13.559322 0.000000
      vertex 10.569620 14.067797 0.000000
      vertex 10.569620 13.559322 0.000000
    endloop
  endfacet
  facet normal 0.000000 0.000000 -1.000000
    outer loop
      vertex 10.063291 13.559322 0.000000
      vertex 10.063291 14.067797 0.000000
      vertex 10.569620 14.067797 0.000000
    endloop
  endfacet
  facet normal 0.000000 0.000000 1.000000
    outer loop
      vertex 10.063291 13.559322 0.400000
      vertex 10.569620 13.559322 0.400000
      vertex 10.569620 14.067797 0.400000
    endloop
  endfacet
  facet normal 0.000000 0.000000 1.000000
    outer loop
      vertex 10.063291 13.559322 0.400000
      vertex 10.569620 14.067797 0.400000
      vertex 10.063291 14.067797 0.400000
    endloop
  endfacet
  facet normal 0.000000 -1.000000 0.000000
    outer loop
      vertex 10.063291 13.559322 0.000000
      vertex 10.569620 13.559322 0.000000
      vertex 10.569620 13.559322 0.400000
    endloop
  endfacet
  facet normal 0.000000 -1.000000 0.000000
    outer loop
      vertex 10.063291 13.559322 0.000000
      vertex 10.569620 13.559322 0.400000
      vertex 10.063291 13.559322 0.400000
    endloop
  endfacet
  facet normal 0.000000 1.000000 0.000000
    outer loop
      vertex 10.063291 14.067797 0.000000
      vertex 10.569620 14.067797 0.400000
      vertex 10.569620 14.067797 0.000000
    endloop
  endfacet
  facet normal 0.000000 1.000000 0.000000
    outer loop
      vertex 10.063291 14.067797 0.000000
      vertex 10.063291 14.067797 0.400000
      vertex 10.569620 14.067797 0.400000
    endloop
  endfacet
  facet normal -1.000000 0.000000 0.000000
    outer loop
      vertex 10.063291 13.559322 0.000000
      vertex 10.063291 13.559322 0.400000
      vertex 10.063291 14.067797 0.400000
    endloop
  endfacet
  facet normal -1.000000 0.000000 0.000000
    outer loop
      vertex 10.063291 13.559322 0.000000
      vertex 10.063291 14.067797 0.400000
      vertex 10.063291 14.067797 0.000000
    endloop
  endfacet
  facet normal 1.000000 0.000000 0.000000
    outer loop
      vertex 10.569620 13.559322 0.000000
      vertex 10.569620 14.067797 0.000000
      vertex 10.569620 14.067797 0.400000
    endloop
  endfacet
  facet normal 1.000000 0.000000 0.000000
    outer loop
      vertex 10.569620 13.559322 0.000000
      vertex 10.569620 14.067797 0.400000
      vertex 10.569620 13.559322 0.400000
    endloop
  endfacet
  facet normal 0.000000 0.000000 -1.000000
    outer loop
      vertex 14.620253 13.559322 0.000000
      vertex 17.658228 14.067797 0.000000
      vertex 17.658228 13.559322 0.000000
    endloop
  endfacet
  facet normal 0.000000 0.000000 -1.000000
    outer loop
      vertex 14.620253 13.559322 0.000000
      vertex 14.620253 14.067797 0.000000
      vertex 17.658228 14.067797 0.000000
    endloop
  endfacet
  facet normal 0.000000 0.000000 1.000000
    outer loop
      vertex 14.620253 13.559322 0.400000
      vertex 17.658228 13.559322 0.400000
      vertex 17.658228 14.067797 0.400000
    endloop
  endfacet
  facet normal 0.000000 0.000000 1.000000
    outer loop
      vertex 14.620253 13.559322 0.400000
      vertex 17.658228 14.067797 0.400000
      vertex 14.620253 14.067797 0.400000
    endloop
  endfacet
  facet normal 0.000000 -1.000000 0.000000
    outer loop
      vertex 14.620253 13.559322 0.000000
      vertex 17.658228 13.559322 0.000000
      vertex 17.658228 13.559322 0.400000
    endloop
  endfacet
  facet normal 0.000000 -1.000000 0.000000
    outer loop
      vertex 14.620253 13.559322 0.000000
      vertex 17.658228 13.559322 0.400000
      vertex 14.620253 13.559322 0.400000
    endloop
  endfacet
  facet normal 0.000000 1.000000 0.000000
    outer loop
      vertex 14.620253 14.067797 0.000000
      vertex 17.658228 14.067797 0.400000
      vertex 17.658228 14.067797 0.000000
    endloop
  endfacet
  facet normal 0.000000 1.000000 0.000000
    outer loop
      vertex 14.620253 14.067797 0.000000
      vertex 14.620253 14.067797 0.400000
      vertex 17.658228 14.067797 0.400000
    endloop
  endfacet
  facet normal -1.000000 0.000000 0.000000
    outer loop
      vertex 14.620253 13.559322 0.000000
      vertex 14.620253 13.559322 0.400000
      vertex 14.620253 14.067797 0.400000
    endloop
  endfacet
  facet normal -1.000000 0.000000 0.000000
    outer loop
      vertex 14.620253 13.559322 0.000000
      vertex 14.620253 14.067797 0.400000
      vertex 14.620253 14.067797 0.000000
    endloop
  endfacet
  facet normal 1.000000 0.000000 0.000000
    outer loop
      vertex 17.658228 13.559322 0.000000
      vertex 17.658228 14.067797 0.000000
      vertex 17.658228 14.067797 0.400000
    endloop
  endfacet
  facet normal 1.000000 0.000000 0.000000
    outer loop
      vertex 17.658228 13.559322 0.000000
      vertex 17.658228 14.067797 0.400000
      vertex 17.658228 13.559322 0.400000
    endloop
  endfacet
  facet normal 0.000000 0.000000 -1.000000
    outer loop
      vertex 22.215190 13.559322 0.000000
      vertex 27.278481 14.067797 0.000000
      vertex 27.278481 13.559322 0.000000
    endloop
  endfacet
  facet normal 0.000000 0.000000 -1.000000
    outer loop
      vertex 22.215190 13.559322 0.000000
      vertex 22.215190 14.067797 0.000000
      vertex 27.278481 14.067797 0.000000
    endloop
  endfacet
  facet normal 0.000000 0.000000 1.000000
    outer loop
      vertex 22.215190 13.559322 0.400000
      vertex 27.278481 13.559322 0.400000
      vertex 27.278481 14.067797 0.400000
    endloop
  endfacet
  facet normal 0.000000 0.000000 1.000000
    outer loop
      vertex 22.215190 13.559322 0.400000
      vertex 27.278481 14.067797 0.400000
      vertex 22.215190 14.067797 0.400000
    endloop
  endfacet
  facet normal 0.000000 -1.000000 0.000000
    outer loop
      vertex 22.215190 13.559322 0.000000
      vertex 27.278481 13.559322 0.000000
      vertex 27.278481 13.559322 0.400000
    endloop
  endfacet
  facet normal 0.000000 -1.000000 0.000000
    outer loop
      vertex 22.215190 13.559322 0.000000
      vertex 27.278481 13.559322 0.400000
      vertex 22.215190 13.559322 0.400000
    endloop
  endfacet
  facet normal 0.000000 1.000000 0.000000
    outer loop
      vertex 22.215190 14.067797 0.000000
      vertex 27.278481 14.067797 0.400000
      vertex 27.278481 14.067797 0.000000
    endloop
  endfacet
  facet normal 0.000000 1.000000 0.000000
    outer loop
      vertex 22.215190 14.067797 0.000000
      vertex 22.215190 14.067797 0.400000
      vertex 27.278481 14.067797 0.400000
    endloop
  endfacet
  facet normal -1.000000 0.000000 0.000000
    outer loop
      vertex 22.215190 13.559322 0.000000
      vertex 22.215190 13.559322 0.400000
      vertex 22.215190 14.067797 0.400000
    endloop
  endfacet
  facet normal -1.000000 0.000000 0.000000
    outer loop
      vertex 22.215190 13.559322 0.000000
      vertex 22.215190 14.067797 0.400000
      vertex 22.215190 14.067797 0.000000
    endloop
  endfacet
  facet normal 1.000000 0.000000 0.000000
    outer loop
      vertex 27.278481 13.559322 0.000000
      vertex 27.278481 14.067797 0.000000
      vertex 27.278481 14.067797 0.400000
    endloop
  endfacet
  facet normal 1.000000 0.000000 0.000000
    outer loop
      vertex 27.278481 13.559322 0.000000
      vertex 27.278481 14.067797 0.400000
      vertex 27.278481 13.559322 0.400000
    endloop
  endfacet
  facet normal 0.000000 0.000000 -1.000000
    outer loop
      vertex 31.835443 13.559322 0.000000
      vertex 35.379747 14.067797 0.000000
      vertex 35.379747 13.559322 0.000000
    endloop
  endfacet
  facet normal 0.000000 0.000000 -1.000000
    outer loop
      vertex 31.835443 13.559322 0.000000
      vertex 31.835443 14.067797 0.000000
      vertex 35.379747 14.067797 0.000000
    endloop
  endfacet
  facet normal 0.000000 0.000000 1.000000
    outer loop
      vertex 31.835443 13.559322 0.400000
      vertex 35.379747 13.559322 0.400000
      vertex 35.379747 14.067797 0.400000
    endloop
  endfacet
  facet normal 0.000000 0.000000 1.000000
    outer loop
      vertex 31.835443 13.559322 0.400000
      vertex 35.379747 14.067797 0.400000
      vertex 31.835443 14.067797 0.400000
    endloop
  endfacet
  facet normal 0.000000 -1.000000 0.000000
    outer loop
      vertex 31.835443 13.559322 0.000000
      vertex 35.379747 13.559322 0.000000
      vertex 35.379747 13.559322 0.400000
    endloop
  endfacet
  facet normal 0.000000 -1.000000 0.000000
    outer loop
      vertex 31.835443 13.559322 0.000000
      vertex 35.379747 13.559322 0.400000
      vertex 31.835443 13.559322 0.400000
    endloop
  endfacet
  facet normal 0.000000 1.000000 0.000000
    outer loop
      vertex 31.835443 14.067797 0.000000
      vertex 35.379747 14.067797 0.400000
      vertex 35.379747 14.067797 0.000000
    endloop
  endfacet
  facet normal 0.000000 1.000000 0.000000
    outer loop
      vertex 31.835443 14.067797 0.000000
      vertex 31.835443 14.067797 0.400000
      vertex 35.379747 14.067797 0.400000
    endloop
  endfacet
  facet normal -1.000000 0.000000 0.000000
    outer loop
      vertex 31.835443 13.559322 0.000000
      vertex 31.835443 13.559322 0.400000
      vertex 31.835443 14.067797 0.400000
    endloop
  endfacet
  facet normal -1.000000 0.000000 0.000000
    outer loop
      vertex 31.835443 13.559322 0.000000
      vertex 31.835443 14.067797 0.400000
      vertex 31.835443 14.067797 0.000000
    endloop
  endfacet
  facet normal 1.000000 0.000000 0.000000
    outer loop
      vertex 35.379747 13.559322 0.000000
      vertex 35.379747 14.067797 0.000000
      vertex 35.379747 14.067797 0.400000
    endloop
  endfacet
  facet normal 1.000000 0.000000 0.000000
    outer loop
      vertex 35.379747 13.559322 0.000000
      vertex 35.379747 14.067797 0.400000
      vertex 35.379747 13.559322 0.400000
    endloop
  endfacet
  facet normal 0.000000 0.000000 -1.000000
    outer loop
      vertex 42.468354 13.559322 0.000000
      vertex 45.000000 14.067797 0.000000
      vertex 45.000000 13.559322 0.000000
    endloop
  endfacet
  facet normal 0.000000 0.000000 -1.000000
    outer loop
      vertex 42.468354 13.559322 0.000000
      vertex 42.468354 14.067797 0.000000
      vertex 45.000000 14.067797 0.000000
    endloop
  endfacet
  facet normal 0.000000 0.000000 1.000000
    outer loop
      vertex 42.468354 13.559322 0.400000
      vertex 45.000000 13.559322 0.400000
      vertex 45.000000 14.067797 0.400000
    endloop
  endfacet
  facet normal 0.000000 0.000000 1.000000
    outer loop
      vertex 42.468354 13.559322 0.400000
      vertex 45.000000 14.067797 0.400000
      vertex 42.468354 14.067797 0.400000
    endloop
  endfacet
  facet normal 0.000000 -1.000000 0.000000
    outer loop
      vertex 42.468354 13.559322 0.000000
      vertex 45.000000 13.559322 0.000000
      vertex 45.000000 13.559322 0.400000
    endloop
  endfacet
  facet normal 0.000000 -1.000000 0.000000
    outer loop
      vertex 42.468354 13.559322 0.000000
      vertex 45.000000 13.559322 0.400000
      vertex 42.468354 13.559322 0.400000
    endloop
  endfacet
  facet normal 0.000000 1.000000 0.000000
    outer loop
      vertex 42.468354 14.067797 0.000000
      vertex 45.000000 14.067797 0.400000
      vertex 45.000000 14.067797 0.000000
    endloop
  endfacet
  facet normal 0.000000 1.000000 0.000000
    outer loop
      vertex 42.468354 14.067797 0.000000
      vertex 42.468354 14.067797 0.400000
      vertex 45.000000 14.067797 0.400000
    endloop
  endfacet
  facet normal -1.000000 0.000000 0.000000
    outer loop
      vertex 42.468354 13.559322 0.000000
      vertex 42.468354 13.559322 0.400000
      vertex 42.468354 14.067797 0.400000
    endloop
  endfacet
  facet normal -1.000000 0.000000 0.000000
    outer loop
      vertex 42.468354 13.559322 0.000000
      vertex 42.468354 14.067797 0.400000
      vertex 42.468354 14.067797 0.000000
    endloop
  endfacet
  facet normal 1.000000 0.000000 0.000000
    outer loop
      vertex 45.000000 13.559322 0.000000
      vertex 45.000000 14.067797 0.000000
      vertex 45.000000 14.067797 0.400000
    endloop
  endfacet
  facet normal 1.000000 0.000000 0.000000
    outer loop
      vertex 45.000000 13.559322 0.000000
      vertex 45.000000 14.067797 0.400000
      vertex 45.000000 13.559322 0.400000
    endloop
  endfacet
  facet normal 0.000000 0.000000 -1.000000
    outer loop
      vertex 5.000000 13.050847 0.000000
      vertex 7.531646 13.559322 0.000000
      vertex 7.531646 13.050847 0.000000
    endloop
  endfacet
  facet normal 0.000000 0.000000 -1.000000
    outer loop
      vertex 5.000000 13.050847 0.000000
      vertex 5.000000 13.559322 0.000000
      vertex 7.531646 13.559322 0.000000
    endloop
  endfacet
  facet normal 0.000000 0.000000 1.000000
    outer loop
      vertex 5.000000 13.050847 0.400000
      vertex 7.531646 13.050847 0.400000
      vertex 7.531646 13.559322 0.400000
    endloop
  endfacet
  facet normal 0.000000 0.000000 1.000000
    outer loop
      vertex 5.000000 13.050847 0.400000
      vertex 7.531646 13.559322 0.400000
      vertex 5.000000 13.559322 0.400000
    endloop
  endfacet
  facet normal 0.000000 -1.000000 0.000000
    outer loop
      vertex 5.000000 13.050847 0.000000
      vertex 7.531646 13.050847 0.000000
      vertex 7.531646 13.050847 0.400000
    endloop
  endfacet
  facet normal 0.000000 -1.000000 0.000000
    outer loop
      vertex 5.000000 13.050847 0.000000
      vertex 7.531646 13.050847 0.400000
      vertex 5.000000 13.050847 0.400000
    endloop
  endfacet
  facet normal 0.000000 1.000000 0.000000
    outer loop
      vertex 5.000000 13.559322 0.000000
      vertex 7.531646 13.559322 0.400000
      vertex 7.531646 13.559322 0.000000
    endloop
  endfacet
  facet normal 0.000000 1.000000 0.000000
    outer loop
      vertex 5.000000 13.559322 0.000000
      vertex 5.000000 13.559322 0.400000
      vertex 7.531646 13.559322 0.400000
    endloop
  endfacet
  facet normal -1.000000 0.000000 0.000000
    outer loop
      vertex 5.000000 13.050847 0.000000
      vertex 5.000000 13.050847 0.400000
      vertex 5.000000 13.559322 0.400000
    endloop
  endfacet
  facet normal -1.000000 0.000000 0.000000
    outer loop
      vertex 5.000000 13.050847 0.000000
      vertex 5.000000 13.559322 0.400000
      vertex 5.000000 13.559322 0.000000
    endloop
  endfacet
  facet normal 1.000000 0.000000 0.000000
    outer loop
      vertex 7.531646 13.050847 0.000000
      vertex 7.531646 13.559322 0.000000
      vertex 7.531646 13.559322 0.400000
    endloop
  endfacet
  facet normal 1.000000 0.000000 0.000000
    outer loop
      vertex 7.531646 13.050847 0.000000
      vertex 7.531646 13.559322 0.400000
      vertex 7.531646 13.050847 0.400000
    endloop
  endfacet
  facet normal 0.000000 0.000000 -1.000000
    outer loop
      vertex 10.063291 13.050847 0.000000
      vertex 11.075949 13.559322 0.000000
      vertex 11.075949 13.050847 0.000000
    endloop
  endfacet
  facet normal 0.000000 0.000000 -1.000000
    outer loop
      vertex 10.063291 13.050847 0.000000
      vertex 10.063291 13.559322 0.000000
      vertex 11.075949 13.559322 0.000000
    endloop
  endfacet
  facet normal 0.000000 0.000000 1.000000
    outer loop
      vertex 10.063291 13.050847 0.400000
      vertex 11.075949 13.050847 0.400000
      vertex 11.075949 13.559322 0.400000
    endloop
  endfacet
  facet normal 0.000000 0.000000 1.000000
    outer loop
      vertex 10.063291 13.050847 0.400000
      vertex 11.075949 13.559322 0.400000
      vertex 10.063291 13.559322 0.400000
    endloop
  endfacet
  facet normal 0.000000 -1.000000 0.000000
    outer loop
      vertex 10.063291 13.050847 0.000000
      vertex 11.075949 13.050847 0.000000
      vertex 11.075949 13.050847 0.400000
    endloop
  endfacet
  facet normal 0.000000 -1.000000 0.000000
    outer loop
      vertex 10.063291 13.050847 0.000000
      vertex 11.075949 13.050847 0.400000
      vertex 10.063291 13.050847 0.400000
    endloop
  endfacet
  facet normal 0.000000 1.000000 0.000000
    outer loop
      vertex 10.063291 13.559322 0.000000
      vertex 11.075949 13.559322 0.400000
      vertex 11.075949 13.559322 0.000000
    endloop
  endfacet
  facet normal 0.000000 1.000000 0.000000
    outer loop
      vertex 10.063291 13.559322 0.000000
      vertex 10.063291 13.559322 0.400000
      vertex 11.075949 13.559322 0.400000
    endloop
  endfacet
  facet normal -1.000000 0.000000 0.000000
    outer loop
      vertex 10.063291 13.050847 0.000000
      vertex 10.063291 13.050847 0.400000
      vertex 10.063291 13.559322 0.400000
    endloop
  endfacet
  facet normal -1.000000 0.000000 0.000000
    outer loop
      vertex 10.063291 13.050847 0.000000
      vertex 10.063291 13.559322 0.400000
      vertex 10.063291 13.559322 0.000000
    endloop
  endfacet
  facet normal 1.000000 0.000000 0.000000
    outer loop
      vertex 11.075949 13.050847 0.000000
      vertex 11.075949 13.559322 0.000000
      vertex 11.075949 13.559322 0.400000
    endloop
  endfacet
  facet normal 1.000000 0.000000 0.000000
    outer loop
      vertex 11.075949 13.050847 0.000000
      vertex 11.075949 13.559322 0.400000
      vertex 11.075949 13.050847 0.400000
    endloop
  endfacet
  facet normal 0.000000 0.000000 -1.000000
    outer loop
      vertex 13.607595 13.050847 0.000000
      vertex 18.670886 13.559322 0.000000
      vertex 18.670886 13.050847 0.000000
    endloop
  endfacet
  facet normal 0.000000 0.000000 -1.000000
    outer loop
      vertex 13.607595 13.050847 0.000000
      vertex 13.607595 13.559322 0.000000
      vertex 18.670886 13.559322 0.000000
    endloop
  endfacet
  facet normal 0.000000 0.000000 1.000000
    outer loop
      vertex 13.607595 13.050847 0.400000
      vertex 18.670886 13.050847 0.400000
      vertex 18.670886 13.559322 0.400000
    endloop
  endfacet
  facet normal 0.000000 0.000000 1.000000
    outer loop
      vertex 13.607595 13.050847 0.400000
      vertex 18.670886 13.559322 0.400000
      vertex 13.607595 13.559322 0.400000
    endloop
  endfacet
  facet normal 0.000000 -1.000000 0.000000
    outer loop
      vertex 13.607595 13.050847 0.000000
      vertex 18.670886 13.050847 0.000000
      vertex 18.670886 13.050847 0.400000
    endloop
  endfacet
  facet normal 0.000000 -1.000000 0.000000
    outer loop
      vertex 13.607595 13.050847 0.000000
      vertex 18.670886 13.050847 0.400000
      vertex 13.607595 13.050847 0.400000
    endloop
  endfacet
  facet normal 0.000000 1.000000 0.000000
    outer loop
      vertex 13.607595 13.559322 0.000000
      vertex 18.670886 13.559322 0.400000
      vertex 18.670886 13.559322 0.000000
    endloop
  endfacet
  facet normal 0.000000 1.000000 0.000000
    outer loop
      vertex 13.607595 13.559322 0.000000
      vertex 13.607595 13.559322 0.400000
      vertex 18.670886 13.559322 0.400000
    endloop
  endfacet
  facet normal -1.000000 0.000000 0.000000
    outer loop
      vertex 13.607595 13.050847 0.000000
      vertex 13.607595 13.050847 0.400000
      vertex 13.607595 13.559322 0.400000
    endloop
  endfacet
  facet normal -1.000000 0.000000 0.000000
    outer loop
      vertex 13.607595 13.050847 0.000000
      vertex 13.607595 13.559322 0.400000
      vertex 13.607595 13.559322 0.000000
    endloop
  endfacet
  facet normal 1.000000 0.000000 0.000000
    outer loop
      vertex 18.670886 13.050847 0.000000
      vertex 18.670886 13.559322 0.000000
      vertex 18.670886 13.559322 0.400000
    endloop
  endfacet
  facet normal 1.000000 0.000000 0.000000
    outer loop
      vertex 18.670886 13.050847 0.000000
      vertex 18.670886 13.559322 0.400000
      vertex 18.670886 13.050847 0.400000
    endloop
  endfacet
  facet normal 0.000000 0.000000 -1.000000
    outer loop
      vertex 21.708861 13.050847 0.000000
      vertex 28.291139 13.559322 0.000000
      vertex 28.291139 13.050847 0.000000
    endloop
  endfacet
  facet normal 0.000000 0.000000 -1.000000
    outer loop
      vertex 21.708861 13.050847 0.000000
      vertex 21.708861 13.559322 0.000000
      vertex 28.291139 13.559322 0.000000
    endloop
  endfacet
  facet normal 0.000000 0.000000 1.000000
    outer loop
      vertex 21.708861 13.050847 0.400000
      vertex 28.291139 13.050847 0.400000
      vertex 28.291139 13.559322 0.400000
    endloop
  endfacet
  facet normal 0.000000 0.000000 1.000000
    outer loop
      vertex 21.708861 13.050847 0.400000
      vertex 28.291139 13.559322 0.400000
      vertex 21.708861 13.559322 0.400000
    endloop
  endfacet
  facet normal 0.000000 -1.000000 0.000000
    outer loop
      vertex 21.708861 13.050847 0.000000
      vertex 28.291139 13.050847 0.000000
      vertex 28.291139 13.050847 0.400000
    endloop
  endfacet
  facet normal 0.000000 -1.000000 0.000000
    outer loop
      vertex 21.708861 13.050847 0.000000
      vertex 28.291139 13.050847 0.400000
      vertex 21.708861 13.050847 0.400000
    endloop
  endfacet
  facet normal 0.000000 1.000000 0.000000
    outer loop
      vertex 21.708861 13.559322 0.000000
      vertex 28.291139 13.559322 0.400000
      vertex 28.291139 13.559322 0.000000
    endloop
  endfacet
  facet normal 0.000000 1.000000 0.000000
    outer loop
      vertex 21.708861 13.559322 0.000000
      vertex 21.708861 13.559322 0.400000
      vertex 28.291139 13.559322 0.400000
    endloop
  endfacet
  facet normal -1.000000 0.000000 0.000000
    outer loop
      vertex 21.708861 13.050847 0.000000
      vertex 21.708861 13.050847 0.400000
      vertex 21.708861 13.559322 0.400000
    endloop
  endfacet
  facet normal -1.000000 0.000000 0.000000
    outer loop
      vertex 21.708861 13.050847 0.000000
      vertex 21.708861 13.559322 0.400000
      vertex 21.708861 13.559322 0.000000
    endloop
  endfacet
  facet normal 1.000000 0.000000 0.000000
    outer loop
      vertex 28.291139 13.050847 0.000000
      vertex 28.291139 13.559322 0.000000
      vertex 28.291139 13.559322 0.400000
    endloop
  endfacet
  facet normal 1.000000 0.000000 0.000000
    outer loop
      vertex 28.291139 13.050847 0.000000
      vertex 28.291139 13.559322 0.400000
      vertex 28.291139 13.050847 0.400000
    endloop
  endfacet
  facet normal 0.000000 0.000000 -1.000000
    outer loop
      vertex 31.329114 13.050847 0.000000
      vertex 35.379747 13.559322 0.000000
      vertex 35.379747 13.050847 0.000000
    endloop
  endfacet
  facet normal 0.000000 0.000000 -1.000000
    outer loop
      vertex 31.329114 13.050847 0.000000
      vertex 31.329114 13.559322 0.000000
      vertex 35.379747 13.559322 0.000000
    endloop
  endfacet
  facet normal 0.000000 0.000000 1.000000
    outer loop
      vertex 31.329114 13.050847 0.400000
      vertex 35.379747 13.050847 0.400000
      vertex 35.379747 13.559322 0.400000
    endloop
  endfacet
  facet normal 0.000000 0.000000 1.000000
    outer loop
      vertex 31.329114 13.050847 0.400000
      vertex 35.379747 13.559322 0.400000
      vertex 31.329114 13.559322 0.400000
    endloop
  endfacet
  facet normal 0.000000 -1.000000 0.000000
    outer loop
      vertex 31.329114 13.050847 0.000000
      vertex 35.379747 13.050847 0.000000
      vertex 35.379747 13.050847 0.400000
    endloop
  endfacet
  facet normal 0.000000 -1.000000 0.000000
    outer loop
      vertex 31.329114 13.050847 0.000000
      vertex 35.379747 13.050847 0.400000
      vertex 31.329114 13.050847 0.400000
    endloop
  endfacet
  facet normal 0.000000 1.000000 0.000000
    outer loop
      vertex 31.329114 13.559322 0.000000
      vertex 35.379747 13.559322 0.400000
      vertex 35.379747 13.559322 0.000000
    endloop
  endfacet
  facet normal 0.000000 1.000000 0.000000
    outer loop
      vertex 31.329114 13.559322 0.000000
      vertex 31.329114 13.559322 0.400000
      vertex 35.379747 13.559322 0.400000
    endloop
  endfacet
  facet normal -1.000000 0.000000 0.000000
    outer loop
      vertex 31.329114 13.050847 0.000000
      vertex 31.329114 13.050847 0.400000
      vertex 31.329114 13.559322 0.400000
    endloop
  endfacet
  facet normal -1.000000 0.000000 0.000000
    outer loop
      vertex 31.329114 13.050847 0.000000
      vertex 31.329114 13.559322 0.400000
      vertex 31.329114 13.559322 0.000000
    endloop
  endfacet
  facet normal 1.000000 0.000000 0.000000
    outer loop
      vertex 35.379747 13.050847 0.000000
      vertex 35.379747 13.559322 0.000000
      vertex 35.379747 13.559322 0.400000
    endloop
  endfacet
  facet normal 1.000000 0.000000 0.000000
    outer loop
      vertex 35.379747 13.050847 0.000000
      vertex 35.379747 13.559322 0.400000
      vertex 35.379747 13.050847 0.400000
    endloop
  endfacet
  facet normal 0.000000 0.000000 -1.000000
    outer loop
      vertex 42.468354 13.050847 0.000000
      vertex 45.000000 13.559322 0.000000
      vertex 45.000000 13.050847 0.000000
    endloop
  endfacet
  facet normal 0.000000 0.000000 -1.000000
    outer loop
      vertex 42.468354 13.050847 0.000000
      vertex 42.468354 13.559322 0.000000
      vertex 45.000000 13.559322 0.000000
    endloop
  endfacet
  facet normal 0.000000 0.000000 1.000000
    outer loop
      vertex 42.468354 13.050847 0.400000
      vertex 45.000000 13.050847 0.400000
      vertex 45.000000 13.559322 0.400000
    endloop
  endfacet
  facet normal 0.000000 0.000000 1.000000
    outer loop
      vertex 42.468354 13.050847 0.400000
      vertex 45.000000 13.559322 0.400000
      vertex 42.468354 13.559322 0.400000
    endloop
  endfacet
  facet normal 0.000000 -1.000000 0.000000
    outer loop
      vertex 42.468354 13.050847 0.000000
      vertex 45.000000 13.050847 0.000000
      vertex 45.000000 13.050847 0.400000
    endloop
  endfacet
  facet normal 0.000000 -1.000000 0.000000
    outer loop
      vertex 42.468354 13.050847 0.000000
      vertex 45.000000 13.050847 0.400000
      vertex 42.468354 13.050847 0.400000
    endloop
  endfacet
  facet normal 0.000000 1.000000 0.000000
    outer loop
      vertex 42.468354 13.559322 0.000000
      vertex 45.000000 13.559322 0.400000
      vertex 45.000000 13.559322 0.000000
    endloop
  endfacet
  facet normal 0.000000 1.000000 0.000000
    outer loop
      vertex 42.468354 13.559322 0.000000
      vertex 42.468354 13.559322 0.400000
      vertex 45.000000 13.559322 0.400000
    endloop
  endfacet
  facet normal -1.000000 0.000000 0.000000
    outer loop
      vertex 42.468354 13.050847 0.000000
      vertex 42.468354 13.050847 0.400000
      vertex 42.468354 13.559322 0.400000
    endloop
  endfacet
  facet normal -1.000000 0.000000 0.000000
    outer loop
      vertex 42.468354 13.050847 0.000000
      vertex 42.468354 13.559322 0.400000
      vertex 42.468354 13.559322 0.000000
    endloop
  endfacet
  facet normal 1.000000 0.000000 0.000000
    outer loop
      vertex 45.000000 13.050847 0.000000
      vertex 45.000000 13.559322 0.000000
      vertex 45.000000 13.559322 0.400000
    endloop
  endfacet
  facet normal 1.000000 0.000000 0.000000
    outer loop
      vertex 45.000000 13.050847 0.000000
      vertex 45.000000 13.559322 0.400000
      vertex 45.000000 13.050847 0.400000
    endloop
  endfacet
  facet normal 0.000000 0.000000 -1.000000
    outer loop
      vertex 5.000000 12.542373 0.000000
      vertex 45.000000 13.050847 0.000000
      vertex 45.000000 12.542373 0.000000
    endloop
  endfacet
  facet normal 0.000000 0.000000 -1.000000
    outer loop
      vertex 5.000000 12.542373 0.000000
      vertex 5.000000 13.050847 0.000000
      vertex 45.000000 13.050847 0.000000
    endloop
  endfacet
  facet normal 0.000000 0.000000 1.000000
    outer loop
      vertex 5.000000 12.542373 0.400000
      vertex 45.000000 12.542373 0.400000
      vertex 45.000000 13.050847 0.400000
    endloop
  endfacet
  facet normal 0.000000 0.000000 1.000000
    outer loop
      vertex 5.000000 12.542373 0.400000
      vertex 45.000000 13.050847 0.400000
      vertex 5.000000 13.050847 0.400000
    endloop
  endfacet
  facet normal 0.000000 -1.000000 0.000000
    outer loop
      vertex 5.000000 12.542373 0.000000
      vertex 45.000000 12.542373 0.000000
      vertex 45.000000 12.542373 0.400000
    endloop
  endfacet
  facet normal 0.000000 -1.000000 0.000000
    outer loop
      vertex 5.000000 12.542373 0.000000
      vertex 45.000000 12.542373 0.400000
      vertex 5.000000 12.542373 0.400000
    endloop
  endfacet
  facet normal 0.000000 1.000000 0.000000
    outer loop
      vertex 5.000000 13.050847 0.000000
      vertex 45.000000 13.050847 0.400000
      vertex 45.000000 13.050847 0.000000
    endloop
  endfacet
  facet normal 0.000000 1.000000 0.000000
    outer loop
      vertex 5.000000 13.050847 0.000000
      vertex 5.000000 13.050847 0.400000
      vertex 45.000000 13.050847 0.400000
    endloop
  endfacet
  facet normal -1.000000 0.000000 0.000000
    outer loop
      vertex 5.000000 12.542373 0.000000
      vertex 5.000000 12.542373 0.400000
      vertex 5.000000 13.050847 0.400000
    endloop
  endfacet
  facet normal -1.000000 0.000000 0.000000
    outer loop
      vertex 5.000000 12.542373 0.000000
      vertex 5.000000 13.050847 0.400000
      vertex 5.000000 13.050847 0.000000
    endloop
  endfacet
  facet normal 1.000000 0.000000 0.000000
    outer loop
      vertex 45.000000 12.542373 0.000000
      vertex 45.000000 13.050847 0.000000
      vertex 45.000000 13.050847 0.400000
    endloop
  endfacet
  facet normal 1.000000 0.000000 0.000000
    outer loop
      vertex 45.000000 12.542373 0.000000
      vertex 45.000000 13.050847 0.400000
      vertex 45.000000 12.542373 0.400000
    endloop
  endfacet
  facet normal 0.000000 0.000000 -1.000000
    outer loop
      vertex 5.000000 12.033898 0.000000
      vertex 45.000000 12.542373 0.000000
      vertex 45.000000 12.033898 0.000000
    endloop
  endfacet
  facet normal 0.000000 0.000000 -1.000000
    outer loop
      vertex 5.000000 12.033898 0.000000
      vertex 5.000000 12.542373 0.000000
      vertex 45.000000 12.542373 0.000000
    endloop
  endfacet
  facet normal 0.000000 0.000000 1.000000
    outer loop
      vertex 5.000000 12.033898 0.400000
      vertex 45.000000 12.033898 0.400000
      vertex 45.000000 12.542373 0.400000
    endloop
  endfacet
  facet normal 0.000000 0.000000 1.000000
    outer loop
      vertex 5.000000 12.033898 0.400000
      vertex 45.000000 12.542373 0.400000
      vertex 5.000000 12.542373 0.400000
    endloop
  endfacet
  facet normal 0.000000 -1.000000 0.000000
    outer loop
      vertex 5.000000 12.033898 0.000000
      vertex 45.000000 12.033898 0.000000
      vertex 45.000000 12.033898 0.400000
    endloop
  endfacet
  facet normal 0.000000 -1.000000 0.000000
    outer loop
      vertex 5.000000 12.033898 0.000000
      vertex 45.000000 12.033898 0.400000
      vertex 5.000000 12.033898 0.400000
    endloop
  endfacet
  facet normal 0.000000 1.000000 0.000000
    outer loop
      vertex 5.000000 12.542373 0.000000
      vertex 45.000000 12.542373 0.400000
      vertex 45.000000 12.542373 0.000000
    endloop
  endfacet
  facet normal 0.000000 1.000000 0.000000
    outer loop
      vertex 5.000000 12.542373 0.000000
      vertex 5.000000 12.542373 0.400000
      vertex 45.000000 12.542373 0.400000
    endloop
  endfacet
  facet normal -1.000000 0.000000 0.000000
    outer loop
      vertex 5.000000 12.033898 0.000000
      vertex 5.000000 12.033898 0.400000
      vertex 5.000000 12.542373 0.400000
    endloop
  endfacet
  facet normal -1.000000 0.000000 0.000000
    outer loop
      vertex 5.000000 12.033898 0.000000
      vertex 5.000000 12.542373 0.400000
      vertex 5.000000 12.542373 0.000000
    endloop
  endfacet
  facet normal 1.000000 0.000000 0.000000
    outer loop
      vertex 45.000000 12.033898 0.000000
      vertex 45.000000 12.542373 0.000000
      vertex 45.000000 12.542373 0.400000
    endloop
  endfacet
  facet normal 1.000000 0.000000 0.000000
    outer loop
      vertex 45.000000 12.033898 0.000000
      vertex 45.000000 12.542373 0.400000
      vertex 45.000000 12.033898 0.400000
    endloop
  endfacet
  facet normal 0.000000 0.000000 -1.000000
    outer loop
      vertex 5.000000 11.525424 0.000000
      vertex 45.000000 12.033898 0.000000
      vertex 45.000000 11.525424 0.000000
    endloop
  endfacet
  facet normal 0.000000 0.000000 -1.000000
    outer loop
      vertex 5.000000 11.525424 0.000000
      vertex 5.000000 12.033898 0.000000
      vertex 45.000000 12.033898 0.000000
    endloop
  endfacet
  facet normal 0.000000 0.000000 1.000000
    outer loop
      vertex 5.000000 11.525424 0.400000
      vertex 45.000000 11.525424 0.400000
      vertex 45.000000 12.033898 0.400000
    endloop
  endfacet
  facet normal 0.000000 0.000000 1.000000
    outer loop
      vertex 5.000000 11.525424 0.400000
      vertex 45.000000 12.033898 0.400000
      vertex 5.000000 12.033898 0.400000
    endloop
  endfacet
  facet normal 0.000000 -1.000000 0.000000
    outer loop
      vertex 5.000000 11.525424 0.000000
      vertex 45.000000 11.525424 0.000000
      vertex 45.000000 11.525424 0.400000
    endloop
  endfacet
  facet normal 0.000000 -1.000000 0.000000
    outer loop
      vertex 5.000000 11.525424 0.000000
      vertex 45.000000 11.525424 0.400000
      vertex 5.000000 11.525424 0.400000
    endloop
  endfacet
  facet normal 0.000000 1.000000 0.000000
    outer loop
      vertex 5.000000 12.033898 0.000000
      vertex 45.000000 12.033898 0.400000
      vertex 45.000000 12.033898 0.000000
    endloop
  endfacet
  facet normal 0.000000 1.000000 0.000000
    outer loop
      vertex 5.000000 12.033898 0.000000
      vertex 5.000000 12.033898 0.400000
      vertex 45.000000 12.033898 0.400000
    endloop
  endfacet
  facet normal -1.000000 0.000000 0.000000
    outer loop
      vertex 5.000000 11.525424 0.000000
      vertex 5.000000 11.525424 0.400000
      vertex 5.000000 12.033898 0.400000
    endloop
  endfacet
  facet normal -1.000000 0.000000 0.000000
    outer loop
      vertex 5.000000 11.525424 0.000000
      vertex 5.000000 12.033898 0.400000
      vertex 5.000000 12.033898 0.000000
    endloop
  endfacet
  facet normal 1.000000 0.000000 0.000000
    outer loop
      vertex 45.000000 11.525424 0.000000
      vertex 45.000000 12.033898 0.000000
      vertex 45.000000 12.033898 0.400000
    endloop
  endfacet
  facet normal 1.000000 0.000000 0.000000
    outer loop
      vertex 45.000000 11.525424 0.000000
      vertex 45.000000 12.033898 0.400000
      vertex 45.000000 11.525424 0.400000
    endloop
  endfacet
  facet normal 0.000000 0.000000 -1.000000
    outer loop
      vertex 5.000000 11.016949 0.000000
      vertex 45.000000 11.525424 0.000000
      vertex 45.000000 11.016949 0.000000
    endloop
  endfacet
  facet normal 0.000000 0.000000 -1.000000
    outer loop
      vertex 5.000000 11.016949 0.000000
      vertex 5.000000 11.525424 0.000000
      vertex 45.000000 11.525424 0.000000
    endloop
  endfacet
  facet normal 0.000000 0.000000 1.000000
    outer loop
      vertex 5.000000 11.016949 0.400000
      vertex 45.000000 11.016949 0.400000
      vertex 45.000000 11.525424 0.400000
    endloop
  endfacet
  facet normal 0.000000 0.000000 1.000000
    outer loop
      vertex 5.000000 11.016949 0.400000
      vertex 45.000000 11.525424 0.400000
      vertex 5.000000 11.525424 0.400000
    endloop
  endfacet
  facet normal 0.000000 -1.000000 0.000000
    outer loop
      vertex 5.000000 11.016949 0.000000
      vertex 45.000000 11.016949 0.000000
      vertex 45.000000 11.016949 0.400000
    endloop
  endfacet
  facet normal 0.000000 -1.000000 0.000000
    outer loop
      vertex 5.000000 11.016949 0.000000
      vertex 45.000000 11.016949 0.400000
      vertex 5.000000 11.016949 0.400000
    endloop
  endfacet
  facet normal 0.000000 1.000000 0.000000
    outer loop
      vertex 5.000000 11.525424 0.000000
      vertex 45.000000 11.525424 0.400000
      vertex 45.000000 11.525424 0.000000
    endloop
  endfacet
  facet normal 0.000000 1.000000 0.000000
    outer loop
      vertex 5.000000 11.525424 0.000000
      vertex 5.000000 11.525424 0.400000
      vertex 45.000000 11.525424 0.400000
    endloop
  endfacet
  facet normal -1.000000 0.000000 0.000000
    outer loop
      vertex 5.000000 11.016949 0.000000
      vertex 5.000000 11.016949 0.400000
      vertex 5.000000 11.525424 0.400000
    endloop
  endfacet
  facet normal -1.000000 0.000000 0.000000
    outer loop
      vertex 5.000000 11.016949 0.000000
      vertex 5.000000 11.525424 0.400000
      vertex 5.000000 11.525424 0.000000
    endloop
  endfacet
  facet normal 1.000000 0.000000 0.000000
    outer loop
      vertex 45.000000 11.016949 0.000000
      vertex 45.000000 11.525424 0.000000
      vertex 45.000000 11.525424 0.400000
    endloop
  endfacet
  facet normal 1.000000 0.000000 0.000000
    outer loop
      vertex 45.000000 11.016949 0.000000
      vertex 45.000000 11.525424 0.400000
      vertex 45.000000 11.016949 0.400000
    endloop
  endfacet
  facet normal 0.000000 0.000000 -1.000000
    outer loop
      vertex 5.000000 10.508475 0.000000
      vertex 45.000000 11.016949 0.000000
      vertex 45.000000 10.508475 0.000000
    endloop
  endfacet
  facet normal 0.000000 0.000000 -1.000000
    outer loop
      vertex 5.000000 10.508475 0.000000
      vertex 5.000000 11.016949 0.000000
      vertex 45.000000 11.016949 0.000000
    endloop
  endfacet
  facet normal 0.000000 0.000000 1.000000
    outer loop
      vertex 5.000000 10.508475 0.400000
      vertex 45.000000 10.508475 0.400000
      vertex 45.000000 11.016949 0.400000
    endloop
  endfacet
  facet normal 0.000000 0.000000 1.000000
    outer loop
      vertex 5.000000 10.508475 0.400000
      vertex 45.000000 11.016949 0.400000
      vertex 5.000000 11.016949 0.400000
    endloop
  endfacet
  facet normal 0.000000 -1.000000 0.000000
    outer loop
      vertex 5.000000 10.508475 0.000000
      vertex 45.000000 10.508475 0.000000
      vertex 45.000000 10.508475 0.400000
    endloop
  endfacet
  facet normal 0.000000 -1.000000 0.000000
    outer loop
      vertex 5.000000 10.508475 0.000000
      vertex 45.000000 10.508475 0.400000
      vertex 5.000000 10.508475 0.400000
    endloop
  endfacet
  facet normal 0.000000 1.000000 0.000000
    outer loop
      vertex 5.000000 11.016949 0.000000
      vertex 45.000000 11.016949 0.400000
      vertex 45.000000 11.016949 0.000000
    endloop
  endfacet
  facet normal 0.000000 1.000000 0.000000
    outer loop
      vertex 5.000000 11.016949 0.000000
      vertex 5.000000 11.016949 0.400000
      vertex 45.000000 11.016949 0.400000
    endloop
  endfacet
  facet normal -1.000000 0.000000 0.000000
    outer loop
      vertex 5.000000 10.508475 0.000000
      vertex 5.000000 10.508475 0.400000
      vertex 5.000000 11.016949 0.400000
    endloop
  endfacet
  facet normal -1.000000 0.000000 0.000000
    outer loop
      vertex 5.000000 10.508475 0.000000
      vertex 5.000000 11.016949 0.400000
      vertex 5.000000 11.016949 0.000000
    endloop
  endfacet
  facet normal 1.000000 0.000000 0.000000
    outer loop
      vertex 45.000000 10.508475 0.000000
      vertex 45.000000 11.016949 0.000000
      vertex 45.000000 11.016949 0.400000
    endloop
  endfacet
  facet normal 1.000000 0.000000 0.000000
    outer loop
      vertex 45.000000 10.508475 0.000000
      vertex 45.000000 11.016949 0.400000
      vertex 45.000000 10.508475 0.400000
    endloop
  endfacet
  facet normal 0.000000 0.000000 -1.000000
    outer loop
      vertex 5.000000 10.000000 0.000000
      vertex 45.000000 10.508475 0.000000
      vertex 45.000000 10.000000 0.000000
    endloop
  endfacet
  facet normal 0.000000 0.000000 -1.000000
    outer loop
      vertex 5.000000 10.000000 0.000000
      vertex 5.000000 10.508475 0.000000
      vertex 45.000000 10.508475 0.000000
    endloop
  endfacet
  facet normal 0.000000 0.000000 1.000000
    outer loop
      vertex 5.000000 10.000000 0.400000
      vertex 45.000000 10.000000 0.400000
      vertex 45.000000 10.508475 0.400000
    endloop
  endfacet
  facet normal 0.000000 0.000000 1.000000
    outer loop
      vertex 5.000000 10.000000 0.400000
      vertex 45.000000 10.508475 0.400000
      vertex 5.000000 10.508475 0.400000
    endloop
  endfacet
  facet normal 0.000000 -1.000000 0.000000
    outer loop
      vertex 5.000000 10.000000 0.000000
      vertex 45.000000 10.000000 0.000000
      vertex 45.000000 10.000000 0.400000
    endloop
  endfacet
  facet normal 0.000000 -1.000000 0.000000
    outer loop
      vertex 5.000000 10.000000 0.000000
      vertex 45.000000 10.000000 0.400000
      vertex 5.000000 10.000000 0.400000
    endloop
  endfacet
  facet normal 0.000000 1.000000 0.000000
    outer loop
      vertex 5.000000 10.508475 0.000000
      vertex 45.000000 10.508475 0.400000
      vertex 45.000000 10.508475 0.000000
    endloop
  endfacet
  facet normal 0.000000 1.000000 0.000000
    outer loop
      vertex 5.000000 10.508475 0.000000
      vertex 5.000000 10.508475 0.400000
      vertex 45.000000 10.508475 0.400000
    endloop
  endfacet
  facet normal -1.000000 0.000000 0.000000
    outer loop
      vertex 5.000000 10.000000 0.000000
      vertex 5.000000 10.000000 0.400000
      vertex 5.000000 10.508475 0.400000
    endloop
  endfacet
  facet normal -1.000000 0.000000 0.000000
    outer loop
      vertex 5.000000 10.000000 0.000000
      vertex 5.000000 10.508475 0.400000
      vertex 5.000000 10.508475 0.000000
    endloop
  endfacet
  facet normal 1.000000 0.000000 0.000000
    outer loop
      vertex 45.000000 10.000000 0.000000
      vertex 45.000000 10.508475 0.000000
      vertex 45.000000 10.508475 0.400000
    endloop
  endfacet
  facet normal 1.000000 0.000000 0.000000
    outer loop
      vertex 45.000000 10.000000 0.000000
      vertex 45.000000 10.508475 0.400000
      vertex 45.000000 10.000000 0.400000
    endloop
  endfacet
endsolid fv_apriltag_plate_id024_base
